TIMESTAMP;ACTIVITY;ANOMALY
10-14-2009 14:15;0;0
10-14-2009 14:16;454;0
10-14-2009 14:17;82;0
10-14-2009 14:18;116;0
10-14-2009 14:19;125;0
10-14-2009 14:20;130;0
10-14-2009 14:21;862;0
10-14-2009 14:22;1384;1
10-14-2009 14:23;809;0
10-14-2009 14:24;809;0
10-14-2009 14:25;712;0
10-14-2009 14:26;890;0
10-14-2009 14:27;1010;0
10-14-2009 14:28;862;0
10-14-2009 14:29;1182;1
10-14-2009 14:30;835;0
10-14-2009 14:31;712;0
10-14-2009 14:32;978;0
10-14-2009 14:33;533;0
10-14-2009 14:34;646;0
10-14-2009 14:35;500;0
10-14-2009 14:36;646;0
10-14-2009 14:37;890;0
10-14-2009 14:38;500;0
10-14-2009 14:39;667;0
10-14-2009 14:40;862;0
10-14-2009 14:41;646;0
10-14-2009 14:42;587;0
10-14-2009 14:43;1384;1
10-14-2009 14:44;646;0
10-14-2009 14:45;948;0
10-14-2009 14:46;398;0
10-14-2009 14:47;212;0
10-14-2009 14:48;143;0
10-14-2009 14:49;259;0
10-14-2009 14:50;227;0
10-14-2009 14:51;94;0
10-14-2009 14:52;111;0
10-14-2009 14:53;439;0
10-14-2009 14:54;1076;1
10-14-2009 14:55;1042;1
10-14-2009 14:56;1221;1
10-14-2009 14:57;1146;1
10-14-2009 14:58;1428;1
10-14-2009 14:59;809;0
10-14-2009 15:00;517;0
10-14-2009 15:01;235;0
10-14-2009 15:02;517;0
10-14-2009 15:03;235;0
10-14-2009 15:04;139;0
10-14-2009 15:05;67;0
10-14-2009 15:06;373;0
10-14-2009 15:07;783;0
10-14-2009 15:08;734;0
10-14-2009 15:09;626;0
10-14-2009 15:10;1042;1
10-14-2009 15:11;948;0
10-14-2009 15:12;734;0
10-14-2009 15:13;835;0
10-14-2009 15:14;1474;1
10-14-2009 15:15;1428;1
10-14-2009 15:16;568;0
10-14-2009 15:17;606;0
10-14-2009 15:18;835;0
10-14-2009 15:19;425;0
10-14-2009 15:20;712;0
10-14-2009 15:21;689;0
10-14-2009 15:22;454;0
10-14-2009 15:23;116;0
10-14-2009 15:24;139;0
10-14-2009 15:25;76;0
10-14-2009 15:26;204;0
10-14-2009 15:27;0;0
10-14-2009 15:28;0;0
10-14-2009 15:29;197;0
10-14-2009 15:30;18;0
10-14-2009 15:31;98;0
10-14-2009 15:32;349;0
10-14-2009 15:33;835;0
10-14-2009 15:34;862;0
10-14-2009 15:35;835;0
10-14-2009 15:36;425;0
10-14-2009 15:37;317;0
10-14-2009 15:38;712;0
10-14-2009 15:39;734;0
10-14-2009 15:40;978;0
10-14-2009 15:41;568;0
10-14-2009 15:42;809;0
10-14-2009 15:43;890;0
10-14-2009 15:44;568;0
10-14-2009 15:45;587;0
10-14-2009 15:46;759;0
10-14-2009 15:47;734;0
10-14-2009 15:48;835;0
10-14-2009 15:49;667;0
10-14-2009 15:50;759;0
10-14-2009 15:51;550;0
10-14-2009 15:52;500;0
10-14-2009 15:53;1474;1
10-14-2009 15:54;1300;1
10-14-2009 15:55;1111;1
10-14-2009 15:56;1521;1
10-14-2009 15:57;1341;1
10-14-2009 15:58;568;0
10-14-2009 15:59;862;0
10-14-2009 16:00;533;0
10-14-2009 16:01;517;0
10-14-2009 16:02;286;0
10-14-2009 16:03;373;0
10-14-2009 16:04;338;0
10-14-2009 16:05;349;0
10-14-2009 16:06;235;0
10-14-2009 16:07;250;0
10-14-2009 16:08;349;0
10-14-2009 16:09;296;0
10-14-2009 16:10;587;0
10-14-2009 16:11;268;0
10-14-2009 16:12;734;0
10-14-2009 16:13;835;0
10-14-2009 16:14;689;0
10-14-2009 16:15;809;0
10-14-2009 16:16;1042;1
10-14-2009 16:17;919;0
10-14-2009 16:18;689;0
10-14-2009 16:19;783;0
10-14-2009 16:20;386;0
10-14-2009 16:21;190;0
10-14-2009 16:22;116;0
10-14-2009 16:23;349;0
10-14-2009 16:24;58;0
10-14-2009 16:25;9;0
10-14-2009 16:26;0;0
10-14-2009 16:27;88;0
10-14-2009 16:28;32;0
10-14-2009 16:29;0;0
10-14-2009 16:30;373;0
10-14-2009 16:31;689;0
10-14-2009 16:32;1260;1
10-14-2009 16:33;1620;1
10-14-2009 16:34;1620;1
10-14-2009 16:35;1300;1
10-14-2009 16:36;809;0
10-14-2009 16:37;978;0
10-14-2009 16:38;835;0
10-14-2009 16:39;550;0
10-14-2009 16:40;190;0
10-14-2009 16:41;73;0
10-14-2009 16:42;219;0
10-14-2009 16:43;98;0
10-14-2009 16:44;286;0
10-14-2009 16:45;235;0
10-14-2009 16:46;134;0
10-14-2009 16:47;67;0
10-14-2009 16:48;1111;1
10-14-2009 16:49;862;0
10-14-2009 16:50;667;0
10-14-2009 16:51;689;0
10-14-2009 16:52;398;0
10-14-2009 16:53;160;0
10-14-2009 16:54;143;0
10-14-2009 16:55;94;0
10-14-2009 16:56;184;0
10-14-2009 16:57;9;0
10-14-2009 16:58;111;0
10-14-2009 16:59;20;0
10-14-2009 17:00;12;0
10-14-2009 17:01;0;0
10-14-2009 17:02;9;0
10-14-2009 17:03;3;0
10-14-2009 17:04;15;0
10-14-2009 17:05;3;0
10-14-2009 17:06;17;0
10-14-2009 17:07;11;0
10-14-2009 17:08;30;0
10-14-2009 17:09;32;0
10-14-2009 17:10;197;0
10-14-2009 17:11;67;0
10-14-2009 17:12;55;0
10-14-2009 17:13;24;0
10-14-2009 17:14;0;0
10-14-2009 17:15;9;0
10-14-2009 17:16;0;0
10-14-2009 17:17;328;0
10-14-2009 17:18;49;0
10-14-2009 17:19;41;0
10-14-2009 17:20;35;0
10-14-2009 17:21;8;0
10-14-2009 17:22;8;0
10-14-2009 17:23;178;0
10-14-2009 17:24;58;0
10-14-2009 17:25;3;0
10-14-2009 17:26;0;0
10-14-2009 17:27;3;0
10-14-2009 17:28;0;0
10-14-2009 17:29;0;0
10-14-2009 17:30;268;0
10-14-2009 17:31;139;0
10-14-2009 17:32;41;0
10-14-2009 17:33;32;0
10-14-2009 17:34;0;0
10-14-2009 17:35;3;0
10-14-2009 17:36;15;0
10-14-2009 17:37;0;0
10-14-2009 17:38;6;0
10-14-2009 17:39;268;0
10-14-2009 17:40;349;0
10-14-2009 17:41;172;0
10-14-2009 17:42;154;0
10-14-2009 17:43;862;0
10-14-2009 17:44;759;0
10-14-2009 17:45;24;0
10-14-2009 17:46;3;0
10-14-2009 17:47;0;0
10-14-2009 17:48;58;0
10-14-2009 17:49;373;0
10-14-2009 17:50;626;0
10-14-2009 17:51;587;0
10-14-2009 17:52;568;0
10-14-2009 17:53;783;0
10-14-2009 17:54;439;0
10-14-2009 17:55;296;0
10-14-2009 17:56;85;0
10-14-2009 17:57;29;0
10-14-2009 17:58;61;0
10-14-2009 17:59;0;0
10-14-2009 18:00;0;0
10-14-2009 18:01;0;0
10-14-2009 18:02;0;0
10-14-2009 18:03;0;0
10-14-2009 18:04;0;0
10-14-2009 18:05;0;0
10-14-2009 18:06;134;0
10-14-2009 18:07;0;0
10-14-2009 18:08;0;0
10-14-2009 18:09;73;0
10-14-2009 18:10;40;0
10-14-2009 18:11;94;0
10-14-2009 18:12;91;0
10-14-2009 18:13;40;0
10-14-2009 18:14;52;0
10-14-2009 18:15;0;0
10-14-2009 18:16;0;0
10-14-2009 18:17;134;0
10-14-2009 18:18;61;0
10-14-2009 18:19;134;0
10-14-2009 18:20;79;0
10-14-2009 18:21;12;0
10-14-2009 18:22;64;0
10-14-2009 18:23;166;0
10-14-2009 18:24;94;0
10-14-2009 18:25;0;0
10-14-2009 18:26;15;0
10-14-2009 18:27;79;0
10-14-2009 18:28;306;0
10-14-2009 18:29;178;0
10-14-2009 18:30;18;0
10-14-2009 18:31;0;0
10-14-2009 18:32;24;0
10-14-2009 18:33;125;0
10-14-2009 18:34;64;0
10-14-2009 18:35;24;0
10-14-2009 18:36;349;0
10-14-2009 18:37;94;0
10-14-2009 18:38;0;0
10-14-2009 18:39;3;0
10-14-2009 18:40;102;0
10-14-2009 18:41;0;0
10-14-2009 18:42;27;0
10-14-2009 18:43;11;0
10-14-2009 18:44;70;0
10-14-2009 18:45;40;0
10-14-2009 18:46;85;0
10-14-2009 18:47;197;0
10-14-2009 18:48;398;0
10-14-2009 18:49;227;0
10-14-2009 18:50;361;0
10-14-2009 18:51;373;0
10-14-2009 18:52;47;0
10-14-2009 18:53;373;0
10-14-2009 18:54;454;0
10-14-2009 18:55;0;0
10-14-2009 18:56;0;0
10-14-2009 18:57;32;0
10-14-2009 18:58;34;0
10-14-2009 18:59;102;0
10-14-2009 19:00;91;0
10-14-2009 19:01;70;0
10-14-2009 19:02;296;0
10-14-2009 19:03;58;0
10-14-2009 19:04;0;0
10-14-2009 19:05;111;0
10-14-2009 19:06;107;0
10-14-2009 19:07;0;0
10-14-2009 19:08;0;0
10-14-2009 19:09;0;0
10-14-2009 19:10;0;0
10-14-2009 19:11;21;0
10-14-2009 19:12;0;0
10-14-2009 19:13;0;0
10-14-2009 19:14;550;0
10-14-2009 19:15;160;0
10-14-2009 19:16;689;0
10-14-2009 19:17;890;0
10-14-2009 19:18;1111;1
10-14-2009 19:19;1894;1
10-14-2009 19:20;1384;1
10-14-2009 19:21;485;0
10-14-2009 19:22;259;0
10-14-2009 19:23;85;0
10-14-2009 19:24;116;0
10-14-2009 19:25;102;0
10-14-2009 19:26;204;0
10-14-2009 19:27;259;0
10-14-2009 19:28;978;0
10-14-2009 19:29;587;0
10-14-2009 19:30;411;0
10-14-2009 19:31;809;0
10-14-2009 19:32;783;0
10-14-2009 19:33;259;0
10-14-2009 19:34;626;0
10-14-2009 19:35;277;0
10-14-2009 19:36;469;0
10-14-2009 19:37;568;0
10-14-2009 19:38;809;0
10-14-2009 19:39;454;0
10-14-2009 19:40;373;0
10-14-2009 19:41;667;0
10-14-2009 19:42;606;0
10-14-2009 19:43;606;0
10-14-2009 19:44;919;0
10-14-2009 19:45;533;0
10-14-2009 19:46;646;0
10-14-2009 19:47;517;0
10-14-2009 19:48;948;0
10-14-2009 19:49;890;0
10-14-2009 19:50;398;0
10-14-2009 19:51;386;0
10-14-2009 19:52;500;0
10-14-2009 19:53;469;0
10-14-2009 19:54;606;0
10-14-2009 19:55;469;0
10-14-2009 19:56;411;0
10-14-2009 19:57;398;0
10-14-2009 19:58;500;0
10-14-2009 19:59;373;0
10-14-2009 20:00;500;0
10-14-2009 20:01;469;0
10-14-2009 20:02;411;0
10-14-2009 20:03;411;0
10-14-2009 20:04;411;0
10-14-2009 20:05;411;0
10-14-2009 20:06;439;0
10-14-2009 20:07;386;0
10-14-2009 20:08;386;0
10-14-2009 20:09;439;0
10-14-2009 20:10;469;0
10-14-2009 20:11;411;0
10-14-2009 20:12;398;0
10-14-2009 20:13;373;0
10-14-2009 20:14;425;0
10-14-2009 20:15;386;0
10-14-2009 20:16;411;0
10-14-2009 20:17;349;0
10-14-2009 20:18;439;0
10-14-2009 20:19;485;0
10-14-2009 20:20;550;0
10-14-2009 20:21;425;0
10-14-2009 20:22;425;0
10-14-2009 20:23;398;0
10-14-2009 20:24;411;0
10-14-2009 20:25;439;0
10-14-2009 20:26;1076;1
10-14-2009 20:27;1042;1
10-14-2009 20:28;439;0
10-14-2009 20:29;469;0
10-14-2009 20:30;500;0
10-14-2009 20:31;500;0
10-14-2009 20:32;517;0
10-14-2009 20:33;469;0
10-14-2009 20:34;373;0
10-14-2009 20:35;568;0
10-14-2009 20:36;425;0
10-14-2009 20:37;533;0
10-14-2009 20:38;386;0
10-14-2009 20:39;425;0
10-14-2009 20:40;500;0
10-14-2009 20:41;411;0
10-14-2009 20:42;454;0
10-14-2009 20:43;328;0
10-14-2009 20:44;116;0
10-14-2009 20:45;296;0
10-14-2009 20:46;11;0
10-14-2009 20:47;88;0
10-14-2009 20:48;454;0
10-14-2009 20:49;361;0
10-14-2009 20:50;568;0
10-14-2009 20:51;219;0
10-14-2009 20:52;172;0
10-14-2009 20:53;296;0
10-14-2009 20:54;143;0
10-14-2009 20:55;277;0
10-14-2009 20:56;550;0
10-14-2009 20:57;919;0
10-14-2009 20:58;919;0
10-14-2009 20:59;646;0
10-14-2009 21:00;204;0
10-14-2009 21:01;550;0
10-14-2009 21:02;809;0
10-14-2009 21:03;862;0
10-14-2009 21:04;1221;1
10-14-2009 21:05;1570;1
10-14-2009 21:06;1341;1
10-14-2009 21:07;1672;1
10-14-2009 21:08;1620;1
10-14-2009 21:09;1111;1
10-14-2009 21:10;1182;1
10-14-2009 21:11;1521;1
10-14-2009 21:12;1428;1
10-14-2009 21:13;1182;1
10-14-2009 21:14;1076;1
10-14-2009 21:15;1010;0
10-14-2009 21:16;978;0
10-14-2009 21:17;978;0
10-14-2009 21:18;759;0
10-14-2009 21:19;517;0
10-14-2009 21:20;712;0
10-14-2009 21:21;689;0
10-14-2009 21:22;712;0
10-14-2009 21:23;439;0
10-14-2009 21:24;411;0
10-14-2009 21:25;398;0
10-14-2009 21:26;235;0
10-14-2009 21:27;219;0
10-14-2009 21:28;116;0
10-14-2009 21:29;143;0
10-14-2009 21:30;242;0
10-14-2009 21:31;204;0
10-14-2009 21:32;197;0
10-14-2009 21:33;500;0
10-14-2009 21:34;1042;1
10-14-2009 21:35;277;0
10-14-2009 21:36;212;0
10-14-2009 21:37;64;0
10-14-2009 21:38;306;0
10-14-2009 21:39;689;0
10-14-2009 21:40;148;0
10-14-2009 21:41;349;0
10-14-2009 21:42;328;0
10-14-2009 21:43;689;0
10-14-2009 21:44;361;0
10-14-2009 21:45;712;0
10-14-2009 21:46;212;0
10-14-2009 21:47;454;0
10-14-2009 21:48;306;0
10-14-2009 21:49;35;0
10-14-2009 21:50;40;0
10-14-2009 21:51;47;0
10-14-2009 21:52;204;0
10-14-2009 21:53;3;0
10-14-2009 21:54;3;0
10-14-2009 21:55;38;0
10-14-2009 21:56;111;0
10-14-2009 21:57;73;0
10-14-2009 21:58;0;0
10-14-2009 21:59;172;0
10-14-2009 22:00;116;0
10-14-2009 22:01;0;0
10-14-2009 22:02;0;0
10-14-2009 22:03;160;0
10-14-2009 22:04;148;0
10-14-2009 22:05;219;0
10-14-2009 22:06;143;0
10-14-2009 22:07;0;0
10-14-2009 22:08;61;0
10-14-2009 22:09;49;0
10-14-2009 22:10;41;0
10-14-2009 22:11;398;0
10-14-2009 22:12;398;0
10-14-2009 22:13;52;0
10-14-2009 22:14;24;0
10-14-2009 22:15;44;0
10-14-2009 22:16;55;0
10-14-2009 22:17;58;0
10-14-2009 22:18;73;0
10-14-2009 22:19;91;0
10-14-2009 22:20;49;0
10-14-2009 22:21;88;0
10-14-2009 22:22;67;0
10-14-2009 22:23;296;0
10-14-2009 22:24;809;0
10-14-2009 22:25;1182;1
10-14-2009 22:26;1182;1
10-14-2009 22:27;1182;1
10-14-2009 22:28;667;0
10-14-2009 22:29;349;0
10-14-2009 22:30;94;0
10-14-2009 22:31;79;0
10-14-2009 22:32;82;0
10-14-2009 22:33;197;0
10-14-2009 22:34;386;0
10-14-2009 22:35;890;0
10-14-2009 22:36;190;0
10-14-2009 22:37;411;0
10-14-2009 22:38;0;0
10-14-2009 22:39;61;0
10-14-2009 22:40;197;0
10-14-2009 22:41;0;0
10-14-2009 22:42;125;0
10-14-2009 22:43;190;0
10-14-2009 22:44;439;0
10-14-2009 22:45;809;0
10-14-2009 22:46;626;0
10-14-2009 22:47;626;0
10-14-2009 22:48;1146;1
10-14-2009 22:49;919;0
10-14-2009 22:50;862;0
10-14-2009 22:51;227;0
10-14-2009 22:52;689;0
10-14-2009 22:53;328;0
10-14-2009 22:54;646;0
10-14-2009 22:55;568;0
10-14-2009 22:56;626;0
10-14-2009 22:57;587;0
10-14-2009 22:58;890;0
10-14-2009 22:59;227;0
10-14-2009 23:00;125;0
10-14-2009 23:01;88;0
10-14-2009 23:02;296;0
10-14-2009 23:03;809;0
10-14-2009 23:04;550;0
10-14-2009 23:05;712;0
10-14-2009 23:06;1076;1
10-14-2009 23:07;227;0
10-14-2009 23:08;0;0
10-14-2009 23:09;73;0
10-14-2009 23:10;606;0
10-14-2009 23:11;485;0
10-14-2009 23:12;30;0
10-14-2009 23:13;227;0
10-14-2009 23:14;154;0
10-14-2009 23:15;166;0
10-14-2009 23:16;306;0
10-14-2009 23:17;116;0
10-14-2009 23:18;268;0
10-14-2009 23:19;212;0
10-14-2009 23:20;227;0
10-14-2009 23:21;12;0
10-14-2009 23:22;30;0
10-14-2009 23:23;0;0
10-14-2009 23:24;166;0
10-14-2009 23:25;160;0
10-14-2009 23:26;317;0
10-14-2009 23:27;219;0
10-14-2009 23:28;178;0
10-14-2009 23:29;338;0
10-14-2009 23:30;212;0
10-14-2009 23:31;268;0
10-14-2009 23:32;102;0
10-14-2009 23:33;166;0
10-14-2009 23:34;166;0
10-14-2009 23:35;667;0
10-14-2009 23:36;835;0
10-14-2009 23:37;500;0
10-14-2009 23:38;219;0
10-14-2009 23:39;3;0
10-14-2009 23:40;0;0
10-14-2009 23:41;3;0
10-14-2009 23:42;21;0
10-14-2009 23:43;919;0
10-14-2009 23:44;667;0
10-14-2009 23:45;606;0
10-14-2009 23:46;1076;1
10-14-2009 23:47;978;0
10-14-2009 23:48;5;0
10-14-2009 23:49;0;0
10-14-2009 23:50;0;0
10-14-2009 23:51;0;0
10-14-2009 23:52;0;0
10-14-2009 23:53;0;0
10-14-2009 23:54;0;0
10-14-2009 23:55;0;0
10-14-2009 23:56;0;0
10-14-2009 23:57;0;0
10-14-2009 23:58;0;0
10-14-2009 23:59;0;0
10-15-2009 00:00;0;0
10-15-2009 00:01;0;0
10-15-2009 00:02;0;0
10-15-2009 00:03;0;0
10-15-2009 00:04;0;0
10-15-2009 00:05;0;0
10-15-2009 00:06;0;0
10-15-2009 00:07;0;0
10-15-2009 00:08;0;0
10-15-2009 00:09;0;0
10-15-2009 00:10;0;0
10-15-2009 00:11;102;0
10-15-2009 00:12;0;0
10-15-2009 00:13;0;0
10-15-2009 00:14;0;0
10-15-2009 00:15;0;0
10-15-2009 00:16;0;0
10-15-2009 00:17;0;0
10-15-2009 00:18;0;0
10-15-2009 00:19;0;0
10-15-2009 00:20;0;0
10-15-2009 00:21;0;0
10-15-2009 00:22;0;0
10-15-2009 00:23;0;0
10-15-2009 00:24;0;0
10-15-2009 00:25;0;0
10-15-2009 00:26;0;0
10-15-2009 00:27;0;0
10-15-2009 00:28;0;0
10-15-2009 00:29;0;0
10-15-2009 00:30;0;0
10-15-2009 00:31;0;0
10-15-2009 00:32;0;0
10-15-2009 00:33;0;0
10-15-2009 00:34;0;0
10-15-2009 00:35;0;0
10-15-2009 00:36;0;0
10-15-2009 00:37;0;0
10-15-2009 00:38;0;0
10-15-2009 00:39;0;0
10-15-2009 00:40;0;0
10-15-2009 00:41;23;0
10-15-2009 00:42;0;0
10-15-2009 00:43;0;0
10-15-2009 00:44;0;0
10-15-2009 00:45;0;0
10-15-2009 00:46;0;0
10-15-2009 00:47;0;0
10-15-2009 00:48;0;0
10-15-2009 00:49;0;0
10-15-2009 00:50;0;0
10-15-2009 00:51;0;0
10-15-2009 00:52;0;0
10-15-2009 00:53;0;0
10-15-2009 00:54;0;0
10-15-2009 00:55;0;0
10-15-2009 00:56;0;0
10-15-2009 00:57;0;0
10-15-2009 00:58;0;0
10-15-2009 00:59;0;0
10-15-2009 01:00;0;0
10-15-2009 01:01;0;0
10-15-2009 01:02;0;0
10-15-2009 01:03;0;0
10-15-2009 01:04;0;0
10-15-2009 01:05;3;0
10-15-2009 01:06;296;0
10-15-2009 01:07;0;0
10-15-2009 01:08;0;0
10-15-2009 01:09;0;0
10-15-2009 01:10;0;0
10-15-2009 01:11;0;0
10-15-2009 01:12;0;0
10-15-2009 01:13;0;0
10-15-2009 01:14;0;0
10-15-2009 01:15;0;0
10-15-2009 01:16;0;0
10-15-2009 01:17;0;0
10-15-2009 01:18;0;0
10-15-2009 01:19;0;0
10-15-2009 01:20;0;0
10-15-2009 01:21;0;0
10-15-2009 01:22;0;0
10-15-2009 01:23;0;0
10-15-2009 01:24;0;0
10-15-2009 01:25;0;0
10-15-2009 01:26;0;0
10-15-2009 01:27;0;0
10-15-2009 01:28;0;0
10-15-2009 01:29;0;0
10-15-2009 01:30;0;0
10-15-2009 01:31;0;0
10-15-2009 01:32;0;0
10-15-2009 01:33;0;0
10-15-2009 01:34;0;0
10-15-2009 01:35;0;0
10-15-2009 01:36;0;0
10-15-2009 01:37;0;0
10-15-2009 01:38;0;0
10-15-2009 01:39;0;0
10-15-2009 01:40;0;0
10-15-2009 01:41;0;0
10-15-2009 01:42;0;0
10-15-2009 01:43;0;0
10-15-2009 01:44;0;0
10-15-2009 01:45;0;0
10-15-2009 01:46;0;0
10-15-2009 01:47;0;0
10-15-2009 01:48;0;0
10-15-2009 01:49;0;0
10-15-2009 01:50;0;0
10-15-2009 01:51;0;0
10-15-2009 01:52;0;0
10-15-2009 01:53;0;0
10-15-2009 01:54;0;0
10-15-2009 01:55;0;0
10-15-2009 01:56;0;0
10-15-2009 01:57;0;0
10-15-2009 01:58;0;0
10-15-2009 01:59;0;0
10-15-2009 02:00;0;0
10-15-2009 02:01;0;0
10-15-2009 02:02;0;0
10-15-2009 02:03;0;0
10-15-2009 02:04;0;0
10-15-2009 02:05;0;0
10-15-2009 02:06;0;0
10-15-2009 02:07;0;0
10-15-2009 02:08;0;0
10-15-2009 02:09;0;0
10-15-2009 02:10;0;0
10-15-2009 02:11;0;0
10-15-2009 02:12;0;0
10-15-2009 02:13;0;0
10-15-2009 02:14;0;0
10-15-2009 02:15;0;0
10-15-2009 02:16;0;0
10-15-2009 02:17;0;0
10-15-2009 02:18;0;0
10-15-2009 02:19;0;0
10-15-2009 02:20;0;0
10-15-2009 02:21;0;0
10-15-2009 02:22;0;0
10-15-2009 02:23;0;0
10-15-2009 02:24;277;0
10-15-2009 02:25;0;0
10-15-2009 02:26;0;0
10-15-2009 02:27;0;0
10-15-2009 02:28;0;0
10-15-2009 02:29;0;0
10-15-2009 02:30;0;0
10-15-2009 02:31;102;0
10-15-2009 02:32;0;0
10-15-2009 02:33;0;0
10-15-2009 02:34;0;0
10-15-2009 02:35;0;0
10-15-2009 02:36;0;0
10-15-2009 02:37;0;0
10-15-2009 02:38;0;0
10-15-2009 02:39;0;0
10-15-2009 02:40;0;0
10-15-2009 02:41;0;0
10-15-2009 02:42;0;0
10-15-2009 02:43;0;0
10-15-2009 02:44;0;0
10-15-2009 02:45;0;0
10-15-2009 02:46;32;0
10-15-2009 02:47;0;0
10-15-2009 02:48;0;0
10-15-2009 02:49;0;0
10-15-2009 02:50;0;0
10-15-2009 02:51;0;0
10-15-2009 02:52;0;0
10-15-2009 02:53;0;0
10-15-2009 02:54;0;0
10-15-2009 02:55;0;0
10-15-2009 02:56;0;0
10-15-2009 02:57;0;0
10-15-2009 02:58;0;0
10-15-2009 02:59;0;0
10-15-2009 03:00;0;0
10-15-2009 03:01;0;0
10-15-2009 03:02;0;0
10-15-2009 03:03;0;0
10-15-2009 03:04;0;0
10-15-2009 03:05;0;0
10-15-2009 03:06;0;0
10-15-2009 03:07;0;0
10-15-2009 03:08;0;0
10-15-2009 03:09;0;0
10-15-2009 03:10;0;0
10-15-2009 03:11;0;0
10-15-2009 03:12;0;0
10-15-2009 03:13;0;0
10-15-2009 03:14;0;0
10-15-2009 03:15;0;0
10-15-2009 03:16;0;0
10-15-2009 03:17;0;0
10-15-2009 03:18;0;0
10-15-2009 03:19;0;0
10-15-2009 03:20;0;0
10-15-2009 03:21;0;0
10-15-2009 03:22;0;0
10-15-2009 03:23;0;0
10-15-2009 03:24;0;0
10-15-2009 03:25;0;0
10-15-2009 03:26;0;0
10-15-2009 03:27;0;0
10-15-2009 03:28;0;0
10-15-2009 03:29;0;0
10-15-2009 03:30;0;0
10-15-2009 03:31;0;0
10-15-2009 03:32;0;0
10-15-2009 03:33;0;0
10-15-2009 03:34;0;0
10-15-2009 03:35;0;0
10-15-2009 03:36;0;0
10-15-2009 03:37;0;0
10-15-2009 03:38;0;0
10-15-2009 03:39;0;0
10-15-2009 03:40;0;0
10-15-2009 03:41;0;0
10-15-2009 03:42;0;0
10-15-2009 03:43;0;0
10-15-2009 03:44;0;0
10-15-2009 03:45;134;0
10-15-2009 03:46;0;0
10-15-2009 03:47;9;0
10-15-2009 03:48;0;0
10-15-2009 03:49;0;0
10-15-2009 03:50;0;0
10-15-2009 03:51;0;0
10-15-2009 03:52;0;0
10-15-2009 03:53;0;0
10-15-2009 03:54;0;0
10-15-2009 03:55;0;0
10-15-2009 03:56;0;0
10-15-2009 03:57;0;0
10-15-2009 03:58;0;0
10-15-2009 03:59;0;0
10-15-2009 04:00;0;0
10-15-2009 04:01;0;0
10-15-2009 04:02;0;0
10-15-2009 04:03;18;0
10-15-2009 04:04;0;0
10-15-2009 04:05;0;0
10-15-2009 04:06;0;0
10-15-2009 04:07;0;0
10-15-2009 04:08;0;0
10-15-2009 04:09;0;0
10-15-2009 04:10;0;0
10-15-2009 04:11;0;0
10-15-2009 04:12;0;0
10-15-2009 04:13;0;0
10-15-2009 04:14;0;0
10-15-2009 04:15;0;0
10-15-2009 04:16;0;0
10-15-2009 04:17;0;0
10-15-2009 04:18;98;0
10-15-2009 04:19;0;0
10-15-2009 04:20;73;0
10-15-2009 04:21;0;0
10-15-2009 04:22;0;0
10-15-2009 04:23;0;0
10-15-2009 04:24;0;0
10-15-2009 04:25;0;0
10-15-2009 04:26;0;0
10-15-2009 04:27;0;0
10-15-2009 04:28;0;0
10-15-2009 04:29;0;0
10-15-2009 04:30;0;0
10-15-2009 04:31;0;0
10-15-2009 04:32;0;0
10-15-2009 04:33;0;0
10-15-2009 04:34;0;0
10-15-2009 04:35;0;0
10-15-2009 04:36;0;0
10-15-2009 04:37;0;0
10-15-2009 04:38;0;0
10-15-2009 04:39;0;0
10-15-2009 04:40;0;0
10-15-2009 04:41;0;0
10-15-2009 04:42;0;0
10-15-2009 04:43;0;0
10-15-2009 04:44;0;0
10-15-2009 04:45;0;0
10-15-2009 04:46;0;0
10-15-2009 04:47;0;0
10-15-2009 04:48;35;0
10-15-2009 04:49;0;0
10-15-2009 04:50;485;0
10-15-2009 04:51;0;0
10-15-2009 04:52;0;0
10-15-2009 04:53;0;0
10-15-2009 04:54;0;0
10-15-2009 04:55;0;0
10-15-2009 04:56;0;0
10-15-2009 04:57;0;0
10-15-2009 04:58;0;0
10-15-2009 04:59;0;0
10-15-2009 05:00;55;0
10-15-2009 05:01;55;0
10-15-2009 05:02;0;0
10-15-2009 05:03;0;0
10-15-2009 05:04;0;0
10-15-2009 05:05;0;0
10-15-2009 05:06;0;0
10-15-2009 05:07;0;0
10-15-2009 05:08;0;0
10-15-2009 05:09;0;0
10-15-2009 05:10;0;0
10-15-2009 05:11;0;0
10-15-2009 05:12;0;0
10-15-2009 05:13;0;0
10-15-2009 05:14;0;0
10-15-2009 05:15;0;0
10-15-2009 05:16;0;0
10-15-2009 05:17;0;0
10-15-2009 05:18;0;0
10-15-2009 05:19;0;0
10-15-2009 05:20;0;0
10-15-2009 05:21;0;0
10-15-2009 05:22;0;0
10-15-2009 05:23;0;0
10-15-2009 05:24;0;0
10-15-2009 05:25;0;0
10-15-2009 05:26;0;0
10-15-2009 05:27;0;0
10-15-2009 05:28;0;0
10-15-2009 05:29;0;0
10-15-2009 05:30;0;0
10-15-2009 05:31;0;0
10-15-2009 05:32;0;0
10-15-2009 05:33;0;0
10-15-2009 05:34;0;0
10-15-2009 05:35;0;0
10-15-2009 05:36;0;0
10-15-2009 05:37;0;0
10-15-2009 05:38;0;0
10-15-2009 05:39;0;0
10-15-2009 05:40;0;0
10-15-2009 05:41;0;0
10-15-2009 05:42;0;0
10-15-2009 05:43;0;0
10-15-2009 05:44;0;0
10-15-2009 05:45;0;0
10-15-2009 05:46;61;0
10-15-2009 05:47;0;0
10-15-2009 05:48;0;0
10-15-2009 05:49;0;0
10-15-2009 05:50;0;0
10-15-2009 05:51;0;0
10-15-2009 05:52;0;0
10-15-2009 05:53;0;0
10-15-2009 05:54;0;0
10-15-2009 05:55;0;0
10-15-2009 05:56;0;0
10-15-2009 05:57;0;0
10-15-2009 05:58;0;0
10-15-2009 05:59;0;0
10-15-2009 06:00;0;0
10-15-2009 06:01;0;0
10-15-2009 06:02;5;0
10-15-2009 06:03;120;0
10-15-2009 06:04;0;0
10-15-2009 06:05;0;0
10-15-2009 06:06;0;0
10-15-2009 06:07;0;0
10-15-2009 06:08;0;0
10-15-2009 06:09;0;0
10-15-2009 06:10;0;0
10-15-2009 06:11;30;0
10-15-2009 06:12;6;0
10-15-2009 06:13;286;0
10-15-2009 06:14;0;0
10-15-2009 06:15;0;0
10-15-2009 06:16;35;0
10-15-2009 06:17;0;0
10-15-2009 06:18;0;0
10-15-2009 06:19;0;0
10-15-2009 06:20;0;0
10-15-2009 06:21;0;0
10-15-2009 06:22;0;0
10-15-2009 06:23;0;0
10-15-2009 06:24;0;0
10-15-2009 06:25;0;0
10-15-2009 06:26;9;0
10-15-2009 06:27;12;0
10-15-2009 06:28;0;0
10-15-2009 06:29;0;0
10-15-2009 06:30;0;0
10-15-2009 06:31;0;0
10-15-2009 06:32;0;0
10-15-2009 06:33;0;0
10-15-2009 06:34;0;0
10-15-2009 06:35;0;0
10-15-2009 06:36;0;0
10-15-2009 06:37;0;0
10-15-2009 06:38;0;0
10-15-2009 06:39;0;0
10-15-2009 06:40;0;0
10-15-2009 06:41;32;0
10-15-2009 06:42;0;0
10-15-2009 06:43;0;0
10-15-2009 06:44;212;0
10-15-2009 06:45;27;0
10-15-2009 06:46;0;0
10-15-2009 06:47;0;0
10-15-2009 06:48;0;0
10-15-2009 06:49;227;0
10-15-2009 06:50;386;0
10-15-2009 06:51;1042;1
10-15-2009 06:52;139;0
10-15-2009 06:53;27;0
10-15-2009 06:54;0;0
10-15-2009 06:55;8;0
10-15-2009 06:56;0;0
10-15-2009 06:57;0;0
10-15-2009 06:58;235;0
10-15-2009 06:59;8;0
10-15-2009 07:00;49;0
10-15-2009 07:01;9;0
10-15-2009 07:02;79;0
10-15-2009 07:03;398;0
10-15-2009 07:04;485;0
10-15-2009 07:05;734;0
10-15-2009 07:06;398;0
10-15-2009 07:07;3;0
10-15-2009 07:08;0;0
10-15-2009 07:09;0;0
10-15-2009 07:10;91;0
10-15-2009 07:11;0;0
10-15-2009 07:12;0;0
10-15-2009 07:13;0;0
10-15-2009 07:14;0;0
10-15-2009 07:15;439;0
10-15-2009 07:16;0;0
10-15-2009 07:17;0;0
10-15-2009 07:18;8;0
10-15-2009 07:19;0;0
10-15-2009 07:20;0;0
10-15-2009 07:21;373;0
10-15-2009 07:22;587;0
10-15-2009 07:23;517;0
10-15-2009 07:24;338;0
10-15-2009 07:25;317;0
10-15-2009 07:26;286;0
10-15-2009 07:27;120;0
10-15-2009 07:28;550;0
10-15-2009 07:29;70;0
10-15-2009 07:30;34;0
10-15-2009 07:31;43;0
10-15-2009 07:32;5;0
10-15-2009 07:33;0;0
10-15-2009 07:34;0;0
10-15-2009 07:35;0;0
10-15-2009 07:36;0;0
10-15-2009 07:37;0;0
10-15-2009 07:38;0;0
10-15-2009 07:39;0;0
10-15-2009 07:40;58;0
10-15-2009 07:41;55;0
10-15-2009 07:42;0;0
10-15-2009 07:43;398;0
10-15-2009 07:44;646;0
10-15-2009 07:45;1474;1
10-15-2009 07:46;1182;1
10-15-2009 07:47;1521;1
10-15-2009 07:48;948;0
10-15-2009 07:49;587;0
10-15-2009 07:50;809;0
10-15-2009 07:51;500;0
10-15-2009 07:52;626;0
10-15-2009 07:53;568;0
10-15-2009 07:54;500;0
10-15-2009 07:55;277;0
10-15-2009 07:56;120;0
10-15-2009 07:57;160;0
10-15-2009 07:58;82;0
10-15-2009 07:59;88;0
10-15-2009 08:00;204;0
10-15-2009 08:01;41;0
10-15-2009 08:02;160;0
10-15-2009 08:03;18;0
10-15-2009 08:04;30;0
10-15-2009 08:05;235;0
10-15-2009 08:06;111;0
10-15-2009 08:07;0;0
10-15-2009 08:08;0;0
10-15-2009 08:09;134;0
10-15-2009 08:10;500;0
10-15-2009 08:11;712;0
10-15-2009 08:12;759;0
10-15-2009 08:13;890;0
10-15-2009 08:14;1894;1
10-15-2009 08:15;646;0
10-15-2009 08:16;143;0
10-15-2009 08:17;386;0
10-15-2009 08:18;139;0
10-15-2009 08:19;6;0
10-15-2009 08:20;197;0
10-15-2009 08:21;0;0
10-15-2009 08:22;328;0
10-15-2009 08:23;439;0
10-15-2009 08:24;398;0
10-15-2009 08:25;286;0
10-15-2009 08:26;178;0
10-15-2009 08:27;454;0
10-15-2009 08:28;107;0
10-15-2009 08:29;296;0
10-15-2009 08:30;139;0
10-15-2009 08:31;49;0
10-15-2009 08:32;235;0
10-15-2009 08:33;277;0
10-15-2009 08:34;286;0
10-15-2009 08:35;11;0
10-15-2009 08:36;134;0
10-15-2009 08:37;70;0
10-15-2009 08:38;568;0
10-15-2009 08:39;154;0
10-15-2009 08:40;107;0
10-15-2009 08:41;34;0
10-15-2009 08:42;9;0
10-15-2009 08:43;0;0
10-15-2009 08:44;166;0
10-15-2009 08:45;58;0
10-15-2009 08:46;154;0
10-15-2009 08:47;120;0
10-15-2009 08:48;178;0
10-15-2009 08:49;34;0
10-15-2009 08:50;73;0
10-15-2009 08:51;3;0
10-15-2009 08:52;20;0
10-15-2009 08:53;29;0
10-15-2009 08:54;0;0
10-15-2009 08:55;0;0
10-15-2009 08:56;11;0
10-15-2009 08:57;734;0
10-15-2009 08:58;1076;1
10-15-2009 08:59;978;0
10-15-2009 09:00;1221;1
10-15-2009 09:01;783;0
10-15-2009 09:02;759;0
10-15-2009 09:03;517;0
10-15-2009 09:04;439;0
10-15-2009 09:05;91;0
10-15-2009 09:06;148;0
10-15-2009 09:07;120;0
10-15-2009 09:08;235;0
10-15-2009 09:09;349;0
10-15-2009 09:10;712;0
10-15-2009 09:11;67;0
10-15-2009 09:12;3;0
10-15-2009 09:13;277;0
10-15-2009 09:14;734;0
10-15-2009 09:15;712;0
10-15-2009 09:16;783;0
10-15-2009 09:17;759;0
10-15-2009 09:18;783;0
10-15-2009 09:19;712;0
10-15-2009 09:20;734;0
10-15-2009 09:21;689;0
10-15-2009 09:22;890;0
10-15-2009 09:23;712;0
10-15-2009 09:24;734;0
10-15-2009 09:25;689;0
10-15-2009 09:26;835;0
10-15-2009 09:27;862;0
10-15-2009 09:28;862;0
10-15-2009 09:29;759;0
10-15-2009 09:30;646;0
10-15-2009 09:31;809;0
10-15-2009 09:32;978;0
10-15-2009 09:33;500;0
10-15-2009 09:34;862;0
10-15-2009 09:35;948;0
10-15-2009 09:36;1076;1
10-15-2009 09:37;338;0
10-15-2009 09:38;411;0
10-15-2009 09:39;667;0
10-15-2009 09:40;712;0
10-15-2009 09:41;734;0
10-15-2009 09:42;1221;1
10-15-2009 09:43;1836;1
10-15-2009 09:44;1146;1
10-15-2009 09:45;890;0
10-15-2009 09:46;646;0
10-15-2009 09:47;835;0
10-15-2009 09:48;1010;0
10-15-2009 09:49;606;0
10-15-2009 09:50;134;0
10-15-2009 09:51;568;0
10-15-2009 09:52;948;0
10-15-2009 09:53;646;0
10-15-2009 09:54;1474;1
10-15-2009 09:55;1182;1
10-15-2009 09:56;1182;1
10-15-2009 09:57;1384;1
10-15-2009 09:58;1428;1
10-15-2009 09:59;1146;1
10-15-2009 10:00;809;0
10-15-2009 10:01;1221;1
10-15-2009 10:02;1260;1
10-15-2009 10:03;1076;1
10-15-2009 10:04;1521;1
10-15-2009 10:05;1620;1
10-15-2009 10:06;1076;1
10-15-2009 10:07;1725;1
10-15-2009 10:08;948;0
10-15-2009 10:09;1428;1
10-15-2009 10:10;1300;1
10-15-2009 10:11;1384;1
10-15-2009 10:12;411;0
10-15-2009 10:13;783;0
10-15-2009 10:14;1010;0
10-15-2009 10:15;1146;1
10-15-2009 10:16;1521;1
10-15-2009 10:17;1672;1
10-15-2009 10:18;1620;1
10-15-2009 10:19;1474;1
10-15-2009 10:20;1111;1
10-15-2009 10:21;1954;1
10-15-2009 10:22;1620;1
10-15-2009 10:23;919;0
10-15-2009 10:24;1428;1
10-15-2009 10:25;862;0
10-15-2009 10:26;1010;0
10-15-2009 10:27;550;0
10-15-2009 10:28;862;0
10-15-2009 10:29;667;0
10-15-2009 10:30;349;0
10-15-2009 10:31;277;0
10-15-2009 10:32;469;0
10-15-2009 10:33;242;0
10-15-2009 10:34;204;0
10-15-2009 10:35;67;0
10-15-2009 10:36;17;0
10-15-2009 10:37;120;0
10-15-2009 10:38;43;0
10-15-2009 10:39;148;0
10-15-2009 10:40;227;0
10-15-2009 10:41;386;0
10-15-2009 10:42;130;0
10-15-2009 10:43;61;0
10-15-2009 10:44;37;0
10-15-2009 10:45;14;0
10-15-2009 10:46;0;0
10-15-2009 10:47;0;0
10-15-2009 10:48;0;0
10-15-2009 10:49;0;0
10-15-2009 10:50;0;0
10-15-2009 10:51;12;0
10-15-2009 10:52;0;0
10-15-2009 10:53;44;0
10-15-2009 10:54;646;0
10-15-2009 10:55;606;0
10-15-2009 10:56;411;0
10-15-2009 10:57;454;0
10-15-2009 10:58;689;0
10-15-2009 10:59;250;0
10-15-2009 11:00;485;0
10-15-2009 11:01;1341;1
10-15-2009 11:02;568;0
10-15-2009 11:03;606;0
10-15-2009 11:04;361;0
10-15-2009 11:05;338;0
10-15-2009 11:06;712;0
10-15-2009 11:07;568;0
10-15-2009 11:08;259;0
10-15-2009 11:09;70;0
10-15-2009 11:10;6;0
10-15-2009 11:11;116;0
10-15-2009 11:12;373;0
10-15-2009 11:13;500;0
10-15-2009 11:14;1111;1
10-15-2009 11:15;734;0
10-15-2009 11:16;439;0
10-15-2009 11:17;398;0
10-15-2009 11:18;411;0
10-15-2009 11:19;734;0
10-15-2009 11:20;1221;1
10-15-2009 11:21;1384;1
10-15-2009 11:22;948;0
10-15-2009 11:23;568;0
10-15-2009 11:24;606;0
10-15-2009 11:25;1570;1
10-15-2009 11:26;626;0
10-15-2009 11:27;948;0
10-15-2009 11:28;1300;1
10-15-2009 11:29;835;0
10-15-2009 11:30;361;0
10-15-2009 11:31;259;0
10-15-2009 11:32;454;0
10-15-2009 11:33;411;0
10-15-2009 11:34;425;0
10-15-2009 11:35;485;0
10-15-2009 11:36;689;0
10-15-2009 11:37;587;0
10-15-2009 11:38;835;0
10-15-2009 11:39;1010;0
10-15-2009 11:40;862;0
10-15-2009 11:41;1042;1
10-15-2009 11:42;862;0
10-15-2009 11:43;1260;1
10-15-2009 11:44;1260;1
10-15-2009 11:45;1146;1
10-15-2009 11:46;978;0
10-15-2009 11:47;411;0
10-15-2009 11:48;328;0
10-15-2009 11:49;219;0
10-15-2009 11:50;160;0
10-15-2009 11:51;296;0
10-15-2009 11:52;52;0
10-15-2009 11:53;197;0
10-15-2009 11:54;361;0
10-15-2009 11:55;178;0
10-15-2009 11:56;306;0
10-15-2009 11:57;398;0
10-15-2009 11:58;1111;1
10-15-2009 11:59;646;0
10-15-2009 12:00;439;0
10-15-2009 12:01;306;0
10-15-2009 12:02;809;0
10-15-2009 12:03;533;0
10-15-2009 12:04;0;0
10-15-2009 12:05;250;0
10-15-2009 12:06;550;0
10-15-2009 12:07;306;0
10-15-2009 12:08;759;0
10-15-2009 12:09;425;0
10-15-2009 12:10;386;0
10-15-2009 12:11;125;0
10-15-2009 12:12;27;0
10-15-2009 12:13;235;0
10-15-2009 12:14;219;0
10-15-2009 12:15;0;0
10-15-2009 12:16;55;0
10-15-2009 12:17;227;0
10-15-2009 12:18;55;0
10-15-2009 12:19;0;0
10-15-2009 12:20;40;0
10-15-2009 12:21;0;0
10-15-2009 12:22;0;0
10-15-2009 12:23;0;0
10-15-2009 12:24;0;0
10-15-2009 12:25;227;0
10-15-2009 12:26;44;0
10-15-2009 12:27;0;0
10-15-2009 12:28;64;0
10-15-2009 12:29;0;0
10-15-2009 12:30;0;0
10-15-2009 12:31;0;0
10-15-2009 12:32;0;0
10-15-2009 12:33;0;0
10-15-2009 12:34;0;0
10-15-2009 12:35;0;0
10-15-2009 12:36;0;0
10-15-2009 12:37;0;0
10-15-2009 12:38;0;0
10-15-2009 12:39;21;0
10-15-2009 12:40;0;0
10-15-2009 12:41;0;0
10-15-2009 12:42;0;0
10-15-2009 12:43;5;0
10-15-2009 12:44;0;0
10-15-2009 12:45;88;0
10-15-2009 12:46;3;0
10-15-2009 12:47;64;0
10-15-2009 12:48;250;0
10-15-2009 12:49;0;0
10-15-2009 12:50;0;0
10-15-2009 12:51;0;0
10-15-2009 12:52;82;0
10-15-2009 12:53;242;0
10-15-2009 12:54;0;0
10-15-2009 12:55;130;0
10-15-2009 12:56;667;0
10-15-2009 12:57;373;0
10-15-2009 12:58;0;0
10-15-2009 12:59;26;0
10-15-2009 13:00;88;0
10-15-2009 13:01;0;0
10-15-2009 13:02;0;0
10-15-2009 13:03;0;0
10-15-2009 13:04;64;0
10-15-2009 13:05;49;0
10-15-2009 13:06;0;0
10-15-2009 13:07;0;0
10-15-2009 13:08;0;0
10-15-2009 13:09;49;0
10-15-2009 13:10;111;0
10-15-2009 13:11;3;0
10-15-2009 13:12;0;0
10-15-2009 13:13;178;0
10-15-2009 13:14;102;0
10-15-2009 13:15;102;0
10-15-2009 13:16;11;0
10-15-2009 13:17;0;0
10-15-2009 13:18;20;0
10-15-2009 13:19;76;0
10-15-2009 13:20;12;0
10-15-2009 13:21;0;0
10-15-2009 13:22;0;0
10-15-2009 13:23;0;0
10-15-2009 13:24;0;0
10-15-2009 13:25;0;0
10-15-2009 13:26;783;0
10-15-2009 13:27;286;0
10-15-2009 13:28;30;0
10-15-2009 13:29;44;0
10-15-2009 13:30;219;0
10-15-2009 13:31;373;0
10-15-2009 13:32;85;0
10-15-2009 13:33;212;0
10-15-2009 13:34;212;0
10-15-2009 13:35;130;0
10-15-2009 13:36;204;0
10-15-2009 13:37;439;0
10-15-2009 13:38;268;0
10-15-2009 13:39;242;0
10-15-2009 13:40;568;0
10-15-2009 13:41;439;0
10-15-2009 13:42;0;0
10-15-2009 13:43;76;0
10-15-2009 13:44;49;0
10-15-2009 13:45;143;0
10-15-2009 13:46;35;0
10-15-2009 13:47;107;0
10-15-2009 13:48;204;0
10-15-2009 13:49;148;0
10-15-2009 13:50;160;0
10-15-2009 13:51;43;0
10-15-2009 13:52;24;0
10-15-2009 13:53;98;0
10-15-2009 13:54;250;0
10-15-2009 13:55;361;0
10-15-2009 13:56;85;0
10-15-2009 13:57;172;0
10-15-2009 13:58;98;0
10-15-2009 13:59;0;0
10-15-2009 14:00;0;0
10-15-2009 14:01;160;0
10-15-2009 14:02;15;0
10-15-2009 14:03;919;0
10-15-2009 14:04;454;0
10-15-2009 14:05;439;0
10-15-2009 14:06;98;0
10-15-2009 14:07;148;0
10-15-2009 14:08;49;0
10-15-2009 14:09;190;0
10-15-2009 14:10;166;0
10-15-2009 14:11;204;0
10-15-2009 14:12;58;0
10-15-2009 14:13;712;0
10-15-2009 14:14;1182;1
10-15-2009 14:15;1182;1
10-15-2009 14:16;626;0
10-15-2009 14:17;386;0
10-15-2009 14:18;235;0
10-15-2009 14:19;338;0
10-15-2009 14:20;125;0
10-15-2009 14:21;268;0
10-15-2009 14:22;143;0
10-15-2009 14:23;286;0
10-15-2009 14:24;296;0
10-15-2009 14:25;783;0
10-15-2009 14:26;919;0
10-15-2009 14:27;1146;1
10-15-2009 14:28;890;0
10-15-2009 14:29;689;0
10-15-2009 14:30;759;0
10-15-2009 14:31;809;0
10-15-2009 14:32;606;0
10-15-2009 14:33;469;0
10-15-2009 14:34;809;0
10-15-2009 14:35;550;0
10-15-2009 14:36;890;0
10-15-2009 14:37;1221;1
10-15-2009 14:38;948;0
10-15-2009 14:39;759;0
10-15-2009 14:40;667;0
10-15-2009 14:41;835;0
10-15-2009 14:42;712;0
10-15-2009 14:43;835;0
10-15-2009 14:44;978;0
10-15-2009 14:45;398;0
10-15-2009 14:46;948;0
10-15-2009 14:47;568;0
10-15-2009 14:48;1010;0
10-15-2009 14:49;783;0
10-15-2009 14:50;517;0
10-15-2009 14:51;712;0
10-15-2009 14:52;862;0
10-15-2009 14:53;485;0
10-15-2009 14:54;411;0
10-15-2009 14:55;835;0
10-15-2009 14:56;835;0
10-15-2009 14:57;667;0
10-15-2009 14:58;1076;1
10-15-2009 14:59;76;0
10-15-2009 15:00;34;0
10-15-2009 15:01;9;0
10-15-2009 15:02;550;0
10-15-2009 15:03;469;0
10-15-2009 15:04;204;0
10-15-2009 15:05;52;0
10-15-2009 15:06;148;0
10-15-2009 15:07;550;0
10-15-2009 15:08;919;0
10-15-2009 15:09;606;0
10-15-2009 15:10;1076;1
10-15-2009 15:11;1010;0
10-15-2009 15:12;759;0
10-15-2009 15:13;734;0
10-15-2009 15:14;361;0
10-15-2009 15:15;646;0
10-15-2009 15:16;919;0
10-15-2009 15:17;454;0
10-15-2009 15:18;978;0
10-15-2009 15:19;1076;1
10-15-2009 15:20;919;0
10-15-2009 15:21;626;0
10-15-2009 15:22;783;0
10-15-2009 15:23;587;0
10-15-2009 15:24;606;0
10-15-2009 15:25;606;0
10-15-2009 15:26;587;0
10-15-2009 15:27;978;0
10-15-2009 15:28;550;0
10-15-2009 15:29;454;0
10-15-2009 15:30;759;0
10-15-2009 15:31;338;0
10-15-2009 15:32;328;0
10-15-2009 15:33;568;0
10-15-2009 15:34;646;0
10-15-2009 15:35;386;0
10-15-2009 15:36;317;0
10-15-2009 15:37;1146;1
10-15-2009 15:38;1111;1
10-15-2009 15:39;1010;0
10-15-2009 15:40;568;0
10-15-2009 15:41;197;0
10-15-2009 15:42;204;0
10-15-2009 15:43;550;0
10-15-2009 15:44;1428;1
10-15-2009 15:45;646;0
10-15-2009 15:46;1182;1
10-15-2009 15:47;1042;1
10-15-2009 15:48;1182;1
10-15-2009 15:49;626;0
10-15-2009 15:50;646;0
10-15-2009 15:51;734;0
10-15-2009 15:52;1076;1
10-15-2009 15:53;1894;1
10-15-2009 15:54;948;0
10-15-2009 15:55;759;0
10-15-2009 15:56;606;0
10-15-2009 15:57;689;0
10-15-2009 15:58;890;0
10-15-2009 15:59;809;0
10-15-2009 16:00;1146;1
10-15-2009 16:01;1260;1
10-15-2009 16:02;862;0
10-15-2009 16:03;667;0
10-15-2009 16:04;398;0
10-15-2009 16:05;550;0
10-15-2009 16:06;250;0
10-15-2009 16:07;646;0
10-15-2009 16:08;398;0
10-15-2009 16:09;485;0
10-15-2009 16:10;862;0
10-15-2009 16:11;919;0
10-15-2009 16:12;568;0
10-15-2009 16:13;734;0
10-15-2009 16:14;919;0
10-15-2009 16:15;689;0
10-15-2009 16:16;606;0
10-15-2009 16:17;734;0
10-15-2009 16:18;783;0
10-15-2009 16:19;517;0
10-15-2009 16:20;759;0
10-15-2009 16:21;606;0
10-15-2009 16:22;317;0
10-15-2009 16:23;235;0
10-15-2009 16:24;411;0
10-15-2009 16:25;317;0
10-15-2009 16:26;259;0
10-15-2009 16:27;317;0
10-15-2009 16:28;120;0
10-15-2009 16:29;454;0
10-15-2009 16:30;1010;0
10-15-2009 16:31;454;0
10-15-2009 16:32;286;0
10-15-2009 16:33;130;0
10-15-2009 16:34;646;0
10-15-2009 16:35;425;0
10-15-2009 16:36;235;0
10-15-2009 16:37;88;0
10-15-2009 16:38;12;0
10-15-2009 16:39;98;0
10-15-2009 16:40;18;0
10-15-2009 16:41;64;0
10-15-2009 16:42;0;0
10-15-2009 16:43;197;0
10-15-2009 16:44;328;0
10-15-2009 16:45;0;0
10-15-2009 16:46;148;0
10-15-2009 16:47;1042;1
10-15-2009 16:48;759;0
10-15-2009 16:49;219;0
10-15-2009 16:50;606;0
10-15-2009 16:51;919;0
10-15-2009 16:52;61;0
10-15-2009 16:53;17;0
10-15-2009 16:54;134;0
10-15-2009 16:55;160;0
10-15-2009 16:56;5;0
10-15-2009 16:57;373;0
10-15-2009 16:58;160;0
10-15-2009 16:59;268;0
10-15-2009 17:00;17;0
10-15-2009 17:01;9;0
10-15-2009 17:02;12;0
10-15-2009 17:03;18;0
10-15-2009 17:04;79;0
10-15-2009 17:05;18;0
10-15-2009 17:06;6;0
10-15-2009 17:07;0;0
10-15-2009 17:08;9;0
10-15-2009 17:09;646;0
10-15-2009 17:10;398;0
10-15-2009 17:11;550;0
10-15-2009 17:12;835;0
10-15-2009 17:13;212;0
10-15-2009 17:14;116;0
10-15-2009 17:15;1341;1
10-15-2009 17:16;1010;0
10-15-2009 17:17;606;0
10-15-2009 17:18;626;0
10-15-2009 17:19;1221;1
10-15-2009 17:20;2146;1
10-15-2009 17:21;1111;1
10-15-2009 17:22;1010;0
10-15-2009 17:23;948;0
10-15-2009 17:24;1341;1
10-15-2009 17:25;1894;1
10-15-2009 17:26;1620;1
10-15-2009 17:27;1010;0
10-15-2009 17:28;1672;1
10-15-2009 17:29;1780;1
10-15-2009 17:30;1725;1
10-15-2009 17:31;1620;1
10-15-2009 17:32;890;0
10-15-2009 17:33;734;0
10-15-2009 17:34;1042;1
10-15-2009 17:35;978;0
10-15-2009 17:36;1042;1
10-15-2009 17:37;1146;1
10-15-2009 17:38;667;0
10-15-2009 17:39;689;0
10-15-2009 17:40;809;0
10-15-2009 17:41;500;0
10-15-2009 17:42;485;0
10-15-2009 17:43;411;0
10-15-2009 17:44;606;0
10-15-2009 17:45;568;0
10-15-2009 17:46;734;0
10-15-2009 17:47;890;0
10-15-2009 17:48;890;0
10-15-2009 17:49;1182;1
10-15-2009 17:50;783;0
10-15-2009 17:51;1042;1
10-15-2009 17:52;783;0
10-15-2009 17:53;667;0
10-15-2009 17:54;667;0
10-15-2009 17:55;626;0
10-15-2009 17:56;1010;0
10-15-2009 17:57;712;0
10-15-2009 17:58;587;0
10-15-2009 17:59;469;0
10-15-2009 18:00;338;0
10-15-2009 18:01;550;0
10-15-2009 18:02;568;0
10-15-2009 18:03;172;0
10-15-2009 18:04;55;0
10-15-2009 18:05;517;0
10-15-2009 18:06;111;0
10-15-2009 18:07;361;0
10-15-2009 18:08;79;0
10-15-2009 18:09;398;0
10-15-2009 18:10;439;0
10-15-2009 18:11;454;0
10-15-2009 18:12;277;0
10-15-2009 18:13;398;0
10-15-2009 18:14;242;0
10-15-2009 18:15;139;0
10-15-2009 18:16;250;0
10-15-2009 18:17;667;0
10-15-2009 18:18;626;0
10-15-2009 18:19;646;0
10-15-2009 18:20;454;0
10-15-2009 18:21;1182;1
10-15-2009 18:22;862;0
10-15-2009 18:23;317;0
10-15-2009 18:24;111;0
10-15-2009 18:25;160;0
10-15-2009 18:26;111;0
10-15-2009 18:27;454;0
10-15-2009 18:28;1010;0
10-15-2009 18:29;349;0
10-15-2009 18:30;0;0
10-15-2009 18:31;172;0
10-15-2009 18:32;67;0
10-15-2009 18:33;120;0
10-15-2009 18:34;485;0
10-15-2009 18:35;277;0
10-15-2009 18:36;148;0
10-15-2009 18:37;190;0
10-15-2009 18:38;166;0
10-15-2009 18:39;0;0
10-15-2009 18:40;0;0
10-15-2009 18:41;76;0
10-15-2009 18:42;55;0
10-15-2009 18:43;184;0
10-15-2009 18:44;204;0
10-15-2009 18:45;73;0
10-15-2009 18:46;160;0
10-15-2009 18:47;0;0
10-15-2009 18:48;125;0
10-15-2009 18:49;49;0
10-15-2009 18:50;361;0
10-15-2009 18:51;783;0
10-15-2009 18:52;1042;1
10-15-2009 18:53;1010;0
10-15-2009 18:54;1042;1
10-15-2009 18:55;1042;1
10-15-2009 18:56;667;0
10-15-2009 18:57;978;0
10-15-2009 18:58;734;0
10-15-2009 18:59;411;0
10-15-2009 19:00;373;0
10-15-2009 19:01;373;0
10-15-2009 19:02;386;0
10-15-2009 19:03;373;0
10-15-2009 19:04;646;0
10-15-2009 19:05;689;0
10-15-2009 19:06;386;0
10-15-2009 19:07;689;0
10-15-2009 19:08;533;0
10-15-2009 19:09;91;0
10-15-2009 19:10;646;0
10-15-2009 19:11;587;0
10-15-2009 19:12;91;0
10-15-2009 19:13;606;0
10-15-2009 19:14;411;0
10-15-2009 19:15;485;0
10-15-2009 19:16;485;0
10-15-2009 19:17;689;0
10-15-2009 19:18;809;0
10-15-2009 19:19;517;0
10-15-2009 19:20;689;0
10-15-2009 19:21;550;0
10-15-2009 19:22;500;0
10-15-2009 19:23;759;0
10-15-2009 19:24;734;0
10-15-2009 19:25;120;0
10-15-2009 19:26;125;0
10-15-2009 19:27;250;0
10-15-2009 19:28;439;0
10-15-2009 19:29;712;0
10-15-2009 19:30;517;0
10-15-2009 19:31;454;0
10-15-2009 19:32;606;0
10-15-2009 19:33;734;0
10-15-2009 19:34;373;0
10-15-2009 19:35;783;0
10-15-2009 19:36;317;0
10-15-2009 19:37;64;0
10-15-2009 19:38;734;0
10-15-2009 19:39;517;0
10-15-2009 19:40;533;0
10-15-2009 19:41;783;0
10-15-2009 19:42;890;0
10-15-2009 19:43;469;0
10-15-2009 19:44;646;0
10-15-2009 19:45;517;0
10-15-2009 19:46;398;0
10-15-2009 19:47;919;0
10-15-2009 19:48;454;0
10-15-2009 19:49;197;0
10-15-2009 19:50;759;0
10-15-2009 19:51;259;0
10-15-2009 19:52;328;0
10-15-2009 19:53;67;0
10-15-2009 19:54;27;0
10-15-2009 19:55;12;0
10-15-2009 19:56;0;0
10-15-2009 19:57;0;0
10-15-2009 19:58;0;0
10-15-2009 19:59;0;0
10-15-2009 20:00;0;0
10-15-2009 20:01;0;0
10-15-2009 20:02;0;0
10-15-2009 20:03;0;0
10-15-2009 20:04;0;0
10-15-2009 20:05;0;0
10-15-2009 20:06;0;0
10-15-2009 20:07;23;0
10-15-2009 20:08;11;0
10-15-2009 20:09;386;0
10-15-2009 20:10;55;0
10-15-2009 20:11;32;0
10-15-2009 20:12;52;0
10-15-2009 20:13;296;0
10-15-2009 20:14;17;0
10-15-2009 20:15;3;0
10-15-2009 20:16;17;0
10-15-2009 20:17;64;0
10-15-2009 20:18;70;0
10-15-2009 20:19;0;0
10-15-2009 20:20;17;0
10-15-2009 20:21;286;0
10-15-2009 20:22;29;0
10-15-2009 20:23;250;0
10-15-2009 20:24;23;0
10-15-2009 20:25;0;0
10-15-2009 20:26;24;0
10-15-2009 20:27;67;0
10-15-2009 20:28;29;0
10-15-2009 20:29;3;0
10-15-2009 20:30;160;0
10-15-2009 20:31;23;0
10-15-2009 20:32;32;0
10-15-2009 20:33;30;0
10-15-2009 20:34;44;0
10-15-2009 20:35;20;0
10-15-2009 20:36;17;0
10-15-2009 20:37;204;0
10-15-2009 20:38;197;0
10-15-2009 20:39;306;0
10-15-2009 20:40;759;0
10-15-2009 20:41;626;0
10-15-2009 20:42;373;0
10-15-2009 20:43;242;0
10-15-2009 20:44;178;0
10-15-2009 20:45;76;0
10-15-2009 20:46;242;0
10-15-2009 20:47;88;0
10-15-2009 20:48;130;0
10-15-2009 20:49;550;0
10-15-2009 20:50;154;0
10-15-2009 20:51;154;0
10-15-2009 20:52;76;0
10-15-2009 20:53;178;0
10-15-2009 20:54;689;0
10-15-2009 20:55;890;0
10-15-2009 20:56;809;0
10-15-2009 20:57;626;0
10-15-2009 20:58;306;0
10-15-2009 20:59;373;0
10-15-2009 21:00;439;0
10-15-2009 21:01;286;0
10-15-2009 21:02;259;0
10-15-2009 21:03;166;0
10-15-2009 21:04;160;0
10-15-2009 21:05;0;0
10-15-2009 21:06;0;0
10-15-2009 21:07;116;0
10-15-2009 21:08;0;0
10-15-2009 21:09;26;0
10-15-2009 21:10;102;0
10-15-2009 21:11;26;0
10-15-2009 21:12;190;0
10-15-2009 21:13;587;0
10-15-2009 21:14;550;0
10-15-2009 21:15;1428;1
10-15-2009 21:16;948;0
10-15-2009 21:17;646;0
10-15-2009 21:18;1042;1
10-15-2009 21:19;2146;1
10-15-2009 21:20;1780;1
10-15-2009 21:21;1521;1
10-15-2009 21:22;1725;1
10-15-2009 21:23;1570;1
10-15-2009 21:24;1146;1
10-15-2009 21:25;1010;0
10-15-2009 21:26;689;0
10-15-2009 21:27;606;0
10-15-2009 21:28;550;0
10-15-2009 21:29;107;0
10-15-2009 21:30;143;0
10-15-2009 21:31;235;0
10-15-2009 21:32;98;0
10-15-2009 21:33;154;0
10-15-2009 21:34;52;0
10-15-2009 21:35;184;0
10-15-2009 21:36;809;0
10-15-2009 21:37;154;0
10-15-2009 21:38;85;0
10-15-2009 21:39;286;0
10-15-2009 21:40;242;0
10-15-2009 21:41;85;0
10-15-2009 21:42;111;0
10-15-2009 21:43;425;0
10-15-2009 21:44;47;0
10-15-2009 21:45;44;0
10-15-2009 21:46;58;0
10-15-2009 21:47;49;0
10-15-2009 21:48;64;0
10-15-2009 21:49;277;0
10-15-2009 21:50;107;0
10-15-2009 21:51;0;0
10-15-2009 21:52;88;0
10-15-2009 21:53;24;0
10-15-2009 21:54;317;0
10-15-2009 21:55;0;0
10-15-2009 21:56;91;0
10-15-2009 21:57;5;0
10-15-2009 21:58;9;0
10-15-2009 21:59;0;0
10-15-2009 22:00;235;0
10-15-2009 22:01;94;0
10-15-2009 22:02;49;0
10-15-2009 22:03;154;0
10-15-2009 22:04;454;0
10-15-2009 22:05;296;0
10-15-2009 22:06;197;0
10-15-2009 22:07;317;0
10-15-2009 22:08;148;0
10-15-2009 22:09;38;0
10-15-2009 22:10;49;0
10-15-2009 22:11;184;0
10-15-2009 22:12;130;0
10-15-2009 22:13;0;0
10-15-2009 22:14;15;0
10-15-2009 22:15;0;0
10-15-2009 22:16;0;0
10-15-2009 22:17;61;0
10-15-2009 22:18;125;0
10-15-2009 22:19;286;0
10-15-2009 22:20;143;0
10-15-2009 22:21;47;0
10-15-2009 22:22;8;0
10-15-2009 22:23;143;0
10-15-2009 22:24;517;0
10-15-2009 22:25;517;0
10-15-2009 22:26;517;0
10-15-2009 22:27;373;0
10-15-2009 22:28;373;0
10-15-2009 22:29;76;0
10-15-2009 22:30;52;0
10-15-2009 22:31;134;0
10-15-2009 22:32;85;0
10-15-2009 22:33;64;0
10-15-2009 22:34;32;0
10-15-2009 22:35;26;0
10-15-2009 22:36;277;0
10-15-2009 22:37;134;0
10-15-2009 22:38;98;0
10-15-2009 22:39;94;0
10-15-2009 22:40;197;0
10-15-2009 22:41;76;0
10-15-2009 22:42;14;0
10-15-2009 22:43;160;0
10-15-2009 22:44;204;0
10-15-2009 22:45;317;0
10-15-2009 22:46;286;0
10-15-2009 22:47;227;0
10-15-2009 22:48;107;0
10-15-2009 22:49;197;0
10-15-2009 22:50;587;0
10-15-2009 22:51;166;0
10-15-2009 22:52;160;0
10-15-2009 22:53;0;0
10-15-2009 22:54;9;0
10-15-2009 22:55;27;0
10-15-2009 22:56;14;0
10-15-2009 22:57;0;0
10-15-2009 22:58;0;0
10-15-2009 22:59;5;0
10-15-2009 23:00;0;0
10-15-2009 23:01;52;0
10-15-2009 23:02;626;0
10-15-2009 23:03;373;0
10-15-2009 23:04;227;0
10-15-2009 23:05;143;0
10-15-2009 23:06;14;0
10-15-2009 23:07;3;0
10-15-2009 23:08;0;0
10-15-2009 23:09;0;0
10-15-2009 23:10;259;0
10-15-2009 23:11;517;0
10-15-2009 23:12;667;0
10-15-2009 23:13;646;0
10-15-2009 23:14;587;0
10-15-2009 23:15;626;0
10-15-2009 23:16;517;0
10-15-2009 23:17;835;0
10-15-2009 23:18;890;0
10-15-2009 23:19;783;0
10-15-2009 23:20;1146;1
10-15-2009 23:21;1300;1
10-15-2009 23:22;52;0
10-15-2009 23:23;49;0
10-15-2009 23:24;24;0
10-15-2009 23:25;46;0
10-15-2009 23:26;0;0
10-15-2009 23:27;0;0
10-15-2009 23:28;0;0
10-15-2009 23:29;0;0
10-15-2009 23:30;0;0
10-15-2009 23:31;0;0
10-15-2009 23:32;0;0
10-15-2009 23:33;0;0
10-15-2009 23:34;0;0
10-15-2009 23:35;0;0
10-15-2009 23:36;0;0
10-15-2009 23:37;0;0
10-15-2009 23:38;0;0
10-15-2009 23:39;0;0
10-15-2009 23:40;0;0
10-15-2009 23:41;0;0
10-15-2009 23:42;0;0
10-15-2009 23:43;0;0
10-15-2009 23:44;0;0
10-15-2009 23:45;0;0
10-15-2009 23:46;0;0
10-15-2009 23:47;0;0
10-15-2009 23:48;0;0
10-15-2009 23:49;0;0
10-15-2009 23:50;0;0
10-15-2009 23:51;0;0
10-15-2009 23:52;0;0
10-15-2009 23:53;0;0
10-15-2009 23:54;0;0
10-15-2009 23:55;0;0
10-15-2009 23:56;61;0
10-15-2009 23:57;0;0
10-15-2009 23:58;0;0
10-15-2009 23:59;0;0
10-16-2009 00:00;0;0
10-16-2009 00:01;0;0
10-16-2009 00:02;0;0
10-16-2009 00:03;0;0
10-16-2009 00:04;0;0
10-16-2009 00:05;0;0
10-16-2009 00:06;0;0
10-16-2009 00:07;0;0
10-16-2009 00:08;0;0
10-16-2009 00:09;0;0
10-16-2009 00:10;0;0
10-16-2009 00:11;61;0
10-16-2009 00:12;0;0
10-16-2009 00:13;0;0
10-16-2009 00:14;0;0
10-16-2009 00:15;0;0
10-16-2009 00:16;0;0
10-16-2009 00:17;0;0
10-16-2009 00:18;0;0
10-16-2009 00:19;0;0
10-16-2009 00:20;0;0
10-16-2009 00:21;0;0
10-16-2009 00:22;116;0
10-16-2009 00:23;0;0
10-16-2009 00:24;0;0
10-16-2009 00:25;0;0
10-16-2009 00:26;0;0
10-16-2009 00:27;0;0
10-16-2009 00:28;0;0
10-16-2009 00:29;0;0
10-16-2009 00:30;0;0
10-16-2009 00:31;0;0
10-16-2009 00:32;0;0
10-16-2009 00:33;0;0
10-16-2009 00:34;0;0
10-16-2009 00:35;0;0
10-16-2009 00:36;0;0
10-16-2009 00:37;0;0
10-16-2009 00:38;0;0
10-16-2009 00:39;0;0
10-16-2009 00:40;0;0
10-16-2009 00:41;0;0
10-16-2009 00:42;0;0
10-16-2009 00:43;0;0
10-16-2009 00:44;0;0
10-16-2009 00:45;0;0
10-16-2009 00:46;0;0
10-16-2009 00:47;0;0
10-16-2009 00:48;0;0
10-16-2009 00:49;0;0
10-16-2009 00:50;0;0
10-16-2009 00:51;0;0
10-16-2009 00:52;0;0
10-16-2009 00:53;0;0
10-16-2009 00:54;76;0
10-16-2009 00:55;0;0
10-16-2009 00:56;0;0
10-16-2009 00:57;0;0
10-16-2009 00:58;12;0
10-16-2009 00:59;0;0
10-16-2009 01:00;0;0
10-16-2009 01:01;0;0
10-16-2009 01:02;0;0
10-16-2009 01:03;143;0
10-16-2009 01:04;0;0
10-16-2009 01:05;125;0
10-16-2009 01:06;0;0
10-16-2009 01:07;38;0
10-16-2009 01:08;0;0
10-16-2009 01:09;0;0
10-16-2009 01:10;0;0
10-16-2009 01:11;0;0
10-16-2009 01:12;0;0
10-16-2009 01:13;0;0
10-16-2009 01:14;0;0
10-16-2009 01:15;0;0
10-16-2009 01:16;0;0
10-16-2009 01:17;0;0
10-16-2009 01:18;0;0
10-16-2009 01:19;0;0
10-16-2009 01:20;0;0
10-16-2009 01:21;30;0
10-16-2009 01:22;0;0
10-16-2009 01:23;0;0
10-16-2009 01:24;8;0
10-16-2009 01:25;0;0
10-16-2009 01:26;0;0
10-16-2009 01:27;0;0
10-16-2009 01:28;0;0
10-16-2009 01:29;0;0
10-16-2009 01:30;0;0
10-16-2009 01:31;0;0
10-16-2009 01:32;0;0
10-16-2009 01:33;0;0
10-16-2009 01:34;0;0
10-16-2009 01:35;0;0
10-16-2009 01:36;0;0
10-16-2009 01:37;0;0
10-16-2009 01:38;0;0
10-16-2009 01:39;0;0
10-16-2009 01:40;0;0
10-16-2009 01:41;0;0
10-16-2009 01:42;0;0
10-16-2009 01:43;0;0
10-16-2009 01:44;0;0
10-16-2009 01:45;0;0
10-16-2009 01:46;0;0
10-16-2009 01:47;0;0
10-16-2009 01:48;0;0
10-16-2009 01:49;0;0
10-16-2009 01:50;0;0
10-16-2009 01:51;0;0
10-16-2009 01:52;0;0
10-16-2009 01:53;0;0
10-16-2009 01:54;0;0
10-16-2009 01:55;0;0
10-16-2009 01:56;0;0
10-16-2009 01:57;0;0
10-16-2009 01:58;0;0
10-16-2009 01:59;0;0
10-16-2009 02:00;0;0
10-16-2009 02:01;0;0
10-16-2009 02:02;35;0
10-16-2009 02:03;0;0
10-16-2009 02:04;0;0
10-16-2009 02:05;0;0
10-16-2009 02:06;0;0
10-16-2009 02:07;0;0
10-16-2009 02:08;0;0
10-16-2009 02:09;0;0
10-16-2009 02:10;0;0
10-16-2009 02:11;0;0
10-16-2009 02:12;0;0
10-16-2009 02:13;0;0
10-16-2009 02:14;0;0
10-16-2009 02:15;0;0
10-16-2009 02:16;0;0
10-16-2009 02:17;0;0
10-16-2009 02:18;0;0
10-16-2009 02:19;0;0
10-16-2009 02:20;0;0
10-16-2009 02:21;0;0
10-16-2009 02:22;0;0
10-16-2009 02:23;0;0
10-16-2009 02:24;0;0
10-16-2009 02:25;0;0
10-16-2009 02:26;0;0
10-16-2009 02:27;0;0
10-16-2009 02:28;0;0
10-16-2009 02:29;0;0
10-16-2009 02:30;0;0
10-16-2009 02:31;0;0
10-16-2009 02:32;0;0
10-16-2009 02:33;0;0
10-16-2009 02:34;0;0
10-16-2009 02:35;0;0
10-16-2009 02:36;0;0
10-16-2009 02:37;0;0
10-16-2009 02:38;0;0
10-16-2009 02:39;0;0
10-16-2009 02:40;0;0
10-16-2009 02:41;0;0
10-16-2009 02:42;0;0
10-16-2009 02:43;0;0
10-16-2009 02:44;0;0
10-16-2009 02:45;0;0
10-16-2009 02:46;0;0
10-16-2009 02:47;0;0
10-16-2009 02:48;0;0
10-16-2009 02:49;0;0
10-16-2009 02:50;17;0
10-16-2009 02:51;0;0
10-16-2009 02:52;386;0
10-16-2009 02:53;277;0
10-16-2009 02:54;361;0
10-16-2009 02:55;338;0
10-16-2009 02:56;361;0
10-16-2009 02:57;349;0
10-16-2009 02:58;398;0
10-16-2009 02:59;386;0
10-16-2009 03:00;349;0
10-16-2009 03:01;361;0
10-16-2009 03:02;107;0
10-16-2009 03:03;0;0
10-16-2009 03:04;454;0
10-16-2009 03:05;306;0
10-16-2009 03:06;15;0
10-16-2009 03:07;0;0
10-16-2009 03:08;0;0
10-16-2009 03:09;0;0
10-16-2009 03:10;0;0
10-16-2009 03:11;0;0
10-16-2009 03:12;0;0
10-16-2009 03:13;0;0
10-16-2009 03:14;98;0
10-16-2009 03:15;0;0
10-16-2009 03:16;0;0
10-16-2009 03:17;0;0
10-16-2009 03:18;0;0
10-16-2009 03:19;0;0
10-16-2009 03:20;0;0
10-16-2009 03:21;0;0
10-16-2009 03:22;0;0
10-16-2009 03:23;0;0
10-16-2009 03:24;0;0
10-16-2009 03:25;0;0
10-16-2009 03:26;0;0
10-16-2009 03:27;0;0
10-16-2009 03:28;0;0
10-16-2009 03:29;0;0
10-16-2009 03:30;0;0
10-16-2009 03:31;0;0
10-16-2009 03:32;0;0
10-16-2009 03:33;0;0
10-16-2009 03:34;0;0
10-16-2009 03:35;0;0
10-16-2009 03:36;0;0
10-16-2009 03:37;0;0
10-16-2009 03:38;0;0
10-16-2009 03:39;0;0
10-16-2009 03:40;0;0
10-16-2009 03:41;0;0
10-16-2009 03:42;0;0
10-16-2009 03:43;0;0
10-16-2009 03:44;0;0
10-16-2009 03:45;0;0
10-16-2009 03:46;0;0
10-16-2009 03:47;0;0
10-16-2009 03:48;0;0
10-16-2009 03:49;0;0
10-16-2009 03:50;0;0
10-16-2009 03:51;0;0
10-16-2009 03:52;0;0
10-16-2009 03:53;0;0
10-16-2009 03:54;0;0
10-16-2009 03:55;0;0
10-16-2009 03:56;0;0
10-16-2009 03:57;0;0
10-16-2009 03:58;0;0
10-16-2009 03:59;0;0
10-16-2009 04:00;0;0
10-16-2009 04:01;0;0
10-16-2009 04:02;0;0
10-16-2009 04:03;0;0
10-16-2009 04:04;0;0
10-16-2009 04:05;0;0
10-16-2009 04:06;0;0
10-16-2009 04:07;0;0
10-16-2009 04:08;0;0
10-16-2009 04:09;0;0
10-16-2009 04:10;0;0
10-16-2009 04:11;0;0
10-16-2009 04:12;0;0
10-16-2009 04:13;0;0
10-16-2009 04:14;0;0
10-16-2009 04:15;0;0
10-16-2009 04:16;0;0
10-16-2009 04:17;0;0
10-16-2009 04:18;0;0
10-16-2009 04:19;0;0
10-16-2009 04:20;0;0
10-16-2009 04:21;0;0
10-16-2009 04:22;0;0
10-16-2009 04:23;32;0
10-16-2009 04:24;0;0
10-16-2009 04:25;0;0
10-16-2009 04:26;0;0
10-16-2009 04:27;0;0
10-16-2009 04:28;259;0
10-16-2009 04:29;27;0
10-16-2009 04:30;0;0
10-16-2009 04:31;0;0
10-16-2009 04:32;0;0
10-16-2009 04:33;0;0
10-16-2009 04:34;0;0
10-16-2009 04:35;0;0
10-16-2009 04:36;0;0
10-16-2009 04:37;0;0
10-16-2009 04:38;0;0
10-16-2009 04:39;0;0
10-16-2009 04:40;0;0
10-16-2009 04:41;0;0
10-16-2009 04:42;0;0
10-16-2009 04:43;0;0
10-16-2009 04:44;0;0
10-16-2009 04:45;0;0
10-16-2009 04:46;0;0
10-16-2009 04:47;0;0
10-16-2009 04:48;0;0
10-16-2009 04:49;0;0
10-16-2009 04:50;0;0
10-16-2009 04:51;0;0
10-16-2009 04:52;0;0
10-16-2009 04:53;0;0
10-16-2009 04:54;0;0
10-16-2009 04:55;0;0
10-16-2009 04:56;0;0
10-16-2009 04:57;0;0
10-16-2009 04:58;0;0
10-16-2009 04:59;0;0
10-16-2009 05:00;0;0
10-16-2009 05:01;0;0
10-16-2009 05:02;0;0
10-16-2009 05:03;0;0
10-16-2009 05:04;0;0
10-16-2009 05:05;0;0
10-16-2009 05:06;0;0
10-16-2009 05:07;0;0
10-16-2009 05:08;0;0
10-16-2009 05:09;0;0
10-16-2009 05:10;0;0
10-16-2009 05:11;6;0
10-16-2009 05:12;0;0
10-16-2009 05:13;0;0
10-16-2009 05:14;0;0
10-16-2009 05:15;0;0
10-16-2009 05:16;0;0
10-16-2009 05:17;0;0
10-16-2009 05:18;0;0
10-16-2009 05:19;0;0
10-16-2009 05:20;0;0
10-16-2009 05:21;130;0
10-16-2009 05:22;0;0
10-16-2009 05:23;0;0
10-16-2009 05:24;0;0
10-16-2009 05:25;0;0
10-16-2009 05:26;0;0
10-16-2009 05:27;0;0
10-16-2009 05:28;0;0
10-16-2009 05:29;0;0
10-16-2009 05:30;0;0
10-16-2009 05:31;0;0
10-16-2009 05:32;0;0
10-16-2009 05:33;0;0
10-16-2009 05:34;0;0
10-16-2009 05:35;0;0
10-16-2009 05:36;0;0
10-16-2009 05:37;0;0
10-16-2009 05:38;0;0
10-16-2009 05:39;0;0
10-16-2009 05:40;0;0
10-16-2009 05:41;0;0
10-16-2009 05:42;0;0
10-16-2009 05:43;0;0
10-16-2009 05:44;0;0
10-16-2009 05:45;0;0
10-16-2009 05:46;0;0
10-16-2009 05:47;0;0
10-16-2009 05:48;0;0
10-16-2009 05:49;0;0
10-16-2009 05:50;0;0
10-16-2009 05:51;0;0
10-16-2009 05:52;0;0
10-16-2009 05:53;0;0
10-16-2009 05:54;0;0
10-16-2009 05:55;0;0
10-16-2009 05:56;0;0
10-16-2009 05:57;0;0
10-16-2009 05:58;0;0
10-16-2009 05:59;0;0
10-16-2009 06:00;0;0
10-16-2009 06:01;0;0
10-16-2009 06:02;0;0
10-16-2009 06:03;0;0
10-16-2009 06:04;0;0
10-16-2009 06:05;0;0
10-16-2009 06:06;0;0
10-16-2009 06:07;277;0
10-16-2009 06:08;0;0
10-16-2009 06:09;0;0
10-16-2009 06:10;0;0
10-16-2009 06:11;296;0
10-16-2009 06:12;0;0
10-16-2009 06:13;32;0
10-16-2009 06:14;626;0
10-16-2009 06:15;1146;1
10-16-2009 06:16;0;0
10-16-2009 06:17;0;0
10-16-2009 06:18;0;0
10-16-2009 06:19;11;0
10-16-2009 06:20;0;0
10-16-2009 06:21;0;0
10-16-2009 06:22;160;0
10-16-2009 06:23;0;0
10-16-2009 06:24;0;0
10-16-2009 06:25;306;0
10-16-2009 06:26;454;0
10-16-2009 06:27;349;0
10-16-2009 06:28;67;0
10-16-2009 06:29;0;0
10-16-2009 06:30;454;0
10-16-2009 06:31;58;0
10-16-2009 06:32;349;0
10-16-2009 06:33;70;0
10-16-2009 06:34;40;0
10-16-2009 06:35;20;0
10-16-2009 06:36;38;0
10-16-2009 06:37;0;0
10-16-2009 06:38;52;0
10-16-2009 06:39;1146;1
10-16-2009 06:40;0;0
10-16-2009 06:41;88;0
10-16-2009 06:42;0;0
10-16-2009 06:43;0;0
10-16-2009 06:44;0;0
10-16-2009 06:45;184;0
10-16-2009 06:46;0;0
10-16-2009 06:47;0;0
10-16-2009 06:48;212;0
10-16-2009 06:49;61;0
10-16-2009 06:50;0;0
10-16-2009 06:51;0;0
10-16-2009 06:52;0;0
10-16-2009 06:53;0;0
10-16-2009 06:54;0;0
10-16-2009 06:55;9;0
10-16-2009 06:56;0;0
10-16-2009 06:57;0;0
10-16-2009 06:58;0;0
10-16-2009 06:59;0;0
10-16-2009 07:00;0;0
10-16-2009 07:01;0;0
10-16-2009 07:02;5;0
10-16-2009 07:03;0;0
10-16-2009 07:04;0;0
10-16-2009 07:05;0;0
10-16-2009 07:06;0;0
10-16-2009 07:07;0;0
10-16-2009 07:08;0;0
10-16-2009 07:09;134;0
10-16-2009 07:10;712;0
10-16-2009 07:11;296;0
10-16-2009 07:12;411;0
10-16-2009 07:13;130;0
10-16-2009 07:14;235;0
10-16-2009 07:15;148;0
10-16-2009 07:16;219;0
10-16-2009 07:17;0;0
10-16-2009 07:18;0;0
10-16-2009 07:19;0;0
10-16-2009 07:20;5;0
10-16-2009 07:21;386;0
10-16-2009 07:22;919;0
10-16-2009 07:23;948;0
10-16-2009 07:24;919;0
10-16-2009 07:25;1221;1
10-16-2009 07:26;734;0
10-16-2009 07:27;835;0
10-16-2009 07:28;734;0
10-16-2009 07:29;349;0
10-16-2009 07:30;689;0
10-16-2009 07:31;204;0
10-16-2009 07:32;190;0
10-16-2009 07:33;517;0
10-16-2009 07:34;568;0
10-16-2009 07:35;296;0
10-16-2009 07:36;948;0
10-16-2009 07:37;712;0
10-16-2009 07:38;386;0
10-16-2009 07:39;500;0
10-16-2009 07:40;373;0
10-16-2009 07:41;568;0
10-16-2009 07:42;277;0
10-16-2009 07:43;689;0
10-16-2009 07:44;439;0
10-16-2009 07:45;349;0
10-16-2009 07:46;306;0
10-16-2009 07:47;73;0
10-16-2009 07:48;12;0
10-16-2009 07:49;73;0
10-16-2009 07:50;361;0
10-16-2009 07:51;296;0
10-16-2009 07:52;38;0
10-16-2009 07:53;184;0
10-16-2009 07:54;286;0
10-16-2009 07:55;190;0
10-16-2009 07:56;148;0
10-16-2009 07:57;361;0
10-16-2009 07:58;178;0
10-16-2009 07:59;0;0
10-16-2009 08:00;0;0
10-16-2009 08:01;0;0
10-16-2009 08:02;0;0
10-16-2009 08:03;386;0
10-16-2009 08:04;454;0
10-16-2009 08:05;178;0
10-16-2009 08:06;277;0
10-16-2009 08:07;646;0
10-16-2009 08:08;411;0
10-16-2009 08:09;1042;1
10-16-2009 08:10;734;0
10-16-2009 08:11;517;0
10-16-2009 08:12;809;0
10-16-2009 08:13;361;0
10-16-2009 08:14;172;0
10-16-2009 08:15;38;0
10-16-2009 08:16;64;0
10-16-2009 08:17;0;0
10-16-2009 08:18;125;0
10-16-2009 08:19;0;0
10-16-2009 08:20;64;0
10-16-2009 08:21;15;0
10-16-2009 08:22;398;0
10-16-2009 08:23;338;0
10-16-2009 08:24;454;0
10-16-2009 08:25;98;0
10-16-2009 08:26;40;0
10-16-2009 08:27;8;0
10-16-2009 08:28;17;0
10-16-2009 08:29;3;0
10-16-2009 08:30;0;0
10-16-2009 08:31;0;0
10-16-2009 08:32;34;0
10-16-2009 08:33;154;0
10-16-2009 08:34;0;0
10-16-2009 08:35;44;0
10-16-2009 08:36;0;0
10-16-2009 08:37;0;0
10-16-2009 08:38;0;0
10-16-2009 08:39;67;0
10-16-2009 08:40;58;0
10-16-2009 08:41;11;0
10-16-2009 08:42;134;0
10-16-2009 08:43;79;0
10-16-2009 08:44;111;0
10-16-2009 08:45;73;0
10-16-2009 08:46;27;0
10-16-2009 08:47;0;0
10-16-2009 08:48;160;0
10-16-2009 08:49;469;0
10-16-2009 08:50;349;0
10-16-2009 08:51;386;0
10-16-2009 08:52;14;0
10-16-2009 08:53;11;0
10-16-2009 08:54;3;0
10-16-2009 08:55;3;0
10-16-2009 08:56;139;0
10-16-2009 08:57;550;0
10-16-2009 08:58;134;0
10-16-2009 08:59;34;0
10-16-2009 09:00;107;0
10-16-2009 09:01;43;0
10-16-2009 09:02;469;0
10-16-2009 09:03;500;0
10-16-2009 09:04;469;0
10-16-2009 09:05;349;0
10-16-2009 09:06;485;0
10-16-2009 09:07;890;0
10-16-2009 09:08;485;0
10-16-2009 09:09;425;0
10-16-2009 09:10;439;0
10-16-2009 09:11;439;0
10-16-2009 09:12;439;0
10-16-2009 09:13;667;0
10-16-2009 09:14;500;0
10-16-2009 09:15;759;0
10-16-2009 09:16;862;0
10-16-2009 09:17;1384;1
10-16-2009 09:18;1042;1
10-16-2009 09:19;23;0
10-16-2009 09:20;26;0
10-16-2009 09:21;373;0
10-16-2009 09:22;469;0
10-16-2009 09:23;373;0
10-16-2009 09:24;411;0
10-16-2009 09:25;197;0
10-16-2009 09:26;49;0
10-16-2009 09:27;15;0
10-16-2009 09:28;286;0
10-16-2009 09:29;759;0
10-16-2009 09:30;454;0
10-16-2009 09:31;606;0
10-16-2009 09:32;759;0
10-16-2009 09:33;38;0
10-16-2009 09:34;0;0
10-16-2009 09:35;0;0
10-16-2009 09:36;0;0
10-16-2009 09:37;0;0
10-16-2009 09:38;0;0
10-16-2009 09:39;0;0
10-16-2009 09:40;0;0
10-16-2009 09:41;0;0
10-16-2009 09:42;0;0
10-16-2009 09:43;0;0
10-16-2009 09:44;0;0
10-16-2009 09:45;0;0
10-16-2009 09:46;0;0
10-16-2009 09:47;0;0
10-16-2009 09:48;1042;1
10-16-2009 09:49;1010;0
10-16-2009 09:50;1221;1
10-16-2009 09:51;1221;1
10-16-2009 09:52;978;0
10-16-2009 09:53;809;0
10-16-2009 09:54;1341;1
10-16-2009 09:55;1010;0
10-16-2009 09:56;1221;1
10-16-2009 09:57;1428;1
10-16-2009 09:58;1076;1
10-16-2009 09:59;1042;1
10-16-2009 10:00;533;0
10-16-2009 10:01;306;0
10-16-2009 10:02;411;0
10-16-2009 10:03;454;0
10-16-2009 10:04;550;0
10-16-2009 10:05;454;0
10-16-2009 10:06;469;0
10-16-2009 10:07;425;0
10-16-2009 10:08;500;0
10-16-2009 10:09;626;0
10-16-2009 10:10;809;0
10-16-2009 10:11;485;0
10-16-2009 10:12;338;0
10-16-2009 10:13;349;0
10-16-2009 10:14;125;0
10-16-2009 10:15;259;0
10-16-2009 10:16;386;0
10-16-2009 10:17;328;0
10-16-2009 10:18;626;0
10-16-2009 10:19;626;0
10-16-2009 10:20;454;0
10-16-2009 10:21;517;0
10-16-2009 10:22;626;0
10-16-2009 10:23;568;0
10-16-2009 10:24;550;0
10-16-2009 10:25;783;0
10-16-2009 10:26;1474;1
10-16-2009 10:27;862;0
10-16-2009 10:28;1260;1
10-16-2009 10:29;783;0
10-16-2009 10:30;667;0
10-16-2009 10:31;361;0
10-16-2009 10:32;485;0
10-16-2009 10:33;242;0
10-16-2009 10:34;154;0
10-16-2009 10:35;550;0
10-16-2009 10:36;568;0
10-16-2009 10:37;197;0
10-16-2009 10:38;286;0
10-16-2009 10:39;286;0
10-16-2009 10:40;328;0
10-16-2009 10:41;626;0
10-16-2009 10:42;227;0
10-16-2009 10:43;386;0
10-16-2009 10:44;166;0
10-16-2009 10:45;102;0
10-16-2009 10:46;102;0
10-16-2009 10:47;439;0
10-16-2009 10:48;349;0
10-16-2009 10:49;862;0
10-16-2009 10:50;809;0
10-16-2009 10:51;1260;1
10-16-2009 10:52;835;0
10-16-2009 10:53;349;0
10-16-2009 10:54;172;0
10-16-2009 10:55;49;0
10-16-2009 10:56;306;0
10-16-2009 10:57;606;0
10-16-2009 10:58;277;0
10-16-2009 10:59;485;0
10-16-2009 11:00;783;0
10-16-2009 11:01;759;0
10-16-2009 11:02;550;0
10-16-2009 11:03;349;0
10-16-2009 11:04;373;0
10-16-2009 11:05;500;0
10-16-2009 11:06;361;0
10-16-2009 11:07;9;0
10-16-2009 11:08;40;0
10-16-2009 11:09;37;0
10-16-2009 11:10;35;0
10-16-2009 11:11;15;0
10-16-2009 11:12;32;0
10-16-2009 11:13;23;0
10-16-2009 11:14;0;0
10-16-2009 11:15;52;0
10-16-2009 11:16;8;0
10-16-2009 11:17;30;0
10-16-2009 11:18;49;0
10-16-2009 11:19;41;0
10-16-2009 11:20;3;0
10-16-2009 11:21;8;0
10-16-2009 11:22;15;0
10-16-2009 11:23;70;0
10-16-2009 11:24;0;0
10-16-2009 11:25;0;0
10-16-2009 11:26;0;0
10-16-2009 11:27;0;0
10-16-2009 11:28;0;0
10-16-2009 11:29;0;0
10-16-2009 11:30;0;0
10-16-2009 11:31;0;0
10-16-2009 11:32;0;0
10-16-2009 11:33;0;0
10-16-2009 11:34;0;0
10-16-2009 11:35;0;0
10-16-2009 11:36;0;0
10-16-2009 11:37;166;0
10-16-2009 11:38;587;0
10-16-2009 11:39;296;0
10-16-2009 11:40;890;0
10-16-2009 11:41;890;0
10-16-2009 11:42;948;0
10-16-2009 11:43;948;0
10-16-2009 11:44;835;0
10-16-2009 11:45;1042;1
10-16-2009 11:46;296;0
10-16-2009 11:47;454;0
10-16-2009 11:48;948;0
10-16-2009 11:49;517;0
10-16-2009 11:50;568;0
10-16-2009 11:51;734;0
10-16-2009 11:52;689;0
10-16-2009 11:53;338;0
10-16-2009 11:54;783;0
10-16-2009 11:55;485;0
10-16-2009 11:56;890;0
10-16-2009 11:57;759;0
10-16-2009 11:58;1076;1
10-16-2009 11:59;783;0
10-16-2009 12:00;1010;0
10-16-2009 12:01;606;0
10-16-2009 12:02;890;0
10-16-2009 12:03;425;0
10-16-2009 12:04;411;0
10-16-2009 12:05;172;0
10-16-2009 12:06;3;0
10-16-2009 12:07;130;0
10-16-2009 12:08;139;0
10-16-2009 12:09;0;0
10-16-2009 12:10;0;0
10-16-2009 12:11;0;0
10-16-2009 12:12;0;0
10-16-2009 12:13;0;0
10-16-2009 12:14;0;0
10-16-2009 12:15;0;0
10-16-2009 12:16;0;0
10-16-2009 12:17;0;0
10-16-2009 12:18;0;0
10-16-2009 12:19;0;0
10-16-2009 12:20;0;0
10-16-2009 12:21;0;0
10-16-2009 12:22;0;0
10-16-2009 12:23;0;0
10-16-2009 12:24;0;0
10-16-2009 12:25;0;0
10-16-2009 12:26;0;0
10-16-2009 12:27;0;0
10-16-2009 12:28;0;0
10-16-2009 12:29;0;0
10-16-2009 12:30;0;0
10-16-2009 12:31;0;0
10-16-2009 12:32;0;0
10-16-2009 12:33;0;0
10-16-2009 12:34;0;0
10-16-2009 12:35;0;0
10-16-2009 12:36;0;0
10-16-2009 12:37;0;0
10-16-2009 12:38;0;0
10-16-2009 12:39;0;0
10-16-2009 12:40;0;0
10-16-2009 12:41;0;0
10-16-2009 12:42;0;0
10-16-2009 12:43;0;0
10-16-2009 12:44;0;0
10-16-2009 12:45;0;0
10-16-2009 12:46;0;0
10-16-2009 12:47;0;0
10-16-2009 12:48;0;0
10-16-2009 12:49;0;0
10-16-2009 12:50;0;0
10-16-2009 12:51;0;0
10-16-2009 12:52;0;0
10-16-2009 12:53;0;0
10-16-2009 12:54;0;0
10-16-2009 12:55;0;0
10-16-2009 12:56;0;0
10-16-2009 12:57;0;0
10-16-2009 12:58;0;0
10-16-2009 12:59;0;0
10-16-2009 13:00;0;0
10-16-2009 13:01;0;0
10-16-2009 13:02;3;0
10-16-2009 13:03;0;0
10-16-2009 13:04;98;0
10-16-2009 13:05;29;0
10-16-2009 13:06;0;0
10-16-2009 13:07;0;0
10-16-2009 13:08;139;0
10-16-2009 13:09;890;0
10-16-2009 13:10;667;0
10-16-2009 13:11;398;0
10-16-2009 13:12;533;0
10-16-2009 13:13;439;0
10-16-2009 13:14;411;0
10-16-2009 13:15;166;0
10-16-2009 13:16;550;0
10-16-2009 13:17;485;0
10-16-2009 13:18;568;0
10-16-2009 13:19;277;0
10-16-2009 13:20;116;0
10-16-2009 13:21;148;0
10-16-2009 13:22;212;0
10-16-2009 13:23;411;0
10-16-2009 13:24;667;0
10-16-2009 13:25;49;0
10-16-2009 13:26;328;0
10-16-2009 13:27;809;0
10-16-2009 13:28;550;0
10-16-2009 13:29;734;0
10-16-2009 13:30;1620;1
10-16-2009 13:31;734;0
10-16-2009 13:32;1221;1
10-16-2009 13:33;1341;1
10-16-2009 13:34;1111;1
10-16-2009 13:35;689;0
10-16-2009 13:36;734;0
10-16-2009 13:37;667;0
10-16-2009 13:38;759;0
10-16-2009 13:39;587;0
10-16-2009 13:40;809;0
10-16-2009 13:41;712;0
10-16-2009 13:42;606;0
10-16-2009 13:43;646;0
10-16-2009 13:44;550;0
10-16-2009 13:45;286;0
10-16-2009 13:46;37;0
10-16-2009 13:47;500;0
10-16-2009 13:48;454;0
10-16-2009 13:49;978;0
10-16-2009 13:50;606;0
10-16-2009 13:51;306;0
10-16-2009 13:52;44;0
10-16-2009 13:53;890;0
10-16-2009 13:54;759;0
10-16-2009 13:55;862;0
10-16-2009 13:56;373;0
10-16-2009 13:57;166;0
10-16-2009 13:58;500;0
10-16-2009 13:59;485;0
10-16-2009 14:00;646;0
10-16-2009 14:01;1341;1
10-16-2009 14:02;759;0
10-16-2009 14:03;61;0
10-16-2009 14:04;172;0
10-16-2009 14:05;250;0
10-16-2009 14:06;0;0
10-16-2009 14:07;130;0
10-16-2009 14:08;94;0
10-16-2009 14:09;212;0
10-16-2009 14:10;134;0
10-16-2009 14:11;82;0
10-16-2009 14:12;689;0
10-16-2009 14:13;338;0
10-16-2009 14:14;338;0
10-16-2009 14:15;277;0
10-16-2009 14:16;277;0
10-16-2009 14:17;338;0
10-16-2009 14:18;469;0
10-16-2009 14:19;361;0
10-16-2009 14:20;533;0
10-16-2009 14:21;439;0
10-16-2009 14:22;250;0
10-16-2009 14:23;361;0
10-16-2009 14:24;0;0
10-16-2009 14:25;0;0
10-16-2009 14:26;0;0
10-16-2009 14:27;34;0
10-16-2009 14:28;30;0
10-16-2009 14:29;47;0
10-16-2009 14:30;5;0
10-16-2009 14:31;49;0
10-16-2009 14:32;17;0
10-16-2009 14:33;14;0
10-16-2009 14:34;26;0
10-16-2009 14:35;35;0
10-16-2009 14:36;14;0
10-16-2009 14:37;0;0
10-16-2009 14:38;20;0
10-16-2009 14:39;43;0
10-16-2009 14:40;67;0
10-16-2009 14:41;30;0
10-16-2009 14:42;70;0
10-16-2009 14:43;64;0
10-16-2009 14:44;82;0
10-16-2009 14:45;242;0
10-16-2009 14:46;91;0
10-16-2009 14:47;47;0
10-16-2009 14:48;70;0
10-16-2009 14:49;27;0
10-16-2009 14:50;12;0
10-16-2009 14:51;44;0
10-16-2009 14:52;49;0
10-16-2009 14:53;27;0
10-16-2009 14:54;8;0
10-16-2009 14:55;82;0
10-16-2009 14:56;3;0
10-16-2009 14:57;21;0
10-16-2009 14:58;5;0
10-16-2009 14:59;0;0
10-16-2009 15:00;55;0
10-16-2009 15:01;49;0
10-16-2009 15:02;70;0
10-16-2009 15:03;0;0
10-16-2009 15:04;148;0
10-16-2009 15:05;568;0
10-16-2009 15:06;425;0
10-16-2009 15:07;835;0
10-16-2009 15:08;425;0
10-16-2009 15:09;328;0
10-16-2009 15:10;286;0
10-16-2009 15:11;178;0
10-16-2009 15:12;296;0
10-16-2009 15:13;689;0
10-16-2009 15:14;862;0
10-16-2009 15:15;978;0
10-16-2009 15:16;79;0
10-16-2009 15:17;734;0
10-16-2009 15:18;1042;1
10-16-2009 15:19;1836;1
10-16-2009 15:20;1221;1
10-16-2009 15:21;835;0
10-16-2009 15:22;809;0
10-16-2009 15:23;439;0
10-16-2009 15:24;1146;1
10-16-2009 15:25;1111;1
10-16-2009 15:26;712;0
10-16-2009 15:27;277;0
10-16-2009 15:28;160;0
10-16-2009 15:29;500;0
10-16-2009 15:30;809;0
10-16-2009 15:31;469;0
10-16-2009 15:32;386;0
10-16-2009 15:33;102;0
10-16-2009 15:34;425;0
10-16-2009 15:35;373;0
10-16-2009 15:36;890;0
10-16-2009 15:37;398;0
10-16-2009 15:38;667;0
10-16-2009 15:39;919;0
10-16-2009 15:40;809;0
10-16-2009 15:41;712;0
10-16-2009 15:42;734;0
10-16-2009 15:43;1182;1
10-16-2009 15:44;1146;1
10-16-2009 15:45;1300;1
10-16-2009 15:46;1521;1
10-16-2009 15:47;948;0
10-16-2009 15:48;1260;1
10-16-2009 15:49;689;0
10-16-2009 15:50;361;0
10-16-2009 15:51;568;0
10-16-2009 15:52;978;0
10-16-2009 15:53;259;0
10-16-2009 15:54;1260;1
10-16-2009 15:55;91;0
10-16-2009 15:56;349;0
10-16-2009 15:57;328;0
10-16-2009 15:58;227;0
10-16-2009 15:59;500;0
10-16-2009 16:00;349;0
10-16-2009 16:01;91;0
10-16-2009 16:02;70;0
10-16-2009 16:03;386;0
10-16-2009 16:04;398;0
10-16-2009 16:05;568;0
10-16-2009 16:06;398;0
10-16-2009 16:07;626;0
10-16-2009 16:08;759;0
10-16-2009 16:09;204;0
10-16-2009 16:10;587;0
10-16-2009 16:11;116;0
10-16-2009 16:12;667;0
10-16-2009 16:13;500;0
10-16-2009 16:14;948;0
10-16-2009 16:15;550;0
10-16-2009 16:16;425;0
10-16-2009 16:17;361;0
10-16-2009 16:18;116;0
10-16-2009 16:19;212;0
10-16-2009 16:20;439;0
10-16-2009 16:21;469;0
10-16-2009 16:22;454;0
10-16-2009 16:23;1076;1
10-16-2009 16:24;1620;1
10-16-2009 16:25;606;0
10-16-2009 16:26;1182;1
10-16-2009 16:27;712;0
10-16-2009 16:28;338;0
10-16-2009 16:29;646;0
10-16-2009 16:30;550;0
10-16-2009 16:31;1182;1
10-16-2009 16:32;646;0
10-16-2009 16:33;277;0
10-16-2009 16:34;517;0
10-16-2009 16:35;296;0
10-16-2009 16:36;130;0
10-16-2009 16:37;134;0
10-16-2009 16:38;411;0
10-16-2009 16:39;134;0
10-16-2009 16:40;469;0
10-16-2009 16:41;568;0
10-16-2009 16:42;500;0
10-16-2009 16:43;919;0
10-16-2009 16:44;646;0
10-16-2009 16:45;411;0
10-16-2009 16:46;107;0
10-16-2009 16:47;398;0
10-16-2009 16:48;277;0
10-16-2009 16:49;890;0
10-16-2009 16:50;227;0
10-16-2009 16:51;373;0
10-16-2009 16:52;809;0
10-16-2009 16:53;469;0
10-16-2009 16:54;606;0
10-16-2009 16:55;862;0
10-16-2009 16:56;978;0
10-16-2009 16:57;759;0
10-16-2009 16:58;386;0
10-16-2009 16:59;361;0
10-16-2009 17:00;550;0
10-16-2009 17:01;948;0
10-16-2009 17:02;485;0
10-16-2009 17:03;398;0
10-16-2009 17:04;712;0
10-16-2009 17:05;1146;1
10-16-2009 17:06;835;0
10-16-2009 17:07;862;0
10-16-2009 17:08;1300;1
10-16-2009 17:09;948;0
10-16-2009 17:10;626;0
10-16-2009 17:11;759;0
10-16-2009 17:12;517;0
10-16-2009 17:13;328;0
10-16-2009 17:14;890;0
10-16-2009 17:15;517;0
10-16-2009 17:16;197;0
10-16-2009 17:17;227;0
10-16-2009 17:18;160;0
10-16-2009 17:19;454;0
10-16-2009 17:20;978;0
10-16-2009 17:21;1620;1
10-16-2009 17:22;646;0
10-16-2009 17:23;328;0
10-16-2009 17:24;587;0
10-16-2009 17:25;184;0
10-16-2009 17:26;197;0
10-16-2009 17:27;862;0
10-16-2009 17:28;1146;1
10-16-2009 17:29;277;0
10-16-2009 17:30;349;0
10-16-2009 17:31;338;0
10-16-2009 17:32;398;0
10-16-2009 17:33;250;0
10-16-2009 17:34;646;0
10-16-2009 17:35;587;0
10-16-2009 17:36;712;0
10-16-2009 17:37;235;0
10-16-2009 17:38;235;0
10-16-2009 17:39;835;0
10-16-2009 17:40;667;0
10-16-2009 17:41;759;0
10-16-2009 17:42;130;0
10-16-2009 17:43;306;0
10-16-2009 17:44;125;0
10-16-2009 17:45;94;0
10-16-2009 17:46;64;0
10-16-2009 17:47;148;0
10-16-2009 17:48;26;0
10-16-2009 17:49;3;0
10-16-2009 17:50;116;0
10-16-2009 17:51;328;0
10-16-2009 17:52;172;0
10-16-2009 17:53;277;0
10-16-2009 17:54;328;0
10-16-2009 17:55;190;0
10-16-2009 17:56;197;0
10-16-2009 17:57;130;0
10-16-2009 17:58;259;0
10-16-2009 17:59;219;0
10-16-2009 18:00;286;0
10-16-2009 18:01;154;0
10-16-2009 18:02;286;0
10-16-2009 18:03;235;0
10-16-2009 18:04;500;0
10-16-2009 18:05;500;0
10-16-2009 18:06;349;0
10-16-2009 18:07;111;0
10-16-2009 18:08;73;0
10-16-2009 18:09;533;0
10-16-2009 18:10;148;0
10-16-2009 18:11;130;0
10-16-2009 18:12;88;0
10-16-2009 18:13;98;0
10-16-2009 18:14;91;0
10-16-2009 18:15;3;0
10-16-2009 18:16;139;0
10-16-2009 18:17;338;0
10-16-2009 18:18;17;0
10-16-2009 18:19;125;0
10-16-2009 18:20;0;0
10-16-2009 18:21;184;0
10-16-2009 18:22;26;0
10-16-2009 18:23;268;0
10-16-2009 18:24;116;0
10-16-2009 18:25;250;0
10-16-2009 18:26;184;0
10-16-2009 18:27;61;0
10-16-2009 18:28;160;0
10-16-2009 18:29;296;0
10-16-2009 18:30;646;0
10-16-2009 18:31;734;0
10-16-2009 18:32;948;0
10-16-2009 18:33;667;0
10-16-2009 18:34;734;0
10-16-2009 18:35;587;0
10-16-2009 18:36;1076;1
10-16-2009 18:37;759;0
10-16-2009 18:38;349;0
10-16-2009 18:39;425;0
10-16-2009 18:40;712;0
10-16-2009 18:41;411;0
10-16-2009 18:42;125;0
10-16-2009 18:43;52;0
10-16-2009 18:44;23;0
10-16-2009 18:45;88;0
10-16-2009 18:46;227;0
10-16-2009 18:47;143;0
10-16-2009 18:48;172;0
10-16-2009 18:49;242;0
10-16-2009 18:50;296;0
10-16-2009 18:51;398;0
10-16-2009 18:52;349;0
10-16-2009 18:53;317;0
10-16-2009 18:54;102;0
10-16-2009 18:55;259;0
10-16-2009 18:56;91;0
10-16-2009 18:57;98;0
10-16-2009 18:58;55;0
10-16-2009 18:59;82;0
10-16-2009 19:00;268;0
10-16-2009 19:01;107;0
10-16-2009 19:02;38;0
10-16-2009 19:03;1260;1
10-16-2009 19:04;689;0
10-16-2009 19:05;1521;1
10-16-2009 19:06;626;0
10-16-2009 19:07;890;0
10-16-2009 19:08;317;0
10-16-2009 19:09;439;0
10-16-2009 19:10;712;0
10-16-2009 19:11;500;0
10-16-2009 19:12;373;0
10-16-2009 19:13;386;0
10-16-2009 19:14;606;0
10-16-2009 19:15;783;0
10-16-2009 19:16;783;0
10-16-2009 19:17;212;0
10-16-2009 19:18;219;0
10-16-2009 19:19;76;0
10-16-2009 19:20;67;0
10-16-2009 19:21;178;0
10-16-2009 19:22;134;0
10-16-2009 19:23;890;0
10-16-2009 19:24;317;0
10-16-2009 19:25;130;0
10-16-2009 19:26;277;0
10-16-2009 19:27;286;0
10-16-2009 19:28;197;0
10-16-2009 19:29;204;0
10-16-2009 19:30;219;0
10-16-2009 19:31;296;0
10-16-2009 19:32;469;0
10-16-2009 19:33;197;0
10-16-2009 19:34;277;0
10-16-2009 19:35;154;0
10-16-2009 19:36;349;0
10-16-2009 19:37;338;0
10-16-2009 19:38;1521;1
10-16-2009 19:39;712;0
10-16-2009 19:40;587;0
10-16-2009 19:41;111;0
10-16-2009 19:42;454;0
10-16-2009 19:43;197;0
10-16-2009 19:44;91;0
10-16-2009 19:45;125;0
10-16-2009 19:46;111;0
10-16-2009 19:47;61;0
10-16-2009 19:48;58;0
10-16-2009 19:49;439;0
10-16-2009 19:50;919;0
10-16-2009 19:51;361;0
10-16-2009 19:52;500;0
10-16-2009 19:53;160;0
10-16-2009 19:54;411;0
10-16-2009 19:55;349;0
10-16-2009 19:56;268;0
10-16-2009 19:57;277;0
10-16-2009 19:58;386;0
10-16-2009 19:59;212;0
10-16-2009 20:00;533;0
10-16-2009 20:01;734;0
10-16-2009 20:02;338;0
10-16-2009 20:03;235;0
10-16-2009 20:04;172;0
10-16-2009 20:05;373;0
10-16-2009 20:06;328;0
10-16-2009 20:07;190;0
10-16-2009 20:08;197;0
10-16-2009 20:09;76;0
10-16-2009 20:10;21;0
10-16-2009 20:11;204;0
10-16-2009 20:12;79;0
10-16-2009 20:13;3;0
10-16-2009 20:14;0;0
10-16-2009 20:15;0;0
10-16-2009 20:16;130;0
10-16-2009 20:17;88;0
10-16-2009 20:18;11;0
10-16-2009 20:19;139;0
10-16-2009 20:20;219;0
10-16-2009 20:21;134;0
10-16-2009 20:22;12;0
10-16-2009 20:23;73;0
10-16-2009 20:24;154;0
10-16-2009 20:25;259;0
10-16-2009 20:26;361;0
10-16-2009 20:27;606;0
10-16-2009 20:28;485;0
10-16-2009 20:29;550;0
10-16-2009 20:30;1146;1
10-16-2009 20:31;485;0
10-16-2009 20:32;667;0
10-16-2009 20:33;862;0
10-16-2009 20:34;667;0
10-16-2009 20:35;197;0
10-16-2009 20:36;107;0
10-16-2009 20:37;425;0
10-16-2009 20:38;425;0
10-16-2009 20:39;306;0
10-16-2009 20:40;259;0
10-16-2009 20:41;46;0
10-16-2009 20:42;386;0
10-16-2009 20:43;734;0
10-16-2009 20:44;204;0
10-16-2009 20:45;160;0
10-16-2009 20:46;58;0
10-16-2009 20:47;40;0
10-16-2009 20:48;102;0
10-16-2009 20:49;107;0
10-16-2009 20:50;79;0
10-16-2009 20:51;58;0
10-16-2009 20:52;235;0
10-16-2009 20:53;235;0
10-16-2009 20:54;317;0
10-16-2009 20:55;148;0
10-16-2009 20:56;46;0
10-16-2009 20:57;204;0
10-16-2009 20:58;373;0
10-16-2009 20:59;46;0
10-16-2009 21:00;21;0
10-16-2009 21:01;102;0
10-16-2009 21:02;67;0
10-16-2009 21:03;23;0
10-16-2009 21:04;34;0
10-16-2009 21:05;0;0
10-16-2009 21:06;94;0
10-16-2009 21:07;328;0
10-16-2009 21:08;550;0
10-16-2009 21:09;107;0
10-16-2009 21:10;49;0
10-16-2009 21:11;82;0
10-16-2009 21:12;94;0
10-16-2009 21:13;116;0
10-16-2009 21:14;0;0
10-16-2009 21:15;98;0
10-16-2009 21:16;277;0
10-16-2009 21:17;469;0
10-16-2009 21:18;259;0
10-16-2009 21:19;184;0
10-16-2009 21:20;0;0
10-16-2009 21:21;0;0
10-16-2009 21:22;0;0
10-16-2009 21:23;0;0
10-16-2009 21:24;0;0
10-16-2009 21:25;0;0
10-16-2009 21:26;49;0
10-16-2009 21:27;130;0
10-16-2009 21:28;134;0
10-16-2009 21:29;34;0
10-16-2009 21:30;212;0
10-16-2009 21:31;52;0
10-16-2009 21:32;235;0
10-16-2009 21:33;76;0
10-16-2009 21:34;154;0
10-16-2009 21:35;148;0
10-16-2009 21:36;0;0
10-16-2009 21:37;0;0
10-16-2009 21:38;0;0
10-16-2009 21:39;73;0
10-16-2009 21:40;134;0
10-16-2009 21:41;85;0
10-16-2009 21:42;70;0
10-16-2009 21:43;286;0
10-16-2009 21:44;82;0
10-16-2009 21:45;219;0
10-16-2009 21:46;485;0
10-16-2009 21:47;184;0
10-16-2009 21:48;190;0
10-16-2009 21:49;61;0
10-16-2009 21:50;21;0
10-16-2009 21:51;85;0
10-16-2009 21:52;18;0
10-16-2009 21:53;32;0
10-16-2009 21:54;17;0
10-16-2009 21:55;67;0
10-16-2009 21:56;88;0
10-16-2009 21:57;139;0
10-16-2009 21:58;626;0
10-16-2009 21:59;646;0
10-16-2009 22:00;190;0
10-16-2009 22:01;0;0
10-16-2009 22:02;21;0
10-16-2009 22:03;0;0
10-16-2009 22:04;148;0
10-16-2009 22:05;259;0
10-16-2009 22:06;9;0
10-16-2009 22:07;250;0
10-16-2009 22:08;111;0
10-16-2009 22:09;184;0
10-16-2009 22:10;469;0
10-16-2009 22:11;227;0
10-16-2009 22:12;227;0
10-16-2009 22:13;52;0
10-16-2009 22:14;20;0
10-16-2009 22:15;306;0
10-16-2009 22:16;79;0
10-16-2009 22:17;30;0
10-16-2009 22:18;134;0
10-16-2009 22:19;219;0
10-16-2009 22:20;178;0
10-16-2009 22:21;12;0
10-16-2009 22:22;14;0
10-16-2009 22:23;70;0
10-16-2009 22:24;107;0
10-16-2009 22:25;454;0
10-16-2009 22:26;197;0
10-16-2009 22:27;398;0
10-16-2009 22:28;242;0
10-16-2009 22:29;439;0
10-16-2009 22:30;454;0
10-16-2009 22:31;286;0
10-16-2009 22:32;386;0
10-16-2009 22:33;361;0
10-16-2009 22:34;259;0
10-16-2009 22:35;349;0
10-16-2009 22:36;94;0
10-16-2009 22:37;0;0
10-16-2009 22:38;190;0
10-16-2009 22:39;172;0
10-16-2009 22:40;32;0
10-16-2009 22:41;14;0
10-16-2009 22:42;43;0
10-16-2009 22:43;0;0
10-16-2009 22:44;49;0
10-16-2009 22:45;190;0
10-16-2009 22:46;8;0
10-16-2009 22:47;0;0
10-16-2009 22:48;3;0
10-16-2009 22:49;91;0
10-16-2009 22:50;454;0
10-16-2009 22:51;242;0
10-16-2009 22:52;88;0
10-16-2009 22:53;533;0
10-16-2009 22:54;373;0
10-16-2009 22:55;154;0
10-16-2009 22:56;190;0
10-16-2009 22:57;27;0
10-16-2009 22:58;94;0
10-16-2009 22:59;235;0
10-16-2009 23:00;277;0
10-16-2009 23:01;64;0
10-16-2009 23:02;219;0
10-16-2009 23:03;143;0
10-16-2009 23:04;190;0
10-16-2009 23:05;204;0
10-16-2009 23:06;98;0
10-16-2009 23:07;178;0
10-16-2009 23:08;242;0
10-16-2009 23:09;0;0
10-16-2009 23:10;143;0
10-16-2009 23:11;20;0
10-16-2009 23:12;29;0
10-16-2009 23:13;130;0
10-16-2009 23:14;47;0
10-16-2009 23:15;107;0
10-16-2009 23:16;166;0
10-16-2009 23:17;0;0
10-16-2009 23:18;0;0
10-16-2009 23:19;0;0
10-16-2009 23:20;0;0
10-16-2009 23:21;21;0
10-16-2009 23:22;0;0
10-16-2009 23:23;61;0
10-16-2009 23:24;82;0
10-16-2009 23:25;154;0
10-16-2009 23:26;0;0
10-16-2009 23:27;361;0
10-16-2009 23:28;91;0
10-16-2009 23:29;328;0
10-16-2009 23:30;259;0
10-16-2009 23:31;204;0
10-16-2009 23:32;111;0
10-16-2009 23:33;27;0
10-16-2009 23:34;70;0
10-16-2009 23:35;94;0
10-16-2009 23:36;130;0
10-16-2009 23:37;338;0
10-16-2009 23:38;32;0
10-16-2009 23:39;0;0
10-16-2009 23:40;0;0
10-16-2009 23:41;9;0
10-16-2009 23:42;44;0
10-16-2009 23:43;107;0
10-16-2009 23:44;9;0
10-16-2009 23:45;44;0
10-16-2009 23:46;111;0
10-16-2009 23:47;5;0
10-16-2009 23:48;82;0
10-16-2009 23:49;17;0
10-16-2009 23:50;14;0
10-16-2009 23:51;11;0
10-16-2009 23:52;9;0
10-16-2009 23:53;204;0
10-16-2009 23:54;425;0
10-16-2009 23:55;328;0
10-16-2009 23:56;154;0
10-16-2009 23:57;125;0
10-16-2009 23:58;587;0
10-16-2009 23:59;439;0
10-17-2009 00:00;172;0
10-17-2009 00:01;286;0
10-17-2009 00:02;134;0
10-17-2009 00:03;242;0
10-17-2009 00:04;411;0
10-17-2009 00:05;23;0
10-17-2009 00:06;166;0
10-17-2009 00:07;411;0
10-17-2009 00:08;212;0
10-17-2009 00:09;23;0
10-17-2009 00:10;143;0
10-17-2009 00:11;250;0
10-17-2009 00:12;154;0
10-17-2009 00:13;55;0
10-17-2009 00:14;73;0
10-17-2009 00:15;20;0
10-17-2009 00:16;111;0
10-17-2009 00:17;125;0
10-17-2009 00:18;88;0
10-17-2009 00:19;14;0
10-17-2009 00:20;0;0
10-17-2009 00:21;125;0
10-17-2009 00:22;85;0
10-17-2009 00:23;111;0
10-17-2009 00:24;500;0
10-17-2009 00:25;587;0
10-17-2009 00:26;712;0
10-17-2009 00:27;667;0
10-17-2009 00:28;227;0
10-17-2009 00:29;783;0
10-17-2009 00:30;235;0
10-17-2009 00:31;398;0
10-17-2009 00:32;1146;1
10-17-2009 00:33;1474;1
10-17-2009 00:34;2430;1
10-17-2009 00:35;2080;1
10-17-2009 00:36;1620;1
10-17-2009 00:37;166;0
10-17-2009 00:38;712;0
10-17-2009 00:39;978;0
10-17-2009 00:40;667;0
10-17-2009 00:41;667;0
10-17-2009 00:42;1042;1
10-17-2009 00:43;809;0
10-17-2009 00:44;862;0
10-17-2009 00:45;919;0
10-17-2009 00:46;533;0
10-17-2009 00:47;948;0
10-17-2009 00:48;398;0
10-17-2009 00:49;835;0
10-17-2009 00:50;978;0
10-17-2009 00:51;49;0
10-17-2009 00:52;88;0
10-17-2009 00:53;18;0
10-17-2009 00:54;58;0
10-17-2009 00:55;250;0
10-17-2009 00:56;306;0
10-17-2009 00:57;116;0
10-17-2009 00:58;373;0
10-17-2009 00:59;172;0
10-17-2009 01:00;8;0
10-17-2009 01:01;0;0
10-17-2009 01:02;166;0
10-17-2009 01:03;154;0
10-17-2009 01:04;328;0
10-17-2009 01:05;178;0
10-17-2009 01:06;454;0
10-17-2009 01:07;533;0
10-17-2009 01:08;386;0
10-17-2009 01:09;52;0
10-17-2009 01:10;55;0
10-17-2009 01:11;120;0
10-17-2009 01:12;120;0
10-17-2009 01:13;454;0
10-17-2009 01:14;500;0
10-17-2009 01:15;259;0
10-17-2009 01:16;259;0
10-17-2009 01:17;197;0
10-17-2009 01:18;58;0
10-17-2009 01:19;259;0
10-17-2009 01:20;286;0
10-17-2009 01:21;948;0
10-17-2009 01:22;948;0
10-17-2009 01:23;759;0
10-17-2009 01:24;1010;0
10-17-2009 01:25;1474;1
10-17-2009 01:26;1221;1
10-17-2009 01:27;1182;1
10-17-2009 01:28;919;0
10-17-2009 01:29;606;0
10-17-2009 01:30;587;0
10-17-2009 01:31;398;0
10-17-2009 01:32;242;0
10-17-2009 01:33;0;0
10-17-2009 01:34;0;0
10-17-2009 01:35;0;0
10-17-2009 01:36;0;0
10-17-2009 01:37;0;0
10-17-2009 01:38;148;0
10-17-2009 01:39;361;0
10-17-2009 01:40;27;0
10-17-2009 01:41;120;0
10-17-2009 01:42;11;0
10-17-2009 01:43;0;0
10-17-2009 01:44;166;0
10-17-2009 01:45;0;0
10-17-2009 01:46;0;0
10-17-2009 01:47;0;0
10-17-2009 01:48;0;0
10-17-2009 01:49;0;0
10-17-2009 01:50;0;0
10-17-2009 01:51;0;0
10-17-2009 01:52;0;0
10-17-2009 01:53;0;0
10-17-2009 01:54;0;0
10-17-2009 01:55;0;0
10-17-2009 01:56;0;0
10-17-2009 01:57;0;0
10-17-2009 01:58;37;0
10-17-2009 01:59;30;0
10-17-2009 02:00;139;0
10-17-2009 02:01;454;0
10-17-2009 02:02;328;0
10-17-2009 02:03;0;0
10-17-2009 02:04;517;0
10-17-2009 02:05;277;0
10-17-2009 02:06;242;0
10-17-2009 02:07;116;0
10-17-2009 02:08;286;0
10-17-2009 02:09;485;0
10-17-2009 02:10;1076;1
10-17-2009 02:11;978;0
10-17-2009 02:12;425;0
10-17-2009 02:13;425;0
10-17-2009 02:14;55;0
10-17-2009 02:15;32;0
10-17-2009 02:16;23;0
10-17-2009 02:17;148;0
10-17-2009 02:18;11;0
10-17-2009 02:19;411;0
10-17-2009 02:20;568;0
10-17-2009 02:21;160;0
10-17-2009 02:22;1111;1
10-17-2009 02:23;0;0
10-17-2009 02:24;0;0
10-17-2009 02:25;0;0
10-17-2009 02:26;0;0
10-17-2009 02:27;34;0
10-17-2009 02:28;0;0
10-17-2009 02:29;0;0
10-17-2009 02:30;0;0
10-17-2009 02:31;0;0
10-17-2009 02:32;0;0
10-17-2009 02:33;0;0
10-17-2009 02:34;0;0
10-17-2009 02:35;0;0
10-17-2009 02:36;0;0
10-17-2009 02:37;0;0
10-17-2009 02:38;5;0
10-17-2009 02:39;0;0
10-17-2009 02:40;0;0
10-17-2009 02:41;3;0
10-17-2009 02:42;0;0
10-17-2009 02:43;0;0
10-17-2009 02:44;0;0
10-17-2009 02:45;0;0
10-17-2009 02:46;0;0
10-17-2009 02:47;0;0
10-17-2009 02:48;0;0
10-17-2009 02:49;0;0
10-17-2009 02:50;0;0
10-17-2009 02:51;0;0
10-17-2009 02:52;0;0
10-17-2009 02:53;0;0
10-17-2009 02:54;0;0
10-17-2009 02:55;0;0
10-17-2009 02:56;0;0
10-17-2009 02:57;0;0
10-17-2009 02:58;0;0
10-17-2009 02:59;0;0
10-17-2009 03:00;0;0
10-17-2009 03:01;0;0
10-17-2009 03:02;0;0
10-17-2009 03:03;0;0
10-17-2009 03:04;0;0
10-17-2009 03:05;0;0
10-17-2009 03:06;0;0
10-17-2009 03:07;0;0
10-17-2009 03:08;0;0
10-17-2009 03:09;0;0
10-17-2009 03:10;0;0
10-17-2009 03:11;0;0
10-17-2009 03:12;0;0
10-17-2009 03:13;0;0
10-17-2009 03:14;0;0
10-17-2009 03:15;0;0
10-17-2009 03:16;0;0
10-17-2009 03:17;0;0
10-17-2009 03:18;0;0
10-17-2009 03:19;0;0
10-17-2009 03:20;0;0
10-17-2009 03:21;0;0
10-17-2009 03:22;0;0
10-17-2009 03:23;0;0
10-17-2009 03:24;0;0
10-17-2009 03:25;0;0
10-17-2009 03:26;0;0
10-17-2009 03:27;0;0
10-17-2009 03:28;0;0
10-17-2009 03:29;0;0
10-17-2009 03:30;0;0
10-17-2009 03:31;0;0
10-17-2009 03:32;0;0
10-17-2009 03:33;0;0
10-17-2009 03:34;0;0
10-17-2009 03:35;0;0
10-17-2009 03:36;0;0
10-17-2009 03:37;0;0
10-17-2009 03:38;0;0
10-17-2009 03:39;0;0
10-17-2009 03:40;0;0
10-17-2009 03:41;0;0
10-17-2009 03:42;0;0
10-17-2009 03:43;0;0
10-17-2009 03:44;0;0
10-17-2009 03:45;0;0
10-17-2009 03:46;94;0
10-17-2009 03:47;55;0
10-17-2009 03:48;373;0
10-17-2009 03:49;398;0
10-17-2009 03:50;197;0
10-17-2009 03:51;227;0
10-17-2009 03:52;154;0
10-17-2009 03:53;277;0
10-17-2009 03:54;219;0
10-17-2009 03:55;373;0
10-17-2009 03:56;328;0
10-17-2009 03:57;286;0
10-17-2009 03:58;712;0
10-17-2009 03:59;0;0
10-17-2009 04:00;24;0
10-17-2009 04:01;5;0
10-17-2009 04:02;3;0
10-17-2009 04:03;0;0
10-17-2009 04:04;0;0
10-17-2009 04:05;0;0
10-17-2009 04:06;0;0
10-17-2009 04:07;0;0
10-17-2009 04:08;5;0
10-17-2009 04:09;0;0
10-17-2009 04:10;0;0
10-17-2009 04:11;0;0
10-17-2009 04:12;0;0
10-17-2009 04:13;0;0
10-17-2009 04:14;0;0
10-17-2009 04:15;0;0
10-17-2009 04:16;0;0
10-17-2009 04:17;0;0
10-17-2009 04:18;0;0
10-17-2009 04:19;0;0
10-17-2009 04:20;15;0
10-17-2009 04:21;0;0
10-17-2009 04:22;9;0
10-17-2009 04:23;0;0
10-17-2009 04:24;277;0
10-17-2009 04:25;0;0
10-17-2009 04:26;0;0
10-17-2009 04:27;0;0
10-17-2009 04:28;49;0
10-17-2009 04:29;0;0
10-17-2009 04:30;46;0
10-17-2009 04:31;17;0
10-17-2009 04:32;0;0
10-17-2009 04:33;0;0
10-17-2009 04:34;0;0
10-17-2009 04:35;0;0
10-17-2009 04:36;0;0
10-17-2009 04:37;0;0
10-17-2009 04:38;0;0
10-17-2009 04:39;0;0
10-17-2009 04:40;0;0
10-17-2009 04:41;0;0
10-17-2009 04:42;0;0
10-17-2009 04:43;0;0
10-17-2009 04:44;0;0
10-17-2009 04:45;0;0
10-17-2009 04:46;0;0
10-17-2009 04:47;0;0
10-17-2009 04:48;0;0
10-17-2009 04:49;0;0
10-17-2009 04:50;0;0
10-17-2009 04:51;0;0
10-17-2009 04:52;0;0
10-17-2009 04:53;0;0
10-17-2009 04:54;0;0
10-17-2009 04:55;0;0
10-17-2009 04:56;0;0
10-17-2009 04:57;76;0
10-17-2009 04:58;43;0
10-17-2009 04:59;107;0
10-17-2009 05:00;0;0
10-17-2009 05:01;0;0
10-17-2009 05:02;0;0
10-17-2009 05:03;0;0
10-17-2009 05:04;0;0
10-17-2009 05:05;0;0
10-17-2009 05:06;0;0
10-17-2009 05:07;0;0
10-17-2009 05:08;0;0
10-17-2009 05:09;0;0
10-17-2009 05:10;0;0
10-17-2009 05:11;0;0
10-17-2009 05:12;0;0
10-17-2009 05:13;0;0
10-17-2009 05:14;0;0
10-17-2009 05:15;0;0
10-17-2009 05:16;0;0
10-17-2009 05:17;0;0
10-17-2009 05:18;21;0
10-17-2009 05:19;58;0
10-17-2009 05:20;49;0
10-17-2009 05:21;0;0
10-17-2009 05:22;0;0
10-17-2009 05:23;0;0
10-17-2009 05:24;0;0
10-17-2009 05:25;0;0
10-17-2009 05:26;0;0
10-17-2009 05:27;0;0
10-17-2009 05:28;0;0
10-17-2009 05:29;0;0
10-17-2009 05:30;0;0
10-17-2009 05:31;0;0
10-17-2009 05:32;0;0
10-17-2009 05:33;0;0
10-17-2009 05:34;0;0
10-17-2009 05:35;0;0
10-17-2009 05:36;0;0
10-17-2009 05:37;15;0
10-17-2009 05:38;82;0
10-17-2009 05:39;9;0
10-17-2009 05:40;0;0
10-17-2009 05:41;0;0
10-17-2009 05:42;0;0
10-17-2009 05:43;0;0
10-17-2009 05:44;0;0
10-17-2009 05:45;0;0
10-17-2009 05:46;0;0
10-17-2009 05:47;0;0
10-17-2009 05:48;0;0
10-17-2009 05:49;0;0
10-17-2009 05:50;0;0
10-17-2009 05:51;0;0
10-17-2009 05:52;20;0
10-17-2009 05:53;91;0
10-17-2009 05:54;0;0
10-17-2009 05:55;0;0
10-17-2009 05:56;0;0
10-17-2009 05:57;0;0
10-17-2009 05:58;0;0
10-17-2009 05:59;0;0
10-17-2009 06:00;88;0
10-17-2009 06:01;85;0
10-17-2009 06:02;14;0
10-17-2009 06:03;219;0
10-17-2009 06:04;32;0
10-17-2009 06:05;0;0
10-17-2009 06:06;0;0
10-17-2009 06:07;0;0
10-17-2009 06:08;0;0
10-17-2009 06:09;0;0
10-17-2009 06:10;0;0
10-17-2009 06:11;0;0
10-17-2009 06:12;0;0
10-17-2009 06:13;0;0
10-17-2009 06:14;0;0
10-17-2009 06:15;0;0
10-17-2009 06:16;0;0
10-17-2009 06:17;0;0
10-17-2009 06:18;0;0
10-17-2009 06:19;0;0
10-17-2009 06:20;0;0
10-17-2009 06:21;0;0
10-17-2009 06:22;0;0
10-17-2009 06:23;0;0
10-17-2009 06:24;0;0
10-17-2009 06:25;0;0
10-17-2009 06:26;0;0
10-17-2009 06:27;0;0
10-17-2009 06:28;0;0
10-17-2009 06:29;0;0
10-17-2009 06:30;0;0
10-17-2009 06:31;0;0
10-17-2009 06:32;0;0
10-17-2009 06:33;0;0
10-17-2009 06:34;0;0
10-17-2009 06:35;0;0
10-17-2009 06:36;0;0
10-17-2009 06:37;0;0
10-17-2009 06:38;0;0
10-17-2009 06:39;0;0
10-17-2009 06:40;0;0
10-17-2009 06:41;0;0
10-17-2009 06:42;0;0
10-17-2009 06:43;0;0
10-17-2009 06:44;0;0
10-17-2009 06:45;0;0
10-17-2009 06:46;0;0
10-17-2009 06:47;0;0
10-17-2009 06:48;0;0
10-17-2009 06:49;0;0
10-17-2009 06:50;0;0
10-17-2009 06:51;0;0
10-17-2009 06:52;0;0
10-17-2009 06:53;0;0
10-17-2009 06:54;27;0
10-17-2009 06:55;0;0
10-17-2009 06:56;18;0
10-17-2009 06:57;190;0
10-17-2009 06:58;111;0
10-17-2009 06:59;227;0
10-17-2009 07:00;166;0
10-17-2009 07:01;21;0
10-17-2009 07:02;82;0
10-17-2009 07:03;0;0
10-17-2009 07:04;0;0
10-17-2009 07:05;17;0
10-17-2009 07:06;0;0
10-17-2009 07:07;0;0
10-17-2009 07:08;0;0
10-17-2009 07:09;23;0
10-17-2009 07:10;0;0
10-17-2009 07:11;0;0
10-17-2009 07:12;0;0
10-17-2009 07:13;0;0
10-17-2009 07:14;0;0
10-17-2009 07:15;0;0
10-17-2009 07:16;0;0
10-17-2009 07:17;0;0
10-17-2009 07:18;0;0
10-17-2009 07:19;0;0
10-17-2009 07:20;0;0
10-17-2009 07:21;0;0
10-17-2009 07:22;9;0
10-17-2009 07:23;0;0
10-17-2009 07:24;130;0
10-17-2009 07:25;0;0
10-17-2009 07:26;0;0
10-17-2009 07:27;0;0
10-17-2009 07:28;0;0
10-17-2009 07:29;0;0
10-17-2009 07:30;0;0
10-17-2009 07:31;98;0
10-17-2009 07:32;0;0
10-17-2009 07:33;0;0
10-17-2009 07:34;0;0
10-17-2009 07:35;0;0
10-17-2009 07:36;0;0
10-17-2009 07:37;0;0
10-17-2009 07:38;0;0
10-17-2009 07:39;85;0
10-17-2009 07:40;219;0
10-17-2009 07:41;277;0
10-17-2009 07:42;204;0
10-17-2009 07:43;286;0
10-17-2009 07:44;296;0
10-17-2009 07:45;0;0
10-17-2009 07:46;219;0
10-17-2009 07:47;91;0
10-17-2009 07:48;32;0
10-17-2009 07:49;0;0
10-17-2009 07:50;0;0
10-17-2009 07:51;0;0
10-17-2009 07:52;17;0
10-17-2009 07:53;0;0
10-17-2009 07:54;73;0
10-17-2009 07:55;0;0
10-17-2009 07:56;268;0
10-17-2009 07:57;0;0
10-17-2009 07:58;0;0
10-17-2009 07:59;259;0
10-17-2009 08:00;550;0
10-17-2009 08:01;11;0
10-17-2009 08:02;0;0
10-17-2009 08:03;0;0
10-17-2009 08:04;0;0
10-17-2009 08:05;0;0
10-17-2009 08:06;3;0
10-17-2009 08:07;29;0
10-17-2009 08:08;0;0
10-17-2009 08:09;3;0
10-17-2009 08:10;0;0
10-17-2009 08:11;5;0
10-17-2009 08:12;0;0
10-17-2009 08:13;20;0
10-17-2009 08:14;0;0
10-17-2009 08:15;0;0
10-17-2009 08:16;67;0
10-17-2009 08:17;6;0
10-17-2009 08:18;11;0
10-17-2009 08:19;0;0
10-17-2009 08:20;35;0
10-17-2009 08:21;0;0
10-17-2009 08:22;12;0
10-17-2009 08:23;64;0
10-17-2009 08:24;0;0
10-17-2009 08:25;0;0
10-17-2009 08:26;0;0
10-17-2009 08:27;6;0
10-17-2009 08:28;3;0
10-17-2009 08:29;0;0
10-17-2009 08:30;3;0
10-17-2009 08:31;0;0
10-17-2009 08:32;0;0
10-17-2009 08:33;35;0
10-17-2009 08:34;38;0
10-17-2009 08:35;20;0
10-17-2009 08:36;0;0
10-17-2009 08:37;0;0
10-17-2009 08:38;98;0
10-17-2009 08:39;23;0
10-17-2009 08:40;0;0
10-17-2009 08:41;0;0
10-17-2009 08:42;204;0
10-17-2009 08:43;0;0
10-17-2009 08:44;0;0
10-17-2009 08:45;0;0
10-17-2009 08:46;0;0
10-17-2009 08:47;27;0
10-17-2009 08:48;0;0
10-17-2009 08:49;0;0
10-17-2009 08:50;0;0
10-17-2009 08:51;0;0
10-17-2009 08:52;0;0
10-17-2009 08:53;0;0
10-17-2009 08:54;134;0
10-17-2009 08:55;0;0
10-17-2009 08:56;21;0
10-17-2009 08:57;46;0
10-17-2009 08:58;0;0
10-17-2009 08:59;0;0
10-17-2009 09:00;0;0
10-17-2009 09:01;49;0
10-17-2009 09:02;0;0
10-17-2009 09:03;11;0
10-17-2009 09:04;9;0
10-17-2009 09:05;0;0
10-17-2009 09:06;0;0
10-17-2009 09:07;0;0
10-17-2009 09:08;58;0
10-17-2009 09:09;500;0
10-17-2009 09:10;1300;1
10-17-2009 09:11;1010;0
10-17-2009 09:12;978;0
10-17-2009 09:13;689;0
10-17-2009 09:14;712;0
10-17-2009 09:15;425;0
10-17-2009 09:16;349;0
10-17-2009 09:17;1341;1
10-17-2009 09:18;1010;0
10-17-2009 09:19;783;0
10-17-2009 09:20;646;0
10-17-2009 09:21;809;0
10-17-2009 09:22;439;0
10-17-2009 09:23;286;0
10-17-2009 09:24;606;0
10-17-2009 09:25;317;0
10-17-2009 09:26;338;0
10-17-2009 09:27;172;0
10-17-2009 09:28;349;0
10-17-2009 09:29;259;0
10-17-2009 09:30;73;0
10-17-2009 09:31;361;0
10-17-2009 09:32;328;0
10-17-2009 09:33;227;0
10-17-2009 09:34;9;0
10-17-2009 09:35;204;0
10-17-2009 09:36;125;0
10-17-2009 09:37;166;0
10-17-2009 09:38;890;0
10-17-2009 09:39;1076;1
10-17-2009 09:40;809;0
10-17-2009 09:41;398;0
10-17-2009 09:42;24;0
10-17-2009 09:43;361;0
10-17-2009 09:44;296;0
10-17-2009 09:45;235;0
10-17-2009 09:46;64;0
10-17-2009 09:47;70;0
10-17-2009 09:48;0;0
10-17-2009 09:49;227;0
10-17-2009 09:50;219;0
10-17-2009 09:51;212;0
10-17-2009 09:52;98;0
10-17-2009 09:53;0;0
10-17-2009 09:54;361;0
10-17-2009 09:55;116;0
10-17-2009 09:56;125;0
10-17-2009 09:57;23;0
10-17-2009 09:58;259;0
10-17-2009 09:59;0;0
10-17-2009 10:00;98;0
10-17-2009 10:01;14;0
10-17-2009 10:02;116;0
10-17-2009 10:03;0;0
10-17-2009 10:04;204;0
10-17-2009 10:05;398;0
10-17-2009 10:06;606;0
10-17-2009 10:07;306;0
10-17-2009 10:08;219;0
10-17-2009 10:09;235;0
10-17-2009 10:10;517;0
10-17-2009 10:11;667;0
10-17-2009 10:12;533;0
10-17-2009 10:13;317;0
10-17-2009 10:14;689;0
10-17-2009 10:15;890;0
10-17-2009 10:16;1221;1
10-17-2009 10:17;386;0
10-17-2009 10:18;835;0
10-17-2009 10:19;1780;1
10-17-2009 10:20;1954;1
10-17-2009 10:21;2080;1
10-17-2009 10:22;1620;1
10-17-2009 10:23;1836;1
10-17-2009 10:24;1570;1
10-17-2009 10:25;1300;1
10-17-2009 10:26;862;0
10-17-2009 10:27;734;0
10-17-2009 10:28;268;0
10-17-2009 10:29;259;0
10-17-2009 10:30;107;0
10-17-2009 10:31;160;0
10-17-2009 10:32;349;0
10-17-2009 10:33;197;0
10-17-2009 10:34;178;0
10-17-2009 10:35;219;0
10-17-2009 10:36;1042;1
10-17-2009 10:37;712;0
10-17-2009 10:38;469;0
10-17-2009 10:39;277;0
10-17-2009 10:40;98;0
10-17-2009 10:41;212;0
10-17-2009 10:42;469;0
10-17-2009 10:43;533;0
10-17-2009 10:44;568;0
10-17-2009 10:45;425;0
10-17-2009 10:46;454;0
10-17-2009 10:47;533;0
10-17-2009 10:48;533;0
10-17-2009 10:49;568;0
10-17-2009 10:50;712;0
10-17-2009 10:51;689;0
10-17-2009 10:52;338;0
10-17-2009 10:53;250;0
10-17-2009 10:54;227;0
10-17-2009 10:55;172;0
10-17-2009 10:56;204;0
10-17-2009 10:57;166;0
10-17-2009 10:58;306;0
10-17-2009 10:59;166;0
10-17-2009 11:00;259;0
10-17-2009 11:01;120;0
10-17-2009 11:02;425;0
10-17-2009 11:03;328;0
10-17-2009 11:04;550;0
10-17-2009 11:05;296;0
10-17-2009 11:06;361;0
10-17-2009 11:07;277;0
10-17-2009 11:08;425;0
10-17-2009 11:09;439;0
10-17-2009 11:10;439;0
10-17-2009 11:11;454;0
10-17-2009 11:12;411;0
10-17-2009 11:13;500;0
10-17-2009 11:14;361;0
10-17-2009 11:15;646;0
10-17-2009 11:16;306;0
10-17-2009 11:17;338;0
10-17-2009 11:18;349;0
10-17-2009 11:19;296;0
10-17-2009 11:20;500;0
10-17-2009 11:21;219;0
10-17-2009 11:22;227;0
10-17-2009 11:23;166;0
10-17-2009 11:24;306;0
10-17-2009 11:25;184;0
10-17-2009 11:26;259;0
10-17-2009 11:27;250;0
10-17-2009 11:28;783;0
10-17-2009 11:29;386;0
10-17-2009 11:30;862;0
10-17-2009 11:31;517;0
10-17-2009 11:32;134;0
10-17-2009 11:33;49;0
10-17-2009 11:34;349;0
10-17-2009 11:35;102;0
10-17-2009 11:36;568;0
10-17-2009 11:37;160;0
10-17-2009 11:38;55;0
10-17-2009 11:39;250;0
10-17-2009 11:40;125;0
10-17-2009 11:41;172;0
10-17-2009 11:42;139;0
10-17-2009 11:43;18;0
10-17-2009 11:44;88;0
10-17-2009 11:45;306;0
10-17-2009 11:46;82;0
10-17-2009 11:47;14;0
10-17-2009 11:48;172;0
10-17-2009 11:49;178;0
10-17-2009 11:50;454;0
10-17-2009 11:51;190;0
10-17-2009 11:52;27;0
10-17-2009 11:53;160;0
10-17-2009 11:54;61;0
10-17-2009 11:55;130;0
10-17-2009 11:56;23;0
10-17-2009 11:57;250;0
10-17-2009 11:58;485;0
10-17-2009 11:59;809;0
10-17-2009 12:00;5;0
10-17-2009 12:01;386;0
10-17-2009 12:02;349;0
10-17-2009 12:03;184;0
10-17-2009 12:04;296;0
10-17-2009 12:05;130;0
10-17-2009 12:06;349;0
10-17-2009 12:07;425;0
10-17-2009 12:08;27;0
10-17-2009 12:09;70;0
10-17-2009 12:10;227;0
10-17-2009 12:11;190;0
10-17-2009 12:12;328;0
10-17-2009 12:13;130;0
10-17-2009 12:14;268;0
10-17-2009 12:15;212;0
10-17-2009 12:16;166;0
10-17-2009 12:17;235;0
10-17-2009 12:18;178;0
10-17-2009 12:19;349;0
10-17-2009 12:20;79;0
10-17-2009 12:21;0;0
10-17-2009 12:22;0;0
10-17-2009 12:23;919;0
10-17-2009 12:24;1836;1
10-17-2009 12:25;2752;1
10-17-2009 12:26;1521;1
10-17-2009 12:27;1474;1
10-17-2009 12:28;1182;1
10-17-2009 12:29;587;0
10-17-2009 12:30;1010;0
10-17-2009 12:31;411;0
10-17-2009 12:32;689;0
10-17-2009 12:33;500;0
10-17-2009 12:34;154;0
10-17-2009 12:35;73;0
10-17-2009 12:36;517;0
10-17-2009 12:37;517;0
10-17-2009 12:38;361;0
10-17-2009 12:39;306;0
10-17-2009 12:40;204;0
10-17-2009 12:41;47;0
10-17-2009 12:42;160;0
10-17-2009 12:43;17;0
10-17-2009 12:44;102;0
10-17-2009 12:45;242;0
10-17-2009 12:46;172;0
10-17-2009 12:47;250;0
10-17-2009 12:48;79;0
10-17-2009 12:49;61;0
10-17-2009 12:50;32;0
10-17-2009 12:51;361;0
10-17-2009 12:52;398;0
10-17-2009 12:53;70;0
10-17-2009 12:54;361;0
10-17-2009 12:55;107;0
10-17-2009 12:56;454;0
10-17-2009 12:57;317;0
10-17-2009 12:58;15;0
10-17-2009 12:59;439;0
10-17-2009 13:00;107;0
10-17-2009 13:01;116;0
10-17-2009 13:02;3;0
10-17-2009 13:03;317;0
10-17-2009 13:04;172;0
10-17-2009 13:05;286;0
10-17-2009 13:06;734;0
10-17-2009 13:07;328;0
10-17-2009 13:08;268;0
10-17-2009 13:09;227;0
10-17-2009 13:10;411;0
10-17-2009 13:11;204;0
10-17-2009 13:12;411;0
10-17-2009 13:13;306;0
10-17-2009 13:14;268;0
10-17-2009 13:15;43;0
10-17-2009 13:16;70;0
10-17-2009 13:17;148;0
10-17-2009 13:18;268;0
10-17-2009 13:19;102;0
10-17-2009 13:20;242;0
10-17-2009 13:21;0;0
10-17-2009 13:22;37;0
10-17-2009 13:23;0;0
10-17-2009 13:24;0;0
10-17-2009 13:25;1260;1
10-17-2009 13:26;398;0
10-17-2009 13:27;1076;1
10-17-2009 13:28;439;0
10-17-2009 13:29;454;0
10-17-2009 13:30;411;0
10-17-2009 13:31;296;0
10-17-2009 13:32;166;0
10-17-2009 13:33;587;0
10-17-2009 13:34;606;0
10-17-2009 13:35;759;0
10-17-2009 13:36;439;0
10-17-2009 13:37;425;0
10-17-2009 13:38;373;0
10-17-2009 13:39;517;0
10-17-2009 13:40;646;0
10-17-2009 13:41;835;0
10-17-2009 13:42;1010;0
10-17-2009 13:43;1010;0
10-17-2009 13:44;978;0
10-17-2009 13:45;425;0
10-17-2009 13:46;835;0
10-17-2009 13:47;734;0
10-17-2009 13:48;809;0
10-17-2009 13:49;759;0
10-17-2009 13:50;712;0
10-17-2009 13:51;890;0
10-17-2009 13:52;1010;0
10-17-2009 13:53;948;0
10-17-2009 13:54;862;0
10-17-2009 13:55;783;0
10-17-2009 13:56;862;0
10-17-2009 13:57;550;0
10-17-2009 13:58;469;0
10-17-2009 13:59;398;0
10-17-2009 14:00;978;0
10-17-2009 14:01;373;0
10-17-2009 14:02;550;0
10-17-2009 14:03;469;0
10-17-2009 14:04;317;0
10-17-2009 14:05;317;0
10-17-2009 14:06;373;0
10-17-2009 14:07;306;0
10-17-2009 14:08;533;0
10-17-2009 14:09;517;0
10-17-2009 14:10;533;0
10-17-2009 14:11;550;0
10-17-2009 14:12;712;0
10-17-2009 14:13;783;0
10-17-2009 14:14;646;0
10-17-2009 14:15;425;0
10-17-2009 14:16;550;0
10-17-2009 14:17;306;0
10-17-2009 14:18;32;0
10-17-2009 14:19;166;0
10-17-2009 14:20;317;0
10-17-2009 14:21;259;0
10-17-2009 14:22;606;0
10-17-2009 14:23;411;0
10-17-2009 14:24;102;0
10-17-2009 14:25;411;0
10-17-2009 14:26;204;0
10-17-2009 14:27;172;0
10-17-2009 14:28;12;0
10-17-2009 14:29;52;0
10-17-2009 14:30;11;0
10-17-2009 14:31;27;0
10-17-2009 14:32;212;0
10-17-2009 14:33;783;0
10-17-2009 14:34;587;0
10-17-2009 14:35;783;0
10-17-2009 14:36;667;0
10-17-2009 14:37;734;0
10-17-2009 14:38;646;0
10-17-2009 14:39;587;0
10-17-2009 14:40;587;0
10-17-2009 14:41;667;0
10-17-2009 14:42;759;0
10-17-2009 14:43;227;0
10-17-2009 14:44;102;0
10-17-2009 14:45;242;0
10-17-2009 14:46;250;0
10-17-2009 14:47;454;0
10-17-2009 14:48;259;0
10-17-2009 14:49;667;0
10-17-2009 14:50;759;0
10-17-2009 14:51;646;0
10-17-2009 14:52;667;0
10-17-2009 14:53;862;0
10-17-2009 14:54;919;0
10-17-2009 14:55;626;0
10-17-2009 14:56;759;0
10-17-2009 14:57;568;0
10-17-2009 14:58;606;0
10-17-2009 14:59;734;0
10-17-2009 15:00;948;0
10-17-2009 15:01;425;0
10-17-2009 15:02;98;0
10-17-2009 15:03;398;0
10-17-2009 15:04;116;0
10-17-2009 15:05;277;0
10-17-2009 15:06;373;0
10-17-2009 15:07;58;0
10-17-2009 15:08;73;0
10-17-2009 15:09;0;0
10-17-2009 15:10;73;0
10-17-2009 15:11;120;0
10-17-2009 15:12;204;0
10-17-2009 15:13;227;0
10-17-2009 15:14;268;0
10-17-2009 15:15;454;0
10-17-2009 15:16;130;0
10-17-2009 15:17;5;0
10-17-2009 15:18;116;0
10-17-2009 15:19;30;0
10-17-2009 15:20;398;0
10-17-2009 15:21;626;0
10-17-2009 15:22;2080;1
10-17-2009 15:23;919;0
10-17-2009 15:24;1111;1
10-17-2009 15:25;667;0
10-17-2009 15:26;1146;1
10-17-2009 15:27;139;0
10-17-2009 15:28;250;0
10-17-2009 15:29;286;0
10-17-2009 15:30;102;0
10-17-2009 15:31;160;0
10-17-2009 15:32;88;0
10-17-2009 15:33;178;0
10-17-2009 15:34;204;0
10-17-2009 15:35;120;0
10-17-2009 15:36;98;0
10-17-2009 15:37;166;0
10-17-2009 15:38;139;0
10-17-2009 15:39;40;0
10-17-2009 15:40;55;0
10-17-2009 15:41;46;0
10-17-2009 15:42;73;0
10-17-2009 15:43;94;0
10-17-2009 15:44;111;0
10-17-2009 15:45;148;0
10-17-2009 15:46;166;0
10-17-2009 15:47;148;0
10-17-2009 15:48;102;0
10-17-2009 15:49;242;0
10-17-2009 15:50;259;0
10-17-2009 15:51;349;0
10-17-2009 15:52;235;0
10-17-2009 15:53;154;0
10-17-2009 15:54;306;0
10-17-2009 15:55;398;0
10-17-2009 15:56;361;0
10-17-2009 15:57;862;0
10-17-2009 15:58;439;0
10-17-2009 15:59;587;0
10-17-2009 16:00;398;0
10-17-2009 16:01;626;0
10-17-2009 16:02;277;0
10-17-2009 16:03;386;0
10-17-2009 16:04;349;0
10-17-2009 16:05;190;0
10-17-2009 16:06;190;0
10-17-2009 16:07;130;0
10-17-2009 16:08;398;0
10-17-2009 16:09;219;0
10-17-2009 16:10;533;0
10-17-2009 16:11;425;0
10-17-2009 16:12;626;0
10-17-2009 16:13;809;0
10-17-2009 16:14;268;0
10-17-2009 16:15;82;0
10-17-2009 16:16;125;0
10-17-2009 16:17;835;0
10-17-2009 16:18;469;0
10-17-2009 16:19;130;0
10-17-2009 16:20;134;0
10-17-2009 16:21;398;0
10-17-2009 16:22;835;0
10-17-2009 16:23;439;0
10-17-2009 16:24;306;0
10-17-2009 16:25;317;0
10-17-2009 16:26;12;0
10-17-2009 16:27;85;0
10-17-2009 16:28;55;0
10-17-2009 16:29;40;0
10-17-2009 16:30;67;0
10-17-2009 16:31;0;0
10-17-2009 16:32;373;0
10-17-2009 16:33;286;0
10-17-2009 16:34;286;0
10-17-2009 16:35;116;0
10-17-2009 16:36;296;0
10-17-2009 16:37;317;0
10-17-2009 16:38;242;0
10-17-2009 16:39;88;0
10-17-2009 16:40;82;0
10-17-2009 16:41;178;0
10-17-2009 16:42;125;0
10-17-2009 16:43;134;0
10-17-2009 16:44;94;0
10-17-2009 16:45;160;0
10-17-2009 16:46;689;0
10-17-2009 16:47;250;0
10-17-2009 16:48;469;0
10-17-2009 16:49;154;0
10-17-2009 16:50;500;0
10-17-2009 16:51;734;0
10-17-2009 16:52;1010;0
10-17-2009 16:53;148;0
10-17-2009 16:54;259;0
10-17-2009 16:55;689;0
10-17-2009 16:56;306;0
10-17-2009 16:57;212;0
10-17-2009 16:58;154;0
10-17-2009 16:59;160;0
10-17-2009 17:00;197;0
10-17-2009 17:01;361;0
10-17-2009 17:02;550;0
10-17-2009 17:03;759;0
10-17-2009 17:04;809;0
10-17-2009 17:05;948;0
10-17-2009 17:06;759;0
10-17-2009 17:07;862;0
10-17-2009 17:08;978;0
10-17-2009 17:09;948;0
10-17-2009 17:10;1384;1
10-17-2009 17:11;386;0
10-17-2009 17:12;689;0
10-17-2009 17:13;689;0
10-17-2009 17:14;1010;0
10-17-2009 17:15;172;0
10-17-2009 17:16;212;0
10-17-2009 17:17;606;0
10-17-2009 17:18;517;0
10-17-2009 17:19;606;0
10-17-2009 17:20;386;0
10-17-2009 17:21;783;0
10-17-2009 17:22;919;0
10-17-2009 17:23;890;0
10-17-2009 17:24;890;0
10-17-2009 17:25;606;0
10-17-2009 17:26;646;0
10-17-2009 17:27;361;0
10-17-2009 17:28;712;0
10-17-2009 17:29;454;0
10-17-2009 17:30;469;0
10-17-2009 17:31;94;0
10-17-2009 17:32;268;0
10-17-2009 17:33;469;0
10-17-2009 17:34;37;0
10-17-2009 17:35;783;0
10-17-2009 17:36;439;0
10-17-2009 17:37;398;0
10-17-2009 17:38;154;0
10-17-2009 17:39;125;0
10-17-2009 17:40;107;0
10-17-2009 17:41;134;0
10-17-2009 17:42;178;0
10-17-2009 17:43;0;0
10-17-2009 17:44;0;0
10-17-2009 17:45;328;0
10-17-2009 17:46;67;0
10-17-2009 17:47;0;0
10-17-2009 17:48;98;0
10-17-2009 17:49;0;0
10-17-2009 17:50;0;0
10-17-2009 17:51;0;0
10-17-2009 17:52;734;0
10-17-2009 17:53;626;0
10-17-2009 17:54;88;0
10-17-2009 17:55;160;0
10-17-2009 17:56;835;0
10-17-2009 17:57;454;0
10-17-2009 17:58;306;0
10-17-2009 17:59;809;0
10-17-2009 18:00;469;0
10-17-2009 18:01;166;0
10-17-2009 18:02;47;0
10-17-2009 18:03;277;0
10-17-2009 18:04;296;0
10-17-2009 18:05;61;0
10-17-2009 18:06;0;0
10-17-2009 18:07;143;0
10-17-2009 18:08;61;0
10-17-2009 18:09;64;0
10-17-2009 18:10;0;0
10-17-2009 18:11;0;0
10-17-2009 18:12;111;0
10-17-2009 18:13;439;0
10-17-2009 18:14;485;0
10-17-2009 18:15;373;0
10-17-2009 18:16;197;0
10-17-2009 18:17;197;0
10-17-2009 18:18;469;0
10-17-2009 18:19;349;0
10-17-2009 18:20;667;0
10-17-2009 18:21;667;0
10-17-2009 18:22;1341;1
10-17-2009 18:23;606;0
10-17-2009 18:24;626;0
10-17-2009 18:25;306;0
10-17-2009 18:26;587;0
10-17-2009 18:27;1521;1
10-17-2009 18:28;1780;1
10-17-2009 18:29;0;0
10-17-2009 18:30;0;0
10-17-2009 18:31;0;0
10-17-2009 18:32;0;0
10-17-2009 18:33;0;0
10-17-2009 18:34;184;0
10-17-2009 18:35;919;0
10-17-2009 18:36;1725;1
10-17-2009 18:37;809;0
10-17-2009 18:38;862;0
10-17-2009 18:39;1260;1
10-17-2009 18:40;1954;1
10-17-2009 18:41;1428;1
10-17-2009 18:42;1521;1
10-17-2009 18:43;2214;1
10-17-2009 18:44;1780;1
10-17-2009 18:45;2016;1
10-17-2009 18:46;1954;1
10-17-2009 18:47;2430;1
10-17-2009 18:48;1672;1
10-17-2009 18:49;587;0
10-17-2009 18:50;606;0
10-17-2009 18:51;550;0
10-17-2009 18:52;485;0
10-17-2009 18:53;349;0
10-17-2009 18:54;454;0
10-17-2009 18:55;517;0
10-17-2009 18:56;361;0
10-17-2009 18:57;439;0
10-17-2009 18:58;317;0
10-17-2009 18:59;606;0
10-17-2009 19:00;107;0
10-17-2009 19:01;219;0
10-17-2009 19:02;219;0
10-17-2009 19:03;134;0
10-17-2009 19:04;148;0
10-17-2009 19:05;111;0
10-17-2009 19:06;73;0
10-17-2009 19:07;227;0
10-17-2009 19:08;143;0
10-17-2009 19:09;500;0
10-17-2009 19:10;160;0
10-17-2009 19:11;125;0
10-17-2009 19:12;160;0
10-17-2009 19:13;328;0
10-17-2009 19:14;469;0
10-17-2009 19:15;373;0
10-17-2009 19:16;259;0
10-17-2009 19:17;500;0
10-17-2009 19:18;386;0
10-17-2009 19:19;533;0
10-17-2009 19:20;386;0
10-17-2009 19:21;398;0
10-17-2009 19:22;286;0
10-17-2009 19:23;386;0
10-17-2009 19:24;328;0
10-17-2009 19:25;386;0
10-17-2009 19:26;277;0
10-17-2009 19:27;52;0
10-17-2009 19:28;52;0
10-17-2009 19:29;73;0
10-17-2009 19:30;14;0
10-17-2009 19:31;166;0
10-17-2009 19:32;1221;1
10-17-2009 19:33;398;0
10-17-2009 19:34;0;0
10-17-2009 19:35;46;0
10-17-2009 19:36;0;0
10-17-2009 19:37;61;0
10-17-2009 19:38;102;0
10-17-2009 19:39;0;0
10-17-2009 19:40;0;0
10-17-2009 19:41;242;0
10-17-2009 19:42;14;0
10-17-2009 19:43;734;0
10-17-2009 19:44;1260;1
10-17-2009 19:45;1182;1
10-17-2009 19:46;1620;1
10-17-2009 19:47;1428;1
10-17-2009 19:48;734;0
10-17-2009 19:49;227;0
10-17-2009 19:50;517;0
10-17-2009 19:51;130;0
10-17-2009 19:52;12;0
10-17-2009 19:53;35;0
10-17-2009 19:54;76;0
10-17-2009 19:55;550;0
10-17-2009 19:56;439;0
10-17-2009 19:57;268;0
10-17-2009 19:58;27;0
10-17-2009 19:59;27;0
10-17-2009 20:00;47;0
10-17-2009 20:01;64;0
10-17-2009 20:02;52;0
10-17-2009 20:03;55;0
10-17-2009 20:04;24;0
10-17-2009 20:05;3;0
10-17-2009 20:06;18;0
10-17-2009 20:07;204;0
10-17-2009 20:08;250;0
10-17-2009 20:09;178;0
10-17-2009 20:10;587;0
10-17-2009 20:11;919;0
10-17-2009 20:12;783;0
10-17-2009 20:13;49;0
10-17-2009 20:14;85;0
10-17-2009 20:15;24;0
10-17-2009 20:16;454;0
10-17-2009 20:17;349;0
10-17-2009 20:18;286;0
10-17-2009 20:19;328;0
10-17-2009 20:20;197;0
10-17-2009 20:21;130;0
10-17-2009 20:22;373;0
10-17-2009 20:23;439;0
10-17-2009 20:24;373;0
10-17-2009 20:25;835;0
10-17-2009 20:26;835;0
10-17-2009 20:27;667;0
10-17-2009 20:28;398;0
10-17-2009 20:29;667;0
10-17-2009 20:30;439;0
10-17-2009 20:31;606;0
10-17-2009 20:32;398;0
10-17-2009 20:33;37;0
10-17-2009 20:34;0;0
10-17-2009 20:35;0;0
10-17-2009 20:36;0;0
10-17-2009 20:37;5;0
10-17-2009 20:38;35;0
10-17-2009 20:39;11;0
10-17-2009 20:40;82;0
10-17-2009 20:41;227;0
10-17-2009 20:42;29;0
10-17-2009 20:43;98;0
10-17-2009 20:44;27;0
10-17-2009 20:45;533;0
10-17-2009 20:46;1182;1
10-17-2009 20:47;890;0
10-17-2009 20:48;667;0
10-17-2009 20:49;184;0
10-17-2009 20:50;259;0
10-17-2009 20:51;1725;1
10-17-2009 20:52;890;0
10-17-2009 20:53;361;0
10-17-2009 20:54;568;0
10-17-2009 20:55;58;0
10-17-2009 20:56;296;0
10-17-2009 20:57;219;0
10-17-2009 20:58;0;0
10-17-2009 20:59;296;0
10-17-2009 21:00;67;0
10-17-2009 21:01;120;0
10-17-2009 21:02;23;0
10-17-2009 21:03;46;0
10-17-2009 21:04;64;0
10-17-2009 21:05;184;0
10-17-2009 21:06;166;0
10-17-2009 21:07;111;0
10-17-2009 21:08;425;0
10-17-2009 21:09;568;0
10-17-2009 21:10;862;0
10-17-2009 21:11;306;0
10-17-2009 21:12;373;0
10-17-2009 21:13;12;0
10-17-2009 21:14;0;0
10-17-2009 21:15;38;0
10-17-2009 21:16;242;0
10-17-2009 21:17;116;0
10-17-2009 21:18;91;0
10-17-2009 21:19;82;0
10-17-2009 21:20;26;0
10-17-2009 21:21;20;0
10-17-2009 21:22;82;0
10-17-2009 21:23;0;0
10-17-2009 21:24;0;0
10-17-2009 21:25;277;0
10-17-2009 21:26;809;0
10-17-2009 21:27;809;0
10-17-2009 21:28;759;0
10-17-2009 21:29;606;0
10-17-2009 21:30;454;0
10-17-2009 21:31;550;0
10-17-2009 21:32;500;0
10-17-2009 21:33;517;0
10-17-2009 21:34;250;0
10-17-2009 21:35;24;0
10-17-2009 21:36;8;0
10-17-2009 21:37;120;0
10-17-2009 21:38;107;0
10-17-2009 21:39;85;0
10-17-2009 21:40;154;0
10-17-2009 21:41;82;0
10-17-2009 21:42;411;0
10-17-2009 21:43;82;0
10-17-2009 21:44;178;0
10-17-2009 21:45;94;0
10-17-2009 21:46;0;0
10-17-2009 21:47;23;0
10-17-2009 21:48;14;0
10-17-2009 21:49;0;0
10-17-2009 21:50;0;0
10-17-2009 21:51;0;0
10-17-2009 21:52;197;0
10-17-2009 21:53;61;0
10-17-2009 21:54;64;0
10-17-2009 21:55;0;0
10-17-2009 21:56;0;0
10-17-2009 21:57;30;0
10-17-2009 21:58;0;0
10-17-2009 21:59;0;0
10-17-2009 22:00;0;0
10-17-2009 22:01;0;0
10-17-2009 22:02;116;0
10-17-2009 22:03;500;0
10-17-2009 22:04;67;0
10-17-2009 22:05;73;0
10-17-2009 22:06;14;0
10-17-2009 22:07;0;0
10-17-2009 22:08;82;0
10-17-2009 22:09;6;0
10-17-2009 22:10;227;0
10-17-2009 22:11;227;0
10-17-2009 22:12;219;0
10-17-2009 22:13;533;0
10-17-2009 22:14;328;0
10-17-2009 22:15;111;0
10-17-2009 22:16;919;0
10-17-2009 22:17;349;0
10-17-2009 22:18;296;0
10-17-2009 22:19;0;0
10-17-2009 22:20;9;0
10-17-2009 22:21;30;0
10-17-2009 22:22;0;0
10-17-2009 22:23;32;0
10-17-2009 22:24;67;0
10-17-2009 22:25;0;0
10-17-2009 22:26;0;0
10-17-2009 22:27;0;0
10-17-2009 22:28;0;0
10-17-2009 22:29;8;0
10-17-2009 22:30;3;0
10-17-2009 22:31;0;0
10-17-2009 22:32;0;0
10-17-2009 22:33;46;0
10-17-2009 22:34;5;0
10-17-2009 22:35;0;0
10-17-2009 22:36;0;0
10-17-2009 22:37;204;0
10-17-2009 22:38;178;0
10-17-2009 22:39;130;0
10-17-2009 22:40;40;0
10-17-2009 22:41;82;0
10-17-2009 22:42;40;0
10-17-2009 22:43;88;0
10-17-2009 22:44;94;0
10-17-2009 22:45;286;0
10-17-2009 22:46;425;0
10-17-2009 22:47;469;0
10-17-2009 22:48;439;0
10-17-2009 22:49;734;0
10-17-2009 22:50;1836;1
10-17-2009 22:51;1620;1
10-17-2009 22:52;1260;1
10-17-2009 22:53;1260;1
10-17-2009 22:54;712;0
10-17-2009 22:55;1300;1
10-17-2009 22:56;978;0
10-17-2009 22:57;1672;1
10-17-2009 22:58;919;0
10-17-2009 22:59;454;0
10-17-2009 23:00;0;0
10-17-2009 23:01;32;0
10-17-2009 23:02;70;0
10-17-2009 23:03;587;0
10-17-2009 23:04;689;0
10-17-2009 23:05;139;0
10-17-2009 23:06;82;0
10-17-2009 23:07;49;0
10-17-2009 23:08;500;0
10-17-2009 23:09;550;0
10-17-2009 23:10;469;0
10-17-2009 23:11;361;0
10-17-2009 23:12;373;0
10-17-2009 23:13;85;0
10-17-2009 23:14;143;0
10-17-2009 23:15;0;0
10-17-2009 23:16;0;0
10-17-2009 23:17;12;0
10-17-2009 23:18;0;0
10-17-2009 23:19;0;0
10-17-2009 23:20;130;0
10-17-2009 23:21;306;0
10-17-2009 23:22;361;0
10-17-2009 23:23;485;0
10-17-2009 23:24;197;0
10-17-2009 23:25;67;0
10-17-2009 23:26;37;0
10-17-2009 23:27;3;0
10-17-2009 23:28;21;0
10-17-2009 23:29;166;0
10-17-2009 23:30;349;0
10-17-2009 23:31;568;0
10-17-2009 23:32;1570;1
10-17-2009 23:33;587;0
10-17-2009 23:34;759;0
10-17-2009 23:35;1341;1
10-17-2009 23:36;809;0
10-17-2009 23:37;40;0
10-17-2009 23:38;70;0
10-17-2009 23:39;184;0
10-17-2009 23:40;0;0
10-17-2009 23:41;0;0
10-17-2009 23:42;0;0
10-17-2009 23:43;0;0
10-17-2009 23:44;0;0
10-17-2009 23:45;0;0
10-17-2009 23:46;0;0
10-17-2009 23:47;0;0
10-17-2009 23:48;0;0
10-17-2009 23:49;0;0
10-17-2009 23:50;0;0
10-17-2009 23:51;0;0
10-17-2009 23:52;0;0
10-17-2009 23:53;0;0
10-17-2009 23:54;0;0
10-17-2009 23:55;0;0
10-17-2009 23:56;0;0
10-17-2009 23:57;0;0
10-17-2009 23:58;219;0
10-17-2009 23:59;0;0
10-18-2009 00:00;0;0
10-18-2009 00:01;0;0
10-18-2009 00:02;0;0
10-18-2009 00:03;0;0
10-18-2009 00:04;0;0
10-18-2009 00:05;0;0
10-18-2009 00:06;0;0
10-18-2009 00:07;0;0
10-18-2009 00:08;0;0
10-18-2009 00:09;0;0
10-18-2009 00:10;0;0
10-18-2009 00:11;0;0
10-18-2009 00:12;0;0
10-18-2009 00:13;0;0
10-18-2009 00:14;0;0
10-18-2009 00:15;0;0
10-18-2009 00:16;0;0
10-18-2009 00:17;0;0
10-18-2009 00:18;0;0
10-18-2009 00:19;0;0
10-18-2009 00:20;0;0
10-18-2009 00:21;0;0
10-18-2009 00:22;0;0
10-18-2009 00:23;0;0
10-18-2009 00:24;0;0
10-18-2009 00:25;0;0
10-18-2009 00:26;0;0
10-18-2009 00:27;0;0
10-18-2009 00:28;0;0
10-18-2009 00:29;0;0
10-18-2009 00:30;0;0
10-18-2009 00:31;0;0
10-18-2009 00:32;0;0
10-18-2009 00:33;0;0
10-18-2009 00:34;0;0
10-18-2009 00:35;0;0
10-18-2009 00:36;0;0
10-18-2009 00:37;0;0
10-18-2009 00:38;0;0
10-18-2009 00:39;0;0
10-18-2009 00:40;0;0
10-18-2009 00:41;0;0
10-18-2009 00:42;0;0
10-18-2009 00:43;0;0
10-18-2009 00:44;0;0
10-18-2009 00:45;0;0
10-18-2009 00:46;0;0
10-18-2009 00:47;0;0
10-18-2009 00:48;0;0
10-18-2009 00:49;0;0
10-18-2009 00:50;73;0
10-18-2009 00:51;0;0
10-18-2009 00:52;0;0
10-18-2009 00:53;197;0
10-18-2009 00:54;0;0
10-18-2009 00:55;0;0
10-18-2009 00:56;0;0
10-18-2009 00:57;0;0
10-18-2009 00:58;0;0
10-18-2009 00:59;0;0
10-18-2009 01:00;0;0
10-18-2009 01:01;0;0
10-18-2009 01:02;0;0
10-18-2009 01:03;0;0
10-18-2009 01:04;0;0
10-18-2009 01:05;0;0
10-18-2009 01:06;0;0
10-18-2009 01:07;0;0
10-18-2009 01:08;0;0
10-18-2009 01:09;0;0
10-18-2009 01:10;0;0
10-18-2009 01:11;0;0
10-18-2009 01:12;0;0
10-18-2009 01:13;0;0
10-18-2009 01:14;0;0
10-18-2009 01:15;0;0
10-18-2009 01:16;0;0
10-18-2009 01:17;0;0
10-18-2009 01:18;0;0
10-18-2009 01:19;0;0
10-18-2009 01:20;0;0
10-18-2009 01:21;0;0
10-18-2009 01:22;0;0
10-18-2009 01:23;0;0
10-18-2009 01:24;0;0
10-18-2009 01:25;0;0
10-18-2009 01:26;0;0
10-18-2009 01:27;0;0
10-18-2009 01:28;38;0
10-18-2009 01:29;259;0
10-18-2009 01:30;0;0
10-18-2009 01:31;0;0
10-18-2009 01:32;0;0
10-18-2009 01:33;0;0
10-18-2009 01:34;0;0
10-18-2009 01:35;0;0
10-18-2009 01:36;0;0
10-18-2009 01:37;0;0
10-18-2009 01:38;0;0
10-18-2009 01:39;0;0
10-18-2009 01:40;0;0
10-18-2009 01:41;0;0
10-18-2009 01:42;0;0
10-18-2009 01:43;0;0
10-18-2009 01:44;0;0
10-18-2009 01:45;0;0
10-18-2009 01:46;0;0
10-18-2009 01:47;0;0
10-18-2009 01:48;0;0
10-18-2009 01:49;0;0
10-18-2009 01:50;0;0
10-18-2009 01:51;0;0
10-18-2009 01:52;0;0
10-18-2009 01:53;0;0
10-18-2009 01:54;0;0
10-18-2009 01:55;0;0
10-18-2009 01:56;0;0
10-18-2009 01:57;0;0
10-18-2009 01:58;0;0
10-18-2009 01:59;0;0
10-18-2009 02:00;0;0
10-18-2009 02:01;0;0
10-18-2009 02:02;0;0
10-18-2009 02:03;0;0
10-18-2009 02:04;0;0
10-18-2009 02:05;17;0
10-18-2009 02:06;349;0
10-18-2009 02:07;646;0
10-18-2009 02:08;646;0
10-18-2009 02:09;277;0
10-18-2009 02:10;0;0
10-18-2009 02:11;0;0
10-18-2009 02:12;0;0
10-18-2009 02:13;0;0
10-18-2009 02:14;0;0
10-18-2009 02:15;0;0
10-18-2009 02:16;0;0
10-18-2009 02:17;0;0
10-18-2009 02:18;0;0
10-18-2009 02:19;0;0
10-18-2009 02:20;0;0
10-18-2009 02:21;0;0
10-18-2009 02:22;0;0
10-18-2009 02:23;0;0
10-18-2009 02:24;0;0
10-18-2009 02:25;0;0
10-18-2009 02:26;0;0
10-18-2009 02:27;0;0
10-18-2009 02:28;0;0
10-18-2009 02:29;0;0
10-18-2009 02:30;0;0
10-18-2009 02:31;0;0
10-18-2009 02:32;0;0
10-18-2009 02:33;0;0
10-18-2009 02:34;0;0
10-18-2009 02:35;0;0
10-18-2009 02:36;0;0
10-18-2009 02:37;0;0
10-18-2009 02:38;0;0
10-18-2009 02:39;0;0
10-18-2009 02:40;0;0
10-18-2009 02:41;0;0
10-18-2009 02:42;0;0
10-18-2009 02:43;0;0
10-18-2009 02:44;0;0
10-18-2009 02:45;178;0
10-18-2009 02:46;0;0
10-18-2009 02:47;0;0
10-18-2009 02:48;0;0
10-18-2009 02:49;0;0
10-18-2009 02:50;0;0
10-18-2009 02:51;0;0
10-18-2009 02:52;0;0
10-18-2009 02:53;0;0
10-18-2009 02:54;0;0
10-18-2009 02:55;0;0
10-18-2009 02:56;0;0
10-18-2009 02:57;0;0
10-18-2009 02:58;0;0
10-18-2009 02:59;0;0
10-18-2009 03:00;0;0
10-18-2009 03:01;0;0
10-18-2009 03:02;0;0
10-18-2009 03:03;0;0
10-18-2009 03:04;0;0
10-18-2009 03:05;0;0
10-18-2009 03:06;0;0
10-18-2009 03:07;0;0
10-18-2009 03:08;0;0
10-18-2009 03:09;0;0
10-18-2009 03:10;0;0
10-18-2009 03:11;0;0
10-18-2009 03:12;0;0
10-18-2009 03:13;0;0
10-18-2009 03:14;0;0
10-18-2009 03:15;0;0
10-18-2009 03:16;0;0
10-18-2009 03:17;0;0
10-18-2009 03:18;0;0
10-18-2009 03:19;0;0
10-18-2009 03:20;0;0
10-18-2009 03:21;0;0
10-18-2009 03:22;0;0
10-18-2009 03:23;0;0
10-18-2009 03:24;0;0
10-18-2009 03:25;0;0
10-18-2009 03:26;0;0
10-18-2009 03:27;0;0
10-18-2009 03:28;0;0
10-18-2009 03:29;0;0
10-18-2009 03:30;0;0
10-18-2009 03:31;0;0
10-18-2009 03:32;0;0
10-18-2009 03:33;0;0
10-18-2009 03:34;0;0
10-18-2009 03:35;0;0
10-18-2009 03:36;0;0
10-18-2009 03:37;0;0
10-18-2009 03:38;0;0
10-18-2009 03:39;0;0
10-18-2009 03:40;0;0
10-18-2009 03:41;0;0
10-18-2009 03:42;0;0
10-18-2009 03:43;0;0
10-18-2009 03:44;0;0
10-18-2009 03:45;0;0
10-18-2009 03:46;0;0
10-18-2009 03:47;0;0
10-18-2009 03:48;0;0
10-18-2009 03:49;0;0
10-18-2009 03:50;0;0
10-18-2009 03:51;0;0
10-18-2009 03:52;154;0
10-18-2009 03:53;3;0
10-18-2009 03:54;148;0
10-18-2009 03:55;52;0
10-18-2009 03:56;26;0
10-18-2009 03:57;0;0
10-18-2009 03:58;0;0
10-18-2009 03:59;0;0
10-18-2009 04:00;0;0
10-18-2009 04:01;0;0
10-18-2009 04:02;0;0
10-18-2009 04:03;0;0
10-18-2009 04:04;0;0
10-18-2009 04:05;0;0
10-18-2009 04:06;0;0
10-18-2009 04:07;0;0
10-18-2009 04:08;0;0
10-18-2009 04:09;0;0
10-18-2009 04:10;0;0
10-18-2009 04:11;0;0
10-18-2009 04:12;0;0
10-18-2009 04:13;0;0
10-18-2009 04:14;0;0
10-18-2009 04:15;0;0
10-18-2009 04:16;0;0
10-18-2009 04:17;0;0
10-18-2009 04:18;0;0
10-18-2009 04:19;34;0
10-18-2009 04:20;0;0
10-18-2009 04:21;0;0
10-18-2009 04:22;0;0
10-18-2009 04:23;0;0
10-18-2009 04:24;0;0
10-18-2009 04:25;0;0
10-18-2009 04:26;0;0
10-18-2009 04:27;134;0
10-18-2009 04:28;1146;1
10-18-2009 04:29;454;0
10-18-2009 04:30;568;0
10-18-2009 04:31;328;0
10-18-2009 04:32;0;0
10-18-2009 04:33;3;0
10-18-2009 04:34;0;0
10-18-2009 04:35;20;0
10-18-2009 04:36;0;0
10-18-2009 04:37;20;0
10-18-2009 04:38;9;0
10-18-2009 04:39;0;0
10-18-2009 04:40;0;0
10-18-2009 04:41;17;0
10-18-2009 04:42;0;0
10-18-2009 04:43;0;0
10-18-2009 04:44;0;0
10-18-2009 04:45;0;0
10-18-2009 04:46;0;0
10-18-2009 04:47;0;0
10-18-2009 04:48;0;0
10-18-2009 04:49;0;0
10-18-2009 04:50;0;0
10-18-2009 04:51;0;0
10-18-2009 04:52;0;0
10-18-2009 04:53;0;0
10-18-2009 04:54;0;0
10-18-2009 04:55;0;0
10-18-2009 04:56;0;0
10-18-2009 04:57;0;0
10-18-2009 04:58;0;0
10-18-2009 04:59;0;0
10-18-2009 05:00;0;0
10-18-2009 05:01;0;0
10-18-2009 05:02;0;0
10-18-2009 05:03;0;0
10-18-2009 05:04;0;0
10-18-2009 05:05;0;0
10-18-2009 05:06;0;0
10-18-2009 05:07;0;0
10-18-2009 05:08;0;0
10-18-2009 05:09;0;0
10-18-2009 05:10;0;0
10-18-2009 05:11;0;0
10-18-2009 05:12;0;0
10-18-2009 05:13;0;0
10-18-2009 05:14;0;0
10-18-2009 05:15;0;0
10-18-2009 05:16;0;0
10-18-2009 05:17;0;0
10-18-2009 05:18;0;0
10-18-2009 05:19;0;0
10-18-2009 05:20;0;0
10-18-2009 05:21;0;0
10-18-2009 05:22;0;0
10-18-2009 05:23;0;0
10-18-2009 05:24;0;0
10-18-2009 05:25;0;0
10-18-2009 05:26;0;0
10-18-2009 05:27;0;0
10-18-2009 05:28;0;0
10-18-2009 05:29;0;0
10-18-2009 05:30;0;0
10-18-2009 05:31;0;0
10-18-2009 05:32;0;0
10-18-2009 05:33;0;0
10-18-2009 05:34;0;0
10-18-2009 05:35;0;0
10-18-2009 05:36;0;0
10-18-2009 05:37;0;0
10-18-2009 05:38;0;0
10-18-2009 05:39;0;0
10-18-2009 05:40;0;0
10-18-2009 05:41;0;0
10-18-2009 05:42;0;0
10-18-2009 05:43;0;0
10-18-2009 05:44;0;0
10-18-2009 05:45;0;0
10-18-2009 05:46;0;0
10-18-2009 05:47;0;0
10-18-2009 05:48;0;0
10-18-2009 05:49;0;0
10-18-2009 05:50;0;0
10-18-2009 05:51;0;0
10-18-2009 05:52;0;0
10-18-2009 05:53;5;0
10-18-2009 05:54;0;0
10-18-2009 05:55;0;0
10-18-2009 05:56;0;0
10-18-2009 05:57;0;0
10-18-2009 05:58;0;0
10-18-2009 05:59;0;0
10-18-2009 06:00;0;0
10-18-2009 06:01;0;0
10-18-2009 06:02;0;0
10-18-2009 06:03;0;0
10-18-2009 06:04;0;0
10-18-2009 06:05;0;0
10-18-2009 06:06;0;0
10-18-2009 06:07;0;0
10-18-2009 06:08;0;0
10-18-2009 06:09;0;0
10-18-2009 06:10;0;0
10-18-2009 06:11;0;0
10-18-2009 06:12;0;0
10-18-2009 06:13;0;0
10-18-2009 06:14;0;0
10-18-2009 06:15;0;0
10-18-2009 06:16;47;0
10-18-2009 06:17;0;0
10-18-2009 06:18;0;0
10-18-2009 06:19;0;0
10-18-2009 06:20;0;0
10-18-2009 06:21;0;0
10-18-2009 06:22;0;0
10-18-2009 06:23;0;0
10-18-2009 06:24;0;0
10-18-2009 06:25;0;0
10-18-2009 06:26;0;0
10-18-2009 06:27;0;0
10-18-2009 06:28;0;0
10-18-2009 06:29;11;0
10-18-2009 06:30;0;0
10-18-2009 06:31;0;0
10-18-2009 06:32;8;0
10-18-2009 06:33;0;0
10-18-2009 06:34;0;0
10-18-2009 06:35;0;0
10-18-2009 06:36;0;0
10-18-2009 06:37;0;0
10-18-2009 06:38;0;0
10-18-2009 06:39;0;0
10-18-2009 06:40;0;0
10-18-2009 06:41;0;0
10-18-2009 06:42;0;0
10-18-2009 06:43;0;0
10-18-2009 06:44;0;0
10-18-2009 06:45;0;0
10-18-2009 06:46;0;0
10-18-2009 06:47;0;0
10-18-2009 06:48;0;0
10-18-2009 06:49;0;0
10-18-2009 06:50;0;0
10-18-2009 06:51;0;0
10-18-2009 06:52;0;0
10-18-2009 06:53;35;0
10-18-2009 06:54;0;0
10-18-2009 06:55;0;0
10-18-2009 06:56;0;0
10-18-2009 06:57;0;0
10-18-2009 06:58;0;0
10-18-2009 06:59;0;0
10-18-2009 07:00;0;0
10-18-2009 07:01;0;0
10-18-2009 07:02;0;0
10-18-2009 07:03;0;0
10-18-2009 07:04;0;0
10-18-2009 07:05;0;0
10-18-2009 07:06;0;0
10-18-2009 07:07;0;0
10-18-2009 07:08;0;0
10-18-2009 07:09;0;0
10-18-2009 07:10;0;0
10-18-2009 07:11;0;0
10-18-2009 07:12;0;0
10-18-2009 07:13;0;0
10-18-2009 07:14;0;0
10-18-2009 07:15;0;0
10-18-2009 07:16;0;0
10-18-2009 07:17;0;0
10-18-2009 07:18;0;0
10-18-2009 07:19;0;0
10-18-2009 07:20;0;0
10-18-2009 07:21;0;0
10-18-2009 07:22;0;0
10-18-2009 07:23;0;0
10-18-2009 07:24;0;0
10-18-2009 07:25;37;0
10-18-2009 07:26;0;0
10-18-2009 07:27;0;0
10-18-2009 07:28;0;0
10-18-2009 07:29;0;0
10-18-2009 07:30;0;0
10-18-2009 07:31;0;0
10-18-2009 07:32;0;0
10-18-2009 07:33;0;0
10-18-2009 07:34;0;0
10-18-2009 07:35;0;0
10-18-2009 07:36;0;0
10-18-2009 07:37;0;0
10-18-2009 07:38;0;0
10-18-2009 07:39;0;0
10-18-2009 07:40;0;0
10-18-2009 07:41;0;0
10-18-2009 07:42;0;0
10-18-2009 07:43;0;0
10-18-2009 07:44;0;0
10-18-2009 07:45;0;0
10-18-2009 07:46;0;0
10-18-2009 07:47;0;0
10-18-2009 07:48;0;0
10-18-2009 07:49;0;0
10-18-2009 07:50;0;0
10-18-2009 07:51;0;0
10-18-2009 07:52;107;0
10-18-2009 07:53;0;0
10-18-2009 07:54;0;0
10-18-2009 07:55;0;0
10-18-2009 07:56;0;0
10-18-2009 07:57;0;0
10-18-2009 07:58;0;0
10-18-2009 07:59;0;0
10-18-2009 08:00;0;0
10-18-2009 08:01;0;0
10-18-2009 08:02;0;0
10-18-2009 08:03;0;0
10-18-2009 08:04;0;0
10-18-2009 08:05;0;0
10-18-2009 08:06;26;0
10-18-2009 08:07;0;0
10-18-2009 08:08;0;0
10-18-2009 08:09;667;0
10-18-2009 08:10;373;0
10-18-2009 08:11;0;0
10-18-2009 08:12;0;0
10-18-2009 08:13;35;0
10-18-2009 08:14;0;0
10-18-2009 08:15;29;0
10-18-2009 08:16;0;0
10-18-2009 08:17;70;0
10-18-2009 08:18;79;0
10-18-2009 08:19;0;0
10-18-2009 08:20;0;0
10-18-2009 08:21;0;0
10-18-2009 08:22;0;0
10-18-2009 08:23;0;0
10-18-2009 08:24;0;0
10-18-2009 08:25;0;0
10-18-2009 08:26;0;0
10-18-2009 08:27;0;0
10-18-2009 08:28;0;0
10-18-2009 08:29;0;0
10-18-2009 08:30;0;0
10-18-2009 08:31;0;0
10-18-2009 08:32;0;0
10-18-2009 08:33;0;0
10-18-2009 08:34;0;0
10-18-2009 08:35;0;0
10-18-2009 08:36;0;0
10-18-2009 08:37;0;0
10-18-2009 08:38;0;0
10-18-2009 08:39;0;0
10-18-2009 08:40;0;0
10-18-2009 08:41;0;0
10-18-2009 08:42;0;0
10-18-2009 08:43;0;0
10-18-2009 08:44;0;0
10-18-2009 08:45;20;0
10-18-2009 08:46;0;0
10-18-2009 08:47;0;0
10-18-2009 08:48;306;0
10-18-2009 08:49;0;0
10-18-2009 08:50;0;0
10-18-2009 08:51;0;0
10-18-2009 08:52;0;0
10-18-2009 08:53;0;0
10-18-2009 08:54;0;0
10-18-2009 08:55;0;0
10-18-2009 08:56;0;0
10-18-2009 08:57;0;0
10-18-2009 08:58;0;0
10-18-2009 08:59;0;0
10-18-2009 09:00;0;0
10-18-2009 09:01;0;0
10-18-2009 09:02;0;0
10-18-2009 09:03;0;0
10-18-2009 09:04;0;0
10-18-2009 09:05;0;0
10-18-2009 09:06;0;0
10-18-2009 09:07;0;0
10-18-2009 09:08;0;0
10-18-2009 09:09;0;0
10-18-2009 09:10;0;0
10-18-2009 09:11;0;0
10-18-2009 09:12;0;0
10-18-2009 09:13;46;0
10-18-2009 09:14;0;0
10-18-2009 09:15;0;0
10-18-2009 09:16;0;0
10-18-2009 09:17;0;0
10-18-2009 09:18;0;0
10-18-2009 09:19;0;0
10-18-2009 09:20;37;0
10-18-2009 09:21;130;0
10-18-2009 09:22;18;0
10-18-2009 09:23;0;0
10-18-2009 09:24;0;0
10-18-2009 09:25;0;0
10-18-2009 09:26;61;0
10-18-2009 09:27;0;0
10-18-2009 09:28;73;0
10-18-2009 09:29;0;0
10-18-2009 09:30;30;0
10-18-2009 09:31;0;0
10-18-2009 09:32;0;0
10-18-2009 09:33;0;0
10-18-2009 09:34;0;0
10-18-2009 09:35;47;0
10-18-2009 09:36;0;0
10-18-2009 09:37;0;0
10-18-2009 09:38;0;0
10-18-2009 09:39;0;0
10-18-2009 09:40;0;0
10-18-2009 09:41;120;0
10-18-2009 09:42;0;0
10-18-2009 09:43;58;0
10-18-2009 09:44;0;0
10-18-2009 09:45;0;0
10-18-2009 09:46;0;0
10-18-2009 09:47;102;0
10-18-2009 09:48;0;0
10-18-2009 09:49;12;0
10-18-2009 09:50;5;0
10-18-2009 09:51;0;0
10-18-2009 09:52;6;0
10-18-2009 09:53;0;0
10-18-2009 09:54;0;0
10-18-2009 09:55;0;0
10-18-2009 09:56;26;0
10-18-2009 09:57;0;0
10-18-2009 09:58;0;0
10-18-2009 09:59;0;0
10-18-2009 10:00;349;0
10-18-2009 10:01;0;0
10-18-2009 10:02;3;0
10-18-2009 10:03;0;0
10-18-2009 10:04;712;0
10-18-2009 10:05;919;0
10-18-2009 10:06;1341;1
10-18-2009 10:07;809;0
10-18-2009 10:08;809;0
10-18-2009 10:09;712;0
10-18-2009 10:10;439;0
10-18-2009 10:11;454;0
10-18-2009 10:12;227;0
10-18-2009 10:13;338;0
10-18-2009 10:14;759;0
10-18-2009 10:15;533;0
10-18-2009 10:16;500;0
10-18-2009 10:17;425;0
10-18-2009 10:18;411;0
10-18-2009 10:19;242;0
10-18-2009 10:20;361;0
10-18-2009 10:21;37;0
10-18-2009 10:22;47;0
10-18-2009 10:23;111;0
10-18-2009 10:24;125;0
10-18-2009 10:25;38;0
10-18-2009 10:26;27;0
10-18-2009 10:27;250;0
10-18-2009 10:28;328;0
10-18-2009 10:29;67;0
10-18-2009 10:30;46;0
10-18-2009 10:31;500;0
10-18-2009 10:32;317;0
10-18-2009 10:33;38;0
10-18-2009 10:34;61;0
10-18-2009 10:35;160;0
10-18-2009 10:36;485;0
10-18-2009 10:37;361;0
10-18-2009 10:38;667;0
10-18-2009 10:39;587;0
10-18-2009 10:40;197;0
10-18-2009 10:41;338;0
10-18-2009 10:42;568;0
10-18-2009 10:43;425;0
10-18-2009 10:44;286;0
10-18-2009 10:45;734;0
10-18-2009 10:46;587;0
10-18-2009 10:47;1042;1
10-18-2009 10:48;734;0
10-18-2009 10:49;835;0
10-18-2009 10:50;667;0
10-18-2009 10:51;809;0
10-18-2009 10:52;568;0
10-18-2009 10:53;349;0
10-18-2009 10:54;219;0
10-18-2009 10:55;227;0
10-18-2009 10:56;82;0
10-18-2009 10:57;306;0
10-18-2009 10:58;116;0
10-18-2009 10:59;172;0
10-18-2009 11:00;454;0
10-18-2009 11:01;227;0
10-18-2009 11:02;49;0
10-18-2009 11:03;120;0
10-18-2009 11:04;27;0
10-18-2009 11:05;55;0
10-18-2009 11:06;425;0
10-18-2009 11:07;517;0
10-18-2009 11:08;759;0
10-18-2009 11:09;398;0
10-18-2009 11:10;517;0
10-18-2009 11:11;689;0
10-18-2009 11:12;689;0
10-18-2009 11:13;1428;1
10-18-2009 11:14;32;0
10-18-2009 11:15;0;0
10-18-2009 11:16;0;0
10-18-2009 11:17;0;0
10-18-2009 11:18;0;0
10-18-2009 11:19;0;0
10-18-2009 11:20;0;0
10-18-2009 11:21;587;0
10-18-2009 11:22;1384;1
10-18-2009 11:23;1300;1
10-18-2009 11:24;2080;1
10-18-2009 11:25;1672;1
10-18-2009 11:26;1384;1
10-18-2009 11:27;1146;1
10-18-2009 11:28;1260;1
10-18-2009 11:29;1042;1
10-18-2009 11:30;425;0
10-18-2009 11:31;469;0
10-18-2009 11:32;349;0
10-18-2009 11:33;948;0
10-18-2009 11:34;809;0
10-18-2009 11:35;646;0
10-18-2009 11:36;1260;1
10-18-2009 11:37;890;0
10-18-2009 11:38;734;0
10-18-2009 11:39;517;0
10-18-2009 11:40;533;0
10-18-2009 11:41;626;0
10-18-2009 11:42;296;0
10-18-2009 11:43;197;0
10-18-2009 11:44;23;0
10-18-2009 11:45;268;0
10-18-2009 11:46;178;0
10-18-2009 11:47;190;0
10-18-2009 11:48;328;0
10-18-2009 11:49;667;0
10-18-2009 11:50;667;0
10-18-2009 11:51;626;0
10-18-2009 11:52;517;0
10-18-2009 11:53;500;0
10-18-2009 11:54;517;0
10-18-2009 11:55;500;0
10-18-2009 11:56;485;0
10-18-2009 11:57;235;0
10-18-2009 11:58;286;0
10-18-2009 11:59;242;0
10-18-2009 12:00;317;0
10-18-2009 12:01;338;0
10-18-2009 12:02;250;0
10-18-2009 12:03;373;0
10-18-2009 12:04;606;0
10-18-2009 12:05;212;0
10-18-2009 12:06;517;0
10-18-2009 12:07;306;0
10-18-2009 12:08;44;0
10-18-2009 12:09;454;0
10-18-2009 12:10;204;0
10-18-2009 12:11;94;0
10-18-2009 12:12;568;0
10-18-2009 12:13;259;0
10-18-2009 12:14;373;0
10-18-2009 12:15;190;0
10-18-2009 12:16;361;0
10-18-2009 12:17;219;0
10-18-2009 12:18;533;0
10-18-2009 12:19;439;0
10-18-2009 12:20;160;0
10-18-2009 12:21;212;0
10-18-2009 12:22;242;0
10-18-2009 12:23;317;0
10-18-2009 12:24;190;0
10-18-2009 12:25;568;0
10-18-2009 12:26;667;0
10-18-2009 12:27;783;0
10-18-2009 12:28;328;0
10-18-2009 12:29;148;0
10-18-2009 12:30;85;0
10-18-2009 12:31;626;0
10-18-2009 12:32;306;0
10-18-2009 12:33;184;0
10-18-2009 12:34;172;0
10-18-2009 12:35;98;0
10-18-2009 12:36;9;0
10-18-2009 12:37;79;0
10-18-2009 12:38;219;0
10-18-2009 12:39;296;0
10-18-2009 12:40;197;0
10-18-2009 12:41;469;0
10-18-2009 12:42;361;0
10-18-2009 12:43;338;0
10-18-2009 12:44;667;0
10-18-2009 12:45;250;0
10-18-2009 12:46;250;0
10-18-2009 12:47;79;0
10-18-2009 12:48;85;0
10-18-2009 12:49;14;0
10-18-2009 12:50;38;0
10-18-2009 12:51;190;0
10-18-2009 12:52;626;0
10-18-2009 12:53;500;0
10-18-2009 12:54;890;0
10-18-2009 12:55;948;0
10-18-2009 12:56;759;0
10-18-2009 12:57;517;0
10-18-2009 12:58;425;0
10-18-2009 12:59;2080;1
10-18-2009 13:00;1780;1
10-18-2009 13:01;1341;1
10-18-2009 13:02;835;0
10-18-2009 13:03;439;0
10-18-2009 13:04;469;0
10-18-2009 13:05;1010;0
10-18-2009 13:06;1300;1
10-18-2009 13:07;1182;1
10-18-2009 13:08;500;0
10-18-2009 13:09;277;0
10-18-2009 13:10;587;0
10-18-2009 13:11;550;0
10-18-2009 13:12;646;0
10-18-2009 13:13;919;0
10-18-2009 13:14;978;0
10-18-2009 13:15;783;0
10-18-2009 13:16;485;0
10-18-2009 13:17;783;0
10-18-2009 13:18;689;0
10-18-2009 13:19;500;0
10-18-2009 13:20;349;0
10-18-2009 13:21;517;0
10-18-2009 13:22;259;0
10-18-2009 13:23;398;0
10-18-2009 13:24;386;0
10-18-2009 13:25;197;0
10-18-2009 13:26;712;0
10-18-2009 13:27;373;0
10-18-2009 13:28;160;0
10-18-2009 13:29;500;0
10-18-2009 13:30;349;0
10-18-2009 13:31;500;0
10-18-2009 13:32;1474;1
10-18-2009 13:33;1428;1
10-18-2009 13:34;1042;1
10-18-2009 13:35;1341;1
10-18-2009 13:36;606;0
10-18-2009 13:37;485;0
10-18-2009 13:38;485;0
10-18-2009 13:39;398;0
10-18-2009 13:40;212;0
10-18-2009 13:41;517;0
10-18-2009 13:42;296;0
10-18-2009 13:43;517;0
10-18-2009 13:44;978;0
10-18-2009 13:45;835;0
10-18-2009 13:46;712;0
10-18-2009 13:47;296;0
10-18-2009 13:48;172;0
10-18-2009 13:49;268;0
10-18-2009 13:50;204;0
10-18-2009 13:51;94;0
10-18-2009 13:52;160;0
10-18-2009 13:53;259;0
10-18-2009 13:54;55;0
10-18-2009 13:55;14;0
10-18-2009 13:56;0;0
10-18-2009 13:57;227;0
10-18-2009 13:58;49;0
10-18-2009 13:59;3;0
10-18-2009 14:00;5;0
10-18-2009 14:01;0;0
10-18-2009 14:02;3;0
10-18-2009 14:03;3;0
10-18-2009 14:04;116;0
10-18-2009 14:05;517;0
10-18-2009 14:06;469;0
10-18-2009 14:07;759;0
10-18-2009 14:08;978;0
10-18-2009 14:09;212;0
10-18-2009 14:10;5;0
10-18-2009 14:11;82;0
10-18-2009 14:12;0;0
10-18-2009 14:13;64;0
10-18-2009 14:14;49;0
10-18-2009 14:15;204;0
10-18-2009 14:16;37;0
10-18-2009 14:17;1182;1
10-18-2009 14:18;689;0
10-18-2009 14:19;2284;1
10-18-2009 14:20;1620;1
10-18-2009 14:21;2146;1
10-18-2009 14:22;1521;1
10-18-2009 14:23;1076;1
10-18-2009 14:24;242;0
10-18-2009 14:25;197;0
10-18-2009 14:26;1260;1
10-18-2009 14:27;1221;1
10-18-2009 14:28;689;0
10-18-2009 14:29;919;0
10-18-2009 14:30;835;0
10-18-2009 14:31;689;0
10-18-2009 14:32;759;0
10-18-2009 14:33;568;0
10-18-2009 14:34;439;0
10-18-2009 14:35;734;0
10-18-2009 14:36;978;0
10-18-2009 14:37;712;0
10-18-2009 14:38;8;0
10-18-2009 14:39;306;0
10-18-2009 14:40;809;0
10-18-2009 14:41;919;0
10-18-2009 14:42;606;0
10-18-2009 14:43;469;0
10-18-2009 14:44;1260;1
10-18-2009 14:45;500;0
10-18-2009 14:46;1260;1
10-18-2009 14:47;1260;1
10-18-2009 14:48;1076;1
10-18-2009 14:49;500;0
10-18-2009 14:50;500;0
10-18-2009 14:51;277;0
10-18-2009 14:52;120;0
10-18-2009 14:53;148;0
10-18-2009 14:54;120;0
10-18-2009 14:55;286;0
10-18-2009 14:56;120;0
10-18-2009 14:57;296;0
10-18-2009 14:58;469;0
10-18-2009 14:59;1260;1
10-18-2009 15:00;862;0
10-18-2009 15:01;55;0
10-18-2009 15:02;30;0
10-18-2009 15:03;317;0
10-18-2009 15:04;8;0
10-18-2009 15:05;38;0
10-18-2009 15:06;646;0
10-18-2009 15:07;120;0
10-18-2009 15:08;5;0
10-18-2009 15:09;73;0
10-18-2009 15:10;0;0
10-18-2009 15:11;0;0
10-18-2009 15:12;49;0
10-18-2009 15:13;0;0
10-18-2009 15:14;178;0
10-18-2009 15:15;8;0
10-18-2009 15:16;0;0
10-18-2009 15:17;0;0
10-18-2009 15:18;242;0
10-18-2009 15:19;18;0
10-18-2009 15:20;0;0
10-18-2009 15:21;15;0
10-18-2009 15:22;0;0
10-18-2009 15:23;172;0
10-18-2009 15:24;1042;1
10-18-2009 15:25;587;0
10-18-2009 15:26;606;0
10-18-2009 15:27;469;0
10-18-2009 15:28;250;0
10-18-2009 15:29;517;0
10-18-2009 15:30;94;0
10-18-2009 15:31;178;0
10-18-2009 15:32;373;0
10-18-2009 15:33;67;0
10-18-2009 15:34;37;0
10-18-2009 15:35;425;0
10-18-2009 15:36;166;0
10-18-2009 15:37;3;0
10-18-2009 15:38;154;0
10-18-2009 15:39;172;0
10-18-2009 15:40;94;0
10-18-2009 15:41;9;0
10-18-2009 15:42;23;0
10-18-2009 15:43;18;0
10-18-2009 15:44;439;0
10-18-2009 15:45;204;0
10-18-2009 15:46;0;0
10-18-2009 15:47;242;0
10-18-2009 15:48;277;0
10-18-2009 15:49;55;0
10-18-2009 15:50;3;0
10-18-2009 15:51;9;0
10-18-2009 15:52;8;0
10-18-2009 15:53;0;0
10-18-2009 15:54;227;0
10-18-2009 15:55;166;0
10-18-2009 15:56;328;0
10-18-2009 15:57;34;0
10-18-2009 15:58;1146;1
10-18-2009 15:59;517;0
10-18-2009 16:00;242;0
10-18-2009 16:01;485;0
10-18-2009 16:02;485;0
10-18-2009 16:03;759;0
10-18-2009 16:04;759;0
10-18-2009 16:05;626;0
10-18-2009 16:06;1111;1
10-18-2009 16:07;386;0
10-18-2009 16:08;178;0
10-18-2009 16:09;1076;1
10-18-2009 16:10;689;0
10-18-2009 16:11;734;0
10-18-2009 16:12;1341;1
10-18-2009 16:13;328;0
10-18-2009 16:14;130;0
10-18-2009 16:15;116;0
10-18-2009 16:16;259;0
10-18-2009 16:17;338;0
10-18-2009 16:18;184;0
10-18-2009 16:19;190;0
10-18-2009 16:20;139;0
10-18-2009 16:21;130;0
10-18-2009 16:22;64;0
10-18-2009 16:23;38;0
10-18-2009 16:24;49;0
10-18-2009 16:25;44;0
10-18-2009 16:26;338;0
10-18-2009 16:27;259;0
10-18-2009 16:28;111;0
10-18-2009 16:29;219;0
10-18-2009 16:30;277;0
10-18-2009 16:31;268;0
10-18-2009 16:32;116;0
10-18-2009 16:33;212;0
10-18-2009 16:34;139;0
10-18-2009 16:35;76;0
10-18-2009 16:36;76;0
10-18-2009 16:37;102;0
10-18-2009 16:38;454;0
10-18-2009 16:39;120;0
10-18-2009 16:40;102;0
10-18-2009 16:41;125;0
10-18-2009 16:42;0;0
10-18-2009 16:43;43;0
10-18-2009 16:44;61;0
10-18-2009 16:45;425;0
10-18-2009 16:46;338;0
10-18-2009 16:47;386;0
10-18-2009 16:48;79;0
10-18-2009 16:49;102;0
10-18-2009 16:50;197;0
10-18-2009 16:51;130;0
10-18-2009 16:52;130;0
10-18-2009 16:53;111;0
10-18-2009 16:54;94;0
10-18-2009 16:55;219;0
10-18-2009 16:56;23;0
10-18-2009 16:57;667;0
10-18-2009 16:58;919;0
10-18-2009 16:59;1076;1
10-18-2009 17:00;1474;1
10-18-2009 17:01;626;0
10-18-2009 17:02;120;0
10-18-2009 17:03;286;0
10-18-2009 17:04;166;0
10-18-2009 17:05;27;0
10-18-2009 17:06;130;0
10-18-2009 17:07;91;0
10-18-2009 17:08;73;0
10-18-2009 17:09;533;0
10-18-2009 17:10;587;0
10-18-2009 17:11;606;0
10-18-2009 17:12;783;0
10-18-2009 17:13;712;0
10-18-2009 17:14;606;0
10-18-2009 17:15;587;0
10-18-2009 17:16;587;0
10-18-2009 17:17;306;0
10-18-2009 17:18;94;0
10-18-2009 17:19;154;0
10-18-2009 17:20;411;0
10-18-2009 17:21;587;0
10-18-2009 17:22;242;0
10-18-2009 17:23;143;0
10-18-2009 17:24;212;0
10-18-2009 17:25;296;0
10-18-2009 17:26;259;0
10-18-2009 17:27;568;0
10-18-2009 17:28;425;0
10-18-2009 17:29;67;0
10-18-2009 17:30;102;0
10-18-2009 17:31;130;0
10-18-2009 17:32;439;0
10-18-2009 17:33;454;0
10-18-2009 17:34;759;0
10-18-2009 17:35;454;0
10-18-2009 17:36;734;0
10-18-2009 17:37;919;0
10-18-2009 17:38;809;0
10-18-2009 17:39;890;0
10-18-2009 17:40;809;0
10-18-2009 17:41;862;0
10-18-2009 17:42;517;0
10-18-2009 17:43;1260;1
10-18-2009 17:44;268;0
10-18-2009 17:45;107;0
10-18-2009 17:46;5;0
10-18-2009 17:47;125;0
10-18-2009 17:48;76;0
10-18-2009 17:49;111;0
10-18-2009 17:50;0;0
10-18-2009 17:51;411;0
10-18-2009 17:52;1182;1
10-18-2009 17:53;550;0
10-18-2009 17:54;500;0
10-18-2009 17:55;190;0
10-18-2009 17:56;485;0
10-18-2009 17:57;386;0
10-18-2009 17:58;184;0
10-18-2009 17:59;139;0
10-18-2009 18:00;120;0
10-18-2009 18:01;130;0
10-18-2009 18:02;328;0
10-18-2009 18:03;116;0
10-18-2009 18:04;227;0
10-18-2009 18:05;29;0
10-18-2009 18:06;296;0
10-18-2009 18:07;485;0
10-18-2009 18:08;712;0
10-18-2009 18:09;712;0
10-18-2009 18:10;197;0
10-18-2009 18:11;646;0
10-18-2009 18:12;919;0
10-18-2009 18:13;190;0
10-18-2009 18:14;190;0
10-18-2009 18:15;286;0
10-18-2009 18:16;139;0
10-18-2009 18:17;116;0
10-18-2009 18:18;178;0
10-18-2009 18:19;20;0
10-18-2009 18:20;55;0
10-18-2009 18:21;328;0
10-18-2009 18:22;23;0
10-18-2009 18:23;120;0
10-18-2009 18:24;235;0
10-18-2009 18:25;190;0
10-18-2009 18:26;47;0
10-18-2009 18:27;197;0
10-18-2009 18:28;49;0
10-18-2009 18:29;125;0
10-18-2009 18:30;235;0
10-18-2009 18:31;29;0
10-18-2009 18:32;85;0
10-18-2009 18:33;58;0
10-18-2009 18:34;8;0
10-18-2009 18:35;21;0
10-18-2009 18:36;6;0
10-18-2009 18:37;40;0
10-18-2009 18:38;34;0
10-18-2009 18:39;5;0
10-18-2009 18:40;373;0
10-18-2009 18:41;178;0
10-18-2009 18:42;328;0
10-18-2009 18:43;250;0
10-18-2009 18:44;23;0
10-18-2009 18:45;0;0
10-18-2009 18:46;49;0
10-18-2009 18:47;111;0
10-18-2009 18:48;14;0
10-18-2009 18:49;8;0
10-18-2009 18:50;94;0
10-18-2009 18:51;190;0
10-18-2009 18:52;469;0
10-18-2009 18:53;235;0
10-18-2009 18:54;268;0
10-18-2009 18:55;550;0
10-18-2009 18:56;517;0
10-18-2009 18:57;689;0
10-18-2009 18:58;689;0
10-18-2009 18:59;268;0
10-18-2009 19:00;70;0
10-18-2009 19:01;154;0
10-18-2009 19:02;242;0
10-18-2009 19:03;134;0
10-18-2009 19:04;64;0
10-18-2009 19:05;143;0
10-18-2009 19:06;277;0
10-18-2009 19:07;184;0
10-18-2009 19:08;24;0
10-18-2009 19:09;212;0
10-18-2009 19:10;0;0
10-18-2009 19:11;0;0
10-18-2009 19:12;0;0
10-18-2009 19:13;190;0
10-18-2009 19:14;0;0
10-18-2009 19:15;3;0
10-18-2009 19:16;212;0
10-18-2009 19:17;178;0
10-18-2009 19:18;139;0
10-18-2009 19:19;148;0
10-18-2009 19:20;82;0
10-18-2009 19:21;148;0
10-18-2009 19:22;40;0
10-18-2009 19:23;143;0
10-18-2009 19:24;64;0
10-18-2009 19:25;235;0
10-18-2009 19:26;978;0
10-18-2009 19:27;734;0
10-18-2009 19:28;111;0
10-18-2009 19:29;37;0
10-18-2009 19:30;41;0
10-18-2009 19:31;373;0
10-18-2009 19:32;1300;1
10-18-2009 19:33;646;0
10-18-2009 19:34;166;0
10-18-2009 19:35;0;0
10-18-2009 19:36;61;0
10-18-2009 19:37;373;0
10-18-2009 19:38;212;0
10-18-2009 19:39;0;0
10-18-2009 19:40;0;0
10-18-2009 19:41;0;0
10-18-2009 19:42;82;0
10-18-2009 19:43;160;0
10-18-2009 19:44;328;0
10-18-2009 19:45;197;0
10-18-2009 19:46;0;0
10-18-2009 19:47;0;0
10-18-2009 19:48;49;0
10-18-2009 19:49;0;0
10-18-2009 19:50;130;0
10-18-2009 19:51;116;0
10-18-2009 19:52;0;0
10-18-2009 19:53;0;0
10-18-2009 19:54;11;0
10-18-2009 19:55;0;0
10-18-2009 19:56;411;0
10-18-2009 19:57;919;0
10-18-2009 19:58;626;0
10-18-2009 19:59;398;0
10-18-2009 20:00;386;0
10-18-2009 20:01;587;0
10-18-2009 20:02;500;0
10-18-2009 20:03;469;0
10-18-2009 20:04;485;0
10-18-2009 20:05;500;0
10-18-2009 20:06;500;0
10-18-2009 20:07;550;0
10-18-2009 20:08;469;0
10-18-2009 20:09;689;0
10-18-2009 20:10;568;0
10-18-2009 20:11;667;0
10-18-2009 20:12;485;0
10-18-2009 20:13;469;0
10-18-2009 20:14;469;0
10-18-2009 20:15;411;0
10-18-2009 20:16;517;0
10-18-2009 20:17;533;0
10-18-2009 20:18;890;0
10-18-2009 20:19;862;0
10-18-2009 20:20;439;0
10-18-2009 20:21;1010;0
10-18-2009 20:22;439;0
10-18-2009 20:23;533;0
10-18-2009 20:24;1042;1
10-18-2009 20:25;890;0
10-18-2009 20:26;734;0
10-18-2009 20:27;783;0
10-18-2009 20:28;978;0
10-18-2009 20:29;361;0
10-18-2009 20:30;626;0
10-18-2009 20:31;485;0
10-18-2009 20:32;783;0
10-18-2009 20:33;338;0
10-18-2009 20:34;1260;1
10-18-2009 20:35;1010;0
10-18-2009 20:36;178;0
10-18-2009 20:37;67;0
10-18-2009 20:38;29;0
10-18-2009 20:39;41;0
10-18-2009 20:40;15;0
10-18-2009 20:41;0;0
10-18-2009 20:42;73;0
10-18-2009 20:43;835;0
10-18-2009 20:44;759;0
10-18-2009 20:45;734;0
10-18-2009 20:46;1111;1
10-18-2009 20:47;1146;1
10-18-2009 20:48;485;0
10-18-2009 20:49;533;0
10-18-2009 20:50;948;0
10-18-2009 20:51;533;0
10-18-2009 20:52;317;0
10-18-2009 20:53;361;0
10-18-2009 20:54;178;0
10-18-2009 20:55;219;0
10-18-2009 20:56;172;0
10-18-2009 20:57;134;0
10-18-2009 20:58;306;0
10-18-2009 20:59;712;0
10-18-2009 21:00;533;0
10-18-2009 21:01;712;0
10-18-2009 21:02;306;0
10-18-2009 21:03;67;0
10-18-2009 21:04;469;0
10-18-2009 21:05;1146;1
10-18-2009 21:06;978;0
10-18-2009 21:07;978;0
10-18-2009 21:08;587;0
10-18-2009 21:09;646;0
10-18-2009 21:10;689;0
10-18-2009 21:11;469;0
10-18-2009 21:12;550;0
10-18-2009 21:13;306;0
10-18-2009 21:14;606;0
10-18-2009 21:15;190;0
10-18-2009 21:16;23;0
10-18-2009 21:17;568;0
10-18-2009 21:18;948;0
10-18-2009 21:19;349;0
10-18-2009 21:20;411;0
10-18-2009 21:21;485;0
10-18-2009 21:22;862;0
10-18-2009 21:23;626;0
10-18-2009 21:24;978;0
10-18-2009 21:25;734;0
10-18-2009 21:26;1521;1
10-18-2009 21:27;550;0
10-18-2009 21:28;0;0
10-18-2009 21:29;0;0
10-18-2009 21:30;0;0
10-18-2009 21:31;3;0
10-18-2009 21:32;1076;1
10-18-2009 21:33;1780;1
10-18-2009 21:34;1620;1
10-18-2009 21:35;978;0
10-18-2009 21:36;734;0
10-18-2009 21:37;783;0
10-18-2009 21:38;667;0
10-18-2009 21:39;1076;1
10-18-2009 21:40;948;0
10-18-2009 21:41;500;0
10-18-2009 21:42;219;0
10-18-2009 21:43;91;0
10-18-2009 21:44;91;0
10-18-2009 21:45;67;0
10-18-2009 21:46;373;0
10-18-2009 21:47;890;0
10-18-2009 21:48;734;0
10-18-2009 21:49;259;0
10-18-2009 21:50;49;0
10-18-2009 21:51;398;0
10-18-2009 21:52;204;0
10-18-2009 21:53;24;0
10-18-2009 21:54;0;0
10-18-2009 21:55;568;0
10-18-2009 21:56;550;0
10-18-2009 21:57;250;0
10-18-2009 21:58;26;0
10-18-2009 21:59;0;0
10-18-2009 22:00;0;0
10-18-2009 22:01;20;0
10-18-2009 22:02;9;0
10-18-2009 22:03;8;0
10-18-2009 22:04;0;0
10-18-2009 22:05;73;0
10-18-2009 22:06;0;0
10-18-2009 22:07;0;0
10-18-2009 22:08;11;0
10-18-2009 22:09;139;0
10-18-2009 22:10;91;0
10-18-2009 22:11;47;0
10-18-2009 22:12;30;0
10-18-2009 22:13;85;0
10-18-2009 22:14;139;0
10-18-2009 22:15;361;0
10-18-2009 22:16;172;0
10-18-2009 22:17;0;0
10-18-2009 22:18;425;0
10-18-2009 22:19;76;0
10-18-2009 22:20;61;0
10-18-2009 22:21;0;0
10-18-2009 22:22;0;0
10-18-2009 22:23;9;0
10-18-2009 22:24;0;0
10-18-2009 22:25;120;0
10-18-2009 22:26;0;0
10-18-2009 22:27;667;0
10-18-2009 22:28;626;0
10-18-2009 22:29;626;0
10-18-2009 22:30;809;0
10-18-2009 22:31;587;0
10-18-2009 22:32;425;0
10-18-2009 22:33;500;0
10-18-2009 22:34;1076;1
10-18-2009 22:35;1146;1
10-18-2009 22:36;734;0
10-18-2009 22:37;862;0
10-18-2009 22:38;227;0
10-18-2009 22:39;286;0
10-18-2009 22:40;0;0
10-18-2009 22:41;306;0
10-18-2009 22:42;550;0
10-18-2009 22:43;646;0
10-18-2009 22:44;61;0
10-18-2009 22:45;3;0
10-18-2009 22:46;98;0
10-18-2009 22:47;0;0
10-18-2009 22:48;5;0
10-18-2009 22:49;52;0
10-18-2009 22:50;646;0
10-18-2009 22:51;606;0
10-18-2009 22:52;587;0
10-18-2009 22:53;0;0
10-18-2009 22:54;0;0
10-18-2009 22:55;21;0
10-18-2009 22:56;0;0
10-18-2009 22:57;0;0
10-18-2009 22:58;0;0
10-18-2009 22:59;0;0
10-18-2009 23:00;0;0
10-18-2009 23:01;0;0
10-18-2009 23:02;0;0
10-18-2009 23:03;0;0
10-18-2009 23:04;139;0
10-18-2009 23:05;0;0
10-18-2009 23:06;0;0
10-18-2009 23:07;0;0
10-18-2009 23:08;0;0
10-18-2009 23:09;0;0
10-18-2009 23:10;0;0
10-18-2009 23:11;0;0
10-18-2009 23:12;0;0
10-18-2009 23:13;0;0
10-18-2009 23:14;0;0
10-18-2009 23:15;0;0
10-18-2009 23:16;0;0
10-18-2009 23:17;0;0
10-18-2009 23:18;0;0
10-18-2009 23:19;8;0
10-18-2009 23:20;0;0
10-18-2009 23:21;0;0
10-18-2009 23:22;0;0
10-18-2009 23:23;0;0
10-18-2009 23:24;0;0
10-18-2009 23:25;0;0
10-18-2009 23:26;0;0
10-18-2009 23:27;0;0
10-18-2009 23:28;0;0
10-18-2009 23:29;0;0
10-18-2009 23:30;0;0
10-18-2009 23:31;0;0
10-18-2009 23:32;0;0
10-18-2009 23:33;0;0
10-18-2009 23:34;0;0
10-18-2009 23:35;0;0
10-18-2009 23:36;0;0
10-18-2009 23:37;0;0
10-18-2009 23:38;0;0
10-18-2009 23:39;0;0
10-18-2009 23:40;0;0
10-18-2009 23:41;0;0
10-18-2009 23:42;0;0
10-18-2009 23:43;0;0
10-18-2009 23:44;0;0
10-18-2009 23:45;0;0
10-18-2009 23:46;0;0
10-18-2009 23:47;0;0
10-18-2009 23:48;0;0
10-18-2009 23:49;0;0
10-18-2009 23:50;0;0
10-18-2009 23:51;0;0
10-18-2009 23:52;0;0
10-18-2009 23:53;0;0
10-18-2009 23:54;0;0
10-18-2009 23:55;0;0
10-18-2009 23:56;0;0
10-18-2009 23:57;0;0
10-18-2009 23:58;0;0
10-18-2009 23:59;0;0
10-19-2009 00:00;0;0
10-19-2009 00:01;0;0
10-19-2009 00:02;0;0
10-19-2009 00:03;0;0
10-19-2009 00:04;0;0
10-19-2009 00:05;0;0
10-19-2009 00:06;0;0
10-19-2009 00:07;0;0
10-19-2009 00:08;0;0
10-19-2009 00:09;0;0
10-19-2009 00:10;0;0
10-19-2009 00:11;0;0
10-19-2009 00:12;0;0
10-19-2009 00:13;0;0
10-19-2009 00:14;0;0
10-19-2009 00:15;0;0
10-19-2009 00:16;0;0
10-19-2009 00:17;0;0
10-19-2009 00:18;0;0
10-19-2009 00:19;0;0
10-19-2009 00:20;0;0
10-19-2009 00:21;0;0
10-19-2009 00:22;0;0
10-19-2009 00:23;0;0
10-19-2009 00:24;73;0
10-19-2009 00:25;0;0
10-19-2009 00:26;0;0
10-19-2009 00:27;0;0
10-19-2009 00:28;0;0
10-19-2009 00:29;0;0
10-19-2009 00:30;0;0
10-19-2009 00:31;0;0
10-19-2009 00:32;0;0
10-19-2009 00:33;0;0
10-19-2009 00:34;0;0
10-19-2009 00:35;0;0
10-19-2009 00:36;0;0
10-19-2009 00:37;0;0
10-19-2009 00:38;0;0
10-19-2009 00:39;0;0
10-19-2009 00:40;0;0
10-19-2009 00:41;0;0
10-19-2009 00:42;0;0
10-19-2009 00:43;0;0
10-19-2009 00:44;0;0
10-19-2009 00:45;0;0
10-19-2009 00:46;0;0
10-19-2009 00:47;0;0
10-19-2009 00:48;0;0
10-19-2009 00:49;6;0
10-19-2009 00:50;0;0
10-19-2009 00:51;0;0
10-19-2009 00:52;0;0
10-19-2009 00:53;0;0
10-19-2009 00:54;0;0
10-19-2009 00:55;0;0
10-19-2009 00:56;0;0
10-19-2009 00:57;0;0
10-19-2009 00:58;0;0
10-19-2009 00:59;184;0
10-19-2009 01:00;0;0
10-19-2009 01:01;0;0
10-19-2009 01:02;0;0
10-19-2009 01:03;0;0
10-19-2009 01:04;0;0
10-19-2009 01:05;0;0
10-19-2009 01:06;0;0
10-19-2009 01:07;0;0
10-19-2009 01:08;0;0
10-19-2009 01:09;24;0
10-19-2009 01:10;0;0
10-19-2009 01:11;0;0
10-19-2009 01:12;0;0
10-19-2009 01:13;0;0
10-19-2009 01:14;0;0
10-19-2009 01:15;0;0
10-19-2009 01:16;0;0
10-19-2009 01:17;0;0
10-19-2009 01:18;0;0
10-19-2009 01:19;0;0
10-19-2009 01:20;0;0
10-19-2009 01:21;0;0
10-19-2009 01:22;0;0
10-19-2009 01:23;0;0
10-19-2009 01:24;0;0
10-19-2009 01:25;0;0
10-19-2009 01:26;0;0
10-19-2009 01:27;0;0
10-19-2009 01:28;0;0
10-19-2009 01:29;0;0
10-19-2009 01:30;0;0
10-19-2009 01:31;0;0
10-19-2009 01:32;0;0
10-19-2009 01:33;0;0
10-19-2009 01:34;0;0
10-19-2009 01:35;0;0
10-19-2009 01:36;0;0
10-19-2009 01:37;0;0
10-19-2009 01:38;0;0
10-19-2009 01:39;0;0
10-19-2009 01:40;0;0
10-19-2009 01:41;0;0
10-19-2009 01:42;0;0
10-19-2009 01:43;0;0
10-19-2009 01:44;0;0
10-19-2009 01:45;0;0
10-19-2009 01:46;0;0
10-19-2009 01:47;0;0
10-19-2009 01:48;0;0
10-19-2009 01:49;0;0
10-19-2009 01:50;0;0
10-19-2009 01:51;0;0
10-19-2009 01:52;0;0
10-19-2009 01:53;0;0
10-19-2009 01:54;0;0
10-19-2009 01:55;0;0
10-19-2009 01:56;0;0
10-19-2009 01:57;0;0
10-19-2009 01:58;0;0
10-19-2009 01:59;0;0
10-19-2009 02:00;0;0
10-19-2009 02:01;0;0
10-19-2009 02:02;0;0
10-19-2009 02:03;0;0
10-19-2009 02:04;0;0
10-19-2009 02:05;0;0
10-19-2009 02:06;0;0
10-19-2009 02:07;0;0
10-19-2009 02:08;0;0
10-19-2009 02:09;0;0
10-19-2009 02:10;0;0
10-19-2009 02:11;0;0
10-19-2009 02:12;0;0
10-19-2009 02:13;0;0
10-19-2009 02:14;55;0
10-19-2009 02:15;8;0
10-19-2009 02:16;34;0
10-19-2009 02:17;44;0
10-19-2009 02:18;0;0
10-19-2009 02:19;0;0
10-19-2009 02:20;0;0
10-19-2009 02:21;0;0
10-19-2009 02:22;12;0
10-19-2009 02:23;0;0
10-19-2009 02:24;0;0
10-19-2009 02:25;0;0
10-19-2009 02:26;0;0
10-19-2009 02:27;0;0
10-19-2009 02:28;0;0
10-19-2009 02:29;0;0
10-19-2009 02:30;0;0
10-19-2009 02:31;0;0
10-19-2009 02:32;0;0
10-19-2009 02:33;0;0
10-19-2009 02:34;0;0
10-19-2009 02:35;0;0
10-19-2009 02:36;3;0
10-19-2009 02:37;0;0
10-19-2009 02:38;0;0
10-19-2009 02:39;0;0
10-19-2009 02:40;0;0
10-19-2009 02:41;0;0
10-19-2009 02:42;0;0
10-19-2009 02:43;0;0
10-19-2009 02:44;0;0
10-19-2009 02:45;0;0
10-19-2009 02:46;0;0
10-19-2009 02:47;0;0
10-19-2009 02:48;0;0
10-19-2009 02:49;0;0
10-19-2009 02:50;0;0
10-19-2009 02:51;0;0
10-19-2009 02:52;9;0
10-19-2009 02:53;0;0
10-19-2009 02:54;0;0
10-19-2009 02:55;44;0
10-19-2009 02:56;0;0
10-19-2009 02:57;0;0
10-19-2009 02:58;0;0
10-19-2009 02:59;0;0
10-19-2009 03:00;0;0
10-19-2009 03:01;0;0
10-19-2009 03:02;0;0
10-19-2009 03:03;0;0
10-19-2009 03:04;0;0
10-19-2009 03:05;0;0
10-19-2009 03:06;0;0
10-19-2009 03:07;0;0
10-19-2009 03:08;0;0
10-19-2009 03:09;0;0
10-19-2009 03:10;0;0
10-19-2009 03:11;0;0
10-19-2009 03:12;0;0
10-19-2009 03:13;0;0
10-19-2009 03:14;0;0
10-19-2009 03:15;0;0
10-19-2009 03:16;0;0
10-19-2009 03:17;0;0
10-19-2009 03:18;0;0
10-19-2009 03:19;0;0
10-19-2009 03:20;21;0
10-19-2009 03:21;0;0
10-19-2009 03:22;0;0
10-19-2009 03:23;0;0
10-19-2009 03:24;20;0
10-19-2009 03:25;58;0
10-19-2009 03:26;37;0
10-19-2009 03:27;0;0
10-19-2009 03:28;0;0
10-19-2009 03:29;0;0
10-19-2009 03:30;0;0
10-19-2009 03:31;0;0
10-19-2009 03:32;0;0
10-19-2009 03:33;0;0
10-19-2009 03:34;46;0
10-19-2009 03:35;91;0
10-19-2009 03:36;47;0
10-19-2009 03:37;0;0
10-19-2009 03:38;0;0
10-19-2009 03:39;0;0
10-19-2009 03:40;0;0
10-19-2009 03:41;0;0
10-19-2009 03:42;0;0
10-19-2009 03:43;0;0
10-19-2009 03:44;0;0
10-19-2009 03:45;0;0
10-19-2009 03:46;0;0
10-19-2009 03:47;0;0
10-19-2009 03:48;0;0
10-19-2009 03:49;0;0
10-19-2009 03:50;0;0
10-19-2009 03:51;0;0
10-19-2009 03:52;0;0
10-19-2009 03:53;0;0
10-19-2009 03:54;0;0
10-19-2009 03:55;0;0
10-19-2009 03:56;0;0
10-19-2009 03:57;0;0
10-19-2009 03:58;0;0
10-19-2009 03:59;0;0
10-19-2009 04:00;0;0
10-19-2009 04:01;0;0
10-19-2009 04:02;0;0
10-19-2009 04:03;0;0
10-19-2009 04:04;0;0
10-19-2009 04:05;0;0
10-19-2009 04:06;0;0
10-19-2009 04:07;98;0
10-19-2009 04:08;85;0
10-19-2009 04:09;0;0
10-19-2009 04:10;0;0
10-19-2009 04:11;0;0
10-19-2009 04:12;0;0
10-19-2009 04:13;0;0
10-19-2009 04:14;0;0
10-19-2009 04:15;0;0
10-19-2009 04:16;0;0
10-19-2009 04:17;0;0
10-19-2009 04:18;0;0
10-19-2009 04:19;0;0
10-19-2009 04:20;0;0
10-19-2009 04:21;0;0
10-19-2009 04:22;0;0
10-19-2009 04:23;67;0
10-19-2009 04:24;14;0
10-19-2009 04:25;30;0
10-19-2009 04:26;3;0
10-19-2009 04:27;0;0
10-19-2009 04:28;286;0
10-19-2009 04:29;349;0
10-19-2009 04:30;107;0
10-19-2009 04:31;11;0
10-19-2009 04:32;14;0
10-19-2009 04:33;46;0
10-19-2009 04:34;0;0
10-19-2009 04:35;3;0
10-19-2009 04:36;9;0
10-19-2009 04:37;0;0
10-19-2009 04:38;130;0
10-19-2009 04:39;35;0
10-19-2009 04:40;0;0
10-19-2009 04:41;0;0
10-19-2009 04:42;0;0
10-19-2009 04:43;18;0
10-19-2009 04:44;242;0
10-19-2009 04:45;317;0
10-19-2009 04:46;0;0
10-19-2009 04:47;0;0
10-19-2009 04:48;0;0
10-19-2009 04:49;15;0
10-19-2009 04:50;0;0
10-19-2009 04:51;21;0
10-19-2009 04:52;38;0
10-19-2009 04:53;0;0
10-19-2009 04:54;0;0
10-19-2009 04:55;0;0
10-19-2009 04:56;0;0
10-19-2009 04:57;0;0
10-19-2009 04:58;0;0
10-19-2009 04:59;0;0
10-19-2009 05:00;0;0
10-19-2009 05:01;0;0
10-19-2009 05:02;0;0
10-19-2009 05:03;0;0
10-19-2009 05:04;0;0
10-19-2009 05:05;23;0
10-19-2009 05:06;0;0
10-19-2009 05:07;0;0
10-19-2009 05:08;0;0
10-19-2009 05:09;0;0
10-19-2009 05:10;0;0
10-19-2009 05:11;0;0
10-19-2009 05:12;0;0
10-19-2009 05:13;0;0
10-19-2009 05:14;0;0
10-19-2009 05:15;0;0
10-19-2009 05:16;0;0
10-19-2009 05:17;0;0
10-19-2009 05:18;0;0
10-19-2009 05:19;0;0
10-19-2009 05:20;0;0
10-19-2009 05:21;0;0
10-19-2009 05:22;0;0
10-19-2009 05:23;0;0
10-19-2009 05:24;0;0
10-19-2009 05:25;0;0
10-19-2009 05:26;0;0
10-19-2009 05:27;0;0
10-19-2009 05:28;0;0
10-19-2009 05:29;0;0
10-19-2009 05:30;0;0
10-19-2009 05:31;0;0
10-19-2009 05:32;0;0
10-19-2009 05:33;0;0
10-19-2009 05:34;0;0
10-19-2009 05:35;0;0
10-19-2009 05:36;0;0
10-19-2009 05:37;0;0
10-19-2009 05:38;0;0
10-19-2009 05:39;0;0
10-19-2009 05:40;134;0
10-19-2009 05:41;0;0
10-19-2009 05:42;0;0
10-19-2009 05:43;0;0
10-19-2009 05:44;0;0
10-19-2009 05:45;0;0
10-19-2009 05:46;0;0
10-19-2009 05:47;0;0
10-19-2009 05:48;0;0
10-19-2009 05:49;0;0
10-19-2009 05:50;0;0
10-19-2009 05:51;0;0
10-19-2009 05:52;0;0
10-19-2009 05:53;0;0
10-19-2009 05:54;0;0
10-19-2009 05:55;0;0
10-19-2009 05:56;0;0
10-19-2009 05:57;67;0
10-19-2009 05:58;0;0
10-19-2009 05:59;0;0
10-19-2009 06:00;0;0
10-19-2009 06:01;0;0
10-19-2009 06:02;0;0
10-19-2009 06:03;0;0
10-19-2009 06:04;0;0
10-19-2009 06:05;0;0
10-19-2009 06:06;0;0
10-19-2009 06:07;0;0
10-19-2009 06:08;0;0
10-19-2009 06:09;0;0
10-19-2009 06:10;0;0
10-19-2009 06:11;0;0
10-19-2009 06:12;0;0
10-19-2009 06:13;0;0
10-19-2009 06:14;0;0
10-19-2009 06:15;0;0
10-19-2009 06:16;0;0
10-19-2009 06:17;0;0
10-19-2009 06:18;9;0
10-19-2009 06:19;0;0
10-19-2009 06:20;55;0
10-19-2009 06:21;0;0
10-19-2009 06:22;0;0
10-19-2009 06:23;0;0
10-19-2009 06:24;0;0
10-19-2009 06:25;0;0
10-19-2009 06:26;0;0
10-19-2009 06:27;0;0
10-19-2009 06:28;0;0
10-19-2009 06:29;0;0
10-19-2009 06:30;67;0
10-19-2009 06:31;0;0
10-19-2009 06:32;0;0
10-19-2009 06:33;0;0
10-19-2009 06:34;0;0
10-19-2009 06:35;0;0
10-19-2009 06:36;0;0
10-19-2009 06:37;0;0
10-19-2009 06:38;0;0
10-19-2009 06:39;0;0
10-19-2009 06:40;0;0
10-19-2009 06:41;0;0
10-19-2009 06:42;250;0
10-19-2009 06:43;550;0
10-19-2009 06:44;1182;1
10-19-2009 06:45;1521;1
10-19-2009 06:46;1570;1
10-19-2009 06:47;712;0
10-19-2009 06:48;689;0
10-19-2009 06:49;1474;1
10-19-2009 06:50;1260;1
10-19-2009 06:51;1780;1
10-19-2009 06:52;1570;1
10-19-2009 06:53;809;0
10-19-2009 06:54;587;0
10-19-2009 06:55;411;0
10-19-2009 06:56;398;0
10-19-2009 06:57;809;0
10-19-2009 06:58;759;0
10-19-2009 06:59;712;0
10-19-2009 07:00;533;0
10-19-2009 07:01;568;0
10-19-2009 07:02;568;0
10-19-2009 07:03;1146;1
10-19-2009 07:04;626;0
10-19-2009 07:05;454;0
10-19-2009 07:06;1146;1
10-19-2009 07:07;689;0
10-19-2009 07:08;919;0
10-19-2009 07:09;568;0
10-19-2009 07:10;349;0
10-19-2009 07:11;425;0
10-19-2009 07:12;361;0
10-19-2009 07:13;398;0
10-19-2009 07:14;250;0
10-19-2009 07:15;197;0
10-19-2009 07:16;500;0
10-19-2009 07:17;439;0
10-19-2009 07:18;386;0
10-19-2009 07:19;587;0
10-19-2009 07:20;919;0
10-19-2009 07:21;130;0
10-19-2009 07:22;76;0
10-19-2009 07:23;143;0
10-19-2009 07:24;568;0
10-19-2009 07:25;626;0
10-19-2009 07:26;1042;1
10-19-2009 07:27;606;0
10-19-2009 07:28;306;0
10-19-2009 07:29;734;0
10-19-2009 07:30;568;0
10-19-2009 07:31;373;0
10-19-2009 07:32;296;0
10-19-2009 07:33;212;0
10-19-2009 07:34;587;0
10-19-2009 07:35;485;0
10-19-2009 07:36;759;0
10-19-2009 07:37;349;0
10-19-2009 07:38;111;0
10-19-2009 07:39;148;0
10-19-2009 07:40;411;0
10-19-2009 07:41;242;0
10-19-2009 07:42;296;0
10-19-2009 07:43;1221;1
10-19-2009 07:44;1725;1
10-19-2009 07:45;485;0
10-19-2009 07:46;98;0
10-19-2009 07:47;250;0
10-19-2009 07:48;67;0
10-19-2009 07:49;82;0
10-19-2009 07:50;306;0
10-19-2009 07:51;1111;1
10-19-2009 07:52;734;0
10-19-2009 07:53;349;0
10-19-2009 07:54;783;0
10-19-2009 07:55;361;0
10-19-2009 07:56;734;0
10-19-2009 07:57;1146;1
10-19-2009 07:58;978;0
10-19-2009 07:59;948;0
10-19-2009 08:00;439;0
10-19-2009 08:01;517;0
10-19-2009 08:02;398;0
10-19-2009 08:03;9;0
10-19-2009 08:04;8;0
10-19-2009 08:05;43;0
10-19-2009 08:06;85;0
10-19-2009 08:07;23;0
10-19-2009 08:08;454;0
10-19-2009 08:09;107;0
10-19-2009 08:10;160;0
10-19-2009 08:11;361;0
10-19-2009 08:12;1010;0
10-19-2009 08:13;759;0
10-19-2009 08:14;500;0
10-19-2009 08:15;485;0
10-19-2009 08:16;79;0
10-19-2009 08:17;14;0
10-19-2009 08:18;58;0
10-19-2009 08:19;125;0
10-19-2009 08:20;17;0
10-19-2009 08:21;94;0
10-19-2009 08:22;67;0
10-19-2009 08:23;134;0
10-19-2009 08:24;8;0
10-19-2009 08:25;116;0
10-19-2009 08:26;44;0
10-19-2009 08:27;61;0
10-19-2009 08:28;178;0
10-19-2009 08:29;61;0
10-19-2009 08:30;148;0
10-19-2009 08:31;361;0
10-19-2009 08:32;58;0
10-19-2009 08:33;58;0
10-19-2009 08:34;116;0
10-19-2009 08:35;88;0
10-19-2009 08:36;40;0
10-19-2009 08:37;58;0
10-19-2009 08:38;235;0
10-19-2009 08:39;12;0
10-19-2009 08:40;0;0
10-19-2009 08:41;37;0
10-19-2009 08:42;9;0
10-19-2009 08:43;5;0
10-19-2009 08:44;14;0
10-19-2009 08:45;11;0
10-19-2009 08:46;17;0
10-19-2009 08:47;116;0
10-19-2009 08:48;172;0
10-19-2009 08:49;134;0
10-19-2009 08:50;125;0
10-19-2009 08:51;38;0
10-19-2009 08:52;18;0
10-19-2009 08:53;24;0
10-19-2009 08:54;52;0
10-19-2009 08:55;8;0
10-19-2009 08:56;18;0
10-19-2009 08:57;120;0
10-19-2009 08:58;23;0
10-19-2009 08:59;85;0
10-19-2009 09:00;235;0
10-19-2009 09:01;373;0
10-19-2009 09:02;317;0
10-19-2009 09:03;550;0
10-19-2009 09:04;978;0
10-19-2009 09:05;667;0
10-19-2009 09:06;469;0
10-19-2009 09:07;411;0
10-19-2009 09:08;606;0
10-19-2009 09:09;439;0
10-19-2009 09:10;734;0
10-19-2009 09:11;890;0
10-19-2009 09:12;835;0
10-19-2009 09:13;361;0
10-19-2009 09:14;398;0
10-19-2009 09:15;948;0
10-19-2009 09:16;667;0
10-19-2009 09:17;533;0
10-19-2009 09:18;328;0
10-19-2009 09:19;172;0
10-19-2009 09:20;204;0
10-19-2009 09:21;485;0
10-19-2009 09:22;64;0
10-19-2009 09:23;120;0
10-19-2009 09:24;361;0
10-19-2009 09:25;948;0
10-19-2009 09:26;1428;1
10-19-2009 09:27;689;0
10-19-2009 09:28;606;0
10-19-2009 09:29;1620;1
10-19-2009 09:30;1111;1
10-19-2009 09:31;1384;1
10-19-2009 09:32;689;0
10-19-2009 09:33;178;0
10-19-2009 09:34;373;0
10-19-2009 09:35;361;0
10-19-2009 09:36;835;0
10-19-2009 09:37;862;0
10-19-2009 09:38;734;0
10-19-2009 09:39;587;0
10-19-2009 09:40;439;0
10-19-2009 09:41;148;0
10-19-2009 09:42;227;0
10-19-2009 09:43;116;0
10-19-2009 09:44;361;0
10-19-2009 09:45;107;0
10-19-2009 09:46;58;0
10-19-2009 09:47;98;0
10-19-2009 09:48;190;0
10-19-2009 09:49;277;0
10-19-2009 09:50;219;0
10-19-2009 09:51;107;0
10-19-2009 09:52;268;0
10-19-2009 09:53;411;0
10-19-2009 09:54;76;0
10-19-2009 09:55;102;0
10-19-2009 09:56;259;0
10-19-2009 09:57;32;0
10-19-2009 09:58;40;0
10-19-2009 09:59;88;0
10-19-2009 10:00;27;0
10-19-2009 10:01;3;0
10-19-2009 10:02;0;0
10-19-2009 10:03;107;0
10-19-2009 10:04;485;0
10-19-2009 10:05;3;0
10-19-2009 10:06;268;0
10-19-2009 10:07;166;0
10-19-2009 10:08;29;0
10-19-2009 10:09;88;0
10-19-2009 10:10;23;0
10-19-2009 10:11;134;0
10-19-2009 10:12;160;0
10-19-2009 10:13;34;0
10-19-2009 10:14;107;0
10-19-2009 10:15;73;0
10-19-2009 10:16;73;0
10-19-2009 10:17;35;0
10-19-2009 10:18;26;0
10-19-2009 10:19;17;0
10-19-2009 10:20;130;0
10-19-2009 10:21;52;0
10-19-2009 10:22;154;0
10-19-2009 10:23;34;0
10-19-2009 10:24;58;0
10-19-2009 10:25;154;0
10-19-2009 10:26;18;0
10-19-2009 10:27;0;0
10-19-2009 10:28;212;0
10-19-2009 10:29;277;0
10-19-2009 10:30;20;0
10-19-2009 10:31;154;0
10-19-2009 10:32;98;0
10-19-2009 10:33;85;0
10-19-2009 10:34;197;0
10-19-2009 10:35;296;0
10-19-2009 10:36;219;0
10-19-2009 10:37;835;0
10-19-2009 10:38;454;0
10-19-2009 10:39;197;0
10-19-2009 10:40;160;0
10-19-2009 10:41;111;0
10-19-2009 10:42;160;0
10-19-2009 10:43;102;0
10-19-2009 10:44;88;0
10-19-2009 10:45;411;0
10-19-2009 10:46;533;0
10-19-2009 10:47;361;0
10-19-2009 10:48;361;0
10-19-2009 10:49;172;0
10-19-2009 10:50;148;0
10-19-2009 10:51;102;0
10-19-2009 10:52;143;0
10-19-2009 10:53;47;0
10-19-2009 10:54;43;0
10-19-2009 10:55;160;0
10-19-2009 10:56;76;0
10-19-2009 10:57;235;0
10-19-2009 10:58;978;0
10-19-2009 10:59;1221;1
10-19-2009 11:00;1521;1
10-19-2009 11:01;1341;1
10-19-2009 11:02;2356;1
10-19-2009 11:03;568;0
10-19-2009 11:04;70;0
10-19-2009 11:05;143;0
10-19-2009 11:06;425;0
10-19-2009 11:07;919;0
10-19-2009 11:08;306;0
10-19-2009 11:09;296;0
10-19-2009 11:10;454;0
10-19-2009 11:11;227;0
10-19-2009 11:12;111;0
10-19-2009 11:13;454;0
10-19-2009 11:14;862;0
10-19-2009 11:15;783;0
10-19-2009 11:16;646;0
10-19-2009 11:17;88;0
10-19-2009 11:18;398;0
10-19-2009 11:19;120;0
10-19-2009 11:20;398;0
10-19-2009 11:21;469;0
10-19-2009 11:22;411;0
10-19-2009 11:23;286;0
10-19-2009 11:24;373;0
10-19-2009 11:25;398;0
10-19-2009 11:26;172;0
10-19-2009 11:27;361;0
10-19-2009 11:28;235;0
10-19-2009 11:29;919;0
10-19-2009 11:30;91;0
10-19-2009 11:31;70;0
10-19-2009 11:32;40;0
10-19-2009 11:33;32;0
10-19-2009 11:34;125;0
10-19-2009 11:35;17;0
10-19-2009 11:36;32;0
10-19-2009 11:37;1182;1
10-19-2009 11:38;919;0
10-19-2009 11:39;1076;1
10-19-2009 11:40;667;0
10-19-2009 11:41;734;0
10-19-2009 11:42;1146;1
10-19-2009 11:43;469;0
10-19-2009 11:44;317;0
10-19-2009 11:45;242;0
10-19-2009 11:46;286;0
10-19-2009 11:47;646;0
10-19-2009 11:48;862;0
10-19-2009 11:49;835;0
10-19-2009 11:50;425;0
10-19-2009 11:51;125;0
10-19-2009 11:52;47;0
10-19-2009 11:53;154;0
10-19-2009 11:54;73;0
10-19-2009 11:55;15;0
10-19-2009 11:56;148;0
10-19-2009 11:57;178;0
10-19-2009 11:58;107;0
10-19-2009 11:59;111;0
10-19-2009 12:00;349;0
10-19-2009 12:01;219;0
10-19-2009 12:02;835;0
10-19-2009 12:03;759;0
10-19-2009 12:04;712;0
10-19-2009 12:05;606;0
10-19-2009 12:06;116;0
10-19-2009 12:07;102;0
10-19-2009 12:08;34;0
10-19-2009 12:09;219;0
10-19-2009 12:10;268;0
10-19-2009 12:11;160;0
10-19-2009 12:12;0;0
10-19-2009 12:13;38;0
10-19-2009 12:14;386;0
10-19-2009 12:15;328;0
10-19-2009 12:16;235;0
10-19-2009 12:17;148;0
10-19-2009 12:18;46;0
10-19-2009 12:19;204;0
10-19-2009 12:20;172;0
10-19-2009 12:21;386;0
10-19-2009 12:22;184;0
10-19-2009 12:23;373;0
10-19-2009 12:24;212;0
10-19-2009 12:25;328;0
10-19-2009 12:26;533;0
10-19-2009 12:27;689;0
10-19-2009 12:28;386;0
10-19-2009 12:29;286;0
10-19-2009 12:30;148;0
10-19-2009 12:31;361;0
10-19-2009 12:32;116;0
10-19-2009 12:33;783;0
10-19-2009 12:34;1428;1
10-19-2009 12:35;919;0
10-19-2009 12:36;667;0
10-19-2009 12:37;454;0
10-19-2009 12:38;411;0
10-19-2009 12:39;500;0
10-19-2009 12:40;306;0
10-19-2009 12:41;91;0
10-19-2009 12:42;21;0
10-19-2009 12:43;27;0
10-19-2009 12:44;82;0
10-19-2009 12:45;306;0
10-19-2009 12:46;70;0
10-19-2009 12:47;55;0
10-19-2009 12:48;102;0
10-19-2009 12:49;667;0
10-19-2009 12:50;338;0
10-19-2009 12:51;568;0
10-19-2009 12:52;73;0
10-19-2009 12:53;212;0
10-19-2009 12:54;500;0
10-19-2009 12:55;268;0
10-19-2009 12:56;116;0
10-19-2009 12:57;116;0
10-19-2009 12:58;40;0
10-19-2009 12:59;235;0
10-19-2009 13:00;296;0
10-19-2009 13:01;52;0
10-19-2009 13:02;0;0
10-19-2009 13:03;783;0
10-19-2009 13:04;550;0
10-19-2009 13:05;626;0
10-19-2009 13:06;439;0
10-19-2009 13:07;143;0
10-19-2009 13:08;1010;0
10-19-2009 13:09;734;0
10-19-2009 13:10;1521;1
10-19-2009 13:11;759;0
10-19-2009 13:12;809;0
10-19-2009 13:13;15;0
10-19-2009 13:14;568;0
10-19-2009 13:15;338;0
10-19-2009 13:16;98;0
10-19-2009 13:17;148;0
10-19-2009 13:18;111;0
10-19-2009 13:19;58;0
10-19-2009 13:20;44;0
10-19-2009 13:21;0;0
10-19-2009 13:22;102;0
10-19-2009 13:23;259;0
10-19-2009 13:24;606;0
10-19-2009 13:25;425;0
10-19-2009 13:26;14;0
10-19-2009 13:27;125;0
10-19-2009 13:28;148;0
10-19-2009 13:29;190;0
10-19-2009 13:30;277;0
10-19-2009 13:31;85;0
10-19-2009 13:32;626;0
10-19-2009 13:33;286;0
10-19-2009 13:34;398;0
10-19-2009 13:35;425;0
10-19-2009 13:36;73;0
10-19-2009 13:37;0;0
10-19-2009 13:38;49;0
10-19-2009 13:39;3;0
10-19-2009 13:40;82;0
10-19-2009 13:41;242;0
10-19-2009 13:42;102;0
10-19-2009 13:43;154;0
10-19-2009 13:44;349;0
10-19-2009 13:45;8;0
10-19-2009 13:46;116;0
10-19-2009 13:47;219;0
10-19-2009 13:48;338;0
10-19-2009 13:49;286;0
10-19-2009 13:50;15;0
10-19-2009 13:51;55;0
10-19-2009 13:52;317;0
10-19-2009 13:53;139;0
10-19-2009 13:54;64;0
10-19-2009 13:55;70;0
10-19-2009 13:56;58;0
10-19-2009 13:57;219;0
10-19-2009 13:58;212;0
10-19-2009 13:59;98;0
10-19-2009 14:00;242;0
10-19-2009 14:01;212;0
10-19-2009 14:02;386;0
10-19-2009 14:03;606;0
10-19-2009 14:04;835;0
10-19-2009 14:05;1836;1
10-19-2009 14:06;1146;1
10-19-2009 14:07;550;0
10-19-2009 14:08;134;0
10-19-2009 14:09;166;0
10-19-2009 14:10;130;0
10-19-2009 14:11;49;0
10-19-2009 14:12;44;0
10-19-2009 14:13;79;0
10-19-2009 14:14;172;0
10-19-2009 14:15;61;0
10-19-2009 14:16;102;0
10-19-2009 14:17;184;0
10-19-2009 14:18;306;0
10-19-2009 14:19;809;0
10-19-2009 14:20;978;0
10-19-2009 14:21;626;0
10-19-2009 14:22;41;0
10-19-2009 14:23;23;0
10-19-2009 14:24;5;0
10-19-2009 14:25;296;0
10-19-2009 14:26;3;0
10-19-2009 14:27;759;0
10-19-2009 14:28;1042;1
10-19-2009 14:29;317;0
10-19-2009 14:30;361;0
10-19-2009 14:31;386;0
10-19-2009 14:32;1300;1
10-19-2009 14:33;67;0
10-19-2009 14:34;120;0
10-19-2009 14:35;204;0
10-19-2009 14:36;32;0
10-19-2009 14:37;143;0
10-19-2009 14:38;160;0
10-19-2009 14:39;306;0
10-19-2009 14:40;0;0
10-19-2009 14:41;0;0
10-19-2009 14:42;0;0
10-19-2009 14:43;0;0
10-19-2009 14:44;30;0
10-19-2009 14:45;166;0
10-19-2009 14:46;0;0
10-19-2009 14:47;120;0
10-19-2009 14:48;3;0
10-19-2009 14:49;8;0
10-19-2009 14:50;0;0
10-19-2009 14:51;0;0
10-19-2009 14:52;411;0
10-19-2009 14:53;250;0
10-19-2009 14:54;88;0
10-19-2009 14:55;500;0
10-19-2009 14:56;349;0
10-19-2009 14:57;667;0
10-19-2009 14:58;919;0
10-19-2009 14:59;606;0
10-19-2009 15:00;411;0
10-19-2009 15:01;550;0
10-19-2009 15:02;890;0
10-19-2009 15:03;469;0
10-19-2009 15:04;160;0
10-19-2009 15:05;517;0
10-19-2009 15:06;55;0
10-19-2009 15:07;107;0
10-19-2009 15:08;398;0
10-19-2009 15:09;98;0
10-19-2009 15:10;235;0
10-19-2009 15:11;160;0
10-19-2009 15:12;361;0
10-19-2009 15:13;386;0
10-19-2009 15:14;978;0
10-19-2009 15:15;1182;1
10-19-2009 15:16;398;0
10-19-2009 15:17;626;0
10-19-2009 15:18;646;0
10-19-2009 15:19;204;0
10-19-2009 15:20;485;0
10-19-2009 15:21;277;0
10-19-2009 15:22;373;0
10-19-2009 15:23;361;0
10-19-2009 15:24;227;0
10-19-2009 15:25;242;0
10-19-2009 15:26;21;0
10-19-2009 15:27;0;0
10-19-2009 15:28;0;0
10-19-2009 15:29;3;0
10-19-2009 15:30;306;0
10-19-2009 15:31;306;0
10-19-2009 15:32;517;0
10-19-2009 15:33;0;0
10-19-2009 15:34;8;0
10-19-2009 15:35;166;0
10-19-2009 15:36;0;0
10-19-2009 15:37;11;0
10-19-2009 15:38;12;0
10-19-2009 15:39;411;0
10-19-2009 15:40;212;0
10-19-2009 15:41;73;0
10-19-2009 15:42;268;0
10-19-2009 15:43;1428;1
10-19-2009 15:44;948;0
10-19-2009 15:45;268;0
10-19-2009 15:46;317;0
10-19-2009 15:47;439;0
10-19-2009 15:48;212;0
10-19-2009 15:49;212;0
10-19-2009 15:50;184;0
10-19-2009 15:51;190;0
10-19-2009 15:52;485;0
10-19-2009 15:53;948;0
10-19-2009 15:54;1182;1
10-19-2009 15:55;1300;1
10-19-2009 15:56;978;0
10-19-2009 15:57;1570;1
10-19-2009 15:58;948;0
10-19-2009 15:59;1010;0
10-19-2009 16:00;469;0
10-19-2009 16:01;55;0
10-19-2009 16:02;689;0
10-19-2009 16:03;533;0
10-19-2009 16:04;1111;1
10-19-2009 16:05;500;0
10-19-2009 16:06;759;0
10-19-2009 16:07;646;0
10-19-2009 16:08;890;0
10-19-2009 16:09;862;0
10-19-2009 16:10;1428;1
10-19-2009 16:11;978;0
10-19-2009 16:12;689;0
10-19-2009 16:13;626;0
10-19-2009 16:14;835;0
10-19-2009 16:15;1725;1
10-19-2009 16:16;1146;1
10-19-2009 16:17;712;0
10-19-2009 16:18;948;0
10-19-2009 16:19;948;0
10-19-2009 16:20;978;0
10-19-2009 16:21;1221;1
10-19-2009 16:22;978;0
10-19-2009 16:23;1780;1
10-19-2009 16:24;1221;1
10-19-2009 16:25;1384;1
10-19-2009 16:26;1341;1
10-19-2009 16:27;1146;1
10-19-2009 16:28;1474;1
10-19-2009 16:29;919;0
10-19-2009 16:30;759;0
10-19-2009 16:31;1428;1
10-19-2009 16:32;1111;1
10-19-2009 16:33;862;0
10-19-2009 16:34;1182;1
10-19-2009 16:35;1076;1
10-19-2009 16:36;862;0
10-19-2009 16:37;485;0
10-19-2009 16:38;734;0
10-19-2009 16:39;783;0
10-19-2009 16:40;1010;0
10-19-2009 16:41;1894;1
10-19-2009 16:42;1384;1
10-19-2009 16:43;1672;1
10-19-2009 16:44;1894;1
10-19-2009 16:45;1111;1
10-19-2009 16:46;1300;1
10-19-2009 16:47;1260;1
10-19-2009 16:48;1474;1
10-19-2009 16:49;1076;1
10-19-2009 16:50;1954;1
10-19-2009 16:51;1836;1
10-19-2009 16:52;1182;1
10-19-2009 16:53;712;0
10-19-2009 16:54;212;0
10-19-2009 16:55;204;0
10-19-2009 16:56;130;0
10-19-2009 16:57;219;0
10-19-2009 16:58;82;0
10-19-2009 16:59;64;0
10-19-2009 17:00;259;0
10-19-2009 17:01;259;0
10-19-2009 17:02;148;0
10-19-2009 17:03;242;0
10-19-2009 17:04;759;0
10-19-2009 17:05;919;0
10-19-2009 17:06;712;0
10-19-2009 17:07;667;0
10-19-2009 17:08;689;0
10-19-2009 17:09;759;0
10-19-2009 17:10;734;0
10-19-2009 17:11;500;0
10-19-2009 17:12;361;0
10-19-2009 17:13;386;0
10-19-2009 17:14;386;0
10-19-2009 17:15;349;0
10-19-2009 17:16;277;0
10-19-2009 17:17;130;0
10-19-2009 17:18;277;0
10-19-2009 17:19;91;0
10-19-2009 17:20;227;0
10-19-2009 17:21;134;0
10-19-2009 17:22;20;0
10-19-2009 17:23;3;0
10-19-2009 17:24;11;0
10-19-2009 17:25;0;0
10-19-2009 17:26;184;0
10-19-2009 17:27;160;0
10-19-2009 17:28;88;0
10-19-2009 17:29;61;0
10-19-2009 17:30;296;0
10-19-2009 17:31;568;0
10-19-2009 17:32;587;0
10-19-2009 17:33;1042;1
10-19-2009 17:34;587;0
10-19-2009 17:35;783;0
10-19-2009 17:36;286;0
10-19-2009 17:37;978;0
10-19-2009 17:38;587;0
10-19-2009 17:39;306;0
10-19-2009 17:40;454;0
10-19-2009 17:41;88;0
10-19-2009 17:42;485;0
10-19-2009 17:43;116;0
10-19-2009 17:44;338;0
10-19-2009 17:45;533;0
10-19-2009 17:46;783;0
10-19-2009 17:47;1428;1
10-19-2009 17:48;227;0
10-19-2009 17:49;919;0
10-19-2009 17:50;734;0
10-19-2009 17:51;689;0
10-19-2009 17:52;102;0
10-19-2009 17:53;0;0
10-19-2009 17:54;0;0
10-19-2009 17:55;70;0
10-19-2009 17:56;11;0
10-19-2009 17:57;24;0
10-19-2009 17:58;5;0
10-19-2009 17:59;18;0
10-19-2009 18:00;166;0
10-19-2009 18:01;0;0
10-19-2009 18:02;0;0
10-19-2009 18:03;0;0
10-19-2009 18:04;0;0
10-19-2009 18:05;5;0
10-19-2009 18:06;0;0
10-19-2009 18:07;0;0
10-19-2009 18:08;0;0
10-19-2009 18:09;0;0
10-19-2009 18:10;0;0
10-19-2009 18:11;8;0
10-19-2009 18:12;268;0
10-19-2009 18:13;626;0
10-19-2009 18:14;734;0
10-19-2009 18:15;667;0
10-19-2009 18:16;398;0
10-19-2009 18:17;454;0
10-19-2009 18:18;759;0
10-19-2009 18:19;606;0
10-19-2009 18:20;626;0
10-19-2009 18:21;712;0
10-19-2009 18:22;809;0
10-19-2009 18:23;606;0
10-19-2009 18:24;517;0
10-19-2009 18:25;411;0
10-19-2009 18:26;439;0
10-19-2009 18:27;712;0
10-19-2009 18:28;1836;1
10-19-2009 18:29;587;0
10-19-2009 18:30;172;0
10-19-2009 18:31;286;0
10-19-2009 18:32;3;0
10-19-2009 18:33;5;0
10-19-2009 18:34;12;0
10-19-2009 18:35;0;0
10-19-2009 18:36;9;0
10-19-2009 18:37;3;0
10-19-2009 18:38;3;0
10-19-2009 18:39;3;0
10-19-2009 18:40;783;0
10-19-2009 18:41;1725;1
10-19-2009 18:42;783;0
10-19-2009 18:43;862;0
10-19-2009 18:44;550;0
10-19-2009 18:45;587;0
10-19-2009 18:46;978;0
10-19-2009 18:47;1300;1
10-19-2009 18:48;1010;0
10-19-2009 18:49;783;0
10-19-2009 18:50;296;0
10-19-2009 18:51;166;0
10-19-2009 18:52;235;0
10-19-2009 18:53;178;0
10-19-2009 18:54;143;0
10-19-2009 18:55;184;0
10-19-2009 18:56;919;0
10-19-2009 18:57;978;0
10-19-2009 18:58;646;0
10-19-2009 18:59;835;0
10-19-2009 19:00;517;0
10-19-2009 19:01;712;0
10-19-2009 19:02;712;0
10-19-2009 19:03;587;0
10-19-2009 19:04;1042;1
10-19-2009 19:05;809;0
10-19-2009 19:06;517;0
10-19-2009 19:07;606;0
10-19-2009 19:08;712;0
10-19-2009 19:09;948;0
10-19-2009 19:10;734;0
10-19-2009 19:11;587;0
10-19-2009 19:12;533;0
10-19-2009 19:13;734;0
10-19-2009 19:14;606;0
10-19-2009 19:15;1042;1
10-19-2009 19:16;606;0
10-19-2009 19:17;646;0
10-19-2009 19:18;485;0
10-19-2009 19:19;568;0
10-19-2009 19:20;835;0
10-19-2009 19:21;667;0
10-19-2009 19:22;606;0
10-19-2009 19:23;425;0
10-19-2009 19:24;485;0
10-19-2009 19:25;646;0
10-19-2009 19:26;626;0
10-19-2009 19:27;469;0
10-19-2009 19:28;425;0
10-19-2009 19:29;469;0
10-19-2009 19:30;485;0
10-19-2009 19:31;517;0
10-19-2009 19:32;550;0
10-19-2009 19:33;533;0
10-19-2009 19:34;667;0
10-19-2009 19:35;1042;1
10-19-2009 19:36;783;0
10-19-2009 19:37;712;0
10-19-2009 19:38;587;0
10-19-2009 19:39;533;0
10-19-2009 19:40;626;0
10-19-2009 19:41;587;0
10-19-2009 19:42;626;0
10-19-2009 19:43;550;0
10-19-2009 19:44;689;0
10-19-2009 19:45;809;0
10-19-2009 19:46;568;0
10-19-2009 19:47;550;0
10-19-2009 19:48;626;0
10-19-2009 19:49;517;0
10-19-2009 19:50;454;0
10-19-2009 19:51;469;0
10-19-2009 19:52;646;0
10-19-2009 19:53;469;0
10-19-2009 19:54;439;0
10-19-2009 19:55;568;0
10-19-2009 19:56;667;0
10-19-2009 19:57;646;0
10-19-2009 19:58;606;0
10-19-2009 19:59;626;0
10-19-2009 20:00;646;0
10-19-2009 20:01;667;0
10-19-2009 20:02;469;0
10-19-2009 20:03;550;0
10-19-2009 20:04;667;0
10-19-2009 20:05;166;0
10-19-2009 20:06;116;0
10-19-2009 20:07;606;0
10-19-2009 20:08;235;0
10-19-2009 20:09;606;0
10-19-2009 20:10;667;0
10-19-2009 20:11;533;0
10-19-2009 20:12;166;0
10-19-2009 20:13;130;0
10-19-2009 20:14;130;0
10-19-2009 20:15;98;0
10-19-2009 20:16;219;0
10-19-2009 20:17;411;0
10-19-2009 20:18;948;0
10-19-2009 20:19;1010;0
10-19-2009 20:20;1010;0
10-19-2009 20:21;862;0
10-19-2009 20:22;948;0
10-19-2009 20:23;328;0
10-19-2009 20:24;338;0
10-19-2009 20:25;1428;1
10-19-2009 20:26;47;0
10-19-2009 20:27;5;0
10-19-2009 20:28;0;0
10-19-2009 20:29;0;0
10-19-2009 20:30;0;0
10-19-2009 20:31;0;0
10-19-2009 20:32;0;0
10-19-2009 20:33;0;0
10-19-2009 20:34;0;0
10-19-2009 20:35;0;0
10-19-2009 20:36;0;0
10-19-2009 20:37;0;0
10-19-2009 20:38;783;0
10-19-2009 20:39;1384;1
10-19-2009 20:40;1836;1
10-19-2009 20:41;1182;1
10-19-2009 20:42;1384;1
10-19-2009 20:43;1384;1
10-19-2009 20:44;1474;1
10-19-2009 20:45;1221;1
10-19-2009 20:46;862;0
10-19-2009 20:47;626;0
10-19-2009 20:48;1010;0
10-19-2009 20:49;1042;1
10-19-2009 20:50;646;0
10-19-2009 20:51;550;0
10-19-2009 20:52;517;0
10-19-2009 20:53;626;0
10-19-2009 20:54;454;0
10-19-2009 20:55;533;0
10-19-2009 20:56;317;0
10-19-2009 20:57;361;0
10-19-2009 20:58;568;0
10-19-2009 20:59;890;0
10-19-2009 21:00;550;0
10-19-2009 21:01;734;0
10-19-2009 21:02;734;0
10-19-2009 21:03;606;0
10-19-2009 21:04;606;0
10-19-2009 21:05;425;0
10-19-2009 21:06;212;0
10-19-2009 21:07;27;0
10-19-2009 21:08;259;0
10-19-2009 21:09;98;0
10-19-2009 21:10;204;0
10-19-2009 21:11;277;0
10-19-2009 21:12;386;0
10-19-2009 21:13;373;0
10-19-2009 21:14;0;0
10-19-2009 21:15;250;0
10-19-2009 21:16;8;0
10-19-2009 21:17;24;0
10-19-2009 21:18;0;0
10-19-2009 21:19;0;0
10-19-2009 21:20;0;0
10-19-2009 21:21;3;0
10-19-2009 21:22;0;0
10-19-2009 21:23;0;0
10-19-2009 21:24;0;0
10-19-2009 21:25;8;0
10-19-2009 21:26;0;0
10-19-2009 21:27;0;0
10-19-2009 21:28;398;0
10-19-2009 21:29;373;0
10-19-2009 21:30;890;0
10-19-2009 21:31;296;0
10-19-2009 21:32;425;0
10-19-2009 21:33;268;0
10-19-2009 21:34;386;0
10-19-2009 21:35;373;0
10-19-2009 21:36;338;0
10-19-2009 21:37;454;0
10-19-2009 21:38;0;0
10-19-2009 21:39;61;0
10-19-2009 21:40;24;0
10-19-2009 21:41;49;0
10-19-2009 21:42;1042;1
10-19-2009 21:43;52;0
10-19-2009 21:44;58;0
10-19-2009 21:45;166;0
10-19-2009 21:46;18;0
10-19-2009 21:47;58;0
10-19-2009 21:48;116;0
10-19-2009 21:49;204;0
10-19-2009 21:50;82;0
10-19-2009 21:51;11;0
10-19-2009 21:52;0;0
10-19-2009 21:53;0;0
10-19-2009 21:54;32;0
10-19-2009 21:55;29;0
10-19-2009 21:56;160;0
10-19-2009 21:57;49;0
10-19-2009 21:58;235;0
10-19-2009 21:59;154;0
10-19-2009 22:00;130;0
10-19-2009 22:01;125;0
10-19-2009 22:02;64;0
10-19-2009 22:03;500;0
10-19-2009 22:04;1182;1
10-19-2009 22:05;1042;1
10-19-2009 22:06;1428;1
10-19-2009 22:07;689;0
10-19-2009 22:08;734;0
10-19-2009 22:09;568;0
10-19-2009 22:10;469;0
10-19-2009 22:11;317;0
10-19-2009 22:12;533;0
10-19-2009 22:13;250;0
10-19-2009 22:14;21;0
10-19-2009 22:15;0;0
10-19-2009 22:16;6;0
10-19-2009 22:17;0;0
10-19-2009 22:18;5;0
10-19-2009 22:19;533;0
10-19-2009 22:20;606;0
10-19-2009 22:21;783;0
10-19-2009 22:22;242;0
10-19-2009 22:23;0;0
10-19-2009 22:24;0;0
10-19-2009 22:25;0;0
10-19-2009 22:26;0;0
10-19-2009 22:27;0;0
10-19-2009 22:28;0;0
10-19-2009 22:29;0;0
10-19-2009 22:30;0;0
10-19-2009 22:31;0;0
10-19-2009 22:32;0;0
10-19-2009 22:33;0;0
10-19-2009 22:34;0;0
10-19-2009 22:35;0;0
10-19-2009 22:36;0;0
10-19-2009 22:37;0;0
10-19-2009 22:38;0;0
10-19-2009 22:39;0;0
10-19-2009 22:40;0;0
10-19-2009 22:41;0;0
10-19-2009 22:42;0;0
10-19-2009 22:43;0;0
10-19-2009 22:44;0;0
10-19-2009 22:45;0;0
10-19-2009 22:46;0;0
10-19-2009 22:47;0;0
10-19-2009 22:48;0;0
10-19-2009 22:49;0;0
10-19-2009 22:50;0;0
10-19-2009 22:51;0;0
10-19-2009 22:52;0;0
10-19-2009 22:53;0;0
10-19-2009 22:54;0;0
10-19-2009 22:55;0;0
10-19-2009 22:56;0;0
10-19-2009 22:57;0;0
10-19-2009 22:58;0;0
10-19-2009 22:59;0;0
10-19-2009 23:00;0;0
10-19-2009 23:01;0;0
10-19-2009 23:02;0;0
10-19-2009 23:03;0;0
10-19-2009 23:04;0;0
10-19-2009 23:05;0;0
10-19-2009 23:06;0;0
10-19-2009 23:07;0;0
10-19-2009 23:08;0;0
10-19-2009 23:09;0;0
10-19-2009 23:10;0;0
10-19-2009 23:11;0;0
10-19-2009 23:12;0;0
10-19-2009 23:13;0;0
10-19-2009 23:14;0;0
10-19-2009 23:15;0;0
10-19-2009 23:16;0;0
10-19-2009 23:17;0;0
10-19-2009 23:18;0;0
10-19-2009 23:19;0;0
10-19-2009 23:20;0;0
10-19-2009 23:21;0;0
10-19-2009 23:22;0;0
10-19-2009 23:23;0;0
10-19-2009 23:24;0;0
10-19-2009 23:25;0;0
10-19-2009 23:26;0;0
10-19-2009 23:27;0;0
10-19-2009 23:28;0;0
10-19-2009 23:29;0;0
10-19-2009 23:30;17;0
10-19-2009 23:31;111;0
10-19-2009 23:32;0;0
10-19-2009 23:33;0;0
10-19-2009 23:34;0;0
10-19-2009 23:35;0;0
10-19-2009 23:36;0;0
10-19-2009 23:37;0;0
10-19-2009 23:38;0;0
10-19-2009 23:39;0;0
10-19-2009 23:40;0;0
10-19-2009 23:41;0;0
10-19-2009 23:42;73;0
10-19-2009 23:43;0;0
10-19-2009 23:44;0;0
10-19-2009 23:45;0;0
10-19-2009 23:46;40;0
10-19-2009 23:47;0;0
10-19-2009 23:48;0;0
10-19-2009 23:49;0;0
10-19-2009 23:50;0;0
10-19-2009 23:51;0;0
10-19-2009 23:52;0;0
10-19-2009 23:53;0;0
10-19-2009 23:54;0;0
10-19-2009 23:55;0;0
10-19-2009 23:56;0;0
10-19-2009 23:57;0;0
10-19-2009 23:58;0;0
10-19-2009 23:59;0;0
10-20-2009 00:00;0;0
10-20-2009 00:01;0;0
10-20-2009 00:02;0;0
10-20-2009 00:03;0;0
10-20-2009 00:04;0;0
10-20-2009 00:05;0;0
10-20-2009 00:06;0;0
10-20-2009 00:07;0;0
10-20-2009 00:08;0;0
10-20-2009 00:09;0;0
10-20-2009 00:10;0;0
10-20-2009 00:11;0;0
10-20-2009 00:12;0;0
10-20-2009 00:13;0;0
10-20-2009 00:14;0;0
10-20-2009 00:15;0;0
10-20-2009 00:16;0;0
10-20-2009 00:17;21;0
10-20-2009 00:18;0;0
10-20-2009 00:19;0;0
10-20-2009 00:20;0;0
10-20-2009 00:21;0;0
10-20-2009 00:22;0;0
10-20-2009 00:23;0;0
10-20-2009 00:24;0;0
10-20-2009 00:25;0;0
10-20-2009 00:26;0;0
10-20-2009 00:27;0;0
10-20-2009 00:28;0;0
10-20-2009 00:29;0;0
10-20-2009 00:30;0;0
10-20-2009 00:31;0;0
10-20-2009 00:32;0;0
10-20-2009 00:33;0;0
10-20-2009 00:34;0;0
10-20-2009 00:35;0;0
10-20-2009 00:36;0;0
10-20-2009 00:37;0;0
10-20-2009 00:38;0;0
10-20-2009 00:39;0;0
10-20-2009 00:40;0;0
10-20-2009 00:41;0;0
10-20-2009 00:42;0;0
10-20-2009 00:43;0;0
10-20-2009 00:44;0;0
10-20-2009 00:45;0;0
10-20-2009 00:46;0;0
10-20-2009 00:47;0;0
10-20-2009 00:48;0;0
10-20-2009 00:49;0;0
10-20-2009 00:50;0;0
10-20-2009 00:51;0;0
10-20-2009 00:52;0;0
10-20-2009 00:53;0;0
10-20-2009 00:54;0;0
10-20-2009 00:55;0;0
10-20-2009 00:56;0;0
10-20-2009 00:57;0;0
10-20-2009 00:58;0;0
10-20-2009 00:59;0;0
10-20-2009 01:00;0;0
10-20-2009 01:01;0;0
10-20-2009 01:02;0;0
10-20-2009 01:03;0;0
10-20-2009 01:04;0;0
10-20-2009 01:05;0;0
10-20-2009 01:06;0;0
10-20-2009 01:07;0;0
10-20-2009 01:08;0;0
10-20-2009 01:09;0;0
10-20-2009 01:10;0;0
10-20-2009 01:11;0;0
10-20-2009 01:12;0;0
10-20-2009 01:13;0;0
10-20-2009 01:14;0;0
10-20-2009 01:15;0;0
10-20-2009 01:16;0;0
10-20-2009 01:17;8;0
10-20-2009 01:18;43;0
10-20-2009 01:19;148;0
10-20-2009 01:20;94;0
10-20-2009 01:21;17;0
10-20-2009 01:22;0;0
10-20-2009 01:23;0;0
10-20-2009 01:24;0;0
10-20-2009 01:25;0;0
10-20-2009 01:26;0;0
10-20-2009 01:27;0;0
10-20-2009 01:28;0;0
10-20-2009 01:29;0;0
10-20-2009 01:30;0;0
10-20-2009 01:31;0;0
10-20-2009 01:32;0;0
10-20-2009 01:33;0;0
10-20-2009 01:34;0;0
10-20-2009 01:35;0;0
10-20-2009 01:36;0;0
10-20-2009 01:37;0;0
10-20-2009 01:38;178;0
10-20-2009 01:39;0;0
10-20-2009 01:40;0;0
10-20-2009 01:41;0;0
10-20-2009 01:42;0;0
10-20-2009 01:43;0;0
10-20-2009 01:44;0;0
10-20-2009 01:45;0;0
10-20-2009 01:46;0;0
10-20-2009 01:47;0;0
10-20-2009 01:48;0;0
10-20-2009 01:49;0;0
10-20-2009 01:50;0;0
10-20-2009 01:51;0;0
10-20-2009 01:52;0;0
10-20-2009 01:53;0;0
10-20-2009 01:54;0;0
10-20-2009 01:55;0;0
10-20-2009 01:56;0;0
10-20-2009 01:57;0;0
10-20-2009 01:58;0;0
10-20-2009 01:59;0;0
10-20-2009 02:00;0;0
10-20-2009 02:01;0;0
10-20-2009 02:02;0;0
10-20-2009 02:03;0;0
10-20-2009 02:04;0;0
10-20-2009 02:05;0;0
10-20-2009 02:06;0;0
10-20-2009 02:07;0;0
10-20-2009 02:08;0;0
10-20-2009 02:09;0;0
10-20-2009 02:10;0;0
10-20-2009 02:11;0;0
10-20-2009 02:12;0;0
10-20-2009 02:13;0;0
10-20-2009 02:14;0;0
10-20-2009 02:15;0;0
10-20-2009 02:16;0;0
10-20-2009 02:17;0;0
10-20-2009 02:18;0;0
10-20-2009 02:19;0;0
10-20-2009 02:20;0;0
10-20-2009 02:21;0;0
10-20-2009 02:22;0;0
10-20-2009 02:23;67;0
10-20-2009 02:24;0;0
10-20-2009 02:25;0;0
10-20-2009 02:26;0;0
10-20-2009 02:27;0;0
10-20-2009 02:28;0;0
10-20-2009 02:29;0;0
10-20-2009 02:30;0;0
10-20-2009 02:31;0;0
10-20-2009 02:32;0;0
10-20-2009 02:33;0;0
10-20-2009 02:34;0;0
10-20-2009 02:35;0;0
10-20-2009 02:36;0;0
10-20-2009 02:37;0;0
10-20-2009 02:38;38;0
10-20-2009 02:39;0;0
10-20-2009 02:40;0;0
10-20-2009 02:41;0;0
10-20-2009 02:42;0;0
10-20-2009 02:43;0;0
10-20-2009 02:44;0;0
10-20-2009 02:45;0;0
10-20-2009 02:46;0;0
10-20-2009 02:47;0;0
10-20-2009 02:48;0;0
10-20-2009 02:49;0;0
10-20-2009 02:50;0;0
10-20-2009 02:51;0;0
10-20-2009 02:52;0;0
10-20-2009 02:53;0;0
10-20-2009 02:54;0;0
10-20-2009 02:55;0;0
10-20-2009 02:56;0;0
10-20-2009 02:57;0;0
10-20-2009 02:58;0;0
10-20-2009 02:59;0;0
10-20-2009 03:00;0;0
10-20-2009 03:01;0;0
10-20-2009 03:02;0;0
10-20-2009 03:03;0;0
10-20-2009 03:04;0;0
10-20-2009 03:05;0;0
10-20-2009 03:06;0;0
10-20-2009 03:07;0;0
10-20-2009 03:08;0;0
10-20-2009 03:09;0;0
10-20-2009 03:10;0;0
10-20-2009 03:11;0;0
10-20-2009 03:12;0;0
10-20-2009 03:13;0;0
10-20-2009 03:14;0;0
10-20-2009 03:15;0;0
10-20-2009 03:16;0;0
10-20-2009 03:17;0;0
10-20-2009 03:18;0;0
10-20-2009 03:19;0;0
10-20-2009 03:20;0;0
10-20-2009 03:21;0;0
10-20-2009 03:22;0;0
10-20-2009 03:23;0;0
10-20-2009 03:24;41;0
10-20-2009 03:25;0;0
10-20-2009 03:26;0;0
10-20-2009 03:27;0;0
10-20-2009 03:28;0;0
10-20-2009 03:29;0;0
10-20-2009 03:30;0;0
10-20-2009 03:31;0;0
10-20-2009 03:32;0;0
10-20-2009 03:33;116;0
10-20-2009 03:34;0;0
10-20-2009 03:35;0;0
10-20-2009 03:36;0;0
10-20-2009 03:37;0;0
10-20-2009 03:38;0;0
10-20-2009 03:39;398;0
10-20-2009 03:40;15;0
10-20-2009 03:41;0;0
10-20-2009 03:42;0;0
10-20-2009 03:43;0;0
10-20-2009 03:44;0;0
10-20-2009 03:45;0;0
10-20-2009 03:46;0;0
10-20-2009 03:47;0;0
10-20-2009 03:48;0;0
10-20-2009 03:49;0;0
10-20-2009 03:50;0;0
10-20-2009 03:51;0;0
10-20-2009 03:52;6;0
10-20-2009 03:53;0;0
10-20-2009 03:54;0;0
10-20-2009 03:55;0;0
10-20-2009 03:56;0;0
10-20-2009 03:57;0;0
10-20-2009 03:58;0;0
10-20-2009 03:59;0;0
10-20-2009 04:00;0;0
10-20-2009 04:01;0;0
10-20-2009 04:02;0;0
10-20-2009 04:03;0;0
10-20-2009 04:04;0;0
10-20-2009 04:05;0;0
10-20-2009 04:06;0;0
10-20-2009 04:07;0;0
10-20-2009 04:08;0;0
10-20-2009 04:09;0;0
10-20-2009 04:10;0;0
10-20-2009 04:11;0;0
10-20-2009 04:12;0;0
10-20-2009 04:13;0;0
10-20-2009 04:14;0;0
10-20-2009 04:15;0;0
10-20-2009 04:16;0;0
10-20-2009 04:17;0;0
10-20-2009 04:18;0;0
10-20-2009 04:19;0;0
10-20-2009 04:20;0;0
10-20-2009 04:21;0;0
10-20-2009 04:22;0;0
10-20-2009 04:23;0;0
10-20-2009 04:24;0;0
10-20-2009 04:25;0;0
10-20-2009 04:26;0;0
10-20-2009 04:27;0;0
10-20-2009 04:28;0;0
10-20-2009 04:29;0;0
10-20-2009 04:30;30;0
10-20-2009 04:31;0;0
10-20-2009 04:32;0;0
10-20-2009 04:33;0;0
10-20-2009 04:34;0;0
10-20-2009 04:35;0;0
10-20-2009 04:36;0;0
10-20-2009 04:37;0;0
10-20-2009 04:38;0;0
10-20-2009 04:39;0;0
10-20-2009 04:40;0;0
10-20-2009 04:41;0;0
10-20-2009 04:42;0;0
10-20-2009 04:43;0;0
10-20-2009 04:44;0;0
10-20-2009 04:45;0;0
10-20-2009 04:46;0;0
10-20-2009 04:47;0;0
10-20-2009 04:48;0;0
10-20-2009 04:49;0;0
10-20-2009 04:50;32;0
10-20-2009 04:51;533;0
10-20-2009 04:52;550;0
10-20-2009 04:53;734;0
10-20-2009 04:54;73;0
10-20-2009 04:55;0;0
10-20-2009 04:56;0;0
10-20-2009 04:57;0;0
10-20-2009 04:58;0;0
10-20-2009 04:59;0;0
10-20-2009 05:00;0;0
10-20-2009 05:01;0;0
10-20-2009 05:02;0;0
10-20-2009 05:03;0;0
10-20-2009 05:04;0;0
10-20-2009 05:05;0;0
10-20-2009 05:06;0;0
10-20-2009 05:07;0;0
10-20-2009 05:08;0;0
10-20-2009 05:09;0;0
10-20-2009 05:10;0;0
10-20-2009 05:11;3;0
10-20-2009 05:12;0;0
10-20-2009 05:13;0;0
10-20-2009 05:14;8;0
10-20-2009 05:15;0;0
10-20-2009 05:16;111;0
10-20-2009 05:17;0;0
10-20-2009 05:18;0;0
10-20-2009 05:19;3;0
10-20-2009 05:20;0;0
10-20-2009 05:21;0;0
10-20-2009 05:22;3;0
10-20-2009 05:23;37;0
10-20-2009 05:24;29;0
10-20-2009 05:25;0;0
10-20-2009 05:26;0;0
10-20-2009 05:27;11;0
10-20-2009 05:28;0;0
10-20-2009 05:29;0;0
10-20-2009 05:30;0;0
10-20-2009 05:31;0;0
10-20-2009 05:32;0;0
10-20-2009 05:33;0;0
10-20-2009 05:34;0;0
10-20-2009 05:35;0;0
10-20-2009 05:36;0;0
10-20-2009 05:37;0;0
10-20-2009 05:38;0;0
10-20-2009 05:39;0;0
10-20-2009 05:40;0;0
10-20-2009 05:41;0;0
10-20-2009 05:42;0;0
10-20-2009 05:43;0;0
10-20-2009 05:44;0;0
10-20-2009 05:45;0;0
10-20-2009 05:46;5;0
10-20-2009 05:47;134;0
10-20-2009 05:48;52;0
10-20-2009 05:49;0;0
10-20-2009 05:50;0;0
10-20-2009 05:51;0;0
10-20-2009 05:52;0;0
10-20-2009 05:53;0;0
10-20-2009 05:54;0;0
10-20-2009 05:55;0;0
10-20-2009 05:56;0;0
10-20-2009 05:57;0;0
10-20-2009 05:58;0;0
10-20-2009 05:59;0;0
10-20-2009 06:00;0;0
10-20-2009 06:01;0;0
10-20-2009 06:02;172;0
10-20-2009 06:03;1042;1
10-20-2009 06:04;835;0
10-20-2009 06:05;1428;1
10-20-2009 06:06;1341;1
10-20-2009 06:07;606;0
10-20-2009 06:08;948;0
10-20-2009 06:09;1111;1
10-20-2009 06:10;835;0
10-20-2009 06:11;1076;1
10-20-2009 06:12;978;0
10-20-2009 06:13;1010;0
10-20-2009 06:14;533;0
10-20-2009 06:15;568;0
10-20-2009 06:16;454;0
10-20-2009 06:17;759;0
10-20-2009 06:18;469;0
10-20-2009 06:19;398;0
10-20-2009 06:20;373;0
10-20-2009 06:21;197;0
10-20-2009 06:22;204;0
10-20-2009 06:23;154;0
10-20-2009 06:24;107;0
10-20-2009 06:25;219;0
10-20-2009 06:26;349;0
10-20-2009 06:27;139;0
10-20-2009 06:28;398;0
10-20-2009 06:29;197;0
10-20-2009 06:30;130;0
10-20-2009 06:31;296;0
10-20-2009 06:32;759;0
10-20-2009 06:33;67;0
10-20-2009 06:34;94;0
10-20-2009 06:35;49;0
10-20-2009 06:36;70;0
10-20-2009 06:37;38;0
10-20-2009 06:38;587;0
10-20-2009 06:39;890;0
10-20-2009 06:40;517;0
10-20-2009 06:41;978;0
10-20-2009 06:42;626;0
10-20-2009 06:43;862;0
10-20-2009 06:44;587;0
10-20-2009 06:45;227;0
10-20-2009 06:46;646;0
10-20-2009 06:47;386;0
10-20-2009 06:48;148;0
10-20-2009 06:49;500;0
10-20-2009 06:50;398;0
10-20-2009 06:51;361;0
10-20-2009 06:52;689;0
10-20-2009 06:53;517;0
10-20-2009 06:54;184;0
10-20-2009 06:55;64;0
10-20-2009 06:56;23;0
10-20-2009 06:57;219;0
10-20-2009 06:58;338;0
10-20-2009 06:59;242;0
10-20-2009 07:00;500;0
10-20-2009 07:01;242;0
10-20-2009 07:02;1300;1
10-20-2009 07:03;1672;1
10-20-2009 07:04;890;0
10-20-2009 07:05;606;0
10-20-2009 07:06;469;0
10-20-2009 07:07;712;0
10-20-2009 07:08;439;0
10-20-2009 07:09;646;0
10-20-2009 07:10;606;0
10-20-2009 07:11;783;0
10-20-2009 07:12;689;0
10-20-2009 07:13;500;0
10-20-2009 07:14;425;0
10-20-2009 07:15;190;0
10-20-2009 07:16;143;0
10-20-2009 07:17;219;0
10-20-2009 07:18;373;0
10-20-2009 07:19;204;0
10-20-2009 07:20;361;0
10-20-2009 07:21;227;0
10-20-2009 07:22;734;0
10-20-2009 07:23;667;0
10-20-2009 07:24;759;0
10-20-2009 07:25;587;0
10-20-2009 07:26;533;0
10-20-2009 07:27;204;0
10-20-2009 07:28;160;0
10-20-2009 07:29;111;0
10-20-2009 07:30;32;0
10-20-2009 07:31;178;0
10-20-2009 07:32;277;0
10-20-2009 07:33;172;0
10-20-2009 07:34;17;0
10-20-2009 07:35;102;0
10-20-2009 07:36;70;0
10-20-2009 07:37;58;0
10-20-2009 07:38;219;0
10-20-2009 07:39;197;0
10-20-2009 07:40;130;0
10-20-2009 07:41;18;0
10-20-2009 07:42;41;0
10-20-2009 07:43;0;0
10-20-2009 07:44;166;0
10-20-2009 07:45;8;0
10-20-2009 07:46;411;0
10-20-2009 07:47;79;0
10-20-2009 07:48;37;0
10-20-2009 07:49;166;0
10-20-2009 07:50;3;0
10-20-2009 07:51;0;0
10-20-2009 07:52;0;0
10-20-2009 07:53;373;0
10-20-2009 07:54;11;0
10-20-2009 07:55;3;0
10-20-2009 07:56;0;0
10-20-2009 07:57;6;0
10-20-2009 07:58;0;0
10-20-2009 07:59;116;0
10-20-2009 08:00;759;0
10-20-2009 08:01;606;0
10-20-2009 08:02;667;0
10-20-2009 08:03;148;0
10-20-2009 08:04;3;0
10-20-2009 08:05;212;0
10-20-2009 08:06;107;0
10-20-2009 08:07;0;0
10-20-2009 08:08;306;0
10-20-2009 08:09;160;0
10-20-2009 08:10;160;0
10-20-2009 08:11;139;0
10-20-2009 08:12;24;0
10-20-2009 08:13;44;0
10-20-2009 08:14;6;0
10-20-2009 08:15;250;0
10-20-2009 08:16;44;0
10-20-2009 08:17;0;0
10-20-2009 08:18;317;0
10-20-2009 08:19;32;0
10-20-2009 08:20;500;0
10-20-2009 08:21;58;0
10-20-2009 08:22;0;0
10-20-2009 08:23;88;0
10-20-2009 08:24;107;0
10-20-2009 08:25;0;0
10-20-2009 08:26;3;0
10-20-2009 08:27;61;0
10-20-2009 08:28;0;0
10-20-2009 08:29;425;0
10-20-2009 08:30;125;0
10-20-2009 08:31;116;0
10-20-2009 08:32;277;0
10-20-2009 08:33;219;0
10-20-2009 08:34;58;0
10-20-2009 08:35;0;0
10-20-2009 08:36;21;0
10-20-2009 08:37;52;0
10-20-2009 08:38;0;0
10-20-2009 08:39;3;0
10-20-2009 08:40;0;0
10-20-2009 08:41;24;0
10-20-2009 08:42;6;0
10-20-2009 08:43;76;0
10-20-2009 08:44;3;0
10-20-2009 08:45;190;0
10-20-2009 08:46;485;0
10-20-2009 08:47;425;0
10-20-2009 08:48;242;0
10-20-2009 08:49;219;0
10-20-2009 08:50;306;0
10-20-2009 08:51;286;0
10-20-2009 08:52;411;0
10-20-2009 08:53;425;0
10-20-2009 08:54;148;0
10-20-2009 08:55;361;0
10-20-2009 08:56;646;0
10-20-2009 08:57;373;0
10-20-2009 08:58;134;0
10-20-2009 08:59;500;0
10-20-2009 09:00;606;0
10-20-2009 09:01;606;0
10-20-2009 09:02;890;0
10-20-2009 09:03;646;0
10-20-2009 09:04;809;0
10-20-2009 09:05;439;0
10-20-2009 09:06;517;0
10-20-2009 09:07;606;0
10-20-2009 09:08;550;0
10-20-2009 09:09;517;0
10-20-2009 09:10;734;0
10-20-2009 09:11;626;0
10-20-2009 09:12;296;0
10-20-2009 09:13;425;0
10-20-2009 09:14;550;0
10-20-2009 09:15;425;0
10-20-2009 09:16;667;0
10-20-2009 09:17;148;0
10-20-2009 09:18;58;0
10-20-2009 09:19;15;0
10-20-2009 09:20;14;0
10-20-2009 09:21;178;0
10-20-2009 09:22;8;0
10-20-2009 09:23;9;0
10-20-2009 09:24;24;0
10-20-2009 09:25;26;0
10-20-2009 09:26;40;0
10-20-2009 09:27;9;0
10-20-2009 09:28;411;0
10-20-2009 09:29;349;0
10-20-2009 09:30;296;0
10-20-2009 09:31;268;0
10-20-2009 09:32;349;0
10-20-2009 09:33;134;0
10-20-2009 09:34;139;0
10-20-2009 09:35;111;0
10-20-2009 09:36;250;0
10-20-2009 09:37;268;0
10-20-2009 09:38;235;0
10-20-2009 09:39;148;0
10-20-2009 09:40;268;0
10-20-2009 09:41;6;0
10-20-2009 09:42;0;0
10-20-2009 09:43;14;0
10-20-2009 09:44;500;0
10-20-2009 09:45;485;0
10-20-2009 09:46;306;0
10-20-2009 09:47;386;0
10-20-2009 09:48;734;0
10-20-2009 09:49;809;0
10-20-2009 09:50;64;0
10-20-2009 09:51;178;0
10-20-2009 09:52;667;0
10-20-2009 09:53;1042;1
10-20-2009 09:54;919;0
10-20-2009 09:55;890;0
10-20-2009 09:56;1111;1
10-20-2009 09:57;0;0
10-20-2009 09:58;3;0
10-20-2009 09:59;0;0
10-20-2009 10:00;0;0
10-20-2009 10:01;0;0
10-20-2009 10:02;47;0
10-20-2009 10:03;277;0
10-20-2009 10:04;373;0
10-20-2009 10:05;689;0
10-20-2009 10:06;568;0
10-20-2009 10:07;469;0
10-20-2009 10:08;411;0
10-20-2009 10:09;469;0
10-20-2009 10:10;212;0
10-20-2009 10:11;139;0
10-20-2009 10:12;235;0
10-20-2009 10:13;88;0
10-20-2009 10:14;5;0
10-20-2009 10:15;58;0
10-20-2009 10:16;82;0
10-20-2009 10:17;3;0
10-20-2009 10:18;58;0
10-20-2009 10:19;64;0
10-20-2009 10:20;3;0
10-20-2009 10:21;197;0
10-20-2009 10:22;219;0
10-20-2009 10:23;98;0
10-20-2009 10:24;197;0
10-20-2009 10:25;178;0
10-20-2009 10:26;439;0
10-20-2009 10:27;197;0
10-20-2009 10:28;219;0
10-20-2009 10:29;107;0
10-20-2009 10:30;184;0
10-20-2009 10:31;184;0
10-20-2009 10:32;148;0
10-20-2009 10:33;212;0
10-20-2009 10:34;235;0
10-20-2009 10:35;439;0
10-20-2009 10:36;328;0
10-20-2009 10:37;338;0
10-20-2009 10:38;338;0
10-20-2009 10:39;259;0
10-20-2009 10:40;277;0
10-20-2009 10:41;107;0
10-20-2009 10:42;190;0
10-20-2009 10:43;268;0
10-20-2009 10:44;306;0
10-20-2009 10:45;317;0
10-20-2009 10:46;454;0
10-20-2009 10:47;306;0
10-20-2009 10:48;235;0
10-20-2009 10:49;160;0
10-20-2009 10:50;197;0
10-20-2009 10:51;373;0
10-20-2009 10:52;517;0
10-20-2009 10:53;485;0
10-20-2009 10:54;411;0
10-20-2009 10:55;500;0
10-20-2009 10:56;500;0
10-20-2009 10:57;116;0
10-20-2009 10:58;18;0
10-20-2009 10:59;37;0
10-20-2009 11:00;14;0
10-20-2009 11:01;568;0
10-20-2009 11:02;469;0
10-20-2009 11:03;411;0
10-20-2009 11:04;606;0
10-20-2009 11:05;919;0
10-20-2009 11:06;79;0
10-20-2009 11:07;64;0
10-20-2009 11:08;85;0
10-20-2009 11:09;79;0
10-20-2009 11:10;61;0
10-20-2009 11:11;49;0
10-20-2009 11:12;30;0
10-20-2009 11:13;18;0
10-20-2009 11:14;111;0
10-20-2009 11:15;49;0
10-20-2009 11:16;328;0
10-20-2009 11:17;102;0
10-20-2009 11:18;67;0
10-20-2009 11:19;116;0
10-20-2009 11:20;52;0
10-20-2009 11:21;120;0
10-20-2009 11:22;55;0
10-20-2009 11:23;361;0
10-20-2009 11:24;242;0
10-20-2009 11:25;204;0
10-20-2009 11:26;130;0
10-20-2009 11:27;0;0
10-20-2009 11:28;190;0
10-20-2009 11:29;568;0
10-20-2009 11:30;338;0
10-20-2009 11:31;98;0
10-20-2009 11:32;148;0
10-20-2009 11:33;64;0
10-20-2009 11:34;64;0
10-20-2009 11:35;125;0
10-20-2009 11:36;178;0
10-20-2009 11:37;5;0
10-20-2009 11:38;91;0
10-20-2009 11:39;34;0
10-20-2009 11:40;14;0
10-20-2009 11:41;107;0
10-20-2009 11:42;120;0
10-20-2009 11:43;338;0
10-20-2009 11:44;250;0
10-20-2009 11:45;154;0
10-20-2009 11:46;148;0
10-20-2009 11:47;5;0
10-20-2009 11:48;27;0
10-20-2009 11:49;178;0
10-20-2009 11:50;82;0
10-20-2009 11:51;82;0
10-20-2009 11:52;98;0
10-20-2009 11:53;0;0
10-20-2009 11:54;0;0
10-20-2009 11:55;107;0
10-20-2009 11:56;134;0
10-20-2009 11:57;111;0
10-20-2009 11:58;197;0
10-20-2009 11:59;49;0
10-20-2009 12:00;98;0
10-20-2009 12:01;277;0
10-20-2009 12:02;626;0
10-20-2009 12:03;948;0
10-20-2009 12:04;712;0
10-20-2009 12:05;919;0
10-20-2009 12:06;1010;0
10-20-2009 12:07;734;0
10-20-2009 12:08;783;0
10-20-2009 12:09;568;0
10-20-2009 12:10;411;0
10-20-2009 12:11;91;0
10-20-2009 12:12;35;0
10-20-2009 12:13;88;0
10-20-2009 12:14;98;0
10-20-2009 12:15;184;0
10-20-2009 12:16;242;0
10-20-2009 12:17;235;0
10-20-2009 12:18;212;0
10-20-2009 12:19;82;0
10-20-2009 12:20;134;0
10-20-2009 12:21;386;0
10-20-2009 12:22;178;0
10-20-2009 12:23;44;0
10-20-2009 12:24;338;0
10-20-2009 12:25;235;0
10-20-2009 12:26;88;0
10-20-2009 12:27;0;0
10-20-2009 12:28;250;0
10-20-2009 12:29;425;0
10-20-2009 12:30;439;0
10-20-2009 12:31;125;0
10-20-2009 12:32;306;0
10-20-2009 12:33;338;0
10-20-2009 12:34;250;0
10-20-2009 12:35;102;0
10-20-2009 12:36;134;0
10-20-2009 12:37;102;0
10-20-2009 12:38;0;0
10-20-2009 12:39;0;0
10-20-2009 12:40;3;0
10-20-2009 12:41;0;0
10-20-2009 12:42;0;0
10-20-2009 12:43;3;0
10-20-2009 12:44;0;0
10-20-2009 12:45;0;0
10-20-2009 12:46;34;0
10-20-2009 12:47;14;0
10-20-2009 12:48;49;0
10-20-2009 12:49;227;0
10-20-2009 12:50;17;0
10-20-2009 12:51;37;0
10-20-2009 12:52;3;0
10-20-2009 12:53;40;0
10-20-2009 12:54;134;0
10-20-2009 12:55;5;0
10-20-2009 12:56;26;0
10-20-2009 12:57;76;0
10-20-2009 12:58;9;0
10-20-2009 12:59;166;0
10-20-2009 13:00;23;0
10-20-2009 13:01;41;0
10-20-2009 13:02;21;0
10-20-2009 13:03;17;0
10-20-2009 13:04;139;0
10-20-2009 13:05;0;0
10-20-2009 13:06;0;0
10-20-2009 13:07;268;0
10-20-2009 13:08;0;0
10-20-2009 13:09;70;0
10-20-2009 13:10;0;0
10-20-2009 13:11;134;0
10-20-2009 13:12;143;0
10-20-2009 13:13;73;0
10-20-2009 13:14;0;0
10-20-2009 13:15;0;0
10-20-2009 13:16;0;0
10-20-2009 13:17;0;0
10-20-2009 13:18;8;0
10-20-2009 13:19;30;0
10-20-2009 13:20;235;0
10-20-2009 13:21;94;0
10-20-2009 13:22;58;0
10-20-2009 13:23;338;0
10-20-2009 13:24;517;0
10-20-2009 13:25;373;0
10-20-2009 13:26;259;0
10-20-2009 13:27;626;0
10-20-2009 13:28;978;0
10-20-2009 13:29;1042;1
10-20-2009 13:30;783;0
10-20-2009 13:31;689;0
10-20-2009 13:32;809;0
10-20-2009 13:33;212;0
10-20-2009 13:34;398;0
10-20-2009 13:35;398;0
10-20-2009 13:36;23;0
10-20-2009 13:37;317;0
10-20-2009 13:38;35;0
10-20-2009 13:39;130;0
10-20-2009 13:40;227;0
10-20-2009 13:41;166;0
10-20-2009 13:42;587;0
10-20-2009 13:43;626;0
10-20-2009 13:44;1260;1
10-20-2009 13:45;338;0
10-20-2009 13:46;148;0
10-20-2009 13:47;454;0
10-20-2009 13:48;667;0
10-20-2009 13:49;500;0
10-20-2009 13:50;166;0
10-20-2009 13:51;485;0
10-20-2009 13:52;328;0
10-20-2009 13:53;197;0
10-20-2009 13:54;219;0
10-20-2009 13:55;835;0
10-20-2009 13:56;227;0
10-20-2009 13:57;82;0
10-20-2009 13:58;277;0
10-20-2009 13:59;116;0
10-20-2009 14:00;250;0
10-20-2009 14:01;349;0
10-20-2009 14:02;469;0
10-20-2009 14:03;469;0
10-20-2009 14:04;67;0
10-20-2009 14:05;783;0
10-20-2009 14:06;454;0
10-20-2009 14:07;948;0
10-20-2009 14:08;587;0
10-20-2009 14:09;862;0
10-20-2009 14:10;862;0
10-20-2009 14:11;1010;0
10-20-2009 14:12;517;0
10-20-2009 14:13;204;0
10-20-2009 14:14;1384;1
10-20-2009 14:15;948;0
10-20-2009 14:16;1076;1
10-20-2009 14:17;1672;1
10-20-2009 14:18;1725;1
10-20-2009 14:19;1474;1
10-20-2009 14:20;1521;1
10-20-2009 14:21;1300;1
10-20-2009 14:22;1341;1
10-20-2009 14:23;1260;1
10-20-2009 14:24;759;0
10-20-2009 14:25;517;0
10-20-2009 14:26;1474;1
10-20-2009 14:27;712;0
10-20-2009 14:28;130;0
10-20-2009 14:29;85;0
10-20-2009 14:30;3;0
10-20-2009 14:31;17;0
10-20-2009 14:32;242;0
10-20-2009 14:33;88;0
10-20-2009 14:34;98;0
10-20-2009 14:35;328;0
10-20-2009 14:36;386;0
10-20-2009 14:37;349;0
10-20-2009 14:38;469;0
10-20-2009 14:39;759;0
10-20-2009 14:40;111;0
10-20-2009 14:41;88;0
10-20-2009 14:42;17;0
10-20-2009 14:43;20;0
10-20-2009 14:44;55;0
10-20-2009 14:45;0;0
10-20-2009 14:46;148;0
10-20-2009 14:47;485;0
10-20-2009 14:48;439;0
10-20-2009 14:49;689;0
10-20-2009 14:50;425;0
10-20-2009 14:51;411;0
10-20-2009 14:52;55;0
10-20-2009 14:53;18;0
10-20-2009 14:54;306;0
10-20-2009 14:55;890;0
10-20-2009 14:56;835;0
10-20-2009 14:57;890;0
10-20-2009 14:58;689;0
10-20-2009 14:59;587;0
10-20-2009 15:00;107;0
10-20-2009 15:01;102;0
10-20-2009 15:02;0;0
10-20-2009 15:03;11;0
10-20-2009 15:04;0;0
10-20-2009 15:05;0;0
10-20-2009 15:06;3;0
10-20-2009 15:07;0;0
10-20-2009 15:08;0;0
10-20-2009 15:09;0;0
10-20-2009 15:10;439;0
10-20-2009 15:11;250;0
10-20-2009 15:12;154;0
10-20-2009 15:13;143;0
10-20-2009 15:14;111;0
10-20-2009 15:15;143;0
10-20-2009 15:16;227;0
10-20-2009 15:17;70;0
10-20-2009 15:18;0;0
10-20-2009 15:19;6;0
10-20-2009 15:20;8;0
10-20-2009 15:21;0;0
10-20-2009 15:22;70;0
10-20-2009 15:23;46;0
10-20-2009 15:24;32;0
10-20-2009 15:25;17;0
10-20-2009 15:26;76;0
10-20-2009 15:27;11;0
10-20-2009 15:28;15;0
10-20-2009 15:29;178;0
10-20-2009 15:30;1182;1
10-20-2009 15:31;835;0
10-20-2009 15:32;568;0
10-20-2009 15:33;338;0
10-20-2009 15:34;204;0
10-20-2009 15:35;317;0
10-20-2009 15:36;259;0
10-20-2009 15:37;172;0
10-20-2009 15:38;227;0
10-20-2009 15:39;58;0
10-20-2009 15:40;107;0
10-20-2009 15:41;425;0
10-20-2009 15:42;1146;1
10-20-2009 15:43;1111;1
10-20-2009 15:44;1010;0
10-20-2009 15:45;890;0
10-20-2009 15:46;1111;1
10-20-2009 15:47;1221;1
10-20-2009 15:48;948;0
10-20-2009 15:49;500;0
10-20-2009 15:50;568;0
10-20-2009 15:51;259;0
10-20-2009 15:52;154;0
10-20-2009 15:53;227;0
10-20-2009 15:54;809;0
10-20-2009 15:55;759;0
10-20-2009 15:56;783;0
10-20-2009 15:57;227;0
10-20-2009 15:58;172;0
10-20-2009 15:59;317;0
10-20-2009 16:00;386;0
10-20-2009 16:01;212;0
10-20-2009 16:02;172;0
10-20-2009 16:03;398;0
10-20-2009 16:04;835;0
10-20-2009 16:05;783;0
10-20-2009 16:06;667;0
10-20-2009 16:07;361;0
10-20-2009 16:08;204;0
10-20-2009 16:09;317;0
10-20-2009 16:10;98;0
10-20-2009 16:11;76;0
10-20-2009 16:12;29;0
10-20-2009 16:13;317;0
10-20-2009 16:14;948;0
10-20-2009 16:15;835;0
10-20-2009 16:16;1260;1
10-20-2009 16:17;890;0
10-20-2009 16:18;689;0
10-20-2009 16:19;759;0
10-20-2009 16:20;712;0
10-20-2009 16:21;667;0
10-20-2009 16:22;550;0
10-20-2009 16:23;862;0
10-20-2009 16:24;734;0
10-20-2009 16:25;454;0
10-20-2009 16:26;809;0
10-20-2009 16:27;667;0
10-20-2009 16:28;1260;1
10-20-2009 16:29;783;0
10-20-2009 16:30;550;0
10-20-2009 16:31;587;0
10-20-2009 16:32;361;0
10-20-2009 16:33;219;0
10-20-2009 16:34;242;0
10-20-2009 16:35;250;0
10-20-2009 16:36;227;0
10-20-2009 16:37;88;0
10-20-2009 16:38;125;0
10-20-2009 16:39;197;0
10-20-2009 16:40;277;0
10-20-2009 16:41;227;0
10-20-2009 16:42;143;0
10-20-2009 16:43;212;0
10-20-2009 16:44;349;0
10-20-2009 16:45;76;0
10-20-2009 16:46;712;0
10-20-2009 16:47;862;0
10-20-2009 16:48;626;0
10-20-2009 16:49;689;0
10-20-2009 16:50;712;0
10-20-2009 16:51;978;0
10-20-2009 16:52;517;0
10-20-2009 16:53;626;0
10-20-2009 16:54;242;0
10-20-2009 16:55;134;0
10-20-2009 16:56;79;0
10-20-2009 16:57;317;0
10-20-2009 16:58;398;0
10-20-2009 16:59;361;0
10-20-2009 17:00;626;0
10-20-2009 17:01;646;0
10-20-2009 17:02;919;0
10-20-2009 17:03;646;0
10-20-2009 17:04;55;0
10-20-2009 17:05;550;0
10-20-2009 17:06;469;0
10-20-2009 17:07;338;0
10-20-2009 17:08;689;0
10-20-2009 17:09;425;0
10-20-2009 17:10;23;0
10-20-2009 17:11;268;0
10-20-2009 17:12;67;0
10-20-2009 17:13;15;0
10-20-2009 17:14;29;0
10-20-2009 17:15;533;0
10-20-2009 17:16;204;0
10-20-2009 17:17;43;0
10-20-2009 17:18;296;0
10-20-2009 17:19;646;0
10-20-2009 17:20;24;0
10-20-2009 17:21;44;0
10-20-2009 17:22;46;0
10-20-2009 17:23;26;0
10-20-2009 17:24;70;0
10-20-2009 17:25;154;0
10-20-2009 17:26;107;0
10-20-2009 17:27;32;0
10-20-2009 17:28;219;0
10-20-2009 17:29;349;0
10-20-2009 17:30;454;0
10-20-2009 17:31;27;0
10-20-2009 17:32;85;0
10-20-2009 17:33;3;0
10-20-2009 17:34;5;0
10-20-2009 17:35;3;0
10-20-2009 17:36;29;0
10-20-2009 17:37;0;0
10-20-2009 17:38;0;0
10-20-2009 17:39;3;0
10-20-2009 17:40;0;0
10-20-2009 17:41;9;0
10-20-2009 17:42;9;0
10-20-2009 17:43;9;0
10-20-2009 17:44;0;0
10-20-2009 17:45;0;0
10-20-2009 17:46;8;0
10-20-2009 17:47;3;0
10-20-2009 17:48;3;0
10-20-2009 17:49;8;0
10-20-2009 17:50;44;0
10-20-2009 17:51;5;0
10-20-2009 17:52;11;0
10-20-2009 17:53;0;0
10-20-2009 17:54;0;0
10-20-2009 17:55;3;0
10-20-2009 17:56;0;0
10-20-2009 17:57;0;0
10-20-2009 17:58;0;0
10-20-2009 17:59;0;0
10-20-2009 18:00;0;0
10-20-2009 18:01;0;0
10-20-2009 18:02;533;0
10-20-2009 18:03;646;0
10-20-2009 18:04;667;0
10-20-2009 18:05;349;0
10-20-2009 18:06;533;0
10-20-2009 18:07;587;0
10-20-2009 18:08;689;0
10-20-2009 18:09;454;0
10-20-2009 18:10;809;0
10-20-2009 18:11;1221;1
10-20-2009 18:12;1570;1
10-20-2009 18:13;1010;0
10-20-2009 18:14;667;0
10-20-2009 18:15;568;0
10-20-2009 18:16;646;0
10-20-2009 18:17;606;0
10-20-2009 18:18;646;0
10-20-2009 18:19;667;0
10-20-2009 18:20;626;0
10-20-2009 18:21;606;0
10-20-2009 18:22;568;0
10-20-2009 18:23;689;0
10-20-2009 18:24;712;0
10-20-2009 18:25;626;0
10-20-2009 18:26;587;0
10-20-2009 18:27;646;0
10-20-2009 18:28;587;0
10-20-2009 18:29;606;0
10-20-2009 18:30;626;0
10-20-2009 18:31;667;0
10-20-2009 18:32;890;0
10-20-2009 18:33;689;0
10-20-2009 18:34;689;0
10-20-2009 18:35;568;0
10-20-2009 18:36;550;0
10-20-2009 18:37;606;0
10-20-2009 18:38;568;0
10-20-2009 18:39;606;0
10-20-2009 18:40;517;0
10-20-2009 18:41;626;0
10-20-2009 18:42;533;0
10-20-2009 18:43;568;0
10-20-2009 18:44;485;0
10-20-2009 18:45;485;0
10-20-2009 18:46;550;0
10-20-2009 18:47;550;0
10-20-2009 18:48;500;0
10-20-2009 18:49;517;0
10-20-2009 18:50;517;0
10-20-2009 18:51;517;0
10-20-2009 18:52;454;0
10-20-2009 18:53;533;0
10-20-2009 18:54;296;0
10-20-2009 18:55;139;0
10-20-2009 18:56;386;0
10-20-2009 18:57;454;0
10-20-2009 18:58;398;0
10-20-2009 18:59;411;0
10-20-2009 19:00;259;0
10-20-2009 19:01;250;0
10-20-2009 19:02;143;0
10-20-2009 19:03;533;0
10-20-2009 19:04;835;0
10-20-2009 19:05;550;0
10-20-2009 19:06;783;0
10-20-2009 19:07;783;0
10-20-2009 19:08;1076;1
10-20-2009 19:09;469;0
10-20-2009 19:10;759;0
10-20-2009 19:11;667;0
10-20-2009 19:12;712;0
10-20-2009 19:13;361;0
10-20-2009 19:14;712;0
10-20-2009 19:15;646;0
10-20-2009 19:16;306;0
10-20-2009 19:17;890;0
10-20-2009 19:18;919;0
10-20-2009 19:19;626;0
10-20-2009 19:20;568;0
10-20-2009 19:21;517;0
10-20-2009 19:22;485;0
10-20-2009 19:23;809;0
10-20-2009 19:24;134;0
10-20-2009 19:25;296;0
10-20-2009 19:26;227;0
10-20-2009 19:27;125;0
10-20-2009 19:28;12;0
10-20-2009 19:29;667;0
10-20-2009 19:30;734;0
10-20-2009 19:31;286;0
10-20-2009 19:32;783;0
10-20-2009 19:33;227;0
10-20-2009 19:34;454;0
10-20-2009 19:35;734;0
10-20-2009 19:36;1300;1
10-20-2009 19:37;809;0
10-20-2009 19:38;517;0
10-20-2009 19:39;809;0
10-20-2009 19:40;227;0
10-20-2009 19:41;500;0
10-20-2009 19:42;667;0
10-20-2009 19:43;286;0
10-20-2009 19:44;469;0
10-20-2009 19:45;286;0
10-20-2009 19:46;373;0
10-20-2009 19:47;809;0
10-20-2009 19:48;1300;1
10-20-2009 19:49;835;0
10-20-2009 19:50;862;0
10-20-2009 19:51;587;0
10-20-2009 19:52;286;0
10-20-2009 19:53;0;0
10-20-2009 19:54;0;0
10-20-2009 19:55;0;0
10-20-2009 19:56;0;0
10-20-2009 19:57;0;0
10-20-2009 19:58;439;0
10-20-2009 19:59;1384;1
10-20-2009 20:00;1672;1
10-20-2009 20:01;1042;1
10-20-2009 20:02;550;0
10-20-2009 20:03;809;0
10-20-2009 20:04;178;0
10-20-2009 20:05;88;0
10-20-2009 20:06;178;0
10-20-2009 20:07;277;0
10-20-2009 20:08;172;0
10-20-2009 20:09;125;0
10-20-2009 20:10;0;0
10-20-2009 20:11;0;0
10-20-2009 20:12;102;0
10-20-2009 20:13;46;0
10-20-2009 20:14;23;0
10-20-2009 20:15;21;0
10-20-2009 20:16;166;0
10-20-2009 20:17;27;0
10-20-2009 20:18;24;0
10-20-2009 20:19;29;0
10-20-2009 20:20;0;0
10-20-2009 20:21;5;0
10-20-2009 20:22;0;0
10-20-2009 20:23;148;0
10-20-2009 20:24;835;0
10-20-2009 20:25;1076;1
10-20-2009 20:26;890;0
10-20-2009 20:27;1182;1
10-20-2009 20:28;1300;1
10-20-2009 20:29;1260;1
10-20-2009 20:30;919;0
10-20-2009 20:31;712;0
10-20-2009 20:32;667;0
10-20-2009 20:33;606;0
10-20-2009 20:34;250;0
10-20-2009 20:35;259;0
10-20-2009 20:36;349;0
10-20-2009 20:37;296;0
10-20-2009 20:38;227;0
10-20-2009 20:39;235;0
10-20-2009 20:40;587;0
10-20-2009 20:41;70;0
10-20-2009 20:42;328;0
10-20-2009 20:43;37;0
10-20-2009 20:44;0;0
10-20-2009 20:45;0;0
10-20-2009 20:46;0;0
10-20-2009 20:47;38;0
10-20-2009 20:48;3;0
10-20-2009 20:49;0;0
10-20-2009 20:50;130;0
10-20-2009 20:51;107;0
10-20-2009 20:52;61;0
10-20-2009 20:53;204;0
10-20-2009 20:54;102;0
10-20-2009 20:55;32;0
10-20-2009 20:56;143;0
10-20-2009 20:57;102;0
10-20-2009 20:58;134;0
10-20-2009 20:59;259;0
10-20-2009 21:00;143;0
10-20-2009 21:01;17;0
10-20-2009 21:02;79;0
10-20-2009 21:03;166;0
10-20-2009 21:04;102;0
10-20-2009 21:05;47;0
10-20-2009 21:06;24;0
10-20-2009 21:07;11;0
10-20-2009 21:08;3;0
10-20-2009 21:09;23;0
10-20-2009 21:10;23;0
10-20-2009 21:11;0;0
10-20-2009 21:12;49;0
10-20-2009 21:13;107;0
10-20-2009 21:14;219;0
10-20-2009 21:15;29;0
10-20-2009 21:16;0;0
10-20-2009 21:17;0;0
10-20-2009 21:18;0;0
10-20-2009 21:19;47;0
10-20-2009 21:20;689;0
10-20-2009 21:21;286;0
10-20-2009 21:22;978;0
10-20-2009 21:23;809;0
10-20-2009 21:24;277;0
10-20-2009 21:25;689;0
10-20-2009 21:26;587;0
10-20-2009 21:27;398;0
10-20-2009 21:28;154;0
10-20-2009 21:29;184;0
10-20-2009 21:30;35;0
10-20-2009 21:31;82;0
10-20-2009 21:32;197;0
10-20-2009 21:33;268;0
10-20-2009 21:34;286;0
10-20-2009 21:35;35;0
10-20-2009 21:36;130;0
10-20-2009 21:37;500;0
10-20-2009 21:38;184;0
10-20-2009 21:39;0;0
10-20-2009 21:40;485;0
10-20-2009 21:41;49;0
10-20-2009 21:42;349;0
10-20-2009 21:43;134;0
10-20-2009 21:44;3;0
10-20-2009 21:45;0;0
10-20-2009 21:46;134;0
10-20-2009 21:47;52;0
10-20-2009 21:48;35;0
10-20-2009 21:49;6;0
10-20-2009 21:50;27;0
10-20-2009 21:51;0;0
10-20-2009 21:52;11;0
10-20-2009 21:53;70;0
10-20-2009 21:54;41;0
10-20-2009 21:55;0;0
10-20-2009 21:56;35;0
10-20-2009 21:57;12;0
10-20-2009 21:58;20;0
10-20-2009 21:59;52;0
10-20-2009 22:00;41;0
10-20-2009 22:01;43;0
10-20-2009 22:02;204;0
10-20-2009 22:03;23;0
10-20-2009 22:04;0;0
10-20-2009 22:05;32;0
10-20-2009 22:06;0;0
10-20-2009 22:07;0;0
10-20-2009 22:08;27;0
10-20-2009 22:09;5;0
10-20-2009 22:10;85;0
10-20-2009 22:11;0;0
10-20-2009 22:12;3;0
10-20-2009 22:13;5;0
10-20-2009 22:14;11;0
10-20-2009 22:15;9;0
10-20-2009 22:16;94;0
10-20-2009 22:17;517;0
10-20-2009 22:18;0;0
10-20-2009 22:19;12;0
10-20-2009 22:20;6;0
10-20-2009 22:21;0;0
10-20-2009 22:22;17;0
10-20-2009 22:23;47;0
10-20-2009 22:24;0;0
10-20-2009 22:25;35;0
10-20-2009 22:26;0;0
10-20-2009 22:27;37;0
10-20-2009 22:28;235;0
10-20-2009 22:29;306;0
10-20-2009 22:30;46;0
10-20-2009 22:31;783;0
10-20-2009 22:32;890;0
10-20-2009 22:33;978;0
10-20-2009 22:34;948;0
10-20-2009 22:35;439;0
10-20-2009 22:36;606;0
10-20-2009 22:37;862;0
10-20-2009 22:38;626;0
10-20-2009 22:39;517;0
10-20-2009 22:40;178;0
10-20-2009 22:41;550;0
10-20-2009 22:42;204;0
10-20-2009 22:43;11;0
10-20-2009 22:44;98;0
10-20-2009 22:45;85;0
10-20-2009 22:46;12;0
10-20-2009 22:47;0;0
10-20-2009 22:48;32;0
10-20-2009 22:49;0;0
10-20-2009 22:50;15;0
10-20-2009 22:51;21;0
10-20-2009 22:52;34;0
10-20-2009 22:53;98;0
10-20-2009 22:54;235;0
10-20-2009 22:55;91;0
10-20-2009 22:56;204;0
10-20-2009 22:57;178;0
10-20-2009 22:58;454;0
10-20-2009 22:59;328;0
10-20-2009 23:00;500;0
10-20-2009 23:01;646;0
10-20-2009 23:02;73;0
10-20-2009 23:03;0;0
10-20-2009 23:04;0;0
10-20-2009 23:05;0;0
10-20-2009 23:06;587;0
10-20-2009 23:07;425;0
10-20-2009 23:08;1010;0
10-20-2009 23:09;890;0
10-20-2009 23:10;439;0
10-20-2009 23:11;0;0
10-20-2009 23:12;0;0
10-20-2009 23:13;0;0
10-20-2009 23:14;0;0
10-20-2009 23:15;0;0
10-20-2009 23:16;0;0
10-20-2009 23:17;0;0
10-20-2009 23:18;0;0
10-20-2009 23:19;0;0
10-20-2009 23:20;24;0
10-20-2009 23:21;0;0
10-20-2009 23:22;0;0
10-20-2009 23:23;0;0
10-20-2009 23:24;0;0
10-20-2009 23:25;0;0
10-20-2009 23:26;0;0
10-20-2009 23:27;184;0
10-20-2009 23:28;67;0
10-20-2009 23:29;0;0
10-20-2009 23:30;0;0
10-20-2009 23:31;5;0
10-20-2009 23:32;6;0
10-20-2009 23:33;0;0
10-20-2009 23:34;0;0
10-20-2009 23:35;0;0
10-20-2009 23:36;0;0
10-20-2009 23:37;0;0
10-20-2009 23:38;0;0
10-20-2009 23:39;0;0
10-20-2009 23:40;0;0
10-20-2009 23:41;0;0
10-20-2009 23:42;0;0
10-20-2009 23:43;0;0
10-20-2009 23:44;0;0
10-20-2009 23:45;0;0
10-20-2009 23:46;64;0
10-20-2009 23:47;0;0
10-20-2009 23:48;0;0
10-20-2009 23:49;0;0
10-20-2009 23:50;0;0
10-20-2009 23:51;6;0
10-20-2009 23:52;0;0
10-20-2009 23:53;0;0
10-20-2009 23:54;0;0
10-20-2009 23:55;0;0
10-20-2009 23:56;0;0
10-20-2009 23:57;0;0
10-20-2009 23:58;0;0
10-20-2009 23:59;0;0
10-21-2009 00:00;0;0
10-21-2009 00:01;0;0
10-21-2009 00:02;0;0
10-21-2009 00:03;0;0
10-21-2009 00:04;0;0
10-21-2009 00:05;0;0
10-21-2009 00:06;0;0
10-21-2009 00:07;0;0
10-21-2009 00:08;0;0
10-21-2009 00:09;0;0
10-21-2009 00:10;0;0
10-21-2009 00:11;0;0
10-21-2009 00:12;0;0
10-21-2009 00:13;0;0
10-21-2009 00:14;0;0
10-21-2009 00:15;0;0
10-21-2009 00:16;0;0
10-21-2009 00:17;0;0
10-21-2009 00:18;0;0
10-21-2009 00:19;0;0
10-21-2009 00:20;0;0
10-21-2009 00:21;0;0
10-21-2009 00:22;0;0
10-21-2009 00:23;0;0
10-21-2009 00:24;0;0
10-21-2009 00:25;0;0
10-21-2009 00:26;0;0
10-21-2009 00:27;0;0
10-21-2009 00:28;0;0
10-21-2009 00:29;0;0
10-21-2009 00:30;0;0
10-21-2009 00:31;0;0
10-21-2009 00:32;0;0
10-21-2009 00:33;0;0
10-21-2009 00:34;0;0
10-21-2009 00:35;0;0
10-21-2009 00:36;0;0
10-21-2009 00:37;0;0
10-21-2009 00:38;0;0
10-21-2009 00:39;0;0
10-21-2009 00:40;0;0
10-21-2009 00:41;0;0
10-21-2009 00:42;0;0
10-21-2009 00:43;0;0
10-21-2009 00:44;0;0
10-21-2009 00:45;0;0
10-21-2009 00:46;0;0
10-21-2009 00:47;0;0
10-21-2009 00:48;0;0
10-21-2009 00:49;0;0
10-21-2009 00:50;197;0
10-21-2009 00:51;0;0
10-21-2009 00:52;0;0
10-21-2009 00:53;0;0
10-21-2009 00:54;0;0
10-21-2009 00:55;0;0
10-21-2009 00:56;0;0
10-21-2009 00:57;0;0
10-21-2009 00:58;0;0
10-21-2009 00:59;0;0
10-21-2009 01:00;0;0
10-21-2009 01:01;0;0
10-21-2009 01:02;0;0
10-21-2009 01:03;0;0
10-21-2009 01:04;0;0
10-21-2009 01:05;0;0
10-21-2009 01:06;0;0
10-21-2009 01:07;0;0
10-21-2009 01:08;0;0
10-21-2009 01:09;0;0
10-21-2009 01:10;0;0
10-21-2009 01:11;0;0
10-21-2009 01:12;0;0
10-21-2009 01:13;0;0
10-21-2009 01:14;0;0
10-21-2009 01:15;0;0
10-21-2009 01:16;0;0
10-21-2009 01:17;0;0
10-21-2009 01:18;0;0
10-21-2009 01:19;0;0
10-21-2009 01:20;0;0
10-21-2009 01:21;0;0
10-21-2009 01:22;0;0
10-21-2009 01:23;0;0
10-21-2009 01:24;0;0
10-21-2009 01:25;0;0
10-21-2009 01:26;0;0
10-21-2009 01:27;24;0
10-21-2009 01:28;18;0
10-21-2009 01:29;0;0
10-21-2009 01:30;0;0
10-21-2009 01:31;0;0
10-21-2009 01:32;0;0
10-21-2009 01:33;0;0
10-21-2009 01:34;0;0
10-21-2009 01:35;0;0
10-21-2009 01:36;0;0
10-21-2009 01:37;0;0
10-21-2009 01:38;0;0
10-21-2009 01:39;0;0
10-21-2009 01:40;0;0
10-21-2009 01:41;0;0
10-21-2009 01:42;0;0
10-21-2009 01:43;178;0
10-21-2009 01:44;0;0
10-21-2009 01:45;0;0
10-21-2009 01:46;0;0
10-21-2009 01:47;0;0
10-21-2009 01:48;0;0
10-21-2009 01:49;0;0
10-21-2009 01:50;0;0
10-21-2009 01:51;0;0
10-21-2009 01:52;0;0
10-21-2009 01:53;0;0
10-21-2009 01:54;219;0
10-21-2009 01:55;0;0
10-21-2009 01:56;0;0
10-21-2009 01:57;0;0
10-21-2009 01:58;0;0
10-21-2009 01:59;533;0
10-21-2009 02:00;3;0
10-21-2009 02:01;0;0
10-21-2009 02:02;0;0
10-21-2009 02:03;0;0
10-21-2009 02:04;0;0
10-21-2009 02:05;67;0
10-21-2009 02:06;0;0
10-21-2009 02:07;0;0
10-21-2009 02:08;0;0
10-21-2009 02:09;0;0
10-21-2009 02:10;0;0
10-21-2009 02:11;0;0
10-21-2009 02:12;0;0
10-21-2009 02:13;0;0
10-21-2009 02:14;0;0
10-21-2009 02:15;0;0
10-21-2009 02:16;0;0
10-21-2009 02:17;0;0
10-21-2009 02:18;0;0
10-21-2009 02:19;0;0
10-21-2009 02:20;0;0
10-21-2009 02:21;0;0
10-21-2009 02:22;0;0
10-21-2009 02:23;0;0
10-21-2009 02:24;0;0
10-21-2009 02:25;0;0
10-21-2009 02:26;0;0
10-21-2009 02:27;0;0
10-21-2009 02:28;0;0
10-21-2009 02:29;0;0
10-21-2009 02:30;0;0
10-21-2009 02:31;0;0
10-21-2009 02:32;0;0
10-21-2009 02:33;0;0
10-21-2009 02:34;0;0
10-21-2009 02:35;0;0
10-21-2009 02:36;0;0
10-21-2009 02:37;0;0
10-21-2009 02:38;0;0
10-21-2009 02:39;0;0
10-21-2009 02:40;0;0
10-21-2009 02:41;0;0
10-21-2009 02:42;0;0
10-21-2009 02:43;0;0
10-21-2009 02:44;0;0
10-21-2009 02:45;166;0
10-21-2009 02:46;0;0
10-21-2009 02:47;14;0
10-21-2009 02:48;0;0
10-21-2009 02:49;0;0
10-21-2009 02:50;0;0
10-21-2009 02:51;0;0
10-21-2009 02:52;0;0
10-21-2009 02:53;0;0
10-21-2009 02:54;0;0
10-21-2009 02:55;0;0
10-21-2009 02:56;0;0
10-21-2009 02:57;0;0
10-21-2009 02:58;0;0
10-21-2009 02:59;0;0
10-21-2009 03:00;0;0
10-21-2009 03:01;0;0
10-21-2009 03:02;0;0
10-21-2009 03:03;6;0
10-21-2009 03:04;0;0
10-21-2009 03:05;0;0
10-21-2009 03:06;98;0
10-21-2009 03:07;0;0
10-21-2009 03:08;5;0
10-21-2009 03:09;0;0
10-21-2009 03:10;0;0
10-21-2009 03:11;0;0
10-21-2009 03:12;0;0
10-21-2009 03:13;6;0
10-21-2009 03:14;0;0
10-21-2009 03:15;3;0
10-21-2009 03:16;0;0
10-21-2009 03:17;0;0
10-21-2009 03:18;0;0
10-21-2009 03:19;0;0
10-21-2009 03:20;0;0
10-21-2009 03:21;17;0
10-21-2009 03:22;0;0
10-21-2009 03:23;0;0
10-21-2009 03:24;0;0
10-21-2009 03:25;0;0
10-21-2009 03:26;0;0
10-21-2009 03:27;0;0
10-21-2009 03:28;0;0
10-21-2009 03:29;12;0
10-21-2009 03:30;0;0
10-21-2009 03:31;0;0
10-21-2009 03:32;0;0
10-21-2009 03:33;0;0
10-21-2009 03:34;0;0
10-21-2009 03:35;0;0
10-21-2009 03:36;3;0
10-21-2009 03:37;0;0
10-21-2009 03:38;0;0
10-21-2009 03:39;0;0
10-21-2009 03:40;0;0
10-21-2009 03:41;0;0
10-21-2009 03:42;0;0
10-21-2009 03:43;0;0
10-21-2009 03:44;0;0
10-21-2009 03:45;0;0
10-21-2009 03:46;0;0
10-21-2009 03:47;0;0
10-21-2009 03:48;0;0
10-21-2009 03:49;0;0
10-21-2009 03:50;0;0
10-21-2009 03:51;0;0
10-21-2009 03:52;0;0
10-21-2009 03:53;0;0
10-21-2009 03:54;0;0
10-21-2009 03:55;0;0
10-21-2009 03:56;0;0
10-21-2009 03:57;0;0
10-21-2009 03:58;0;0
10-21-2009 03:59;0;0
10-21-2009 04:00;0;0
10-21-2009 04:01;0;0
10-21-2009 04:02;469;0
10-21-2009 04:03;0;0
10-21-2009 04:04;0;0
10-21-2009 04:05;0;0
10-21-2009 04:06;328;0
10-21-2009 04:07;0;0
10-21-2009 04:08;91;0
10-21-2009 04:09;0;0
10-21-2009 04:10;0;0
10-21-2009 04:11;0;0
10-21-2009 04:12;0;0
10-21-2009 04:13;0;0
10-21-2009 04:14;0;0
10-21-2009 04:15;0;0
10-21-2009 04:16;0;0
10-21-2009 04:17;0;0
10-21-2009 04:18;0;0
10-21-2009 04:19;0;0
10-21-2009 04:20;46;0
10-21-2009 04:21;0;0
10-21-2009 04:22;0;0
10-21-2009 04:23;0;0
10-21-2009 04:24;0;0
10-21-2009 04:25;0;0
10-21-2009 04:26;0;0
10-21-2009 04:27;0;0
10-21-2009 04:28;0;0
10-21-2009 04:29;0;0
10-21-2009 04:30;0;0
10-21-2009 04:31;0;0
10-21-2009 04:32;0;0
10-21-2009 04:33;0;0
10-21-2009 04:34;0;0
10-21-2009 04:35;0;0
10-21-2009 04:36;0;0
10-21-2009 04:37;0;0
10-21-2009 04:38;0;0
10-21-2009 04:39;0;0
10-21-2009 04:40;0;0
10-21-2009 04:41;0;0
10-21-2009 04:42;0;0
10-21-2009 04:43;0;0
10-21-2009 04:44;0;0
10-21-2009 04:45;0;0
10-21-2009 04:46;0;0
10-21-2009 04:47;0;0
10-21-2009 04:48;8;0
10-21-2009 04:49;0;0
10-21-2009 04:50;296;0
10-21-2009 04:51;0;0
10-21-2009 04:52;0;0
10-21-2009 04:53;0;0
10-21-2009 04:54;0;0
10-21-2009 04:55;0;0
10-21-2009 04:56;0;0
10-21-2009 04:57;0;0
10-21-2009 04:58;0;0
10-21-2009 04:59;0;0
10-21-2009 05:00;0;0
10-21-2009 05:01;0;0
10-21-2009 05:02;0;0
10-21-2009 05:03;0;0
10-21-2009 05:04;0;0
10-21-2009 05:05;0;0
10-21-2009 05:06;0;0
10-21-2009 05:07;0;0
10-21-2009 05:08;0;0
10-21-2009 05:09;0;0
10-21-2009 05:10;0;0
10-21-2009 05:11;0;0
10-21-2009 05:12;0;0
10-21-2009 05:13;0;0
10-21-2009 05:14;0;0
10-21-2009 05:15;0;0
10-21-2009 05:16;82;0
10-21-2009 05:17;0;0
10-21-2009 05:18;0;0
10-21-2009 05:19;0;0
10-21-2009 05:20;0;0
10-21-2009 05:21;0;0
10-21-2009 05:22;0;0
10-21-2009 05:23;0;0
10-21-2009 05:24;0;0
10-21-2009 05:25;0;0
10-21-2009 05:26;0;0
10-21-2009 05:27;88;0
10-21-2009 05:28;0;0
10-21-2009 05:29;0;0
10-21-2009 05:30;0;0
10-21-2009 05:31;0;0
10-21-2009 05:32;0;0
10-21-2009 05:33;0;0
10-21-2009 05:34;0;0
10-21-2009 05:35;23;0
10-21-2009 05:36;0;0
10-21-2009 05:37;0;0
10-21-2009 05:38;0;0
10-21-2009 05:39;41;0
10-21-2009 05:40;0;0
10-21-2009 05:41;0;0
10-21-2009 05:42;0;0
10-21-2009 05:43;0;0
10-21-2009 05:44;0;0
10-21-2009 05:45;0;0
10-21-2009 05:46;0;0
10-21-2009 05:47;0;0
10-21-2009 05:48;0;0
10-21-2009 05:49;219;0
10-21-2009 05:50;0;0
10-21-2009 05:51;0;0
10-21-2009 05:52;0;0
10-21-2009 05:53;0;0
10-21-2009 05:54;0;0
10-21-2009 05:55;0;0
10-21-2009 05:56;0;0
10-21-2009 05:57;0;0
10-21-2009 05:58;0;0
10-21-2009 05:59;12;0
10-21-2009 06:00;49;0
10-21-2009 06:01;0;0
10-21-2009 06:02;0;0
10-21-2009 06:03;0;0
10-21-2009 06:04;0;0
10-21-2009 06:05;0;0
10-21-2009 06:06;9;0
10-21-2009 06:07;0;0
10-21-2009 06:08;0;0
10-21-2009 06:09;0;0
10-21-2009 06:10;64;0
10-21-2009 06:11;0;0
10-21-2009 06:12;0;0
10-21-2009 06:13;3;0
10-21-2009 06:14;0;0
10-21-2009 06:15;0;0
10-21-2009 06:16;0;0
10-21-2009 06:17;0;0
10-21-2009 06:18;0;0
10-21-2009 06:19;0;0
10-21-2009 06:20;0;0
10-21-2009 06:21;0;0
10-21-2009 06:22;55;0
10-21-2009 06:23;0;0
10-21-2009 06:24;0;0
10-21-2009 06:25;0;0
10-21-2009 06:26;0;0
10-21-2009 06:27;0;0
10-21-2009 06:28;0;0
10-21-2009 06:29;46;0
10-21-2009 06:30;0;0
10-21-2009 06:31;0;0
10-21-2009 06:32;0;0
10-21-2009 06:33;0;0
10-21-2009 06:34;148;0
10-21-2009 06:35;0;0
10-21-2009 06:36;0;0
10-21-2009 06:37;0;0
10-21-2009 06:38;0;0
10-21-2009 06:39;0;0
10-21-2009 06:40;0;0
10-21-2009 06:41;37;0
10-21-2009 06:42;0;0
10-21-2009 06:43;0;0
10-21-2009 06:44;0;0
10-21-2009 06:45;0;0
10-21-2009 06:46;0;0
10-21-2009 06:47;0;0
10-21-2009 06:48;0;0
10-21-2009 06:49;0;0
10-21-2009 06:50;0;0
10-21-2009 06:51;0;0
10-21-2009 06:52;0;0
10-21-2009 06:53;1042;1
10-21-2009 06:54;190;0
10-21-2009 06:55;0;0
10-21-2009 06:56;76;0
10-21-2009 06:57;0;0
10-21-2009 06:58;0;0
10-21-2009 06:59;0;0
10-21-2009 07:00;0;0
10-21-2009 07:01;0;0
10-21-2009 07:02;0;0
10-21-2009 07:03;0;0
10-21-2009 07:04;0;0
10-21-2009 07:05;0;0
10-21-2009 07:06;0;0
10-21-2009 07:07;0;0
10-21-2009 07:08;0;0
10-21-2009 07:09;0;0
10-21-2009 07:10;0;0
10-21-2009 07:11;0;0
10-21-2009 07:12;0;0
10-21-2009 07:13;0;0
10-21-2009 07:14;0;0
10-21-2009 07:15;0;0
10-21-2009 07:16;0;0
10-21-2009 07:17;0;0
10-21-2009 07:18;0;0
10-21-2009 07:19;0;0
10-21-2009 07:20;0;0
10-21-2009 07:21;0;0
10-21-2009 07:22;0;0
10-21-2009 07:23;0;0
10-21-2009 07:24;0;0
10-21-2009 07:25;0;0
10-21-2009 07:26;0;0
10-21-2009 07:27;0;0
10-21-2009 07:28;0;0
10-21-2009 07:29;0;0
10-21-2009 07:30;0;0
10-21-2009 07:31;0;0
10-21-2009 07:32;0;0
10-21-2009 07:33;0;0
10-21-2009 07:34;0;0
10-21-2009 07:35;0;0
10-21-2009 07:36;0;0
10-21-2009 07:37;0;0
10-21-2009 07:38;0;0
10-21-2009 07:39;0;0
10-21-2009 07:40;0;0
10-21-2009 07:41;0;0
10-21-2009 07:42;0;0
10-21-2009 07:43;0;0
10-21-2009 07:44;52;0
10-21-2009 07:45;0;0
10-21-2009 07:46;15;0
10-21-2009 07:47;18;0
10-21-2009 07:48;0;0
10-21-2009 07:49;3;0
10-21-2009 07:50;0;0
10-21-2009 07:51;0;0
10-21-2009 07:52;0;0
10-21-2009 07:53;0;0
10-21-2009 07:54;0;0
10-21-2009 07:55;0;0
10-21-2009 07:56;0;0
10-21-2009 07:57;0;0
10-21-2009 07:58;0;0
10-21-2009 07:59;5;0
10-21-2009 08:00;139;0
10-21-2009 08:01;12;0
10-21-2009 08:02;0;0
10-21-2009 08:03;0;0
10-21-2009 08:04;0;0
10-21-2009 08:05;58;0
10-21-2009 08:06;0;0
10-21-2009 08:07;0;0
10-21-2009 08:08;0;0
10-21-2009 08:09;0;0
10-21-2009 08:10;55;0
10-21-2009 08:11;0;0
10-21-2009 08:12;0;0
10-21-2009 08:13;0;0
10-21-2009 08:14;55;0
10-21-2009 08:15;0;0
10-21-2009 08:16;0;0
10-21-2009 08:17;154;0
10-21-2009 08:18;0;0
10-21-2009 08:19;0;0
10-21-2009 08:20;0;0
10-21-2009 08:21;0;0
10-21-2009 08:22;0;0
10-21-2009 08:23;0;0
10-21-2009 08:24;55;0
10-21-2009 08:25;0;0
10-21-2009 08:26;0;0
10-21-2009 08:27;0;0
10-21-2009 08:28;0;0
10-21-2009 08:29;0;0
10-21-2009 08:30;0;0
10-21-2009 08:31;37;0
10-21-2009 08:32;0;0
10-21-2009 08:33;0;0
10-21-2009 08:34;411;0
10-21-2009 08:35;1521;1
10-21-2009 08:36;1221;1
10-21-2009 08:37;1521;1
10-21-2009 08:38;259;0
10-21-2009 08:39;759;0
10-21-2009 08:40;296;0
10-21-2009 08:41;667;0
10-21-2009 08:42;712;0
10-21-2009 08:43;517;0
10-21-2009 08:44;626;0
10-21-2009 08:45;568;0
10-21-2009 08:46;454;0
10-21-2009 08:47;349;0
10-21-2009 08:48;439;0
10-21-2009 08:49;49;0
10-21-2009 08:50;235;0
10-21-2009 08:51;116;0
10-21-2009 08:52;76;0
10-21-2009 08:53;116;0
10-21-2009 08:54;439;0
10-21-2009 08:55;143;0
10-21-2009 08:56;259;0
10-21-2009 08:57;9;0
10-21-2009 08:58;116;0
10-21-2009 08:59;0;0
10-21-2009 09:00;227;0
10-21-2009 09:01;134;0
10-21-2009 09:02;712;0
10-21-2009 09:03;550;0
10-21-2009 09:04;1384;1
10-21-2009 09:05;500;0
10-21-2009 09:06;373;0
10-21-2009 09:07;154;0
10-21-2009 09:08;398;0
10-21-2009 09:09;0;0
10-21-2009 09:10;9;0
10-21-2009 09:11;184;0
10-21-2009 09:12;277;0
10-21-2009 09:13;219;0
10-21-2009 09:14;485;0
10-21-2009 09:15;306;0
10-21-2009 09:16;0;0
10-21-2009 09:17;0;0
10-21-2009 09:18;8;0
10-21-2009 09:19;46;0
10-21-2009 09:20;23;0
10-21-2009 09:21;29;0
10-21-2009 09:22;0;0
10-21-2009 09:23;11;0
10-21-2009 09:24;27;0
10-21-2009 09:25;154;0
10-21-2009 09:26;0;0
10-21-2009 09:27;58;0
10-21-2009 09:28;411;0
10-21-2009 09:29;533;0
10-21-2009 09:30;34;0
10-21-2009 09:31;107;0
10-21-2009 09:32;49;0
10-21-2009 09:33;568;0
10-21-2009 09:34;734;0
10-21-2009 09:35;919;0
10-21-2009 09:36;689;0
10-21-2009 09:37;689;0
10-21-2009 09:38;500;0
10-21-2009 09:39;626;0
10-21-2009 09:40;646;0
10-21-2009 09:41;948;0
10-21-2009 09:42;948;0
10-21-2009 09:43;759;0
10-21-2009 09:44;1300;1
10-21-2009 09:45;835;0
10-21-2009 09:46;1341;1
10-21-2009 09:47;1221;1
10-21-2009 09:48;734;0
10-21-2009 09:49;1260;1
10-21-2009 09:50;1146;1
10-21-2009 09:51;890;0
10-21-2009 09:52;734;0
10-21-2009 09:53;517;0
10-21-2009 09:54;116;0
10-21-2009 09:55;296;0
10-21-2009 09:56;439;0
10-21-2009 09:57;626;0
10-21-2009 09:58;734;0
10-21-2009 09:59;890;0
10-21-2009 10:00;517;0
10-21-2009 10:01;568;0
10-21-2009 10:02;835;0
10-21-2009 10:03;178;0
10-21-2009 10:04;1570;1
10-21-2009 10:05;1076;1
10-21-2009 10:06;3;0
10-21-2009 10:07;0;0
10-21-2009 10:08;0;0
10-21-2009 10:09;0;0
10-21-2009 10:10;626;0
10-21-2009 10:11;1521;1
10-21-2009 10:12;1042;1
10-21-2009 10:13;1428;1
10-21-2009 10:14;1300;1
10-21-2009 10:15;1042;1
10-21-2009 10:16;1521;1
10-21-2009 10:17;1111;1
10-21-2009 10:18;835;0
10-21-2009 10:19;734;0
10-21-2009 10:20;550;0
10-21-2009 10:21;712;0
10-21-2009 10:22;626;0
10-21-2009 10:23;361;0
10-21-2009 10:24;398;0
10-21-2009 10:25;235;0
10-21-2009 10:26;85;0
10-21-2009 10:27;178;0
10-21-2009 10:28;948;0
10-21-2009 10:29;862;0
10-21-2009 10:30;862;0
10-21-2009 10:31;862;0
10-21-2009 10:32;1182;1
10-21-2009 10:33;1182;1
10-21-2009 10:34;306;0
10-21-2009 10:35;469;0
10-21-2009 10:36;667;0
10-21-2009 10:37;689;0
10-21-2009 10:38;373;0
10-21-2009 10:39;317;0
10-21-2009 10:40;734;0
10-21-2009 10:41;306;0
10-21-2009 10:42;948;0
10-21-2009 10:43;759;0
10-21-2009 10:44;517;0
10-21-2009 10:45;587;0
10-21-2009 10:46;296;0
10-21-2009 10:47;3;0
10-21-2009 10:48;0;0
10-21-2009 10:49;0;0
10-21-2009 10:50;52;0
10-21-2009 10:51;3;0
10-21-2009 10:52;27;0
10-21-2009 10:53;204;0
10-21-2009 10:54;0;0
10-21-2009 10:55;3;0
10-21-2009 10:56;3;0
10-21-2009 10:57;8;0
10-21-2009 10:58;9;0
10-21-2009 10:59;439;0
10-21-2009 11:00;21;0
10-21-2009 11:01;3;0
10-21-2009 11:02;0;0
10-21-2009 11:03;6;0
10-21-2009 11:04;15;0
10-21-2009 11:05;61;0
10-21-2009 11:06;17;0
10-21-2009 11:07;0;0
10-21-2009 11:08;67;0
10-21-2009 11:09;41;0
10-21-2009 11:10;8;0
10-21-2009 11:11;17;0
10-21-2009 11:12;0;0
10-21-2009 11:13;12;0
10-21-2009 11:14;6;0
10-21-2009 11:15;8;0
10-21-2009 11:16;12;0
10-21-2009 11:17;55;0
10-21-2009 11:18;64;0
10-21-2009 11:19;154;0
10-21-2009 11:20;154;0
10-21-2009 11:21;15;0
10-21-2009 11:22;160;0
10-21-2009 11:23;55;0
10-21-2009 11:24;70;0
10-21-2009 11:25;306;0
10-21-2009 11:26;411;0
10-21-2009 11:27;439;0
10-21-2009 11:28;439;0
10-21-2009 11:29;517;0
10-21-2009 11:30;626;0
10-21-2009 11:31;277;0
10-21-2009 11:32;94;0
10-21-2009 11:33;58;0
10-21-2009 11:34;35;0
10-21-2009 11:35;15;0
10-21-2009 11:36;227;0
10-21-2009 11:37;469;0
10-21-2009 11:38;197;0
10-21-2009 11:39;386;0
10-21-2009 11:40;1146;1
10-21-2009 11:41;1042;1
10-21-2009 11:42;978;0
10-21-2009 11:43;734;0
10-21-2009 11:44;1042;1
10-21-2009 11:45;1221;1
10-21-2009 11:46;1260;1
10-21-2009 11:47;1260;1
10-21-2009 11:48;890;0
10-21-2009 11:49;1341;1
10-21-2009 11:50;1384;1
10-21-2009 11:51;978;0
10-21-2009 11:52;1010;0
10-21-2009 11:53;919;0
10-21-2009 11:54;1474;1
10-21-2009 11:55;1146;1
10-21-2009 11:56;1221;1
10-21-2009 11:57;1042;1
10-21-2009 11:58;1111;1
10-21-2009 11:59;809;0
10-21-2009 12:00;734;0
10-21-2009 12:01;809;0
10-21-2009 12:02;646;0
10-21-2009 12:03;626;0
10-21-2009 12:04;978;0
10-21-2009 12:05;454;0
10-21-2009 12:06;734;0
10-21-2009 12:07;1111;1
10-21-2009 12:08;835;0
10-21-2009 12:09;454;0
10-21-2009 12:10;296;0
10-21-2009 12:11;204;0
10-21-2009 12:12;212;0
10-21-2009 12:13;166;0
10-21-2009 12:14;242;0
10-21-2009 12:15;349;0
10-21-2009 12:16;550;0
10-21-2009 12:17;317;0
10-21-2009 12:18;759;0
10-21-2009 12:19;1182;1
10-21-2009 12:20;1111;1
10-21-2009 12:21;646;0
10-21-2009 12:22;296;0
10-21-2009 12:23;587;0
10-21-2009 12:24;626;0
10-21-2009 12:25;626;0
10-21-2009 12:26;948;0
10-21-2009 12:27;835;0
10-21-2009 12:28;862;0
10-21-2009 12:29;783;0
10-21-2009 12:30;1042;1
10-21-2009 12:31;1521;1
10-21-2009 12:32;1725;1
10-21-2009 12:33;1521;1
10-21-2009 12:34;862;0
10-21-2009 12:35;626;0
10-21-2009 12:36;0;0
