TIMESTAMP;ACTIVITY;ANOMALY
04-03-2009 12:00;0;0
04-03-2009 12:01;4;0
04-03-2009 12:02;3;0
04-03-2009 12:03;3;0
04-03-2009 12:04;3;0
04-03-2009 12:05;3;0
04-03-2009 12:06;3;0
04-03-2009 12:07;3;0
04-03-2009 12:08;3;0
04-03-2009 12:09;3;0
04-03-2009 12:10;3;0
04-03-2009 12:11;3;0
04-03-2009 12:12;3;0
04-03-2009 12:13;3;0
04-03-2009 12:14;3;0
04-03-2009 12:15;3;0
04-03-2009 12:16;3;0
04-03-2009 12:17;3;0
04-03-2009 12:18;3;0
04-03-2009 12:19;3;0
04-03-2009 12:20;3;0
04-03-2009 12:21;3;0
04-03-2009 12:22;3;0
04-03-2009 12:23;3;0
04-03-2009 12:24;3;0
04-03-2009 12:25;3;0
04-03-2009 12:26;3;0
04-03-2009 12:27;3;0
04-03-2009 12:28;3;0
04-03-2009 12:29;3;0
04-03-2009 12:30;3;0
04-03-2009 12:31;3;0
04-03-2009 12:32;3;0
04-03-2009 12:33;3;0
04-03-2009 12:34;3;0
04-03-2009 12:35;3;0
04-03-2009 12:36;3;0
04-03-2009 12:37;3;0
04-03-2009 12:38;3;0
04-03-2009 12:39;3;0
04-03-2009 12:40;3;0
04-03-2009 12:41;3;0
04-03-2009 12:42;3;0
04-03-2009 12:43;3;0
04-03-2009 12:44;3;0
04-03-2009 12:45;3;0
04-03-2009 12:46;3;0
04-03-2009 12:47;3;0
04-03-2009 12:48;3;0
04-03-2009 12:49;3;0
04-03-2009 12:50;3;0
04-03-2009 12:51;3;0
04-03-2009 12:52;3;0
04-03-2009 12:53;3;0
04-03-2009 12:54;3;0
04-03-2009 12:55;3;0
04-03-2009 12:56;3;0
04-03-2009 12:57;3;0
04-03-2009 12:58;3;0
04-03-2009 12:59;3;0
04-03-2009 13:00;3;0
04-03-2009 13:01;3;0
04-03-2009 13:02;3;0
04-03-2009 13:03;3;0
04-03-2009 13:04;3;0
04-03-2009 13:05;3;0
04-03-2009 13:06;3;0
04-03-2009 13:07;3;0
04-03-2009 13:08;3;0
04-03-2009 13:09;3;0
04-03-2009 13:10;3;0
04-03-2009 13:11;3;0
04-03-2009 13:12;3;0
04-03-2009 13:13;3;0
04-03-2009 13:14;3;0
04-03-2009 13:15;3;0
04-03-2009 13:16;3;0
04-03-2009 13:17;3;0
04-03-2009 13:18;3;0
04-03-2009 13:19;3;0
04-03-2009 13:20;3;0
04-03-2009 13:21;3;0
04-03-2009 13:22;3;0
04-03-2009 13:23;3;0
04-03-2009 13:24;3;0
04-03-2009 13:25;3;0
04-03-2009 13:26;3;0
04-03-2009 13:27;3;0
04-03-2009 13:28;3;0
04-03-2009 13:29;3;0
04-03-2009 13:30;3;0
04-03-2009 13:31;3;0
04-03-2009 13:32;3;0
04-03-2009 13:33;3;0
04-03-2009 13:34;3;0
04-03-2009 13:35;3;0
04-03-2009 13:36;3;0
04-03-2009 13:37;3;0
04-03-2009 13:38;3;0
04-03-2009 13:39;946;1
04-03-2009 13:40;946;1
04-03-2009 13:41;1822;1
04-03-2009 13:42;1216;1
04-03-2009 13:43;1254;1
04-03-2009 13:44;759;0
04-03-2009 13:45;946;1
04-03-2009 13:46;1378;1
04-03-2009 13:47;1466;1
04-03-2009 13:48;946;1
04-03-2009 13:49;834;1
04-03-2009 13:50;1008;1
04-03-2009 13:51;1216;1
04-03-2009 13:52;977;1
04-03-2009 13:53;1335;1
04-03-2009 13:54;1107;1
04-03-2009 13:55;1216;1
04-03-2009 13:56;917;1
04-03-2009 13:57;1040;1
04-03-2009 13:58;649;0
04-03-2009 13:59;273;0
04-03-2009 14:00;137;0
04-03-2009 14:01;888;1
04-03-2009 14:02;1008;1
04-03-2009 14:03;946;1
04-03-2009 14:04;2194;1
04-03-2009 14:05;2194;1
04-03-2009 14:06;1512;1
04-03-2009 14:07;1378;1
04-03-2009 14:08;1560;1
04-03-2009 14:09;861;1
04-03-2009 14:10;146;0
04-03-2009 14:11;217;0
04-03-2009 14:12;713;0
04-03-2009 14:13;609;0
04-03-2009 14:14;155;0
04-03-2009 14:15;161;0
04-03-2009 14:16;81;0
04-03-2009 14:17;155;0
04-03-2009 14:18;415;0
04-03-2009 14:19;443;0
04-03-2009 14:20;537;0
04-03-2009 14:21;649;0
04-03-2009 14:22;402;0
04-03-2009 14:23;240;0
04-03-2009 14:24;1216;1
04-03-2009 14:25;649;0
04-03-2009 14:26;977;1
04-03-2009 14:27;629;0
04-03-2009 14:28;917;1
04-03-2009 14:29;1143;1
04-03-2009 14:30;1179;1
04-03-2009 14:31;861;1
04-03-2009 14:32;713;0
04-03-2009 14:33;1107;1
04-03-2009 14:34;888;1
04-03-2009 14:35;713;0
04-03-2009 14:36;669;0
04-03-2009 14:37;1560;1
04-03-2009 14:38;1254;1
04-03-2009 14:39;1766;1
04-03-2009 14:40;1179;1
04-03-2009 14:41;1660;1
04-03-2009 14:42;1254;1
04-03-2009 14:43;225;0
04-03-2009 14:44;342;0
04-03-2009 14:45;917;1
04-03-2009 14:46;311;0
04-03-2009 14:47;609;0
04-03-2009 14:48;1216;1
04-03-2009 14:49;1512;1
04-03-2009 14:50;1008;1
04-03-2009 14:51;429;0
04-03-2009 14:52;554;0
04-03-2009 14:53;210;0
04-03-2009 14:54;197;0
04-03-2009 14:55;283;0
04-03-2009 14:56;225;0
04-03-2009 14:57;89;0
04-03-2009 14:58;103;0
04-03-2009 14:59;472;0
04-03-2009 15:00;55;0
04-03-2009 15:01;32;0
04-03-2009 15:02;137;0
04-03-2009 15:03;122;0
04-03-2009 15:04;809;0
04-03-2009 15:05;759;0
04-03-2009 15:06;520;0
04-03-2009 15:07;1008;1
04-03-2009 15:08;554;0
04-03-2009 15:09;321;0
04-03-2009 15:10;554;0
04-03-2009 15:11;537;0
04-03-2009 15:12;784;0
04-03-2009 15:13;590;0
04-03-2009 15:14;834;1
04-03-2009 15:15;1560;1
04-03-2009 15:16;1143;1
04-03-2009 15:17;669;0
04-03-2009 15:18;1560;1
04-03-2009 15:19;1179;1
04-03-2009 15:20;1008;1
04-03-2009 15:21;1179;1
04-03-2009 15:22;487;0
04-03-2009 15:23;649;0
04-03-2009 15:24;537;0
04-03-2009 15:25;415;0
04-03-2009 15:26;691;0
04-03-2009 15:27;487;0
04-03-2009 15:28;946;1
04-03-2009 15:29;520;0
04-03-2009 15:30;354;0
04-03-2009 15:31;265;0
04-03-2009 15:32;429;0
04-03-2009 15:33;1216;1
04-03-2009 15:34;1378;1
04-03-2009 15:35;861;1
04-03-2009 15:36;713;0
04-03-2009 15:37;1660;1
04-03-2009 15:38;669;0
04-03-2009 15:39;946;1
04-03-2009 15:40;332;0
04-03-2009 15:41;1216;1
04-03-2009 15:42;1143;1
04-03-2009 15:43;321;0
04-03-2009 15:44;100;0
04-03-2009 15:45;225;0
04-03-2009 15:46;946;1
04-03-2009 15:47;377;0
04-03-2009 15:48;184;0
04-03-2009 15:49;210;0
04-03-2009 15:50;132;0
04-03-2009 15:51;1216;1
04-03-2009 15:52;1179;1
04-03-2009 15:53;265;0
04-03-2009 15:54;173;0
04-03-2009 15:55;107;0
04-03-2009 15:56;457;0
04-03-2009 15:57;178;0
04-03-2009 15:58;141;0
04-03-2009 15:59;240;0
04-03-2009 16:00;40;0
04-03-2009 16:01;0;0
04-03-2009 16:02;0;0
04-03-2009 16:03;0;0
04-03-2009 16:04;64;0
04-03-2009 16:05;0;0
04-03-2009 16:06;5;0
04-03-2009 16:07;119;0
04-03-2009 16:08;256;0
04-03-2009 16:09;256;0
04-03-2009 16:10;256;0
04-03-2009 16:11;78;0
04-03-2009 16:12;184;0
04-03-2009 16:13;69;0
04-03-2009 16:14;784;0
04-03-2009 16:15;487;0
04-03-2009 16:16;1040;1
04-03-2009 16:17;302;0
04-03-2009 16:18;377;0
04-03-2009 16:19;669;0
04-03-2009 16:20;321;0
04-03-2009 16:21;342;0
04-03-2009 16:22;184;0
04-03-2009 16:23;210;0
04-03-2009 16:24;137;0
04-03-2009 16:25;311;0
04-03-2009 16:26;1335;1
04-03-2009 16:27;332;0
04-03-2009 16:28;184;0
04-03-2009 16:29;472;0
04-03-2009 16:30;537;0
04-03-2009 16:31;66;0
04-03-2009 16:32;72;0
04-03-2009 16:33;78;0
04-03-2009 16:34;69;0
04-03-2009 16:35;16;0
04-03-2009 16:36;69;0
04-03-2009 16:37;141;0
04-03-2009 16:38;759;0
04-03-2009 16:39;365;0
04-03-2009 16:40;1216;1
04-03-2009 16:41;377;0
04-03-2009 16:42;46;0
04-03-2009 16:43;72;0
04-03-2009 16:44;78;0
04-03-2009 16:45;46;0
04-03-2009 16:46;0;0
04-03-2009 16:47;141;0
04-03-2009 16:48;146;0
04-03-2009 16:49;100;0
04-03-2009 16:50;0;0
04-03-2009 16:51;119;0
04-03-2009 16:52;103;0
04-03-2009 16:53;0;0
04-03-2009 16:54;184;0
04-03-2009 16:55;132;0
04-03-2009 16:56;273;0
04-03-2009 16:57;292;0
04-03-2009 16:58;167;0
04-03-2009 16:59;311;0
04-03-2009 17:00;888;1
04-03-2009 17:01;572;0
04-03-2009 17:02;332;0
04-03-2009 17:03;240;0
04-03-2009 17:04;61;0
04-03-2009 17:05;15;0
04-03-2009 17:06;0;0
04-03-2009 17:07;14;0
04-03-2009 17:08;40;0
04-03-2009 17:09;83;0
04-03-2009 17:10;46;0
04-03-2009 17:11;0;0
04-03-2009 17:12;30;0
04-03-2009 17:13;173;0
04-03-2009 17:14;69;0
04-03-2009 17:15;167;0
04-03-2009 17:16;691;0
04-03-2009 17:17;292;0
04-03-2009 17:18;415;0
04-03-2009 17:19;629;0
04-03-2009 17:20;487;0
04-03-2009 17:21;161;0
04-03-2009 17:22;107;0
04-03-2009 17:23;217;0
04-03-2009 17:24;81;0
04-03-2009 17:25;83;0
04-03-2009 17:26;0;0
04-03-2009 17:27;122;0
04-03-2009 17:28;402;0
04-03-2009 17:29;415;0
04-03-2009 17:30;167;0
04-03-2009 17:31;256;0
04-03-2009 17:32;161;0
04-03-2009 17:33;47;0
04-03-2009 17:34;265;0
04-03-2009 17:35;100;0
04-03-2009 17:36;151;0
04-03-2009 17:37;173;0
04-03-2009 17:38;390;0
04-03-2009 17:39;127;0
04-03-2009 17:40;81;0
04-03-2009 17:41;217;0
04-03-2009 17:42;609;0
04-03-2009 17:43;443;0
04-03-2009 17:44;321;0
04-03-2009 17:45;111;0
04-03-2009 17:46;256;0
04-03-2009 17:47;342;0
04-03-2009 17:48;66;0
04-03-2009 17:49;946;1
04-03-2009 17:50;247;0
04-03-2009 17:51;472;0
04-03-2009 17:52;554;0
04-03-2009 17:53;210;0
04-03-2009 17:54;377;0
04-03-2009 17:55;629;0
04-03-2009 17:56;759;0
04-03-2009 17:57;537;0
04-03-2009 17:58;429;0
04-03-2009 17:59;51;0
04-03-2009 18:00;137;0
04-03-2009 18:01;161;0
04-03-2009 18:02;167;0
04-03-2009 18:03;354;0
04-03-2009 18:04;457;0
04-03-2009 18:05;232;0
04-03-2009 18:06;321;0
04-03-2009 18:07;429;0
04-03-2009 18:08;265;0
04-03-2009 18:09;69;0
04-03-2009 18:10;42;0
04-03-2009 18:11;38;0
04-03-2009 18:12;197;0
04-03-2009 18:13;6;0
04-03-2009 18:14;57;0
04-03-2009 18:15;17;0
04-03-2009 18:16;0;0
04-03-2009 18:17;132;0
04-03-2009 18:18;18;0
04-03-2009 18:19;34;0
04-03-2009 18:20;10;0
04-03-2009 18:21;42;0
04-03-2009 18:22;0;0
04-03-2009 18:23;5;0
04-03-2009 18:24;26;0
04-03-2009 18:25;2;0
04-03-2009 18:26;8;0
04-03-2009 18:27;141;0
04-03-2009 18:28;487;0
04-03-2009 18:29;210;0
04-03-2009 18:30;691;0
04-03-2009 18:31;354;0
04-03-2009 18:32;503;0
04-03-2009 18:33;457;0
04-03-2009 18:34;321;0
04-03-2009 18:35;537;0
04-03-2009 18:36;572;0
04-03-2009 18:37;443;0
04-03-2009 18:38;292;0
04-03-2009 18:39;503;0
04-03-2009 18:40;365;0
04-03-2009 18:41;390;0
04-03-2009 18:42;691;0
04-03-2009 18:43;977;1
04-03-2009 18:44;429;0
04-03-2009 18:45;520;0
04-03-2009 18:46;759;0
04-03-2009 18:47;390;0
04-03-2009 18:48;107;0
04-03-2009 18:49;273;0
04-03-2009 18:50;75;0
04-03-2009 18:51;137;0
04-03-2009 18:52;132;0
04-03-2009 18:53;247;0
04-03-2009 18:54;115;0
04-03-2009 18:55;503;0
04-03-2009 18:56;225;0
04-03-2009 18:57;115;0
04-03-2009 18:58;240;0
04-03-2009 18:59;457;0
04-03-2009 19:00;311;0
04-03-2009 19:01;572;0
04-03-2009 19:02;273;0
04-03-2009 19:03;247;0
04-03-2009 19:04;321;0
04-03-2009 19:05;34;0
04-03-2009 19:06;92;0
04-03-2009 19:07;141;0
04-03-2009 19:08;0;0
04-03-2009 19:09;127;0
04-03-2009 19:10;204;0
04-03-2009 19:11;61;0
04-03-2009 19:12;119;0
04-03-2009 19:13;2;0
04-03-2009 19:14;57;0
04-03-2009 19:15;137;0
04-03-2009 19:16;127;0
04-03-2009 19:17;18;0
04-03-2009 19:18;46;0
04-03-2009 19:19;27;0
04-03-2009 19:20;141;0
04-03-2009 19:21;210;0
04-03-2009 19:22;232;0
04-03-2009 19:23;111;0
04-03-2009 19:24;292;0
04-03-2009 19:25;265;0
04-03-2009 19:26;273;0
04-03-2009 19:27;204;0
04-03-2009 19:28;103;0
04-03-2009 19:29;151;0
04-03-2009 19:30;834;1
04-03-2009 19:31;321;0
04-03-2009 19:32;503;0
04-03-2009 19:33;759;0
04-03-2009 19:34;888;1
04-03-2009 19:35;917;1
04-03-2009 19:36;809;0
04-03-2009 19:37;457;0
04-03-2009 19:38;173;0
04-03-2009 19:39;210;0
04-03-2009 19:40;66;0
04-03-2009 19:41;5;0
04-03-2009 19:42;184;0
04-03-2009 19:43;377;0
04-03-2009 19:44;629;0
04-03-2009 19:45;669;0
04-03-2009 19:46;503;0
04-03-2009 19:47;590;0
04-03-2009 19:48;0;0
04-03-2009 19:49;240;0
04-03-2009 19:50;103;0
04-03-2009 19:51;520;0
04-03-2009 19:52;402;0
04-03-2009 19:53;354;0
04-03-2009 19:54;225;0
04-03-2009 19:55;834;1
04-03-2009 19:56;415;0
04-03-2009 19:57;402;0
04-03-2009 19:58;273;0
04-03-2009 19:59;443;0
04-03-2009 20:00;377;0
04-03-2009 20:01;629;0
04-03-2009 20:02;834;1
04-03-2009 20:03;57;0
04-03-2009 20:04;256;0
04-03-2009 20:05;429;0
04-03-2009 20:06;283;0
04-03-2009 20:07;332;0
04-03-2009 20:08;321;0
04-03-2009 20:09;137;0
04-03-2009 20:10;122;0
04-03-2009 20:11;429;0
04-03-2009 20:12;55;0
04-03-2009 20:13;204;0
04-03-2009 20:14;151;0
04-03-2009 20:15;184;0
04-03-2009 20:16;256;0
04-03-2009 20:17;115;0
04-03-2009 20:18;0;0
04-03-2009 20:19;96;0
04-03-2009 20:20;69;0
04-03-2009 20:21;204;0
04-03-2009 20:22;83;0
04-03-2009 20:23;173;0
04-03-2009 20:24;146;0
04-03-2009 20:25;59;0
04-03-2009 20:26;283;0
04-03-2009 20:27;537;0
04-03-2009 20:28;377;0
04-03-2009 20:29;321;0
04-03-2009 20:30;217;0
04-03-2009 20:31;92;0
04-03-2009 20:32;115;0
04-03-2009 20:33;72;0
04-03-2009 20:34;0;0
04-03-2009 20:35;151;0
04-03-2009 20:36;24;0
04-03-2009 20:37;8;0
04-03-2009 20:38;2;0
04-03-2009 20:39;28;0
04-03-2009 20:40;96;0
04-03-2009 20:41;40;0
04-03-2009 20:42;0;0
04-03-2009 20:43;72;0
04-03-2009 20:44;265;0
04-03-2009 20:45;92;0
04-03-2009 20:46;9;0
04-03-2009 20:47;107;0
04-03-2009 20:48;55;0
04-03-2009 20:49;83;0
04-03-2009 20:50;92;0
04-03-2009 20:51;27;0
04-03-2009 20:52;2;0
04-03-2009 20:53;0;0
04-03-2009 20:54;191;0
04-03-2009 20:55;137;0
04-03-2009 20:56;155;0
04-03-2009 20:57;0;0
04-03-2009 20:58;42;0
04-03-2009 20:59;146;0
04-03-2009 21:00;42;0
04-03-2009 21:01;6;0
04-03-2009 21:02;178;0
04-03-2009 21:03;161;0
04-03-2009 21:04;141;0
04-03-2009 21:05;217;0
04-03-2009 21:06;115;0
04-03-2009 21:07;247;0
04-03-2009 21:08;302;0
04-03-2009 21:09;354;0
04-03-2009 21:10;691;0
04-03-2009 21:11;119;0
04-03-2009 21:12;137;0
04-03-2009 21:13;321;0
04-03-2009 21:14;273;0
04-03-2009 21:15;377;0
04-03-2009 21:16;487;0
04-03-2009 21:17;736;0
04-03-2009 21:18;292;0
04-03-2009 21:19;0;0
04-03-2009 21:20;415;0
04-03-2009 21:21;161;0
04-03-2009 21:22;197;0
04-03-2009 21:23;520;0
04-03-2009 21:24;273;0
04-03-2009 21:25;443;0
04-03-2009 21:26;72;0
04-03-2009 21:27;210;0
04-03-2009 21:28;155;0
04-03-2009 21:29;167;0
04-03-2009 21:30;161;0
04-03-2009 21:31;141;0
04-03-2009 21:32;115;0
04-03-2009 21:33;155;0
04-03-2009 21:34;247;0
04-03-2009 21:35;161;0
04-03-2009 21:36;122;0
04-03-2009 21:37;247;0
04-03-2009 21:38;34;0
04-03-2009 21:39;83;0
04-03-2009 21:40;132;0
04-03-2009 21:41;81;0
04-03-2009 21:42;75;0
04-03-2009 21:43;151;0
04-03-2009 21:44;167;0
04-03-2009 21:45;96;0
04-03-2009 21:46;161;0
04-03-2009 21:47;204;0
04-03-2009 21:48;443;0
04-03-2009 21:49;273;0
04-03-2009 21:50;415;0
04-03-2009 21:51;321;0
04-03-2009 21:52;590;0
04-03-2009 21:53;377;0
04-03-2009 21:54;946;1
04-03-2009 21:55;354;0
04-03-2009 21:56;151;0
04-03-2009 21:57;155;0
04-03-2009 21:58;5;0
04-03-2009 21:59;127;0
04-03-2009 22:00;225;0
04-03-2009 22:01;354;0
04-03-2009 22:02;64;0
04-03-2009 22:03;151;0
04-03-2009 22:04;107;0
04-03-2009 22:05;100;0
04-03-2009 22:06;46;0
04-03-2009 22:07;0;0
04-03-2009 22:08;146;0
04-03-2009 22:09;23;0
04-03-2009 22:10;0;0
04-03-2009 22:11;11;0
04-03-2009 22:12;28;0
04-03-2009 22:13;75;0
04-03-2009 22:14;161;0
04-03-2009 22:15;155;0
04-03-2009 22:16;86;0
04-03-2009 22:17;59;0
04-03-2009 22:18;75;0
04-03-2009 22:19;0;0
04-03-2009 22:20;137;0
04-03-2009 22:21;72;0
04-03-2009 22:22;83;0
04-03-2009 22:23;29;0
04-03-2009 22:24;61;0
04-03-2009 22:25;0;0
04-03-2009 22:26;27;0
04-03-2009 22:27;81;0
04-03-2009 22:28;32;0
04-03-2009 22:29;46;0
04-03-2009 22:30;92;0
04-03-2009 22:31;107;0
04-03-2009 22:32;232;0
04-03-2009 22:33;302;0
04-03-2009 22:34;155;0
04-03-2009 22:35;92;0
04-03-2009 22:36;155;0
04-03-2009 22:37;256;0
04-03-2009 22:38;354;0
04-03-2009 22:39;321;0
04-03-2009 22:40;127;0
04-03-2009 22:41;946;1
04-03-2009 22:42;191;0
04-03-2009 22:43;167;0
04-03-2009 22:44;141;0
04-03-2009 22:45;38;0
04-03-2009 22:46;155;0
04-03-2009 22:47;34;0
04-03-2009 22:48;137;0
04-03-2009 22:49;53;0
04-03-2009 22:50;122;0
04-03-2009 22:51;342;0
04-03-2009 22:52;151;0
04-03-2009 22:53;111;0
04-03-2009 22:54;111;0
04-03-2009 22:55;83;0
04-03-2009 22:56;75;0
04-03-2009 22:57;78;0
04-03-2009 22:58;247;0
04-03-2009 22:59;81;0
04-03-2009 23:00;83;0
04-03-2009 23:01;292;0
04-03-2009 23:02;146;0
04-03-2009 23:03;132;0
04-03-2009 23:04;111;0
04-03-2009 23:05;217;0
04-03-2009 23:06;75;0
04-03-2009 23:07;38;0
04-03-2009 23:08;100;0
04-03-2009 23:09;256;0
04-03-2009 23:10;834;1
04-03-2009 23:11;283;0
04-03-2009 23:12;69;0
04-03-2009 23:13;78;0
04-03-2009 23:14;7;0
04-03-2009 23:15;572;0
04-03-2009 23:16;946;1
04-03-2009 23:17;225;0
04-03-2009 23:18;111;0
04-03-2009 23:19;32;0
04-03-2009 23:20;119;0
04-03-2009 23:21;47;0
04-03-2009 23:22;127;0
04-03-2009 23:23;155;0
04-03-2009 23:24;32;0
04-03-2009 23:25;9;0
04-03-2009 23:26;111;0
04-03-2009 23:27;34;0
04-03-2009 23:28;225;0
04-03-2009 23:29;265;0
04-03-2009 23:30;81;0
04-03-2009 23:31;0;0
04-03-2009 23:32;0;0
04-03-2009 23:33;2;0
04-03-2009 23:34;11;0
04-03-2009 23:35;86;0
04-03-2009 23:36;51;0
04-03-2009 23:37;24;0
04-03-2009 23:38;32;0
04-03-2009 23:39;25;0
04-03-2009 23:40;6;0
04-03-2009 23:41;2;0
04-03-2009 23:42;0;0
04-03-2009 23:43;0;0
04-03-2009 23:44;64;0
04-03-2009 23:45;204;0
04-03-2009 23:46;247;0
04-03-2009 23:47;1008;1
04-03-2009 23:48;204;0
04-03-2009 23:49;83;0
04-03-2009 23:50;321;0
04-03-2009 23:51;292;0
04-03-2009 23:52;155;0
04-03-2009 23:53;75;0
04-03-2009 23:54;365;0
04-03-2009 23:55;390;0
04-03-2009 23:56;283;0
04-03-2009 23:57;27;0
04-03-2009 23:58;34;0
04-03-2009 23:59;30;0
04-04-2009 00:00;178;0
04-04-2009 00:01;96;0
04-04-2009 00:02;204;0
04-04-2009 00:03;69;0
04-04-2009 00:04;78;0
04-04-2009 00:05;5;0
04-04-2009 00:06;46;0
04-04-2009 00:07;127;0
04-04-2009 00:08;332;0
04-04-2009 00:09;332;0
04-04-2009 00:10;273;0
04-04-2009 00:11;311;0
04-04-2009 00:12;342;0
04-04-2009 00:13;59;0
04-04-2009 00:14;217;0
04-04-2009 00:15;61;0
04-04-2009 00:16;19;0
04-04-2009 00:17;83;0
04-04-2009 00:18;103;0
04-04-2009 00:19;115;0
04-04-2009 00:20;83;0
04-04-2009 00:21;0;0
04-04-2009 00:22;155;0
04-04-2009 00:23;78;0
04-04-2009 00:24;256;0
04-04-2009 00:25;302;0
04-04-2009 00:26;265;0
04-04-2009 00:27;103;0
04-04-2009 00:28;184;0
04-04-2009 00:29;57;0
04-04-2009 00:30;86;0
04-04-2009 00:31;127;0
04-04-2009 00:32;122;0
04-04-2009 00:33;217;0
04-04-2009 00:34;103;0
04-04-2009 00:35;53;0
04-04-2009 00:36;204;0
04-04-2009 00:37;119;0
04-04-2009 00:38;173;0
04-04-2009 00:39;302;0
04-04-2009 00:40;173;0
04-04-2009 00:41;132;0
04-04-2009 00:42;178;0
04-04-2009 00:43;122;0
04-04-2009 00:44;197;0
04-04-2009 00:45;184;0
04-04-2009 00:46;111;0
04-04-2009 00:47;354;0
04-04-2009 00:48;167;0
04-04-2009 00:49;111;0
04-04-2009 00:50;132;0
04-04-2009 00:51;155;0
04-04-2009 00:52;66;0
04-04-2009 00:53;100;0
04-04-2009 00:54;119;0
04-04-2009 00:55;365;0
04-04-2009 00:56;155;0
04-04-2009 00:57;784;0
04-04-2009 00:58;225;0
04-04-2009 00:59;167;0
04-04-2009 01:00;155;0
04-04-2009 01:01;115;0
04-04-2009 01:02;141;0
04-04-2009 01:03;256;0
04-04-2009 01:04;137;0
04-04-2009 01:05;161;0
04-04-2009 01:06;443;0
04-04-2009 01:07;415;0
04-04-2009 01:08;103;0
04-04-2009 01:09;342;0
04-04-2009 01:10;29;0
04-04-2009 01:11;83;0
04-04-2009 01:12;103;0
04-04-2009 01:13;89;0
04-04-2009 01:14;197;0
04-04-2009 01:15;273;0
04-04-2009 01:16;240;0
04-04-2009 01:17;151;0
04-04-2009 01:18;42;0
04-04-2009 01:19;86;0
04-04-2009 01:20;55;0
04-04-2009 01:21;332;0
04-04-2009 01:22;30;0
04-04-2009 01:23;100;0
04-04-2009 01:24;151;0
04-04-2009 01:25;66;0
04-04-2009 01:26;0;0
04-04-2009 01:27;75;0
04-04-2009 01:28;0;0
04-04-2009 01:29;107;0
04-04-2009 01:30;44;0
04-04-2009 01:31;3;0
04-04-2009 01:32;55;0
04-04-2009 01:33;32;0
04-04-2009 01:34;29;0
04-04-2009 01:35;0;0
04-04-2009 01:36;137;0
04-04-2009 01:37;5;0
04-04-2009 01:38;7;0
04-04-2009 01:39;132;0
04-04-2009 01:40;155;0
04-04-2009 01:41;390;0
04-04-2009 01:42;178;0
04-04-2009 01:43;161;0
04-04-2009 01:44;1040;1
04-04-2009 01:45;46;0
04-04-2009 01:46;96;0
04-04-2009 01:47;888;1
04-04-2009 01:48;354;0
04-04-2009 01:49;78;0
04-04-2009 01:50;78;0
04-04-2009 01:51;151;0
04-04-2009 01:52;146;0
04-04-2009 01:53;55;0
04-04-2009 01:54;146;0
04-04-2009 01:55;44;0
04-04-2009 01:56;59;0
04-04-2009 01:57;64;0
04-04-2009 01:58;107;0
04-04-2009 01:59;127;0
04-04-2009 02:00;61;0
04-04-2009 02:01;64;0
04-04-2009 02:02;83;0
04-04-2009 02:03;332;0
04-04-2009 02:04;917;1
04-04-2009 02:05;173;0
04-04-2009 02:06;132;0
04-04-2009 02:07;256;0
04-04-2009 02:08;96;0
04-04-2009 02:09;89;0
04-04-2009 02:10;66;0
04-04-2009 02:11;75;0
04-04-2009 02:12;321;0
04-04-2009 02:13;178;0
04-04-2009 02:14;292;0
04-04-2009 02:15;81;0
04-04-2009 02:16;8;0
04-04-2009 02:17;111;0
04-04-2009 02:18;115;0
04-04-2009 02:19;273;0
04-04-2009 02:20;256;0
04-04-2009 02:21;520;0
04-04-2009 02:22;311;0
04-04-2009 02:23;240;0
04-04-2009 02:24;232;0
04-04-2009 02:25;42;0
04-04-2009 02:26;64;0
04-04-2009 02:27;132;0
04-04-2009 02:28;167;0
04-04-2009 02:29;167;0
04-04-2009 02:30;520;0
04-04-2009 02:31;554;0
04-04-2009 02:32;402;0
04-04-2009 02:33;12;0
04-04-2009 02:34;232;0
04-04-2009 02:35;23;0
04-04-2009 02:36;2;0
04-04-2009 02:37;61;0
04-04-2009 02:38;713;0
04-04-2009 02:39;0;0
04-04-2009 02:40;0;0
04-04-2009 02:41;365;0
04-04-2009 02:42;0;0
04-04-2009 02:43;0;0
04-04-2009 02:44;0;0
04-04-2009 02:45;0;0
04-04-2009 02:46;0;0
04-04-2009 02:47;0;0
04-04-2009 02:48;0;0
04-04-2009 02:49;0;0
04-04-2009 02:50;0;0
04-04-2009 02:51;0;0
04-04-2009 02:52;0;0
04-04-2009 02:53;0;0
04-04-2009 02:54;0;0
04-04-2009 02:55;0;0
04-04-2009 02:56;0;0
04-04-2009 02:57;0;0
04-04-2009 02:58;0;0
04-04-2009 02:59;0;0
04-04-2009 03:00;141;0
04-04-2009 03:01;0;0
04-04-2009 03:02;3;0
04-04-2009 03:03;0;0
04-04-2009 03:04;0;0
04-04-2009 03:05;292;0
04-04-2009 03:06;122;0
04-04-2009 03:07;0;0
04-04-2009 03:08;0;0
04-04-2009 03:09;40;0
04-04-2009 03:10;0;0
04-04-2009 03:11;0;0
04-04-2009 03:12;0;0
04-04-2009 03:13;0;0
04-04-2009 03:14;0;0
04-04-2009 03:15;2;0
04-04-2009 03:16;0;0
04-04-2009 03:17;0;0
04-04-2009 03:18;0;0
04-04-2009 03:19;0;0
04-04-2009 03:20;0;0
04-04-2009 03:21;0;0
04-04-2009 03:22;13;0
04-04-2009 03:23;0;0
04-04-2009 03:24;0;0
04-04-2009 03:25;0;0
04-04-2009 03:26;0;0
04-04-2009 03:27;14;0
04-04-2009 03:28;0;0
04-04-2009 03:29;0;0
04-04-2009 03:30;0;0
04-04-2009 03:31;0;0
04-04-2009 03:32;0;0
04-04-2009 03:33;0;0
04-04-2009 03:34;0;0
04-04-2009 03:35;429;0
04-04-2009 03:36;115;0
04-04-2009 03:37;2;0
04-04-2009 03:38;40;0
04-04-2009 03:39;0;0
04-04-2009 03:40;0;0
04-04-2009 03:41;23;0
04-04-2009 03:42;66;0
04-04-2009 03:43;16;0
04-04-2009 03:44;14;0
04-04-2009 03:45;30;0
04-04-2009 03:46;10;0
04-04-2009 03:47;19;0
04-04-2009 03:48;103;0
04-04-2009 03:49;8;0
04-04-2009 03:50;9;0
04-04-2009 03:51;55;0
04-04-2009 03:52;5;0
04-04-2009 03:53;2;0
04-04-2009 03:54;7;0
04-04-2009 03:55;0;0
04-04-2009 03:56;0;0
04-04-2009 03:57;2;0
04-04-2009 03:58;0;0
04-04-2009 03:59;977;1
04-04-2009 04:00;141;0
04-04-2009 04:01;390;0
04-04-2009 04:02;256;0
04-04-2009 04:03;629;0
04-04-2009 04:04;197;0
04-04-2009 04:05;5;0
04-04-2009 04:06;69;0
04-04-2009 04:07;861;1
04-04-2009 04:08;14;0
04-04-2009 04:09;0;0
04-04-2009 04:10;0;0
04-04-2009 04:11;0;0
04-04-2009 04:12;0;0
04-04-2009 04:13;75;0
04-04-2009 04:14;122;0
04-04-2009 04:15;10;0
04-04-2009 04:16;0;0
04-04-2009 04:17;2;0
04-04-2009 04:18;0;0
04-04-2009 04:19;5;0
04-04-2009 04:20;0;0
04-04-2009 04:21;2;0
04-04-2009 04:22;0;0
04-04-2009 04:23;0;0
04-04-2009 04:24;0;0
04-04-2009 04:25;122;0
04-04-2009 04:26;0;0
04-04-2009 04:27;0;0
04-04-2009 04:28;0;0
04-04-2009 04:29;0;0
04-04-2009 04:30;0;0
04-04-2009 04:31;0;0
04-04-2009 04:32;0;0
04-04-2009 04:33;3;0
04-04-2009 04:34;103;0
04-04-2009 04:35;0;0
04-04-2009 04:36;0;0
04-04-2009 04:37;0;0
04-04-2009 04:38;0;0
04-04-2009 04:39;0;0
04-04-2009 04:40;0;0
04-04-2009 04:41;0;0
04-04-2009 04:42;0;0
04-04-2009 04:43;0;0
04-04-2009 04:44;0;0
04-04-2009 04:45;0;0
04-04-2009 04:46;17;0
04-04-2009 04:47;3;0
04-04-2009 04:48;15;0
04-04-2009 04:49;240;0
04-04-2009 04:50;0;0
04-04-2009 04:51;32;0
04-04-2009 04:52;81;0
04-04-2009 04:53;0;0
04-04-2009 04:54;132;0
04-04-2009 04:55;72;0
04-04-2009 04:56;0;0
04-04-2009 04:57;0;0
04-04-2009 04:58;0;0
04-04-2009 04:59;0;0
04-04-2009 05:00;0;0
04-04-2009 05:01;0;0
04-04-2009 05:02;0;0
04-04-2009 05:03;0;0
04-04-2009 05:04;0;0
04-04-2009 05:05;27;0
04-04-2009 05:06;283;0
04-04-2009 05:07;81;0
04-04-2009 05:08;38;0
04-04-2009 05:09;49;0
04-04-2009 05:10;0;0
04-04-2009 05:11;0;0
04-04-2009 05:12;38;0
04-04-2009 05:13;103;0
04-04-2009 05:14;66;0
04-04-2009 05:15;51;0
04-04-2009 05:16;25;0
04-04-2009 05:17;51;0
04-04-2009 05:18;34;0
04-04-2009 05:19;0;0
04-04-2009 05:20;15;0
04-04-2009 05:21;0;0
04-04-2009 05:22;46;0
04-04-2009 05:23;18;0
04-04-2009 05:24;669;0
04-04-2009 05:25;0;0
04-04-2009 05:26;51;0
04-04-2009 05:27;0;0
04-04-2009 05:28;0;0
04-04-2009 05:29;0;0
04-04-2009 05:30;0;0
04-04-2009 05:31;0;0
04-04-2009 05:32;0;0
04-04-2009 05:33;0;0
04-04-2009 05:34;107;0
04-04-2009 05:35;311;0
04-04-2009 05:36;0;0
04-04-2009 05:37;46;0
04-04-2009 05:38;0;0
04-04-2009 05:39;0;0
04-04-2009 05:40;34;0
04-04-2009 05:41;0;0
04-04-2009 05:42;0;0
04-04-2009 05:43;0;0
04-04-2009 05:44;0;0
04-04-2009 05:45;0;0
04-04-2009 05:46;0;0
04-04-2009 05:47;2;0
04-04-2009 05:48;78;0
04-04-2009 05:49;34;0
04-04-2009 05:50;44;0
04-04-2009 05:51;7;0
04-04-2009 05:52;3;0
04-04-2009 05:53;0;0
04-04-2009 05:54;59;0
04-04-2009 05:55;6;0
04-04-2009 05:56;247;0
04-04-2009 05:57;0;0
04-04-2009 05:58;0;0
04-04-2009 05:59;402;0
04-04-2009 06:00;38;0
04-04-2009 06:01;173;0
04-04-2009 06:02;5;0
04-04-2009 06:03;2;0
04-04-2009 06:04;429;0
04-04-2009 06:05;402;0
04-04-2009 06:06;342;0
04-04-2009 06:07;283;0
04-04-2009 06:08;210;0
04-04-2009 06:09;302;0
04-04-2009 06:10;487;0
04-04-2009 06:11;402;0
04-04-2009 06:12;572;0
04-04-2009 06:13;332;0
04-04-2009 06:14;415;0
04-04-2009 06:15;61;0
04-04-2009 06:16;554;0
04-04-2009 06:17;0;0
04-04-2009 06:18;86;0
04-04-2009 06:19;0;0
04-04-2009 06:20;0;0
04-04-2009 06:21;151;0
04-04-2009 06:22;0;0
04-04-2009 06:23;24;0
04-04-2009 06:24;609;0
04-04-2009 06:25;0;0
04-04-2009 06:26;0;0
04-04-2009 06:27;0;0
04-04-2009 06:28;0;0
04-04-2009 06:29;86;0
04-04-2009 06:30;83;0
04-04-2009 06:31;0;0
04-04-2009 06:32;78;0
04-04-2009 06:33;2;0
04-04-2009 06:34;0;0
04-04-2009 06:35;332;0
04-04-2009 06:36;0;0
04-04-2009 06:37;0;0
04-04-2009 06:38;0;0
04-04-2009 06:39;66;0
04-04-2009 06:40;75;0
04-04-2009 06:41;0;0
04-04-2009 06:42;0;0
04-04-2009 06:43;0;0
04-04-2009 06:44;0;0
04-04-2009 06:45;0;0
04-04-2009 06:46;0;0
04-04-2009 06:47;0;0
04-04-2009 06:48;0;0
04-04-2009 06:49;0;0
04-04-2009 06:50;0;0
04-04-2009 06:51;0;0
04-04-2009 06:52;0;0
04-04-2009 06:53;0;0
04-04-2009 06:54;0;0
04-04-2009 06:55;0;0
04-04-2009 06:56;0;0
04-04-2009 06:57;0;0
04-04-2009 06:58;0;0
04-04-2009 06:59;0;0
04-04-2009 07:00;0;0
04-04-2009 07:01;0;0
04-04-2009 07:02;0;0
04-04-2009 07:03;0;0
04-04-2009 07:04;0;0
04-04-2009 07:05;34;0
04-04-2009 07:06;0;0
04-04-2009 07:07;0;0
04-04-2009 07:08;0;0
04-04-2009 07:09;0;0
04-04-2009 07:10;0;0
04-04-2009 07:11;0;0
04-04-2009 07:12;0;0
04-04-2009 07:13;0;0
04-04-2009 07:14;0;0
04-04-2009 07:15;0;0
04-04-2009 07:16;0;0
04-04-2009 07:17;520;0
04-04-2009 07:18;27;0
04-04-2009 07:19;0;0
04-04-2009 07:20;34;0
04-04-2009 07:21;321;0
04-04-2009 07:22;155;0
04-04-2009 07:23;0;0
04-04-2009 07:24;0;0
04-04-2009 07:25;0;0
04-04-2009 07:26;0;0
04-04-2009 07:27;0;0
04-04-2009 07:28;10;0
04-04-2009 07:29;0;0
04-04-2009 07:30;0;0
04-04-2009 07:31;8;0
04-04-2009 07:32;7;0
04-04-2009 07:33;61;0
04-04-2009 07:34;0;0
04-04-2009 07:35;25;0
04-04-2009 07:36;9;0
04-04-2009 07:37;2;0
04-04-2009 07:38;96;0
04-04-2009 07:39;0;0
04-04-2009 07:40;0;0
04-04-2009 07:41;10;0
04-04-2009 07:42;137;0
04-04-2009 07:43;5;0
04-04-2009 07:44;46;0
04-04-2009 07:45;155;0
04-04-2009 07:46;146;0
04-04-2009 07:47;0;0
04-04-2009 07:48;0;0
04-04-2009 07:49;3;0
04-04-2009 07:50;155;0
04-04-2009 07:51;34;0
04-04-2009 07:52;273;0
04-04-2009 07:53;25;0
04-04-2009 07:54;6;0
04-04-2009 07:55;119;0
04-04-2009 07:56;247;0
04-04-2009 07:57;0;0
04-04-2009 07:58;16;0
04-04-2009 07:59;2;0
04-04-2009 08:00;0;0
04-04-2009 08:01;0;0
04-04-2009 08:02;40;0
04-04-2009 08:03;0;0
04-04-2009 08:04;34;0
04-04-2009 08:05;365;0
04-04-2009 08:06;8;0
04-04-2009 08:07;72;0
04-04-2009 08:08;0;0
04-04-2009 08:09;57;0
04-04-2009 08:10;4;0
04-04-2009 08:11;0;0
04-04-2009 08:12;0;0
04-04-2009 08:13;0;0
04-04-2009 08:14;0;0
04-04-2009 08:15;0;0
04-04-2009 08:16;321;0
04-04-2009 08:17;4;0
04-04-2009 08:18;0;0
04-04-2009 08:19;0;0
04-04-2009 08:20;0;0
04-04-2009 08:21;0;0
04-04-2009 08:22;0;0
04-04-2009 08:23;0;0
04-04-2009 08:24;0;0
04-04-2009 08:25;283;0
04-04-2009 08:26;197;0
04-04-2009 08:27;111;0
04-04-2009 08:28;0;0
04-04-2009 08:29;0;0
04-04-2009 08:30;0;0
04-04-2009 08:31;0;0
04-04-2009 08:32;0;0
04-04-2009 08:33;0;0
04-04-2009 08:34;61;0
04-04-2009 08:35;0;0
04-04-2009 08:36;0;0
04-04-2009 08:37;0;0
04-04-2009 08:38;0;0
04-04-2009 08:39;0;0
04-04-2009 08:40;0;0
04-04-2009 08:41;0;0
04-04-2009 08:42;0;0
04-04-2009 08:43;0;0
04-04-2009 08:44;0;0
04-04-2009 08:45;0;0
04-04-2009 08:46;390;0
04-04-2009 08:47;8;0
04-04-2009 08:48;2;0
04-04-2009 08:49;12;0
04-04-2009 08:50;0;0
04-04-2009 08:51;115;0
04-04-2009 08:52;72;0
04-04-2009 08:53;572;0
04-04-2009 08:54;15;0
04-04-2009 08:55;5;0
04-04-2009 08:56;16;0
04-04-2009 08:57;173;0
04-04-2009 08:58;122;0
04-04-2009 08:59;0;0
04-04-2009 09:00;0;0
04-04-2009 09:01;0;0
04-04-2009 09:02;0;0
04-04-2009 09:03;9;0
04-04-2009 09:04;2;0
04-04-2009 09:05;61;0
04-04-2009 09:06;49;0
04-04-2009 09:07;16;0
04-04-2009 09:08;0;0
04-04-2009 09:09;15;0
04-04-2009 09:10;365;0
04-04-2009 09:11;40;0
04-04-2009 09:12;137;0
04-04-2009 09:13;103;0
04-04-2009 09:14;2;0
04-04-2009 09:15;51;0
04-04-2009 09:16;16;0
04-04-2009 09:17;9;0
04-04-2009 09:18;13;0
04-04-2009 09:19;0;0
04-04-2009 09:20;122;0
04-04-2009 09:21;17;0
04-04-2009 09:22;78;0
04-04-2009 09:23;0;0
04-04-2009 09:24;86;0
04-04-2009 09:25;415;0
04-04-2009 09:26;365;0
04-04-2009 09:27;457;0
04-04-2009 09:28;415;0
04-04-2009 09:29;759;0
04-04-2009 09:30;554;0
04-04-2009 09:31;590;0
04-04-2009 09:32;390;0
04-04-2009 09:33;122;0
04-04-2009 09:34;283;0
04-04-2009 09:35;402;0
04-04-2009 09:36;1466;1
04-04-2009 09:37;232;0
04-04-2009 09:38;503;0
04-04-2009 09:39;302;0
04-04-2009 09:40;122;0
04-04-2009 09:41;332;0
04-04-2009 09:42;49;0
04-04-2009 09:43;292;0
04-04-2009 09:44;151;0
04-04-2009 09:45;415;0
04-04-2009 09:46;321;0
04-04-2009 09:47;155;0
04-04-2009 09:48;472;0
04-04-2009 09:49;265;0
04-04-2009 09:50;273;0
04-04-2009 09:51;100;0
04-04-2009 09:52;111;0
04-04-2009 09:53;38;0
04-04-2009 09:54;30;0
04-04-2009 09:55;155;0
04-04-2009 09:56;0;0
04-04-2009 09:57;40;0
04-04-2009 09:58;103;0
04-04-2009 09:59;457;0
04-04-2009 10:00;590;0
04-04-2009 10:01;86;0
04-04-2009 10:02;36;0
04-04-2009 10:03;27;0
04-04-2009 10:04;217;0
04-04-2009 10:05;342;0
04-04-2009 10:06;649;0
04-04-2009 10:07;1008;1
04-04-2009 10:08;342;0
04-04-2009 10:09;520;0
04-04-2009 10:10;232;0
04-04-2009 10:11;107;0
04-04-2009 10:12;354;0
04-04-2009 10:13;232;0
04-04-2009 10:14;132;0
04-04-2009 10:15;1335;1
04-04-2009 10:16;917;1
04-04-2009 10:17;115;0
04-04-2009 10:18;75;0
04-04-2009 10:19;100;0
04-04-2009 10:20;155;0
04-04-2009 10:21;127;0
04-04-2009 10:22;321;0
04-04-2009 10:23;537;0
04-04-2009 10:24;119;0
04-04-2009 10:25;332;0
04-04-2009 10:26;365;0
04-04-2009 10:27;365;0
04-04-2009 10:28;311;0
04-04-2009 10:29;115;0
04-04-2009 10:30;197;0
04-04-2009 10:31;240;0
04-04-2009 10:32;53;0
04-04-2009 10:33;178;0
04-04-2009 10:34;115;0
04-04-2009 10:35;273;0
04-04-2009 10:36;283;0
04-04-2009 10:37;415;0
04-04-2009 10:38;256;0
04-04-2009 10:39;161;0
04-04-2009 10:40;365;0
04-04-2009 10:41;302;0
04-04-2009 10:42;137;0
04-04-2009 10:43;503;0
04-04-2009 10:44;377;0
04-04-2009 10:45;100;0
04-04-2009 10:46;217;0
04-04-2009 10:47;28;0
04-04-2009 10:48;191;0
04-04-2009 10:49;265;0
04-04-2009 10:50;44;0
04-04-2009 10:51;8;0
04-04-2009 10:52;132;0
04-04-2009 10:53;19;0
04-04-2009 10:54;66;0
04-04-2009 10:55;132;0
04-04-2009 10:56;302;0
04-04-2009 10:57;265;0
04-04-2009 10:58;390;0
04-04-2009 10:59;390;0
04-04-2009 11:00;649;0
04-04-2009 11:01;0;0
04-04-2009 11:02;0;0
04-04-2009 11:03;0;0
04-04-2009 11:04;0;0
04-04-2009 11:05;0;0
04-04-2009 11:06;0;0
04-04-2009 11:07;0;0
04-04-2009 11:08;2;0
04-04-2009 11:09;2;0
04-04-2009 11:10;14;0
04-04-2009 11:11;0;0
04-04-2009 11:12;0;0
04-04-2009 11:13;590;0
04-04-2009 11:14;1073;1
04-04-2009 11:15;503;0
04-04-2009 11:16;861;1
04-04-2009 11:17;1107;1
04-04-2009 11:18;487;0
04-04-2009 11:19;311;0
04-04-2009 11:20;273;0
04-04-2009 11:21;487;0
04-04-2009 11:22;572;0
04-04-2009 11:23;503;0
04-04-2009 11:24;256;0
04-04-2009 11:25;240;0
04-04-2009 11:26;161;0
04-04-2009 11:27;354;0
04-04-2009 11:28;342;0
04-04-2009 11:29;713;0
04-04-2009 11:30;472;0
04-04-2009 11:31;167;0
04-04-2009 11:32;402;0
04-04-2009 11:33;472;0
04-04-2009 11:34;415;0
04-04-2009 11:35;888;1
04-04-2009 11:36;429;0
04-04-2009 11:37;457;0
04-04-2009 11:38;713;0
04-04-2009 11:39;415;0
04-04-2009 11:40;457;0
04-04-2009 11:41;354;0
04-04-2009 11:42;292;0
04-04-2009 11:43;629;0
04-04-2009 11:44;191;0
04-04-2009 11:45;225;0
04-04-2009 11:46;173;0
04-04-2009 11:47;103;0
04-04-2009 11:48;609;0
04-04-2009 11:49;415;0
04-04-2009 11:50;204;0
04-04-2009 11:51;321;0
04-04-2009 11:52;429;0
04-04-2009 11:53;917;1
04-04-2009 11:54;429;0
04-04-2009 11:55;713;0
04-04-2009 11:56;302;0
04-04-2009 11:57;487;0
04-04-2009 11:58;554;0
04-04-2009 11:59;283;0
04-04-2009 12:00;21;0
04-04-2009 12:01;415;0
04-04-2009 12:02;554;0
04-04-2009 12:03;365;0
04-04-2009 12:04;572;0
04-04-2009 12:05;834;1
04-04-2009 12:06;554;0
04-04-2009 12:07;537;0
04-04-2009 12:08;472;0
04-04-2009 12:09;713;0
04-04-2009 12:10;1008;1
04-04-2009 12:11;736;0
04-04-2009 12:12;736;0
04-04-2009 12:13;554;0
04-04-2009 12:14;487;0
04-04-2009 12:15;256;0
04-04-2009 12:16;225;0
04-04-2009 12:17;2;0
04-04-2009 12:18;155;0
04-04-2009 12:19;429;0
04-04-2009 12:20;487;0
04-04-2009 12:21;609;0
04-04-2009 12:22;256;0
04-04-2009 12:23;365;0
04-04-2009 12:24;225;0
04-04-2009 12:25;265;0
04-04-2009 12:26;332;0
04-04-2009 12:27;265;0
04-04-2009 12:28;100;0
04-04-2009 12:29;36;0
04-04-2009 12:30;100;0
04-04-2009 12:31;127;0
04-04-2009 12:32;49;0
04-04-2009 12:33;100;0
04-04-2009 12:34;100;0
04-04-2009 12:35;115;0
04-04-2009 12:36;184;0
04-04-2009 12:37;354;0
04-04-2009 12:38;18;0
04-04-2009 12:39;40;0
04-04-2009 12:40;55;0
04-04-2009 12:41;292;0
04-04-2009 12:42;332;0
04-04-2009 12:43;365;0
04-04-2009 12:44;51;0
04-04-2009 12:45;127;0
04-04-2009 12:46;34;0
04-04-2009 12:47;51;0
04-04-2009 12:48;132;0
04-04-2009 12:49;256;0
04-04-2009 12:50;390;0
04-04-2009 12:51;265;0
04-04-2009 12:52;173;0
04-04-2009 12:53;265;0
04-04-2009 12:54;311;0
04-04-2009 12:55;161;0
04-04-2009 12:56;155;0
04-04-2009 12:57;311;0
04-04-2009 12:58;44;0
04-04-2009 12:59;12;0
04-04-2009 13:00;92;0
04-04-2009 13:01;64;0
04-04-2009 13:02;9;0
04-04-2009 13:03;38;0
04-04-2009 13:04;127;0
04-04-2009 13:05;96;0
04-04-2009 13:06;61;0
04-04-2009 13:07;151;0
04-04-2009 13:08;204;0
04-04-2009 13:09;332;0
04-04-2009 13:10;115;0
04-04-2009 13:11;27;0
04-04-2009 13:12;0;0
04-04-2009 13:13;0;0
04-04-2009 13:14;0;0
04-04-2009 13:15;0;0
04-04-2009 13:16;0;0
04-04-2009 13:17;3;0
04-04-2009 13:18;0;0
04-04-2009 13:19;0;0
04-04-2009 13:20;0;0
04-04-2009 13:21;0;0
04-04-2009 13:22;0;0
04-04-2009 13:23;0;0
04-04-2009 13:24;0;0
04-04-2009 13:25;0;0
04-04-2009 13:26;0;0
04-04-2009 13:27;0;0
04-04-2009 13:28;0;0
04-04-2009 13:29;0;0
04-04-2009 13:30;0;0
04-04-2009 13:31;0;0
04-04-2009 13:32;0;0
04-04-2009 13:33;0;0
04-04-2009 13:34;66;0
04-04-2009 13:35;0;0
04-04-2009 13:36;0;0
04-04-2009 13:37;0;0
04-04-2009 13:38;2;0
04-04-2009 13:39;0;0
04-04-2009 13:40;0;0
04-04-2009 13:41;0;0
04-04-2009 13:42;0;0
04-04-2009 13:43;0;0
04-04-2009 13:44;0;0
04-04-2009 13:45;0;0
04-04-2009 13:46;0;0
04-04-2009 13:47;0;0
04-04-2009 13:48;5;0
04-04-2009 13:49;0;0
04-04-2009 13:50;0;0
04-04-2009 13:51;0;0
04-04-2009 13:52;0;0
04-04-2009 13:53;0;0
04-04-2009 13:54;0;0
04-04-2009 13:55;0;0
04-04-2009 13:56;0;0
04-04-2009 13:57;0;0
04-04-2009 13:58;0;0
04-04-2009 13:59;0;0
04-04-2009 14:00;0;0
04-04-2009 14:01;0;0
04-04-2009 14:02;0;0
04-04-2009 14:03;0;0
04-04-2009 14:04;0;0
04-04-2009 14:05;0;0
04-04-2009 14:06;0;0
04-04-2009 14:07;0;0
04-04-2009 14:08;390;0
04-04-2009 14:09;0;0
04-04-2009 14:10;119;0
04-04-2009 14:11;0;0
04-04-2009 14:12;0;0
04-04-2009 14:13;0;0
04-04-2009 14:14;0;0
04-04-2009 14:15;256;0
04-04-2009 14:16;0;0
04-04-2009 14:17;225;0
04-04-2009 14:18;0;0
04-04-2009 14:19;0;0
04-04-2009 14:20;0;0
04-04-2009 14:21;0;0
04-04-2009 14:22;0;0
04-04-2009 14:23;0;0
04-04-2009 14:24;3;0
04-04-2009 14:25;0;0
04-04-2009 14:26;0;0
04-04-2009 14:27;0;0
04-04-2009 14:28;0;0
04-04-2009 14:29;0;0
04-04-2009 14:30;0;0
04-04-2009 14:31;0;0
04-04-2009 14:32;0;0
04-04-2009 14:33;0;0
04-04-2009 14:34;72;0
04-04-2009 14:35;57;0
04-04-2009 14:36;92;0
04-04-2009 14:37;22;0
04-04-2009 14:38;18;0
04-04-2009 14:39;0;0
04-04-2009 14:40;24;0
04-04-2009 14:41;0;0
04-04-2009 14:42;107;0
04-04-2009 14:43;0;0
04-04-2009 14:44;0;0
04-04-2009 14:45;0;0
04-04-2009 14:46;0;0
04-04-2009 14:47;0;0
04-04-2009 14:48;6;0
04-04-2009 14:49;0;0
04-04-2009 14:50;23;0
04-04-2009 14:51;0;0
04-04-2009 14:52;0;0
04-04-2009 14:53;0;0
04-04-2009 14:54;0;0
04-04-2009 14:55;0;0
04-04-2009 14:56;0;0
04-04-2009 14:57;0;0
04-04-2009 14:58;0;0
04-04-2009 14:59;0;0
04-04-2009 15:00;0;0
04-04-2009 15:01;0;0
04-04-2009 15:02;0;0
04-04-2009 15:03;0;0
04-04-2009 15:04;0;0
04-04-2009 15:05;0;0
04-04-2009 15:06;191;0
04-04-2009 15:07;0;0
04-04-2009 15:08;151;0
04-04-2009 15:09;0;0
04-04-2009 15:10;0;0
04-04-2009 15:11;0;0
04-04-2009 15:12;0;0
04-04-2009 15:13;0;0
04-04-2009 15:14;0;0
04-04-2009 15:15;0;0
04-04-2009 15:16;0;0
04-04-2009 15:17;0;0
04-04-2009 15:18;0;0
04-04-2009 15:19;0;0
04-04-2009 15:20;0;0
04-04-2009 15:21;0;0
04-04-2009 15:22;0;0
04-04-2009 15:23;0;0
04-04-2009 15:24;0;0
04-04-2009 15:25;0;0
04-04-2009 15:26;0;0
04-04-2009 15:27;0;0
04-04-2009 15:28;0;0
04-04-2009 15:29;0;0
04-04-2009 15:30;0;0
04-04-2009 15:31;0;0
04-04-2009 15:32;0;0
04-04-2009 15:33;0;0
04-04-2009 15:34;0;0
04-04-2009 15:35;0;0
04-04-2009 15:36;0;0
04-04-2009 15:37;0;0
04-04-2009 15:38;0;0
04-04-2009 15:39;0;0
04-04-2009 15:40;0;0
04-04-2009 15:41;0;0
04-04-2009 15:42;0;0
04-04-2009 15:43;0;0
04-04-2009 15:44;265;0
04-04-2009 15:45;14;0
04-04-2009 15:46;83;0
04-04-2009 15:47;365;0
04-04-2009 15:48;55;0
04-04-2009 15:49;0;0
04-04-2009 15:50;2;0
04-04-2009 15:51;0;0
04-04-2009 15:52;0;0
04-04-2009 15:53;321;0
04-04-2009 15:54;292;0
04-04-2009 15:55;629;0
04-04-2009 15:56;572;0
04-04-2009 15:57;784;0
04-04-2009 15:58;283;0
04-04-2009 15:59;809;0
04-04-2009 16:00;191;0
04-04-2009 16:01;122;0
04-04-2009 16:02;691;0
04-04-2009 16:03;977;1
04-04-2009 16:04;302;0
04-04-2009 16:05;265;0
04-04-2009 16:06;332;0
04-04-2009 16:07;210;0
04-04-2009 16:08;119;0
04-04-2009 16:09;115;0
04-04-2009 16:10;64;0
04-04-2009 16:11;197;0
04-04-2009 16:12;55;0
04-04-2009 16:13;14;0
04-04-2009 16:14;11;0
04-04-2009 16:15;155;0
04-04-2009 16:16;96;0
04-04-2009 16:17;38;0
04-04-2009 16:18;2;0
04-04-2009 16:19;0;0
04-04-2009 16:20;22;0
04-04-2009 16:21;17;0
04-04-2009 16:22;217;0
04-04-2009 16:23;173;0
04-04-2009 16:24;92;0
04-04-2009 16:25;155;0
04-04-2009 16:26;51;0
04-04-2009 16:27;3;0
04-04-2009 16:28;25;0
04-04-2009 16:29;89;0
04-04-2009 16:30;40;0
04-04-2009 16:31;127;0
04-04-2009 16:32;61;0
04-04-2009 16:33;55;0
04-04-2009 16:34;89;0
04-04-2009 16:35;0;0
04-04-2009 16:36;7;0
04-04-2009 16:37;9;0
04-04-2009 16:38;19;0
04-04-2009 16:39;42;0
04-04-2009 16:40;89;0
04-04-2009 16:41;72;0
04-04-2009 16:42;197;0
04-04-2009 16:43;19;0
04-04-2009 16:44;51;0
04-04-2009 16:45;78;0
04-04-2009 16:46;0;0
04-04-2009 16:47;443;0
04-04-2009 16:48;173;0
04-04-2009 16:49;736;0
04-04-2009 16:50;1766;1
04-04-2009 16:51;1008;1
04-04-2009 16:52;669;0
04-04-2009 16:53;669;0
04-04-2009 16:54;669;0
04-04-2009 16:55;390;0
04-04-2009 16:56;377;0
04-04-2009 16:57;759;0
04-04-2009 16:58;609;0
04-04-2009 16:59;1378;1
04-04-2009 17:00;834;1
04-04-2009 17:01;520;0
04-04-2009 17:02;713;0
04-04-2009 17:03;736;0
04-04-2009 17:04;487;0
04-04-2009 17:05;736;0
04-04-2009 17:06;736;0
04-04-2009 17:07;537;0
04-04-2009 17:08;457;0
04-04-2009 17:09;14;0
04-04-2009 17:10;834;1
04-04-2009 17:11;332;0
04-04-2009 17:12;184;0
04-04-2009 17:13;141;0
04-04-2009 17:14;946;1
04-04-2009 17:15;736;0
04-04-2009 17:16;151;0
04-04-2009 17:17;736;0
04-04-2009 17:18;302;0
04-04-2009 17:19;354;0
04-04-2009 17:20;204;0
04-04-2009 17:21;429;0
04-04-2009 17:22;119;0
04-04-2009 17:23;155;0
04-04-2009 17:24;184;0
04-04-2009 17:25;204;0
04-04-2009 17:26;132;0
04-04-2009 17:27;197;0
04-04-2009 17:28;1216;1
04-04-2009 17:29;649;0
04-04-2009 17:30;402;0
04-04-2009 17:31;784;0
04-04-2009 17:32;487;0
04-04-2009 17:33;402;0
04-04-2009 17:34;217;0
04-04-2009 17:35;273;0
04-04-2009 17:36;204;0
04-04-2009 17:37;111;0
04-04-2009 17:38;311;0
04-04-2009 17:39;390;0
04-04-2009 17:40;100;0
04-04-2009 17:41;151;0
04-04-2009 17:42;415;0
04-04-2009 17:43;217;0
04-04-2009 17:44;69;0
04-04-2009 17:45;184;0
04-04-2009 17:46;225;0
04-04-2009 17:47;40;0
04-04-2009 17:48;390;0
04-04-2009 17:49;119;0
04-04-2009 17:50;302;0
04-04-2009 17:51;75;0
04-04-2009 17:52;32;0
04-04-2009 17:53;232;0
04-04-2009 17:54;232;0
04-04-2009 17:55;292;0
04-04-2009 17:56;184;0
04-04-2009 17:57;111;0
04-04-2009 17:58;27;0
04-04-2009 17:59;354;0
04-04-2009 18:00;38;0
04-04-2009 18:01;225;0
04-04-2009 18:02;161;0
04-04-2009 18:03;247;0
04-04-2009 18:04;232;0
04-04-2009 18:05;354;0
04-04-2009 18:06;51;0
04-04-2009 18:07;127;0
04-04-2009 18:08;115;0
04-04-2009 18:09;0;0
04-04-2009 18:10;34;0
04-04-2009 18:11;10;0
04-04-2009 18:12;0;0
04-04-2009 18:13;66;0
04-04-2009 18:14;96;0
04-04-2009 18:15;34;0
04-04-2009 18:16;0;0
04-04-2009 18:17;61;0
04-04-2009 18:18;49;0
04-04-2009 18:19;86;0
04-04-2009 18:20;107;0
04-04-2009 18:21;311;0
04-04-2009 18:22;457;0
04-04-2009 18:23;472;0
04-04-2009 18:24;3;0
04-04-2009 18:25;13;0
04-04-2009 18:26;0;0
04-04-2009 18:27;81;0
04-04-2009 18:28;161;0
04-04-2009 18:29;590;0
04-04-2009 18:30;809;0
04-04-2009 18:31;256;0
04-04-2009 18:32;429;0
04-04-2009 18:33;2194;1
04-04-2009 18:34;1466;1
04-04-2009 18:35;390;0
04-04-2009 18:36;520;0
04-04-2009 18:37;861;1
04-04-2009 18:38;311;0
04-04-2009 18:39;137;0
04-04-2009 18:40;210;0
04-04-2009 18:41;629;0
04-04-2009 18:42;141;0
04-04-2009 18:43;161;0
04-04-2009 18:44;197;0
04-04-2009 18:45;141;0
04-04-2009 18:46;365;0
04-04-2009 18:47;713;0
04-04-2009 18:48;146;0
04-04-2009 18:49;100;0
04-04-2009 18:50;232;0
04-04-2009 18:51;669;0
04-04-2009 18:52;342;0
04-04-2009 18:53;365;0
04-04-2009 18:54;429;0
04-04-2009 18:55;256;0
04-04-2009 18:56;365;0
04-04-2009 18:57;390;0
04-04-2009 18:58;265;0
04-04-2009 18:59;415;0
04-04-2009 19:00;332;0
04-04-2009 19:01;302;0
04-04-2009 19:02;736;0
04-04-2009 19:03;354;0
04-04-2009 19:04;30;0
04-04-2009 19:05;55;0
04-04-2009 19:06;0;0
04-04-2009 19:07;38;0
04-04-2009 19:08;44;0
04-04-2009 19:09;61;0
04-04-2009 19:10;115;0
04-04-2009 19:11;5;0
04-04-2009 19:12;377;0
04-04-2009 19:13;8;0
04-04-2009 19:14;32;0
04-04-2009 19:15;30;0
04-04-2009 19:16;0;0
04-04-2009 19:17;6;0
04-04-2009 19:18;64;0
04-04-2009 19:19;256;0
04-04-2009 19:20;402;0
04-04-2009 19:21;96;0
04-04-2009 19:22;342;0
04-04-2009 19:23;443;0
04-04-2009 19:24;64;0
04-04-2009 19:25;332;0
04-04-2009 19:26;443;0
04-04-2009 19:27;137;0
04-04-2009 19:28;72;0
04-04-2009 19:29;178;0
04-04-2009 19:30;472;0
04-04-2009 19:31;83;0
04-04-2009 19:32;283;0
04-04-2009 19:33;167;0
04-04-2009 19:34;173;0
04-04-2009 19:35;590;0
04-04-2009 19:36;917;1
04-04-2009 19:37;415;0
04-04-2009 19:38;321;0
04-04-2009 19:39;917;1
04-04-2009 19:40;365;0
04-04-2009 19:41;888;1
04-04-2009 19:42;784;0
04-04-2009 19:43;1040;1
04-04-2009 19:44;917;1
04-04-2009 19:45;649;0
04-04-2009 19:46;390;0
04-04-2009 19:47;503;0
04-04-2009 19:48;691;0
04-04-2009 19:49;537;0
04-04-2009 19:50;669;0
04-04-2009 19:51;590;0
04-04-2009 19:52;809;0
04-04-2009 19:53;415;0
04-04-2009 19:54;1073;1
04-04-2009 19:55;609;0
04-04-2009 19:56;691;0
04-04-2009 19:57;232;0
04-04-2009 19:58;554;0
04-04-2009 19:59;520;0
04-04-2009 20:00;256;0
04-04-2009 20:01;191;0
04-04-2009 20:02;520;0
04-04-2009 20:03;66;0
04-04-2009 20:04;161;0
04-04-2009 20:05;178;0
04-04-2009 20:06;311;0
04-04-2009 20:07;443;0
04-04-2009 20:08;66;0
04-04-2009 20:09;283;0
04-04-2009 20:10;122;0
04-04-2009 20:11;537;0
04-04-2009 20:12;178;0
04-04-2009 20:13;429;0
04-04-2009 20:14;520;0
04-04-2009 20:15;1254;1
04-04-2009 20:16;365;0
04-04-2009 20:17;377;0
04-04-2009 20:18;127;0
04-04-2009 20:19;115;0
04-04-2009 20:20;64;0
04-04-2009 20:21;83;0
04-04-2009 20:22;247;0
04-04-2009 20:23;210;0
04-04-2009 20:24;225;0
04-04-2009 20:25;283;0
04-04-2009 20:26;232;0
04-04-2009 20:27;784;0
04-04-2009 20:28;1073;1
04-04-2009 20:29;127;0
04-04-2009 20:30;47;0
04-04-2009 20:31;57;0
04-04-2009 20:32;173;0
04-04-2009 20:33;184;0
04-04-2009 20:34;51;0
04-04-2009 20:35;204;0
04-04-2009 20:36;265;0
04-04-2009 20:37;1216;1
04-04-2009 20:38;365;0
04-04-2009 20:39;51;0
04-04-2009 20:40;151;0
04-04-2009 20:41;247;0
04-04-2009 20:42;167;0
04-04-2009 20:43;111;0
04-04-2009 20:44;119;0
04-04-2009 20:45;429;0
04-04-2009 20:46;146;0
04-04-2009 20:47;92;0
04-04-2009 20:48;40;0
04-04-2009 20:49;232;0
04-04-2009 20:50;122;0
04-04-2009 20:51;103;0
04-04-2009 20:52;96;0
04-04-2009 20:53;554;0
04-04-2009 20:54;69;0
04-04-2009 20:55;217;0
04-04-2009 20:56;100;0
04-04-2009 20:57;629;0
04-04-2009 20:58;503;0
04-04-2009 20:59;141;0
04-04-2009 21:00;78;0
04-04-2009 21:01;210;0
04-04-2009 21:02;197;0
04-04-2009 21:03;342;0
04-04-2009 21:04;167;0
04-04-2009 21:05;225;0
04-04-2009 21:06;256;0
04-04-2009 21:07;503;0
04-04-2009 21:08;354;0
04-04-2009 21:09;302;0
04-04-2009 21:10;161;0
04-04-2009 21:11;204;0
04-04-2009 21:12;332;0
04-04-2009 21:13;247;0
04-04-2009 21:14;256;0
04-04-2009 21:15;457;0
04-04-2009 21:16;390;0
04-04-2009 21:17;146;0
04-04-2009 21:18;377;0
04-04-2009 21:19;283;0
04-04-2009 21:20;46;0
04-04-2009 21:21;59;0
04-04-2009 21:22;89;0
04-04-2009 21:23;0;0
04-04-2009 21:24;34;0
04-04-2009 21:25;19;0
04-04-2009 21:26;0;0
04-04-2009 21:27;26;0
04-04-2009 21:28;217;0
04-04-2009 21:29;28;0
04-04-2009 21:30;24;0
04-04-2009 21:31;22;0
04-04-2009 21:32;96;0
04-04-2009 21:33;86;0
04-04-2009 21:34;22;0
04-04-2009 21:35;28;0
04-04-2009 21:36;0;0
04-04-2009 21:37;0;0
04-04-2009 21:38;191;0
04-04-2009 21:39;232;0
04-04-2009 21:40;173;0
04-04-2009 21:41;247;0
04-04-2009 21:42;377;0
04-04-2009 21:43;178;0
04-04-2009 21:44;537;0
04-04-2009 21:45;691;0
04-04-2009 21:46;273;0
04-04-2009 21:47;44;0
04-04-2009 21:48;92;0
04-04-2009 21:49;377;0
04-04-2009 21:50;265;0
04-04-2009 21:51;472;0
04-04-2009 21:52;141;0
04-04-2009 21:53;210;0
04-04-2009 21:54;332;0
04-04-2009 21:55;292;0
04-04-2009 21:56;47;0
04-04-2009 21:57;0;0
04-04-2009 21:58;256;0
04-04-2009 21:59;365;0
04-04-2009 22:00;354;0
04-04-2009 22:01;2;0
04-04-2009 22:02;81;0
04-04-2009 22:03;115;0
04-04-2009 22:04;28;0
04-04-2009 22:05;3;0
04-04-2009 22:06;96;0
04-04-2009 22:07;66;0
04-04-2009 22:08;40;0
04-04-2009 22:09;38;0
04-04-2009 22:10;75;0
04-04-2009 22:11;107;0
04-04-2009 22:12;24;0
04-04-2009 22:13;59;0
04-04-2009 22:14;100;0
04-04-2009 22:15;457;0
04-04-2009 22:16;155;0
04-04-2009 22:17;240;0
04-04-2009 22:18;210;0
04-04-2009 22:19;115;0
04-04-2009 22:20;51;0
04-04-2009 22:21;24;0
04-04-2009 22:22;18;0
04-04-2009 22:23;107;0
04-04-2009 22:24;103;0
04-04-2009 22:25;16;0
04-04-2009 22:26;107;0
04-04-2009 22:27;42;0
04-04-2009 22:28;232;0
04-04-2009 22:29;377;0
04-04-2009 22:30;256;0
04-04-2009 22:31;96;0
04-04-2009 22:32;191;0
04-04-2009 22:33;141;0
04-04-2009 22:34;92;0
04-04-2009 22:35;240;0
04-04-2009 22:36;42;0
04-04-2009 22:37;107;0
04-04-2009 22:38;332;0
04-04-2009 22:39;173;0
04-04-2009 22:40;256;0
04-04-2009 22:41;103;0
04-04-2009 22:42;27;0
04-04-2009 22:43;429;0
04-04-2009 22:44;86;0
04-04-2009 22:45;57;0
04-04-2009 22:46;217;0
04-04-2009 22:47;240;0
04-04-2009 22:48;132;0
04-04-2009 22:49;520;0
04-04-2009 22:50;390;0
04-04-2009 22:51;141;0
04-04-2009 22:52;155;0
04-04-2009 22:53;83;0
04-04-2009 22:54;20;0
04-04-2009 22:55;191;0
04-04-2009 22:56;151;0
04-04-2009 22:57;217;0
04-04-2009 22:58;115;0
04-04-2009 22:59;72;0
04-04-2009 23:00;365;0
04-04-2009 23:01;111;0
04-04-2009 23:02;977;1
04-04-2009 23:03;184;0
04-04-2009 23:04;342;0
04-04-2009 23:05;247;0
04-04-2009 23:06;173;0
04-04-2009 23:07;572;0
04-04-2009 23:08;415;0
04-04-2009 23:09;141;0
04-04-2009 23:10;472;0
04-04-2009 23:11;167;0
04-04-2009 23:12;487;0
04-04-2009 23:13;332;0
04-04-2009 23:14;127;0
04-04-2009 23:15;247;0
04-04-2009 23:16;283;0
04-04-2009 23:17;46;0
04-04-2009 23:18;100;0
04-04-2009 23:19;69;0
04-04-2009 23:20;178;0
04-04-2009 23:21;132;0
04-04-2009 23:22;122;0
04-04-2009 23:23;256;0
04-04-2009 23:24;321;0
04-04-2009 23:25;40;0
04-04-2009 23:26;119;0
04-04-2009 23:27;173;0
04-04-2009 23:28;232;0
04-04-2009 23:29;888;1
04-04-2009 23:30;609;0
04-04-2009 23:31;321;0
04-04-2009 23:32;225;0
04-04-2009 23:33;1466;1
04-04-2009 23:34;554;0
04-04-2009 23:35;332;0
04-04-2009 23:36;1040;1
04-04-2009 23:37;429;0
04-04-2009 23:38;1294;1
04-04-2009 23:39;443;0
04-04-2009 23:40;1421;1
04-04-2009 23:41;736;0
04-04-2009 23:42;273;0
04-04-2009 23:43;15;0
04-04-2009 23:44;554;0
04-04-2009 23:45;115;0
04-04-2009 23:46;59;0
04-04-2009 23:47;30;0
04-04-2009 23:48;342;0
04-04-2009 23:49;240;0
04-04-2009 23:50;167;0
04-04-2009 23:51;111;0
04-04-2009 23:52;111;0
04-04-2009 23:53;415;0
04-04-2009 23:54;191;0
04-04-2009 23:55;0;0
04-04-2009 23:56;402;0
04-04-2009 23:57;146;0
04-04-2009 23:58;155;0
04-04-2009 23:59;92;0
04-05-2009 00:00;86;0
04-05-2009 00:01;151;0
04-05-2009 00:02;122;0
04-05-2009 00:03;713;0
04-05-2009 00:04;429;0
04-05-2009 00:05;302;0
04-05-2009 00:06;122;0
04-05-2009 00:07;354;0
04-05-2009 00:08;554;0
04-05-2009 00:09;151;0
04-05-2009 00:10;197;0
04-05-2009 00:11;92;0
04-05-2009 00:12;53;0
04-05-2009 00:13;51;0
04-05-2009 00:14;96;0
04-05-2009 00:15;44;0
04-05-2009 00:16;225;0
04-05-2009 00:17;122;0
04-05-2009 00:18;23;0
04-05-2009 00:19;64;0
04-05-2009 00:20;28;0
04-05-2009 00:21;24;0
04-05-2009 00:22;49;0
04-05-2009 00:23;0;0
04-05-2009 00:24;22;0
04-05-2009 00:25;292;0
04-05-2009 00:26;92;0
04-05-2009 00:27;173;0
04-05-2009 00:28;377;0
04-05-2009 00:29;204;0
04-05-2009 00:30;146;0
04-05-2009 00:31;173;0
04-05-2009 00:32;273;0
04-05-2009 00:33;92;0
04-05-2009 00:34;520;0
04-05-2009 00:35;457;0
04-05-2009 00:36;402;0
04-05-2009 00:37;977;1
04-05-2009 00:38;210;0
04-05-2009 00:39;64;0
04-05-2009 00:40;59;0
04-05-2009 00:41;256;0
04-05-2009 00:42;197;0
04-05-2009 00:43;66;0
04-05-2009 00:44;151;0
04-05-2009 00:45;5;0
04-05-2009 00:46;4;0
04-05-2009 00:47;26;0
04-05-2009 00:48;78;0
04-05-2009 00:49;520;0
04-05-2009 00:50;457;0
04-05-2009 00:51;342;0
04-05-2009 00:52;0;0
04-05-2009 00:53;161;0
04-05-2009 00:54;155;0
04-05-2009 00:55;834;1
04-05-2009 00:56;184;0
04-05-2009 00:57;122;0
04-05-2009 00:58;83;0
04-05-2009 00:59;86;0
04-05-2009 01:00;34;0
04-05-2009 01:01;240;0
04-05-2009 01:02;1143;1
04-05-2009 01:03;946;1
04-05-2009 01:04;161;0
04-05-2009 01:05;590;0
04-05-2009 01:06;119;0
04-05-2009 01:07;122;0
04-05-2009 01:08;415;0
04-05-2009 01:09;443;0
04-05-2009 01:10;292;0
04-05-2009 01:11;354;0
04-05-2009 01:12;81;0
04-05-2009 01:13;247;0
04-05-2009 01:14;2;0
04-05-2009 01:15;7;0
04-05-2009 01:16;132;0
04-05-2009 01:17;178;0
04-05-2009 01:18;42;0
04-05-2009 01:19;5;0
04-05-2009 01:20;191;0
04-05-2009 01:21;100;0
04-05-2009 01:22;55;0
04-05-2009 01:23;15;0
04-05-2009 01:24;0;0
04-05-2009 01:25;178;0
04-05-2009 01:26;225;0
04-05-2009 01:27;40;0
04-05-2009 01:28;173;0
04-05-2009 01:29;402;0
04-05-2009 01:30;283;0
04-05-2009 01:31;240;0
04-05-2009 01:32;590;0
04-05-2009 01:33;472;0
04-05-2009 01:34;691;0
04-05-2009 01:35;365;0
04-05-2009 01:36;1073;1
04-05-2009 01:37;225;0
04-05-2009 01:38;100;0
04-05-2009 01:39;59;0
04-05-2009 01:40;100;0
04-05-2009 01:41;609;0
04-05-2009 01:42;472;0
04-05-2009 01:43;311;0
04-05-2009 01:44;302;0
04-05-2009 01:45;292;0
04-05-2009 01:46;122;0
04-05-2009 01:47;217;0
04-05-2009 01:48;119;0
04-05-2009 01:49;197;0
04-05-2009 01:50;0;0
04-05-2009 01:51;127;0
04-05-2009 01:52;184;0
04-05-2009 01:53;155;0
04-05-2009 01:54;81;0
04-05-2009 01:55;51;0
04-05-2009 01:56;191;0
04-05-2009 01:57;225;0
04-05-2009 01:58;365;0
04-05-2009 01:59;30;0
04-05-2009 02:00;321;0
04-05-2009 02:01;292;0
04-05-2009 02:02;197;0
04-05-2009 02:03;302;0
04-05-2009 02:04;96;0
04-05-2009 02:05;415;0
04-05-2009 02:06;127;0
04-05-2009 02:07;115;0
04-05-2009 02:08;146;0
04-05-2009 02:09;332;0
04-05-2009 02:10;861;1
04-05-2009 02:11;713;0
04-05-2009 02:12;888;1
04-05-2009 02:13;137;0
04-05-2009 02:14;809;0
04-05-2009 02:15;457;0
04-05-2009 02:16;1008;1
04-05-2009 02:17;184;0
04-05-2009 02:18;390;0
04-05-2009 02:19;217;0
04-05-2009 02:20;173;0
04-05-2009 02:21;390;0
04-05-2009 02:22;0;0
04-05-2009 02:23;503;0
04-05-2009 02:24;40;0
04-05-2009 02:25;2;0
04-05-2009 02:26;81;0
04-05-2009 02:27;11;0
04-05-2009 02:28;38;0
04-05-2009 02:29;0;0
04-05-2009 02:30;141;0
04-05-2009 02:31;2;0
04-05-2009 02:32;0;0
04-05-2009 02:33;0;0
04-05-2009 02:34;0;0
04-05-2009 02:35;53;0
04-05-2009 02:36;34;0
04-05-2009 02:37;2;0
04-05-2009 02:38;0;0
04-05-2009 02:39;457;0
04-05-2009 02:40;204;0
04-05-2009 02:41;5;0
04-05-2009 02:42;141;0
04-05-2009 02:43;122;0
04-05-2009 02:44;184;0
04-05-2009 02:45;0;0
04-05-2009 02:46;5;0
04-05-2009 02:47;0;0
04-05-2009 02:48;0;0
04-05-2009 02:49;0;0
04-05-2009 02:50;0;0
04-05-2009 02:51;0;0
04-05-2009 02:52;4;0
04-05-2009 02:53;0;0
04-05-2009 02:54;0;0
04-05-2009 02:55;9;0
04-05-2009 02:56;0;0
04-05-2009 02:57;4;0
04-05-2009 02:58;132;0
04-05-2009 02:59;13;0
04-05-2009 03:00;354;0
04-05-2009 03:01;0;0
04-05-2009 03:02;0;0
04-05-2009 03:03;83;0
04-05-2009 03:04;0;0
04-05-2009 03:05;0;0
04-05-2009 03:06;69;0
04-05-2009 03:07;0;0
04-05-2009 03:08;0;0
04-05-2009 03:09;2;0
04-05-2009 03:10;0;0
04-05-2009 03:11;3;0
04-05-2009 03:12;0;0
04-05-2009 03:13;332;0
04-05-2009 03:14;0;0
04-05-2009 03:15;10;0
04-05-2009 03:16;155;0
04-05-2009 03:17;57;0
04-05-2009 03:18;61;0
04-05-2009 03:19;25;0
04-05-2009 03:20;4;0
04-05-2009 03:21;265;0
04-05-2009 03:22;155;0
04-05-2009 03:23;16;0
04-05-2009 03:24;15;0
04-05-2009 03:25;75;0
04-05-2009 03:26;55;0
04-05-2009 03:27;46;0
04-05-2009 03:28;115;0
04-05-2009 03:29;5;0
04-05-2009 03:30;46;0
04-05-2009 03:31;2;0
04-05-2009 03:32;5;0
04-05-2009 03:33;15;0
04-05-2009 03:34;40;0
04-05-2009 03:35;81;0
04-05-2009 03:36;46;0
04-05-2009 03:37;0;0
04-05-2009 03:38;0;0
04-05-2009 03:39;0;0
04-05-2009 03:40;0;0
04-05-2009 03:41;0;0
04-05-2009 03:42;5;0
04-05-2009 03:43;0;0
04-05-2009 03:44;46;0
04-05-2009 03:45;32;0
04-05-2009 03:46;0;0
04-05-2009 03:47;0;0
04-05-2009 03:48;25;0
04-05-2009 03:49;0;0
04-05-2009 03:50;92;0
04-05-2009 03:51;888;1
04-05-2009 03:52;1040;1
04-05-2009 03:53;225;0
04-05-2009 03:54;443;0
04-05-2009 03:55;141;0
04-05-2009 03:56;713;0
04-05-2009 03:57;89;0
04-05-2009 03:58;2;0
04-05-2009 03:59;36;0
04-05-2009 04:00;55;0
04-05-2009 04:01;40;0
04-05-2009 04:02;443;0
04-05-2009 04:03;122;0
04-05-2009 04:04;141;0
04-05-2009 04:05;0;0
04-05-2009 04:06;0;0
04-05-2009 04:07;4;0
04-05-2009 04:08;0;0
04-05-2009 04:09;27;0
04-05-2009 04:10;0;0
04-05-2009 04:11;5;0
04-05-2009 04:12;11;0
04-05-2009 04:13;72;0
04-05-2009 04:14;100;0
04-05-2009 04:15;81;0
04-05-2009 04:16;2;0
04-05-2009 04:17;19;0
04-05-2009 04:18;5;0
04-05-2009 04:19;30;0
04-05-2009 04:20;5;0
04-05-2009 04:21;81;0
04-05-2009 04:22;0;0
04-05-2009 04:23;0;0
04-05-2009 04:24;0;0
04-05-2009 04:25;78;0
04-05-2009 04:26;10;0
04-05-2009 04:27;0;0
04-05-2009 04:28;0;0
04-05-2009 04:29;100;0
04-05-2009 04:30;0;0
04-05-2009 04:31;4;0
04-05-2009 04:32;2;0
04-05-2009 04:33;0;0
04-05-2009 04:34;0;0
04-05-2009 04:35;0;0
04-05-2009 04:36;12;0
04-05-2009 04:37;0;0
04-05-2009 04:38;7;0
04-05-2009 04:39;0;0
04-05-2009 04:40;61;0
04-05-2009 04:41;5;0
04-05-2009 04:42;2;0
04-05-2009 04:43;0;0
04-05-2009 04:44;11;0
04-05-2009 04:45;2;0
04-05-2009 04:46;24;0
04-05-2009 04:47;0;0
04-05-2009 04:48;0;0
04-05-2009 04:49;18;0
04-05-2009 04:50;10;0
04-05-2009 04:51;0;0
04-05-2009 04:52;5;0
04-05-2009 04:53;0;0
04-05-2009 04:54;0;0
04-05-2009 04:55;0;0
04-05-2009 04:56;0;0
04-05-2009 04:57;0;0
04-05-2009 04:58;292;0
04-05-2009 04:59;111;0
04-05-2009 05:00;0;0
04-05-2009 05:01;18;0
04-05-2009 05:02;17;0
04-05-2009 05:03;0;0
04-05-2009 05:04;2;0
04-05-2009 05:05;0;0
04-05-2009 05:06;487;0
04-05-2009 05:07;0;0
04-05-2009 05:08;42;0
04-05-2009 05:09;0;0
04-05-2009 05:10;0;0
04-05-2009 05:11;0;0
04-05-2009 05:12;0;0
04-05-2009 05:13;81;0
04-05-2009 05:14;32;0
04-05-2009 05:15;0;0
04-05-2009 05:16;9;0
04-05-2009 05:17;225;0
04-05-2009 05:18;61;0
04-05-2009 05:19;0;0
04-05-2009 05:20;0;0
04-05-2009 05:21;0;0
04-05-2009 05:22;0;0
04-05-2009 05:23;0;0
04-05-2009 05:24;0;0
04-05-2009 05:25;0;0
04-05-2009 05:26;0;0
04-05-2009 05:27;0;0
04-05-2009 05:28;0;0
04-05-2009 05:29;0;0
04-05-2009 05:30;0;0
04-05-2009 05:31;0;0
04-05-2009 05:32;0;0
04-05-2009 05:33;0;0
04-05-2009 05:34;0;0
04-05-2009 05:35;0;0
04-05-2009 05:36;0;0
04-05-2009 05:37;0;0
04-05-2009 05:38;0;0
04-05-2009 05:39;155;0
04-05-2009 05:40;283;0
04-05-2009 05:41;11;0
04-05-2009 05:42;0;0
04-05-2009 05:43;167;0
04-05-2009 05:44;115;0
04-05-2009 05:45;5;0
04-05-2009 05:46;0;0
04-05-2009 05:47;5;0
04-05-2009 05:48;3;0
04-05-2009 05:49;115;0
04-05-2009 05:50;92;0
04-05-2009 05:51;78;0
04-05-2009 05:52;111;0
04-05-2009 05:53;0;0
04-05-2009 05:54;342;0
04-05-2009 05:55;0;0
04-05-2009 05:56;141;0
04-05-2009 05:57;3;0
04-05-2009 05:58;89;0
04-05-2009 05:59;72;0
04-05-2009 06:00;9;0
04-05-2009 06:01;7;0
04-05-2009 06:02;9;0
04-05-2009 06:03;7;0
04-05-2009 06:04;155;0
04-05-2009 06:05;27;0
04-05-2009 06:06;9;0
04-05-2009 06:07;8;0
04-05-2009 06:08;9;0
04-05-2009 06:09;107;0
04-05-2009 06:10;27;0
04-05-2009 06:11;115;0
04-05-2009 06:12;472;0
04-05-2009 06:13;0;0
04-05-2009 06:14;0;0
04-05-2009 06:15;161;0
04-05-2009 06:16;247;0
04-05-2009 06:17;0;0
04-05-2009 06:18;0;0
04-05-2009 06:19;0;0
04-05-2009 06:20;0;0
04-05-2009 06:21;0;0
04-05-2009 06:22;0;0
04-05-2009 06:23;69;0
04-05-2009 06:24;20;0
04-05-2009 06:25;47;0
04-05-2009 06:26;0;0
04-05-2009 06:27;0;0
04-05-2009 06:28;537;0
04-05-2009 06:29;572;0
04-05-2009 06:30;834;1
04-05-2009 06:31;247;0
04-05-2009 06:32;365;0
04-05-2009 06:33;132;0
04-05-2009 06:34;629;0
04-05-2009 06:35;247;0
04-05-2009 06:36;122;0
04-05-2009 06:37;311;0
04-05-2009 06:38;240;0
04-05-2009 06:39;487;0
04-05-2009 06:40;0;0
04-05-2009 06:41;0;0
04-05-2009 06:42;0;0
04-05-2009 06:43;0;0
04-05-2009 06:44;0;0
04-05-2009 06:45;0;0
04-05-2009 06:46;3;0
04-05-2009 06:47;0;0
04-05-2009 06:48;0;0
04-05-2009 06:49;0;0
04-05-2009 06:50;0;0
04-05-2009 06:51;0;0
04-05-2009 06:52;0;0
04-05-2009 06:53;0;0
04-05-2009 06:54;0;0
04-05-2009 06:55;0;0
04-05-2009 06:56;0;0
04-05-2009 06:57;0;0
04-05-2009 06:58;0;0
04-05-2009 06:59;0;0
04-05-2009 07:00;0;0
04-05-2009 07:01;0;0
04-05-2009 07:02;0;0
04-05-2009 07:03;0;0
04-05-2009 07:04;141;0
04-05-2009 07:05;0;0
04-05-2009 07:06;0;0
04-05-2009 07:07;390;0
04-05-2009 07:08;2;0
04-05-2009 07:09;83;0
04-05-2009 07:10;2;0
04-05-2009 07:11;36;0
04-05-2009 07:12;0;0
04-05-2009 07:13;225;0
04-05-2009 07:14;2;0
04-05-2009 07:15;78;0
04-05-2009 07:16;27;0
04-05-2009 07:17;0;0
04-05-2009 07:18;0;0
04-05-2009 07:19;0;0
04-05-2009 07:20;0;0
04-05-2009 07:21;0;0
04-05-2009 07:22;0;0
04-05-2009 07:23;0;0
04-05-2009 07:24;0;0
04-05-2009 07:25;0;0
04-05-2009 07:26;0;0
04-05-2009 07:27;0;0
04-05-2009 07:28;0;0
04-05-2009 07:29;0;0
04-05-2009 07:30;0;0
04-05-2009 07:31;0;0
04-05-2009 07:32;0;0
04-05-2009 07:33;0;0
04-05-2009 07:34;0;0
04-05-2009 07:35;0;0
04-05-2009 07:36;55;0
04-05-2009 07:37;354;0
04-05-2009 07:38;2;0
04-05-2009 07:39;0;0
04-05-2009 07:40;197;0
04-05-2009 07:41;5;0
04-05-2009 07:42;0;0
04-05-2009 07:43;0;0
04-05-2009 07:44;127;0
04-05-2009 07:45;20;0
04-05-2009 07:46;10;0
04-05-2009 07:47;21;0
04-05-2009 07:48;0;0
04-05-2009 07:49;0;0
04-05-2009 07:50;78;0
04-05-2009 07:51;155;0
04-05-2009 07:52;184;0
04-05-2009 07:53;210;0
04-05-2009 07:54;0;0
04-05-2009 07:55;225;0
04-05-2009 07:56;0;0
04-05-2009 07:57;0;0
04-05-2009 07:58;0;0
04-05-2009 07:59;0;0
04-05-2009 08:00;232;0
04-05-2009 08:01;0;0
04-05-2009 08:02;0;0
04-05-2009 08:03;4;0
04-05-2009 08:04;0;0
04-05-2009 08:05;7;0
04-05-2009 08:06;0;0
04-05-2009 08:07;332;0
04-05-2009 08:08;9;0
04-05-2009 08:09;0;0
04-05-2009 08:10;55;0
04-05-2009 08:11;0;0
04-05-2009 08:12;19;0
04-05-2009 08:13;0;0
04-05-2009 08:14;173;0
04-05-2009 08:15;321;0
04-05-2009 08:16;0;0
04-05-2009 08:17;178;0
04-05-2009 08:18;365;0
04-05-2009 08:19;55;0
04-05-2009 08:20;0;0
04-05-2009 08:21;0;0
04-05-2009 08:22;141;0
04-05-2009 08:23;96;0
04-05-2009 08:24;572;0
04-05-2009 08:25;669;0
04-05-2009 08:26;759;0
04-05-2009 08:27;240;0
04-05-2009 08:28;204;0
04-05-2009 08:29;191;0
04-05-2009 08:30;311;0
04-05-2009 08:31;161;0
04-05-2009 08:32;629;0
04-05-2009 08:33;520;0
04-05-2009 08:34;1107;1
04-05-2009 08:35;44;0
04-05-2009 08:36;100;0
04-05-2009 08:37;311;0
04-05-2009 08:38;332;0
04-05-2009 08:39;265;0
04-05-2009 08:40;265;0
04-05-2009 08:41;69;0
04-05-2009 08:42;36;0
04-05-2009 08:43;100;0
04-05-2009 08:44;69;0
04-05-2009 08:45;75;0
04-05-2009 08:46;32;0
04-05-2009 08:47;122;0
04-05-2009 08:48;81;0
04-05-2009 08:49;25;0
04-05-2009 08:50;321;0
04-05-2009 08:51;46;0
04-05-2009 08:52;66;0
04-05-2009 08:53;100;0
04-05-2009 08:54;103;0
04-05-2009 08:55;122;0
04-05-2009 08:56;204;0
04-05-2009 08:57;46;0
04-05-2009 08:58;173;0
04-05-2009 08:59;217;0
04-05-2009 09:00;115;0
04-05-2009 09:01;457;0
04-05-2009 09:02;457;0
04-05-2009 09:03;332;0
04-05-2009 09:04;256;0
04-05-2009 09:05;27;0
04-05-2009 09:06;151;0
04-05-2009 09:07;51;0
04-05-2009 09:08;0;0
04-05-2009 09:09;29;0
04-05-2009 09:10;107;0
04-05-2009 09:11;10;0
04-05-2009 09:12;51;0
04-05-2009 09:13;155;0
04-05-2009 09:14;321;0
04-05-2009 09:15;917;1
04-05-2009 09:16;100;0
04-05-2009 09:17;390;0
04-05-2009 09:18;155;0
04-05-2009 09:19;167;0
04-05-2009 09:20;40;0
04-05-2009 09:21;240;0
04-05-2009 09:22;256;0
04-05-2009 09:23;27;0
04-05-2009 09:24;225;0
04-05-2009 09:25;354;0
04-05-2009 09:26;443;0
04-05-2009 09:27;137;0
04-05-2009 09:28;83;0
04-05-2009 09:29;167;0
04-05-2009 09:30;402;0
04-05-2009 09:31;590;0
04-05-2009 09:32;75;0
04-05-2009 09:33;0;0
04-05-2009 09:34;184;0
04-05-2009 09:35;92;0
04-05-2009 09:36;100;0
04-05-2009 09:37;167;0
04-05-2009 09:38;273;0
04-05-2009 09:39;217;0
04-05-2009 09:40;49;0
04-05-2009 09:41;167;0
04-05-2009 09:42;161;0
04-05-2009 09:43;232;0
04-05-2009 09:44;225;0
04-05-2009 09:45;321;0
04-05-2009 09:46;127;0
04-05-2009 09:47;96;0
04-05-2009 09:48;390;0
04-05-2009 09:49;51;0
04-05-2009 09:50;132;0
04-05-2009 09:51;132;0
04-05-2009 09:52;342;0
04-05-2009 09:53;225;0
04-05-2009 09:54;59;0
04-05-2009 09:55;332;0
04-05-2009 09:56;649;0
04-05-2009 09:57;691;0
04-05-2009 09:58;377;0
04-05-2009 09:59;311;0
04-05-2009 10:00;51;0
04-05-2009 10:01;47;0
04-05-2009 10:02;21;0
04-05-2009 10:03;302;0
04-05-2009 10:04;946;1
04-05-2009 10:05;132;0
04-05-2009 10:06;25;0
04-05-2009 10:07;7;0
04-05-2009 10:08;4;0
04-05-2009 10:09;415;0
04-05-2009 10:10;713;0
04-05-2009 10:11;1294;1
04-05-2009 10:12;472;0
04-05-2009 10:13;247;0
04-05-2009 10:14;457;0
04-05-2009 10:15;1107;1
04-05-2009 10:16;669;0
04-05-2009 10:17;487;0
04-05-2009 10:18;225;0
04-05-2009 10:19;155;0
04-05-2009 10:20;86;0
04-05-2009 10:21;283;0
04-05-2009 10:22;61;0
04-05-2009 10:23;75;0
04-05-2009 10:24;155;0
04-05-2009 10:25;155;0
04-05-2009 10:26;141;0
04-05-2009 10:27;232;0
04-05-2009 10:28;204;0
04-05-2009 10:29;44;0
04-05-2009 10:30;46;0
04-05-2009 10:31;86;0
04-05-2009 10:32;217;0
04-05-2009 10:33;217;0
04-05-2009 10:34;590;0
04-05-2009 10:35;537;0
04-05-2009 10:36;472;0
04-05-2009 10:37;61;0
04-05-2009 10:38;204;0
04-05-2009 10:39;283;0
04-05-2009 10:40;311;0
04-05-2009 10:41;321;0
04-05-2009 10:42;197;0
04-05-2009 10:43;197;0
04-05-2009 10:44;72;0
04-05-2009 10:45;197;0
04-05-2009 10:46;572;0
04-05-2009 10:47;520;0
04-05-2009 10:48;55;0
04-05-2009 10:49;2;0
04-05-2009 10:50;132;0
04-05-2009 10:51;78;0
04-05-2009 10:52;72;0
04-05-2009 10:53;64;0
04-05-2009 10:54;61;0
04-05-2009 10:55;44;0
04-05-2009 10:56;107;0
04-05-2009 10:57;184;0
04-05-2009 10:58;24;0
04-05-2009 10:59;9;0
04-05-2009 11:00;127;0
04-05-2009 11:01;59;0
04-05-2009 11:02;55;0
04-05-2009 11:03;34;0
04-05-2009 11:04;119;0
04-05-2009 11:05;127;0
04-05-2009 11:06;75;0
04-05-2009 11:07;457;0
04-05-2009 11:08;122;0
04-05-2009 11:09;115;0
04-05-2009 11:10;184;0
04-05-2009 11:11;377;0
04-05-2009 11:12;332;0
04-05-2009 11:13;609;0
04-05-2009 11:14;0;0
04-05-2009 11:15;0;0
04-05-2009 11:16;0;0
04-05-2009 11:17;0;0
04-05-2009 11:18;0;0
04-05-2009 11:19;0;0
04-05-2009 11:20;2;0
04-05-2009 11:21;0;0
04-05-2009 11:22;0;0
04-05-2009 11:23;0;0
04-05-2009 11:24;649;0
04-05-2009 11:25;1179;1
04-05-2009 11:26;1008;1
04-05-2009 11:27;1660;1
04-05-2009 11:28;1609;1
04-05-2009 11:29;1560;1
04-05-2009 11:30;1143;1
04-05-2009 11:31;736;0
04-05-2009 11:32;0;0
04-05-2009 11:33;390;0
04-05-2009 11:34;669;0
04-05-2009 11:35;443;0
04-05-2009 11:36;572;0
04-05-2009 11:37;342;0
04-05-2009 11:38;232;0
04-05-2009 11:39;184;0
04-05-2009 11:40;759;0
04-05-2009 11:41;713;0
04-05-2009 11:42;204;0
04-05-2009 11:43;115;0
04-05-2009 11:44;137;0
04-05-2009 11:45;151;0
04-05-2009 11:46;42;0
04-05-2009 11:47;44;0
04-05-2009 11:48;10;0
04-05-2009 11:49;34;0
04-05-2009 11:50;0;0
04-05-2009 11:51;5;0
04-05-2009 11:52;247;0
04-05-2009 11:53;736;0
04-05-2009 11:54;137;0
04-05-2009 11:55;83;0
04-05-2009 11:56;42;0
04-05-2009 11:57;146;0
04-05-2009 11:58;8;0
04-05-2009 11:59;72;0
04-05-2009 12:00;365;0
04-05-2009 12:01;247;0
04-05-2009 12:02;292;0
04-05-2009 12:03;537;0
04-05-2009 12:04;342;0
04-05-2009 12:05;472;0
04-05-2009 12:06;332;0
04-05-2009 12:07;167;0
04-05-2009 12:08;78;0
04-05-2009 12:09;173;0
04-05-2009 12:10;100;0
04-05-2009 12:11;204;0
04-05-2009 12:12;103;0
04-05-2009 12:13;38;0
04-05-2009 12:14;64;0
04-05-2009 12:15;321;0
04-05-2009 12:16;210;0
04-05-2009 12:17;47;0
04-05-2009 12:18;7;0
04-05-2009 12:19;107;0
04-05-2009 12:20;265;0
04-05-2009 12:21;36;0
04-05-2009 12:22;2;0
04-05-2009 12:23;46;0
04-05-2009 12:24;15;0
04-05-2009 12:25;25;0
04-05-2009 12:26;132;0
04-05-2009 12:27;27;0
04-05-2009 12:28;86;0
04-05-2009 12:29;127;0
04-05-2009 12:30;28;0
04-05-2009 12:31;197;0
04-05-2009 12:32;64;0
04-05-2009 12:33;107;0
04-05-2009 12:34;75;0
04-05-2009 12:35;256;0
04-05-2009 12:36;151;0
04-05-2009 12:37;265;0
04-05-2009 12:38;42;0
04-05-2009 12:39;40;0
04-05-2009 12:40;61;0
04-05-2009 12:41;26;0
04-05-2009 12:42;28;0
04-05-2009 12:43;36;0
04-05-2009 12:44;487;0
04-05-2009 12:45;354;0
04-05-2009 12:46;415;0
04-05-2009 12:47;946;1
04-05-2009 12:48;736;0
04-05-2009 12:49;443;0
04-05-2009 12:50;311;0
04-05-2009 12:51;736;0
04-05-2009 12:52;977;1
04-05-2009 12:53;1294;1
04-05-2009 12:54;1335;1
04-05-2009 12:55;1512;1
04-05-2009 12:56;151;0
04-05-2009 12:57;1660;1
04-05-2009 12:58;1766;1
04-05-2009 12:59;1660;1
04-05-2009 13:00;946;1
04-05-2009 13:01;1107;1
04-05-2009 13:02;537;0
04-05-2009 13:03;572;0
04-05-2009 13:04;691;0
04-05-2009 13:05;649;0
04-05-2009 13:06;554;0
04-05-2009 13:07;554;0
04-05-2009 13:08;443;0
04-05-2009 13:09;649;0
04-05-2009 13:10;520;0
04-05-2009 13:11;365;0
04-05-2009 13:12;629;0
04-05-2009 13:13;649;0
04-05-2009 13:14;713;0
04-05-2009 13:15;609;0
04-05-2009 13:16;487;0
04-05-2009 13:17;137;0
04-05-2009 13:18;311;0
04-05-2009 13:19;53;0
04-05-2009 13:20;0;0
04-05-2009 13:21;161;0
04-05-2009 13:22;390;0
04-05-2009 13:23;103;0
04-05-2009 13:24;273;0
04-05-2009 13:25;457;0
04-05-2009 13:26;1421;1
04-05-2009 13:27;1466;1
04-05-2009 13:28;1609;1
04-05-2009 13:29;1609;1
04-05-2009 13:30;1660;1
04-05-2009 13:31;1560;1
04-05-2009 13:32;1378;1
04-05-2009 13:33;1560;1
04-05-2009 13:34;1609;1
04-05-2009 13:35;1660;1
04-05-2009 13:36;1766;1
04-05-2009 13:37;1609;1
04-05-2009 13:38;1560;1
04-05-2009 13:39;1609;1
04-05-2009 13:40;1560;1
04-05-2009 13:41;1660;1
04-05-2009 13:42;1609;1
04-05-2009 13:43;1609;1
04-05-2009 13:44;1660;1
04-05-2009 13:45;809;0
04-05-2009 13:46;554;0
04-05-2009 13:47;96;0
04-05-2009 13:48;0;0
04-05-2009 13:49;0;0
04-05-2009 13:50;2;0
04-05-2009 13:51;2;0
04-05-2009 13:52;19;0
04-05-2009 13:53;0;0
04-05-2009 13:54;0;0
04-05-2009 13:55;0;0
04-05-2009 13:56;2;0
04-05-2009 13:57;2;0
04-05-2009 13:58;2;0
04-05-2009 13:59;2;0
04-05-2009 14:00;2;0
04-05-2009 14:01;2;0
04-05-2009 14:02;2;0
04-05-2009 14:03;0;0
04-05-2009 14:04;0;0
04-05-2009 14:05;0;0
04-05-2009 14:06;0;0
04-05-2009 14:07;0;0
04-05-2009 14:08;0;0
04-05-2009 14:09;0;0
04-05-2009 14:10;0;0
04-05-2009 14:11;0;0
04-05-2009 14:12;0;0
04-05-2009 14:13;0;0
04-05-2009 14:14;3;0
04-05-2009 14:15;0;0
04-05-2009 14:16;0;0
04-05-2009 14:17;0;0
04-05-2009 14:18;0;0
04-05-2009 14:19;0;0
04-05-2009 14:20;0;0
04-05-2009 14:21;0;0
04-05-2009 14:22;0;0
04-05-2009 14:23;0;0
04-05-2009 14:24;0;0
04-05-2009 14:25;0;0
04-05-2009 14:26;0;0
04-05-2009 14:27;0;0
04-05-2009 14:28;0;0
04-05-2009 14:29;0;0
04-05-2009 14:30;0;0
04-05-2009 14:31;0;0
04-05-2009 14:32;0;0
04-05-2009 14:33;0;0
04-05-2009 14:34;0;0
04-05-2009 14:35;0;0
04-05-2009 14:36;0;0
04-05-2009 14:37;0;0
04-05-2009 14:38;0;0
04-05-2009 14:39;0;0
04-05-2009 14:40;0;0
04-05-2009 14:41;0;0
04-05-2009 14:42;0;0
04-05-2009 14:43;0;0
04-05-2009 14:44;0;0
04-05-2009 14:45;0;0
04-05-2009 14:46;0;0
04-05-2009 14:47;0;0
04-05-2009 14:48;0;0
04-05-2009 14:49;0;0
04-05-2009 14:50;0;0
04-05-2009 14:51;0;0
04-05-2009 14:52;0;0
04-05-2009 14:53;0;0
04-05-2009 14:54;0;0
04-05-2009 14:55;0;0
04-05-2009 14:56;0;0
04-05-2009 14:57;0;0
04-05-2009 14:58;0;0
04-05-2009 14:59;0;0
04-05-2009 15:00;0;0
04-05-2009 15:01;0;0
04-05-2009 15:02;3;0
04-05-2009 15:03;0;0
04-05-2009 15:04;0;0
04-05-2009 15:05;0;0
04-05-2009 15:06;0;0
04-05-2009 15:07;0;0
04-05-2009 15:08;0;0
04-05-2009 15:09;0;0
04-05-2009 15:10;0;0
04-05-2009 15:11;0;0
04-05-2009 15:12;0;0
04-05-2009 15:13;0;0
04-05-2009 15:14;0;0
04-05-2009 15:15;0;0
04-05-2009 15:16;0;0
04-05-2009 15:17;0;0
04-05-2009 15:18;0;0
04-05-2009 15:19;0;0
04-05-2009 15:20;0;0
04-05-2009 15:21;0;0
04-05-2009 15:22;0;0
04-05-2009 15:23;0;0
04-05-2009 15:24;0;0
04-05-2009 15:25;0;0
04-05-2009 15:26;0;0
04-05-2009 15:27;0;0
04-05-2009 15:28;0;0
04-05-2009 15:29;0;0
04-05-2009 15:30;0;0
04-05-2009 15:31;0;0
04-05-2009 15:32;0;0
04-05-2009 15:33;0;0
04-05-2009 15:34;0;0
04-05-2009 15:35;0;0
04-05-2009 15:36;0;0
04-05-2009 15:37;0;0
04-05-2009 15:38;0;0
04-05-2009 15:39;0;0
04-05-2009 15:40;0;0
04-05-2009 15:41;0;0
04-05-2009 15:42;0;0
04-05-2009 15:43;0;0
04-05-2009 15:44;0;0
04-05-2009 15:45;0;0
04-05-2009 15:46;0;0
04-05-2009 15:47;0;0
04-05-2009 15:48;0;0
04-05-2009 15:49;0;0
04-05-2009 15:50;0;0
04-05-2009 15:51;0;0
04-05-2009 15:52;0;0
04-05-2009 15:53;0;0
04-05-2009 15:54;0;0
04-05-2009 15:55;0;0
04-05-2009 15:56;0;0
04-05-2009 15:57;0;0
04-05-2009 15:58;0;0
04-05-2009 15:59;0;0
04-05-2009 16:00;0;0
04-05-2009 16:01;0;0
04-05-2009 16:02;0;0
04-05-2009 16:03;0;0
04-05-2009 16:04;0;0
04-05-2009 16:05;0;0
04-05-2009 16:06;0;0
04-05-2009 16:07;0;0
04-05-2009 16:08;0;0
04-05-2009 16:09;0;0
04-05-2009 16:10;0;0
04-05-2009 16:11;0;0
04-05-2009 16:12;0;0
04-05-2009 16:13;0;0
04-05-2009 16:14;0;0
04-05-2009 16:15;0;0
04-05-2009 16:16;0;0
04-05-2009 16:17;0;0
04-05-2009 16:18;0;0
04-05-2009 16:19;0;0
04-05-2009 16:20;0;0
04-05-2009 16:21;0;0
04-05-2009 16:22;0;0
04-05-2009 16:23;0;0
04-05-2009 16:24;0;0
04-05-2009 16:25;0;0
04-05-2009 16:26;0;0
04-05-2009 16:27;0;0
04-05-2009 16:28;0;0
04-05-2009 16:29;0;0
04-05-2009 16:30;0;0
04-05-2009 16:31;0;0
04-05-2009 16:32;0;0
04-05-2009 16:33;0;0
04-05-2009 16:34;0;0
04-05-2009 16:35;0;0
04-05-2009 16:36;0;0
04-05-2009 16:37;0;0
04-05-2009 16:38;0;0
04-05-2009 16:39;0;0
04-05-2009 16:40;0;0
04-05-2009 16:41;0;0
04-05-2009 16:42;0;0
04-05-2009 16:43;0;0
04-05-2009 16:44;0;0
04-05-2009 16:45;0;0
04-05-2009 16:46;0;0
04-05-2009 16:47;0;0
04-05-2009 16:48;0;0
04-05-2009 16:49;0;0
04-05-2009 16:50;0;0
04-05-2009 16:51;0;0
04-05-2009 16:52;0;0
04-05-2009 16:53;0;0
04-05-2009 16:54;0;0
04-05-2009 16:55;0;0
04-05-2009 16:56;0;0
04-05-2009 16:57;0;0
04-05-2009 16:58;0;0
04-05-2009 16:59;0;0
04-05-2009 17:00;0;0
04-05-2009 17:01;0;0
04-05-2009 17:02;0;0
04-05-2009 17:03;0;0
04-05-2009 17:04;0;0
04-05-2009 17:05;0;0
04-05-2009 17:06;0;0
04-05-2009 17:07;0;0
04-05-2009 17:08;0;0
04-05-2009 17:09;0;0
04-05-2009 17:10;0;0
04-05-2009 17:11;0;0
04-05-2009 17:12;0;0
04-05-2009 17:13;0;0
04-05-2009 17:14;0;0
04-05-2009 17:15;0;0
04-05-2009 17:16;0;0
04-05-2009 17:17;0;0
04-05-2009 17:18;0;0
04-05-2009 17:19;0;0
04-05-2009 17:20;0;0
04-05-2009 17:21;0;0
04-05-2009 17:22;0;0
04-05-2009 17:23;0;0
04-05-2009 17:24;0;0
04-05-2009 17:25;0;0
04-05-2009 17:26;0;0
04-05-2009 17:27;0;0
04-05-2009 17:28;0;0
04-05-2009 17:29;0;0
04-05-2009 17:30;0;0
04-05-2009 17:31;0;0
04-05-2009 17:32;0;0
04-05-2009 17:33;0;0
04-05-2009 17:34;0;0
04-05-2009 17:35;0;0
04-05-2009 17:36;0;0
04-05-2009 17:37;0;0
04-05-2009 17:38;0;0
04-05-2009 17:39;0;0
04-05-2009 17:40;0;0
04-05-2009 17:41;0;0
04-05-2009 17:42;0;0
04-05-2009 17:43;0;0
04-05-2009 17:44;0;0
04-05-2009 17:45;0;0
04-05-2009 17:46;0;0
04-05-2009 17:47;0;0
04-05-2009 17:48;0;0
04-05-2009 17:49;0;0
04-05-2009 17:50;0;0
04-05-2009 17:51;0;0
04-05-2009 17:52;0;0
04-05-2009 17:53;0;0
04-05-2009 17:54;0;0
04-05-2009 17:55;0;0
04-05-2009 17:56;0;0
04-05-2009 17:57;0;0
04-05-2009 17:58;0;0
04-05-2009 17:59;0;0
04-05-2009 18:00;0;0
04-05-2009 18:01;0;0
04-05-2009 18:02;0;0
04-05-2009 18:03;0;0
04-05-2009 18:04;0;0
04-05-2009 18:05;0;0
04-05-2009 18:06;0;0
04-05-2009 18:07;0;0
04-05-2009 18:08;0;0
04-05-2009 18:09;0;0
04-05-2009 18:10;0;0
04-05-2009 18:11;0;0
04-05-2009 18:12;0;0
04-05-2009 18:13;0;0
04-05-2009 18:14;0;0
04-05-2009 18:15;0;0
04-05-2009 18:16;0;0
04-05-2009 18:17;0;0
04-05-2009 18:18;0;0
04-05-2009 18:19;0;0
04-05-2009 18:20;0;0
04-05-2009 18:21;0;0
04-05-2009 18:22;0;0
04-05-2009 18:23;0;0
04-05-2009 18:24;0;0
04-05-2009 18:25;0;0
04-05-2009 18:26;0;0
04-05-2009 18:27;0;0
04-05-2009 18:28;0;0
04-05-2009 18:29;0;0
04-05-2009 18:30;0;0
04-05-2009 18:31;0;0
04-05-2009 18:32;0;0
04-05-2009 18:33;0;0
04-05-2009 18:34;0;0
04-05-2009 18:35;0;0
04-05-2009 18:36;0;0
04-05-2009 18:37;0;0
04-05-2009 18:38;0;0
04-05-2009 18:39;0;0
04-05-2009 18:40;0;0
04-05-2009 18:41;0;0
04-05-2009 18:42;0;0
04-05-2009 18:43;0;0
04-05-2009 18:44;0;0
04-05-2009 18:45;0;0
04-05-2009 18:46;0;0
04-05-2009 18:47;0;0
04-05-2009 18:48;0;0
04-05-2009 18:49;0;0
04-05-2009 18:50;0;0
04-05-2009 18:51;0;0
04-05-2009 18:52;0;0
04-05-2009 18:53;0;0
04-05-2009 18:54;0;0
04-05-2009 18:55;0;0
04-05-2009 18:56;0;0
04-05-2009 18:57;0;0
04-05-2009 18:58;0;0
04-05-2009 18:59;0;0
04-05-2009 19:00;0;0
04-05-2009 19:01;0;0
04-05-2009 19:02;0;0
04-05-2009 19:03;0;0
04-05-2009 19:04;0;0
04-05-2009 19:05;0;0
04-05-2009 19:06;0;0
04-05-2009 19:07;0;0
04-05-2009 19:08;0;0
04-05-2009 19:09;0;0
04-05-2009 19:10;0;0
04-05-2009 19:11;0;0
04-05-2009 19:12;0;0
04-05-2009 19:13;0;0
04-05-2009 19:14;0;0
04-05-2009 19:15;0;0
04-05-2009 19:16;0;0
04-05-2009 19:17;0;0
04-05-2009 19:18;0;0
04-05-2009 19:19;0;0
04-05-2009 19:20;0;0
04-05-2009 19:21;0;0
04-05-2009 19:22;0;0
04-05-2009 19:23;0;0
04-05-2009 19:24;0;0
04-05-2009 19:25;0;0
04-05-2009 19:26;0;0
04-05-2009 19:27;0;0
04-05-2009 19:28;0;0
04-05-2009 19:29;0;0
04-05-2009 19:30;0;0
04-05-2009 19:31;0;0
04-05-2009 19:32;0;0
04-05-2009 19:33;0;0
04-05-2009 19:34;0;0
04-05-2009 19:35;0;0
04-05-2009 19:36;0;0
04-05-2009 19:37;0;0
04-05-2009 19:38;0;0
04-05-2009 19:39;0;0
04-05-2009 19:40;0;0
04-05-2009 19:41;0;0
04-05-2009 19:42;0;0
04-05-2009 19:43;0;0
04-05-2009 19:44;3;0
04-05-2009 19:45;0;0
04-05-2009 19:46;66;0
04-05-2009 19:47;0;0
04-05-2009 19:48;0;0
04-05-2009 19:49;0;0
04-05-2009 19:50;0;0
04-05-2009 19:51;0;0
04-05-2009 19:52;0;0
04-05-2009 19:53;197;0
04-05-2009 19:54;0;0
04-05-2009 19:55;0;0
04-05-2009 19:56;0;0
04-05-2009 19:57;0;0
04-05-2009 19:58;0;0
04-05-2009 19:59;0;0
04-05-2009 20:00;0;0
04-05-2009 20:01;0;0
04-05-2009 20:02;0;0
04-05-2009 20:03;0;0
04-05-2009 20:04;0;0
04-05-2009 20:05;0;0
04-05-2009 20:06;0;0
04-05-2009 20:07;0;0
04-05-2009 20:08;0;0
04-05-2009 20:09;0;0
04-05-2009 20:10;0;0
04-05-2009 20:11;0;0
04-05-2009 20:12;0;0
04-05-2009 20:13;0;0
04-05-2009 20:14;0;0
04-05-2009 20:15;4;0
04-05-2009 20:16;0;0
04-05-2009 20:17;0;0
04-05-2009 20:18;0;0
04-05-2009 20:19;0;0
04-05-2009 20:20;0;0
04-05-2009 20:21;0;0
04-05-2009 20:22;0;0
04-05-2009 20:23;0;0
04-05-2009 20:24;0;0
04-05-2009 20:25;0;0
04-05-2009 20:26;0;0
04-05-2009 20:27;0;0
04-05-2009 20:28;0;0
04-05-2009 20:29;0;0
04-05-2009 20:30;0;0
04-05-2009 20:31;0;0
04-05-2009 20:32;0;0
04-05-2009 20:33;0;0
04-05-2009 20:34;0;0
04-05-2009 20:35;0;0
04-05-2009 20:36;0;0
04-05-2009 20:37;0;0
04-05-2009 20:38;0;0
04-05-2009 20:39;0;0
04-05-2009 20:40;0;0
04-05-2009 20:41;0;0
04-05-2009 20:42;0;0
04-05-2009 20:43;0;0
04-05-2009 20:44;0;0
04-05-2009 20:45;0;0
04-05-2009 20:46;0;0
04-05-2009 20:47;0;0
04-05-2009 20:48;0;0
04-05-2009 20:49;0;0
04-05-2009 20:50;0;0
04-05-2009 20:51;0;0
04-05-2009 20:52;0;0
04-05-2009 20:53;0;0
04-05-2009 20:54;0;0
04-05-2009 20:55;0;0
04-05-2009 20:56;0;0
04-05-2009 20:57;0;0
04-05-2009 20:58;0;0
04-05-2009 20:59;0;0
04-05-2009 21:00;0;0
04-05-2009 21:01;0;0
04-05-2009 21:02;0;0
04-05-2009 21:03;0;0
04-05-2009 21:04;96;0
04-05-2009 21:05;0;0
04-05-2009 21:06;0;0
04-05-2009 21:07;0;0
04-05-2009 21:08;0;0
04-05-2009 21:09;0;0
04-05-2009 21:10;3;0
04-05-2009 21:11;23;0
04-05-2009 21:12;0;0
04-05-2009 21:13;0;0
04-05-2009 21:14;0;0
04-05-2009 21:15;0;0
04-05-2009 21:16;0;0
04-05-2009 21:17;0;0
04-05-2009 21:18;0;0
04-05-2009 21:19;0;0
04-05-2009 21:20;0;0
04-05-2009 21:21;0;0
04-05-2009 21:22;0;0
04-05-2009 21:23;0;0
04-05-2009 21:24;0;0
04-05-2009 21:25;0;0
04-05-2009 21:26;0;0
04-05-2009 21:27;0;0
04-05-2009 21:28;0;0
04-05-2009 21:29;0;0
04-05-2009 21:30;0;0
04-05-2009 21:31;0;0
04-05-2009 21:32;0;0
04-05-2009 21:33;0;0
04-05-2009 21:34;0;0
04-05-2009 21:35;0;0
04-05-2009 21:36;0;0
04-05-2009 21:37;0;0
04-05-2009 21:38;0;0
04-05-2009 21:39;0;0
04-05-2009 21:40;0;0
04-05-2009 21:41;0;0
04-05-2009 21:42;321;0
04-05-2009 21:43;537;0
04-05-2009 21:44;572;0
04-05-2009 21:45;217;0
04-05-2009 21:46;119;0
04-05-2009 21:47;415;0
04-05-2009 21:48;457;0
04-05-2009 21:49;273;0
04-05-2009 21:50;429;0
04-05-2009 21:51;377;0
04-05-2009 21:52;61;0
04-05-2009 21:53;86;0
04-05-2009 21:54;83;0
04-05-2009 21:55;141;0
04-05-2009 21:56;151;0
04-05-2009 21:57;119;0
04-05-2009 21:58;83;0
04-05-2009 21:59;59;0
04-05-2009 22:00;75;0
04-05-2009 22:01;204;0
04-05-2009 22:02;96;0
04-05-2009 22:03;457;0
04-05-2009 22:04;292;0
04-05-2009 22:05;247;0
04-05-2009 22:06;27;0
04-05-2009 22:07;64;0
04-05-2009 22:08;225;0
04-05-2009 22:09;72;0
04-05-2009 22:10;127;0
04-05-2009 22:11;256;0
04-05-2009 22:12;342;0
04-05-2009 22:13;321;0
04-05-2009 22:14;151;0
04-05-2009 22:15;302;0
04-05-2009 22:16;377;0
04-05-2009 22:17;487;0
04-05-2009 22:18;487;0
04-05-2009 22:19;402;0
04-05-2009 22:20;311;0
04-05-2009 22:21;178;0
04-05-2009 22:22;365;0
04-05-2009 22:23;141;0
04-05-2009 22:24;342;0
04-05-2009 22:25;146;0
04-05-2009 22:26;66;0
04-05-2009 22:27;30;0
04-05-2009 22:28;210;0
04-05-2009 22:29;609;0
04-05-2009 22:30;457;0
04-05-2009 22:31;487;0
04-05-2009 22:32;1143;1
04-05-2009 22:33;64;0
04-05-2009 22:34;155;0
04-05-2009 22:35;256;0
04-05-2009 22:36;283;0
04-05-2009 22:37;232;0
04-05-2009 22:38;38;0
04-05-2009 22:39;15;0
04-05-2009 22:40;13;0
04-05-2009 22:41;0;0
04-05-2009 22:42;0;0
04-05-2009 22:43;161;0
04-05-2009 22:44;92;0
04-05-2009 22:45;19;0
04-05-2009 22:46;10;0
04-05-2009 22:47;0;0
04-05-2009 22:48;40;0
04-05-2009 22:49;167;0
04-05-2009 22:50;24;0
04-05-2009 22:51;127;0
04-05-2009 22:52;81;0
04-05-2009 22:53;72;0
04-05-2009 22:54;311;0
04-05-2009 22:55;503;0
04-05-2009 22:56;443;0
04-05-2009 22:57;178;0
04-05-2009 22:58;66;0
04-05-2009 22:59;61;0
04-05-2009 23:00;92;0
04-05-2009 23:01;64;0
04-05-2009 23:02;132;0
04-05-2009 23:03;72;0
04-05-2009 23:04;25;0
04-05-2009 23:05;0;0
04-05-2009 23:06;78;0
04-05-2009 23:07;292;0
04-05-2009 23:08;332;0
04-05-2009 23:09;26;0
04-05-2009 23:10;132;0
04-05-2009 23:11;137;0
04-05-2009 23:12;141;0
04-05-2009 23:13;354;0
04-05-2009 23:14;415;0
04-05-2009 23:15;861;1
04-05-2009 23:16;151;0
04-05-2009 23:17;167;0
04-05-2009 23:18;151;0
04-05-2009 23:19;225;0
04-05-2009 23:20;146;0
04-05-2009 23:21;472;0
04-05-2009 23:22;917;1
04-05-2009 23:23;691;0
04-05-2009 23:24;6;0
04-05-2009 23:25;55;0
04-05-2009 23:26;12;0
04-05-2009 23:27;321;0
04-05-2009 23:28;415;0
04-05-2009 23:29;9;0
04-05-2009 23:30;6;0
04-05-2009 23:31;0;0
04-05-2009 23:32;155;0
04-05-2009 23:33;86;0
04-05-2009 23:34;122;0
04-05-2009 23:35;0;0
04-05-2009 23:36;0;0
04-05-2009 23:37;256;0
04-05-2009 23:38;27;0
04-05-2009 23:39;92;0
04-05-2009 23:40;92;0
04-05-2009 23:41;111;0
04-05-2009 23:42;173;0
04-05-2009 23:43;69;0
04-05-2009 23:44;107;0
04-05-2009 23:45;256;0
04-05-2009 23:46;7;0
04-05-2009 23:47;0;0
04-05-2009 23:48;16;0
04-05-2009 23:49;247;0
04-05-2009 23:50;55;0
04-05-2009 23:51;59;0
04-05-2009 23:52;178;0
04-05-2009 23:53;302;0
04-05-2009 23:54;472;0
04-05-2009 23:55;247;0
04-05-2009 23:56;9;0
04-05-2009 23:57;443;0
04-05-2009 23:58;443;0
04-05-2009 23:59;17;0
04-06-2009 00:00;0;0
04-06-2009 00:01;342;0
04-06-2009 00:02;127;0
04-06-2009 00:03;122;0
04-06-2009 00:04;66;0
04-06-2009 00:05;217;0
04-06-2009 00:06;26;0
04-06-2009 00:07;12;0
04-06-2009 00:08;83;0
04-06-2009 00:09;28;0
04-06-2009 00:10;36;0
04-06-2009 00:11;42;0
04-06-2009 00:12;4;0
04-06-2009 00:13;17;0
04-06-2009 00:14;17;0
04-06-2009 00:15;247;0
04-06-2009 00:16;30;0
04-06-2009 00:17;184;0
04-06-2009 00:18;28;0
04-06-2009 00:19;292;0
04-06-2009 00:20;111;0
04-06-2009 00:21;22;0
04-06-2009 00:22;64;0
04-06-2009 00:23;75;0
04-06-2009 00:24;240;0
04-06-2009 00:25;377;0
04-06-2009 00:26;377;0
04-06-2009 00:27;377;0
04-06-2009 00:28;191;0
04-06-2009 00:29;72;0
04-06-2009 00:30;184;0
04-06-2009 00:31;342;0
04-06-2009 00:32;132;0
04-06-2009 00:33;5;0
04-06-2009 00:34;38;0
04-06-2009 00:35;26;0
04-06-2009 00:36;0;0
04-06-2009 00:37;40;0
04-06-2009 00:38;127;0
04-06-2009 00:39;137;0
04-06-2009 00:40;83;0
04-06-2009 00:41;29;0
04-06-2009 00:42;96;0
04-06-2009 00:43;167;0
04-06-2009 00:44;204;0
04-06-2009 00:45;217;0
04-06-2009 00:46;40;0
04-06-2009 00:47;38;0
04-06-2009 00:48;9;0
04-06-2009 00:49;18;0
04-06-2009 00:50;49;0
04-06-2009 00:51;520;0
04-06-2009 00:52;0;0
04-06-2009 00:53;151;0
04-06-2009 00:54;0;0
04-06-2009 00:55;13;0
04-06-2009 00:56;11;0
04-06-2009 00:57;38;0
04-06-2009 00:58;49;0
04-06-2009 00:59;22;0
04-06-2009 01:00;18;0
04-06-2009 01:01;21;0
04-06-2009 01:02;46;0
04-06-2009 01:03;0;0
04-06-2009 01:04;13;0
04-06-2009 01:05;40;0
04-06-2009 01:06;27;0
04-06-2009 01:07;32;0
04-06-2009 01:08;44;0
04-06-2009 01:09;11;0
04-06-2009 01:10;7;0
04-06-2009 01:11;23;0
04-06-2009 01:12;10;0
04-06-2009 01:13;30;0
04-06-2009 01:14;17;0
04-06-2009 01:15;23;0
04-06-2009 01:16;100;0
04-06-2009 01:17;81;0
04-06-2009 01:18;20;0
04-06-2009 01:19;72;0
04-06-2009 01:20;23;0
04-06-2009 01:21;5;0
04-06-2009 01:22;2;0
04-06-2009 01:23;14;0
04-06-2009 01:24;141;0
04-06-2009 01:25;47;0
04-06-2009 01:26;155;0
04-06-2009 01:27;178;0
04-06-2009 01:28;265;0
04-06-2009 01:29;55;0
04-06-2009 01:30;51;0
04-06-2009 01:31;161;0
04-06-2009 01:32;247;0
04-06-2009 01:33;155;0
04-06-2009 01:34;197;0
04-06-2009 01:35;332;0
04-06-2009 01:36;377;0
04-06-2009 01:37;247;0
04-06-2009 01:38;0;0
04-06-2009 01:39;30;0
04-06-2009 01:40;19;0
04-06-2009 01:41;122;0
04-06-2009 01:42;78;0
04-06-2009 01:43;103;0
04-06-2009 01:44;61;0
04-06-2009 01:45;51;0
04-06-2009 01:46;402;0
04-06-2009 01:47;232;0
04-06-2009 01:48;27;0
04-06-2009 01:49;115;0
04-06-2009 01:50;81;0
04-06-2009 01:51;240;0
04-06-2009 01:52;59;0
04-06-2009 01:53;232;0
04-06-2009 01:54;240;0
04-06-2009 01:55;377;0
04-06-2009 01:56;11;0
04-06-2009 01:57;69;0
04-06-2009 01:58;210;0
04-06-2009 01:59;32;0
04-06-2009 02:00;161;0
04-06-2009 02:01;402;0
04-06-2009 02:02;609;0
04-06-2009 02:03;66;0
04-06-2009 02:04;2;0
04-06-2009 02:05;2;0
04-06-2009 02:06;3;0
04-06-2009 02:07;217;0
04-06-2009 02:08;256;0
04-06-2009 02:09;520;0
04-06-2009 02:10;283;0
04-06-2009 02:11;81;0
04-06-2009 02:12;119;0
04-06-2009 02:13;311;0
04-06-2009 02:14;127;0
04-06-2009 02:15;27;0
04-06-2009 02:16;21;0
04-06-2009 02:17;0;0
04-06-2009 02:18;0;0
04-06-2009 02:19;0;0
04-06-2009 02:20;0;0
04-06-2009 02:21;0;0
04-06-2009 02:22;0;0
04-06-2009 02:23;0;0
04-06-2009 02:24;0;0
04-06-2009 02:25;141;0
04-06-2009 02:26;4;0
04-06-2009 02:27;34;0
04-06-2009 02:28;14;0
04-06-2009 02:29;0;0
04-06-2009 02:30;0;0
04-06-2009 02:31;0;0
04-06-2009 02:32;0;0
04-06-2009 02:33;0;0
04-06-2009 02:34;0;0
04-06-2009 02:35;0;0
04-06-2009 02:36;0;0
04-06-2009 02:37;0;0
04-06-2009 02:38;0;0
04-06-2009 02:39;0;0
04-06-2009 02:40;225;0
04-06-2009 02:41;0;0
04-06-2009 02:42;25;0
04-06-2009 02:43;0;0
04-06-2009 02:44;0;0
04-06-2009 02:45;0;0
04-06-2009 02:46;217;0
04-06-2009 02:47;273;0
04-06-2009 02:48;66;0
04-06-2009 02:49;75;0
04-06-2009 02:50;6;0
04-06-2009 02:51;122;0
04-06-2009 02:52;8;0
04-06-2009 02:53;2;0
04-06-2009 02:54;92;0
04-06-2009 02:55;0;0
04-06-2009 02:56;6;0
04-06-2009 02:57;4;0
04-06-2009 02:58;0;0
04-06-2009 02:59;8;0
04-06-2009 03:00;178;0
04-06-2009 03:01;13;0
04-06-2009 03:02;96;0
04-06-2009 03:03;8;0
04-06-2009 03:04;3;0
04-06-2009 03:05;57;0
04-06-2009 03:06;0;0
04-06-2009 03:07;0;0
04-06-2009 03:08;0;0
04-06-2009 03:09;0;0
04-06-2009 03:10;0;0
04-06-2009 03:11;0;0
04-06-2009 03:12;0;0
04-06-2009 03:13;0;0
04-06-2009 03:14;0;0
04-06-2009 03:15;0;0
04-06-2009 03:16;0;0
04-06-2009 03:17;0;0
04-06-2009 03:18;64;0
04-06-2009 03:19;0;0
04-06-2009 03:20;0;0
04-06-2009 03:21;0;0
04-06-2009 03:22;8;0
04-06-2009 03:23;0;0
04-06-2009 03:24;7;0
04-06-2009 03:25;0;0
04-06-2009 03:26;38;0
04-06-2009 03:27;0;0
04-06-2009 03:28;78;0
04-06-2009 03:29;9;0
04-06-2009 03:30;273;0
04-06-2009 03:31;2;0
04-06-2009 03:32;225;0
04-06-2009 03:33;0;0
04-06-2009 03:34;0;0
04-06-2009 03:35;66;0
04-06-2009 03:36;0;0
04-06-2009 03:37;2;0
04-06-2009 03:38;96;0
04-06-2009 03:39;2;0
04-06-2009 03:40;47;0
04-06-2009 03:41;13;0
04-06-2009 03:42;2;0
04-06-2009 03:43;0;0
04-06-2009 03:44;0;0
04-06-2009 03:45;0;0
04-06-2009 03:46;0;0
04-06-2009 03:47;0;0
04-06-2009 03:48;2;0
04-06-2009 03:49;0;0
04-06-2009 03:50;7;0
04-06-2009 03:51;0;0
04-06-2009 03:52;0;0
04-06-2009 03:53;15;0
04-06-2009 03:54;0;0
04-06-2009 03:55;89;0
04-06-2009 03:56;4;0
04-06-2009 03:57;0;0
04-06-2009 03:58;0;0
04-06-2009 03:59;38;0
04-06-2009 04:00;23;0
04-06-2009 04:01;0;0
04-06-2009 04:02;8;0
04-06-2009 04:03;9;0
04-06-2009 04:04;83;0
04-06-2009 04:05;100;0
04-06-2009 04:06;51;0
04-06-2009 04:07;137;0
04-06-2009 04:08;0;0
04-06-2009 04:09;0;0
04-06-2009 04:10;10;0
04-06-2009 04:11;122;0
04-06-2009 04:12;46;0
04-06-2009 04:13;137;0
04-06-2009 04:14;86;0
04-06-2009 04:15;2;0
04-06-2009 04:16;0;0
04-06-2009 04:17;0;0
04-06-2009 04:18;26;0
04-06-2009 04:19;240;0
04-06-2009 04:20;0;0
04-06-2009 04:21;0;0
04-06-2009 04:22;57;0
04-06-2009 04:23;30;0
04-06-2009 04:24;184;0
04-06-2009 04:25;377;0
04-06-2009 04:26;9;0
04-06-2009 04:27;0;0
04-06-2009 04:28;5;0
04-06-2009 04:29;24;0
04-06-2009 04:30;0;0
04-06-2009 04:31;161;0
04-06-2009 04:32;2;0
04-06-2009 04:33;0;0
04-06-2009 04:34;132;0
04-06-2009 04:35;0;0
04-06-2009 04:36;10;0
04-06-2009 04:37;0;0
04-06-2009 04:38;0;0
04-06-2009 04:39;75;0
04-06-2009 04:40;0;0
04-06-2009 04:41;141;0
04-06-2009 04:42;9;0
04-06-2009 04:43;173;0
04-06-2009 04:44;69;0
04-06-2009 04:45;0;0
04-06-2009 04:46;0;0
04-06-2009 04:47;0;0
04-06-2009 04:48;0;0
04-06-2009 04:49;0;0
04-06-2009 04:50;0;0
04-06-2009 04:51;0;0
04-06-2009 04:52;0;0
04-06-2009 04:53;0;0
04-06-2009 04:54;0;0
04-06-2009 04:55;44;0
04-06-2009 04:56;0;0
04-06-2009 04:57;0;0
04-06-2009 04:58;0;0
04-06-2009 04:59;61;0
04-06-2009 05:00;2;0
04-06-2009 05:01;0;0
04-06-2009 05:02;0;0
04-06-2009 05:03;0;0
04-06-2009 05:04;0;0
04-06-2009 05:05;0;0
04-06-2009 05:06;0;0
04-06-2009 05:07;0;0
04-06-2009 05:08;0;0
04-06-2009 05:09;0;0
04-06-2009 05:10;0;0
04-06-2009 05:11;0;0
04-06-2009 05:12;0;0
04-06-2009 05:13;0;0
04-06-2009 05:14;0;0
04-06-2009 05:15;0;0
04-06-2009 05:16;0;0
04-06-2009 05:17;0;0
04-06-2009 05:18;0;0
04-06-2009 05:19;0;0
04-06-2009 05:20;0;0
04-06-2009 05:21;0;0
04-06-2009 05:22;0;0
04-06-2009 05:23;0;0
04-06-2009 05:24;247;0
04-06-2009 05:25;457;0
04-06-2009 05:26;273;0
04-06-2009 05:27;283;0
04-06-2009 05:28;127;0
04-06-2009 05:29;520;0
04-06-2009 05:30;0;0
04-06-2009 05:31;0;0
04-06-2009 05:32;59;0
04-06-2009 05:33;78;0
04-06-2009 05:34;0;0
04-06-2009 05:35;146;0
04-06-2009 05:36;59;0
04-06-2009 05:37;0;0
04-06-2009 05:38;57;0
04-06-2009 05:39;247;0
04-06-2009 05:40;0;0
04-06-2009 05:41;23;0
04-06-2009 05:42;0;0
04-06-2009 05:43;53;0
04-06-2009 05:44;49;0
04-06-2009 05:45;0;0
04-06-2009 05:46;151;0
04-06-2009 05:47;0;0
04-06-2009 05:48;29;0
04-06-2009 05:49;81;0
04-06-2009 05:50;0;0
04-06-2009 05:51;8;0
04-06-2009 05:52;38;0
04-06-2009 05:53;0;0
04-06-2009 05:54;0;0
04-06-2009 05:55;64;0
04-06-2009 05:56;32;0
04-06-2009 05:57;0;0
04-06-2009 05:58;0;0
04-06-2009 05:59;0;0
04-06-2009 06:00;0;0
04-06-2009 06:01;127;0
04-06-2009 06:02;0;0
04-06-2009 06:03;0;0
04-06-2009 06:04;61;0
04-06-2009 06:05;0;0
04-06-2009 06:06;0;0
04-06-2009 06:07;0;0
04-06-2009 06:08;0;0
04-06-2009 06:09;0;0
04-06-2009 06:10;0;0
04-06-2009 06:11;197;0
04-06-2009 06:12;273;0
04-06-2009 06:13;8;0
04-06-2009 06:14;47;0
04-06-2009 06:15;86;0
04-06-2009 06:16;197;0
04-06-2009 06:17;0;0
04-06-2009 06:18;66;0
04-06-2009 06:19;0;0
04-06-2009 06:20;0;0
04-06-2009 06:21;0;0
04-06-2009 06:22;0;0
04-06-2009 06:23;0;0
04-06-2009 06:24;0;0
04-06-2009 06:25;0;0
04-06-2009 06:26;0;0
04-06-2009 06:27;0;0
04-06-2009 06:28;0;0
04-06-2009 06:29;6;0
04-06-2009 06:30;103;0
04-06-2009 06:31;7;0
04-06-2009 06:32;26;0
04-06-2009 06:33;26;0
04-06-2009 06:34;0;0
04-06-2009 06:35;6;0
04-06-2009 06:36;22;0
04-06-2009 06:37;21;0
04-06-2009 06:38;7;0
04-06-2009 06:39;12;0
04-06-2009 06:40;6;0
04-06-2009 06:41;9;0
04-06-2009 06:42;27;0
04-06-2009 06:43;184;0
04-06-2009 06:44;256;0
04-06-2009 06:45;100;0
04-06-2009 06:46;34;0
04-06-2009 06:47;38;0
04-06-2009 06:48;0;0
04-06-2009 06:49;40;0
04-06-2009 06:50;155;0
04-06-2009 06:51;429;0
04-06-2009 06:52;8;0
04-06-2009 06:53;283;0
04-06-2009 06:54;487;0
04-06-2009 06:55;115;0
04-06-2009 06:56;415;0
04-06-2009 06:57;191;0
04-06-2009 06:58;217;0
04-06-2009 06:59;283;0
04-06-2009 07:00;173;0
04-06-2009 07:01;225;0
04-06-2009 07:02;178;0
04-06-2009 07:03;415;0
04-06-2009 07:04;377;0
04-06-2009 07:05;283;0
04-06-2009 07:06;472;0
04-06-2009 07:07;554;0
04-06-2009 07:08;184;0
04-06-2009 07:09;0;0
04-06-2009 07:10;0;0
04-06-2009 07:11;0;0
04-06-2009 07:12;390;0
04-06-2009 07:13;132;0
04-06-2009 07:14;0;0
04-06-2009 07:15;0;0
04-06-2009 07:16;0;0
04-06-2009 07:17;0;0
04-06-2009 07:18;0;0
04-06-2009 07:19;0;0
04-06-2009 07:20;0;0
04-06-2009 07:21;0;0
04-06-2009 07:22;0;0
04-06-2009 07:23;0;0
04-06-2009 07:24;36;0
04-06-2009 07:25;0;0
04-06-2009 07:26;0;0
04-06-2009 07:27;21;0
04-06-2009 07:28;17;0
04-06-2009 07:29;0;0
04-06-2009 07:30;0;0
04-06-2009 07:31;0;0
04-06-2009 07:32;2;0
04-06-2009 07:33;0;0
04-06-2009 07:34;0;0
04-06-2009 07:35;0;0
04-06-2009 07:36;0;0
04-06-2009 07:37;0;0
04-06-2009 07:38;0;0
04-06-2009 07:39;0;0
04-06-2009 07:40;0;0
04-06-2009 07:41;0;0
04-06-2009 07:42;0;0
04-06-2009 07:43;2;0
04-06-2009 07:44;0;0
04-06-2009 07:45;0;0
04-06-2009 07:46;0;0
04-06-2009 07:47;0;0
04-06-2009 07:48;0;0
04-06-2009 07:49;0;0
04-06-2009 07:50;0;0
04-06-2009 07:51;0;0
04-06-2009 07:52;0;0
04-06-2009 07:53;0;0
04-06-2009 07:54;0;0
04-06-2009 07:55;0;0
04-06-2009 07:56;0;0
04-06-2009 07:57;0;0
04-06-2009 07:58;0;0
04-06-2009 07:59;0;0
04-06-2009 08:00;0;0
04-06-2009 08:01;0;0
04-06-2009 08:02;0;0
04-06-2009 08:03;59;0
04-06-2009 08:04;2;0
04-06-2009 08:05;232;0
04-06-2009 08:06;86;0
04-06-2009 08:07;0;0
04-06-2009 08:08;0;0
04-06-2009 08:09;161;0
04-06-2009 08:10;0;0
04-06-2009 08:11;0;0
04-06-2009 08:12;103;0
04-06-2009 08:13;32;0
04-06-2009 08:14;0;0
04-06-2009 08:15;0;0
04-06-2009 08:16;0;0
04-06-2009 08:17;0;0
04-06-2009 08:18;111;0
04-06-2009 08:19;0;0
04-06-2009 08:20;141;0
04-06-2009 08:21;0;0
04-06-2009 08:22;49;0
04-06-2009 08:23;0;0
04-06-2009 08:24;2;0
04-06-2009 08:25;47;0
04-06-2009 08:26;0;0
04-06-2009 08:27;89;0
04-06-2009 08:28;13;0
04-06-2009 08:29;61;0
04-06-2009 08:30;0;0
04-06-2009 08:31;0;0
04-06-2009 08:32;7;0
04-06-2009 08:33;32;0
04-06-2009 08:34;46;0
04-06-2009 08:35;0;0
04-06-2009 08:36;0;0
04-06-2009 08:37;0;0
04-06-2009 08:38;6;0
04-06-2009 08:39;23;0
04-06-2009 08:40;2;0
04-06-2009 08:41;354;0
04-06-2009 08:42;0;0
04-06-2009 08:43;2;0
04-06-2009 08:44;0;0
04-06-2009 08:45;61;0
04-06-2009 08:46;0;0
04-06-2009 08:47;8;0
04-06-2009 08:48;64;0
04-06-2009 08:49;0;0
04-06-2009 08:50;9;0
04-06-2009 08:51;0;0
04-06-2009 08:52;9;0
04-06-2009 08:53;0;0
04-06-2009 08:54;0;0
04-06-2009 08:55;12;0
04-06-2009 08:56;3;0
04-06-2009 08:57;12;0
04-06-2009 08:58;16;0
04-06-2009 08:59;0;0
04-06-2009 09:00;217;0
04-06-2009 09:01;0;0
04-06-2009 09:02;36;0
04-06-2009 09:03;9;0
04-06-2009 09:04;0;0
04-06-2009 09:05;7;0
04-06-2009 09:06;9;0
04-06-2009 09:07;115;0
04-06-2009 09:08;0;0
04-06-2009 09:09;0;0
04-06-2009 09:10;0;0
04-06-2009 09:11;46;0
04-06-2009 09:12;204;0
04-06-2009 09:13;0;0
04-06-2009 09:14;0;0
04-06-2009 09:15;119;0
04-06-2009 09:16;197;0
04-06-2009 09:17;265;0
04-06-2009 09:18;342;0
04-06-2009 09:19;946;1
04-06-2009 09:20;759;0
04-06-2009 09:21;377;0
04-06-2009 09:22;402;0
04-06-2009 09:23;917;1
04-06-2009 09:24;472;0
04-06-2009 09:25;283;0
04-06-2009 09:26;115;0
04-06-2009 09:27;377;0
04-06-2009 09:28;22;0
04-06-2009 09:29;107;0
04-06-2009 09:30;72;0
04-06-2009 09:31;8;0
04-06-2009 09:32;0;0
04-06-2009 09:33;21;0
04-06-2009 09:34;0;0
04-06-2009 09:35;11;0
04-06-2009 09:36;0;0
04-06-2009 09:37;51;0
04-06-2009 09:38;178;0
04-06-2009 09:39;9;0
04-06-2009 09:40;232;0
04-06-2009 09:41;429;0
04-06-2009 09:42;713;0
04-06-2009 09:43;302;0
04-06-2009 09:44;302;0
04-06-2009 09:45;520;0
04-06-2009 09:46;0;0
04-06-2009 09:47;11;0
04-06-2009 09:48;83;0
04-06-2009 09:49;232;0
04-06-2009 09:50;809;0
04-06-2009 09:51;1008;1
04-06-2009 09:52;354;0
04-06-2009 09:53;210;0
04-06-2009 09:54;472;0
04-06-2009 09:55;713;0
04-06-2009 09:56;354;0
04-06-2009 09:57;69;0
04-06-2009 09:58;15;0
04-06-2009 09:59;100;0
04-06-2009 10:00;415;0
04-06-2009 10:01;402;0
04-06-2009 10:02;141;0
04-06-2009 10:03;161;0
04-06-2009 10:04;457;0
04-06-2009 10:05;265;0
04-06-2009 10:06;111;0
04-06-2009 10:07;736;0
04-06-2009 10:08;83;0
04-06-2009 10:09;0;0
04-06-2009 10:10;0;0
04-06-2009 10:11;0;0
04-06-2009 10:12;0;0
04-06-2009 10:13;0;0
04-06-2009 10:14;0;0
04-06-2009 10:15;0;0
04-06-2009 10:16;2;0
04-06-2009 10:17;0;0
04-06-2009 10:18;342;0
04-06-2009 10:19;669;0
04-06-2009 10:20;1143;1
04-06-2009 10:21;443;0
04-06-2009 10:22;917;1
04-06-2009 10:23;390;0
04-06-2009 10:24;429;0
04-06-2009 10:25;390;0
04-06-2009 10:26;415;0
04-06-2009 10:27;759;0
04-06-2009 10:28;784;0
04-06-2009 10:29;759;0
04-06-2009 10:30;759;0
04-06-2009 10:31;736;0
04-06-2009 10:32;520;0
04-06-2009 10:33;649;0
04-06-2009 10:34;122;0
04-06-2009 10:35;415;0
04-06-2009 10:36;103;0
04-06-2009 10:37;25;0
04-06-2009 10:38;402;0
04-06-2009 10:39;377;0
04-06-2009 10:40;415;0
04-06-2009 10:41;66;0
04-06-2009 10:42;7;0
04-06-2009 10:43;1143;1
04-06-2009 10:44;472;0
04-06-2009 10:45;247;0
04-06-2009 10:46;40;0
04-06-2009 10:47;12;0
04-06-2009 10:48;265;0
04-06-2009 10:49;520;0
04-06-2009 10:50;713;0
04-06-2009 10:51;669;0
04-06-2009 10:52;1107;1
04-06-2009 10:53;1107;1
04-06-2009 10:54;977;1
04-06-2009 10:55;390;0
04-06-2009 10:56;283;0
04-06-2009 10:57;713;0
04-06-2009 10:58;736;0
04-06-2009 10:59;354;0
04-06-2009 11:00;265;0
04-06-2009 11:01;103;0
04-06-2009 11:02;354;0
04-06-2009 11:03;377;0
04-06-2009 11:04;354;0
04-06-2009 11:05;342;0
04-06-2009 11:06;629;0
04-06-2009 11:07;487;0
04-06-2009 11:08;472;0
04-06-2009 11:09;457;0
04-06-2009 11:10;691;0
04-06-2009 11:11;503;0
04-06-2009 11:12;590;0
04-06-2009 11:13;809;0
04-06-2009 11:14;173;0
04-06-2009 11:15;629;0
04-06-2009 11:16;443;0
04-06-2009 11:17;167;0
04-06-2009 11:18;191;0
04-06-2009 11:19;18;0
04-06-2009 11:20;141;0
04-06-2009 11:21;311;0
04-06-2009 11:22;365;0
04-06-2009 11:23;487;0
04-06-2009 11:24;247;0
04-06-2009 11:25;161;0
04-06-2009 11:26;119;0
04-06-2009 11:27;69;0
04-06-2009 11:28;443;0
04-06-2009 11:29;89;0
04-06-2009 11:30;27;0
04-06-2009 11:31;0;0
04-06-2009 11:32;5;0
04-06-2009 11:33;2;0
04-06-2009 11:34;49;0
04-06-2009 11:35;36;0
04-06-2009 11:36;55;0
04-06-2009 11:37;42;0
04-06-2009 11:38;7;0
04-06-2009 11:39;0;0
04-06-2009 11:40;0;0
04-06-2009 11:41;6;0
04-06-2009 11:42;178;0
04-06-2009 11:43;155;0
04-06-2009 11:44;78;0
04-06-2009 11:45;311;0
04-06-2009 11:46;161;0
04-06-2009 11:47;390;0
04-06-2009 11:48;27;0
04-06-2009 11:49;7;0
04-06-2009 11:50;25;0
04-06-2009 11:51;61;0
04-06-2009 11:52;7;0
04-06-2009 11:53;36;0
04-06-2009 11:54;572;0
04-06-2009 11:55;311;0
04-06-2009 11:56;103;0
04-06-2009 11:57;11;0
04-06-2009 11:58;17;0
04-06-2009 11:59;0;0
04-06-2009 12:00;0;0
04-06-2009 12:01;29;0
04-06-2009 12:02;197;0
04-06-2009 12:03;2;0
04-06-2009 12:04;7;0
04-06-2009 12:05;3;0
04-06-2009 12:06;0;0
04-06-2009 12:07;29;0
04-06-2009 12:08;457;0
04-06-2009 12:09;487;0
04-06-2009 12:10;75;0
04-06-2009 12:11;173;0
04-06-2009 12:12;256;0
04-06-2009 12:13;415;0
04-06-2009 12:14;572;0
04-06-2009 12:15;861;1
04-06-2009 12:16;572;0
04-06-2009 12:17;402;0
04-06-2009 12:18;487;0
04-06-2009 12:19;365;0
04-06-2009 12:20;167;0
04-06-2009 12:21;354;0
04-06-2009 12:22;247;0
04-06-2009 12:23;265;0
04-06-2009 12:24;103;0
04-06-2009 12:25;210;0
04-06-2009 12:26;759;0
04-06-2009 12:27;302;0
04-06-2009 12:28;256;0
04-06-2009 12:29;161;0
04-06-2009 12:30;119;0
04-06-2009 12:31;59;0
04-06-2009 12:32;53;0
04-06-2009 12:33;649;0
04-06-2009 12:34;137;0
04-06-2009 12:35;81;0
04-06-2009 12:36;69;0
04-06-2009 12:37;554;0
04-06-2009 12:38;72;0
04-06-2009 12:39;161;0
04-06-2009 12:40;265;0
04-06-2009 12:41;415;0
04-06-2009 12:42;669;0
04-06-2009 12:43;377;0
04-06-2009 12:44;210;0
04-06-2009 12:45;210;0
04-06-2009 12:46;161;0
04-06-2009 12:47;61;0
04-06-2009 12:48;273;0
04-06-2009 12:49;354;0
04-06-2009 12:50;669;0
04-06-2009 12:51;1040;1
04-06-2009 12:52;888;1
04-06-2009 12:53;917;1
04-06-2009 12:54;809;0
04-06-2009 12:55;273;0
04-06-2009 12:56;210;0
04-06-2009 12:57;609;0
04-06-2009 12:58;197;0
04-06-2009 12:59;649;0
04-06-2009 13:00;12;0
04-06-2009 13:01;2;0
04-06-2009 13:02;19;0
04-06-2009 13:03;4;0
04-06-2009 13:04;6;0
04-06-2009 13:05;4;0
04-06-2009 13:06;26;0
04-06-2009 13:07;2;0
04-06-2009 13:08;2;0
04-06-2009 13:09;9;0
04-06-2009 13:10;8;0
04-06-2009 13:11;8;0
04-06-2009 13:12;7;0
04-06-2009 13:13;0;0
04-06-2009 13:14;2;0
04-06-2009 13:15;2;0
04-06-2009 13:16;2;0
04-06-2009 13:17;3;0
04-06-2009 13:18;520;0
04-06-2009 13:19;415;0
04-06-2009 13:20;443;0
04-06-2009 13:21;809;0
04-06-2009 13:22;537;0
04-06-2009 13:23;669;0
04-06-2009 13:24;537;0
04-06-2009 13:25;784;0
04-06-2009 13:26;649;0
04-06-2009 13:27;629;0
04-06-2009 13:28;332;0
04-06-2009 13:29;240;0
04-06-2009 13:30;736;0
04-06-2009 13:31;629;0
04-06-2009 13:32;69;0
04-06-2009 13:33;32;0
04-06-2009 13:34;292;0
04-06-2009 13:35;457;0
04-06-2009 13:36;197;0
04-06-2009 13:37;86;0
04-06-2009 13:38;283;0
04-06-2009 13:39;429;0
04-06-2009 13:40;240;0
04-06-2009 13:41;32;0
04-06-2009 13:42;6;0
04-06-2009 13:43;21;0
04-06-2009 13:44;8;0
04-06-2009 13:45;132;0
04-06-2009 13:46;184;0
04-06-2009 13:47;265;0
04-06-2009 13:48;191;0
04-06-2009 13:49;44;0
04-06-2009 13:50;107;0
04-06-2009 13:51;609;0
04-06-2009 13:52;609;0
04-06-2009 13:53;861;1
04-06-2009 13:54;609;0
04-06-2009 13:55;809;0
04-06-2009 13:56;457;0
04-06-2009 13:57;503;0
04-06-2009 13:58;217;0
04-06-2009 13:59;759;0
04-06-2009 14:00;402;0
04-06-2009 14:01;629;0
04-06-2009 14:02;225;0
04-06-2009 14:03;89;0
04-06-2009 14:04;107;0
04-06-2009 14:05;184;0
04-06-2009 14:06;691;0
04-06-2009 14:07;415;0
04-06-2009 14:08;302;0
04-06-2009 14:09;1560;1
04-06-2009 14:10;1254;1
04-06-2009 14:11;1073;1
04-06-2009 14:12;759;0
04-06-2009 14:13;736;0
04-06-2009 14:14;78;0
04-06-2009 14:15;151;0
04-06-2009 14:16;311;0
04-06-2009 14:17;55;0
04-06-2009 14:18;30;0
04-06-2009 14:19;2;0
04-06-2009 14:20;8;0
04-06-2009 14:21;0;0
04-06-2009 14:22;0;0
04-06-2009 14:23;83;0
04-06-2009 14:24;64;0
04-06-2009 14:25;167;0
04-06-2009 14:26;42;0
04-06-2009 14:27;57;0
04-06-2009 14:28;0;0
04-06-2009 14:29;0;0
04-06-2009 14:30;0;0
04-06-2009 14:31;0;0
04-06-2009 14:32;22;0
04-06-2009 14:33;0;0
04-06-2009 14:34;0;0
04-06-2009 14:35;0;0
04-06-2009 14:36;0;0
04-06-2009 14:37;53;0
04-06-2009 14:38;0;0
04-06-2009 14:39;0;0
04-06-2009 14:40;0;0
04-06-2009 14:41;0;0
04-06-2009 14:42;122;0
04-06-2009 14:43;0;0
04-06-2009 14:44;81;0
04-06-2009 14:45;59;0
04-06-2009 14:46;0;0
04-06-2009 14:47;111;0
04-06-2009 14:48;72;0
04-06-2009 14:49;83;0
04-06-2009 14:50;44;0
04-06-2009 14:51;81;0
04-06-2009 14:52;191;0
04-06-2009 14:53;273;0
04-06-2009 14:54;75;0
04-06-2009 14:55;161;0
04-06-2009 14:56;6;0
04-06-2009 14:57;19;0
04-06-2009 14:58;0;0
04-06-2009 14:59;0;0
04-06-2009 15:00;0;0
04-06-2009 15:01;0;0
04-06-2009 15:02;26;0
04-06-2009 15:03;3;0
04-06-2009 15:04;26;0
04-06-2009 15:05;115;0
04-06-2009 15:06;0;0
04-06-2009 15:07;7;0
04-06-2009 15:08;69;0
04-06-2009 15:09;0;0
04-06-2009 15:10;0;0
04-06-2009 15:11;590;0
04-06-2009 15:12;1216;1
04-06-2009 15:13;736;0
04-06-2009 15:14;537;0
04-06-2009 15:15;402;0
04-06-2009 15:16;809;0
04-06-2009 15:17;629;0
04-06-2009 15:18;0;0
04-06-2009 15:19;0;0
04-06-2009 15:20;21;0
04-06-2009 15:21;0;0
04-06-2009 15:22;0;0
04-06-2009 15:23;0;0
04-06-2009 15:24;0;0
04-06-2009 15:25;415;0
04-06-2009 15:26;572;0
04-06-2009 15:27;167;0
04-06-2009 15:28;273;0
04-06-2009 15:29;137;0
04-06-2009 15:30;273;0
04-06-2009 15:31;429;0
04-06-2009 15:32;273;0
04-06-2009 15:33;273;0
04-06-2009 15:34;167;0
04-06-2009 15:35;354;0
04-06-2009 15:36;265;0
04-06-2009 15:37;81;0
04-06-2009 15:38;96;0
04-06-2009 15:39;151;0
04-06-2009 15:40;402;0
04-06-2009 15:41;132;0
04-06-2009 15:42;472;0
04-06-2009 15:43;66;0
04-06-2009 15:44;283;0
04-06-2009 15:45;609;0
04-06-2009 15:46;759;0
04-06-2009 15:47;1254;1
04-06-2009 15:48;1466;1
04-06-2009 15:49;861;1
04-06-2009 15:50;917;1
04-06-2009 15:51;759;0
04-06-2009 15:52;81;0
04-06-2009 15:53;0;0
04-06-2009 15:54;0;0
04-06-2009 15:55;0;0
04-06-2009 15:56;0;0
04-06-2009 15:57;0;0
04-06-2009 15:58;0;0
04-06-2009 15:59;0;0
04-06-2009 16:00;0;0
04-06-2009 16:01;0;0
04-06-2009 16:02;0;0
04-06-2009 16:03;0;0
04-06-2009 16:04;0;0
04-06-2009 16:05;0;0
04-06-2009 16:06;0;0
04-06-2009 16:07;0;0
04-06-2009 16:08;0;0
04-06-2009 16:09;0;0
04-06-2009 16:10;0;0
04-06-2009 16:11;0;0
04-06-2009 16:12;0;0
04-06-2009 16:13;0;0
04-06-2009 16:14;0;0
04-06-2009 16:15;0;0
04-06-2009 16:16;9;0
04-06-2009 16:17;0;0
04-06-2009 16:18;0;0
04-06-2009 16:19;0;0
04-06-2009 16:20;0;0
04-06-2009 16:21;53;0
04-06-2009 16:22;111;0
04-06-2009 16:23;0;0
04-06-2009 16:24;0;0
04-06-2009 16:25;0;0
04-06-2009 16:26;0;0
04-06-2009 16:27;0;0
04-06-2009 16:28;0;0
04-06-2009 16:29;0;0
04-06-2009 16:30;0;0
04-06-2009 16:31;0;0
04-06-2009 16:32;0;0
04-06-2009 16:33;0;0
04-06-2009 16:34;38;0
04-06-2009 16:35;44;0
04-06-2009 16:36;0;0
04-06-2009 16:37;0;0
04-06-2009 16:38;0;0
04-06-2009 16:39;0;0
04-06-2009 16:40;0;0
04-06-2009 16:41;0;0
04-06-2009 16:42;0;0
04-06-2009 16:43;0;0
04-06-2009 16:44;0;0
04-06-2009 16:45;0;0
04-06-2009 16:46;0;0
04-06-2009 16:47;0;0
04-06-2009 16:48;0;0
04-06-2009 16:49;0;0
04-06-2009 16:50;0;0
04-06-2009 16:51;0;0
04-06-2009 16:52;0;0
04-06-2009 16:53;0;0
04-06-2009 16:54;0;0
04-06-2009 16:55;0;0
04-06-2009 16:56;0;0
04-06-2009 16:57;137;0
04-06-2009 16:58;10;0
04-06-2009 16:59;9;0
04-06-2009 17:00;12;0
04-06-2009 17:01;92;0
04-06-2009 17:02;2;0
04-06-2009 17:03;0;0
04-06-2009 17:04;0;0
04-06-2009 17:05;0;0
04-06-2009 17:06;0;0
04-06-2009 17:07;0;0
04-06-2009 17:08;0;0
04-06-2009 17:09;0;0
04-06-2009 17:10;0;0
04-06-2009 17:11;32;0
04-06-2009 17:12;0;0
04-06-2009 17:13;0;0
04-06-2009 17:14;0;0
04-06-2009 17:15;0;0
04-06-2009 17:16;0;0
04-06-2009 17:17;0;0
04-06-2009 17:18;0;0
04-06-2009 17:19;0;0
04-06-2009 17:20;0;0
04-06-2009 17:21;0;0
04-06-2009 17:22;0;0
04-06-2009 17:23;784;0
04-06-2009 17:24;834;1
04-06-2009 17:25;232;0
04-06-2009 17:26;390;0
04-06-2009 17:27;197;0
04-06-2009 17:28;265;0
04-06-2009 17:29;197;0
04-06-2009 17:30;365;0
04-06-2009 17:31;240;0
04-06-2009 17:32;197;0
04-06-2009 17:33;167;0
04-06-2009 17:34;713;0
04-06-2009 17:35;240;0
04-06-2009 17:36;83;0
04-06-2009 17:37;64;0
04-06-2009 17:38;9;0
04-06-2009 17:39;161;0
04-06-2009 17:40;55;0
04-06-2009 17:41;127;0
04-06-2009 17:42;46;0
04-06-2009 17:43;141;0
04-06-2009 17:44;0;0
04-06-2009 17:45;49;0
04-06-2009 17:46;51;0
04-06-2009 17:47;20;0
04-06-2009 17:48;46;0
04-06-2009 17:49;137;0
04-06-2009 17:50;7;0
04-06-2009 17:51;415;0
04-06-2009 17:52;7;0
04-06-2009 17:53;0;0
04-06-2009 17:54;2;0
04-06-2009 17:55;2;0
04-06-2009 17:56;2;0
04-06-2009 17:57;2;0
04-06-2009 17:58;2;0
04-06-2009 17:59;0;0
04-06-2009 18:00;0;0
04-06-2009 18:01;0;0
04-06-2009 18:02;0;0
04-06-2009 18:03;0;0
04-06-2009 18:04;0;0
04-06-2009 18:05;0;0
04-06-2009 18:06;0;0
04-06-2009 18:07;0;0
04-06-2009 18:08;44;0
04-06-2009 18:09;321;0
04-06-2009 18:10;119;0
04-06-2009 18:11;6;0
04-06-2009 18:12;3;0
04-06-2009 18:13;3;0
04-06-2009 18:14;2;0
04-06-2009 18:15;0;0
04-06-2009 18:16;2;0
04-06-2009 18:17;30;0
04-06-2009 18:18;2;0
04-06-2009 18:19;2;0
04-06-2009 18:20;2;0
04-06-2009 18:21;0;0
04-06-2009 18:22;0;0
04-06-2009 18:23;0;0
04-06-2009 18:24;0;0
04-06-2009 18:25;0;0
04-06-2009 18:26;0;0
04-06-2009 18:27;0;0
04-06-2009 18:28;0;0
04-06-2009 18:29;0;0
04-06-2009 18:30;0;0
04-06-2009 18:31;0;0
04-06-2009 18:32;0;0
04-06-2009 18:33;0;0
04-06-2009 18:34;0;0
04-06-2009 18:35;0;0
04-06-2009 18:36;0;0
04-06-2009 18:37;0;0
04-06-2009 18:38;0;0
04-06-2009 18:39;0;0
04-06-2009 18:40;537;0
04-06-2009 18:41;377;0
04-06-2009 18:42;302;0
04-06-2009 18:43;332;0
04-06-2009 18:44;311;0
04-06-2009 18:45;520;0
04-06-2009 18:46;946;1
04-06-2009 18:47;759;0
04-06-2009 18:48;629;0
04-06-2009 18:49;554;0
04-06-2009 18:50;691;0
04-06-2009 18:51;178;0
04-06-2009 18:52;122;0
04-06-2009 18:53;191;0
04-06-2009 18:54;47;0
04-06-2009 18:55;0;0
04-06-2009 18:56;0;0
04-06-2009 18:57;0;0
04-06-2009 18:58;0;0
04-06-2009 18:59;0;0
04-06-2009 19:00;0;0
04-06-2009 19:01;0;0
04-06-2009 19:02;0;0
04-06-2009 19:03;0;0
04-06-2009 19:04;0;0
04-06-2009 19:05;0;0
04-06-2009 19:06;0;0
04-06-2009 19:07;0;0
04-06-2009 19:08;0;0
04-06-2009 19:09;0;0
04-06-2009 19:10;0;0
04-06-2009 19:11;0;0
04-06-2009 19:12;0;0
04-06-2009 19:13;0;0
04-06-2009 19:14;0;0
04-06-2009 19:15;20;0
04-06-2009 19:16;21;0
04-06-2009 19:17;0;0
04-06-2009 19:18;0;0
04-06-2009 19:19;0;0
04-06-2009 19:20;0;0
04-06-2009 19:21;0;0
04-06-2009 19:22;0;0
04-06-2009 19:23;0;0
04-06-2009 19:24;0;0
04-06-2009 19:25;178;0
04-06-2009 19:26;0;0
04-06-2009 19:27;0;0
04-06-2009 19:28;0;0
04-06-2009 19:29;0;0
04-06-2009 19:30;0;0
04-06-2009 19:31;0;0
04-06-2009 19:32;184;0
04-06-2009 19:33;0;0
04-06-2009 19:34;0;0
04-06-2009 19:35;0;0
04-06-2009 19:36;0;0
04-06-2009 19:37;0;0
04-06-2009 19:38;0;0
04-06-2009 19:39;0;0
04-06-2009 19:40;0;0
04-06-2009 19:41;0;0
04-06-2009 19:42;0;0
04-06-2009 19:43;487;0
04-06-2009 19:44;415;0
04-06-2009 19:45;429;0
04-06-2009 19:46;51;0
04-06-2009 19:47;0;0
04-06-2009 19:48;0;0
04-06-2009 19:49;0;0
04-06-2009 19:50;0;0
04-06-2009 19:51;0;0
04-06-2009 19:52;0;0
04-06-2009 19:53;0;0
04-06-2009 19:54;0;0
04-06-2009 19:55;0;0
04-06-2009 19:56;0;0
04-06-2009 19:57;0;0
04-06-2009 19:58;0;0
04-06-2009 19:59;0;0
04-06-2009 20:00;0;0
04-06-2009 20:01;0;0
04-06-2009 20:02;0;0
04-06-2009 20:03;0;0
04-06-2009 20:04;0;0
04-06-2009 20:05;0;0
04-06-2009 20:06;0;0
04-06-2009 20:07;0;0
04-06-2009 20:08;0;0
04-06-2009 20:09;0;0
04-06-2009 20:10;16;0
04-06-2009 20:11;0;0
04-06-2009 20:12;0;0
04-06-2009 20:13;0;0
04-06-2009 20:14;0;0
04-06-2009 20:15;12;0
04-06-2009 20:16;115;0
04-06-2009 20:17;0;0
04-06-2009 20:18;0;0
04-06-2009 20:19;0;0
04-06-2009 20:20;0;0
04-06-2009 20:21;0;0
04-06-2009 20:22;0;0
04-06-2009 20:23;0;0
04-06-2009 20:24;0;0
04-06-2009 20:25;66;0
04-06-2009 20:26;30;0
04-06-2009 20:27;0;0
04-06-2009 20:28;69;0
04-06-2009 20:29;92;0
04-06-2009 20:30;265;0
04-06-2009 20:31;365;0
04-06-2009 20:32;0;0
04-06-2009 20:33;0;0
04-06-2009 20:34;0;0
04-06-2009 20:35;0;0
04-06-2009 20:36;0;0
04-06-2009 20:37;0;0
04-06-2009 20:38;0;0
04-06-2009 20:39;0;0
04-06-2009 20:40;0;0
04-06-2009 20:41;0;0
04-06-2009 20:42;0;0
04-06-2009 20:43;49;0
04-06-2009 20:44;0;0
04-06-2009 20:45;0;0
04-06-2009 20:46;32;0
04-06-2009 20:47;22;0
04-06-2009 20:48;23;0
04-06-2009 20:49;47;0
04-06-2009 20:50;16;0
04-06-2009 20:51;0;0
04-06-2009 20:52;0;0
04-06-2009 20:53;0;0
04-06-2009 20:54;0;0
04-06-2009 20:55;0;0
04-06-2009 20:56;0;0
04-06-2009 20:57;0;0
04-06-2009 20:58;0;0
04-06-2009 20:59;0;0
04-06-2009 21:00;0;0
04-06-2009 21:01;0;0
04-06-2009 21:02;0;0
04-06-2009 21:03;0;0
04-06-2009 21:04;0;0
04-06-2009 21:05;0;0
04-06-2009 21:06;0;0
04-06-2009 21:07;0;0
04-06-2009 21:08;0;0
04-06-2009 21:09;36;0
04-06-2009 21:10;0;0
04-06-2009 21:11;0;0
04-06-2009 21:12;0;0
04-06-2009 21:13;0;0
04-06-2009 21:14;0;0
04-06-2009 21:15;18;0
04-06-2009 21:16;0;0
04-06-2009 21:17;0;0
04-06-2009 21:18;9;0
04-06-2009 21:19;55;0
04-06-2009 21:20;0;0
04-06-2009 21:21;0;0
04-06-2009 21:22;0;0
04-06-2009 21:23;0;0
04-06-2009 21:24;0;0
04-06-2009 21:25;457;0
04-06-2009 21:26;861;1
04-06-2009 21:27;402;0
04-06-2009 21:28;377;0
04-06-2009 21:29;487;0
04-06-2009 21:30;256;0
04-06-2009 21:31;38;0
04-06-2009 21:32;572;0
04-06-2009 21:33;204;0
04-06-2009 21:34;210;0
04-06-2009 21:35;10;0
04-06-2009 21:36;40;0
04-06-2009 21:37;72;0
04-06-2009 21:38;256;0
04-06-2009 21:39;204;0
04-06-2009 21:40;132;0
04-06-2009 21:41;146;0
04-06-2009 21:42;247;0
04-06-2009 21:43;377;0
04-06-2009 21:44;14;0
04-06-2009 21:45;86;0
04-06-2009 21:46;21;0
04-06-2009 21:47;0;0
04-06-2009 21:48;0;0
04-06-2009 21:49;0;0
04-06-2009 21:50;132;0
04-06-2009 21:51;107;0
04-06-2009 21:52;204;0
04-06-2009 21:53;4;0
04-06-2009 21:54;0;0
04-06-2009 21:55;0;0
04-06-2009 21:56;4;0
04-06-2009 21:57;0;0
04-06-2009 21:58;40;0
04-06-2009 21:59;210;0
04-06-2009 22:00;0;0
04-06-2009 22:01;0;0
04-06-2009 22:02;69;0
04-06-2009 22:03;103;0
04-06-2009 22:04;197;0
04-06-2009 22:05;178;0
04-06-2009 22:06;311;0
04-06-2009 22:07;167;0
04-06-2009 22:08;217;0
04-06-2009 22:09;89;0
04-06-2009 22:10;141;0
04-06-2009 22:11;161;0
04-06-2009 22:12;302;0
04-06-2009 22:13;96;0
04-06-2009 22:14;178;0
04-06-2009 22:15;217;0
04-06-2009 22:16;40;0
04-06-2009 22:17;100;0
04-06-2009 22:18;59;0
04-06-2009 22:19;0;0
04-06-2009 22:20;15;0
04-06-2009 22:21;0;0
04-06-2009 22:22;0;0
04-06-2009 22:23;2;0
04-06-2009 22:24;119;0
04-06-2009 22:25;146;0
04-06-2009 22:26;40;0
04-06-2009 22:27;115;0
04-06-2009 22:28;0;0
04-06-2009 22:29;0;0
04-06-2009 22:30;0;0
04-06-2009 22:31;0;0
04-06-2009 22:32;59;0
04-06-2009 22:33;3;0
04-06-2009 22:34;0;0
04-06-2009 22:35;0;0
04-06-2009 22:36;0;0
04-06-2009 22:37;64;0
04-06-2009 22:38;3;0
04-06-2009 22:39;0;0
04-06-2009 22:40;3;0
04-06-2009 22:41;3;0
04-06-2009 22:42;2;0
04-06-2009 22:43;47;0
04-06-2009 22:44;0;0
04-06-2009 22:45;0;0
04-06-2009 22:46;0;0
04-06-2009 22:47;17;0
04-06-2009 22:48;283;0
04-06-2009 22:49;365;0
04-06-2009 22:50;161;0
04-06-2009 22:51;191;0
04-06-2009 22:52;151;0
04-06-2009 22:53;204;0
04-06-2009 22:54;86;0
04-06-2009 22:55;402;0
04-06-2009 22:56;15;0
04-06-2009 22:57;0;0
04-06-2009 22:58;38;0
04-06-2009 22:59;0;0
04-06-2009 23:00;42;0
04-06-2009 23:01;141;0
04-06-2009 23:02;429;0
04-06-2009 23:03;0;0
04-06-2009 23:04;0;0
04-06-2009 23:05;17;0
04-06-2009 23:06;53;0
04-06-2009 23:07;0;0
04-06-2009 23:08;40;0
04-06-2009 23:09;0;0
04-06-2009 23:10;0;0
04-06-2009 23:11;5;0
04-06-2009 23:12;23;0
04-06-2009 23:13;0;0
04-06-2009 23:14;127;0
04-06-2009 23:15;210;0
04-06-2009 23:16;24;0
04-06-2009 23:17;2;0
04-06-2009 23:18;265;0
04-06-2009 23:19;42;0
04-06-2009 23:20;23;0
04-06-2009 23:21;46;0
04-06-2009 23:22;34;0
04-06-2009 23:23;38;0
04-06-2009 23:24;0;0
04-06-2009 23:25;40;0
04-06-2009 23:26;57;0
04-06-2009 23:27;27;0
04-06-2009 23:28;27;0
04-06-2009 23:29;0;0
04-06-2009 23:30;0;0
04-06-2009 23:31;6;0
04-06-2009 23:32;137;0
04-06-2009 23:33;89;0
04-06-2009 23:34;0;0
04-06-2009 23:35;0;0
04-06-2009 23:36;0;0
04-06-2009 23:37;0;0
04-06-2009 23:38;0;0
04-06-2009 23:39;6;0
04-06-2009 23:40;0;0
04-06-2009 23:41;0;0
04-06-2009 23:42;0;0
04-06-2009 23:43;0;0
04-06-2009 23:44;0;0
04-06-2009 23:45;0;0
04-06-2009 23:46;0;0
04-06-2009 23:47;0;0
04-06-2009 23:48;0;0
04-06-2009 23:49;0;0
04-06-2009 23:50;0;0
04-06-2009 23:51;0;0
04-06-2009 23:52;0;0
04-06-2009 23:53;0;0
04-06-2009 23:54;0;0
04-06-2009 23:55;0;0
04-06-2009 23:56;0;0
04-06-2009 23:57;0;0
04-06-2009 23:58;0;0
04-06-2009 23:59;0;0
04-07-2009 00:00;0;0
04-07-2009 00:01;0;0
04-07-2009 00:02;0;0
04-07-2009 00:03;0;0
04-07-2009 00:04;0;0
04-07-2009 00:05;0;0
04-07-2009 00:06;0;0
04-07-2009 00:07;443;0
04-07-2009 00:08;210;0
04-07-2009 00:09;572;0
04-07-2009 00:10;0;0
04-07-2009 00:11;0;0
04-07-2009 00:12;0;0
04-07-2009 00:13;167;0
04-07-2009 00:14;0;0
04-07-2009 00:15;119;0
04-07-2009 00:16;0;0
04-07-2009 00:17;0;0
04-07-2009 00:18;0;0
04-07-2009 00:19;0;0
04-07-2009 00:20;0;0
04-07-2009 00:21;204;0
04-07-2009 00:22;0;0
04-07-2009 00:23;8;0
04-07-2009 00:24;2;0
04-07-2009 00:25;0;0
04-07-2009 00:26;0;0
04-07-2009 00:27;34;0
04-07-2009 00:28;0;0
04-07-2009 00:29;0;0
04-07-2009 00:30;0;0
04-07-2009 00:31;0;0
04-07-2009 00:32;0;0
04-07-2009 00:33;0;0
04-07-2009 00:34;0;0
04-07-2009 00:35;0;0
04-07-2009 00:36;0;0
04-07-2009 00:37;0;0
04-07-2009 00:38;27;0
04-07-2009 00:39;0;0
04-07-2009 00:40;0;0
04-07-2009 00:41;0;0
04-07-2009 00:42;0;0
04-07-2009 00:43;0;0
04-07-2009 00:44;0;0
04-07-2009 00:45;0;0
04-07-2009 00:46;0;0
04-07-2009 00:47;0;0
04-07-2009 00:48;0;0
04-07-2009 00:49;27;0
04-07-2009 00:50;13;0
04-07-2009 00:51;0;0
04-07-2009 00:52;0;0
04-07-2009 00:53;0;0
04-07-2009 00:54;0;0
04-07-2009 00:55;0;0
04-07-2009 00:56;0;0
04-07-2009 00:57;0;0
04-07-2009 00:58;0;0
04-07-2009 00:59;12;0
04-07-2009 01:00;0;0
04-07-2009 01:01;0;0
04-07-2009 01:02;0;0
04-07-2009 01:03;0;0
04-07-2009 01:04;0;0
04-07-2009 01:05;0;0
04-07-2009 01:06;0;0
04-07-2009 01:07;0;0
04-07-2009 01:08;0;0
04-07-2009 01:09;0;0
04-07-2009 01:10;0;0
04-07-2009 01:11;2;0
04-07-2009 01:12;0;0
04-07-2009 01:13;0;0
04-07-2009 01:14;0;0
04-07-2009 01:15;0;0
04-07-2009 01:16;27;0
04-07-2009 01:17;0;0
04-07-2009 01:18;0;0
04-07-2009 01:19;57;0
04-07-2009 01:20;155;0
04-07-2009 01:21;0;0
04-07-2009 01:22;6;0
04-07-2009 01:23;2;0
04-07-2009 01:24;0;0
04-07-2009 01:25;21;0
04-07-2009 01:26;0;0
04-07-2009 01:27;0;0
04-07-2009 01:28;0;0
04-07-2009 01:29;0;0
04-07-2009 01:30;0;0
04-07-2009 01:31;0;0
04-07-2009 01:32;0;0
04-07-2009 01:33;0;0
04-07-2009 01:34;0;0
04-07-2009 01:35;0;0
04-07-2009 01:36;22;0
04-07-2009 01:37;2;0
04-07-2009 01:38;0;0
04-07-2009 01:39;26;0
04-07-2009 01:40;0;0
04-07-2009 01:41;0;0
04-07-2009 01:42;0;0
04-07-2009 01:43;0;0
04-07-2009 01:44;0;0
04-07-2009 01:45;0;0
04-07-2009 01:46;0;0
04-07-2009 01:47;0;0
04-07-2009 01:48;0;0
04-07-2009 01:49;0;0
04-07-2009 01:50;3;0
04-07-2009 01:51;0;0
04-07-2009 01:52;0;0
04-07-2009 01:53;0;0
04-07-2009 01:54;0;0
04-07-2009 01:55;0;0
04-07-2009 01:56;0;0
04-07-2009 01:57;0;0
04-07-2009 01:58;0;0
04-07-2009 01:59;0;0
04-07-2009 02:00;0;0
04-07-2009 02:01;0;0
04-07-2009 02:02;0;0
04-07-2009 02:03;0;0
04-07-2009 02:04;0;0
04-07-2009 02:05;0;0
04-07-2009 02:06;0;0
04-07-2009 02:07;0;0
04-07-2009 02:08;0;0
04-07-2009 02:09;0;0
04-07-2009 02:10;0;0
04-07-2009 02:11;0;0
04-07-2009 02:12;217;0
04-07-2009 02:13;32;0
04-07-2009 02:14;0;0
04-07-2009 02:15;0;0
04-07-2009 02:16;0;0
04-07-2009 02:17;0;0
04-07-2009 02:18;0;0
04-07-2009 02:19;0;0
04-07-2009 02:20;0;0
04-07-2009 02:21;0;0
04-07-2009 02:22;0;0
04-07-2009 02:23;0;0
04-07-2009 02:24;0;0
04-07-2009 02:25;0;0
04-07-2009 02:26;0;0
04-07-2009 02:27;0;0
04-07-2009 02:28;0;0
04-07-2009 02:29;0;0
04-07-2009 02:30;0;0
04-07-2009 02:31;0;0
04-07-2009 02:32;40;0
04-07-2009 02:33;9;0
04-07-2009 02:34;0;0
04-07-2009 02:35;0;0
04-07-2009 02:36;0;0
04-07-2009 02:37;0;0
04-07-2009 02:38;0;0
04-07-2009 02:39;0;0
04-07-2009 02:40;0;0
04-07-2009 02:41;10;0
04-07-2009 02:42;23;0
04-07-2009 02:43;11;0
04-07-2009 02:44;0;0
04-07-2009 02:45;66;0
04-07-2009 02:46;354;0
04-07-2009 02:47;472;0
04-07-2009 02:48;321;0
04-07-2009 02:49;520;0
04-07-2009 02:50;487;0
04-07-2009 02:51;9;0
04-07-2009 02:52;83;0
04-07-2009 02:53;0;0
04-07-2009 02:54;0;0
04-07-2009 02:55;29;0
04-07-2009 02:56;0;0
04-07-2009 02:57;0;0
04-07-2009 02:58;0;0
04-07-2009 02:59;0;0
04-07-2009 03:00;0;0
04-07-2009 03:01;0;0
04-07-2009 03:02;0;0
04-07-2009 03:03;0;0
04-07-2009 03:04;0;0
04-07-2009 03:05;0;0
04-07-2009 03:06;0;0
04-07-2009 03:07;0;0
04-07-2009 03:08;0;0
04-07-2009 03:09;0;0
04-07-2009 03:10;0;0
04-07-2009 03:11;0;0
04-07-2009 03:12;24;0
04-07-2009 03:13;0;0
04-07-2009 03:14;6;0
04-07-2009 03:15;47;0
04-07-2009 03:16;0;0
04-07-2009 03:17;0;0
04-07-2009 03:18;0;0
04-07-2009 03:19;0;0
04-07-2009 03:20;0;0
04-07-2009 03:21;0;0
04-07-2009 03:22;0;0
04-07-2009 03:23;0;0
04-07-2009 03:24;0;0
04-07-2009 03:25;0;0
04-07-2009 03:26;0;0
04-07-2009 03:27;0;0
04-07-2009 03:28;0;0
04-07-2009 03:29;0;0
04-07-2009 03:30;0;0
04-07-2009 03:31;0;0
04-07-2009 03:32;0;0
04-07-2009 03:33;78;0
04-07-2009 03:34;119;0
04-07-2009 03:35;69;0
04-07-2009 03:36;75;0
04-07-2009 03:37;0;0
04-07-2009 03:38;0;0
04-07-2009 03:39;0;0
04-07-2009 03:40;0;0
04-07-2009 03:41;0;0
04-07-2009 03:42;0;0
04-07-2009 03:43;0;0
04-07-2009 03:44;0;0
04-07-2009 03:45;5;0
04-07-2009 03:46;0;0
04-07-2009 03:47;0;0
04-07-2009 03:48;0;0
04-07-2009 03:49;0;0
04-07-2009 03:50;0;0
04-07-2009 03:51;0;0
04-07-2009 03:52;0;0
04-07-2009 03:53;0;0
04-07-2009 03:54;0;0
04-07-2009 03:55;0;0
04-07-2009 03:56;0;0
04-07-2009 03:57;0;0
04-07-2009 03:58;30;0
04-07-2009 03:59;40;0
04-07-2009 04:00;0;0
04-07-2009 04:01;0;0
04-07-2009 04:02;36;0
04-07-2009 04:03;0;0
04-07-2009 04:04;0;0
04-07-2009 04:05;0;0
04-07-2009 04:06;3;0
04-07-2009 04:07;0;0
04-07-2009 04:08;0;0
04-07-2009 04:09;0;0
04-07-2009 04:10;0;0
04-07-2009 04:11;86;0
04-07-2009 04:12;0;0
04-07-2009 04:13;0;0
04-07-2009 04:14;6;0
04-07-2009 04:15;0;0
04-07-2009 04:16;0;0
04-07-2009 04:17;0;0
04-07-2009 04:18;0;0
04-07-2009 04:19;0;0
04-07-2009 04:20;11;0
04-07-2009 04:21;9;0
04-07-2009 04:22;0;0
04-07-2009 04:23;0;0
04-07-2009 04:24;0;0
04-07-2009 04:25;0;0
04-07-2009 04:26;0;0
04-07-2009 04:27;0;0
04-07-2009 04:28;24;0
04-07-2009 04:29;0;0
04-07-2009 04:30;0;0
04-07-2009 04:31;0;0
04-07-2009 04:32;0;0
04-07-2009 04:33;0;0
04-07-2009 04:34;0;0
04-07-2009 04:35;0;0
04-07-2009 04:36;0;0
04-07-2009 04:37;0;0
04-07-2009 04:38;0;0
04-07-2009 04:39;0;0
04-07-2009 04:40;0;0
04-07-2009 04:41;0;0
04-07-2009 04:42;0;0
04-07-2009 04:43;0;0
04-07-2009 04:44;72;0
04-07-2009 04:45;55;0
04-07-2009 04:46;111;0
04-07-2009 04:47;0;0
04-07-2009 04:48;0;0
04-07-2009 04:49;0;0
04-07-2009 04:50;8;0
04-07-2009 04:51;0;0
04-07-2009 04:52;89;0
04-07-2009 04:53;0;0
04-07-2009 04:54;0;0
04-07-2009 04:55;0;0
04-07-2009 04:56;0;0
04-07-2009 04:57;0;0
04-07-2009 04:58;0;0
04-07-2009 04:59;0;0
04-07-2009 05:00;0;0
04-07-2009 05:01;0;0
04-07-2009 05:02;0;0
04-07-2009 05:03;0;0
04-07-2009 05:04;0;0
04-07-2009 05:05;0;0
04-07-2009 05:06;0;0
04-07-2009 05:07;0;0
04-07-2009 05:08;0;0
04-07-2009 05:09;0;0
04-07-2009 05:10;0;0
04-07-2009 05:11;0;0
04-07-2009 05:12;0;0
04-07-2009 05:13;0;0
04-07-2009 05:14;0;0
04-07-2009 05:15;0;0
04-07-2009 05:16;0;0
04-07-2009 05:17;40;0
04-07-2009 05:18;0;0
04-07-2009 05:19;32;0
04-07-2009 05:20;86;0
04-07-2009 05:21;57;0
04-07-2009 05:22;81;0
04-07-2009 05:23;132;0
04-07-2009 05:24;443;0
04-07-2009 05:25;342;0
04-07-2009 05:26;2;0
04-07-2009 05:27;0;0
04-07-2009 05:28;0;0
04-07-2009 05:29;161;0
04-07-2009 05:30;0;0
04-07-2009 05:31;0;0
04-07-2009 05:32;0;0
04-07-2009 05:33;0;0
04-07-2009 05:34;0;0
04-07-2009 05:35;0;0
04-07-2009 05:36;0;0
04-07-2009 05:37;0;0
04-07-2009 05:38;0;0
04-07-2009 05:39;0;0
04-07-2009 05:40;0;0
04-07-2009 05:41;0;0
04-07-2009 05:42;0;0
04-07-2009 05:43;0;0
04-07-2009 05:44;0;0
04-07-2009 05:45;0;0
04-07-2009 05:46;0;0
04-07-2009 05:47;0;0
04-07-2009 05:48;0;0
04-07-2009 05:49;0;0
04-07-2009 05:50;0;0
04-07-2009 05:51;0;0
04-07-2009 05:52;0;0
04-07-2009 05:53;0;0
04-07-2009 05:54;0;0
04-07-2009 05:55;0;0
04-07-2009 05:56;0;0
04-07-2009 05:57;0;0
04-07-2009 05:58;0;0
04-07-2009 05:59;0;0
04-07-2009 06:00;0;0
04-07-2009 06:01;0;0
04-07-2009 06:02;0;0
04-07-2009 06:03;0;0
04-07-2009 06:04;0;0
04-07-2009 06:05;141;0
04-07-2009 06:06;64;0
04-07-2009 06:07;0;0
04-07-2009 06:08;0;0
04-07-2009 06:09;0;0
04-07-2009 06:10;0;0
04-07-2009 06:11;0;0
04-07-2009 06:12;11;0
04-07-2009 06:13;265;0
04-07-2009 06:14;0;0
04-07-2009 06:15;0;0
04-07-2009 06:16;75;0
04-07-2009 06:17;0;0
04-07-2009 06:18;0;0
04-07-2009 06:19;0;0
04-07-2009 06:20;0;0
04-07-2009 06:21;0;0
04-07-2009 06:22;0;0
04-07-2009 06:23;0;0
04-07-2009 06:24;0;0
04-07-2009 06:25;0;0
04-07-2009 06:26;0;0
04-07-2009 06:27;0;0
04-07-2009 06:28;0;0
04-07-2009 06:29;0;0
04-07-2009 06:30;0;0
04-07-2009 06:31;0;0
04-07-2009 06:32;0;0
04-07-2009 06:33;2;0
04-07-2009 06:34;0;0
04-07-2009 06:35;0;0
04-07-2009 06:36;0;0
04-07-2009 06:37;0;0
04-07-2009 06:38;0;0
04-07-2009 06:39;0;0
04-07-2009 06:40;0;0
04-07-2009 06:41;0;0
04-07-2009 06:42;0;0
04-07-2009 06:43;0;0
04-07-2009 06:44;0;0
04-07-2009 06:45;0;0
04-07-2009 06:46;141;0
04-07-2009 06:47;17;0
04-07-2009 06:48;0;0
04-07-2009 06:49;0;0
04-07-2009 06:50;0;0
04-07-2009 06:51;0;0
04-07-2009 06:52;0;0
04-07-2009 06:53;5;0
04-07-2009 06:54;0;0
04-07-2009 06:55;0;0
04-07-2009 06:56;0;0
04-07-2009 06:57;9;0
04-07-2009 06:58;0;0
04-07-2009 06:59;0;0
04-07-2009 07:00;0;0
04-07-2009 07:01;0;0
04-07-2009 07:02;0;0
04-07-2009 07:03;0;0
04-07-2009 07:04;0;0
04-07-2009 07:05;0;0
04-07-2009 07:06;2;0
04-07-2009 07:07;0;0
04-07-2009 07:08;0;0
04-07-2009 07:09;0;0
04-07-2009 07:10;0;0
04-07-2009 07:11;0;0
04-07-2009 07:12;100;0
04-07-2009 07:13;503;0
04-07-2009 07:14;487;0
04-07-2009 07:15;377;0
04-07-2009 07:16;204;0
04-07-2009 07:17;390;0
04-07-2009 07:18;520;0
04-07-2009 07:19;100;0
04-07-2009 07:20;49;0
04-07-2009 07:21;503;0
04-07-2009 07:22;1040;1
04-07-2009 07:23;520;0
04-07-2009 07:24;0;0
04-07-2009 07:25;0;0
04-07-2009 07:26;0;0
04-07-2009 07:27;38;0
04-07-2009 07:28;0;0
04-07-2009 07:29;240;0
04-07-2009 07:30;342;0
04-07-2009 07:31;311;0
04-07-2009 07:32;537;0
04-07-2009 07:33;472;0
04-07-2009 07:34;127;0
04-07-2009 07:35;240;0
04-07-2009 07:36;520;0
04-07-2009 07:37;69;0
04-07-2009 07:38;107;0
04-07-2009 07:39;122;0
04-07-2009 07:40;26;0
04-07-2009 07:41;2;0
04-07-2009 07:42;5;0
04-07-2009 07:43;2;0
04-07-2009 07:44;146;0
04-07-2009 07:45;46;0
04-07-2009 07:46;53;0
04-07-2009 07:47;146;0
04-07-2009 07:48;75;0
04-07-2009 07:49;0;0
04-07-2009 07:50;127;0
04-07-2009 07:51;0;0
04-07-2009 07:52;13;0
04-07-2009 07:53;6;0
04-07-2009 07:54;14;0
04-07-2009 07:55;22;0
04-07-2009 07:56;0;0
04-07-2009 07:57;0;0
04-07-2009 07:58;217;0
04-07-2009 07:59;122;0
04-07-2009 08:00;217;0
04-07-2009 08:01;210;0
04-07-2009 08:02;119;0
04-07-2009 08:03;302;0
04-07-2009 08:04;12;0
04-07-2009 08:05;197;0
04-07-2009 08:06;119;0
04-07-2009 08:07;173;0
04-07-2009 08:08;81;0
04-07-2009 08:09;132;0
04-07-2009 08:10;184;0
04-07-2009 08:11;1040;1
04-07-2009 08:12;1040;1
04-07-2009 08:13;888;1
04-07-2009 08:14;103;0
04-07-2009 08:15;184;0
04-07-2009 08:16;191;0
04-07-2009 08:17;83;0
04-07-2009 08:18;11;0
04-07-2009 08:19;100;0
04-07-2009 08:20;151;0
04-07-2009 08:21;34;0
04-07-2009 08:22;0;0
04-07-2009 08:23;28;0
04-07-2009 08:24;42;0
04-07-2009 08:25;232;0
04-07-2009 08:26;292;0
04-07-2009 08:27;29;0
04-07-2009 08:28;0;0
04-07-2009 08:29;0;0
04-07-2009 08:30;9;0
04-07-2009 08:31;23;0
04-07-2009 08:32;42;0
04-07-2009 08:33;27;0
04-07-2009 08:34;0;0
04-07-2009 08:35;0;0
04-07-2009 08:36;302;0
04-07-2009 08:37;1008;1
04-07-2009 08:38;713;0
04-07-2009 08:39;204;0
04-07-2009 08:40;32;0
04-07-2009 08:41;30;0
04-07-2009 08:42;55;0
04-07-2009 08:43;283;0
04-07-2009 08:44;89;0
04-07-2009 08:45;302;0
04-07-2009 08:46;834;1
04-07-2009 08:47;217;0
04-07-2009 08:48;0;0
04-07-2009 08:49;7;0
04-07-2009 08:50;59;0
04-07-2009 08:51;302;0
04-07-2009 08:52;273;0
04-07-2009 08:53;503;0
04-07-2009 08:54;81;0
04-07-2009 08:55;103;0
04-07-2009 08:56;232;0
04-07-2009 08:57;184;0
04-07-2009 08:58;115;0
04-07-2009 08:59;47;0
04-07-2009 09:00;78;0
04-07-2009 09:01;122;0
04-07-2009 09:02;225;0
04-07-2009 09:03;946;1
04-07-2009 09:04;917;1
04-07-2009 09:05;861;1
04-07-2009 09:06;283;0
04-07-2009 09:07;115;0
04-07-2009 09:08;3;0
04-07-2009 09:09;61;0
04-07-2009 09:10;127;0
04-07-2009 09:11;232;0
04-07-2009 09:12;342;0
04-07-2009 09:13;487;0
04-07-2009 09:14;402;0
04-07-2009 09:15;554;0
04-07-2009 09:16;590;0
04-07-2009 09:17;554;0
04-07-2009 09:18;273;0
04-07-2009 09:19;96;0
04-07-2009 09:20;0;0
04-07-2009 09:21;256;0
04-07-2009 09:22;390;0
04-07-2009 09:23;572;0
04-07-2009 09:24;472;0
04-07-2009 09:25;487;0
04-07-2009 09:26;649;0
04-07-2009 09:27;629;0
04-07-2009 09:28;256;0
04-07-2009 09:29;7;0
04-07-2009 09:30;21;0
04-07-2009 09:31;0;0
04-07-2009 09:32;2;0
04-07-2009 09:33;0;0
04-07-2009 09:34;51;0
04-07-2009 09:35;0;0
04-07-2009 09:36;0;0
04-07-2009 09:37;103;0
04-07-2009 09:38;0;0
04-07-2009 09:39;0;0
04-07-2009 09:40;0;0
04-07-2009 09:41;0;0
04-07-2009 09:42;0;0
04-07-2009 09:43;0;0
04-07-2009 09:44;0;0
04-07-2009 09:45;0;0
04-07-2009 09:46;0;0
04-07-2009 09:47;0;0
04-07-2009 09:48;0;0
04-07-2009 09:49;0;0
04-07-2009 09:50;0;0
04-07-2009 09:51;0;0
04-07-2009 09:52;10;0
04-07-2009 09:53;0;0
04-07-2009 09:54;0;0
04-07-2009 09:55;0;0
04-07-2009 09:56;0;0
04-07-2009 09:57;0;0
04-07-2009 09:58;0;0
04-07-2009 09:59;0;0
04-07-2009 10:00;0;0
04-07-2009 10:01;0;0
04-07-2009 10:02;27;0
04-07-2009 10:03;0;0
04-07-2009 10:04;0;0
04-07-2009 10:05;0;0
04-07-2009 10:06;415;0
04-07-2009 10:07;311;0
04-07-2009 10:08;240;0
04-07-2009 10:09;354;0
04-07-2009 10:10;256;0
04-07-2009 10:11;161;0
04-07-2009 10:12;247;0
04-07-2009 10:13;240;0
04-07-2009 10:14;402;0
04-07-2009 10:15;191;0
04-07-2009 10:16;365;0
04-07-2009 10:17;210;0
04-07-2009 10:18;167;0
04-07-2009 10:19;240;0
04-07-2009 10:20;247;0
04-07-2009 10:21;537;0
04-07-2009 10:22;861;1
04-07-2009 10:23;834;1
04-07-2009 10:24;736;0
04-07-2009 10:25;691;0
04-07-2009 10:26;691;0
04-07-2009 10:27;572;0
04-07-2009 10:28;917;1
04-07-2009 10:29;888;1
04-07-2009 10:30;1008;1
04-07-2009 10:31;311;0
04-07-2009 10:32;265;0
04-07-2009 10:33;629;0
04-07-2009 10:34;1008;1
04-07-2009 10:35;861;1
04-07-2009 10:36;759;0
04-07-2009 10:37;1179;1
04-07-2009 10:38;946;1
04-07-2009 10:39;520;0
04-07-2009 10:40;759;0
04-07-2009 10:41;1254;1
04-07-2009 10:42;1216;1
04-07-2009 10:43;1179;1
04-07-2009 10:44;1216;1
04-07-2009 10:45;759;0
04-07-2009 10:46;861;1
04-07-2009 10:47;669;0
04-07-2009 10:48;946;1
04-07-2009 10:49;946;1
04-07-2009 10:50;1040;1
04-07-2009 10:51;1378;1
04-07-2009 10:52;1712;1
04-07-2009 10:53;834;1
04-07-2009 10:54;917;1
04-07-2009 10:55;520;0
04-07-2009 10:56;402;0
04-07-2009 10:57;292;0
04-07-2009 10:58;342;0
04-07-2009 10:59;256;0
04-07-2009 11:00;173;0
04-07-2009 11:01;554;0
04-07-2009 11:02;669;0
04-07-2009 11:03;736;0
04-07-2009 11:04;888;1
04-07-2009 11:05;809;0
04-07-2009 11:06;443;0
04-07-2009 11:07;487;0
04-07-2009 11:08;429;0
04-07-2009 11:09;977;1
04-07-2009 11:10;809;0
04-07-2009 11:11;503;0
04-07-2009 11:12;629;0
04-07-2009 11:13;629;0
04-07-2009 11:14;669;0
04-07-2009 11:15;861;1
04-07-2009 11:16;888;1
04-07-2009 11:17;365;0
04-07-2009 11:18;184;0
04-07-2009 11:19;5;0
04-07-2009 11:20;46;0
04-07-2009 11:21;59;0
04-07-2009 11:22;30;0
04-07-2009 11:23;2;0
04-07-2009 11:24;0;0
04-07-2009 11:25;247;0
04-07-2009 11:26;178;0
04-07-2009 11:27;0;0
04-07-2009 11:28;2;0
04-07-2009 11:29;0;0
04-07-2009 11:30;2;0
04-07-2009 11:31;210;0
04-07-2009 11:32;691;0
04-07-2009 11:33;629;0
04-07-2009 11:34;247;0
04-07-2009 11:35;429;0
04-07-2009 11:36;283;0
04-07-2009 11:37;487;0
04-07-2009 11:38;402;0
04-07-2009 11:39;520;0
04-07-2009 11:40;736;0
04-07-2009 11:41;809;0
04-07-2009 11:42;2263;1
04-07-2009 11:43;2127;1
04-07-2009 11:44;917;1
04-07-2009 11:45;736;0
04-07-2009 11:46;713;0
04-07-2009 11:47;554;0
04-07-2009 11:48;691;0
04-07-2009 11:49;554;0
04-07-2009 11:50;609;0
04-07-2009 11:51;265;0
04-07-2009 11:52;365;0
04-07-2009 11:53;784;0
04-07-2009 11:54;609;0
04-07-2009 11:55;861;1
04-07-2009 11:56;1143;1
04-07-2009 11:57;736;0
04-07-2009 11:58;691;0
04-07-2009 11:59;609;0
04-07-2009 12:00;629;0
04-07-2009 12:01;649;0
04-07-2009 12:02;1107;1
04-07-2009 12:03;888;1
04-07-2009 12:04;590;0
04-07-2009 12:05;75;0
04-07-2009 12:06;210;0
04-07-2009 12:07;14;0
04-07-2009 12:08;265;0
04-07-2009 12:09;75;0
04-07-2009 12:10;66;0
04-07-2009 12:11;247;0
04-07-2009 12:12;669;0
04-07-2009 12:13;691;0
04-07-2009 12:14;265;0
04-07-2009 12:15;86;0
04-07-2009 12:16;1107;1
04-07-2009 12:17;1378;1
04-07-2009 12:18;917;1
04-07-2009 12:19;784;0
04-07-2009 12:20;537;0
04-07-2009 12:21;669;0
04-07-2009 12:22;713;0
04-07-2009 12:23;629;0
04-07-2009 12:24;736;0
04-07-2009 12:25;669;0
04-07-2009 12:26;590;0
04-07-2009 12:27;503;0
04-07-2009 12:28;487;0
04-07-2009 12:29;609;0
04-07-2009 12:30;503;0
04-07-2009 12:31;784;0
04-07-2009 12:32;809;0
04-07-2009 12:33;554;0
04-07-2009 12:34;472;0
04-07-2009 12:35;759;0
04-07-2009 12:36;649;0
04-07-2009 12:37;377;0
04-07-2009 12:38;669;0
04-07-2009 12:39;691;0
04-07-2009 12:40;669;0
04-07-2009 12:41;629;0
04-07-2009 12:42;365;0
04-07-2009 12:43;155;0
04-07-2009 12:44;457;0
04-07-2009 12:45;191;0
04-07-2009 12:46;302;0
04-07-2009 12:47;265;0
04-07-2009 12:48;273;0
04-07-2009 12:49;178;0
04-07-2009 12:50;6;0
04-07-2009 12:51;0;0
04-07-2009 12:52;57;0
04-07-2009 12:53;20;0
04-07-2009 12:54;27;0
04-07-2009 12:55;34;0
04-07-2009 12:56;12;0
04-07-2009 12:57;0;0
04-07-2009 12:58;0;0
04-07-2009 12:59;0;0
04-07-2009 13:00;75;0
04-07-2009 13:01;0;0
04-07-2009 13:02;155;0
04-07-2009 13:03;332;0
04-07-2009 13:04;178;0
04-07-2009 13:05;609;0
04-07-2009 13:06;520;0
04-07-2009 13:07;472;0
04-07-2009 13:08;342;0
04-07-2009 13:09;225;0
04-07-2009 13:10;256;0
04-07-2009 13:11;210;0
04-07-2009 13:12;161;0
04-07-2009 13:13;161;0
04-07-2009 13:14;311;0
04-07-2009 13:15;292;0
04-07-2009 13:16;321;0
04-07-2009 13:17;321;0
04-07-2009 13:18;292;0
04-07-2009 13:19;232;0
04-07-2009 13:20;487;0
04-07-2009 13:21;736;0
04-07-2009 13:22;713;0
04-07-2009 13:23;609;0
04-07-2009 13:24;759;0
04-07-2009 13:25;809;0
04-07-2009 13:26;861;1
04-07-2009 13:27;137;0
04-07-2009 13:28;111;0
04-07-2009 13:29;75;0
04-07-2009 13:30;141;0
04-07-2009 13:31;103;0
04-07-2009 13:32;191;0
04-07-2009 13:33;197;0
04-07-2009 13:34;167;0
04-07-2009 13:35;273;0
04-07-2009 13:36;311;0
04-07-2009 13:37;256;0
04-07-2009 13:38;390;0
04-07-2009 13:39;342;0
04-07-2009 13:40;342;0
04-07-2009 13:41;365;0
04-07-2009 13:42;332;0
04-07-2009 13:43;292;0
04-07-2009 13:44;415;0
04-07-2009 13:45;365;0
04-07-2009 13:46;204;0
04-07-2009 13:47;225;0
04-07-2009 13:48;273;0
04-07-2009 13:49;292;0
04-07-2009 13:50;217;0
04-07-2009 13:51;354;0
04-07-2009 13:52;342;0
04-07-2009 13:53;292;0
04-07-2009 13:54;332;0
04-07-2009 13:55;178;0
04-07-2009 13:56;247;0
04-07-2009 13:57;225;0
04-07-2009 13:58;178;0
04-07-2009 13:59;377;0
04-07-2009 14:00;292;0
04-07-2009 14:01;197;0
04-07-2009 14:02;247;0
04-07-2009 14:03;247;0
04-07-2009 14:04;86;0
04-07-2009 14:05;292;0
04-07-2009 14:06;217;0
04-07-2009 14:07;311;0
04-07-2009 14:08;256;0
04-07-2009 14:09;283;0
04-07-2009 14:10;311;0
04-07-2009 14:11;429;0
04-07-2009 14:12;487;0
04-07-2009 14:13;1179;1
04-07-2009 14:14;1008;1
04-07-2009 14:15;311;0
04-07-2009 14:16;669;0
04-07-2009 14:17;809;0
04-07-2009 14:18;834;1
04-07-2009 14:19;784;0
04-07-2009 14:20;590;0
04-07-2009 14:21;759;0
04-07-2009 14:22;669;0
04-07-2009 14:23;609;0
04-07-2009 14:24;784;0
04-07-2009 14:25;554;0
04-07-2009 14:26;457;0
04-07-2009 14:27;713;0
04-07-2009 14:28;759;0
04-07-2009 14:29;1560;1
04-07-2009 14:30;1008;1
04-07-2009 14:31;629;0
04-07-2009 14:32;1294;1
04-07-2009 14:33;1073;1
04-07-2009 14:34;629;0
04-07-2009 14:35;1294;1
04-07-2009 14:36;240;0
04-07-2009 14:37;115;0
04-07-2009 14:38;572;0
04-07-2009 14:39;273;0
04-07-2009 14:40;321;0
04-07-2009 14:41;503;0
04-07-2009 14:42;472;0
04-07-2009 14:43;888;1
04-07-2009 14:44;861;1
04-07-2009 14:45;311;0
04-07-2009 14:46;503;0
04-07-2009 14:47;273;0
04-07-2009 14:48;415;0
04-07-2009 14:49;590;0
04-07-2009 14:50;537;0
04-07-2009 14:51;472;0
04-07-2009 14:52;888;1
04-07-2009 14:53;2263;1
04-07-2009 14:54;2000;1
04-07-2009 14:55;691;0
04-07-2009 14:56;834;1
04-07-2009 14:57;537;0
04-07-2009 14:58;572;0
04-07-2009 14:59;917;1
04-07-2009 15:00;917;1
04-07-2009 15:01;649;0
04-07-2009 15:02;457;0
04-07-2009 15:03;809;0
04-07-2009 15:04;834;1
04-07-2009 15:05;1107;1
04-07-2009 15:06;784;0
04-07-2009 15:07;784;0
04-07-2009 15:08;917;1
04-07-2009 15:09;1421;1
04-07-2009 15:10;888;1
04-07-2009 15:11;834;1
04-07-2009 15:12;736;0
04-07-2009 15:13;1179;1
04-07-2009 15:14;888;1
04-07-2009 15:15;1008;1
04-07-2009 15:16;691;0
04-07-2009 15:17;713;0
04-07-2009 15:18;759;0
04-07-2009 15:19;649;0
04-07-2009 15:20;1008;1
04-07-2009 15:21;834;1
04-07-2009 15:22;1008;1
04-07-2009 15:23;1378;1
04-07-2009 15:24;1216;1
04-07-2009 15:25;1008;1
04-07-2009 15:26;888;1
04-07-2009 15:27;977;1
04-07-2009 15:28;1335;1
04-07-2009 15:29;1107;1
04-07-2009 15:30;572;0
04-07-2009 15:31;834;1
04-07-2009 15:32;1378;1
04-07-2009 15:33;1143;1
04-07-2009 15:34;590;0
04-07-2009 15:35;503;0
04-07-2009 15:36;590;0
04-07-2009 15:37;283;0
04-07-2009 15:38;240;0
04-07-2009 15:39;311;0
04-07-2009 15:40;225;0
04-07-2009 15:41;204;0
04-07-2009 15:42;354;0
04-07-2009 15:43;178;0
04-07-2009 15:44;572;0
04-07-2009 15:45;57;0
04-07-2009 15:46;141;0
04-07-2009 15:47;713;0
04-07-2009 15:48;321;0
04-07-2009 15:49;240;0
04-07-2009 15:50;292;0
04-07-2009 15:51;256;0
04-07-2009 15:52;240;0
04-07-2009 15:53;332;0
04-07-2009 15:54;247;0
04-07-2009 15:55;365;0
04-07-2009 15:56;503;0
04-07-2009 15:57;609;0
04-07-2009 15:58;759;0
04-07-2009 15:59;888;1
04-07-2009 16:00;1008;1
04-07-2009 16:01;1073;1
04-07-2009 16:02;977;1
04-07-2009 16:03;649;0
04-07-2009 16:04;520;0
04-07-2009 16:05;69;0
04-07-2009 16:06;127;0
04-07-2009 16:07;0;0
04-07-2009 16:08;3;0
04-07-2009 16:09;103;0
04-07-2009 16:10;22;0
04-07-2009 16:11;7;0
04-07-2009 16:12;0;0
04-07-2009 16:13;0;0
04-07-2009 16:14;0;0
04-07-2009 16:15;0;0
04-07-2009 16:16;0;0
04-07-2009 16:17;0;0
04-07-2009 16:18;0;0
04-07-2009 16:19;0;0
04-07-2009 16:20;38;0
04-07-2009 16:21;146;0
04-07-2009 16:22;0;0
04-07-2009 16:23;0;0
04-07-2009 16:24;0;0
04-07-2009 16:25;0;0
04-07-2009 16:26;0;0
04-07-2009 16:27;0;0
04-07-2009 16:28;0;0
04-07-2009 16:29;0;0
04-07-2009 16:30;0;0
04-07-2009 16:31;0;0
04-07-2009 16:32;0;0
04-07-2009 16:33;0;0
04-07-2009 16:34;0;0
04-07-2009 16:35;0;0
04-07-2009 16:36;0;0
04-07-2009 16:37;0;0
04-07-2009 16:38;0;0
04-07-2009 16:39;736;0
04-07-2009 16:40;736;0
04-07-2009 16:41;122;0
04-07-2009 16:42;30;0
04-07-2009 16:43;38;0
04-07-2009 16:44;29;0
04-07-2009 16:45;81;0
04-07-2009 16:46;78;0
04-07-2009 16:47;42;0
04-07-2009 16:48;0;0
04-07-2009 16:49;0;0
04-07-2009 16:50;0;0
04-07-2009 16:51;0;0
04-07-2009 16:52;0;0
04-07-2009 16:53;0;0
04-07-2009 16:54;0;0
04-07-2009 16:55;0;0
04-07-2009 16:56;0;0
04-07-2009 16:57;0;0
04-07-2009 16:58;0;0
04-07-2009 16:59;0;0
04-07-2009 17:00;0;0
04-07-2009 17:01;0;0
04-07-2009 17:02;0;0
04-07-2009 17:03;0;0
04-07-2009 17:04;0;0
04-07-2009 17:05;103;0
04-07-2009 17:06;32;0
04-07-2009 17:07;49;0
04-07-2009 17:08;12;0
04-07-2009 17:09;22;0
04-07-2009 17:10;321;0
04-07-2009 17:11;354;0
04-07-2009 17:12;197;0
04-07-2009 17:13;141;0
04-07-2009 17:14;167;0
04-07-2009 17:15;146;0
04-07-2009 17:16;137;0
04-07-2009 17:17;51;0
04-07-2009 17:18;273;0
04-07-2009 17:19;472;0
04-07-2009 17:20;784;0
04-07-2009 17:21;283;0
04-07-2009 17:22;232;0
04-07-2009 17:23;92;0
04-07-2009 17:24;146;0
04-07-2009 17:25;0;0
04-07-2009 17:26;0;0
04-07-2009 17:27;78;0
04-07-2009 17:28;5;0
04-07-2009 17:29;0;0
04-07-2009 17:30;0;0
04-07-2009 17:31;0;0
04-07-2009 17:32;0;0
04-07-2009 17:33;0;0
04-07-2009 17:34;0;0
04-07-2009 17:35;0;0
04-07-2009 17:36;178;0
04-07-2009 17:37;23;0
04-07-2009 17:38;0;0
04-07-2009 17:39;7;0
04-07-2009 17:40;38;0
04-07-2009 17:41;0;0
04-07-2009 17:42;0;0
04-07-2009 17:43;2;0
04-07-2009 17:44;0;0
04-07-2009 17:45;0;0
04-07-2009 17:46;0;0
04-07-2009 17:47;0;0
04-07-2009 17:48;0;0
04-07-2009 17:49;0;0
04-07-2009 17:50;0;0
04-07-2009 17:51;0;0
04-07-2009 17:52;0;0
04-07-2009 17:53;0;0
04-07-2009 17:54;0;0
04-07-2009 17:55;0;0
04-07-2009 17:56;0;0
04-07-2009 17:57;0;0
04-07-2009 17:58;0;0
04-07-2009 17:59;11;0
04-07-2009 18:00;232;0
04-07-2009 18:01;111;0
04-07-2009 18:02;0;0
04-07-2009 18:03;0;0
04-07-2009 18:04;332;0
04-07-2009 18:05;609;0
04-07-2009 18:06;146;0
04-07-2009 18:07;161;0
04-07-2009 18:08;75;0
04-07-2009 18:09;197;0
04-07-2009 18:10;4;0
