TIMESTAMP;ACTIVITY;ANOMALY
06-14-2010 13:00;0;0
06-14-2010 13:01;0;0
06-14-2010 13:02;0;0
06-14-2010 13:03;0;0
06-14-2010 13:04;0;0
06-14-2010 13:05;0;0
06-14-2010 13:06;0;0
06-14-2010 13:07;0;0
06-14-2010 13:08;0;0
06-14-2010 13:09;885;1
06-14-2010 13:10;1512;1
06-14-2010 13:11;548;0
06-14-2010 13:12;17;0
06-14-2010 13:13;858;1
06-14-2010 13:14;371;0
06-14-2010 13:15;410;0
06-14-2010 13:16;1176;1
06-14-2010 13:17;1375;1
06-14-2010 13:18;1139;1
06-14-2010 13:19;885;1
06-14-2010 13:20;1037;1
06-14-2010 13:21;973;1
06-14-2010 13:22;885;1
06-14-2010 13:23;548;0
06-14-2010 13:24;943;1
06-14-2010 13:25;1004;1
06-14-2010 13:26;731;1
06-14-2010 13:27;779;1
06-14-2010 13:28;348;0
06-14-2010 13:29;513;0
06-14-2010 13:30;276;0
06-14-2010 13:31;348;0
06-14-2010 13:32;250;0
06-14-2010 13:33;226;0
06-14-2010 13:34;1004;1
06-14-2010 13:35;973;1
06-14-2010 13:36;1252;1
06-14-2010 13:37;4;0
06-14-2010 13:38;219;0
06-14-2010 13:39;643;0
06-14-2010 13:40;513;0
06-14-2010 13:41;149;0
06-14-2010 13:42;205;0
06-14-2010 13:43;161;0
06-14-2010 13:44;161;0
06-14-2010 13:45;144;0
06-14-2010 13:46;2340;1
06-14-2010 13:47;1560;1
06-14-2010 13:48;1176;1
06-14-2010 13:49;664;0
06-14-2010 13:50;566;0
06-14-2010 13:51;1941;1
06-14-2010 13:52;731;1
06-14-2010 13:53;1419;1
06-14-2010 13:54;1610;1
06-14-2010 13:55;1333;1
06-14-2010 13:56;1375;1
06-14-2010 13:57;1661;1
06-14-2010 13:58;1004;1
06-14-2010 13:59;482;0
06-14-2010 14:00;306;0
06-14-2010 14:01;286;0
06-14-2010 14:02;296;0
06-14-2010 14:03;410;0
06-14-2010 14:04;452;0
06-14-2010 14:05;623;0
06-14-2010 14:06;858;1
06-14-2010 14:07;397;0
06-14-2010 14:08;943;1
06-14-2010 14:09;233;0
06-14-2010 14:10;296;0
06-14-2010 14:11;513;0
06-14-2010 14:12;424;0
06-14-2010 14:13;424;0
06-14-2010 14:14;60;0
06-14-2010 14:15;43;0
06-14-2010 14:16;17;0
06-14-2010 14:17;17;0
06-14-2010 14:18;104;0
06-14-2010 14:19;85;0
06-14-2010 14:20;0;0
06-14-2010 14:21;63;0
06-14-2010 14:22;27;0
06-14-2010 14:23;88;0
06-14-2010 14:24;191;0
06-14-2010 14:25;198;0
06-14-2010 14:26;21;0
06-14-2010 14:27;530;0
06-14-2010 14:28;267;0
06-14-2010 14:29;108;0
06-14-2010 14:30;452;0
06-14-2010 14:31;913;1
06-14-2010 14:32;1070;1
06-14-2010 14:33;755;1
06-14-2010 14:34;397;0
06-14-2010 14:35;371;0
06-14-2010 14:36;286;0
06-14-2010 14:37;498;0
06-14-2010 14:38;212;0
06-14-2010 14:39;397;0
06-14-2010 14:40;585;0
06-14-2010 14:41;397;0
06-14-2010 14:42;134;0
06-14-2010 14:43;129;0
06-14-2010 14:44;466;0
06-14-2010 14:45;219;0
06-14-2010 14:46;46;0
06-14-2010 14:47;20;0
06-14-2010 14:48;144;0
06-14-2010 14:49;134;0
06-14-2010 14:50;259;0
06-14-2010 14:51;60;0
06-14-2010 14:52;9;0
06-14-2010 14:53;3;0
06-14-2010 14:54;144;0
06-14-2010 14:55;296;0
06-14-2010 14:56;973;1
06-14-2010 14:57;1070;1
06-14-2010 14:58;1176;1
06-14-2010 14:59;664;0
06-14-2010 15:00;1037;1
06-14-2010 15:01;1419;1
06-14-2010 15:02;1465;1
06-14-2010 15:03;1560;1
06-14-2010 15:04;686;1
06-14-2010 15:05;259;0
06-14-2010 15:06;286;0
06-14-2010 15:07;296;0
06-14-2010 15:08;548;0
06-14-2010 15:09;226;0
06-14-2010 15:10;513;0
06-14-2010 15:11;858;1
06-14-2010 15:12;623;0
06-14-2010 15:13;371;0
06-14-2010 15:14;134;0
06-14-2010 15:15;233;0
06-14-2010 15:16;1037;1
06-14-2010 15:17;26;0
06-14-2010 15:18;183;0
06-14-2010 15:19;296;0
06-14-2010 15:20;371;0
06-14-2010 15:21;100;0
06-14-2010 15:22;91;0
06-14-2010 15:23;276;0
06-14-2010 15:24;34;0
06-14-2010 15:25;44;0
06-14-2010 15:26;33;0
06-14-2010 15:27;63;0
06-14-2010 15:28;85;0
06-14-2010 15:29;3;0
06-14-2010 15:30;155;0
06-14-2010 15:31;7;0
06-14-2010 15:32;296;0
06-14-2010 15:33;100;0
06-14-2010 15:34;438;0
06-14-2010 15:35;973;1
06-14-2010 15:36;831;1
06-14-2010 15:37;585;0
06-14-2010 15:38;178;0
06-14-2010 15:39;1139;1
06-14-2010 15:40;858;1
06-14-2010 15:41;805;1
06-14-2010 15:42;858;1
06-14-2010 15:43;482;0
06-14-2010 15:44;191;0
06-14-2010 15:45;452;0
06-14-2010 15:46;424;0
06-14-2010 15:47;267;0
06-14-2010 15:48;466;0
06-14-2010 15:49;371;0
06-14-2010 15:50;623;0
06-14-2010 15:51;566;0
06-14-2010 15:52;1465;1
06-14-2010 15:53;1714;1
06-14-2010 15:54;858;1
06-14-2010 15:55;259;0
06-14-2010 15:56;183;0
06-14-2010 15:57;149;0
06-14-2010 15:58;198;0
06-14-2010 15:59;14;0
06-14-2010 16:00;424;0
06-14-2010 16:01;360;0
06-14-2010 16:02;212;0
06-14-2010 16:03;337;0
06-14-2010 16:04;161;0
06-14-2010 16:05;65;0
06-14-2010 16:06;40;0
06-14-2010 16:07;316;0
06-14-2010 16:08;198;0
06-14-2010 16:09;371;0
06-14-2010 16:10;438;0
06-14-2010 16:11;296;0
06-14-2010 16:12;242;0
06-14-2010 16:13;198;0
06-14-2010 16:14;397;0
06-14-2010 16:15;316;0
06-14-2010 16:16;466;0
06-14-2010 16:17;134;0
06-14-2010 16:18;219;0
06-14-2010 16:19;371;0
06-14-2010 16:20;233;0
06-14-2010 16:21;112;0
06-14-2010 16:22;74;0
06-14-2010 16:23;134;0
06-14-2010 16:24;198;0
06-14-2010 16:25;250;0
06-14-2010 16:26;172;0
06-14-2010 16:27;40;0
06-14-2010 16:28;183;0
06-14-2010 16:29;20;0
06-14-2010 16:30;155;0
06-14-2010 16:31;276;0
06-14-2010 16:32;191;0
06-14-2010 16:33;296;0
06-14-2010 16:34;686;1
06-14-2010 16:35;316;0
06-14-2010 16:36;286;0
06-14-2010 16:37;226;0
06-14-2010 16:38;242;0
06-14-2010 16:39;205;0
06-14-2010 16:40;161;0
06-14-2010 16:41;129;0
06-14-2010 16:42;65;0
06-14-2010 16:43;121;0
06-14-2010 16:44;226;0
06-14-2010 16:45;149;0
06-14-2010 16:46;134;0
06-14-2010 16:47;149;0
06-14-2010 16:48;149;0
06-14-2010 16:49;33;0
06-14-2010 16:50;326;0
06-14-2010 16:51;226;0
06-14-2010 16:52;371;0
06-14-2010 16:53;410;0
06-14-2010 16:54;306;0
06-14-2010 16:55;348;0
06-14-2010 16:56;513;0
06-14-2010 16:57;326;0
06-14-2010 16:58;466;0
06-14-2010 16:59;438;0
06-14-2010 17:00;708;1
06-14-2010 17:01;219;0
06-14-2010 17:02;337;0
06-14-2010 17:03;664;0
06-14-2010 17:04;831;1
06-14-2010 17:05;664;0
06-14-2010 17:06;371;0
06-14-2010 17:07;286;0
06-14-2010 17:08;125;0
06-14-2010 17:09;48;0
06-14-2010 17:10;129;0
06-14-2010 17:11;68;0
06-14-2010 17:12;0;0
06-14-2010 17:13;205;0
06-14-2010 17:14;37;0
06-14-2010 17:15;0;0
06-14-2010 17:16;23;0
06-14-2010 17:17;68;0
06-14-2010 17:18;129;0
06-14-2010 17:19;100;0
06-14-2010 17:20;0;0
06-14-2010 17:21;18;0
06-14-2010 17:22;198;0
06-14-2010 17:23;36;0
06-14-2010 17:24;68;0
06-14-2010 17:25;0;0
06-14-2010 17:26;129;0
06-14-2010 17:27;9;0
06-14-2010 17:28;144;0
06-14-2010 17:29;134;0
06-14-2010 17:30;117;0
06-14-2010 17:31;466;0
06-14-2010 17:32;155;0
06-14-2010 17:33;57;0
06-14-2010 17:34;95;0
06-14-2010 17:35;85;0
06-14-2010 17:36;74;0
06-14-2010 17:37;0;0
06-14-2010 17:38;71;0
06-14-2010 17:39;0;0
06-14-2010 17:40;95;0
06-14-2010 17:41;125;0
06-14-2010 17:42;212;0
06-14-2010 17:43;0;0
06-14-2010 17:44;0;0
06-14-2010 17:45;3;0
06-14-2010 17:46;0;0
06-14-2010 17:47;0;0
06-14-2010 17:48;0;0
06-14-2010 17:49;0;0
06-14-2010 17:50;0;0
06-14-2010 17:51;80;0
06-14-2010 17:52;95;0
06-14-2010 17:53;65;0
06-14-2010 17:54;71;0
06-14-2010 17:55;360;0
06-14-2010 17:56;172;0
06-14-2010 17:57;28;0
06-14-2010 17:58;60;0
06-14-2010 17:59;51;0
06-14-2010 18:00;82;0
06-14-2010 18:01;0;0
06-14-2010 18:02;0;0
06-14-2010 18:03;0;0
06-14-2010 18:04;3;0
06-14-2010 18:05;18;0
06-14-2010 18:06;43;0
06-14-2010 18:07;161;0
06-14-2010 18:08;31;0
06-14-2010 18:09;0;0
06-14-2010 18:10;267;0
06-14-2010 18:11;306;0
06-14-2010 18:12;36;0
06-14-2010 18:13;259;0
06-14-2010 18:14;259;0
06-14-2010 18:15;1037;1
06-14-2010 18:16;1610;1
06-14-2010 18:17;973;1
06-14-2010 18:18;1004;1
06-14-2010 18:19;326;0
06-14-2010 18:20;40;0
06-14-2010 18:21;27;0
06-14-2010 18:22;166;0
06-14-2010 18:23;121;0
06-14-2010 18:24;0;0
06-14-2010 18:25;0;0
06-14-2010 18:26;0;0
06-14-2010 18:27;0;0
06-14-2010 18:28;0;0
06-14-2010 18:29;0;0
06-14-2010 18:30;0;0
06-14-2010 18:31;23;0
06-14-2010 18:32;219;0
06-14-2010 18:33;11;0
06-14-2010 18:34;0;0
06-14-2010 18:35;0;0
06-14-2010 18:36;0;0
06-14-2010 18:37;0;0
06-14-2010 18:38;0;0
06-14-2010 18:39;10;0
06-14-2010 18:40;134;0
06-14-2010 18:41;0;0
06-14-2010 18:42;125;0
06-14-2010 18:43;10;0
06-14-2010 18:44;134;0
06-14-2010 18:45;7;0
06-14-2010 18:46;0;0
06-14-2010 18:47;0;0
06-14-2010 18:48;0;0
06-14-2010 18:49;80;0
06-14-2010 18:50;6;0
06-14-2010 18:51;0;0
06-14-2010 18:52;0;0
06-14-2010 18:53;11;0
06-14-2010 18:54;0;0
06-14-2010 18:55;0;0
06-14-2010 18:56;0;0
06-14-2010 18:57;77;0
06-14-2010 18:58;316;0
06-14-2010 18:59;129;0
06-14-2010 19:00;91;0
06-14-2010 19:01;3;0
06-14-2010 19:02;16;0
06-14-2010 19:03;104;0
06-14-2010 19:04;205;0
06-14-2010 19:05;18;0
06-14-2010 19:06;16;0
06-14-2010 19:07;0;0
06-14-2010 19:08;198;0
06-14-2010 19:09;226;0
06-14-2010 19:10;57;0
06-14-2010 19:11;108;0
06-14-2010 19:12;44;0
06-14-2010 19:13;117;0
06-14-2010 19:14;54;0
06-14-2010 19:15;212;0
06-14-2010 19:16;134;0
06-14-2010 19:17;191;0
06-14-2010 19:18;112;0
06-14-2010 19:19;65;0
06-14-2010 19:20;7;0
06-14-2010 19:21;0;0
06-14-2010 19:22;0;0
06-14-2010 19:23;0;0
06-14-2010 19:24;34;0
06-14-2010 19:25;0;0
06-14-2010 19:26;3;0
06-14-2010 19:27;34;0
06-14-2010 19:28;129;0
06-14-2010 19:29;250;0
06-14-2010 19:30;68;0
06-14-2010 19:31;0;0
06-14-2010 19:32;4;0
06-14-2010 19:33;10;0
06-14-2010 19:34;10;0
06-14-2010 19:35;23;0
06-14-2010 19:36;74;0
06-14-2010 19:37;31;0
06-14-2010 19:38;172;0
06-14-2010 19:39;23;0
06-14-2010 19:40;18;0
06-14-2010 19:41;43;0
06-14-2010 19:42;23;0
06-14-2010 19:43;16;0
06-14-2010 19:44;3;0
06-14-2010 19:45;31;0
06-14-2010 19:46;0;0
06-14-2010 19:47;0;0
06-14-2010 19:48;3;0
06-14-2010 19:49;7;0
06-14-2010 19:50;44;0
06-14-2010 19:51;0;0
06-14-2010 19:52;205;0
06-14-2010 19:53;71;0
06-14-2010 19:54;0;0
06-14-2010 19:55;0;0
06-14-2010 19:56;0;0
06-14-2010 19:57;0;0
06-14-2010 19:58;0;0
06-14-2010 19:59;0;0
06-14-2010 20:00;0;0
06-14-2010 20:01;0;0
06-14-2010 20:02;0;0
06-14-2010 20:03;0;0
06-14-2010 20:04;0;0
06-14-2010 20:05;0;0
06-14-2010 20:06;0;0
06-14-2010 20:07;0;0
06-14-2010 20:08;0;0
06-14-2010 20:09;0;0
06-14-2010 20:10;0;0
06-14-2010 20:11;0;0
06-14-2010 20:12;0;0
06-14-2010 20:13;16;0
06-14-2010 20:14;0;0
06-14-2010 20:15;0;0
06-14-2010 20:16;0;0
06-14-2010 20:17;0;0
06-14-2010 20:18;0;0
06-14-2010 20:19;10;0
06-14-2010 20:20;0;0
06-14-2010 20:21;0;0
06-14-2010 20:22;0;0
06-14-2010 20:23;226;0
06-14-2010 20:24;913;1
06-14-2010 20:25;779;1
06-14-2010 20:26;708;1
06-14-2010 20:27;1104;1
06-14-2010 20:28;1037;1
06-14-2010 20:29;731;1
06-14-2010 20:30;755;1
06-14-2010 20:31;708;1
06-14-2010 20:32;424;0
06-14-2010 20:33;250;0
06-14-2010 20:34;276;0
06-14-2010 20:35;643;0
06-14-2010 20:36;1661;1
06-14-2010 20:37;1037;1
06-14-2010 20:38;1291;1
06-14-2010 20:39;1291;1
06-14-2010 20:40;779;1
06-14-2010 20:41;731;1
06-14-2010 20:42;603;0
06-14-2010 20:43;731;1
06-14-2010 20:44;548;0
06-14-2010 20:45;250;0
06-14-2010 20:46;233;0
06-14-2010 20:47;337;0
06-14-2010 20:48;178;0
06-14-2010 20:49;603;0
06-14-2010 20:50;513;0
06-14-2010 20:51;198;0
06-14-2010 20:52;3;0
06-14-2010 20:53;0;0
06-14-2010 20:54;178;0
06-14-2010 20:55;71;0
06-14-2010 20:56;348;0
06-14-2010 20:57;250;0
06-14-2010 20:58;466;0
06-14-2010 20:59;708;1
06-14-2010 21:00;60;0
06-14-2010 21:01;121;0
06-14-2010 21:02;286;0
06-14-2010 21:03;250;0
06-14-2010 21:04;286;0
06-14-2010 21:05;452;0
06-14-2010 21:06;424;0
06-14-2010 21:07;731;1
06-14-2010 21:08;603;0
06-14-2010 21:09;155;0
06-14-2010 21:10;117;0
06-14-2010 21:11;88;0
06-14-2010 21:12;424;0
06-14-2010 21:13;77;0
06-14-2010 21:14;296;0
06-14-2010 21:15;438;0
06-14-2010 21:16;371;0
06-14-2010 21:17;913;1
06-14-2010 21:18;438;0
06-14-2010 21:19;913;1
06-14-2010 21:20;1252;1
06-14-2010 21:21;913;1
06-14-2010 21:22;858;1
06-14-2010 21:23;1070;1
06-14-2010 21:24;371;0
06-14-2010 21:25;498;0
06-14-2010 21:26;858;1
06-14-2010 21:27;805;1
06-14-2010 21:28;316;0
06-14-2010 21:29;316;0
06-14-2010 21:30;371;0
06-14-2010 21:31;498;0
06-14-2010 21:32;498;0
06-14-2010 21:33;664;0
06-14-2010 21:34;858;1
06-14-2010 21:35;548;0
06-14-2010 21:36;831;1
06-14-2010 21:37;805;1
06-14-2010 21:38;858;1
06-14-2010 21:39;779;1
06-14-2010 21:40;424;0
06-14-2010 21:41;438;0
06-14-2010 21:42;348;0
06-14-2010 21:43;643;0
06-14-2010 21:44;708;1
06-14-2010 21:45;585;0
06-14-2010 21:46;548;0
06-14-2010 21:47;498;0
06-14-2010 21:48;913;1
06-14-2010 21:49;513;0
06-14-2010 21:50;183;0
06-14-2010 21:51;664;0
06-14-2010 21:52;1104;1
06-14-2010 21:53;108;0
06-14-2010 21:54;316;0
06-14-2010 21:55;913;1
06-14-2010 21:56;566;0
06-14-2010 21:57;498;0
06-14-2010 21:58;250;0
06-14-2010 21:59;191;0
06-14-2010 22:00;438;0
06-14-2010 22:01;326;0
06-14-2010 22:02;513;0
06-14-2010 22:03;548;0
06-14-2010 22:04;686;1
06-14-2010 22:05;242;0
06-14-2010 22:06;326;0
06-14-2010 22:07;384;0
06-14-2010 22:08;95;0
06-14-2010 22:09;276;0
06-14-2010 22:10;166;0
06-14-2010 22:11;166;0
06-14-2010 22:12;172;0
06-14-2010 22:13;259;0
06-14-2010 22:14;530;0
06-14-2010 22:15;371;0
06-14-2010 22:16;513;0
06-14-2010 22:17;104;0
06-14-2010 22:18;166;0
06-14-2010 22:19;242;0
06-14-2010 22:20;134;0
06-14-2010 22:21;424;0
06-14-2010 22:22;60;0
06-14-2010 22:23;0;0
06-14-2010 22:24;397;0
06-14-2010 22:25;371;0
06-14-2010 22:26;183;0
06-14-2010 22:27;242;0
06-14-2010 22:28;250;0
06-14-2010 22:29;384;0
06-14-2010 22:30;348;0
06-14-2010 22:31;360;0
06-14-2010 22:32;316;0
06-14-2010 22:33;360;0
06-14-2010 22:34;337;0
06-14-2010 22:35;191;0
06-14-2010 22:36;226;0
06-14-2010 22:37;219;0
06-14-2010 22:38;337;0
06-14-2010 22:39;276;0
06-14-2010 22:40;360;0
06-14-2010 22:41;466;0
06-14-2010 22:42;410;0
06-14-2010 22:43;482;0
06-14-2010 22:44;623;0
06-14-2010 22:45;360;0
06-14-2010 22:46;129;0
06-14-2010 22:47;242;0
06-14-2010 22:48;138;0
06-14-2010 22:49;121;0
06-14-2010 22:50;286;0
06-14-2010 22:51;68;0
06-14-2010 22:52;326;0
06-14-2010 22:53;360;0
06-14-2010 22:54;250;0
06-14-2010 22:55;198;0
06-14-2010 22:56;360;0
06-14-2010 22:57;91;0
06-14-2010 22:58;100;0
06-14-2010 22:59;371;0
06-14-2010 23:00;384;0
06-14-2010 23:01;360;0
06-14-2010 23:02;566;0
06-14-2010 23:03;623;0
06-14-2010 23:04;943;1
06-14-2010 23:05;482;0
06-14-2010 23:06;566;0
06-14-2010 23:07;530;0
06-14-2010 23:08;708;1
06-14-2010 23:09;360;0
06-14-2010 23:10;410;0
06-14-2010 23:11;30;0
06-14-2010 23:12;20;0
06-14-2010 23:13;26;0
06-14-2010 23:14;24;0
06-14-2010 23:15;57;0
06-14-2010 23:16;0;0
06-14-2010 23:17;4;0
06-14-2010 23:18;3;0
06-14-2010 23:19;0;0
06-14-2010 23:20;134;0
06-14-2010 23:21;513;0
06-14-2010 23:22;482;0
06-14-2010 23:23;466;0
06-14-2010 23:24;530;0
06-14-2010 23:25;452;0
06-14-2010 23:26;348;0
06-14-2010 23:27;548;0
06-14-2010 23:28;166;0
06-14-2010 23:29;397;0
06-14-2010 23:30;360;0
06-14-2010 23:31;183;0
06-14-2010 23:32;48;0
06-14-2010 23:33;0;0
06-14-2010 23:34;14;0
06-14-2010 23:35;155;0
06-14-2010 23:36;219;0
06-14-2010 23:37;117;0
06-14-2010 23:38;95;0
06-14-2010 23:39;183;0
06-14-2010 23:40;219;0
06-14-2010 23:41;482;0
06-14-2010 23:42;306;0
06-14-2010 23:43;191;0
06-14-2010 23:44;226;0
06-14-2010 23:45;0;0
06-14-2010 23:46;14;0
06-14-2010 23:47;205;0
06-14-2010 23:48;585;0
06-14-2010 23:49;779;1
06-14-2010 23:50;397;0
06-14-2010 23:51;384;0
06-14-2010 23:52;585;0
06-14-2010 23:53;482;0
06-14-2010 23:54;31;0
06-14-2010 23:55;0;0
06-14-2010 23:56;0;0
06-14-2010 23:57;0;0
06-14-2010 23:58;0;0
06-14-2010 23:59;0;0
06-15-2010 00:00;0;0
06-15-2010 00:01;0;0
06-15-2010 00:02;0;0
06-15-2010 00:03;0;0
06-15-2010 00:04;0;0
06-15-2010 00:05;0;0
06-15-2010 00:06;0;0
06-15-2010 00:07;0;0
06-15-2010 00:08;0;0
06-15-2010 00:09;0;0
06-15-2010 00:10;0;0
06-15-2010 00:11;0;0
06-15-2010 00:12;0;0
06-15-2010 00:13;0;0
06-15-2010 00:14;0;0
06-15-2010 00:15;0;0
06-15-2010 00:16;0;0
06-15-2010 00:17;0;0
06-15-2010 00:18;0;0
06-15-2010 00:19;0;0
06-15-2010 00:20;0;0
06-15-2010 00:21;0;0
06-15-2010 00:22;0;0
06-15-2010 00:23;0;0
06-15-2010 00:24;0;0
06-15-2010 00:25;0;0
06-15-2010 00:26;0;0
06-15-2010 00:27;0;0
06-15-2010 00:28;0;0
06-15-2010 00:29;603;0
06-15-2010 00:30;384;0
06-15-2010 00:31;198;0
06-15-2010 00:32;548;0
06-15-2010 00:33;1213;1
06-15-2010 00:34;623;0
06-15-2010 00:35;267;0
06-15-2010 00:36;100;0
06-15-2010 00:37;198;0
06-15-2010 00:38;212;0
06-15-2010 00:39;198;0
06-15-2010 00:40;149;0
06-15-2010 00:41;31;0
06-15-2010 00:42;46;0
06-15-2010 00:43;233;0
06-15-2010 00:44;424;0
06-15-2010 00:45;337;0
06-15-2010 00:46;0;0
06-15-2010 00:47;0;0
06-15-2010 00:48;0;0
06-15-2010 00:49;0;0
06-15-2010 00:50;913;1
06-15-2010 00:51;13;0
06-15-2010 00:52;3;0
06-15-2010 00:53;0;0
06-15-2010 00:54;134;0
06-15-2010 00:55;205;0
06-15-2010 00:56;438;0
06-15-2010 00:57;259;0
06-15-2010 00:58;37;0
06-15-2010 00:59;259;0
06-15-2010 01:00;348;0
06-15-2010 01:01;134;0
06-15-2010 01:02;48;0
06-15-2010 01:03;91;0
06-15-2010 01:04;242;0
06-15-2010 01:05;885;1
06-15-2010 01:06;686;1
06-15-2010 01:07;21;0
06-15-2010 01:08;0;0
06-15-2010 01:09;623;0
06-15-2010 01:10;0;0
06-15-2010 01:11;0;0
06-15-2010 01:12;0;0
06-15-2010 01:13;0;0
06-15-2010 01:14;0;0
06-15-2010 01:15;0;0
06-15-2010 01:16;0;0
06-15-2010 01:17;0;0
06-15-2010 01:18;0;0
06-15-2010 01:19;0;0
06-15-2010 01:20;0;0
06-15-2010 01:21;0;0
06-15-2010 01:22;0;0
06-15-2010 01:23;0;0
06-15-2010 01:24;0;0
06-15-2010 01:25;0;0
06-15-2010 01:26;0;0
06-15-2010 01:27;0;0
06-15-2010 01:28;0;0
06-15-2010 01:29;0;0
06-15-2010 01:30;0;0
06-15-2010 01:31;0;0
06-15-2010 01:32;0;0
06-15-2010 01:33;0;0
06-15-2010 01:34;0;0
06-15-2010 01:35;0;0
06-15-2010 01:36;0;0
06-15-2010 01:37;51;0
06-15-2010 01:38;0;0
06-15-2010 01:39;513;0
06-15-2010 01:40;205;0
06-15-2010 01:41;0;0
06-15-2010 01:42;0;0
06-15-2010 01:43;0;0
06-15-2010 01:44;0;0
06-15-2010 01:45;0;0
06-15-2010 01:46;0;0
06-15-2010 01:47;0;0
06-15-2010 01:48;0;0
06-15-2010 01:49;0;0
06-15-2010 01:50;0;0
06-15-2010 01:51;0;0
06-15-2010 01:52;0;0
06-15-2010 01:53;0;0
06-15-2010 01:54;0;0
06-15-2010 01:55;0;0
06-15-2010 01:56;0;0
06-15-2010 01:57;0;0
06-15-2010 01:58;0;0
06-15-2010 01:59;0;0
06-15-2010 02:00;0;0
06-15-2010 02:01;0;0
06-15-2010 02:02;0;0
06-15-2010 02:03;0;0
06-15-2010 02:04;0;0
06-15-2010 02:05;0;0
06-15-2010 02:06;0;0
06-15-2010 02:07;0;0
06-15-2010 02:08;0;0
06-15-2010 02:09;0;0
06-15-2010 02:10;0;0
06-15-2010 02:11;0;0
06-15-2010 02:12;0;0
06-15-2010 02:13;0;0
06-15-2010 02:14;0;0
06-15-2010 02:15;0;0
06-15-2010 02:16;0;0
06-15-2010 02:17;0;0
06-15-2010 02:18;0;0
06-15-2010 02:19;0;0
06-15-2010 02:20;0;0
06-15-2010 02:21;16;0
06-15-2010 02:22;0;0
06-15-2010 02:23;24;0
06-15-2010 02:24;0;0
06-15-2010 02:25;0;0
06-15-2010 02:26;0;0
06-15-2010 02:27;0;0
06-15-2010 02:28;0;0
06-15-2010 02:29;0;0
06-15-2010 02:30;0;0
06-15-2010 02:31;0;0
06-15-2010 02:32;0;0
06-15-2010 02:33;0;0
06-15-2010 02:34;0;0
06-15-2010 02:35;0;0
06-15-2010 02:36;0;0
06-15-2010 02:37;0;0
06-15-2010 02:38;0;0
06-15-2010 02:39;0;0
06-15-2010 02:40;37;0
06-15-2010 02:41;643;0
06-15-2010 02:42;0;0
06-15-2010 02:43;0;0
06-15-2010 02:44;0;0
06-15-2010 02:45;0;0
06-15-2010 02:46;0;0
06-15-2010 02:47;0;0
06-15-2010 02:48;0;0
06-15-2010 02:49;0;0
06-15-2010 02:50;0;0
06-15-2010 02:51;0;0
06-15-2010 02:52;0;0
06-15-2010 02:53;0;0
06-15-2010 02:54;0;0
06-15-2010 02:55;0;0
06-15-2010 02:56;7;0
06-15-2010 02:57;0;0
06-15-2010 02:58;0;0
06-15-2010 02:59;0;0
06-15-2010 03:00;0;0
06-15-2010 03:01;664;0
06-15-2010 03:02;296;0
06-15-2010 03:03;316;0
06-15-2010 03:04;337;0
06-15-2010 03:05;316;0
06-15-2010 03:06;286;0
06-15-2010 03:07;296;0
06-15-2010 03:08;286;0
06-15-2010 03:09;259;0
06-15-2010 03:10;259;0
06-15-2010 03:11;250;0
06-15-2010 03:12;250;0
06-15-2010 03:13;250;0
06-15-2010 03:14;219;0
06-15-2010 03:15;191;0
06-15-2010 03:16;191;0
06-15-2010 03:17;198;0
06-15-2010 03:18;178;0
06-15-2010 03:19;212;0
06-15-2010 03:20;233;0
06-15-2010 03:21;226;0
06-15-2010 03:22;205;0
06-15-2010 03:23;205;0
06-15-2010 03:24;233;0
06-15-2010 03:25;259;0
06-15-2010 03:26;205;0
06-15-2010 03:27;242;0
06-15-2010 03:28;242;0
06-15-2010 03:29;233;0
06-15-2010 03:30;226;0
06-15-2010 03:31;226;0
06-15-2010 03:32;205;0
06-15-2010 03:33;233;0
06-15-2010 03:34;250;0
06-15-2010 03:35;233;0
06-15-2010 03:36;424;0
06-15-2010 03:37;172;0
06-15-2010 03:38;0;0
06-15-2010 03:39;0;0
06-15-2010 03:40;0;0
06-15-2010 03:41;0;0
06-15-2010 03:42;0;0
06-15-2010 03:43;0;0
06-15-2010 03:44;0;0
06-15-2010 03:45;0;0
06-15-2010 03:46;0;0
06-15-2010 03:47;0;0
06-15-2010 03:48;0;0
06-15-2010 03:49;0;0
06-15-2010 03:50;0;0
06-15-2010 03:51;0;0
06-15-2010 03:52;0;0
06-15-2010 03:53;0;0
06-15-2010 03:54;0;0
06-15-2010 03:55;0;0
06-15-2010 03:56;0;0
06-15-2010 03:57;885;1
06-15-2010 03:58;0;0
06-15-2010 03:59;134;0
06-15-2010 04:00;95;0
06-15-2010 04:01;44;0
06-15-2010 04:02;0;0
06-15-2010 04:03;71;0
06-15-2010 04:04;0;0
06-15-2010 04:05;0;0
06-15-2010 04:06;34;0
06-15-2010 04:07;0;0
06-15-2010 04:08;0;0
06-15-2010 04:09;51;0
06-15-2010 04:10;0;0
06-15-2010 04:11;0;0
06-15-2010 04:12;0;0
06-15-2010 04:13;0;0
06-15-2010 04:14;0;0
06-15-2010 04:15;0;0
06-15-2010 04:16;0;0
06-15-2010 04:17;0;0
06-15-2010 04:18;6;0
06-15-2010 04:19;0;0
06-15-2010 04:20;0;0
06-15-2010 04:21;0;0
06-15-2010 04:22;51;0
06-15-2010 04:23;104;0
06-15-2010 04:24;16;0
06-15-2010 04:25;37;0
06-15-2010 04:26;14;0
06-15-2010 04:27;14;0
06-15-2010 04:28;27;0
06-15-2010 04:29;0;0
06-15-2010 04:30;60;0
06-15-2010 04:31;17;0
06-15-2010 04:32;0;0
06-15-2010 04:33;0;0
06-15-2010 04:34;0;0
06-15-2010 04:35;0;0
06-15-2010 04:36;0;0
06-15-2010 04:37;0;0
06-15-2010 04:38;0;0
06-15-2010 04:39;0;0
06-15-2010 04:40;0;0
06-15-2010 04:41;0;0
06-15-2010 04:42;0;0
06-15-2010 04:43;0;0
06-15-2010 04:44;0;0
06-15-2010 04:45;0;0
06-15-2010 04:46;0;0
06-15-2010 04:47;0;0
06-15-2010 04:48;0;0
06-15-2010 04:49;0;0
06-15-2010 04:50;0;0
06-15-2010 04:51;0;0
06-15-2010 04:52;0;0
06-15-2010 04:53;0;0
06-15-2010 04:54;0;0
06-15-2010 04:55;276;0
06-15-2010 04:56;0;0
06-15-2010 04:57;0;0
06-15-2010 04:58;250;0
06-15-2010 04:59;0;0
06-15-2010 05:00;0;0
06-15-2010 05:01;0;0
06-15-2010 05:02;0;0
06-15-2010 05:03;0;0
06-15-2010 05:04;0;0
06-15-2010 05:05;0;0
06-15-2010 05:06;0;0
06-15-2010 05:07;0;0
06-15-2010 05:08;0;0
06-15-2010 05:09;0;0
06-15-2010 05:10;0;0
06-15-2010 05:11;0;0
06-15-2010 05:12;0;0
06-15-2010 05:13;0;0
06-15-2010 05:14;0;0
06-15-2010 05:15;0;0
06-15-2010 05:16;0;0
06-15-2010 05:17;0;0
06-15-2010 05:18;233;0
06-15-2010 05:19;27;0
06-15-2010 05:20;0;0
06-15-2010 05:21;0;0
06-15-2010 05:22;0;0
06-15-2010 05:23;3;0
06-15-2010 05:24;0;0
06-15-2010 05:25;0;0
06-15-2010 05:26;0;0
06-15-2010 05:27;4;0
06-15-2010 05:28;0;0
06-15-2010 05:29;0;0
06-15-2010 05:30;0;0
06-15-2010 05:31;0;0
06-15-2010 05:32;452;0
06-15-2010 05:33;0;0
06-15-2010 05:34;198;0
06-15-2010 05:35;0;0
06-15-2010 05:36;0;0
06-15-2010 05:37;0;0
06-15-2010 05:38;0;0
06-15-2010 05:39;466;0
06-15-2010 05:40;0;0
06-15-2010 05:41;0;0
06-15-2010 05:42;0;0
06-15-2010 05:43;0;0
06-15-2010 05:44;0;0
06-15-2010 05:45;0;0
06-15-2010 05:46;33;0
06-15-2010 05:47;0;0
06-15-2010 05:48;0;0
06-15-2010 05:49;0;0
06-15-2010 05:50;0;0
06-15-2010 05:51;0;0
06-15-2010 05:52;0;0
06-15-2010 05:53;0;0
06-15-2010 05:54;0;0
06-15-2010 05:55;0;0
06-15-2010 05:56;0;0
06-15-2010 05:57;0;0
06-15-2010 05:58;183;0
06-15-2010 05:59;0;0
06-15-2010 06:00;0;0
06-15-2010 06:01;0;0
06-15-2010 06:02;0;0
06-15-2010 06:03;0;0
06-15-2010 06:04;0;0
06-15-2010 06:05;0;0
06-15-2010 06:06;63;0
06-15-2010 06:07;0;0
06-15-2010 06:08;0;0
06-15-2010 06:09;0;0
06-15-2010 06:10;0;0
06-15-2010 06:11;0;0
06-15-2010 06:12;0;0
06-15-2010 06:13;0;0
06-15-2010 06:14;0;0
06-15-2010 06:15;0;0
06-15-2010 06:16;0;0
06-15-2010 06:17;0;0
06-15-2010 06:18;0;0
06-15-2010 06:19;0;0
06-15-2010 06:20;0;0
06-15-2010 06:21;0;0
06-15-2010 06:22;0;0
06-15-2010 06:23;125;0
06-15-2010 06:24;0;0
06-15-2010 06:25;0;0
06-15-2010 06:26;0;0
06-15-2010 06:27;0;0
06-15-2010 06:28;0;0
06-15-2010 06:29;0;0
06-15-2010 06:30;0;0
06-15-2010 06:31;0;0
06-15-2010 06:32;0;0
06-15-2010 06:33;0;0
06-15-2010 06:34;0;0
06-15-2010 06:35;0;0
06-15-2010 06:36;0;0
06-15-2010 06:37;0;0
06-15-2010 06:38;0;0
06-15-2010 06:39;0;0
06-15-2010 06:40;0;0
06-15-2010 06:41;0;0
06-15-2010 06:42;46;0
06-15-2010 06:43;0;0
06-15-2010 06:44;0;0
06-15-2010 06:45;0;0
06-15-2010 06:46;0;0
06-15-2010 06:47;0;0
06-15-2010 06:48;0;0
06-15-2010 06:49;0;0
06-15-2010 06:50;0;0
06-15-2010 06:51;0;0
06-15-2010 06:52;0;0
06-15-2010 06:53;0;0
06-15-2010 06:54;104;0
06-15-2010 06:55;0;0
06-15-2010 06:56;0;0
06-15-2010 06:57;104;0
06-15-2010 06:58;0;0
06-15-2010 06:59;0;0
06-15-2010 07:00;0;0
06-15-2010 07:01;0;0
06-15-2010 07:02;0;0
06-15-2010 07:03;0;0
06-15-2010 07:04;0;0
06-15-2010 07:05;0;0
06-15-2010 07:06;0;0
06-15-2010 07:07;0;0
06-15-2010 07:08;397;0
06-15-2010 07:09;0;0
06-15-2010 07:10;0;0
06-15-2010 07:11;0;0
06-15-2010 07:12;0;0
06-15-2010 07:13;0;0
06-15-2010 07:14;0;0
06-15-2010 07:15;0;0
06-15-2010 07:16;0;0
06-15-2010 07:17;0;0
06-15-2010 07:18;0;0
06-15-2010 07:19;0;0
06-15-2010 07:20;0;0
06-15-2010 07:21;0;0
06-15-2010 07:22;0;0
06-15-2010 07:23;0;0
06-15-2010 07:24;0;0
06-15-2010 07:25;0;0
06-15-2010 07:26;296;0
06-15-2010 07:27;82;0
06-15-2010 07:28;6;0
06-15-2010 07:29;0;0
06-15-2010 07:30;0;0
06-15-2010 07:31;316;0
06-15-2010 07:32;0;0
06-15-2010 07:33;0;0
06-15-2010 07:34;0;0
06-15-2010 07:35;226;0
06-15-2010 07:36;0;0
06-15-2010 07:37;0;0
06-15-2010 07:38;0;0
06-15-2010 07:39;0;0
06-15-2010 07:40;0;0
06-15-2010 07:41;0;0
06-15-2010 07:42;0;0
06-15-2010 07:43;0;0
06-15-2010 07:44;0;0
06-15-2010 07:45;0;0
06-15-2010 07:46;0;0
06-15-2010 07:47;0;0
06-15-2010 07:48;0;0
06-15-2010 07:49;0;0
06-15-2010 07:50;0;0
06-15-2010 07:51;0;0
06-15-2010 07:52;33;0
06-15-2010 07:53;0;0
06-15-2010 07:54;0;0
06-15-2010 07:55;0;0
06-15-2010 07:56;0;0
06-15-2010 07:57;0;0
06-15-2010 07:58;1070;1
06-15-2010 07:59;219;0
06-15-2010 08:00;250;0
06-15-2010 08:01;0;0
06-15-2010 08:02;233;0
06-15-2010 08:03;466;0
06-15-2010 08:04;144;0
06-15-2010 08:05;0;0
06-15-2010 08:06;0;0
06-15-2010 08:07;0;0
06-15-2010 08:08;0;0
06-15-2010 08:09;0;0
06-15-2010 08:10;0;0
06-15-2010 08:11;0;0
06-15-2010 08:12;0;0
06-15-2010 08:13;31;0
06-15-2010 08:14;0;0
06-15-2010 08:15;0;0
06-15-2010 08:16;0;0
06-15-2010 08:17;0;0
06-15-2010 08:18;0;0
06-15-2010 08:19;0;0
06-15-2010 08:20;0;0
06-15-2010 08:21;0;0
06-15-2010 08:22;0;0
06-15-2010 08:23;0;0
06-15-2010 08:24;0;0
06-15-2010 08:25;0;0
06-15-2010 08:26;0;0
06-15-2010 08:27;0;0
06-15-2010 08:28;0;0
06-15-2010 08:29;0;0
06-15-2010 08:30;0;0
06-15-2010 08:31;0;0
06-15-2010 08:32;0;0
06-15-2010 08:33;0;0
06-15-2010 08:34;0;0
06-15-2010 08:35;0;0
06-15-2010 08:36;0;0
06-15-2010 08:37;0;0
06-15-2010 08:38;0;0
06-15-2010 08:39;0;0
06-15-2010 08:40;0;0
06-15-2010 08:41;0;0
06-15-2010 08:42;0;0
06-15-2010 08:43;0;0
06-15-2010 08:44;0;0
06-15-2010 08:45;0;0
06-15-2010 08:46;0;0
06-15-2010 08:47;348;0
06-15-2010 08:48;104;0
06-15-2010 08:49;0;0
06-15-2010 08:50;0;0
06-15-2010 08:51;0;0
06-15-2010 08:52;108;0
06-15-2010 08:53;0;0
06-15-2010 08:54;74;0
06-15-2010 08:55;0;0
06-15-2010 08:56;0;0
06-15-2010 08:57;0;0
06-15-2010 08:58;0;0
06-15-2010 08:59;0;0
06-15-2010 09:00;0;0
06-15-2010 09:01;0;0
06-15-2010 09:02;0;0
06-15-2010 09:03;0;0
06-15-2010 09:04;0;0
06-15-2010 09:05;43;0
06-15-2010 09:06;183;0
06-15-2010 09:07;316;0
06-15-2010 09:08;0;0
06-15-2010 09:09;0;0
06-15-2010 09:10;0;0
06-15-2010 09:11;0;0
06-15-2010 09:12;0;0
06-15-2010 09:13;0;0
06-15-2010 09:14;0;0
06-15-2010 09:15;0;0
06-15-2010 09:16;0;0
06-15-2010 09:17;0;0
06-15-2010 09:18;0;0
06-15-2010 09:19;0;0
06-15-2010 09:20;0;0
06-15-2010 09:21;0;0
06-15-2010 09:22;0;0
06-15-2010 09:23;0;0
06-15-2010 09:24;20;0
06-15-2010 09:25;0;0
06-15-2010 09:26;0;0
06-15-2010 09:27;0;0
06-15-2010 09:28;0;0
06-15-2010 09:29;82;0
06-15-2010 09:30;0;0
06-15-2010 09:31;6;0
06-15-2010 09:32;0;0
06-15-2010 09:33;0;0
06-15-2010 09:34;0;0
06-15-2010 09:35;6;0
06-15-2010 09:36;0;0
06-15-2010 09:37;0;0
06-15-2010 09:38;91;0
06-15-2010 09:39;410;0
06-15-2010 09:40;13;0
06-15-2010 09:41;112;0
06-15-2010 09:42;384;0
06-15-2010 09:43;0;0
06-15-2010 09:44;0;0
06-15-2010 09:45;0;0
06-15-2010 09:46;0;0
06-15-2010 09:47;0;0
06-15-2010 09:48;155;0
06-15-2010 09:49;0;0
06-15-2010 09:50;0;0
06-15-2010 09:51;0;0
06-15-2010 09:52;0;0
06-15-2010 09:53;0;0
06-15-2010 09:54;0;0
06-15-2010 09:55;0;0
06-15-2010 09:56;0;0
06-15-2010 09:57;0;0
06-15-2010 09:58;0;0
06-15-2010 09:59;0;0
06-15-2010 10:00;0;0
06-15-2010 10:01;0;0
06-15-2010 10:02;0;0
06-15-2010 10:03;0;0
06-15-2010 10:04;0;0
06-15-2010 10:05;0;0
06-15-2010 10:06;0;0
06-15-2010 10:07;0;0
06-15-2010 10:08;0;0
06-15-2010 10:09;0;0
06-15-2010 10:10;0;0
06-15-2010 10:11;0;0
06-15-2010 10:12;0;0
06-15-2010 10:13;0;0
06-15-2010 10:14;0;0
06-15-2010 10:15;0;0
06-15-2010 10:16;0;0
06-15-2010 10:17;0;0
06-15-2010 10:18;0;0
06-15-2010 10:19;0;0
06-15-2010 10:20;0;0
06-15-2010 10:21;0;0
06-15-2010 10:22;0;0
06-15-2010 10:23;0;0
06-15-2010 10:24;0;0
06-15-2010 10:25;82;0
06-15-2010 10:26;0;0
06-15-2010 10:27;0;0
06-15-2010 10:28;0;0
06-15-2010 10:29;0;0
06-15-2010 10:30;95;0
06-15-2010 10:31;14;0
06-15-2010 10:32;117;0
06-15-2010 10:33;0;0
06-15-2010 10:34;0;0
06-15-2010 10:35;0;0
06-15-2010 10:36;0;0
06-15-2010 10:37;438;0
06-15-2010 10:38;731;1
06-15-2010 10:39;603;0
06-15-2010 10:40;1104;1
06-15-2010 10:41;1252;1
06-15-2010 10:42;943;1
06-15-2010 10:43;603;0
06-15-2010 10:44;348;0
06-15-2010 10:45;779;1
06-15-2010 10:46;603;0
06-15-2010 10:47;686;1
06-15-2010 10:48;498;0
06-15-2010 10:49;316;0
06-15-2010 10:50;384;0
06-15-2010 10:51;82;0
06-15-2010 10:52;23;0
06-15-2010 10:53;21;0
06-15-2010 10:54;44;0
06-15-2010 10:55;731;1
06-15-2010 10:56;233;0
06-15-2010 10:57;1375;1
06-15-2010 10:58;0;0
06-15-2010 10:59;0;0
06-15-2010 11:00;0;0
06-15-2010 11:01;0;0
06-15-2010 11:02;0;0
06-15-2010 11:03;0;0
06-15-2010 11:04;0;0
06-15-2010 11:05;0;0
06-15-2010 11:06;0;0
06-15-2010 11:07;0;0
06-15-2010 11:08;0;0
06-15-2010 11:09;0;0
06-15-2010 11:10;0;0
06-15-2010 11:11;0;0
06-15-2010 11:12;0;0
06-15-2010 11:13;0;0
06-15-2010 11:14;0;0
06-15-2010 11:15;0;0
06-15-2010 11:16;0;0
06-15-2010 11:17;0;0
06-15-2010 11:18;0;0
06-15-2010 11:19;0;0
06-15-2010 11:20;0;0
06-15-2010 11:21;0;0
06-15-2010 11:22;0;0
06-15-2010 11:23;0;0
06-15-2010 11:24;0;0
06-15-2010 11:25;0;0
06-15-2010 11:26;0;0
06-15-2010 11:27;0;0
06-15-2010 11:28;0;0
06-15-2010 11:29;0;0
06-15-2010 11:30;0;0
06-15-2010 11:31;0;0
06-15-2010 11:32;0;0
06-15-2010 11:33;0;0
06-15-2010 11:34;0;0
06-15-2010 11:35;0;0
06-15-2010 11:36;0;0
06-15-2010 11:37;0;0
06-15-2010 11:38;0;0
06-15-2010 11:39;0;0
06-15-2010 11:40;0;0
06-15-2010 11:41;0;0
06-15-2010 11:42;0;0
06-15-2010 11:43;0;0
06-15-2010 11:44;0;0
06-15-2010 11:45;0;0
06-15-2010 11:46;0;0
06-15-2010 11:47;0;0
06-15-2010 11:48;0;0
06-15-2010 11:49;0;0
06-15-2010 11:50;0;0
06-15-2010 11:51;0;0
06-15-2010 11:52;0;0
06-15-2010 11:53;0;0
06-15-2010 11:54;0;0
06-15-2010 11:55;0;0
06-15-2010 11:56;0;0
06-15-2010 11:57;0;0
06-15-2010 11:58;0;0
06-15-2010 11:59;0;0
06-15-2010 12:00;0;0
06-15-2010 12:01;0;0
06-15-2010 12:02;0;0
06-15-2010 12:03;0;0
06-15-2010 12:04;0;0
06-15-2010 12:05;0;0
06-15-2010 12:06;0;0
06-15-2010 12:07;0;0
06-15-2010 12:08;0;0
06-15-2010 12:09;0;0
06-15-2010 12:10;0;0
06-15-2010 12:11;0;0
06-15-2010 12:12;0;0
06-15-2010 12:13;0;0
06-15-2010 12:14;0;0
06-15-2010 12:15;0;0
06-15-2010 12:16;0;0
06-15-2010 12:17;0;0
06-15-2010 12:18;0;0
06-15-2010 12:19;0;0
06-15-2010 12:20;0;0
06-15-2010 12:21;0;0
06-15-2010 12:22;0;0
06-15-2010 12:23;0;0
06-15-2010 12:24;0;0
06-15-2010 12:25;0;0
06-15-2010 12:26;0;0
06-15-2010 12:27;0;0
06-15-2010 12:28;0;0
06-15-2010 12:29;0;0
06-15-2010 12:30;0;0
06-15-2010 12:31;0;0
06-15-2010 12:32;0;0
06-15-2010 12:33;0;0
06-15-2010 12:34;0;0
06-15-2010 12:35;0;0
06-15-2010 12:36;0;0
06-15-2010 12:37;0;0
06-15-2010 12:38;0;0
06-15-2010 12:39;0;0
06-15-2010 12:40;0;0
06-15-2010 12:41;0;0
06-15-2010 12:42;0;0
06-15-2010 12:43;0;0
06-15-2010 12:44;0;0
06-15-2010 12:45;0;0
06-15-2010 12:46;0;0
06-15-2010 12:47;0;0
06-15-2010 12:48;0;0
06-15-2010 12:49;0;0
06-15-2010 12:50;0;0
06-15-2010 12:51;0;0
06-15-2010 12:52;0;0
06-15-2010 12:53;0;0
06-15-2010 12:54;0;0
06-15-2010 12:55;0;0
06-15-2010 12:56;0;0
06-15-2010 12:57;0;0
06-15-2010 12:58;0;0
06-15-2010 12:59;0;0
06-15-2010 13:00;0;0
06-15-2010 13:01;0;0
06-15-2010 13:02;0;0
06-15-2010 13:03;0;0
06-15-2010 13:04;0;0
06-15-2010 13:05;0;0
06-15-2010 13:06;0;0
06-15-2010 13:07;0;0
06-15-2010 13:08;0;0
06-15-2010 13:09;0;0
06-15-2010 13:10;0;0
06-15-2010 13:11;0;0
06-15-2010 13:12;0;0
06-15-2010 13:13;0;0
06-15-2010 13:14;0;0
06-15-2010 13:15;0;0
06-15-2010 13:16;0;0
06-15-2010 13:17;0;0
06-15-2010 13:18;0;0
06-15-2010 13:19;0;0
06-15-2010 13:20;0;0
06-15-2010 13:21;0;0
06-15-2010 13:22;0;0
06-15-2010 13:23;0;0
06-15-2010 13:24;0;0
06-15-2010 13:25;0;0
06-15-2010 13:26;0;0
06-15-2010 13:27;0;0
06-15-2010 13:28;0;0
06-15-2010 13:29;0;0
06-15-2010 13:30;0;0
06-15-2010 13:31;0;0
06-15-2010 13:32;0;0
06-15-2010 13:33;0;0
06-15-2010 13:34;18;0
06-15-2010 13:35;0;0
06-15-2010 13:36;0;0
06-15-2010 13:37;0;0
06-15-2010 13:38;0;0
06-15-2010 13:39;0;0
06-15-2010 13:40;0;0
06-15-2010 13:41;0;0
06-15-2010 13:42;0;0
06-15-2010 13:43;0;0
06-15-2010 13:44;1176;1
06-15-2010 13:45;831;1
06-15-2010 13:46;513;0
06-15-2010 13:47;779;1
06-15-2010 13:48;731;1
06-15-2010 13:49;1070;1
06-15-2010 13:50;779;1
06-15-2010 13:51;548;0
06-15-2010 13:52;1419;1
06-15-2010 13:53;1004;1
06-15-2010 13:54;1375;1
06-15-2010 13:55;1661;1
06-15-2010 13:56;664;0
06-15-2010 13:57;1104;1
06-15-2010 13:58;1610;1
06-15-2010 13:59;1661;1
06-15-2010 14:00;1465;1
06-15-2010 14:01;1661;1
06-15-2010 14:02;1465;1
06-15-2010 14:03;1291;1
06-15-2010 14:04;1941;1
06-15-2010 14:05;1419;1
06-15-2010 14:06;1882;1
06-15-2010 14:07;1610;1
06-15-2010 14:08;1714;1
06-15-2010 14:09;2066;1
06-15-2010 14:10;1941;1
06-15-2010 14:11;913;1
06-15-2010 14:12;686;1
06-15-2010 14:13;1213;1
06-15-2010 14:14;603;0
06-15-2010 14:15;513;0
06-15-2010 14:16;1139;1
06-15-2010 14:17;144;0
06-15-2010 14:18;316;0
06-15-2010 14:19;585;0
06-15-2010 14:20;2734;1
06-15-2010 14:21;1512;1
06-15-2010 14:22;943;1
06-15-2010 14:23;161;0
06-15-2010 14:24;191;0
06-15-2010 14:25;585;0
06-15-2010 14:26;0;0
06-15-2010 14:27;0;0
06-15-2010 14:28;0;0
06-15-2010 14:29;0;0
06-15-2010 14:30;0;0
06-15-2010 14:31;0;0
06-15-2010 14:32;0;0
06-15-2010 14:33;0;0
06-15-2010 14:34;0;0
06-15-2010 14:35;0;0
06-15-2010 14:36;0;0
06-15-2010 14:37;0;0
06-15-2010 14:38;0;0
06-15-2010 14:39;0;0
06-15-2010 14:40;0;0
06-15-2010 14:41;0;0
06-15-2010 14:42;0;0
06-15-2010 14:43;0;0
06-15-2010 14:44;0;0
06-15-2010 14:45;0;0
06-15-2010 14:46;0;0
06-15-2010 14:47;0;0
06-15-2010 14:48;0;0
06-15-2010 14:49;0;0
06-15-2010 14:50;0;0
06-15-2010 14:51;0;0
06-15-2010 14:52;0;0
06-15-2010 14:53;0;0
06-15-2010 14:54;0;0
06-15-2010 14:55;0;0
06-15-2010 14:56;0;0
06-15-2010 14:57;0;0
06-15-2010 14:58;0;0
06-15-2010 14:59;0;0
06-15-2010 15:00;0;0
06-15-2010 15:01;0;0
06-15-2010 15:02;0;0
06-15-2010 15:03;0;0
06-15-2010 15:04;0;0
06-15-2010 15:05;0;0
06-15-2010 15:06;0;0
06-15-2010 15:07;0;0
06-15-2010 15:08;0;0
06-15-2010 15:09;0;0
06-15-2010 15:10;0;0
06-15-2010 15:11;0;0
06-15-2010 15:12;0;0
06-15-2010 15:13;0;0
06-15-2010 15:14;0;0
06-15-2010 15:15;0;0
06-15-2010 15:16;0;0
06-15-2010 15:17;0;0
06-15-2010 15:18;0;0
06-15-2010 15:19;0;0
06-15-2010 15:20;0;0
06-15-2010 15:21;250;0
06-15-2010 15:22;1139;1
06-15-2010 15:23;2199;1
06-15-2010 15:24;1070;1
06-15-2010 15:25;623;0
06-15-2010 15:26;831;1
06-15-2010 15:27;1104;1
06-15-2010 15:28;1004;1
06-15-2010 15:29;731;1
06-15-2010 15:30;973;1
06-15-2010 15:31;1560;1
06-15-2010 15:32;1419;1
06-15-2010 15:33;1004;1
06-15-2010 15:34;121;0
06-15-2010 15:35;0;0
06-15-2010 15:36;0;0
06-15-2010 15:37;0;0
06-15-2010 15:38;0;0
06-15-2010 15:39;0;0
06-15-2010 15:40;0;0
06-15-2010 15:41;0;0
06-15-2010 15:42;0;0
06-15-2010 15:43;0;0
06-15-2010 15:44;0;0
06-15-2010 15:45;0;0
06-15-2010 15:46;0;0
06-15-2010 15:47;0;0
06-15-2010 15:48;0;0
06-15-2010 15:49;0;0
06-15-2010 15:50;0;0
06-15-2010 15:51;0;0
06-15-2010 15:52;0;0
06-15-2010 15:53;0;0
06-15-2010 15:54;0;0
06-15-2010 15:55;0;0
06-15-2010 15:56;0;0
06-15-2010 15:57;0;0
06-15-2010 15:58;0;0
06-15-2010 15:59;0;0
06-15-2010 16:00;0;0
06-15-2010 16:01;0;0
06-15-2010 16:02;0;0
06-15-2010 16:03;0;0
06-15-2010 16:04;0;0
06-15-2010 16:05;0;0
06-15-2010 16:06;0;0
06-15-2010 16:07;0;0
06-15-2010 16:08;0;0
06-15-2010 16:09;0;0
06-15-2010 16:10;0;0
06-15-2010 16:11;0;0
06-15-2010 16:12;0;0
06-15-2010 16:13;0;0
06-15-2010 16:14;0;0
06-15-2010 16:15;0;0
06-15-2010 16:16;0;0
06-15-2010 16:17;0;0
06-15-2010 16:18;0;0
06-15-2010 16:19;0;0
06-15-2010 16:20;0;0
06-15-2010 16:21;0;0
06-15-2010 16:22;0;0
06-15-2010 16:23;0;0
06-15-2010 16:24;0;0
06-15-2010 16:25;0;0
06-15-2010 16:26;0;0
06-15-2010 16:27;0;0
06-15-2010 16:28;0;0
06-15-2010 16:29;0;0
06-15-2010 16:30;0;0
06-15-2010 16:31;0;0
06-15-2010 16:32;0;0
06-15-2010 16:33;0;0
06-15-2010 16:34;0;0
06-15-2010 16:35;0;0
06-15-2010 16:36;0;0
06-15-2010 16:37;0;0
06-15-2010 16:38;0;0
06-15-2010 16:39;0;0
06-15-2010 16:40;0;0
06-15-2010 16:41;0;0
06-15-2010 16:42;0;0
06-15-2010 16:43;0;0
06-15-2010 16:44;0;0
06-15-2010 16:45;0;0
06-15-2010 16:46;0;0
06-15-2010 16:47;0;0
06-15-2010 16:48;0;0
06-15-2010 16:49;0;0
06-15-2010 16:50;0;0
06-15-2010 16:51;0;0
06-15-2010 16:52;0;0
06-15-2010 16:53;0;0
06-15-2010 16:54;0;0
06-15-2010 16:55;0;0
06-15-2010 16:56;0;0
06-15-2010 16:57;0;0
06-15-2010 16:58;0;0
06-15-2010 16:59;0;0
06-15-2010 17:00;0;0
06-15-2010 17:01;0;0
06-15-2010 17:02;0;0
06-15-2010 17:03;0;0
06-15-2010 17:04;0;0
06-15-2010 17:05;0;0
06-15-2010 17:06;0;0
06-15-2010 17:07;0;0
06-15-2010 17:08;0;0
06-15-2010 17:09;0;0
06-15-2010 17:10;0;0
06-15-2010 17:11;0;0
06-15-2010 17:12;0;0
06-15-2010 17:13;0;0
06-15-2010 17:14;0;0
06-15-2010 17:15;0;0
06-15-2010 17:16;0;0
06-15-2010 17:17;0;0
06-15-2010 17:18;0;0
06-15-2010 17:19;0;0
06-15-2010 17:20;0;0
06-15-2010 17:21;0;0
06-15-2010 17:22;0;0
06-15-2010 17:23;0;0
06-15-2010 17:24;0;0
06-15-2010 17:25;0;0
06-15-2010 17:26;0;0
06-15-2010 17:27;0;0
06-15-2010 17:28;0;0
06-15-2010 17:29;0;0
06-15-2010 17:30;0;0
06-15-2010 17:31;0;0
06-15-2010 17:32;0;0
06-15-2010 17:33;0;0
06-15-2010 17:34;0;0
06-15-2010 17:35;0;0
06-15-2010 17:36;0;0
06-15-2010 17:37;0;0
06-15-2010 17:38;0;0
06-15-2010 17:39;0;0
06-15-2010 17:40;0;0
06-15-2010 17:41;0;0
06-15-2010 17:42;0;0
06-15-2010 17:43;0;0
06-15-2010 17:44;0;0
06-15-2010 17:45;0;0
06-15-2010 17:46;0;0
06-15-2010 17:47;0;0
06-15-2010 17:48;0;0
06-15-2010 17:49;0;0
06-15-2010 17:50;0;0
06-15-2010 17:51;0;0
06-15-2010 17:52;0;0
06-15-2010 17:53;0;0
06-15-2010 17:54;0;0
06-15-2010 17:55;0;0
06-15-2010 17:56;0;0
06-15-2010 17:57;0;0
06-15-2010 17:58;0;0
06-15-2010 17:59;0;0
06-15-2010 18:00;0;0
06-15-2010 18:01;0;0
06-15-2010 18:02;0;0
06-15-2010 18:03;0;0
06-15-2010 18:04;0;0
06-15-2010 18:05;0;0
06-15-2010 18:06;0;0
06-15-2010 18:07;0;0
06-15-2010 18:08;0;0
06-15-2010 18:09;0;0
06-15-2010 18:10;0;0
06-15-2010 18:11;0;0
06-15-2010 18:12;0;0
06-15-2010 18:13;0;0
06-15-2010 18:14;0;0
06-15-2010 18:15;0;0
06-15-2010 18:16;0;0
06-15-2010 18:17;0;0
06-15-2010 18:18;0;0
06-15-2010 18:19;0;0
06-15-2010 18:20;0;0
06-15-2010 18:21;0;0
06-15-2010 18:22;0;0
06-15-2010 18:23;0;0
06-15-2010 18:24;0;0
06-15-2010 18:25;0;0
06-15-2010 18:26;0;0
06-15-2010 18:27;0;0
06-15-2010 18:28;0;0
06-15-2010 18:29;0;0
06-15-2010 18:30;0;0
06-15-2010 18:31;0;0
06-15-2010 18:32;0;0
06-15-2010 18:33;0;0
06-15-2010 18:34;0;0
06-15-2010 18:35;0;0
06-15-2010 18:36;0;0
06-15-2010 18:37;0;0
06-15-2010 18:38;0;0
06-15-2010 18:39;0;0
06-15-2010 18:40;0;0
06-15-2010 18:41;0;0
06-15-2010 18:42;0;0
06-15-2010 18:43;0;0
06-15-2010 18:44;0;0
06-15-2010 18:45;0;0
06-15-2010 18:46;973;1
06-15-2010 18:47;603;0
06-15-2010 18:48;623;0
06-15-2010 18:49;71;0
06-15-2010 18:50;371;0
06-15-2010 18:51;1037;1
06-15-2010 18:52;664;0
06-15-2010 18:53;46;0
06-15-2010 18:54;21;0
06-15-2010 18:55;155;0
06-15-2010 18:56;424;0
06-15-2010 18:57;566;0
06-15-2010 18:58;1176;1
06-15-2010 18:59;1291;1
06-15-2010 19:00;296;0
06-15-2010 19:01;259;0
06-15-2010 19:02;178;0
06-15-2010 19:03;360;0
06-15-2010 19:04;121;0
06-15-2010 19:05;0;0
06-15-2010 19:06;88;0
06-15-2010 19:07;108;0
06-15-2010 19:08;219;0
06-15-2010 19:09;566;0
06-15-2010 19:10;686;1
06-15-2010 19:11;242;0
06-15-2010 19:12;161;0
06-15-2010 19:13;371;0
06-15-2010 19:14;513;0
06-15-2010 19:15;337;0
06-15-2010 19:16;326;0
06-15-2010 19:17;183;0
06-15-2010 19:18;242;0
06-15-2010 19:19;664;0
06-15-2010 19:20;482;0
06-15-2010 19:21;831;1
06-15-2010 19:22;397;0
06-15-2010 19:23;316;0
06-15-2010 19:24;643;0
06-15-2010 19:25;316;0
06-15-2010 19:26;885;1
06-15-2010 19:27;183;0
06-15-2010 19:28;337;0
06-15-2010 19:29;438;0
06-15-2010 19:30;1037;1
06-15-2010 19:31;2414;1
06-15-2010 19:32;1333;1
06-15-2010 19:33;1070;1
06-15-2010 19:34;1333;1
06-15-2010 19:35;1610;1
06-15-2010 19:36;1465;1
06-15-2010 19:37;1375;1
06-15-2010 19:38;1661;1
06-15-2010 19:39;1512;1
06-15-2010 19:40;2132;1
06-15-2010 19:41;2340;1
06-15-2010 19:42;2569;1
06-15-2010 19:43;2820;1
06-15-2010 19:44;3093;1
06-15-2010 19:45;2490;1
06-15-2010 19:46;2132;1
06-15-2010 19:47;1610;1
06-15-2010 19:48;1333;1
06-15-2010 19:49;2199;1
06-15-2010 19:50;3841;1
06-15-2010 19:51;1941;1
06-15-2010 19:52;2999;1
06-15-2010 19:53;4348;1
06-15-2010 19:54;4087;1
06-15-2010 19:55;3502;1
06-15-2010 19:56;1419;1
06-15-2010 19:57;885;1
06-15-2010 19:58;466;0
06-15-2010 19:59;2199;1
06-15-2010 20:00;1333;1
06-15-2010 20:01;1176;1
06-15-2010 20:02;4087;1
06-15-2010 20:03;2066;1
06-15-2010 20:04;2414;1
06-15-2010 20:05;2066;1
06-15-2010 20:06;1037;1
06-15-2010 20:07;1465;1
06-15-2010 20:08;1070;1
06-15-2010 20:09;1213;1
06-15-2010 20:10;731;1
06-15-2010 20:11;2132;1
06-15-2010 20:12;943;1
06-15-2010 20:13;755;1
06-15-2010 20:14;166;0
06-15-2010 20:15;943;1
06-15-2010 20:16;731;1
06-15-2010 20:17;623;0
06-15-2010 20:18;973;1
06-15-2010 20:19;731;1
06-15-2010 20:20;708;1
06-15-2010 20:21;686;1
06-15-2010 20:22;68;0
06-15-2010 20:23;326;0
06-15-2010 20:24;68;0
06-15-2010 20:25;112;0
06-15-2010 20:26;178;0
06-15-2010 20:27;117;0
06-15-2010 20:28;397;0
06-15-2010 20:29;212;0
06-15-2010 20:30;348;0
06-15-2010 20:31;566;0
06-15-2010 20:32;198;0
06-15-2010 20:33;219;0
06-15-2010 20:34;348;0
06-15-2010 20:35;125;0
06-15-2010 20:36;178;0
06-15-2010 20:37;530;0
06-15-2010 20:38;198;0
06-15-2010 20:39;161;0
06-15-2010 20:40;242;0
06-15-2010 20:41;172;0
06-15-2010 20:42;88;0
06-15-2010 20:43;27;0
06-15-2010 20:44;129;0
06-15-2010 20:45;46;0
06-15-2010 20:46;117;0
06-15-2010 20:47;172;0
06-15-2010 20:48;125;0
06-15-2010 20:49;566;0
06-15-2010 20:50;108;0
06-15-2010 20:51;95;0
06-15-2010 20:52;138;0
06-15-2010 20:53;138;0
06-15-2010 20:54;212;0
06-15-2010 20:55;755;1
06-15-2010 20:56;276;0
06-15-2010 20:57;191;0
06-15-2010 20:58;219;0
06-15-2010 20:59;191;0
06-15-2010 21:00;250;0
06-15-2010 21:01;44;0
06-15-2010 21:02;267;0
06-15-2010 21:03;452;0
06-15-2010 21:04;1070;1
06-15-2010 21:05;1070;1
06-15-2010 21:06;1375;1
06-15-2010 21:07;664;0
06-15-2010 21:08;1252;1
06-15-2010 21:09;513;0
06-15-2010 21:10;286;0
06-15-2010 21:11;548;0
06-15-2010 21:12;1291;1
06-15-2010 21:13;755;1
06-15-2010 21:14;2132;1
06-15-2010 21:15;1176;1
06-15-2010 21:16;2650;1
06-15-2010 21:17;2340;1
06-15-2010 21:18;2490;1
06-15-2010 21:19;2132;1
06-15-2010 21:20;2490;1
06-15-2010 21:21;1419;1
06-15-2010 21:22;2820;1
06-15-2010 21:23;1375;1
06-15-2010 21:24;212;0
06-15-2010 21:25;384;0
06-15-2010 21:26;2734;1
06-15-2010 21:27;603;0
06-15-2010 21:28;1004;1
06-15-2010 21:29;566;0
06-15-2010 21:30;585;0
06-15-2010 21:31;885;1
06-15-2010 21:32;438;0
06-15-2010 21:33;424;0
06-15-2010 21:34;306;0
06-15-2010 21:35;348;0
06-15-2010 21:36;438;0
06-15-2010 21:37;233;0
06-15-2010 21:38;316;0
06-15-2010 21:39;603;0
06-15-2010 21:40;286;0
06-15-2010 21:41;149;0
06-15-2010 21:42;296;0
06-15-2010 21:43;296;0
06-15-2010 21:44;250;0
06-15-2010 21:45;296;0
06-15-2010 21:46;276;0
06-15-2010 21:47;108;0
06-15-2010 21:48;129;0
06-15-2010 21:49;233;0
06-15-2010 21:50;91;0
06-15-2010 21:51;178;0
06-15-2010 21:52;60;0
06-15-2010 21:53;267;0
06-15-2010 21:54;779;1
06-15-2010 21:55;27;0
06-15-2010 21:56;95;0
06-15-2010 21:57;149;0
06-15-2010 21:58;155;0
06-15-2010 21:59;191;0
06-15-2010 22:00;250;0
06-15-2010 22:01;233;0
06-15-2010 22:02;48;0
06-15-2010 22:03;71;0
06-15-2010 22:04;48;0
06-15-2010 22:05;410;0
06-15-2010 22:06;731;1
06-15-2010 22:07;664;0
06-15-2010 22:08;267;0
06-15-2010 22:09;498;0
06-15-2010 22:10;452;0
06-15-2010 22:11;242;0
06-15-2010 22:12;831;1
06-15-2010 22:13;424;0
06-15-2010 22:14;384;0
06-15-2010 22:15;138;0
06-15-2010 22:16;82;0
06-15-2010 22:17;242;0
06-15-2010 22:18;138;0
06-15-2010 22:19;337;0
06-15-2010 22:20;0;0
06-15-2010 22:21;23;0
06-15-2010 22:22;212;0
06-15-2010 22:23;134;0
06-15-2010 22:24;134;0
06-15-2010 22:25;191;0
06-15-2010 22:26;233;0
06-15-2010 22:27;205;0
06-15-2010 22:28;46;0
06-15-2010 22:29;18;0
06-15-2010 22:30;51;0
06-15-2010 22:31;178;0
06-15-2010 22:32;112;0
06-15-2010 22:33;183;0
06-15-2010 22:34;121;0
06-15-2010 22:35;40;0
06-15-2010 22:36;1004;1
06-15-2010 22:37;9;0
06-15-2010 22:38;0;0
06-15-2010 22:39;3;0
06-15-2010 22:40;219;0
06-15-2010 22:41;108;0
06-15-2010 22:42;38;0
06-15-2010 22:43;80;0
06-15-2010 22:44;95;0
06-15-2010 22:45;95;0
06-15-2010 22:46;161;0
06-15-2010 22:47;68;0
06-15-2010 22:48;88;0
06-15-2010 22:49;7;0
06-15-2010 22:50;242;0
06-15-2010 22:51;125;0
06-15-2010 22:52;498;0
06-15-2010 22:53;686;1
06-15-2010 22:54;144;0
06-15-2010 22:55;316;0
06-15-2010 22:56;172;0
06-15-2010 22:57;161;0
06-15-2010 22:58;108;0
06-15-2010 22:59;34;0
06-15-2010 23:00;112;0
06-15-2010 23:01;30;0
06-15-2010 23:02;28;0
06-15-2010 23:03;36;0
06-15-2010 23:04;129;0
06-15-2010 23:05;183;0
06-15-2010 23:06;306;0
06-15-2010 23:07;38;0
06-15-2010 23:08;27;0
06-15-2010 23:09;0;0
06-15-2010 23:10;108;0
06-15-2010 23:11;6;0
06-15-2010 23:12;80;0
06-15-2010 23:13;48;0
06-15-2010 23:14;250;0
06-15-2010 23:15;276;0
06-15-2010 23:16;731;1
06-15-2010 23:17;0;0
06-15-2010 23:18;0;0
06-15-2010 23:19;0;0
06-15-2010 23:20;0;0
06-15-2010 23:21;0;0
06-15-2010 23:22;0;0
06-15-2010 23:23;0;0
06-15-2010 23:24;0;0
06-15-2010 23:25;0;0
06-15-2010 23:26;0;0
06-15-2010 23:27;0;0
06-15-2010 23:28;0;0
06-15-2010 23:29;0;0
06-15-2010 23:30;0;0
06-15-2010 23:31;0;0
06-15-2010 23:32;0;0
06-15-2010 23:33;0;0
06-15-2010 23:34;0;0
06-15-2010 23:35;0;0
06-15-2010 23:36;0;0
06-15-2010 23:37;18;0
06-15-2010 23:38;226;0
06-15-2010 23:39;664;0
06-15-2010 23:40;1333;1
06-15-2010 23:41;296;0
06-15-2010 23:42;212;0
06-15-2010 23:43;548;0
06-15-2010 23:44;17;0
06-15-2010 23:45;54;0
06-15-2010 23:46;36;0
06-15-2010 23:47;91;0
06-15-2010 23:48;1252;1
06-15-2010 23:49;233;0
06-15-2010 23:50;0;0
06-15-2010 23:51;0;0
06-15-2010 23:52;0;0
06-15-2010 23:53;858;1
06-15-2010 23:54;0;0
06-15-2010 23:55;0;0
06-15-2010 23:56;0;0
06-15-2010 23:57;0;0
06-15-2010 23:58;0;0
06-15-2010 23:59;0;0
06-16-2010 00:00;60;0
06-16-2010 00:01;31;0
06-16-2010 00:02;0;0
06-16-2010 00:03;0;0
06-16-2010 00:04;0;0
06-16-2010 00:05;0;0
06-16-2010 00:06;0;0
06-16-2010 00:07;0;0
06-16-2010 00:08;0;0
06-16-2010 00:09;0;0
06-16-2010 00:10;0;0
06-16-2010 00:11;276;0
06-16-2010 00:12;121;0
06-16-2010 00:13;0;0
06-16-2010 00:14;9;0
06-16-2010 00:15;0;0
06-16-2010 00:16;0;0
06-16-2010 00:17;0;0
06-16-2010 00:18;0;0
06-16-2010 00:19;0;0
06-16-2010 00:20;0;0
06-16-2010 00:21;0;0
06-16-2010 00:22;0;0
06-16-2010 00:23;0;0
06-16-2010 00:24;0;0
06-16-2010 00:25;0;0
06-16-2010 00:26;0;0
06-16-2010 00:27;0;0
06-16-2010 00:28;0;0
06-16-2010 00:29;0;0
06-16-2010 00:30;0;0
06-16-2010 00:31;0;0
06-16-2010 00:32;0;0
06-16-2010 00:33;0;0
06-16-2010 00:34;0;0
06-16-2010 00:35;0;0
06-16-2010 00:36;0;0
06-16-2010 00:37;0;0
06-16-2010 00:38;0;0
06-16-2010 00:39;0;0
06-16-2010 00:40;0;0
06-16-2010 00:41;0;0
06-16-2010 00:42;0;0
06-16-2010 00:43;0;0
06-16-2010 00:44;0;0
06-16-2010 00:45;0;0
06-16-2010 00:46;0;0
06-16-2010 00:47;0;0
06-16-2010 00:48;0;0
06-16-2010 00:49;0;0
06-16-2010 00:50;0;0
06-16-2010 00:51;0;0
06-16-2010 00:52;0;0
06-16-2010 00:53;0;0
06-16-2010 00:54;0;0
06-16-2010 00:55;0;0
06-16-2010 00:56;0;0
06-16-2010 00:57;0;0
06-16-2010 00:58;0;0
06-16-2010 00:59;0;0
06-16-2010 01:00;0;0
06-16-2010 01:01;0;0
06-16-2010 01:02;0;0
06-16-2010 01:03;0;0
06-16-2010 01:04;0;0
06-16-2010 01:05;0;0
06-16-2010 01:06;0;0
06-16-2010 01:07;0;0
06-16-2010 01:08;0;0
06-16-2010 01:09;348;0
06-16-2010 01:10;0;0
06-16-2010 01:11;40;0
06-16-2010 01:12;17;0
06-16-2010 01:13;100;0
06-16-2010 01:14;0;0
06-16-2010 01:15;0;0
06-16-2010 01:16;0;0
06-16-2010 01:17;0;0
06-16-2010 01:18;0;0
06-16-2010 01:19;172;0
06-16-2010 01:20;0;0
06-16-2010 01:21;0;0
06-16-2010 01:22;0;0
06-16-2010 01:23;0;0
06-16-2010 01:24;0;0
06-16-2010 01:25;0;0
06-16-2010 01:26;0;0
06-16-2010 01:27;0;0
06-16-2010 01:28;0;0
06-16-2010 01:29;0;0
06-16-2010 01:30;0;0
06-16-2010 01:31;498;0
06-16-2010 01:32;3;0
06-16-2010 01:33;0;0
06-16-2010 01:34;0;0
06-16-2010 01:35;0;0
06-16-2010 01:36;0;0
06-16-2010 01:37;0;0
06-16-2010 01:38;0;0
06-16-2010 01:39;0;0
06-16-2010 01:40;0;0
06-16-2010 01:41;0;0
06-16-2010 01:42;0;0
06-16-2010 01:43;0;0
06-16-2010 01:44;0;0
06-16-2010 01:45;0;0
06-16-2010 01:46;0;0
06-16-2010 01:47;0;0
06-16-2010 01:48;0;0
06-16-2010 01:49;0;0
06-16-2010 01:50;0;0
06-16-2010 01:51;0;0
06-16-2010 01:52;0;0
06-16-2010 01:53;31;0
06-16-2010 01:54;0;0
06-16-2010 01:55;0;0
06-16-2010 01:56;0;0
06-16-2010 01:57;0;0
06-16-2010 01:58;0;0
06-16-2010 01:59;0;0
06-16-2010 02:00;0;0
06-16-2010 02:01;0;0
06-16-2010 02:02;0;0
06-16-2010 02:03;0;0
06-16-2010 02:04;0;0
06-16-2010 02:05;21;0
06-16-2010 02:06;0;0
06-16-2010 02:07;0;0
06-16-2010 02:08;0;0
06-16-2010 02:09;166;0
06-16-2010 02:10;0;0
06-16-2010 02:11;0;0
06-16-2010 02:12;0;0
06-16-2010 02:13;0;0
06-16-2010 02:14;0;0
06-16-2010 02:15;0;0
06-16-2010 02:16;0;0
06-16-2010 02:17;0;0
06-16-2010 02:18;0;0
06-16-2010 02:19;0;0
06-16-2010 02:20;0;0
06-16-2010 02:21;0;0
06-16-2010 02:22;0;0
06-16-2010 02:23;0;0
06-16-2010 02:24;0;0
06-16-2010 02:25;198;0
06-16-2010 02:26;0;0
06-16-2010 02:27;0;0
06-16-2010 02:28;0;0
06-16-2010 02:29;27;0
06-16-2010 02:30;0;0
06-16-2010 02:31;0;0
06-16-2010 02:32;585;0
06-16-2010 02:33;0;0
06-16-2010 02:34;0;0
06-16-2010 02:35;0;0
06-16-2010 02:36;0;0
06-16-2010 02:37;0;0
06-16-2010 02:38;0;0
06-16-2010 02:39;0;0
06-16-2010 02:40;0;0
06-16-2010 02:41;0;0
06-16-2010 02:42;155;0
06-16-2010 02:43;0;0
06-16-2010 02:44;0;0
06-16-2010 02:45;0;0
06-16-2010 02:46;0;0
06-16-2010 02:47;0;0
06-16-2010 02:48;0;0
06-16-2010 02:49;0;0
06-16-2010 02:50;0;0
06-16-2010 02:51;0;0
06-16-2010 02:52;276;0
06-16-2010 02:53;0;0
06-16-2010 02:54;183;0
06-16-2010 02:55;0;0
06-16-2010 02:56;0;0
06-16-2010 02:57;0;0
06-16-2010 02:58;138;0
06-16-2010 02:59;0;0
06-16-2010 03:00;0;0
06-16-2010 03:01;0;0
06-16-2010 03:02;0;0
06-16-2010 03:03;0;0
06-16-2010 03:04;0;0
06-16-2010 03:05;0;0
06-16-2010 03:06;0;0
06-16-2010 03:07;0;0
06-16-2010 03:08;0;0
06-16-2010 03:09;0;0
06-16-2010 03:10;0;0
06-16-2010 03:11;108;0
06-16-2010 03:12;134;0
06-16-2010 03:13;267;0
06-16-2010 03:14;108;0
06-16-2010 03:15;0;0
06-16-2010 03:16;26;0
06-16-2010 03:17;0;0
06-16-2010 03:18;0;0
06-16-2010 03:19;0;0
06-16-2010 03:20;0;0
06-16-2010 03:21;0;0
06-16-2010 03:22;0;0
06-16-2010 03:23;0;0
06-16-2010 03:24;0;0
06-16-2010 03:25;0;0
06-16-2010 03:26;0;0
06-16-2010 03:27;0;0
06-16-2010 03:28;0;0
06-16-2010 03:29;0;0
06-16-2010 03:30;0;0
06-16-2010 03:31;0;0
06-16-2010 03:32;0;0
06-16-2010 03:33;0;0
06-16-2010 03:34;0;0
06-16-2010 03:35;54;0
06-16-2010 03:36;3;0
06-16-2010 03:37;348;0
06-16-2010 03:38;71;0
06-16-2010 03:39;0;0
06-16-2010 03:40;0;0
06-16-2010 03:41;384;0
06-16-2010 03:42;0;0
06-16-2010 03:43;0;0
06-16-2010 03:44;0;0
06-16-2010 03:45;144;0
06-16-2010 03:46;0;0
06-16-2010 03:47;0;0
06-16-2010 03:48;0;0
06-16-2010 03:49;54;0
06-16-2010 03:50;3;0
06-16-2010 03:51;466;0
06-16-2010 03:52;0;0
06-16-2010 03:53;0;0
06-16-2010 03:54;27;0
06-16-2010 03:55;121;0
06-16-2010 03:56;129;0
06-16-2010 03:57;233;0
06-16-2010 03:58;0;0
06-16-2010 03:59;0;0
06-16-2010 04:00;161;0
06-16-2010 04:01;0;0
06-16-2010 04:02;0;0
06-16-2010 04:03;0;0
06-16-2010 04:04;0;0
06-16-2010 04:05;0;0
06-16-2010 04:06;0;0
06-16-2010 04:07;0;0
06-16-2010 04:08;0;0
06-16-2010 04:09;0;0
06-16-2010 04:10;0;0
06-16-2010 04:11;0;0
06-16-2010 04:12;0;0
06-16-2010 04:13;0;0
06-16-2010 04:14;0;0
06-16-2010 04:15;0;0
06-16-2010 04:16;0;0
06-16-2010 04:17;0;0
06-16-2010 04:18;0;0
06-16-2010 04:19;0;0
06-16-2010 04:20;0;0
06-16-2010 04:21;0;0
06-16-2010 04:22;0;0
06-16-2010 04:23;0;0
06-16-2010 04:24;0;0
06-16-2010 04:25;0;0
06-16-2010 04:26;0;0
06-16-2010 04:27;0;0
06-16-2010 04:28;0;0
06-16-2010 04:29;0;0
06-16-2010 04:30;0;0
06-16-2010 04:31;0;0
06-16-2010 04:32;0;0
06-16-2010 04:33;0;0
06-16-2010 04:34;0;0
06-16-2010 04:35;0;0
06-16-2010 04:36;0;0
06-16-2010 04:37;0;0
06-16-2010 04:38;0;0
06-16-2010 04:39;0;0
06-16-2010 04:40;0;0
06-16-2010 04:41;0;0
06-16-2010 04:42;0;0
06-16-2010 04:43;0;0
06-16-2010 04:44;191;0
06-16-2010 04:45;21;0
06-16-2010 04:46;155;0
06-16-2010 04:47;178;0
06-16-2010 04:48;0;0
06-16-2010 04:49;37;0
06-16-2010 04:50;0;0
06-16-2010 04:51;0;0
06-16-2010 04:52;0;0
06-16-2010 04:53;0;0
06-16-2010 04:54;0;0
06-16-2010 04:55;0;0
06-16-2010 04:56;0;0
06-16-2010 04:57;0;0
06-16-2010 04:58;0;0
06-16-2010 04:59;0;0
06-16-2010 05:00;0;0
06-16-2010 05:01;0;0
06-16-2010 05:02;0;0
06-16-2010 05:03;7;0
06-16-2010 05:04;0;0
06-16-2010 05:05;0;0
06-16-2010 05:06;0;0
06-16-2010 05:07;0;0
06-16-2010 05:08;0;0
06-16-2010 05:09;0;0
06-16-2010 05:10;0;0
06-16-2010 05:11;0;0
06-16-2010 05:12;0;0
06-16-2010 05:13;0;0
06-16-2010 05:14;0;0
06-16-2010 05:15;0;0
06-16-2010 05:16;36;0
06-16-2010 05:17;9;0
06-16-2010 05:18;233;0
06-16-2010 05:19;0;0
06-16-2010 05:20;0;0
06-16-2010 05:21;0;0
06-16-2010 05:22;0;0
06-16-2010 05:23;0;0
06-16-2010 05:24;0;0
06-16-2010 05:25;0;0
06-16-2010 05:26;0;0
06-16-2010 05:27;0;0
06-16-2010 05:28;0;0
06-16-2010 05:29;0;0
06-16-2010 05:30;0;0
06-16-2010 05:31;0;0
06-16-2010 05:32;0;0
06-16-2010 05:33;0;0
06-16-2010 05:34;0;0
06-16-2010 05:35;0;0
06-16-2010 05:36;0;0
06-16-2010 05:37;7;0
06-16-2010 05:38;0;0
06-16-2010 05:39;0;0
06-16-2010 05:40;0;0
06-16-2010 05:41;0;0
06-16-2010 05:42;0;0
06-16-2010 05:43;0;0
06-16-2010 05:44;0;0
06-16-2010 05:45;0;0
06-16-2010 05:46;0;0
06-16-2010 05:47;0;0
06-16-2010 05:48;0;0
06-16-2010 05:49;0;0
06-16-2010 05:50;0;0
06-16-2010 05:51;0;0
06-16-2010 05:52;21;0
06-16-2010 05:53;33;0
06-16-2010 05:54;0;0
06-16-2010 05:55;0;0
06-16-2010 05:56;0;0
06-16-2010 05:57;0;0
06-16-2010 05:58;0;0
06-16-2010 05:59;0;0
06-16-2010 06:00;0;0
06-16-2010 06:01;40;0
06-16-2010 06:02;233;0
06-16-2010 06:03;0;0
06-16-2010 06:04;33;0
06-16-2010 06:05;0;0
06-16-2010 06:06;0;0
06-16-2010 06:07;0;0
06-16-2010 06:08;0;0
06-16-2010 06:09;0;0
06-16-2010 06:10;0;0
06-16-2010 06:11;6;0
06-16-2010 06:12;0;0
06-16-2010 06:13;0;0
06-16-2010 06:14;0;0
06-16-2010 06:15;0;0
06-16-2010 06:16;23;0
06-16-2010 06:17;0;0
06-16-2010 06:18;0;0
06-16-2010 06:19;0;0
06-16-2010 06:20;28;0
06-16-2010 06:21;68;0
06-16-2010 06:22;54;0
06-16-2010 06:23;0;0
06-16-2010 06:24;0;0
06-16-2010 06:25;0;0
06-16-2010 06:26;0;0
06-16-2010 06:27;0;0
06-16-2010 06:28;68;0
06-16-2010 06:29;0;0
06-16-2010 06:30;0;0
06-16-2010 06:31;0;0
06-16-2010 06:32;0;0
06-16-2010 06:33;0;0
06-16-2010 06:34;0;0
06-16-2010 06:35;0;0
06-16-2010 06:36;0;0
06-16-2010 06:37;0;0
06-16-2010 06:38;0;0
06-16-2010 06:39;0;0
06-16-2010 06:40;0;0
06-16-2010 06:41;0;0
06-16-2010 06:42;0;0
06-16-2010 06:43;0;0
06-16-2010 06:44;0;0
06-16-2010 06:45;0;0
06-16-2010 06:46;0;0
06-16-2010 06:47;0;0
06-16-2010 06:48;0;0
06-16-2010 06:49;276;0
06-16-2010 06:50;129;0
06-16-2010 06:51;0;0
06-16-2010 06:52;0;0
06-16-2010 06:53;178;0
06-16-2010 06:54;0;0
06-16-2010 06:55;0;0
06-16-2010 06:56;0;0
06-16-2010 06:57;0;0
06-16-2010 06:58;0;0
06-16-2010 06:59;0;0
06-16-2010 07:00;0;0
06-16-2010 07:01;0;0
06-16-2010 07:02;0;0
06-16-2010 07:03;0;0
06-16-2010 07:04;0;0
06-16-2010 07:05;0;0
06-16-2010 07:06;0;0
06-16-2010 07:07;0;0
06-16-2010 07:08;9;0
06-16-2010 07:09;0;0
06-16-2010 07:10;10;0
06-16-2010 07:11;0;0
06-16-2010 07:12;7;0
06-16-2010 07:13;0;0
06-16-2010 07:14;0;0
06-16-2010 07:15;0;0
06-16-2010 07:16;0;0
06-16-2010 07:17;0;0
06-16-2010 07:18;14;0
06-16-2010 07:19;0;0
06-16-2010 07:20;0;0
06-16-2010 07:21;0;0
06-16-2010 07:22;0;0
06-16-2010 07:23;0;0
06-16-2010 07:24;0;0
06-16-2010 07:25;0;0
06-16-2010 07:26;0;0
06-16-2010 07:27;3;0
06-16-2010 07:28;0;0
06-16-2010 07:29;0;0
06-16-2010 07:30;0;0
06-16-2010 07:31;0;0
06-16-2010 07:32;6;0
06-16-2010 07:33;0;0
06-16-2010 07:34;0;0
06-16-2010 07:35;0;0
06-16-2010 07:36;0;0
06-16-2010 07:37;0;0
06-16-2010 07:38;0;0
06-16-2010 07:39;219;0
06-16-2010 07:40;10;0
06-16-2010 07:41;0;0
06-16-2010 07:42;0;0
06-16-2010 07:43;4;0
06-16-2010 07:44;0;0
06-16-2010 07:45;0;0
06-16-2010 07:46;0;0
06-16-2010 07:47;0;0
06-16-2010 07:48;0;0
06-16-2010 07:49;0;0
06-16-2010 07:50;0;0
06-16-2010 07:51;63;0
06-16-2010 07:52;0;0
06-16-2010 07:53;0;0
06-16-2010 07:54;0;0
06-16-2010 07:55;0;0
06-16-2010 07:56;0;0
06-16-2010 07:57;0;0
06-16-2010 07:58;0;0
06-16-2010 07:59;0;0
06-16-2010 08:00;161;0
06-16-2010 08:01;134;0
06-16-2010 08:02;0;0
06-16-2010 08:03;48;0
06-16-2010 08:04;0;0
06-16-2010 08:05;0;0
06-16-2010 08:06;0;0
06-16-2010 08:07;0;0
06-16-2010 08:08;0;0
06-16-2010 08:09;0;0
06-16-2010 08:10;0;0
06-16-2010 08:11;0;0
06-16-2010 08:12;0;0
06-16-2010 08:13;0;0
06-16-2010 08:14;33;0
06-16-2010 08:15;0;0
06-16-2010 08:16;0;0
06-16-2010 08:17;0;0
06-16-2010 08:18;63;0
06-16-2010 08:19;26;0
06-16-2010 08:20;0;0
06-16-2010 08:21;0;0
06-16-2010 08:22;0;0
06-16-2010 08:23;0;0
06-16-2010 08:24;0;0
06-16-2010 08:25;0;0
06-16-2010 08:26;0;0
06-16-2010 08:27;0;0
06-16-2010 08:28;0;0
06-16-2010 08:29;0;0
06-16-2010 08:30;0;0
06-16-2010 08:31;0;0
06-16-2010 08:32;0;0
06-16-2010 08:33;0;0
06-16-2010 08:34;0;0
06-16-2010 08:35;0;0
06-16-2010 08:36;172;0
06-16-2010 08:37;117;0
06-16-2010 08:38;0;0
06-16-2010 08:39;0;0
06-16-2010 08:40;0;0
06-16-2010 08:41;0;0
06-16-2010 08:42;0;0
06-16-2010 08:43;0;0
06-16-2010 08:44;0;0
06-16-2010 08:45;0;0
06-16-2010 08:46;0;0
06-16-2010 08:47;0;0
06-16-2010 08:48;0;0
06-16-2010 08:49;0;0
06-16-2010 08:50;0;0
06-16-2010 08:51;0;0
06-16-2010 08:52;0;0
06-16-2010 08:53;0;0
06-16-2010 08:54;0;0
06-16-2010 08:55;708;1
06-16-2010 08:56;172;0
06-16-2010 08:57;259;0
06-16-2010 08:58;125;0
06-16-2010 08:59;57;0
06-16-2010 09:00;0;0
06-16-2010 09:01;0;0
06-16-2010 09:02;112;0
06-16-2010 09:03;0;0
06-16-2010 09:04;0;0
06-16-2010 09:05;0;0
06-16-2010 09:06;0;0
06-16-2010 09:07;0;0
06-16-2010 09:08;0;0
06-16-2010 09:09;0;0
06-16-2010 09:10;0;0
06-16-2010 09:11;0;0
06-16-2010 09:12;0;0
06-16-2010 09:13;0;0
06-16-2010 09:14;0;0
06-16-2010 09:15;0;0
06-16-2010 09:16;0;0
06-16-2010 09:17;0;0
06-16-2010 09:18;0;0
06-16-2010 09:19;0;0
06-16-2010 09:20;0;0
06-16-2010 09:21;3;0
06-16-2010 09:22;0;0
06-16-2010 09:23;0;0
06-16-2010 09:24;0;0
06-16-2010 09:25;71;0
06-16-2010 09:26;0;0
06-16-2010 09:27;0;0
06-16-2010 09:28;0;0
06-16-2010 09:29;0;0
06-16-2010 09:30;0;0
06-16-2010 09:31;0;0
06-16-2010 09:32;0;0
06-16-2010 09:33;0;0
06-16-2010 09:34;63;0
06-16-2010 09:35;0;0
06-16-2010 09:36;65;0
06-16-2010 09:37;326;0
06-16-2010 09:38;112;0
06-16-2010 09:39;0;0
06-16-2010 09:40;0;0
06-16-2010 09:41;0;0
06-16-2010 09:42;0;0
06-16-2010 09:43;0;0
06-16-2010 09:44;0;0
06-16-2010 09:45;0;0
06-16-2010 09:46;0;0
06-16-2010 09:47;0;0
06-16-2010 09:48;6;0
06-16-2010 09:49;0;0
06-16-2010 09:50;0;0
06-16-2010 09:51;0;0
06-16-2010 09:52;0;0
06-16-2010 09:53;0;0
06-16-2010 09:54;0;0
06-16-2010 09:55;0;0
06-16-2010 09:56;0;0
06-16-2010 09:57;0;0
06-16-2010 09:58;0;0
06-16-2010 09:59;0;0
06-16-2010 10:00;0;0
06-16-2010 10:01;0;0
06-16-2010 10:02;0;0
06-16-2010 10:03;0;0
06-16-2010 10:04;482;0
06-16-2010 10:05;0;0
06-16-2010 10:06;0;0
06-16-2010 10:07;11;0
06-16-2010 10:08;0;0
06-16-2010 10:09;4;0
06-16-2010 10:10;7;0
06-16-2010 10:11;0;0
06-16-2010 10:12;0;0
06-16-2010 10:13;40;0
06-16-2010 10:14;0;0
06-16-2010 10:15;0;0
06-16-2010 10:16;7;0
06-16-2010 10:17;0;0
06-16-2010 10:18;0;0
06-16-2010 10:19;0;0
06-16-2010 10:20;0;0
06-16-2010 10:21;0;0
06-16-2010 10:22;0;0
06-16-2010 10:23;0;0
06-16-2010 10:24;0;0
06-16-2010 10:25;0;0
06-16-2010 10:26;0;0
06-16-2010 10:27;0;0
06-16-2010 10:28;397;0
06-16-2010 10:29;68;0
06-16-2010 10:30;0;0
06-16-2010 10:31;397;0
06-16-2010 10:32;37;0
06-16-2010 10:33;9;0
06-16-2010 10:34;0;0
06-16-2010 10:35;0;0
06-16-2010 10:36;48;0
06-16-2010 10:37;0;0
06-16-2010 10:38;0;0
06-16-2010 10:39;0;0
06-16-2010 10:40;68;0
06-16-2010 10:41;54;0
06-16-2010 10:42;0;0
06-16-2010 10:43;0;0
06-16-2010 10:44;104;0
06-16-2010 10:45;0;0
06-16-2010 10:46;0;0
06-16-2010 10:47;438;0
06-16-2010 10:48;21;0
06-16-2010 10:49;0;0
06-16-2010 10:50;0;0
06-16-2010 10:51;0;0
06-16-2010 10:52;0;0
06-16-2010 10:53;0;0
06-16-2010 10:54;0;0
06-16-2010 10:55;48;0
06-16-2010 10:56;10;0
06-16-2010 10:57;0;0
06-16-2010 10:58;0;0
06-16-2010 10:59;0;0
06-16-2010 11:00;0;0
06-16-2010 11:01;242;0
06-16-2010 11:02;0;0
06-16-2010 11:03;0;0
06-16-2010 11:04;0;0
06-16-2010 11:05;7;0
06-16-2010 11:06;0;0
06-16-2010 11:07;172;0
06-16-2010 11:08;0;0
06-16-2010 11:09;0;0
06-16-2010 11:10;0;0
06-16-2010 11:11;0;0
06-16-2010 11:12;0;0
06-16-2010 11:13;125;0
06-16-2010 11:14;805;1
06-16-2010 11:15;643;0
06-16-2010 11:16;498;0
06-16-2010 11:17;548;0
06-16-2010 11:18;1610;1
06-16-2010 11:19;603;0
06-16-2010 11:20;686;1
06-16-2010 11:21;805;1
06-16-2010 11:22;384;0
06-16-2010 11:23;498;0
06-16-2010 11:24;1070;1
06-16-2010 11:25;498;0
06-16-2010 11:26;513;0
06-16-2010 11:27;46;0
06-16-2010 11:28;108;0
06-16-2010 11:29;134;0
06-16-2010 11:30;566;0
06-16-2010 11:31;1037;1
06-16-2010 11:32;452;0
06-16-2010 11:33;0;0
06-16-2010 11:34;0;0
06-16-2010 11:35;664;0
06-16-2010 11:36;585;0
06-16-2010 11:37;731;1
06-16-2010 11:38;316;0
06-16-2010 11:39;138;0
06-16-2010 11:40;7;0
06-16-2010 11:41;57;0
06-16-2010 11:42;129;0
06-16-2010 11:43;37;0
06-16-2010 11:44;43;0
06-16-2010 11:45;91;0
06-16-2010 11:46;30;0
06-16-2010 11:47;172;0
06-16-2010 11:48;68;0
06-16-2010 11:49;212;0
06-16-2010 11:50;0;0
06-16-2010 11:51;121;0
06-16-2010 11:52;149;0
06-16-2010 11:53;63;0
06-16-2010 11:54;100;0
06-16-2010 11:55;121;0
06-16-2010 11:56;3;0
06-16-2010 11:57;63;0
06-16-2010 11:58;57;0
06-16-2010 11:59;63;0
06-16-2010 12:00;0;0
06-16-2010 12:01;95;0
06-16-2010 12:02;33;0
06-16-2010 12:03;57;0
06-16-2010 12:04;85;0
06-16-2010 12:05;9;0
06-16-2010 12:06;166;0
06-16-2010 12:07;104;0
06-16-2010 12:08;0;0
06-16-2010 12:09;138;0
06-16-2010 12:10;306;0
06-16-2010 12:11;198;0
06-16-2010 12:12;74;0
06-16-2010 12:13;80;0
06-16-2010 12:14;0;0
06-16-2010 12:15;68;0
06-16-2010 12:16;0;0
06-16-2010 12:17;212;0
06-16-2010 12:18;0;0
06-16-2010 12:19;108;0
06-16-2010 12:20;51;0
06-16-2010 12:21;16;0
06-16-2010 12:22;205;0
06-16-2010 12:23;424;0
06-16-2010 12:24;482;0
06-16-2010 12:25;438;0
06-16-2010 12:26;259;0
06-16-2010 12:27;178;0
06-16-2010 12:28;371;0
06-16-2010 12:29;104;0
06-16-2010 12:30;0;0
06-16-2010 12:31;14;0
06-16-2010 12:32;155;0
06-16-2010 12:33;144;0
06-16-2010 12:34;80;0
06-16-2010 12:35;149;0
06-16-2010 12:36;34;0
06-16-2010 12:37;183;0
06-16-2010 12:38;306;0
06-16-2010 12:39;155;0
06-16-2010 12:40;410;0
06-16-2010 12:41;466;0
06-16-2010 12:42;337;0
06-16-2010 12:43;74;0
06-16-2010 12:44;623;0
06-16-2010 12:45;686;1
06-16-2010 12:46;198;0
06-16-2010 12:47;191;0
06-16-2010 12:48;205;0
06-16-2010 12:49;226;0
06-16-2010 12:50;178;0
06-16-2010 12:51;348;0
06-16-2010 12:52;371;0
06-16-2010 12:53;306;0
06-16-2010 12:54;226;0
06-16-2010 12:55;3;0
06-16-2010 12:56;60;0
06-16-2010 12:57;731;1
06-16-2010 12:58;384;0
06-16-2010 12:59;51;0
06-16-2010 13:00;28;0
06-16-2010 13:01;623;0
06-16-2010 13:02;286;0
06-16-2010 13:03;397;0
06-16-2010 13:04;623;0
06-16-2010 13:05;731;1
06-16-2010 13:06;306;0
06-16-2010 13:07;286;0
06-16-2010 13:08;125;0
06-16-2010 13:09;438;0
06-16-2010 13:10;708;1
06-16-2010 13:11;438;0
06-16-2010 13:12;482;0
06-16-2010 13:13;731;1
06-16-2010 13:14;250;0
06-16-2010 13:15;452;0
06-16-2010 13:16;198;0
06-16-2010 13:17;410;0
06-16-2010 13:18;259;0
06-16-2010 13:19;80;0
06-16-2010 13:20;286;0
06-16-2010 13:21;643;0
06-16-2010 13:22;513;0
06-16-2010 13:23;233;0
06-16-2010 13:24;48;0
06-16-2010 13:25;91;0
06-16-2010 13:26;27;0
06-16-2010 13:27;134;0
06-16-2010 13:28;129;0
06-16-2010 13:29;360;0
06-16-2010 13:30;155;0
06-16-2010 13:31;3;0
06-16-2010 13:32;643;0
06-16-2010 13:33;117;0
06-16-2010 13:34;548;0
06-16-2010 13:35;1104;1
06-16-2010 13:36;1004;1
06-16-2010 13:37;2066;1
06-16-2010 13:38;2268;1
06-16-2010 13:39;2340;1
06-16-2010 13:40;566;0
06-16-2010 13:41;183;0
06-16-2010 13:42;18;0
06-16-2010 13:43;1252;1
06-16-2010 13:44;1465;1
06-16-2010 13:45;973;1
06-16-2010 13:46;498;0
06-16-2010 13:47;0;0
06-16-2010 13:48;0;0
06-16-2010 13:49;0;0
06-16-2010 13:50;0;0
06-16-2010 13:51;0;0
06-16-2010 13:52;0;0
06-16-2010 13:53;0;0
06-16-2010 13:54;0;0
06-16-2010 13:55;0;0
06-16-2010 13:56;0;0
06-16-2010 13:57;0;0
06-16-2010 13:58;0;0
06-16-2010 13:59;0;0
06-16-2010 14:00;0;0
06-16-2010 14:01;0;0
06-16-2010 14:02;0;0
06-16-2010 14:03;0;0
06-16-2010 14:04;0;0
06-16-2010 14:05;0;0
06-16-2010 14:06;0;0
06-16-2010 14:07;0;0
06-16-2010 14:08;0;0
06-16-2010 14:09;0;0
06-16-2010 14:10;0;0
06-16-2010 14:11;0;0
06-16-2010 14:12;0;0
06-16-2010 14:13;0;0
06-16-2010 14:14;0;0
06-16-2010 14:15;0;0
06-16-2010 14:16;0;0
06-16-2010 14:17;0;0
06-16-2010 14:18;0;0
06-16-2010 14:19;0;0
06-16-2010 14:20;0;0
06-16-2010 14:21;0;0
06-16-2010 14:22;0;0
06-16-2010 14:23;0;0
06-16-2010 14:24;0;0
06-16-2010 14:25;0;0
06-16-2010 14:26;0;0
06-16-2010 14:27;0;0
06-16-2010 14:28;0;0
06-16-2010 14:29;0;0
06-16-2010 14:30;0;0
06-16-2010 14:31;0;0
06-16-2010 14:32;0;0
06-16-2010 14:33;0;0
06-16-2010 14:34;0;0
06-16-2010 14:35;0;0
06-16-2010 14:36;0;0
06-16-2010 14:37;0;0
06-16-2010 14:38;0;0
06-16-2010 14:39;0;0
06-16-2010 14:40;0;0
06-16-2010 14:41;0;0
06-16-2010 14:42;0;0
06-16-2010 14:43;0;0
06-16-2010 14:44;0;0
06-16-2010 14:45;0;0
06-16-2010 14:46;0;0
06-16-2010 14:47;0;0
06-16-2010 14:48;0;0
06-16-2010 14:49;0;0
06-16-2010 14:50;0;0
06-16-2010 14:51;0;0
06-16-2010 14:52;0;0
06-16-2010 14:53;0;0
06-16-2010 14:54;0;0
06-16-2010 14:55;0;0
06-16-2010 14:56;0;0
06-16-2010 14:57;0;0
06-16-2010 14:58;0;0
06-16-2010 14:59;0;0
06-16-2010 15:00;0;0
06-16-2010 15:01;0;0
06-16-2010 15:02;0;0
06-16-2010 15:03;0;0
06-16-2010 15:04;0;0
06-16-2010 15:05;0;0
06-16-2010 15:06;0;0
06-16-2010 15:07;0;0
06-16-2010 15:08;0;0
06-16-2010 15:09;0;0
06-16-2010 15:10;0;0
06-16-2010 15:11;0;0
06-16-2010 15:12;0;0
06-16-2010 15:13;0;0
06-16-2010 15:14;0;0
06-16-2010 15:15;0;0
06-16-2010 15:16;0;0
06-16-2010 15:17;0;0
06-16-2010 15:18;0;0
06-16-2010 15:19;0;0
06-16-2010 15:20;0;0
06-16-2010 15:21;0;0
06-16-2010 15:22;0;0
06-16-2010 15:23;0;0
06-16-2010 15:24;0;0
06-16-2010 15:25;0;0
06-16-2010 15:26;0;0
06-16-2010 15:27;0;0
06-16-2010 15:28;0;0
06-16-2010 15:29;0;0
06-16-2010 15:30;0;0
06-16-2010 15:31;0;0
06-16-2010 15:32;0;0
06-16-2010 15:33;0;0
06-16-2010 15:34;0;0
06-16-2010 15:35;0;0
06-16-2010 15:36;0;0
06-16-2010 15:37;0;0
06-16-2010 15:38;0;0
06-16-2010 15:39;0;0
06-16-2010 15:40;0;0
06-16-2010 15:41;0;0
06-16-2010 15:42;0;0
06-16-2010 15:43;0;0
06-16-2010 15:44;0;0
06-16-2010 15:45;0;0
06-16-2010 15:46;0;0
06-16-2010 15:47;0;0
06-16-2010 15:48;0;0
06-16-2010 15:49;0;0
06-16-2010 15:50;0;0
06-16-2010 15:51;0;0
06-16-2010 15:52;0;0
06-16-2010 15:53;0;0
06-16-2010 15:54;0;0
06-16-2010 15:55;0;0
06-16-2010 15:56;0;0
06-16-2010 15:57;0;0
06-16-2010 15:58;0;0
06-16-2010 15:59;0;0
06-16-2010 16:00;0;0
06-16-2010 16:01;0;0
06-16-2010 16:02;0;0
06-16-2010 16:03;0;0
06-16-2010 16:04;0;0
06-16-2010 16:05;0;0
06-16-2010 16:06;0;0
06-16-2010 16:07;0;0
06-16-2010 16:08;0;0
06-16-2010 16:09;0;0
06-16-2010 16:10;0;0
06-16-2010 16:11;0;0
06-16-2010 16:12;0;0
06-16-2010 16:13;0;0
06-16-2010 16:14;0;0
06-16-2010 16:15;0;0
06-16-2010 16:16;0;0
06-16-2010 16:17;0;0
06-16-2010 16:18;0;0
06-16-2010 16:19;0;0
06-16-2010 16:20;0;0
06-16-2010 16:21;0;0
06-16-2010 16:22;0;0
06-16-2010 16:23;0;0
06-16-2010 16:24;0;0
06-16-2010 16:25;0;0
06-16-2010 16:26;0;0
06-16-2010 16:27;0;0
06-16-2010 16:28;0;0
06-16-2010 16:29;0;0
06-16-2010 16:30;0;0
06-16-2010 16:31;0;0
06-16-2010 16:32;0;0
06-16-2010 16:33;0;0
06-16-2010 16:34;0;0
06-16-2010 16:35;0;0
06-16-2010 16:36;0;0
06-16-2010 16:37;0;0
06-16-2010 16:38;0;0
06-16-2010 16:39;0;0
06-16-2010 16:40;0;0
06-16-2010 16:41;0;0
06-16-2010 16:42;0;0
06-16-2010 16:43;0;0
06-16-2010 16:44;0;0
06-16-2010 16:45;0;0
06-16-2010 16:46;0;0
06-16-2010 16:47;0;0
06-16-2010 16:48;0;0
06-16-2010 16:49;0;0
06-16-2010 16:50;0;0
06-16-2010 16:51;0;0
06-16-2010 16:52;0;0
06-16-2010 16:53;0;0
06-16-2010 16:54;0;0
06-16-2010 16:55;0;0
06-16-2010 16:56;0;0
06-16-2010 16:57;0;0
06-16-2010 16:58;0;0
06-16-2010 16:59;0;0
06-16-2010 17:00;0;0
06-16-2010 17:01;0;0
06-16-2010 17:02;0;0
06-16-2010 17:03;0;0
06-16-2010 17:04;0;0
06-16-2010 17:05;0;0
06-16-2010 17:06;0;0
06-16-2010 17:07;0;0
06-16-2010 17:08;0;0
06-16-2010 17:09;0;0
06-16-2010 17:10;0;0
06-16-2010 17:11;0;0
06-16-2010 17:12;0;0
06-16-2010 17:13;0;0
06-16-2010 17:14;0;0
06-16-2010 17:15;0;0
06-16-2010 17:16;0;0
06-16-2010 17:17;0;0
06-16-2010 17:18;0;0
06-16-2010 17:19;0;0
06-16-2010 17:20;0;0
06-16-2010 17:21;0;0
06-16-2010 17:22;0;0
06-16-2010 17:23;0;0
06-16-2010 17:24;0;0
06-16-2010 17:25;0;0
06-16-2010 17:26;0;0
06-16-2010 17:27;0;0
06-16-2010 17:28;0;0
06-16-2010 17:29;0;0
06-16-2010 17:30;0;0
06-16-2010 17:31;0;0
06-16-2010 17:32;0;0
06-16-2010 17:33;0;0
06-16-2010 17:34;0;0
06-16-2010 17:35;0;0
06-16-2010 17:36;0;0
06-16-2010 17:37;0;0
06-16-2010 17:38;0;0
06-16-2010 17:39;0;0
06-16-2010 17:40;0;0
06-16-2010 17:41;0;0
06-16-2010 17:42;0;0
06-16-2010 17:43;0;0
06-16-2010 17:44;0;0
06-16-2010 17:45;0;0
06-16-2010 17:46;0;0
06-16-2010 17:47;0;0
06-16-2010 17:48;0;0
06-16-2010 17:49;0;0
06-16-2010 17:50;0;0
06-16-2010 17:51;0;0
06-16-2010 17:52;0;0
06-16-2010 17:53;0;0
06-16-2010 17:54;0;0
06-16-2010 17:55;0;0
06-16-2010 17:56;0;0
06-16-2010 17:57;0;0
06-16-2010 17:58;0;0
06-16-2010 17:59;0;0
06-16-2010 18:00;0;0
06-16-2010 18:01;0;0
06-16-2010 18:02;0;0
06-16-2010 18:03;0;0
06-16-2010 18:04;0;0
06-16-2010 18:05;0;0
06-16-2010 18:06;0;0
06-16-2010 18:07;0;0
06-16-2010 18:08;0;0
06-16-2010 18:09;0;0
06-16-2010 18:10;0;0
06-16-2010 18:11;0;0
06-16-2010 18:12;0;0
06-16-2010 18:13;0;0
06-16-2010 18:14;0;0
06-16-2010 18:15;0;0
06-16-2010 18:16;0;0
06-16-2010 18:17;0;0
06-16-2010 18:18;0;0
06-16-2010 18:19;0;0
06-16-2010 18:20;0;0
06-16-2010 18:21;0;0
06-16-2010 18:22;0;0
06-16-2010 18:23;0;0
06-16-2010 18:24;0;0
06-16-2010 18:25;0;0
06-16-2010 18:26;0;0
06-16-2010 18:27;0;0
06-16-2010 18:28;0;0
06-16-2010 18:29;0;0
06-16-2010 18:30;0;0
06-16-2010 18:31;0;0
06-16-2010 18:32;0;0
06-16-2010 18:33;0;0
06-16-2010 18:34;0;0
06-16-2010 18:35;0;0
06-16-2010 18:36;0;0
06-16-2010 18:37;0;0
06-16-2010 18:38;0;0
06-16-2010 18:39;0;0
06-16-2010 18:40;0;0
06-16-2010 18:41;0;0
06-16-2010 18:42;0;0
06-16-2010 18:43;0;0
06-16-2010 18:44;0;0
06-16-2010 18:45;0;0
06-16-2010 18:46;0;0
06-16-2010 18:47;0;0
06-16-2010 18:48;0;0
06-16-2010 18:49;0;0
06-16-2010 18:50;0;0
06-16-2010 18:51;0;0
06-16-2010 18:52;0;0
06-16-2010 18:53;0;0
06-16-2010 18:54;0;0
06-16-2010 18:55;0;0
06-16-2010 18:56;0;0
06-16-2010 18:57;0;0
06-16-2010 18:58;0;0
06-16-2010 18:59;0;0
06-16-2010 19:00;0;0
06-16-2010 19:01;0;0
06-16-2010 19:02;0;0
06-16-2010 19:03;0;0
06-16-2010 19:04;0;0
06-16-2010 19:05;0;0
06-16-2010 19:06;0;0
06-16-2010 19:07;0;0
06-16-2010 19:08;0;0
06-16-2010 19:09;0;0
06-16-2010 19:10;0;0
06-16-2010 19:11;0;0
06-16-2010 19:12;0;0
06-16-2010 19:13;0;0
06-16-2010 19:14;0;0
06-16-2010 19:15;0;0
06-16-2010 19:16;0;0
06-16-2010 19:17;0;0
06-16-2010 19:18;0;0
06-16-2010 19:19;0;0
06-16-2010 19:20;0;0
06-16-2010 19:21;0;0
06-16-2010 19:22;0;0
06-16-2010 19:23;0;0
06-16-2010 19:24;0;0
06-16-2010 19:25;0;0
06-16-2010 19:26;0;0
06-16-2010 19:27;0;0
06-16-2010 19:28;0;0
06-16-2010 19:29;0;0
06-16-2010 19:30;0;0
06-16-2010 19:31;0;0
06-16-2010 19:32;0;0
06-16-2010 19:33;0;0
06-16-2010 19:34;0;0
06-16-2010 19:35;0;0
06-16-2010 19:36;0;0
06-16-2010 19:37;0;0
06-16-2010 19:38;0;0
06-16-2010 19:39;0;0
06-16-2010 19:40;0;0
06-16-2010 19:41;0;0
06-16-2010 19:42;0;0
06-16-2010 19:43;0;0
06-16-2010 19:44;0;0
06-16-2010 19:45;0;0
06-16-2010 19:46;0;0
06-16-2010 19:47;0;0
06-16-2010 19:48;0;0
06-16-2010 19:49;0;0
06-16-2010 19:50;0;0
06-16-2010 19:51;0;0
06-16-2010 19:52;0;0
06-16-2010 19:53;0;0
06-16-2010 19:54;0;0
06-16-2010 19:55;0;0
06-16-2010 19:56;0;0
06-16-2010 19:57;0;0
06-16-2010 19:58;0;0
06-16-2010 19:59;0;0
06-16-2010 20:00;0;0
06-16-2010 20:01;0;0
06-16-2010 20:02;0;0
06-16-2010 20:03;0;0
06-16-2010 20:04;0;0
06-16-2010 20:05;0;0
06-16-2010 20:06;0;0
06-16-2010 20:07;0;0
06-16-2010 20:08;0;0
06-16-2010 20:09;0;0
06-16-2010 20:10;0;0
06-16-2010 20:11;0;0
06-16-2010 20:12;0;0
06-16-2010 20:13;0;0
06-16-2010 20:14;0;0
06-16-2010 20:15;0;0
06-16-2010 20:16;0;0
06-16-2010 20:17;0;0
06-16-2010 20:18;0;0
06-16-2010 20:19;0;0
06-16-2010 20:20;0;0
06-16-2010 20:21;0;0
06-16-2010 20:22;0;0
06-16-2010 20:23;0;0
06-16-2010 20:24;0;0
06-16-2010 20:25;0;0
06-16-2010 20:26;0;0
06-16-2010 20:27;0;0
06-16-2010 20:28;0;0
06-16-2010 20:29;0;0
06-16-2010 20:30;0;0
06-16-2010 20:31;0;0
06-16-2010 20:32;0;0
06-16-2010 20:33;0;0
06-16-2010 20:34;0;0
06-16-2010 20:35;0;0
06-16-2010 20:36;0;0
06-16-2010 20:37;0;0
06-16-2010 20:38;0;0
06-16-2010 20:39;0;0
06-16-2010 20:40;0;0
06-16-2010 20:41;0;0
06-16-2010 20:42;0;0
06-16-2010 20:43;0;0
06-16-2010 20:44;0;0
06-16-2010 20:45;0;0
06-16-2010 20:46;0;0
06-16-2010 20:47;0;0
06-16-2010 20:48;0;0
06-16-2010 20:49;0;0
06-16-2010 20:50;0;0
06-16-2010 20:51;0;0
06-16-2010 20:52;0;0
06-16-2010 20:53;0;0
06-16-2010 20:54;0;0
06-16-2010 20:55;0;0
06-16-2010 20:56;0;0
06-16-2010 20:57;0;0
06-16-2010 20:58;0;0
06-16-2010 20:59;0;0
06-16-2010 21:00;0;0
06-16-2010 21:01;0;0
06-16-2010 21:02;0;0
06-16-2010 21:03;0;0
06-16-2010 21:04;0;0
06-16-2010 21:05;0;0
06-16-2010 21:06;0;0
06-16-2010 21:07;0;0
06-16-2010 21:08;0;0
06-16-2010 21:09;0;0
06-16-2010 21:10;0;0
06-16-2010 21:11;0;0
06-16-2010 21:12;0;0
06-16-2010 21:13;0;0
06-16-2010 21:14;0;0
06-16-2010 21:15;0;0
06-16-2010 21:16;0;0
06-16-2010 21:17;0;0
06-16-2010 21:18;0;0
06-16-2010 21:19;0;0
06-16-2010 21:20;0;0
06-16-2010 21:21;0;0
06-16-2010 21:22;0;0
06-16-2010 21:23;0;0
06-16-2010 21:24;0;0
06-16-2010 21:25;0;0
06-16-2010 21:26;0;0
06-16-2010 21:27;0;0
06-16-2010 21:28;0;0
06-16-2010 21:29;0;0
06-16-2010 21:30;0;0
06-16-2010 21:31;0;0
06-16-2010 21:32;0;0
06-16-2010 21:33;0;0
06-16-2010 21:34;0;0
06-16-2010 21:35;0;0
06-16-2010 21:36;0;0
06-16-2010 21:37;0;0
06-16-2010 21:38;0;0
06-16-2010 21:39;0;0
06-16-2010 21:40;0;0
06-16-2010 21:41;0;0
06-16-2010 21:42;0;0
06-16-2010 21:43;0;0
06-16-2010 21:44;0;0
06-16-2010 21:45;0;0
06-16-2010 21:46;0;0
06-16-2010 21:47;0;0
06-16-2010 21:48;0;0
06-16-2010 21:49;0;0
06-16-2010 21:50;0;0
06-16-2010 21:51;0;0
06-16-2010 21:52;0;0
06-16-2010 21:53;0;0
06-16-2010 21:54;0;0
06-16-2010 21:55;0;0
06-16-2010 21:56;0;0
06-16-2010 21:57;0;0
06-16-2010 21:58;0;0
06-16-2010 21:59;0;0
06-16-2010 22:00;0;0
06-16-2010 22:01;0;0
06-16-2010 22:02;0;0
06-16-2010 22:03;0;0
06-16-2010 22:04;0;0
06-16-2010 22:05;0;0
06-16-2010 22:06;0;0
06-16-2010 22:07;0;0
06-16-2010 22:08;316;0
06-16-2010 22:09;2199;1
06-16-2010 22:10;326;0
06-16-2010 22:11;513;0
06-16-2010 22:12;1213;1
06-16-2010 22:13;858;1
06-16-2010 22:14;410;0
06-16-2010 22:15;384;0
06-16-2010 22:16;779;1
06-16-2010 22:17;129;0
06-16-2010 22:18;144;0
06-16-2010 22:19;121;0
06-16-2010 22:20;397;0
06-16-2010 22:21;104;0
06-16-2010 22:22;219;0
06-16-2010 22:23;276;0
06-16-2010 22:24;452;0
06-16-2010 22:25;603;0
06-16-2010 22:26;643;0
06-16-2010 22:27;623;0
06-16-2010 22:28;603;0
06-16-2010 22:29;603;0
06-16-2010 22:30;482;0
06-16-2010 22:31;731;1
06-16-2010 22:32;384;0
06-16-2010 22:33;424;0
06-16-2010 22:34;731;1
06-16-2010 22:35;603;0
06-16-2010 22:36;643;0
06-16-2010 22:37;410;0
06-16-2010 22:38;129;0
06-16-2010 22:39;138;0
06-16-2010 22:40;36;0
06-16-2010 22:41;82;0
06-16-2010 22:42;326;0
06-16-2010 22:43;34;0
06-16-2010 22:44;233;0
06-16-2010 22:45;198;0
06-16-2010 22:46;23;0
06-16-2010 22:47;85;0
06-16-2010 22:48;17;0
06-16-2010 22:49;7;0
06-16-2010 22:50;0;0
06-16-2010 22:51;0;0
06-16-2010 22:52;0;0
06-16-2010 22:53;7;0
06-16-2010 22:54;0;0
06-16-2010 22:55;0;0
06-16-2010 22:56;306;0
06-16-2010 22:57;161;0
06-16-2010 22:58;191;0
06-16-2010 22:59;219;0
06-16-2010 23:00;212;0
06-16-2010 23:01;129;0
06-16-2010 23:02;18;0
06-16-2010 23:03;205;0
06-16-2010 23:04;57;0
06-16-2010 23:05;100;0
06-16-2010 23:06;250;0
06-16-2010 23:07;513;0
06-16-2010 23:08;1610;1
06-16-2010 23:09;1560;1
06-16-2010 23:10;498;0
06-16-2010 23:11;276;0
06-16-2010 23:12;530;0
06-16-2010 23:13;1004;1
06-16-2010 23:14;1104;1
06-16-2010 23:15;306;0
06-16-2010 23:16;913;1
06-16-2010 23:17;858;1
06-16-2010 23:18;384;0
06-16-2010 23:19;498;0
06-16-2010 23:20;1037;1
06-16-2010 23:21;973;1
06-16-2010 23:22;3291;1
06-16-2010 23:23;371;0
06-16-2010 23:24;267;0
06-16-2010 23:25;286;0
06-16-2010 23:26;242;0
06-16-2010 23:27;0;0
06-16-2010 23:28;9;0
06-16-2010 23:29;326;0
06-16-2010 23:30;112;0
06-16-2010 23:31;226;0
06-16-2010 23:32;316;0
06-16-2010 23:33;326;0
06-16-2010 23:34;7;0
06-16-2010 23:35;95;0
06-16-2010 23:36;267;0
06-16-2010 23:37;276;0
06-16-2010 23:38;191;0
06-16-2010 23:39;18;0
06-16-2010 23:40;198;0
06-16-2010 23:41;51;0
06-16-2010 23:42;16;0
06-16-2010 23:43;498;0
06-16-2010 23:44;91;0
06-16-2010 23:45;466;0
06-16-2010 23:46;316;0
06-16-2010 23:47;438;0
06-16-2010 23:48;60;0
06-16-2010 23:49;805;1
06-16-2010 23:50;1070;1
06-16-2010 23:51;548;0
06-16-2010 23:52;371;0
06-16-2010 23:53;95;0
06-16-2010 23:54;548;0
06-16-2010 23:55;250;0
06-16-2010 23:56;91;0
06-16-2010 23:57;267;0
06-16-2010 23:58;108;0
06-16-2010 23:59;38;0
06-17-2010 00:00;212;0
06-17-2010 00:01;134;0
06-17-2010 00:02;95;0
06-17-2010 00:03;326;0
06-17-2010 00:04;125;0
06-17-2010 00:05;134;0
06-17-2010 00:06;31;0
06-17-2010 00:07;44;0
06-17-2010 00:08;149;0
06-17-2010 00:09;80;0
06-17-2010 00:10;112;0
06-17-2010 00:11;360;0
06-17-2010 00:12;183;0
06-17-2010 00:13;57;0
06-17-2010 00:14;95;0
06-17-2010 00:15;91;0
06-17-2010 00:16;91;0
06-17-2010 00:17;48;0
06-17-2010 00:18;85;0
06-17-2010 00:19;108;0
06-17-2010 00:20;57;0
06-17-2010 00:21;11;0
06-17-2010 00:22;80;0
06-17-2010 00:23;82;0
06-17-2010 00:24;46;0
06-17-2010 00:25;85;0
06-17-2010 00:26;108;0
06-17-2010 00:27;172;0
06-17-2010 00:28;0;0
06-17-2010 00:29;3;0
06-17-2010 00:30;0;0
06-17-2010 00:31;10;0
06-17-2010 00:32;0;0
06-17-2010 00:33;3;0
06-17-2010 00:34;20;0
06-17-2010 00:35;0;0
06-17-2010 00:36;0;0
06-17-2010 00:37;121;0
06-17-2010 00:38;178;0
06-17-2010 00:39;144;0
06-17-2010 00:40;384;0
06-17-2010 00:41;348;0
06-17-2010 00:42;296;0
06-17-2010 00:43;144;0
06-17-2010 00:44;233;0
06-17-2010 00:45;219;0
06-17-2010 00:46;26;0
06-17-2010 00:47;60;0
06-17-2010 00:48;885;1
06-17-2010 00:49;276;0
06-17-2010 00:50;149;0
06-17-2010 00:51;438;0
06-17-2010 00:52;296;0
06-17-2010 00:53;0;0
06-17-2010 00:54;0;0
06-17-2010 00:55;0;0
06-17-2010 00:56;0;0
06-17-2010 00:57;0;0
06-17-2010 00:58;0;0
06-17-2010 00:59;0;0
06-17-2010 01:00;0;0
06-17-2010 01:01;0;0
06-17-2010 01:02;0;0
06-17-2010 01:03;0;0
06-17-2010 01:04;0;0
06-17-2010 01:05;0;0
06-17-2010 01:06;0;0
06-17-2010 01:07;0;0
06-17-2010 01:08;0;0
06-17-2010 01:09;0;0
06-17-2010 01:10;0;0
06-17-2010 01:11;0;0
06-17-2010 01:12;0;0
06-17-2010 01:13;0;0
06-17-2010 01:14;0;0
06-17-2010 01:15;0;0
06-17-2010 01:16;0;0
06-17-2010 01:17;0;0
06-17-2010 01:18;0;0
06-17-2010 01:19;0;0
06-17-2010 01:20;0;0
06-17-2010 01:21;0;0
06-17-2010 01:22;0;0
06-17-2010 01:23;0;0
06-17-2010 01:24;0;0
06-17-2010 01:25;0;0
06-17-2010 01:26;0;0
06-17-2010 01:27;0;0
06-17-2010 01:28;0;0
06-17-2010 01:29;0;0
06-17-2010 01:30;0;0
06-17-2010 01:31;0;0
06-17-2010 01:32;0;0
06-17-2010 01:33;0;0
06-17-2010 01:34;0;0
06-17-2010 01:35;0;0
06-17-2010 01:36;0;0
06-17-2010 01:37;0;0
06-17-2010 01:38;0;0
06-17-2010 01:39;0;0
06-17-2010 01:40;0;0
06-17-2010 01:41;0;0
06-17-2010 01:42;0;0
06-17-2010 01:43;0;0
06-17-2010 01:44;0;0
06-17-2010 01:45;0;0
06-17-2010 01:46;0;0
06-17-2010 01:47;0;0
06-17-2010 01:48;0;0
06-17-2010 01:49;0;0
06-17-2010 01:50;0;0
06-17-2010 01:51;0;0
06-17-2010 01:52;0;0
06-17-2010 01:53;0;0
06-17-2010 01:54;0;0
06-17-2010 01:55;0;0
06-17-2010 01:56;0;0
06-17-2010 01:57;0;0
06-17-2010 01:58;0;0
06-17-2010 01:59;0;0
06-17-2010 02:00;0;0
06-17-2010 02:01;0;0
06-17-2010 02:02;0;0
06-17-2010 02:03;0;0
06-17-2010 02:04;0;0
06-17-2010 02:05;0;0
06-17-2010 02:06;0;0
06-17-2010 02:07;0;0
06-17-2010 02:08;0;0
06-17-2010 02:09;0;0
06-17-2010 02:10;0;0
06-17-2010 02:11;0;0
06-17-2010 02:12;0;0
06-17-2010 02:13;0;0
06-17-2010 02:14;0;0
06-17-2010 02:15;0;0
06-17-2010 02:16;0;0
06-17-2010 02:17;0;0
06-17-2010 02:18;0;0
06-17-2010 02:19;0;0
06-17-2010 02:20;0;0
06-17-2010 02:21;0;0
06-17-2010 02:22;0;0
06-17-2010 02:23;0;0
06-17-2010 02:24;0;0
06-17-2010 02:25;0;0
06-17-2010 02:26;0;0
06-17-2010 02:27;0;0
06-17-2010 02:28;0;0
06-17-2010 02:29;0;0
06-17-2010 02:30;0;0
06-17-2010 02:31;0;0
06-17-2010 02:32;0;0
06-17-2010 02:33;0;0
06-17-2010 02:34;0;0
06-17-2010 02:35;0;0
06-17-2010 02:36;0;0
06-17-2010 02:37;0;0
06-17-2010 02:38;0;0
06-17-2010 02:39;0;0
06-17-2010 02:40;0;0
06-17-2010 02:41;0;0
06-17-2010 02:42;0;0
06-17-2010 02:43;0;0
06-17-2010 02:44;0;0
06-17-2010 02:45;0;0
06-17-2010 02:46;0;0
06-17-2010 02:47;0;0
06-17-2010 02:48;0;0
06-17-2010 02:49;0;0
06-17-2010 02:50;0;0
06-17-2010 02:51;0;0
06-17-2010 02:52;0;0
06-17-2010 02:53;0;0
06-17-2010 02:54;0;0
06-17-2010 02:55;0;0
06-17-2010 02:56;0;0
06-17-2010 02:57;0;0
06-17-2010 02:58;0;0
06-17-2010 02:59;0;0
06-17-2010 03:00;0;0
06-17-2010 03:01;0;0
06-17-2010 03:02;0;0
06-17-2010 03:03;0;0
06-17-2010 03:04;0;0
06-17-2010 03:05;0;0
06-17-2010 03:06;0;0
06-17-2010 03:07;0;0
06-17-2010 03:08;0;0
06-17-2010 03:09;0;0
06-17-2010 03:10;0;0
06-17-2010 03:11;0;0
06-17-2010 03:12;0;0
06-17-2010 03:13;0;0
06-17-2010 03:14;0;0
06-17-2010 03:15;0;0
06-17-2010 03:16;0;0
06-17-2010 03:17;0;0
06-17-2010 03:18;0;0
06-17-2010 03:19;0;0
06-17-2010 03:20;0;0
06-17-2010 03:21;0;0
06-17-2010 03:22;0;0
06-17-2010 03:23;0;0
06-17-2010 03:24;0;0
06-17-2010 03:25;0;0
06-17-2010 03:26;0;0
06-17-2010 03:27;0;0
06-17-2010 03:28;0;0
06-17-2010 03:29;0;0
06-17-2010 03:30;0;0
06-17-2010 03:31;0;0
06-17-2010 03:32;0;0
06-17-2010 03:33;0;0
06-17-2010 03:34;0;0
06-17-2010 03:35;0;0
06-17-2010 03:36;0;0
06-17-2010 03:37;0;0
06-17-2010 03:38;0;0
06-17-2010 03:39;0;0
06-17-2010 03:40;0;0
06-17-2010 03:41;0;0
06-17-2010 03:42;0;0
06-17-2010 03:43;0;0
06-17-2010 03:44;0;0
06-17-2010 03:45;0;0
06-17-2010 03:46;0;0
06-17-2010 03:47;0;0
06-17-2010 03:48;0;0
06-17-2010 03:49;0;0
06-17-2010 03:50;0;0
06-17-2010 03:51;0;0
06-17-2010 03:52;0;0
06-17-2010 03:53;0;0
06-17-2010 03:54;0;0
06-17-2010 03:55;0;0
06-17-2010 03:56;0;0
06-17-2010 03:57;0;0
06-17-2010 03:58;0;0
06-17-2010 03:59;0;0
06-17-2010 04:00;0;0
06-17-2010 04:01;0;0
06-17-2010 04:02;0;0
06-17-2010 04:03;0;0
06-17-2010 04:04;0;0
06-17-2010 04:05;0;0
06-17-2010 04:06;0;0
06-17-2010 04:07;0;0
06-17-2010 04:08;0;0
06-17-2010 04:09;0;0
06-17-2010 04:10;0;0
06-17-2010 04:11;0;0
06-17-2010 04:12;0;0
06-17-2010 04:13;0;0
06-17-2010 04:14;0;0
06-17-2010 04:15;0;0
06-17-2010 04:16;0;0
06-17-2010 04:17;0;0
06-17-2010 04:18;0;0
06-17-2010 04:19;0;0
06-17-2010 04:20;0;0
06-17-2010 04:21;0;0
06-17-2010 04:22;0;0
06-17-2010 04:23;0;0
06-17-2010 04:24;0;0
06-17-2010 04:25;0;0
06-17-2010 04:26;0;0
06-17-2010 04:27;0;0
06-17-2010 04:28;0;0
06-17-2010 04:29;0;0
06-17-2010 04:30;0;0
06-17-2010 04:31;0;0
06-17-2010 04:32;0;0
06-17-2010 04:33;0;0
06-17-2010 04:34;0;0
06-17-2010 04:35;0;0
06-17-2010 04:36;0;0
06-17-2010 04:37;0;0
06-17-2010 04:38;0;0
06-17-2010 04:39;0;0
06-17-2010 04:40;0;0
06-17-2010 04:41;0;0
06-17-2010 04:42;0;0
06-17-2010 04:43;0;0
06-17-2010 04:44;0;0
06-17-2010 04:45;0;0
06-17-2010 04:46;0;0
06-17-2010 04:47;0;0
06-17-2010 04:48;0;0
06-17-2010 04:49;0;0
06-17-2010 04:50;0;0
06-17-2010 04:51;0;0
06-17-2010 04:52;0;0
06-17-2010 04:53;0;0
06-17-2010 04:54;0;0
06-17-2010 04:55;0;0
06-17-2010 04:56;0;0
06-17-2010 04:57;0;0
06-17-2010 04:58;0;0
06-17-2010 04:59;0;0
06-17-2010 05:00;0;0
06-17-2010 05:01;0;0
06-17-2010 05:02;0;0
06-17-2010 05:03;0;0
06-17-2010 05:04;0;0
06-17-2010 05:05;0;0
06-17-2010 05:06;0;0
06-17-2010 05:07;0;0
06-17-2010 05:08;0;0
06-17-2010 05:09;0;0
06-17-2010 05:10;0;0
06-17-2010 05:11;0;0
06-17-2010 05:12;0;0
06-17-2010 05:13;0;0
06-17-2010 05:14;0;0
06-17-2010 05:15;0;0
06-17-2010 05:16;0;0
06-17-2010 05:17;0;0
06-17-2010 05:18;0;0
06-17-2010 05:19;0;0
06-17-2010 05:20;0;0
06-17-2010 05:21;0;0
06-17-2010 05:22;0;0
06-17-2010 05:23;0;0
06-17-2010 05:24;0;0
06-17-2010 05:25;0;0
06-17-2010 05:26;0;0
06-17-2010 05:27;0;0
06-17-2010 05:28;0;0
06-17-2010 05:29;0;0
06-17-2010 05:30;0;0
06-17-2010 05:31;0;0
06-17-2010 05:32;0;0
06-17-2010 05:33;0;0
06-17-2010 05:34;0;0
06-17-2010 05:35;0;0
06-17-2010 05:36;0;0
06-17-2010 05:37;0;0
06-17-2010 05:38;0;0
06-17-2010 05:39;0;0
06-17-2010 05:40;0;0
06-17-2010 05:41;0;0
06-17-2010 05:42;0;0
06-17-2010 05:43;0;0
06-17-2010 05:44;0;0
06-17-2010 05:45;0;0
06-17-2010 05:46;0;0
06-17-2010 05:47;0;0
06-17-2010 05:48;0;0
06-17-2010 05:49;0;0
06-17-2010 05:50;0;0
06-17-2010 05:51;0;0
06-17-2010 05:52;0;0
06-17-2010 05:53;0;0
06-17-2010 05:54;0;0
06-17-2010 05:55;0;0
06-17-2010 05:56;0;0
06-17-2010 05:57;0;0
06-17-2010 05:58;0;0
06-17-2010 05:59;0;0
06-17-2010 06:00;0;0
06-17-2010 06:01;0;0
06-17-2010 06:02;0;0
06-17-2010 06:03;0;0
06-17-2010 06:04;0;0
06-17-2010 06:05;0;0
06-17-2010 06:06;0;0
06-17-2010 06:07;0;0
06-17-2010 06:08;0;0
06-17-2010 06:09;0;0
06-17-2010 06:10;0;0
06-17-2010 06:11;0;0
06-17-2010 06:12;0;0
06-17-2010 06:13;0;0
06-17-2010 06:14;0;0
06-17-2010 06:15;0;0
06-17-2010 06:16;0;0
06-17-2010 06:17;0;0
06-17-2010 06:18;0;0
06-17-2010 06:19;0;0
06-17-2010 06:20;0;0
06-17-2010 06:21;0;0
06-17-2010 06:22;0;0
06-17-2010 06:23;0;0
06-17-2010 06:24;0;0
06-17-2010 06:25;0;0
06-17-2010 06:26;0;0
06-17-2010 06:27;0;0
06-17-2010 06:28;0;0
06-17-2010 06:29;0;0
06-17-2010 06:30;0;0
06-17-2010 06:31;0;0
06-17-2010 06:32;0;0
06-17-2010 06:33;0;0
06-17-2010 06:34;0;0
06-17-2010 06:35;0;0
06-17-2010 06:36;0;0
06-17-2010 06:37;0;0
06-17-2010 06:38;0;0
06-17-2010 06:39;0;0
06-17-2010 06:40;0;0
06-17-2010 06:41;0;0
06-17-2010 06:42;0;0
06-17-2010 06:43;0;0
06-17-2010 06:44;0;0
06-17-2010 06:45;0;0
06-17-2010 06:46;0;0
06-17-2010 06:47;0;0
06-17-2010 06:48;0;0
06-17-2010 06:49;0;0
06-17-2010 06:50;0;0
06-17-2010 06:51;0;0
06-17-2010 06:52;0;0
06-17-2010 06:53;0;0
06-17-2010 06:54;0;0
06-17-2010 06:55;0;0
06-17-2010 06:56;0;0
06-17-2010 06:57;0;0
06-17-2010 06:58;0;0
06-17-2010 06:59;0;0
06-17-2010 07:00;0;0
06-17-2010 07:01;0;0
06-17-2010 07:02;0;0
06-17-2010 07:03;0;0
06-17-2010 07:04;0;0
06-17-2010 07:05;0;0
06-17-2010 07:06;0;0
06-17-2010 07:07;0;0
06-17-2010 07:08;0;0
06-17-2010 07:09;0;0
06-17-2010 07:10;0;0
06-17-2010 07:11;0;0
06-17-2010 07:12;0;0
06-17-2010 07:13;0;0
06-17-2010 07:14;0;0
06-17-2010 07:15;0;0
06-17-2010 07:16;0;0
06-17-2010 07:17;0;0
06-17-2010 07:18;0;0
06-17-2010 07:19;0;0
06-17-2010 07:20;0;0
06-17-2010 07:21;0;0
06-17-2010 07:22;0;0
06-17-2010 07:23;0;0
06-17-2010 07:24;0;0
06-17-2010 07:25;0;0
06-17-2010 07:26;0;0
06-17-2010 07:27;0;0
06-17-2010 07:28;0;0
06-17-2010 07:29;0;0
06-17-2010 07:30;0;0
06-17-2010 07:31;0;0
06-17-2010 07:32;0;0
06-17-2010 07:33;0;0
06-17-2010 07:34;0;0
06-17-2010 07:35;0;0
06-17-2010 07:36;0;0
06-17-2010 07:37;0;0
06-17-2010 07:38;0;0
06-17-2010 07:39;0;0
06-17-2010 07:40;0;0
06-17-2010 07:41;0;0
06-17-2010 07:42;0;0
06-17-2010 07:43;0;0
06-17-2010 07:44;0;0
06-17-2010 07:45;0;0
06-17-2010 07:46;0;0
06-17-2010 07:47;0;0
06-17-2010 07:48;0;0
06-17-2010 07:49;0;0
06-17-2010 07:50;0;0
06-17-2010 07:51;0;0
06-17-2010 07:52;0;0
06-17-2010 07:53;0;0
06-17-2010 07:54;0;0
06-17-2010 07:55;0;0
06-17-2010 07:56;0;0
06-17-2010 07:57;0;0
06-17-2010 07:58;0;0
06-17-2010 07:59;0;0
06-17-2010 08:00;0;0
06-17-2010 08:01;0;0
06-17-2010 08:02;0;0
06-17-2010 08:03;0;0
06-17-2010 08:04;0;0
06-17-2010 08:05;0;0
06-17-2010 08:06;0;0
06-17-2010 08:07;0;0
06-17-2010 08:08;0;0
06-17-2010 08:09;0;0
06-17-2010 08:10;0;0
06-17-2010 08:11;0;0
06-17-2010 08:12;0;0
06-17-2010 08:13;0;0
06-17-2010 08:14;0;0
06-17-2010 08:15;0;0
06-17-2010 08:16;0;0
06-17-2010 08:17;0;0
06-17-2010 08:18;0;0
06-17-2010 08:19;0;0
06-17-2010 08:20;0;0
06-17-2010 08:21;0;0
06-17-2010 08:22;0;0
06-17-2010 08:23;0;0
06-17-2010 08:24;0;0
06-17-2010 08:25;0;0
06-17-2010 08:26;0;0
06-17-2010 08:27;0;0
06-17-2010 08:28;0;0
06-17-2010 08:29;0;0
06-17-2010 08:30;0;0
06-17-2010 08:31;0;0
06-17-2010 08:32;0;0
06-17-2010 08:33;0;0
06-17-2010 08:34;0;0
06-17-2010 08:35;0;0
06-17-2010 08:36;0;0
06-17-2010 08:37;0;0
06-17-2010 08:38;0;0
06-17-2010 08:39;0;0
06-17-2010 08:40;0;0
06-17-2010 08:41;0;0
06-17-2010 08:42;0;0
06-17-2010 08:43;0;0
06-17-2010 08:44;0;0
06-17-2010 08:45;0;0
06-17-2010 08:46;0;0
06-17-2010 08:47;0;0
06-17-2010 08:48;0;0
06-17-2010 08:49;0;0
06-17-2010 08:50;0;0
06-17-2010 08:51;0;0
06-17-2010 08:52;0;0
06-17-2010 08:53;0;0
06-17-2010 08:54;0;0
06-17-2010 08:55;0;0
06-17-2010 08:56;0;0
06-17-2010 08:57;0;0
06-17-2010 08:58;0;0
06-17-2010 08:59;0;0
06-17-2010 09:00;0;0
06-17-2010 09:01;0;0
06-17-2010 09:02;0;0
06-17-2010 09:03;0;0
06-17-2010 09:04;0;0
06-17-2010 09:05;0;0
06-17-2010 09:06;0;0
06-17-2010 09:07;0;0
06-17-2010 09:08;0;0
06-17-2010 09:09;0;0
06-17-2010 09:10;0;0
06-17-2010 09:11;0;0
06-17-2010 09:12;0;0
06-17-2010 09:13;0;0
06-17-2010 09:14;0;0
06-17-2010 09:15;0;0
06-17-2010 09:16;0;0
06-17-2010 09:17;0;0
06-17-2010 09:18;0;0
06-17-2010 09:19;0;0
06-17-2010 09:20;0;0
06-17-2010 09:21;0;0
06-17-2010 09:22;0;0
06-17-2010 09:23;0;0
06-17-2010 09:24;0;0
06-17-2010 09:25;0;0
06-17-2010 09:26;0;0
06-17-2010 09:27;0;0
06-17-2010 09:28;0;0
06-17-2010 09:29;0;0
06-17-2010 09:30;0;0
06-17-2010 09:31;0;0
06-17-2010 09:32;0;0
06-17-2010 09:33;0;0
06-17-2010 09:34;0;0
06-17-2010 09:35;0;0
06-17-2010 09:36;0;0
06-17-2010 09:37;0;0
06-17-2010 09:38;0;0
06-17-2010 09:39;0;0
06-17-2010 09:40;0;0
06-17-2010 09:41;0;0
06-17-2010 09:42;0;0
06-17-2010 09:43;0;0
06-17-2010 09:44;0;0
06-17-2010 09:45;0;0
06-17-2010 09:46;0;0
06-17-2010 09:47;0;0
06-17-2010 09:48;0;0
06-17-2010 09:49;0;0
06-17-2010 09:50;0;0
06-17-2010 09:51;0;0
06-17-2010 09:52;0;0
06-17-2010 09:53;0;0
06-17-2010 09:54;0;0
06-17-2010 09:55;0;0
06-17-2010 09:56;0;0
06-17-2010 09:57;0;0
06-17-2010 09:58;0;0
06-17-2010 09:59;0;0
06-17-2010 10:00;0;0
06-17-2010 10:01;0;0
06-17-2010 10:02;0;0
06-17-2010 10:03;0;0
06-17-2010 10:04;0;0
06-17-2010 10:05;0;0
06-17-2010 10:06;0;0
06-17-2010 10:07;0;0
06-17-2010 10:08;0;0
06-17-2010 10:09;0;0
06-17-2010 10:10;0;0
06-17-2010 10:11;0;0
06-17-2010 10:12;0;0
06-17-2010 10:13;0;0
06-17-2010 10:14;0;0
06-17-2010 10:15;0;0
06-17-2010 10:16;0;0
06-17-2010 10:17;0;0
06-17-2010 10:18;0;0
06-17-2010 10:19;0;0
06-17-2010 10:20;0;0
06-17-2010 10:21;0;0
06-17-2010 10:22;0;0
06-17-2010 10:23;0;0
06-17-2010 10:24;0;0
06-17-2010 10:25;0;0
06-17-2010 10:26;0;0
06-17-2010 10:27;0;0
06-17-2010 10:28;0;0
06-17-2010 10:29;0;0
06-17-2010 10:30;0;0
06-17-2010 10:31;0;0
06-17-2010 10:32;0;0
06-17-2010 10:33;0;0
06-17-2010 10:34;0;0
06-17-2010 10:35;0;0
06-17-2010 10:36;0;0
06-17-2010 10:37;0;0
06-17-2010 10:38;0;0
06-17-2010 10:39;0;0
06-17-2010 10:40;0;0
06-17-2010 10:41;0;0
06-17-2010 10:42;0;0
06-17-2010 10:43;0;0
06-17-2010 10:44;0;0
06-17-2010 10:45;0;0
06-17-2010 10:46;0;0
06-17-2010 10:47;0;0
06-17-2010 10:48;0;0
06-17-2010 10:49;0;0
06-17-2010 10:50;0;0
06-17-2010 10:51;0;0
06-17-2010 10:52;0;0
06-17-2010 10:53;0;0
06-17-2010 10:54;0;0
06-17-2010 10:55;0;0
06-17-2010 10:56;0;0
06-17-2010 10:57;0;0
06-17-2010 10:58;0;0
06-17-2010 10:59;0;0
06-17-2010 11:00;0;0
06-17-2010 11:01;0;0
06-17-2010 11:02;0;0
06-17-2010 11:03;0;0
06-17-2010 11:04;0;0
06-17-2010 11:05;0;0
06-17-2010 11:06;0;0
06-17-2010 11:07;0;0
06-17-2010 11:08;0;0
06-17-2010 11:09;0;0
06-17-2010 11:10;0;0
06-17-2010 11:11;0;0
06-17-2010 11:12;0;0
06-17-2010 11:13;0;0
06-17-2010 11:14;0;0
06-17-2010 11:15;0;0
06-17-2010 11:16;0;0
06-17-2010 11:17;0;0
06-17-2010 11:18;0;0
06-17-2010 11:19;0;0
06-17-2010 11:20;0;0
06-17-2010 11:21;0;0
06-17-2010 11:22;0;0
06-17-2010 11:23;0;0
06-17-2010 11:24;0;0
06-17-2010 11:25;0;0
06-17-2010 11:26;0;0
06-17-2010 11:27;0;0
06-17-2010 11:28;0;0
06-17-2010 11:29;0;0
06-17-2010 11:30;0;0
06-17-2010 11:31;0;0
06-17-2010 11:32;0;0
06-17-2010 11:33;0;0
06-17-2010 11:34;0;0
06-17-2010 11:35;0;0
06-17-2010 11:36;0;0
06-17-2010 11:37;0;0
06-17-2010 11:38;0;0
06-17-2010 11:39;0;0
06-17-2010 11:40;0;0
06-17-2010 11:41;0;0
06-17-2010 11:42;0;0
06-17-2010 11:43;0;0
06-17-2010 11:44;0;0
06-17-2010 11:45;0;0
06-17-2010 11:46;0;0
06-17-2010 11:47;0;0
06-17-2010 11:48;0;0
06-17-2010 11:49;0;0
06-17-2010 11:50;0;0
06-17-2010 11:51;0;0
06-17-2010 11:52;0;0
06-17-2010 11:53;0;0
06-17-2010 11:54;0;0
06-17-2010 11:55;0;0
06-17-2010 11:56;0;0
06-17-2010 11:57;0;0
06-17-2010 11:58;0;0
06-17-2010 11:59;0;0
06-17-2010 12:00;0;0
06-17-2010 12:01;0;0
06-17-2010 12:02;0;0
06-17-2010 12:03;0;0
06-17-2010 12:04;0;0
06-17-2010 12:05;0;0
06-17-2010 12:06;0;0
06-17-2010 12:07;0;0
06-17-2010 12:08;0;0
06-17-2010 12:09;0;0
06-17-2010 12:10;0;0
06-17-2010 12:11;0;0
06-17-2010 12:12;0;0
06-17-2010 12:13;0;0
06-17-2010 12:14;0;0
06-17-2010 12:15;0;0
06-17-2010 12:16;0;0
06-17-2010 12:17;0;0
06-17-2010 12:18;0;0
06-17-2010 12:19;0;0
06-17-2010 12:20;0;0
06-17-2010 12:21;0;0
06-17-2010 12:22;0;0
06-17-2010 12:23;0;0
06-17-2010 12:24;0;0
06-17-2010 12:25;0;0
06-17-2010 12:26;0;0
06-17-2010 12:27;0;0
06-17-2010 12:28;0;0
06-17-2010 12:29;0;0
06-17-2010 12:30;0;0
06-17-2010 12:31;0;0
06-17-2010 12:32;0;0
06-17-2010 12:33;0;0
06-17-2010 12:34;0;0
06-17-2010 12:35;0;0
06-17-2010 12:36;0;0
06-17-2010 12:37;0;0
06-17-2010 12:38;0;0
06-17-2010 12:39;0;0
06-17-2010 12:40;0;0
06-17-2010 12:41;0;0
06-17-2010 12:42;0;0
06-17-2010 12:43;0;0
06-17-2010 12:44;0;0
06-17-2010 12:45;0;0
06-17-2010 12:46;0;0
06-17-2010 12:47;0;0
06-17-2010 12:48;0;0
06-17-2010 12:49;0;0
06-17-2010 12:50;0;0
06-17-2010 12:51;0;0
06-17-2010 12:52;0;0
06-17-2010 12:53;0;0
06-17-2010 12:54;0;0
06-17-2010 12:55;0;0
06-17-2010 12:56;0;0
06-17-2010 12:57;0;0
06-17-2010 12:58;0;0
06-17-2010 12:59;0;0
06-17-2010 13:00;0;0
06-17-2010 13:01;0;0
06-17-2010 13:02;0;0
06-17-2010 13:03;0;0
06-17-2010 13:04;0;0
06-17-2010 13:05;0;0
06-17-2010 13:06;0;0
06-17-2010 13:07;0;0
06-17-2010 13:08;0;0
06-17-2010 13:09;0;0
06-17-2010 13:10;0;0
06-17-2010 13:11;0;0
06-17-2010 13:12;0;0
06-17-2010 13:13;0;0
06-17-2010 13:14;0;0
06-17-2010 13:15;0;0
06-17-2010 13:16;0;0
06-17-2010 13:17;0;0
06-17-2010 13:18;0;0
06-17-2010 13:19;0;0
06-17-2010 13:20;0;0
06-17-2010 13:21;0;0
06-17-2010 13:22;0;0
06-17-2010 13:23;0;0
06-17-2010 13:24;0;0
06-17-2010 13:25;0;0
06-17-2010 13:26;0;0
06-17-2010 13:27;0;0
06-17-2010 13:28;0;0
06-17-2010 13:29;0;0
06-17-2010 13:30;0;0
06-17-2010 13:31;26;0
06-17-2010 13:32;0;0
06-17-2010 13:33;0;0
06-17-2010 13:34;0;0
06-17-2010 13:35;0;0
06-17-2010 13:36;0;0
06-17-2010 13:37;0;0
06-17-2010 13:38;0;0
06-17-2010 13:39;0;0
06-17-2010 13:40;0;0
06-17-2010 13:41;0;0
06-17-2010 13:42;0;0
06-17-2010 13:43;0;0
06-17-2010 13:44;0;0
06-17-2010 13:45;0;0
06-17-2010 13:46;0;0
06-17-2010 13:47;0;0
06-17-2010 13:48;0;0
06-17-2010 13:49;0;0
06-17-2010 13:50;0;0
06-17-2010 13:51;0;0
06-17-2010 13:52;0;0
06-17-2010 13:53;0;0
06-17-2010 13:54;0;0
06-17-2010 13:55;0;0
06-17-2010 13:56;0;0
06-17-2010 13:57;0;0
06-17-2010 13:58;0;0
06-17-2010 13:59;0;0
06-17-2010 14:00;0;0
06-17-2010 14:01;0;0
06-17-2010 14:02;0;0
06-17-2010 14:03;0;0
06-17-2010 14:04;0;0
06-17-2010 14:05;0;0
06-17-2010 14:06;0;0
06-17-2010 14:07;0;0
06-17-2010 14:08;0;0
06-17-2010 14:09;0;0
06-17-2010 14:10;0;0
06-17-2010 14:11;0;0
06-17-2010 14:12;40;0
06-17-2010 14:13;0;0
06-17-2010 14:14;0;0
06-17-2010 14:15;0;0
06-17-2010 14:16;0;0
06-17-2010 14:17;0;0
06-17-2010 14:18;0;0
06-17-2010 14:19;0;0
06-17-2010 14:20;0;0
06-17-2010 14:21;0;0
06-17-2010 14:22;0;0
06-17-2010 14:23;0;0
06-17-2010 14:24;0;0
06-17-2010 14:25;0;0
06-17-2010 14:26;0;0
06-17-2010 14:27;0;0
06-17-2010 14:28;0;0
06-17-2010 14:29;0;0
06-17-2010 14:30;0;0
06-17-2010 14:31;0;0
06-17-2010 14:32;0;0
06-17-2010 14:33;0;0
06-17-2010 14:34;0;0
06-17-2010 14:35;0;0
06-17-2010 14:36;0;0
06-17-2010 14:37;259;0
06-17-2010 14:38;2002;1
06-17-2010 14:39;1139;1
06-17-2010 14:40;498;0
06-17-2010 14:41;40;0
06-17-2010 14:42;91;0
06-17-2010 14:43;38;0
06-17-2010 14:44;172;0
06-17-2010 14:45;424;0
06-17-2010 14:46;482;0
06-17-2010 14:47;71;0
06-17-2010 14:48;267;0
06-17-2010 14:49;191;0
06-17-2010 14:50;296;0
06-17-2010 14:51;172;0
06-17-2010 14:52;326;0
06-17-2010 14:53;205;0
06-17-2010 14:54;623;0
06-17-2010 14:55;643;0
06-17-2010 14:56;731;1
06-17-2010 14:57;424;0
06-17-2010 14:58;41;0
06-17-2010 14:59;57;0
06-17-2010 15:00;23;0
06-17-2010 15:01;129;0
06-17-2010 15:02;513;0
06-17-2010 15:03;138;0
06-17-2010 15:04;4;0
06-17-2010 15:05;4;0
06-17-2010 15:06;82;0
06-17-2010 15:07;212;0
06-17-2010 15:08;129;0
06-17-2010 15:09;219;0
06-17-2010 15:10;65;0
06-17-2010 15:11;112;0
06-17-2010 15:12;108;0
06-17-2010 15:13;410;0
06-17-2010 15:14;296;0
06-17-2010 15:15;205;0
06-17-2010 15:16;858;1
06-17-2010 15:17;226;0
06-17-2010 15:18;664;0
06-17-2010 15:19;172;0
06-17-2010 15:20;708;1
06-17-2010 15:21;410;0
06-17-2010 15:22;178;0
06-17-2010 15:23;161;0
06-17-2010 15:24;410;0
06-17-2010 15:25;708;1
06-17-2010 15:26;212;0
06-17-2010 15:27;755;1
06-17-2010 15:28;65;0
06-17-2010 15:29;0;0
06-17-2010 15:30;149;0
06-17-2010 15:31;91;0
06-17-2010 15:32;104;0
06-17-2010 15:33;121;0
06-17-2010 15:34;91;0
06-17-2010 15:35;603;0
06-17-2010 15:36;424;0
06-17-2010 15:37;623;0
06-17-2010 15:38;121;0
06-17-2010 15:39;1213;1
06-17-2010 15:40;1070;1
06-17-2010 15:41;205;0
06-17-2010 15:42;250;0
06-17-2010 15:43;212;0
06-17-2010 15:44;219;0
06-17-2010 15:45;438;0
06-17-2010 15:46;348;0
06-17-2010 15:47;943;1
06-17-2010 15:48;548;0
06-17-2010 15:49;48;0
06-17-2010 15:50;482;0
06-17-2010 15:51;1419;1
06-17-2010 15:52;913;1
06-17-2010 15:53;226;0
06-17-2010 15:54;498;0
06-17-2010 15:55;482;0
06-17-2010 15:56;178;0
06-17-2010 15:57;51;0
06-17-2010 15:58;498;0
06-17-2010 15:59;1213;1
06-17-2010 16:00;2132;1
06-17-2010 16:01;1037;1
06-17-2010 16:02;805;1
06-17-2010 16:03;913;1
06-17-2010 16:04;603;0
06-17-2010 16:05;686;1
06-17-2010 16:06;1104;1
06-17-2010 16:07;482;0
06-17-2010 16:08;424;0
06-17-2010 16:09;1139;1
06-17-2010 16:10;913;1
06-17-2010 16:11;585;0
06-17-2010 16:12;731;1
06-17-2010 16:13;1176;1
06-17-2010 16:14;1610;1
06-17-2010 16:15;1375;1
06-17-2010 16:16;831;1
06-17-2010 16:17;384;0
06-17-2010 16:18;885;1
06-17-2010 16:19;623;0
06-17-2010 16:20;1104;1
06-17-2010 16:21;805;1
06-17-2010 16:22;1004;1
06-17-2010 16:23;686;1
06-17-2010 16:24;885;1
06-17-2010 16:25;1104;1
06-17-2010 16:26;1560;1
06-17-2010 16:27;731;1
06-17-2010 16:28;316;0
06-17-2010 16:29;242;0
06-17-2010 16:30;1375;1
06-17-2010 16:31;566;0
06-17-2010 16:32;805;1
06-17-2010 16:33;1714;1
06-17-2010 16:34;973;1
06-17-2010 16:35;1252;1
06-17-2010 16:36;7;0
06-17-2010 16:37;28;0
06-17-2010 16:38;3;0
06-17-2010 16:39;0;0
06-17-2010 16:40;11;0
06-17-2010 16:41;125;0
06-17-2010 16:42;48;0
06-17-2010 16:43;0;0
06-17-2010 16:44;0;0
06-17-2010 16:45;276;0
06-17-2010 16:46;603;0
06-17-2010 16:47;548;0
06-17-2010 16:48;623;0
06-17-2010 16:49;708;1
06-17-2010 16:50;585;0
06-17-2010 16:51;708;1
06-17-2010 16:52;664;0
06-17-2010 16:53;138;0
06-17-2010 16:54;267;0
06-17-2010 16:55;233;0
06-17-2010 16:56;805;1
06-17-2010 16:57;498;0
06-17-2010 16:58;129;0
06-17-2010 16:59;424;0
06-17-2010 17:00;144;0
06-17-2010 17:01;1375;1
06-17-2010 17:02;1104;1
06-17-2010 17:03;973;1
06-17-2010 17:04;1004;1
06-17-2010 17:05;548;0
06-17-2010 17:06;48;0
06-17-2010 17:07;17;0
06-17-2010 17:08;112;0
06-17-2010 17:09;259;0
06-17-2010 17:10;166;0
06-17-2010 17:11;286;0
06-17-2010 17:12;438;0
06-17-2010 17:13;104;0
06-17-2010 17:14;286;0
06-17-2010 17:15;337;0
06-17-2010 17:16;326;0
06-17-2010 17:17;250;0
06-17-2010 17:18;306;0
06-17-2010 17:19;410;0
06-17-2010 17:20;121;0
06-17-2010 17:21;603;0
06-17-2010 17:22;513;0
06-17-2010 17:23;0;0
06-17-2010 17:24;913;1
06-17-2010 17:25;397;0
06-17-2010 17:26;48;0
06-17-2010 17:27;466;0
06-17-2010 17:28;452;0
06-17-2010 17:29;178;0
06-17-2010 17:30;276;0
06-17-2010 17:31;60;0
06-17-2010 17:32;198;0
06-17-2010 17:33;0;0
06-17-2010 17:34;91;0
06-17-2010 17:35;306;0
06-17-2010 17:36;71;0
06-17-2010 17:37;0;0
06-17-2010 17:38;0;0
06-17-2010 17:39;149;0
06-17-2010 17:40;0;0
06-17-2010 17:41;108;0
06-17-2010 17:42;71;0
06-17-2010 17:43;9;0
06-17-2010 17:44;259;0
06-17-2010 17:45;33;0
06-17-2010 17:46;23;0
06-17-2010 17:47;0;0
06-17-2010 17:48;88;0
06-17-2010 17:49;3;0
06-17-2010 17:50;13;0
06-17-2010 17:51;805;1
06-17-2010 17:52;831;1
06-17-2010 17:53;1661;1
06-17-2010 17:54;0;0
06-17-2010 17:55;0;0
06-17-2010 17:56;0;0
06-17-2010 17:57;0;0
06-17-2010 17:58;0;0
06-17-2010 17:59;0;0
06-17-2010 18:00;0;0
06-17-2010 18:01;0;0
06-17-2010 18:02;0;0
06-17-2010 18:03;0;0
06-17-2010 18:04;0;0
06-17-2010 18:05;0;0
06-17-2010 18:06;0;0
06-17-2010 18:07;0;0
06-17-2010 18:08;0;0
06-17-2010 18:09;0;0
06-17-2010 18:10;0;0
06-17-2010 18:11;0;0
06-17-2010 18:12;0;0
06-17-2010 18:13;0;0
06-17-2010 18:14;0;0
06-17-2010 18:15;0;0
06-17-2010 18:16;0;0
06-17-2010 18:17;0;0
06-17-2010 18:18;0;0
06-17-2010 18:19;0;0
06-17-2010 18:20;0;0
06-17-2010 18:21;0;0
06-17-2010 18:22;0;0
06-17-2010 18:23;0;0
06-17-2010 18:24;0;0
06-17-2010 18:25;0;0
06-17-2010 18:26;0;0
06-17-2010 18:27;0;0
06-17-2010 18:28;0;0
06-17-2010 18:29;0;0
06-17-2010 18:30;0;0
06-17-2010 18:31;0;0
06-17-2010 18:32;0;0
06-17-2010 18:33;0;0
06-17-2010 18:34;0;0
06-17-2010 18:35;0;0
06-17-2010 18:36;0;0
06-17-2010 18:37;0;0
06-17-2010 18:38;0;0
06-17-2010 18:39;0;0
06-17-2010 18:40;0;0
06-17-2010 18:41;0;0
06-17-2010 18:42;0;0
06-17-2010 18:43;0;0
06-17-2010 18:44;0;0
06-17-2010 18:45;0;0
06-17-2010 18:46;0;0
06-17-2010 18:47;0;0
06-17-2010 18:48;0;0
06-17-2010 18:49;0;0
06-17-2010 18:50;0;0
06-17-2010 18:51;0;0
06-17-2010 18:52;0;0
06-17-2010 18:53;0;0
06-17-2010 18:54;0;0
06-17-2010 18:55;0;0
06-17-2010 18:56;0;0
06-17-2010 18:57;0;0
06-17-2010 18:58;0;0
06-17-2010 18:59;0;0
06-17-2010 19:00;0;0
06-17-2010 19:01;0;0
06-17-2010 19:02;0;0
06-17-2010 19:03;0;0
06-17-2010 19:04;0;0
06-17-2010 19:05;0;0
06-17-2010 19:06;0;0
06-17-2010 19:07;0;0
06-17-2010 19:08;0;0
06-17-2010 19:09;0;0
06-17-2010 19:10;0;0
06-17-2010 19:11;0;0
06-17-2010 19:12;0;0
06-17-2010 19:13;0;0
06-17-2010 19:14;0;0
06-17-2010 19:15;0;0
06-17-2010 19:16;0;0
06-17-2010 19:17;0;0
06-17-2010 19:18;0;0
06-17-2010 19:19;0;0
06-17-2010 19:20;0;0
06-17-2010 19:21;0;0
06-17-2010 19:22;0;0
06-17-2010 19:23;0;0
06-17-2010 19:24;0;0
06-17-2010 19:25;0;0
06-17-2010 19:26;0;0
06-17-2010 19:27;0;0
06-17-2010 19:28;0;0
06-17-2010 19:29;0;0
06-17-2010 19:30;0;0
06-17-2010 19:31;0;0
06-17-2010 19:32;0;0
06-17-2010 19:33;0;0
06-17-2010 19:34;0;0
06-17-2010 19:35;0;0
06-17-2010 19:36;0;0
06-17-2010 19:37;0;0
06-17-2010 19:38;0;0
06-17-2010 19:39;482;0
06-17-2010 19:40;0;0
06-17-2010 19:41;0;0
06-17-2010 19:42;0;0
06-17-2010 19:43;0;0
06-17-2010 19:44;0;0
06-17-2010 19:45;0;0
06-17-2010 19:46;0;0
06-17-2010 19:47;0;0
06-17-2010 19:48;0;0
06-17-2010 19:49;0;0
06-17-2010 19:50;0;0
06-17-2010 19:51;0;0
06-17-2010 19:52;0;0
06-17-2010 19:53;0;0
06-17-2010 19:54;0;0
06-17-2010 19:55;0;0
06-17-2010 19:56;0;0
06-17-2010 19:57;0;0
06-17-2010 19:58;0;0
06-17-2010 19:59;0;0
06-17-2010 20:00;0;0
06-17-2010 20:01;0;0
06-17-2010 20:02;0;0
06-17-2010 20:03;0;0
06-17-2010 20:04;0;0
06-17-2010 20:05;0;0
06-17-2010 20:06;0;0
06-17-2010 20:07;0;0
06-17-2010 20:08;0;0
06-17-2010 20:09;0;0
06-17-2010 20:10;0;0
06-17-2010 20:11;0;0
06-17-2010 20:12;0;0
06-17-2010 20:13;0;0
06-17-2010 20:14;0;0
06-17-2010 20:15;0;0
06-17-2010 20:16;0;0
06-17-2010 20:17;0;0
06-17-2010 20:18;0;0
06-17-2010 20:19;0;0
06-17-2010 20:20;0;0
06-17-2010 20:21;0;0
06-17-2010 20:22;0;0
06-17-2010 20:23;0;0
06-17-2010 20:24;0;0
06-17-2010 20:25;0;0
06-17-2010 20:26;0;0
06-17-2010 20:27;0;0
06-17-2010 20:28;0;0
06-17-2010 20:29;0;0
06-17-2010 20:30;0;0
06-17-2010 20:31;0;0
06-17-2010 20:32;0;0
06-17-2010 20:33;0;0
06-17-2010 20:34;0;0
06-17-2010 20:35;0;0
06-17-2010 20:36;0;0
06-17-2010 20:37;0;0
06-17-2010 20:38;0;0
06-17-2010 20:39;0;0
06-17-2010 20:40;0;0
06-17-2010 20:41;0;0
06-17-2010 20:42;0;0
06-17-2010 20:43;0;0
06-17-2010 20:44;0;0
06-17-2010 20:45;0;0
06-17-2010 20:46;0;0
06-17-2010 20:47;0;0
06-17-2010 20:48;0;0
06-17-2010 20:49;0;0
06-17-2010 20:50;0;0
06-17-2010 20:51;0;0
06-17-2010 20:52;0;0
06-17-2010 20:53;0;0
06-17-2010 20:54;0;0
06-17-2010 20:55;0;0
06-17-2010 20:56;0;0
06-17-2010 20:57;0;0
06-17-2010 20:58;0;0
06-17-2010 20:59;0;0
06-17-2010 21:00;0;0
06-17-2010 21:01;0;0
06-17-2010 21:02;0;0
06-17-2010 21:03;0;0
06-17-2010 21:04;0;0
06-17-2010 21:05;0;0
06-17-2010 21:06;0;0
06-17-2010 21:07;0;0
06-17-2010 21:08;0;0
06-17-2010 21:09;0;0
06-17-2010 21:10;0;0
06-17-2010 21:11;0;0
06-17-2010 21:12;0;0
06-17-2010 21:13;0;0
06-17-2010 21:14;0;0
06-17-2010 21:15;0;0
06-17-2010 21:16;0;0
06-17-2010 21:17;0;0
06-17-2010 21:18;0;0
06-17-2010 21:19;0;0
06-17-2010 21:20;0;0
06-17-2010 21:21;0;0
06-17-2010 21:22;0;0
06-17-2010 21:23;0;0
06-17-2010 21:24;0;0
06-17-2010 21:25;0;0
06-17-2010 21:26;0;0
06-17-2010 21:27;0;0
06-17-2010 21:28;0;0
06-17-2010 21:29;0;0
06-17-2010 21:30;0;0
06-17-2010 21:31;0;0
06-17-2010 21:32;0;0
06-17-2010 21:33;0;0
06-17-2010 21:34;0;0
06-17-2010 21:35;0;0
06-17-2010 21:36;0;0
06-17-2010 21:37;0;0
06-17-2010 21:38;0;0
06-17-2010 21:39;0;0
06-17-2010 21:40;0;0
06-17-2010 21:41;0;0
06-17-2010 21:42;0;0
06-17-2010 21:43;0;0
06-17-2010 21:44;0;0
06-17-2010 21:45;0;0
06-17-2010 21:46;0;0
06-17-2010 21:47;0;0
06-17-2010 21:48;0;0
06-17-2010 21:49;0;0
06-17-2010 21:50;0;0
06-17-2010 21:51;0;0
06-17-2010 21:52;0;0
06-17-2010 21:53;0;0
06-17-2010 21:54;0;0
06-17-2010 21:55;0;0
06-17-2010 21:56;0;0
06-17-2010 21:57;0;0
06-17-2010 21:58;0;0
06-17-2010 21:59;0;0
06-17-2010 22:00;0;0
06-17-2010 22:01;0;0
06-17-2010 22:02;0;0
06-17-2010 22:03;0;0
06-17-2010 22:04;0;0
06-17-2010 22:05;0;0
06-17-2010 22:06;0;0
06-17-2010 22:07;0;0
06-17-2010 22:08;0;0
06-17-2010 22:09;0;0
06-17-2010 22:10;0;0
06-17-2010 22:11;0;0
06-17-2010 22:12;0;0
06-17-2010 22:13;0;0
06-17-2010 22:14;0;0
06-17-2010 22:15;0;0
06-17-2010 22:16;0;0
06-17-2010 22:17;0;0
06-17-2010 22:18;0;0
06-17-2010 22:19;0;0
06-17-2010 22:20;0;0
06-17-2010 22:21;0;0
06-17-2010 22:22;0;0
06-17-2010 22:23;0;0
06-17-2010 22:24;0;0
06-17-2010 22:25;0;0
06-17-2010 22:26;0;0
06-17-2010 22:27;0;0
06-17-2010 22:28;0;0
06-17-2010 22:29;0;0
06-17-2010 22:30;0;0
06-17-2010 22:31;0;0
06-17-2010 22:32;0;0
06-17-2010 22:33;0;0
06-17-2010 22:34;0;0
06-17-2010 22:35;0;0
06-17-2010 22:36;0;0
06-17-2010 22:37;0;0
06-17-2010 22:38;0;0
06-17-2010 22:39;0;0
06-17-2010 22:40;0;0
06-17-2010 22:41;0;0
06-17-2010 22:42;0;0
06-17-2010 22:43;0;0
06-17-2010 22:44;0;0
06-17-2010 22:45;0;0
06-17-2010 22:46;0;0
06-17-2010 22:47;0;0
06-17-2010 22:48;0;0
06-17-2010 22:49;0;0
06-17-2010 22:50;0;0
06-17-2010 22:51;0;0
06-17-2010 22:52;0;0
06-17-2010 22:53;0;0
06-17-2010 22:54;0;0
06-17-2010 22:55;0;0
06-17-2010 22:56;0;0
06-17-2010 22:57;0;0
06-17-2010 22:58;0;0
06-17-2010 22:59;0;0
06-17-2010 23:00;0;0
06-17-2010 23:01;0;0
06-17-2010 23:02;0;0
06-17-2010 23:03;0;0
06-17-2010 23:04;0;0
06-17-2010 23:05;0;0
06-17-2010 23:06;0;0
06-17-2010 23:07;0;0
06-17-2010 23:08;0;0
06-17-2010 23:09;0;0
06-17-2010 23:10;0;0
06-17-2010 23:11;0;0
06-17-2010 23:12;0;0
06-17-2010 23:13;0;0
06-17-2010 23:14;0;0
06-17-2010 23:15;0;0
06-17-2010 23:16;0;0
06-17-2010 23:17;0;0
06-17-2010 23:18;0;0
06-17-2010 23:19;0;0
06-17-2010 23:20;0;0
06-17-2010 23:21;0;0
06-17-2010 23:22;0;0
06-17-2010 23:23;0;0
06-17-2010 23:24;0;0
06-17-2010 23:25;0;0
06-17-2010 23:26;0;0
06-17-2010 23:27;0;0
06-17-2010 23:28;0;0
06-17-2010 23:29;0;0
06-17-2010 23:30;0;0
06-17-2010 23:31;0;0
06-17-2010 23:32;0;0
06-17-2010 23:33;0;0
06-17-2010 23:34;0;0
06-17-2010 23:35;0;0
06-17-2010 23:36;0;0
06-17-2010 23:37;0;0
06-17-2010 23:38;0;0
06-17-2010 23:39;0;0
06-17-2010 23:40;0;0
06-17-2010 23:41;0;0
06-17-2010 23:42;0;0
06-17-2010 23:43;0;0
06-17-2010 23:44;0;0
06-17-2010 23:45;0;0
06-17-2010 23:46;0;0
06-17-2010 23:47;0;0
06-17-2010 23:48;0;0
06-17-2010 23:49;0;0
06-17-2010 23:50;0;0
06-17-2010 23:51;0;0
06-17-2010 23:52;0;0
06-17-2010 23:53;0;0
06-17-2010 23:54;0;0
06-17-2010 23:55;0;0
06-17-2010 23:56;0;0
06-17-2010 23:57;0;0
06-17-2010 23:58;0;0
06-17-2010 23:59;0;0
06-18-2010 00:00;0;0
06-18-2010 00:01;0;0
06-18-2010 00:02;0;0
06-18-2010 00:03;0;0
06-18-2010 00:04;0;0
06-18-2010 00:05;0;0
06-18-2010 00:06;0;0
06-18-2010 00:07;0;0
06-18-2010 00:08;0;0
06-18-2010 00:09;0;0
06-18-2010 00:10;0;0
06-18-2010 00:11;0;0
06-18-2010 00:12;0;0
06-18-2010 00:13;0;0
06-18-2010 00:14;0;0
06-18-2010 00:15;0;0
06-18-2010 00:16;0;0
06-18-2010 00:17;0;0
06-18-2010 00:18;0;0
06-18-2010 00:19;0;0
06-18-2010 00:20;0;0
06-18-2010 00:21;0;0
06-18-2010 00:22;0;0
06-18-2010 00:23;0;0
06-18-2010 00:24;0;0
06-18-2010 00:25;0;0
06-18-2010 00:26;0;0
06-18-2010 00:27;0;0
06-18-2010 00:28;0;0
06-18-2010 00:29;0;0
06-18-2010 00:30;0;0
06-18-2010 00:31;0;0
06-18-2010 00:32;0;0
06-18-2010 00:33;0;0
06-18-2010 00:34;0;0
06-18-2010 00:35;0;0
06-18-2010 00:36;0;0
06-18-2010 00:37;0;0
06-18-2010 00:38;0;0
06-18-2010 00:39;0;0
06-18-2010 00:40;0;0
06-18-2010 00:41;0;0
06-18-2010 00:42;0;0
06-18-2010 00:43;0;0
06-18-2010 00:44;0;0
06-18-2010 00:45;0;0
06-18-2010 00:46;0;0
06-18-2010 00:47;0;0
06-18-2010 00:48;0;0
06-18-2010 00:49;0;0
06-18-2010 00:50;0;0
06-18-2010 00:51;0;0
06-18-2010 00:52;0;0
06-18-2010 00:53;0;0
06-18-2010 00:54;0;0
06-18-2010 00:55;0;0
06-18-2010 00:56;0;0
06-18-2010 00:57;0;0
06-18-2010 00:58;0;0
06-18-2010 00:59;0;0
06-18-2010 01:00;0;0
06-18-2010 01:01;0;0
06-18-2010 01:02;0;0
06-18-2010 01:03;0;0
06-18-2010 01:04;0;0
06-18-2010 01:05;0;0
06-18-2010 01:06;0;0
06-18-2010 01:07;0;0
06-18-2010 01:08;0;0
06-18-2010 01:09;0;0
06-18-2010 01:10;0;0
06-18-2010 01:11;0;0
06-18-2010 01:12;0;0
06-18-2010 01:13;0;0
06-18-2010 01:14;0;0
06-18-2010 01:15;0;0
06-18-2010 01:16;0;0
06-18-2010 01:17;0;0
06-18-2010 01:18;0;0
06-18-2010 01:19;0;0
06-18-2010 01:20;0;0
06-18-2010 01:21;0;0
06-18-2010 01:22;0;0
06-18-2010 01:23;0;0
06-18-2010 01:24;0;0
06-18-2010 01:25;0;0
06-18-2010 01:26;0;0
06-18-2010 01:27;0;0
06-18-2010 01:28;0;0
06-18-2010 01:29;0;0
06-18-2010 01:30;0;0
06-18-2010 01:31;0;0
06-18-2010 01:32;0;0
06-18-2010 01:33;0;0
06-18-2010 01:34;0;0
06-18-2010 01:35;0;0
06-18-2010 01:36;0;0
06-18-2010 01:37;0;0
06-18-2010 01:38;0;0
06-18-2010 01:39;0;0
06-18-2010 01:40;0;0
06-18-2010 01:41;0;0
06-18-2010 01:42;0;0
06-18-2010 01:43;0;0
06-18-2010 01:44;0;0
06-18-2010 01:45;0;0
06-18-2010 01:46;0;0
06-18-2010 01:47;0;0
06-18-2010 01:48;0;0
06-18-2010 01:49;0;0
06-18-2010 01:50;0;0
06-18-2010 01:51;0;0
06-18-2010 01:52;0;0
06-18-2010 01:53;0;0
06-18-2010 01:54;0;0
06-18-2010 01:55;0;0
06-18-2010 01:56;0;0
06-18-2010 01:57;0;0
06-18-2010 01:58;0;0
06-18-2010 01:59;0;0
06-18-2010 02:00;0;0
06-18-2010 02:01;0;0
06-18-2010 02:02;0;0
06-18-2010 02:03;0;0
06-18-2010 02:04;0;0
06-18-2010 02:05;0;0
06-18-2010 02:06;0;0
06-18-2010 02:07;0;0
06-18-2010 02:08;0;0
06-18-2010 02:09;0;0
06-18-2010 02:10;0;0
06-18-2010 02:11;0;0
06-18-2010 02:12;0;0
06-18-2010 02:13;0;0
06-18-2010 02:14;0;0
06-18-2010 02:15;0;0
06-18-2010 02:16;0;0
06-18-2010 02:17;0;0
06-18-2010 02:18;0;0
06-18-2010 02:19;0;0
06-18-2010 02:20;0;0
06-18-2010 02:21;0;0
06-18-2010 02:22;0;0
06-18-2010 02:23;0;0
06-18-2010 02:24;0;0
06-18-2010 02:25;0;0
06-18-2010 02:26;0;0
06-18-2010 02:27;0;0
06-18-2010 02:28;0;0
06-18-2010 02:29;0;0
06-18-2010 02:30;0;0
06-18-2010 02:31;0;0
06-18-2010 02:32;0;0
06-18-2010 02:33;0;0
06-18-2010 02:34;0;0
06-18-2010 02:35;0;0
06-18-2010 02:36;0;0
06-18-2010 02:37;0;0
06-18-2010 02:38;0;0
06-18-2010 02:39;0;0
06-18-2010 02:40;0;0
06-18-2010 02:41;0;0
06-18-2010 02:42;0;0
06-18-2010 02:43;0;0
06-18-2010 02:44;0;0
06-18-2010 02:45;0;0
06-18-2010 02:46;0;0
06-18-2010 02:47;0;0
06-18-2010 02:48;0;0
06-18-2010 02:49;0;0
06-18-2010 02:50;0;0
06-18-2010 02:51;0;0
06-18-2010 02:52;0;0
06-18-2010 02:53;0;0
06-18-2010 02:54;0;0
06-18-2010 02:55;0;0
06-18-2010 02:56;0;0
06-18-2010 02:57;0;0
06-18-2010 02:58;0;0
06-18-2010 02:59;0;0
06-18-2010 03:00;0;0
06-18-2010 03:01;0;0
06-18-2010 03:02;0;0
06-18-2010 03:03;0;0
06-18-2010 03:04;0;0
06-18-2010 03:05;0;0
06-18-2010 03:06;0;0
06-18-2010 03:07;0;0
06-18-2010 03:08;0;0
06-18-2010 03:09;0;0
06-18-2010 03:10;0;0
06-18-2010 03:11;0;0
06-18-2010 03:12;0;0
06-18-2010 03:13;0;0
06-18-2010 03:14;0;0
06-18-2010 03:15;0;0
06-18-2010 03:16;0;0
06-18-2010 03:17;0;0
06-18-2010 03:18;0;0
06-18-2010 03:19;0;0
06-18-2010 03:20;0;0
06-18-2010 03:21;0;0
06-18-2010 03:22;0;0
06-18-2010 03:23;0;0
06-18-2010 03:24;0;0
06-18-2010 03:25;0;0
06-18-2010 03:26;0;0
06-18-2010 03:27;0;0
06-18-2010 03:28;0;0
06-18-2010 03:29;0;0
06-18-2010 03:30;0;0
06-18-2010 03:31;0;0
06-18-2010 03:32;0;0
06-18-2010 03:33;0;0
06-18-2010 03:34;0;0
06-18-2010 03:35;0;0
06-18-2010 03:36;0;0
06-18-2010 03:37;0;0
06-18-2010 03:38;0;0
06-18-2010 03:39;0;0
06-18-2010 03:40;0;0
06-18-2010 03:41;0;0
06-18-2010 03:42;0;0
06-18-2010 03:43;0;0
06-18-2010 03:44;0;0
06-18-2010 03:45;0;0
06-18-2010 03:46;0;0
06-18-2010 03:47;0;0
06-18-2010 03:48;0;0
06-18-2010 03:49;0;0
06-18-2010 03:50;0;0
06-18-2010 03:51;0;0
06-18-2010 03:52;0;0
06-18-2010 03:53;0;0
06-18-2010 03:54;0;0
06-18-2010 03:55;0;0
06-18-2010 03:56;0;0
06-18-2010 03:57;0;0
06-18-2010 03:58;0;0
06-18-2010 03:59;0;0
06-18-2010 04:00;0;0
06-18-2010 04:01;0;0
06-18-2010 04:02;0;0
06-18-2010 04:03;0;0
06-18-2010 04:04;0;0
06-18-2010 04:05;0;0
06-18-2010 04:06;0;0
06-18-2010 04:07;0;0
06-18-2010 04:08;0;0
06-18-2010 04:09;0;0
06-18-2010 04:10;0;0
06-18-2010 04:11;0;0
06-18-2010 04:12;0;0
06-18-2010 04:13;0;0
06-18-2010 04:14;0;0
06-18-2010 04:15;0;0
06-18-2010 04:16;0;0
06-18-2010 04:17;0;0
06-18-2010 04:18;0;0
06-18-2010 04:19;0;0
06-18-2010 04:20;0;0
06-18-2010 04:21;0;0
06-18-2010 04:22;0;0
06-18-2010 04:23;0;0
06-18-2010 04:24;0;0
06-18-2010 04:25;0;0
06-18-2010 04:26;0;0
06-18-2010 04:27;0;0
06-18-2010 04:28;0;0
06-18-2010 04:29;0;0
06-18-2010 04:30;0;0
06-18-2010 04:31;0;0
06-18-2010 04:32;0;0
06-18-2010 04:33;0;0
06-18-2010 04:34;0;0
06-18-2010 04:35;0;0
06-18-2010 04:36;0;0
06-18-2010 04:37;0;0
06-18-2010 04:38;0;0
06-18-2010 04:39;0;0
06-18-2010 04:40;0;0
06-18-2010 04:41;0;0
06-18-2010 04:42;0;0
06-18-2010 04:43;0;0
06-18-2010 04:44;0;0
06-18-2010 04:45;0;0
06-18-2010 04:46;0;0
06-18-2010 04:47;0;0
06-18-2010 04:48;0;0
06-18-2010 04:49;0;0
06-18-2010 04:50;0;0
06-18-2010 04:51;0;0
06-18-2010 04:52;0;0
06-18-2010 04:53;0;0
06-18-2010 04:54;0;0
06-18-2010 04:55;0;0
06-18-2010 04:56;0;0
06-18-2010 04:57;0;0
06-18-2010 04:58;0;0
06-18-2010 04:59;0;0
06-18-2010 05:00;0;0
06-18-2010 05:01;0;0
06-18-2010 05:02;0;0
06-18-2010 05:03;0;0
06-18-2010 05:04;0;0
06-18-2010 05:05;0;0
06-18-2010 05:06;0;0
06-18-2010 05:07;0;0
06-18-2010 05:08;0;0
06-18-2010 05:09;0;0
06-18-2010 05:10;0;0
06-18-2010 05:11;0;0
06-18-2010 05:12;0;0
06-18-2010 05:13;0;0
06-18-2010 05:14;0;0
06-18-2010 05:15;0;0
06-18-2010 05:16;0;0
06-18-2010 05:17;0;0
06-18-2010 05:18;0;0
06-18-2010 05:19;0;0
06-18-2010 05:20;0;0
06-18-2010 05:21;0;0
06-18-2010 05:22;0;0
06-18-2010 05:23;0;0
06-18-2010 05:24;0;0
06-18-2010 05:25;0;0
06-18-2010 05:26;0;0
06-18-2010 05:27;0;0
06-18-2010 05:28;0;0
06-18-2010 05:29;0;0
06-18-2010 05:30;0;0
06-18-2010 05:31;0;0
06-18-2010 05:32;0;0
06-18-2010 05:33;0;0
06-18-2010 05:34;0;0
06-18-2010 05:35;0;0
06-18-2010 05:36;0;0
06-18-2010 05:37;0;0
06-18-2010 05:38;0;0
06-18-2010 05:39;0;0
06-18-2010 05:40;0;0
06-18-2010 05:41;0;0
06-18-2010 05:42;0;0
06-18-2010 05:43;0;0
06-18-2010 05:44;0;0
06-18-2010 05:45;0;0
06-18-2010 05:46;0;0
06-18-2010 05:47;0;0
06-18-2010 05:48;0;0
06-18-2010 05:49;0;0
06-18-2010 05:50;0;0
06-18-2010 05:51;0;0
06-18-2010 05:52;0;0
06-18-2010 05:53;0;0
06-18-2010 05:54;0;0
06-18-2010 05:55;0;0
06-18-2010 05:56;0;0
06-18-2010 05:57;0;0
06-18-2010 05:58;0;0
06-18-2010 05:59;0;0
06-18-2010 06:00;0;0
06-18-2010 06:01;0;0
06-18-2010 06:02;0;0
06-18-2010 06:03;0;0
06-18-2010 06:04;0;0
06-18-2010 06:05;0;0
06-18-2010 06:06;0;0
06-18-2010 06:07;0;0
06-18-2010 06:08;0;0
06-18-2010 06:09;0;0
06-18-2010 06:10;0;0
06-18-2010 06:11;0;0
06-18-2010 06:12;0;0
06-18-2010 06:13;0;0
06-18-2010 06:14;0;0
06-18-2010 06:15;0;0
06-18-2010 06:16;0;0
06-18-2010 06:17;0;0
06-18-2010 06:18;0;0
06-18-2010 06:19;0;0
06-18-2010 06:20;0;0
06-18-2010 06:21;0;0
06-18-2010 06:22;0;0
06-18-2010 06:23;0;0
06-18-2010 06:24;0;0
06-18-2010 06:25;0;0
06-18-2010 06:26;0;0
06-18-2010 06:27;0;0
06-18-2010 06:28;0;0
06-18-2010 06:29;0;0
06-18-2010 06:30;0;0
06-18-2010 06:31;0;0
06-18-2010 06:32;0;0
06-18-2010 06:33;0;0
06-18-2010 06:34;0;0
06-18-2010 06:35;0;0
06-18-2010 06:36;0;0
06-18-2010 06:37;0;0
06-18-2010 06:38;0;0
06-18-2010 06:39;0;0
06-18-2010 06:40;0;0
06-18-2010 06:41;0;0
06-18-2010 06:42;0;0
06-18-2010 06:43;0;0
06-18-2010 06:44;0;0
06-18-2010 06:45;0;0
06-18-2010 06:46;0;0
06-18-2010 06:47;0;0
06-18-2010 06:48;0;0
06-18-2010 06:49;0;0
06-18-2010 06:50;0;0
06-18-2010 06:51;0;0
06-18-2010 06:52;0;0
06-18-2010 06:53;0;0
06-18-2010 06:54;0;0
06-18-2010 06:55;0;0
06-18-2010 06:56;0;0
06-18-2010 06:57;0;0
06-18-2010 06:58;0;0
06-18-2010 06:59;0;0
06-18-2010 07:00;0;0
06-18-2010 07:01;0;0
06-18-2010 07:02;0;0
06-18-2010 07:03;0;0
06-18-2010 07:04;0;0
06-18-2010 07:05;0;0
06-18-2010 07:06;0;0
06-18-2010 07:07;0;0
06-18-2010 07:08;0;0
06-18-2010 07:09;0;0
06-18-2010 07:10;0;0
06-18-2010 07:11;0;0
06-18-2010 07:12;0;0
06-18-2010 07:13;0;0
06-18-2010 07:14;0;0
06-18-2010 07:15;0;0
06-18-2010 07:16;0;0
06-18-2010 07:17;0;0
06-18-2010 07:18;0;0
06-18-2010 07:19;0;0
06-18-2010 07:20;0;0
06-18-2010 07:21;0;0
06-18-2010 07:22;0;0
06-18-2010 07:23;0;0
06-18-2010 07:24;0;0
06-18-2010 07:25;0;0
06-18-2010 07:26;0;0
06-18-2010 07:27;0;0
06-18-2010 07:28;0;0
06-18-2010 07:29;0;0
06-18-2010 07:30;0;0
06-18-2010 07:31;0;0
06-18-2010 07:32;0;0
06-18-2010 07:33;0;0
06-18-2010 07:34;0;0
06-18-2010 07:35;0;0
06-18-2010 07:36;0;0
06-18-2010 07:37;0;0
06-18-2010 07:38;0;0
06-18-2010 07:39;0;0
06-18-2010 07:40;0;0
06-18-2010 07:41;0;0
06-18-2010 07:42;0;0
06-18-2010 07:43;0;0
06-18-2010 07:44;0;0
06-18-2010 07:45;0;0
06-18-2010 07:46;0;0
06-18-2010 07:47;0;0
06-18-2010 07:48;0;0
06-18-2010 07:49;0;0
06-18-2010 07:50;0;0
06-18-2010 07:51;0;0
06-18-2010 07:52;0;0
06-18-2010 07:53;0;0
06-18-2010 07:54;0;0
06-18-2010 07:55;0;0
06-18-2010 07:56;0;0
06-18-2010 07:57;0;0
06-18-2010 07:58;0;0
06-18-2010 07:59;0;0
06-18-2010 08:00;0;0
06-18-2010 08:01;0;0
06-18-2010 08:02;0;0
06-18-2010 08:03;0;0
06-18-2010 08:04;0;0
06-18-2010 08:05;0;0
06-18-2010 08:06;0;0
06-18-2010 08:07;0;0
06-18-2010 08:08;0;0
06-18-2010 08:09;0;0
06-18-2010 08:10;0;0
06-18-2010 08:11;0;0
06-18-2010 08:12;0;0
06-18-2010 08:13;0;0
06-18-2010 08:14;0;0
06-18-2010 08:15;0;0
06-18-2010 08:16;0;0
06-18-2010 08:17;0;0
06-18-2010 08:18;0;0
06-18-2010 08:19;0;0
06-18-2010 08:20;0;0
06-18-2010 08:21;0;0
06-18-2010 08:22;0;0
06-18-2010 08:23;0;0
06-18-2010 08:24;0;0
06-18-2010 08:25;0;0
06-18-2010 08:26;0;0
06-18-2010 08:27;0;0
06-18-2010 08:28;0;0
06-18-2010 08:29;0;0
06-18-2010 08:30;0;0
06-18-2010 08:31;0;0
06-18-2010 08:32;0;0
06-18-2010 08:33;0;0
06-18-2010 08:34;0;0
06-18-2010 08:35;0;0
06-18-2010 08:36;0;0
06-18-2010 08:37;0;0
06-18-2010 08:38;0;0
06-18-2010 08:39;0;0
06-18-2010 08:40;0;0
06-18-2010 08:41;0;0
06-18-2010 08:42;0;0
06-18-2010 08:43;0;0
06-18-2010 08:44;0;0
06-18-2010 08:45;0;0
06-18-2010 08:46;0;0
06-18-2010 08:47;0;0
06-18-2010 08:48;0;0
06-18-2010 08:49;0;0
06-18-2010 08:50;0;0
06-18-2010 08:51;0;0
06-18-2010 08:52;0;0
06-18-2010 08:53;0;0
06-18-2010 08:54;0;0
06-18-2010 08:55;0;0
06-18-2010 08:56;0;0
06-18-2010 08:57;0;0
06-18-2010 08:58;0;0
06-18-2010 08:59;0;0
06-18-2010 09:00;0;0
06-18-2010 09:01;0;0
06-18-2010 09:02;0;0
06-18-2010 09:03;0;0
06-18-2010 09:04;0;0
06-18-2010 09:05;0;0
06-18-2010 09:06;0;0
06-18-2010 09:07;0;0
06-18-2010 09:08;0;0
06-18-2010 09:09;0;0
06-18-2010 09:10;0;0
06-18-2010 09:11;0;0
06-18-2010 09:12;0;0
06-18-2010 09:13;0;0
06-18-2010 09:14;0;0
06-18-2010 09:15;0;0
06-18-2010 09:16;0;0
06-18-2010 09:17;0;0
06-18-2010 09:18;0;0
06-18-2010 09:19;0;0
06-18-2010 09:20;0;0
06-18-2010 09:21;0;0
06-18-2010 09:22;0;0
06-18-2010 09:23;0;0
06-18-2010 09:24;0;0
06-18-2010 09:25;0;0
06-18-2010 09:26;0;0
06-18-2010 09:27;0;0
06-18-2010 09:28;0;0
06-18-2010 09:29;0;0
06-18-2010 09:30;0;0
06-18-2010 09:31;0;0
06-18-2010 09:32;0;0
06-18-2010 09:33;0;0
06-18-2010 09:34;0;0
06-18-2010 09:35;0;0
06-18-2010 09:36;0;0
06-18-2010 09:37;0;0
06-18-2010 09:38;0;0
06-18-2010 09:39;0;0
06-18-2010 09:40;0;0
06-18-2010 09:41;0;0
06-18-2010 09:42;0;0
06-18-2010 09:43;0;0
06-18-2010 09:44;0;0
06-18-2010 09:45;0;0
06-18-2010 09:46;0;0
06-18-2010 09:47;0;0
06-18-2010 09:48;0;0
06-18-2010 09:49;0;0
06-18-2010 09:50;0;0
06-18-2010 09:51;0;0
06-18-2010 09:52;0;0
06-18-2010 09:53;0;0
06-18-2010 09:54;0;0
06-18-2010 09:55;0;0
06-18-2010 09:56;0;0
06-18-2010 09:57;0;0
06-18-2010 09:58;0;0
06-18-2010 09:59;0;0
06-18-2010 10:00;0;0
06-18-2010 10:01;0;0
06-18-2010 10:02;0;0
06-18-2010 10:03;0;0
06-18-2010 10:04;0;0
06-18-2010 10:05;0;0
06-18-2010 10:06;0;0
06-18-2010 10:07;0;0
06-18-2010 10:08;0;0
06-18-2010 10:09;0;0
06-18-2010 10:10;0;0
06-18-2010 10:11;0;0
06-18-2010 10:12;0;0
06-18-2010 10:13;0;0
06-18-2010 10:14;0;0
06-18-2010 10:15;0;0
06-18-2010 10:16;0;0
06-18-2010 10:17;0;0
06-18-2010 10:18;0;0
06-18-2010 10:19;0;0
06-18-2010 10:20;0;0
06-18-2010 10:21;0;0
06-18-2010 10:22;0;0
06-18-2010 10:23;0;0
06-18-2010 10:24;0;0
06-18-2010 10:25;0;0
06-18-2010 10:26;0;0
06-18-2010 10:27;0;0
06-18-2010 10:28;0;0
06-18-2010 10:29;0;0
06-18-2010 10:30;0;0
06-18-2010 10:31;0;0
06-18-2010 10:32;0;0
06-18-2010 10:33;0;0
06-18-2010 10:34;0;0
06-18-2010 10:35;0;0
06-18-2010 10:36;0;0
06-18-2010 10:37;0;0
06-18-2010 10:38;0;0
06-18-2010 10:39;0;0
06-18-2010 10:40;0;0
06-18-2010 10:41;0;0
06-18-2010 10:42;0;0
06-18-2010 10:43;0;0
06-18-2010 10:44;0;0
06-18-2010 10:45;0;0
06-18-2010 10:46;0;0
06-18-2010 10:47;0;0
06-18-2010 10:48;0;0
06-18-2010 10:49;0;0
06-18-2010 10:50;0;0
06-18-2010 10:51;0;0
06-18-2010 10:52;0;0
06-18-2010 10:53;0;0
06-18-2010 10:54;0;0
06-18-2010 10:55;0;0
06-18-2010 10:56;0;0
06-18-2010 10:57;0;0
06-18-2010 10:58;0;0
06-18-2010 10:59;0;0
06-18-2010 11:00;0;0
06-18-2010 11:01;0;0
06-18-2010 11:02;0;0
06-18-2010 11:03;0;0
06-18-2010 11:04;0;0
06-18-2010 11:05;0;0
06-18-2010 11:06;0;0
06-18-2010 11:07;0;0
06-18-2010 11:08;0;0
06-18-2010 11:09;0;0
06-18-2010 11:10;0;0
06-18-2010 11:11;0;0
06-18-2010 11:12;0;0
06-18-2010 11:13;0;0
06-18-2010 11:14;0;0
06-18-2010 11:15;0;0
06-18-2010 11:16;0;0
06-18-2010 11:17;0;0
06-18-2010 11:18;0;0
06-18-2010 11:19;0;0
06-18-2010 11:20;0;0
06-18-2010 11:21;0;0
06-18-2010 11:22;0;0
06-18-2010 11:23;0;0
06-18-2010 11:24;0;0
06-18-2010 11:25;0;0
06-18-2010 11:26;0;0
06-18-2010 11:27;0;0
06-18-2010 11:28;0;0
06-18-2010 11:29;0;0
06-18-2010 11:30;0;0
06-18-2010 11:31;0;0
06-18-2010 11:32;0;0
06-18-2010 11:33;0;0
06-18-2010 11:34;0;0
06-18-2010 11:35;0;0
06-18-2010 11:36;0;0
06-18-2010 11:37;0;0
06-18-2010 11:38;0;0
06-18-2010 11:39;0;0
06-18-2010 11:40;0;0
06-18-2010 11:41;0;0
06-18-2010 11:42;0;0
06-18-2010 11:43;0;0
06-18-2010 11:44;0;0
06-18-2010 11:45;0;0
06-18-2010 11:46;0;0
06-18-2010 11:47;0;0
06-18-2010 11:48;0;0
06-18-2010 11:49;0;0
06-18-2010 11:50;0;0
06-18-2010 11:51;0;0
06-18-2010 11:52;0;0
06-18-2010 11:53;0;0
06-18-2010 11:54;0;0
06-18-2010 11:55;0;0
06-18-2010 11:56;0;0
06-18-2010 11:57;0;0
06-18-2010 11:58;0;0
06-18-2010 11:59;0;0
06-18-2010 12:00;0;0
06-18-2010 12:01;0;0
06-18-2010 12:02;0;0
06-18-2010 12:03;0;0
06-18-2010 12:04;0;0
06-18-2010 12:05;0;0
06-18-2010 12:06;0;0
06-18-2010 12:07;0;0
06-18-2010 12:08;0;0
06-18-2010 12:09;0;0
06-18-2010 12:10;0;0
06-18-2010 12:11;0;0
06-18-2010 12:12;0;0
06-18-2010 12:13;0;0
06-18-2010 12:14;0;0
06-18-2010 12:15;0;0
06-18-2010 12:16;0;0
06-18-2010 12:17;0;0
06-18-2010 12:18;0;0
06-18-2010 12:19;0;0
06-18-2010 12:20;0;0
06-18-2010 12:21;0;0
06-18-2010 12:22;0;0
06-18-2010 12:23;0;0
06-18-2010 12:24;0;0
06-18-2010 12:25;0;0
06-18-2010 12:26;0;0
06-18-2010 12:27;0;0
06-18-2010 12:28;0;0
06-18-2010 12:29;0;0
06-18-2010 12:30;0;0
06-18-2010 12:31;0;0
06-18-2010 12:32;0;0
06-18-2010 12:33;0;0
06-18-2010 12:34;0;0
06-18-2010 12:35;0;0
06-18-2010 12:36;0;0
06-18-2010 12:37;0;0
06-18-2010 12:38;0;0
06-18-2010 12:39;0;0
06-18-2010 12:40;0;0
06-18-2010 12:41;0;0
06-18-2010 12:42;0;0
06-18-2010 12:43;0;0
06-18-2010 12:44;0;0
06-18-2010 12:45;0;0
06-18-2010 12:46;0;0
06-18-2010 12:47;0;0
06-18-2010 12:48;0;0
06-18-2010 12:49;0;0
06-18-2010 12:50;0;0
06-18-2010 12:51;0;0
06-18-2010 12:52;0;0
06-18-2010 12:53;0;0
06-18-2010 12:54;0;0
06-18-2010 12:55;0;0
06-18-2010 12:56;0;0
06-18-2010 12:57;0;0
06-18-2010 12:58;0;0
06-18-2010 12:59;0;0
06-18-2010 13:00;0;0
06-18-2010 13:01;0;0
06-18-2010 13:02;0;0
06-18-2010 13:03;0;0
06-18-2010 13:04;0;0
06-18-2010 13:05;0;0
06-18-2010 13:06;0;0
06-18-2010 13:07;0;0
06-18-2010 13:08;0;0
06-18-2010 13:09;0;0
06-18-2010 13:10;0;0
06-18-2010 13:11;0;0
06-18-2010 13:12;0;0
06-18-2010 13:13;0;0
06-18-2010 13:14;0;0
06-18-2010 13:15;0;0
06-18-2010 13:16;0;0
06-18-2010 13:17;0;0
06-18-2010 13:18;0;0
06-18-2010 13:19;0;0
06-18-2010 13:20;0;0
06-18-2010 13:21;0;0
06-18-2010 13:22;0;0
06-18-2010 13:23;0;0
06-18-2010 13:24;0;0
06-18-2010 13:25;0;0
06-18-2010 13:26;0;0
06-18-2010 13:27;0;0
06-18-2010 13:28;0;0
06-18-2010 13:29;0;0
06-18-2010 13:30;0;0
06-18-2010 13:31;0;0
06-18-2010 13:32;0;0
06-18-2010 13:33;0;0
06-18-2010 13:34;0;0
06-18-2010 13:35;0;0
06-18-2010 13:36;0;0
06-18-2010 13:37;0;0
06-18-2010 13:38;0;0
06-18-2010 13:39;0;0
06-18-2010 13:40;0;0
06-18-2010 13:41;0;0
06-18-2010 13:42;0;0
06-18-2010 13:43;0;0
06-18-2010 13:44;0;0
06-18-2010 13:45;0;0
06-18-2010 13:46;0;0
06-18-2010 13:47;0;0
06-18-2010 13:48;0;0
06-18-2010 13:49;0;0
06-18-2010 13:50;0;0
06-18-2010 13:51;0;0
06-18-2010 13:52;0;0
06-18-2010 13:53;0;0
06-18-2010 13:54;0;0
06-18-2010 13:55;0;0
06-18-2010 13:56;0;0
06-18-2010 13:57;0;0
06-18-2010 13:58;0;0
06-18-2010 13:59;0;0
06-18-2010 14:00;0;0
06-18-2010 14:01;0;0
06-18-2010 14:02;0;0
06-18-2010 14:03;0;0
06-18-2010 14:04;0;0
06-18-2010 14:05;0;0
06-18-2010 14:06;0;0
06-18-2010 14:07;0;0
06-18-2010 14:08;0;0
06-18-2010 14:09;0;0
06-18-2010 14:10;0;0
06-18-2010 14:11;0;0
06-18-2010 14:12;0;0
06-18-2010 14:13;0;0
06-18-2010 14:14;0;0
06-18-2010 14:15;0;0
06-18-2010 14:16;0;0
06-18-2010 14:17;0;0
06-18-2010 14:18;0;0
06-18-2010 14:19;0;0
06-18-2010 14:20;0;0
06-18-2010 14:21;0;0
06-18-2010 14:22;0;0
06-18-2010 14:23;0;0
06-18-2010 14:24;0;0
06-18-2010 14:25;0;0
06-18-2010 14:26;0;0
06-18-2010 14:27;0;0
06-18-2010 14:28;0;0
06-18-2010 14:29;0;0
06-18-2010 14:30;0;0
06-18-2010 14:31;0;0
06-18-2010 14:32;0;0
06-18-2010 14:33;0;0
06-18-2010 14:34;0;0
06-18-2010 14:35;0;0
06-18-2010 14:36;0;0
06-18-2010 14:37;0;0
06-18-2010 14:38;0;0
06-18-2010 14:39;0;0
06-18-2010 14:40;0;0
06-18-2010 14:41;0;0
06-18-2010 14:42;0;0
06-18-2010 14:43;0;0
06-18-2010 14:44;0;0
06-18-2010 14:45;0;0
06-18-2010 14:46;0;0
06-18-2010 14:47;0;0
06-18-2010 14:48;0;0
06-18-2010 14:49;0;0
06-18-2010 14:50;0;0
06-18-2010 14:51;0;0
06-18-2010 14:52;0;0
06-18-2010 14:53;0;0
06-18-2010 14:54;0;0
06-18-2010 14:55;0;0
06-18-2010 14:56;0;0
06-18-2010 14:57;0;0
06-18-2010 14:58;0;0
06-18-2010 14:59;0;0
06-18-2010 15:00;0;0
06-18-2010 15:01;0;0
06-18-2010 15:02;0;0
06-18-2010 15:03;0;0
06-18-2010 15:04;0;0
06-18-2010 15:05;0;0
06-18-2010 15:06;0;0
06-18-2010 15:07;0;0
06-18-2010 15:08;0;0
06-18-2010 15:09;0;0
06-18-2010 15:10;0;0
06-18-2010 15:11;0;0
06-18-2010 15:12;0;0
06-18-2010 15:13;0;0
06-18-2010 15:14;0;0
06-18-2010 15:15;0;0
06-18-2010 15:16;0;0
06-18-2010 15:17;0;0
06-18-2010 15:18;0;0
06-18-2010 15:19;0;0
06-18-2010 15:20;0;0
06-18-2010 15:21;0;0
06-18-2010 15:22;0;0
06-18-2010 15:23;0;0
06-18-2010 15:24;0;0
06-18-2010 15:25;0;0
06-18-2010 15:26;0;0
06-18-2010 15:27;0;0
06-18-2010 15:28;0;0
06-18-2010 15:29;0;0
06-18-2010 15:30;0;0
06-18-2010 15:31;0;0
06-18-2010 15:32;0;0
06-18-2010 15:33;0;0
06-18-2010 15:34;0;0
06-18-2010 15:35;0;0
06-18-2010 15:36;0;0
06-18-2010 15:37;0;0
06-18-2010 15:38;0;0
06-18-2010 15:39;0;0
06-18-2010 15:40;0;0
06-18-2010 15:41;0;0
06-18-2010 15:42;0;0
06-18-2010 15:43;0;0
06-18-2010 15:44;0;0
06-18-2010 15:45;0;0
06-18-2010 15:46;0;0
06-18-2010 15:47;0;0
06-18-2010 15:48;0;0
06-18-2010 15:49;0;0
06-18-2010 15:50;0;0
06-18-2010 15:51;0;0
06-18-2010 15:52;0;0
06-18-2010 15:53;0;0
06-18-2010 15:54;0;0
06-18-2010 15:55;0;0
06-18-2010 15:56;0;0
06-18-2010 15:57;0;0
06-18-2010 15:58;0;0
06-18-2010 15:59;0;0
06-18-2010 16:00;0;0
06-18-2010 16:01;0;0
06-18-2010 16:02;0;0
06-18-2010 16:03;0;0
06-18-2010 16:04;0;0
06-18-2010 16:05;0;0
06-18-2010 16:06;0;0
06-18-2010 16:07;0;0
06-18-2010 16:08;0;0
06-18-2010 16:09;0;0
06-18-2010 16:10;0;0
06-18-2010 16:11;0;0
06-18-2010 16:12;0;0
06-18-2010 16:13;0;0
06-18-2010 16:14;0;0
06-18-2010 16:15;0;0
06-18-2010 16:16;0;0
06-18-2010 16:17;0;0
06-18-2010 16:18;0;0
06-18-2010 16:19;0;0
06-18-2010 16:20;0;0
06-18-2010 16:21;0;0
06-18-2010 16:22;0;0
06-18-2010 16:23;0;0
06-18-2010 16:24;0;0
06-18-2010 16:25;0;0
06-18-2010 16:26;0;0
06-18-2010 16:27;0;0
06-18-2010 16:28;0;0
06-18-2010 16:29;0;0
06-18-2010 16:30;0;0
06-18-2010 16:31;0;0
06-18-2010 16:32;0;0
06-18-2010 16:33;0;0
06-18-2010 16:34;0;0
06-18-2010 16:35;0;0
06-18-2010 16:36;0;0
06-18-2010 16:37;0;0
06-18-2010 16:38;0;0
06-18-2010 16:39;0;0
06-18-2010 16:40;0;0
06-18-2010 16:41;0;0
06-18-2010 16:42;0;0
06-18-2010 16:43;0;0
06-18-2010 16:44;0;0
06-18-2010 16:45;0;0
06-18-2010 16:46;0;0
06-18-2010 16:47;0;0
06-18-2010 16:48;0;0
06-18-2010 16:49;0;0
06-18-2010 16:50;0;0
06-18-2010 16:51;0;0
06-18-2010 16:52;0;0
06-18-2010 16:53;0;0
06-18-2010 16:54;0;0
06-18-2010 16:55;0;0
06-18-2010 16:56;0;0
06-18-2010 16:57;0;0
06-18-2010 16:58;0;0
06-18-2010 16:59;0;0
06-18-2010 17:00;0;0
06-18-2010 17:01;0;0
06-18-2010 17:02;0;0
06-18-2010 17:03;0;0
06-18-2010 17:04;0;0
06-18-2010 17:05;0;0
06-18-2010 17:06;0;0
06-18-2010 17:07;0;0
06-18-2010 17:08;0;0
06-18-2010 17:09;0;0
06-18-2010 17:10;0;0
06-18-2010 17:11;0;0
06-18-2010 17:12;0;0
06-18-2010 17:13;0;0
06-18-2010 17:14;0;0
06-18-2010 17:15;0;0
06-18-2010 17:16;0;0
06-18-2010 17:17;0;0
06-18-2010 17:18;0;0
06-18-2010 17:19;0;0
06-18-2010 17:20;0;0
06-18-2010 17:21;0;0
06-18-2010 17:22;0;0
06-18-2010 17:23;0;0
06-18-2010 17:24;0;0
06-18-2010 17:25;0;0
06-18-2010 17:26;0;0
06-18-2010 17:27;0;0
06-18-2010 17:28;0;0
06-18-2010 17:29;0;0
06-18-2010 17:30;0;0
06-18-2010 17:31;0;0
06-18-2010 17:32;0;0
06-18-2010 17:33;0;0
06-18-2010 17:34;0;0
06-18-2010 17:35;0;0
06-18-2010 17:36;0;0
06-18-2010 17:37;0;0
06-18-2010 17:38;0;0
06-18-2010 17:39;0;0
06-18-2010 17:40;0;0
06-18-2010 17:41;0;0
06-18-2010 17:42;0;0
06-18-2010 17:43;0;0
06-18-2010 17:44;0;0
06-18-2010 17:45;0;0
06-18-2010 17:46;0;0
06-18-2010 17:47;0;0
06-18-2010 17:48;0;0
06-18-2010 17:49;0;0
06-18-2010 17:50;0;0
06-18-2010 17:51;0;0
06-18-2010 17:52;0;0
06-18-2010 17:53;0;0
06-18-2010 17:54;0;0
06-18-2010 17:55;0;0
06-18-2010 17:56;0;0
06-18-2010 17:57;0;0
06-18-2010 17:58;0;0
06-18-2010 17:59;0;0
06-18-2010 18:00;0;0
06-18-2010 18:01;0;0
06-18-2010 18:02;0;0
06-18-2010 18:03;0;0
06-18-2010 18:04;0;0
06-18-2010 18:05;0;0
06-18-2010 18:06;0;0
06-18-2010 18:07;0;0
06-18-2010 18:08;0;0
06-18-2010 18:09;0;0
06-18-2010 18:10;0;0
06-18-2010 18:11;0;0
06-18-2010 18:12;0;0
06-18-2010 18:13;0;0
06-18-2010 18:14;0;0
06-18-2010 18:15;0;0
06-18-2010 18:16;0;0
06-18-2010 18:17;0;0
06-18-2010 18:18;0;0
06-18-2010 18:19;0;0
06-18-2010 18:20;0;0
06-18-2010 18:21;0;0
06-18-2010 18:22;0;0
06-18-2010 18:23;0;0
06-18-2010 18:24;0;0
06-18-2010 18:25;0;0
06-18-2010 18:26;0;0
06-18-2010 18:27;0;0
06-18-2010 18:28;0;0
06-18-2010 18:29;0;0
06-18-2010 18:30;0;0
06-18-2010 18:31;0;0
06-18-2010 18:32;0;0
06-18-2010 18:33;0;0
06-18-2010 18:34;0;0
06-18-2010 18:35;0;0
06-18-2010 18:36;0;0
06-18-2010 18:37;0;0
06-18-2010 18:38;0;0
06-18-2010 18:39;0;0
06-18-2010 18:40;0;0
06-18-2010 18:41;0;0
06-18-2010 18:42;0;0
06-18-2010 18:43;0;0
06-18-2010 18:44;0;0
06-18-2010 18:45;0;0
06-18-2010 18:46;0;0
06-18-2010 18:47;0;0
06-18-2010 18:48;0;0
06-18-2010 18:49;0;0
06-18-2010 18:50;0;0
06-18-2010 18:51;0;0
06-18-2010 18:52;0;0
06-18-2010 18:53;0;0
06-18-2010 18:54;0;0
06-18-2010 18:55;0;0
06-18-2010 18:56;0;0
06-18-2010 18:57;0;0
06-18-2010 18:58;0;0
06-18-2010 18:59;0;0
06-18-2010 19:00;0;0
06-18-2010 19:01;0;0
06-18-2010 19:02;0;0
06-18-2010 19:03;0;0
06-18-2010 19:04;0;0
06-18-2010 19:05;0;0
06-18-2010 19:06;0;0
06-18-2010 19:07;0;0
06-18-2010 19:08;0;0
06-18-2010 19:09;0;0
06-18-2010 19:10;0;0
06-18-2010 19:11;0;0
06-18-2010 19:12;0;0
06-18-2010 19:13;0;0
06-18-2010 19:14;0;0
06-18-2010 19:15;0;0
06-18-2010 19:16;0;0
06-18-2010 19:17;0;0
06-18-2010 19:18;0;0
06-18-2010 19:19;0;0
06-18-2010 19:20;0;0
06-18-2010 19:21;0;0
06-18-2010 19:22;0;0
06-18-2010 19:23;0;0
06-18-2010 19:24;0;0
06-18-2010 19:25;0;0
06-18-2010 19:26;0;0
06-18-2010 19:27;0;0
06-18-2010 19:28;0;0
06-18-2010 19:29;0;0
06-18-2010 19:30;0;0
06-18-2010 19:31;0;0
06-18-2010 19:32;0;0
06-18-2010 19:33;0;0
06-18-2010 19:34;0;0
06-18-2010 19:35;0;0
06-18-2010 19:36;0;0
06-18-2010 19:37;0;0
06-18-2010 19:38;0;0
06-18-2010 19:39;0;0
06-18-2010 19:40;0;0
06-18-2010 19:41;0;0
06-18-2010 19:42;0;0
06-18-2010 19:43;0;0
06-18-2010 19:44;0;0
06-18-2010 19:45;0;0
06-18-2010 19:46;0;0
06-18-2010 19:47;0;0
06-18-2010 19:48;0;0
06-18-2010 19:49;0;0
06-18-2010 19:50;0;0
06-18-2010 19:51;0;0
06-18-2010 19:52;0;0
06-18-2010 19:53;0;0
06-18-2010 19:54;0;0
06-18-2010 19:55;0;0
06-18-2010 19:56;0;0
06-18-2010 19:57;0;0
06-18-2010 19:58;0;0
06-18-2010 19:59;0;0
06-18-2010 20:00;0;0
06-18-2010 20:01;0;0
06-18-2010 20:02;0;0
06-18-2010 20:03;0;0
06-18-2010 20:04;0;0
06-18-2010 20:05;0;0
06-18-2010 20:06;0;0
06-18-2010 20:07;0;0
06-18-2010 20:08;0;0
06-18-2010 20:09;0;0
06-18-2010 20:10;0;0
06-18-2010 20:11;0;0
06-18-2010 20:12;0;0
06-18-2010 20:13;0;0
06-18-2010 20:14;0;0
06-18-2010 20:15;0;0
06-18-2010 20:16;0;0
06-18-2010 20:17;0;0
06-18-2010 20:18;0;0
06-18-2010 20:19;0;0
06-18-2010 20:20;0;0
06-18-2010 20:21;0;0
06-18-2010 20:22;0;0
06-18-2010 20:23;0;0
06-18-2010 20:24;0;0
06-18-2010 20:25;0;0
06-18-2010 20:26;0;0
06-18-2010 20:27;0;0
06-18-2010 20:28;0;0
06-18-2010 20:29;0;0
06-18-2010 20:30;0;0
06-18-2010 20:31;0;0
06-18-2010 20:32;0;0
06-18-2010 20:33;0;0
06-18-2010 20:34;0;0
06-18-2010 20:35;0;0
06-18-2010 20:36;0;0
06-18-2010 20:37;0;0
06-18-2010 20:38;0;0
06-18-2010 20:39;0;0
06-18-2010 20:40;0;0
06-18-2010 20:41;0;0
06-18-2010 20:42;0;0
06-18-2010 20:43;0;0
06-18-2010 20:44;0;0
06-18-2010 20:45;0;0
06-18-2010 20:46;0;0
06-18-2010 20:47;0;0
06-18-2010 20:48;0;0
06-18-2010 20:49;0;0
06-18-2010 20:50;0;0
06-18-2010 20:51;0;0
06-18-2010 20:52;0;0
06-18-2010 20:53;0;0
06-18-2010 20:54;0;0
06-18-2010 20:55;0;0
06-18-2010 20:56;0;0
06-18-2010 20:57;0;0
06-18-2010 20:58;0;0
06-18-2010 20:59;0;0
06-18-2010 21:00;0;0
06-18-2010 21:01;0;0
06-18-2010 21:02;0;0
06-18-2010 21:03;0;0
06-18-2010 21:04;0;0
06-18-2010 21:05;0;0
06-18-2010 21:06;0;0
06-18-2010 21:07;0;0
06-18-2010 21:08;0;0
06-18-2010 21:09;0;0
06-18-2010 21:10;0;0
06-18-2010 21:11;0;0
06-18-2010 21:12;0;0
06-18-2010 21:13;0;0
06-18-2010 21:14;0;0
06-18-2010 21:15;0;0
06-18-2010 21:16;0;0
06-18-2010 21:17;0;0
06-18-2010 21:18;0;0
06-18-2010 21:19;0;0
06-18-2010 21:20;0;0
06-18-2010 21:21;0;0
06-18-2010 21:22;0;0
06-18-2010 21:23;0;0
06-18-2010 21:24;0;0
06-18-2010 21:25;0;0
06-18-2010 21:26;0;0
06-18-2010 21:27;0;0
06-18-2010 21:28;731;1
06-18-2010 21:29;831;1
06-18-2010 21:30;1213;1
06-18-2010 21:31;585;0
06-18-2010 21:32;973;1
06-18-2010 21:33;943;1
06-18-2010 21:34;731;1
06-18-2010 21:35;585;0
06-18-2010 21:36;566;0
06-18-2010 21:37;348;0
06-18-2010 21:38;172;0
06-18-2010 21:39;337;0
06-18-2010 21:40;466;0
06-18-2010 21:41;805;1
06-18-2010 21:42;643;0
06-18-2010 21:43;513;0
06-18-2010 21:44;384;0
06-18-2010 21:45;57;0
06-18-2010 21:46;7;0
06-18-2010 21:47;0;0
06-18-2010 21:48;9;0
06-18-2010 21:49;219;0
06-18-2010 21:50;129;0
06-18-2010 21:51;397;0
06-18-2010 21:52;112;0
06-18-2010 21:53;466;0
06-18-2010 21:54;31;0
06-18-2010 21:55;198;0
06-18-2010 21:56;155;0
06-18-2010 21:57;267;0
06-18-2010 21:58;57;0
06-18-2010 21:59;384;0
06-18-2010 22:00;242;0
06-18-2010 22:01;117;0
06-18-2010 22:02;424;0
06-18-2010 22:03;233;0
06-18-2010 22:04;286;0
06-18-2010 22:05;161;0
06-18-2010 22:06;205;0
06-18-2010 22:07;178;0
06-18-2010 22:08;144;0
06-18-2010 22:09;337;0
06-18-2010 22:10;686;1
06-18-2010 22:11;205;0
06-18-2010 22:12;397;0
06-18-2010 22:13;276;0
06-18-2010 22:14;129;0
06-18-2010 22:15;0;0
06-18-2010 22:16;100;0
06-18-2010 22:17;3;0
06-18-2010 22:18;259;0
06-18-2010 22:19;91;0
06-18-2010 22:20;250;0
06-18-2010 22:21;530;0
06-18-2010 22:22;466;0
06-18-2010 22:23;424;0
06-18-2010 22:24;410;0
06-18-2010 22:25;1104;1
06-18-2010 22:26;585;0
06-18-2010 22:27;686;1
06-18-2010 22:28;513;0
06-18-2010 22:29;326;0
06-18-2010 22:30;296;0
06-18-2010 22:31;259;0
06-18-2010 22:32;316;0
06-18-2010 22:33;585;0
06-18-2010 22:34;250;0
06-18-2010 22:35;831;1
06-18-2010 22:36;250;0
06-18-2010 22:37;149;0
06-18-2010 22:38;212;0
06-18-2010 22:39;296;0
06-18-2010 22:40;129;0
06-18-2010 22:41;198;0
06-18-2010 22:42;117;0
06-18-2010 22:43;63;0
06-18-2010 22:44;548;0
06-18-2010 22:45;242;0
06-18-2010 22:46;242;0
06-18-2010 22:47;172;0
06-18-2010 22:48;183;0
06-18-2010 22:49;530;0
06-18-2010 22:50;296;0
06-18-2010 22:51;530;0
06-18-2010 22:52;913;1
06-18-2010 22:53;603;0
06-18-2010 22:54;438;0
06-18-2010 22:55;161;0
06-18-2010 22:56;129;0
06-18-2010 22:57;286;0
06-18-2010 22:58;498;0
06-18-2010 22:59;410;0
06-18-2010 23:00;138;0
06-18-2010 23:01;424;0
06-18-2010 23:02;466;0
06-18-2010 23:03;212;0
06-18-2010 23:04;384;0
06-18-2010 23:05;348;0
06-18-2010 23:06;384;0
06-18-2010 23:07;316;0
06-18-2010 23:08;316;0
06-18-2010 23:09;482;0
06-18-2010 23:10;337;0
06-18-2010 23:11;95;0
06-18-2010 23:12;566;0
06-18-2010 23:13;198;0
06-18-2010 23:14;250;0
06-18-2010 23:15;259;0
06-18-2010 23:16;348;0
06-18-2010 23:17;40;0
06-18-2010 23:18;482;0
06-18-2010 23:19;306;0
06-18-2010 23:20;11;0
06-18-2010 23:21;80;0
06-18-2010 23:22;212;0
06-18-2010 23:23;9;0
06-18-2010 23:24;34;0
06-18-2010 23:25;0;0
06-18-2010 23:26;155;0
06-18-2010 23:27;48;0
06-18-2010 23:28;9;0
06-18-2010 23:29;0;0
06-18-2010 23:30;125;0
06-18-2010 23:31;10;0
06-18-2010 23:32;57;0
06-18-2010 23:33;0;0
06-18-2010 23:34;0;0
06-18-2010 23:35;33;0
06-18-2010 23:36;40;0
06-18-2010 23:37;43;0
06-18-2010 23:38;121;0
06-18-2010 23:39;155;0
06-18-2010 23:40;46;0
06-18-2010 23:41;17;0
06-18-2010 23:42;149;0
06-18-2010 23:43;410;0
06-18-2010 23:44;242;0
06-18-2010 23:45;104;0
06-18-2010 23:46;166;0
06-18-2010 23:47;100;0
06-18-2010 23:48;276;0
06-18-2010 23:49;337;0
06-18-2010 23:50;226;0
06-18-2010 23:51;125;0
06-18-2010 23:52;9;0
06-18-2010 23:53;183;0
06-18-2010 23:54;149;0
06-18-2010 23:55;129;0
06-18-2010 23:56;226;0
06-18-2010 23:57;100;0
06-18-2010 23:58;95;0
06-18-2010 23:59;205;0
06-19-2010 00:00;108;0
06-19-2010 00:01;88;0
06-19-2010 00:02;95;0
06-19-2010 00:03;129;0
06-19-2010 00:04;149;0
06-19-2010 00:05;205;0
06-19-2010 00:06;134;0
06-19-2010 00:07;33;0
06-19-2010 00:08;397;0
06-19-2010 00:09;129;0
06-19-2010 00:10;104;0
06-19-2010 00:11;7;0
06-19-2010 00:12;77;0
06-19-2010 00:13;37;0
06-19-2010 00:14;226;0
06-19-2010 00:15;250;0
06-19-2010 00:16;129;0
06-19-2010 00:17;259;0
06-19-2010 00:18;397;0
06-19-2010 00:19;161;0
06-19-2010 00:20;276;0
06-19-2010 00:21;36;0
06-19-2010 00:22;337;0
06-19-2010 00:23;104;0
06-19-2010 00:24;326;0
06-19-2010 00:25;438;0
06-19-2010 00:26;104;0
06-19-2010 00:27;0;0
06-19-2010 00:28;233;0
06-19-2010 00:29;95;0
06-19-2010 00:30;129;0
06-19-2010 00:31;0;0
06-19-2010 00:32;0;0
06-19-2010 00:33;3;0
06-19-2010 00:34;0;0
06-19-2010 00:35;3;0
06-19-2010 00:36;212;0
06-19-2010 00:37;125;0
06-19-2010 00:38;27;0
06-19-2010 00:39;31;0
06-19-2010 00:40;46;0
06-19-2010 00:41;226;0
06-19-2010 00:42;9;0
06-19-2010 00:43;112;0
06-19-2010 00:44;46;0
06-19-2010 00:45;36;0
06-19-2010 00:46;191;0
06-19-2010 00:47;48;0
06-19-2010 00:48;40;0
06-19-2010 00:49;65;0
06-19-2010 00:50;85;0
06-19-2010 00:51;3;0
06-19-2010 00:52;20;0
06-19-2010 00:53;41;0
06-19-2010 00:54;46;0
06-19-2010 00:55;68;0
06-19-2010 00:56;74;0
06-19-2010 00:57;129;0
06-19-2010 00:58;63;0
06-19-2010 00:59;82;0
06-19-2010 01:00;74;0
06-19-2010 01:01;37;0
06-19-2010 01:02;46;0
06-19-2010 01:03;46;0
06-19-2010 01:04;149;0
06-19-2010 01:05;74;0
06-19-2010 01:06;1333;1
06-19-2010 01:07;267;0
06-19-2010 01:08;0;0
06-19-2010 01:09;0;0
06-19-2010 01:10;0;0
06-19-2010 01:11;0;0
06-19-2010 01:12;0;0
06-19-2010 01:13;0;0
06-19-2010 01:14;0;0
06-19-2010 01:15;0;0
06-19-2010 01:16;0;0
06-19-2010 01:17;0;0
06-19-2010 01:18;0;0
06-19-2010 01:19;0;0
06-19-2010 01:20;0;0
06-19-2010 01:21;0;0
06-19-2010 01:22;0;0
06-19-2010 01:23;0;0
06-19-2010 01:24;0;0
06-19-2010 01:25;0;0
06-19-2010 01:26;0;0
06-19-2010 01:27;0;0
06-19-2010 01:28;0;0
06-19-2010 01:29;0;0
06-19-2010 01:30;0;0
06-19-2010 01:31;0;0
06-19-2010 01:32;0;0
06-19-2010 01:33;0;0
06-19-2010 01:34;0;0
06-19-2010 01:35;0;0
06-19-2010 01:36;0;0
06-19-2010 01:37;0;0
06-19-2010 01:38;0;0
06-19-2010 01:39;0;0
06-19-2010 01:40;0;0
06-19-2010 01:41;0;0
06-19-2010 01:42;0;0
06-19-2010 01:43;0;0
06-19-2010 01:44;0;0
06-19-2010 01:45;0;0
06-19-2010 01:46;0;0
06-19-2010 01:47;0;0
06-19-2010 01:48;0;0
06-19-2010 01:49;0;0
06-19-2010 01:50;0;0
06-19-2010 01:51;0;0
06-19-2010 01:52;0;0
06-19-2010 01:53;0;0
06-19-2010 01:54;0;0
06-19-2010 01:55;0;0
06-19-2010 01:56;0;0
06-19-2010 01:57;0;0
06-19-2010 01:58;0;0
06-19-2010 01:59;0;0
06-19-2010 02:00;0;0
06-19-2010 02:01;0;0
06-19-2010 02:02;0;0
06-19-2010 02:03;0;0
06-19-2010 02:04;0;0
06-19-2010 02:05;0;0
06-19-2010 02:06;0;0
06-19-2010 02:07;0;0
06-19-2010 02:08;0;0
06-19-2010 02:09;0;0
06-19-2010 02:10;0;0
06-19-2010 02:11;0;0
06-19-2010 02:12;0;0
06-19-2010 02:13;0;0
06-19-2010 02:14;0;0
06-19-2010 02:15;0;0
06-19-2010 02:16;0;0
06-19-2010 02:17;0;0
06-19-2010 02:18;0;0
06-19-2010 02:19;0;0
06-19-2010 02:20;0;0
06-19-2010 02:21;0;0
06-19-2010 02:22;0;0
06-19-2010 02:23;0;0
06-19-2010 02:24;0;0
06-19-2010 02:25;0;0
06-19-2010 02:26;0;0
06-19-2010 02:27;0;0
06-19-2010 02:28;0;0
06-19-2010 02:29;0;0
06-19-2010 02:30;0;0
06-19-2010 02:31;0;0
06-19-2010 02:32;0;0
06-19-2010 02:33;0;0
06-19-2010 02:34;0;0
06-19-2010 02:35;0;0
06-19-2010 02:36;0;0
06-19-2010 02:37;0;0
06-19-2010 02:38;0;0
06-19-2010 02:39;0;0
06-19-2010 02:40;0;0
06-19-2010 02:41;0;0
06-19-2010 02:42;0;0
06-19-2010 02:43;0;0
06-19-2010 02:44;0;0
06-19-2010 02:45;0;0
06-19-2010 02:46;0;0
06-19-2010 02:47;0;0
06-19-2010 02:48;0;0
06-19-2010 02:49;0;0
06-19-2010 02:50;0;0
06-19-2010 02:51;0;0
06-19-2010 02:52;0;0
06-19-2010 02:53;0;0
06-19-2010 02:54;0;0
06-19-2010 02:55;0;0
06-19-2010 02:56;0;0
06-19-2010 02:57;0;0
06-19-2010 02:58;0;0
06-19-2010 02:59;0;0
06-19-2010 03:00;0;0
06-19-2010 03:01;0;0
06-19-2010 03:02;0;0
06-19-2010 03:03;0;0
06-19-2010 03:04;0;0
06-19-2010 03:05;0;0
06-19-2010 03:06;0;0
06-19-2010 03:07;0;0
06-19-2010 03:08;0;0
06-19-2010 03:09;0;0
06-19-2010 03:10;0;0
06-19-2010 03:11;0;0
06-19-2010 03:12;0;0
06-19-2010 03:13;0;0
06-19-2010 03:14;0;0
06-19-2010 03:15;0;0
06-19-2010 03:16;0;0
06-19-2010 03:17;0;0
06-19-2010 03:18;0;0
06-19-2010 03:19;0;0
06-19-2010 03:20;0;0
06-19-2010 03:21;0;0
06-19-2010 03:22;0;0
06-19-2010 03:23;0;0
06-19-2010 03:24;0;0
06-19-2010 03:25;0;0
06-19-2010 03:26;0;0
06-19-2010 03:27;0;0
06-19-2010 03:28;0;0
06-19-2010 03:29;0;0
06-19-2010 03:30;0;0
06-19-2010 03:31;0;0
06-19-2010 03:32;0;0
06-19-2010 03:33;0;0
06-19-2010 03:34;0;0
06-19-2010 03:35;0;0
06-19-2010 03:36;0;0
06-19-2010 03:37;0;0
06-19-2010 03:38;0;0
06-19-2010 03:39;0;0
06-19-2010 03:40;0;0
06-19-2010 03:41;0;0
06-19-2010 03:42;0;0
06-19-2010 03:43;0;0
06-19-2010 03:44;0;0
06-19-2010 03:45;0;0
06-19-2010 03:46;0;0
06-19-2010 03:47;0;0
06-19-2010 03:48;0;0
06-19-2010 03:49;0;0
06-19-2010 03:50;0;0
06-19-2010 03:51;0;0
06-19-2010 03:52;0;0
06-19-2010 03:53;0;0
06-19-2010 03:54;0;0
06-19-2010 03:55;0;0
06-19-2010 03:56;0;0
06-19-2010 03:57;0;0
06-19-2010 03:58;0;0
06-19-2010 03:59;0;0
06-19-2010 04:00;0;0
06-19-2010 04:01;0;0
06-19-2010 04:02;0;0
06-19-2010 04:03;0;0
06-19-2010 04:04;0;0
06-19-2010 04:05;0;0
06-19-2010 04:06;0;0
06-19-2010 04:07;0;0
06-19-2010 04:08;0;0
06-19-2010 04:09;0;0
06-19-2010 04:10;0;0
06-19-2010 04:11;0;0
06-19-2010 04:12;0;0
06-19-2010 04:13;0;0
06-19-2010 04:14;0;0
06-19-2010 04:15;0;0
06-19-2010 04:16;0;0
06-19-2010 04:17;0;0
06-19-2010 04:18;0;0
06-19-2010 04:19;0;0
06-19-2010 04:20;0;0
06-19-2010 04:21;0;0
06-19-2010 04:22;0;0
06-19-2010 04:23;0;0
06-19-2010 04:24;0;0
06-19-2010 04:25;0;0
06-19-2010 04:26;0;0
06-19-2010 04:27;0;0
06-19-2010 04:28;0;0
06-19-2010 04:29;0;0
06-19-2010 04:30;0;0
06-19-2010 04:31;0;0
06-19-2010 04:32;0;0
06-19-2010 04:33;0;0
06-19-2010 04:34;0;0
06-19-2010 04:35;0;0
06-19-2010 04:36;0;0
06-19-2010 04:37;0;0
06-19-2010 04:38;0;0
06-19-2010 04:39;0;0
06-19-2010 04:40;0;0
06-19-2010 04:41;0;0
06-19-2010 04:42;0;0
06-19-2010 04:43;0;0
06-19-2010 04:44;0;0
06-19-2010 04:45;0;0
06-19-2010 04:46;0;0
06-19-2010 04:47;0;0
06-19-2010 04:48;0;0
06-19-2010 04:49;0;0
06-19-2010 04:50;0;0
06-19-2010 04:51;0;0
06-19-2010 04:52;0;0
06-19-2010 04:53;0;0
06-19-2010 04:54;0;0
06-19-2010 04:55;0;0
06-19-2010 04:56;0;0
06-19-2010 04:57;0;0
06-19-2010 04:58;0;0
06-19-2010 04:59;0;0
06-19-2010 05:00;0;0
06-19-2010 05:01;0;0
06-19-2010 05:02;0;0
06-19-2010 05:03;0;0
06-19-2010 05:04;0;0
06-19-2010 05:05;0;0
06-19-2010 05:06;0;0
06-19-2010 05:07;0;0
06-19-2010 05:08;0;0
06-19-2010 05:09;0;0
06-19-2010 05:10;0;0
06-19-2010 05:11;0;0
06-19-2010 05:12;0;0
06-19-2010 05:13;0;0
06-19-2010 05:14;0;0
06-19-2010 05:15;0;0
06-19-2010 05:16;0;0
06-19-2010 05:17;0;0
06-19-2010 05:18;0;0
06-19-2010 05:19;0;0
06-19-2010 05:20;0;0
06-19-2010 05:21;0;0
06-19-2010 05:22;0;0
06-19-2010 05:23;0;0
06-19-2010 05:24;0;0
06-19-2010 05:25;0;0
06-19-2010 05:26;0;0
06-19-2010 05:27;0;0
06-19-2010 05:28;0;0
06-19-2010 05:29;0;0
06-19-2010 05:30;0;0
06-19-2010 05:31;0;0
06-19-2010 05:32;0;0
06-19-2010 05:33;0;0
06-19-2010 05:34;0;0
06-19-2010 05:35;0;0
06-19-2010 05:36;0;0
06-19-2010 05:37;0;0
06-19-2010 05:38;0;0
06-19-2010 05:39;0;0
06-19-2010 05:40;0;0
06-19-2010 05:41;0;0
06-19-2010 05:42;0;0
06-19-2010 05:43;0;0
06-19-2010 05:44;0;0
06-19-2010 05:45;0;0
06-19-2010 05:46;0;0
06-19-2010 05:47;0;0
06-19-2010 05:48;0;0
06-19-2010 05:49;0;0
06-19-2010 05:50;0;0
06-19-2010 05:51;0;0
06-19-2010 05:52;0;0
06-19-2010 05:53;0;0
06-19-2010 05:54;0;0
06-19-2010 05:55;0;0
06-19-2010 05:56;0;0
06-19-2010 05:57;0;0
06-19-2010 05:58;0;0
06-19-2010 05:59;0;0
06-19-2010 06:00;0;0
06-19-2010 06:01;0;0
06-19-2010 06:02;0;0
06-19-2010 06:03;0;0
06-19-2010 06:04;0;0
06-19-2010 06:05;0;0
06-19-2010 06:06;0;0
06-19-2010 06:07;0;0
06-19-2010 06:08;0;0
06-19-2010 06:09;0;0
06-19-2010 06:10;0;0
06-19-2010 06:11;0;0
06-19-2010 06:12;0;0
06-19-2010 06:13;0;0
06-19-2010 06:14;0;0
06-19-2010 06:15;0;0
06-19-2010 06:16;0;0
06-19-2010 06:17;0;0
06-19-2010 06:18;0;0
06-19-2010 06:19;0;0
06-19-2010 06:20;0;0
06-19-2010 06:21;0;0
06-19-2010 06:22;0;0
06-19-2010 06:23;0;0
06-19-2010 06:24;0;0
06-19-2010 06:25;0;0
06-19-2010 06:26;0;0
06-19-2010 06:27;0;0
06-19-2010 06:28;0;0
06-19-2010 06:29;0;0
06-19-2010 06:30;0;0
06-19-2010 06:31;0;0
06-19-2010 06:32;0;0
06-19-2010 06:33;0;0
06-19-2010 06:34;0;0
06-19-2010 06:35;0;0
06-19-2010 06:36;0;0
06-19-2010 06:37;0;0
06-19-2010 06:38;0;0
06-19-2010 06:39;0;0
06-19-2010 06:40;0;0
06-19-2010 06:41;0;0
06-19-2010 06:42;0;0
06-19-2010 06:43;0;0
06-19-2010 06:44;0;0
06-19-2010 06:45;0;0
06-19-2010 06:46;0;0
06-19-2010 06:47;0;0
06-19-2010 06:48;0;0
06-19-2010 06:49;0;0
06-19-2010 06:50;0;0
06-19-2010 06:51;0;0
06-19-2010 06:52;0;0
06-19-2010 06:53;0;0
06-19-2010 06:54;0;0
06-19-2010 06:55;0;0
06-19-2010 06:56;0;0
06-19-2010 06:57;0;0
06-19-2010 06:58;0;0
06-19-2010 06:59;0;0
06-19-2010 07:00;0;0
06-19-2010 07:01;0;0
06-19-2010 07:02;0;0
06-19-2010 07:03;0;0
06-19-2010 07:04;0;0
06-19-2010 07:05;0;0
06-19-2010 07:06;0;0
06-19-2010 07:07;0;0
06-19-2010 07:08;0;0
06-19-2010 07:09;0;0
06-19-2010 07:10;0;0
06-19-2010 07:11;0;0
06-19-2010 07:12;0;0
06-19-2010 07:13;0;0
06-19-2010 07:14;0;0
06-19-2010 07:15;0;0
06-19-2010 07:16;0;0
06-19-2010 07:17;0;0
06-19-2010 07:18;0;0
06-19-2010 07:19;0;0
06-19-2010 07:20;0;0
06-19-2010 07:21;0;0
06-19-2010 07:22;0;0
06-19-2010 07:23;0;0
06-19-2010 07:24;0;0
06-19-2010 07:25;0;0
06-19-2010 07:26;0;0
06-19-2010 07:27;0;0
06-19-2010 07:28;0;0
06-19-2010 07:29;0;0
06-19-2010 07:30;0;0
06-19-2010 07:31;0;0
06-19-2010 07:32;0;0
06-19-2010 07:33;0;0
06-19-2010 07:34;0;0
06-19-2010 07:35;0;0
06-19-2010 07:36;0;0
06-19-2010 07:37;0;0
06-19-2010 07:38;0;0
06-19-2010 07:39;0;0
06-19-2010 07:40;0;0
06-19-2010 07:41;0;0
06-19-2010 07:42;0;0
06-19-2010 07:43;0;0
06-19-2010 07:44;0;0
06-19-2010 07:45;0;0
06-19-2010 07:46;0;0
06-19-2010 07:47;0;0
06-19-2010 07:48;0;0
06-19-2010 07:49;0;0
06-19-2010 07:50;0;0
06-19-2010 07:51;0;0
06-19-2010 07:52;0;0
06-19-2010 07:53;0;0
06-19-2010 07:54;4;0
06-19-2010 07:55;0;0
06-19-2010 07:56;0;0
06-19-2010 07:57;0;0
06-19-2010 07:58;0;0
06-19-2010 07:59;0;0
06-19-2010 08:00;0;0
06-19-2010 08:01;0;0
06-19-2010 08:02;0;0
06-19-2010 08:03;0;0
06-19-2010 08:04;0;0
06-19-2010 08:05;0;0
06-19-2010 08:06;0;0
06-19-2010 08:07;0;0
06-19-2010 08:08;0;0
06-19-2010 08:09;0;0
06-19-2010 08:10;0;0
06-19-2010 08:11;0;0
06-19-2010 08:12;0;0
06-19-2010 08:13;0;0
06-19-2010 08:14;0;0
06-19-2010 08:15;0;0
06-19-2010 08:16;0;0
06-19-2010 08:17;0;0
06-19-2010 08:18;0;0
06-19-2010 08:19;0;0
06-19-2010 08:20;0;0
06-19-2010 08:21;0;0
06-19-2010 08:22;0;0
06-19-2010 08:23;0;0
06-19-2010 08:24;0;0
06-19-2010 08:25;0;0
06-19-2010 08:26;0;0
06-19-2010 08:27;0;0
06-19-2010 08:28;0;0
06-19-2010 08:29;0;0
06-19-2010 08:30;0;0
06-19-2010 08:31;0;0
06-19-2010 08:32;0;0
06-19-2010 08:33;0;0
06-19-2010 08:34;0;0
06-19-2010 08:35;0;0
06-19-2010 08:36;0;0
06-19-2010 08:37;0;0
06-19-2010 08:38;0;0
06-19-2010 08:39;0;0
06-19-2010 08:40;0;0
06-19-2010 08:41;0;0
06-19-2010 08:42;0;0
06-19-2010 08:43;0;0
06-19-2010 08:44;0;0
06-19-2010 08:45;0;0
06-19-2010 08:46;0;0
06-19-2010 08:47;0;0
06-19-2010 08:48;0;0
06-19-2010 08:49;0;0
06-19-2010 08:50;0;0
06-19-2010 08:51;0;0
06-19-2010 08:52;0;0
06-19-2010 08:53;0;0
06-19-2010 08:54;0;0
06-19-2010 08:55;0;0
06-19-2010 08:56;0;0
06-19-2010 08:57;0;0
06-19-2010 08:58;0;0
06-19-2010 08:59;0;0
06-19-2010 09:00;0;0
06-19-2010 09:01;0;0
06-19-2010 09:02;0;0
06-19-2010 09:03;0;0
06-19-2010 09:04;0;0
06-19-2010 09:05;0;0
06-19-2010 09:06;0;0
06-19-2010 09:07;0;0
06-19-2010 09:08;0;0
06-19-2010 09:09;0;0
06-19-2010 09:10;0;0
06-19-2010 09:11;0;0
06-19-2010 09:12;0;0
06-19-2010 09:13;0;0
06-19-2010 09:14;0;0
06-19-2010 09:15;0;0
06-19-2010 09:16;0;0
06-19-2010 09:17;0;0
06-19-2010 09:18;0;0
06-19-2010 09:19;0;0
06-19-2010 09:20;0;0
06-19-2010 09:21;0;0
06-19-2010 09:22;0;0
06-19-2010 09:23;0;0
06-19-2010 09:24;0;0
06-19-2010 09:25;0;0
06-19-2010 09:26;0;0
06-19-2010 09:27;0;0
06-19-2010 09:28;0;0
06-19-2010 09:29;0;0
06-19-2010 09:30;0;0
06-19-2010 09:31;0;0
06-19-2010 09:32;0;0
06-19-2010 09:33;0;0
06-19-2010 09:34;0;0
06-19-2010 09:35;0;0
06-19-2010 09:36;0;0
06-19-2010 09:37;0;0
06-19-2010 09:38;0;0
06-19-2010 09:39;0;0
06-19-2010 09:40;0;0
06-19-2010 09:41;0;0
06-19-2010 09:42;0;0
06-19-2010 09:43;0;0
06-19-2010 09:44;0;0
06-19-2010 09:45;0;0
06-19-2010 09:46;0;0
06-19-2010 09:47;0;0
06-19-2010 09:48;0;0
06-19-2010 09:49;0;0
06-19-2010 09:50;0;0
06-19-2010 09:51;0;0
06-19-2010 09:52;0;0
06-19-2010 09:53;0;0
06-19-2010 09:54;0;0
06-19-2010 09:55;0;0
06-19-2010 09:56;0;0
06-19-2010 09:57;0;0
06-19-2010 09:58;0;0
06-19-2010 09:59;0;0
06-19-2010 10:00;0;0
06-19-2010 10:01;0;0
06-19-2010 10:02;0;0
06-19-2010 10:03;0;0
06-19-2010 10:04;0;0
06-19-2010 10:05;0;0
06-19-2010 10:06;0;0
06-19-2010 10:07;0;0
06-19-2010 10:08;0;0
06-19-2010 10:09;0;0
06-19-2010 10:10;0;0
06-19-2010 10:11;0;0
06-19-2010 10:12;0;0
06-19-2010 10:13;0;0
06-19-2010 10:14;0;0
06-19-2010 10:15;0;0
06-19-2010 10:16;0;0
06-19-2010 10:17;0;0
06-19-2010 10:18;0;0
06-19-2010 10:19;0;0
06-19-2010 10:20;0;0
06-19-2010 10:21;0;0
06-19-2010 10:22;0;0
06-19-2010 10:23;0;0
06-19-2010 10:24;0;0
06-19-2010 10:25;0;0
06-19-2010 10:26;0;0
06-19-2010 10:27;0;0
06-19-2010 10:28;0;0
06-19-2010 10:29;0;0
06-19-2010 10:30;0;0
06-19-2010 10:31;0;0
06-19-2010 10:32;0;0
06-19-2010 10:33;0;0
06-19-2010 10:34;0;0
06-19-2010 10:35;0;0
06-19-2010 10:36;0;0
06-19-2010 10:37;0;0
06-19-2010 10:38;0;0
06-19-2010 10:39;0;0
06-19-2010 10:40;0;0
06-19-2010 10:41;0;0
06-19-2010 10:42;0;0
06-19-2010 10:43;0;0
06-19-2010 10:44;0;0
06-19-2010 10:45;0;0
06-19-2010 10:46;0;0
06-19-2010 10:47;0;0
06-19-2010 10:48;0;0
06-19-2010 10:49;0;0
06-19-2010 10:50;0;0
06-19-2010 10:51;0;0
06-19-2010 10:52;0;0
06-19-2010 10:53;0;0
06-19-2010 10:54;0;0
06-19-2010 10:55;0;0
06-19-2010 10:56;0;0
06-19-2010 10:57;0;0
06-19-2010 10:58;0;0
06-19-2010 10:59;0;0
06-19-2010 11:00;0;0
06-19-2010 11:01;0;0
06-19-2010 11:02;0;0
06-19-2010 11:03;0;0
06-19-2010 11:04;0;0
06-19-2010 11:05;0;0
06-19-2010 11:06;0;0
06-19-2010 11:07;0;0
06-19-2010 11:08;0;0
06-19-2010 11:09;0;0
06-19-2010 11:10;0;0
06-19-2010 11:11;0;0
06-19-2010 11:12;0;0
06-19-2010 11:13;0;0
06-19-2010 11:14;0;0
06-19-2010 11:15;0;0
06-19-2010 11:16;0;0
06-19-2010 11:17;0;0
06-19-2010 11:18;0;0
06-19-2010 11:19;0;0
06-19-2010 11:20;0;0
06-19-2010 11:21;0;0
06-19-2010 11:22;0;0
06-19-2010 11:23;0;0
06-19-2010 11:24;0;0
06-19-2010 11:25;0;0
06-19-2010 11:26;0;0
06-19-2010 11:27;0;0
06-19-2010 11:28;0;0
06-19-2010 11:29;0;0
06-19-2010 11:30;0;0
06-19-2010 11:31;0;0
06-19-2010 11:32;0;0
06-19-2010 11:33;0;0
06-19-2010 11:34;0;0
06-19-2010 11:35;0;0
06-19-2010 11:36;0;0
06-19-2010 11:37;0;0
06-19-2010 11:38;0;0
06-19-2010 11:39;0;0
06-19-2010 11:40;0;0
06-19-2010 11:41;0;0
06-19-2010 11:42;0;0
06-19-2010 11:43;0;0
06-19-2010 11:44;0;0
06-19-2010 11:45;0;0
06-19-2010 11:46;0;0
06-19-2010 11:47;0;0
06-19-2010 11:48;0;0
06-19-2010 11:49;0;0
06-19-2010 11:50;0;0
06-19-2010 11:51;0;0
06-19-2010 11:52;0;0
06-19-2010 11:53;0;0
06-19-2010 11:54;0;0
06-19-2010 11:55;0;0
06-19-2010 11:56;0;0
06-19-2010 11:57;0;0
06-19-2010 11:58;0;0
06-19-2010 11:59;0;0
06-19-2010 12:00;0;0
06-19-2010 12:01;0;0
06-19-2010 12:02;0;0
06-19-2010 12:03;0;0
06-19-2010 12:04;0;0
06-19-2010 12:05;0;0
06-19-2010 12:06;0;0
06-19-2010 12:07;0;0
06-19-2010 12:08;0;0
06-19-2010 12:09;0;0
06-19-2010 12:10;0;0
06-19-2010 12:11;0;0
06-19-2010 12:12;0;0
06-19-2010 12:13;0;0
06-19-2010 12:14;0;0
06-19-2010 12:15;0;0
06-19-2010 12:16;0;0
06-19-2010 12:17;0;0
06-19-2010 12:18;0;0
06-19-2010 12:19;0;0
06-19-2010 12:20;0;0
06-19-2010 12:21;0;0
06-19-2010 12:22;0;0
06-19-2010 12:23;0;0
06-19-2010 12:24;0;0
06-19-2010 12:25;0;0
06-19-2010 12:26;0;0
06-19-2010 12:27;0;0
06-19-2010 12:28;0;0
06-19-2010 12:29;0;0
06-19-2010 12:30;0;0
06-19-2010 12:31;0;0
06-19-2010 12:32;0;0
06-19-2010 12:33;0;0
06-19-2010 12:34;0;0
06-19-2010 12:35;0;0
06-19-2010 12:36;0;0
06-19-2010 12:37;0;0
06-19-2010 12:38;0;0
06-19-2010 12:39;0;0
06-19-2010 12:40;0;0
06-19-2010 12:41;0;0
06-19-2010 12:42;0;0
06-19-2010 12:43;0;0
06-19-2010 12:44;0;0
06-19-2010 12:45;0;0
06-19-2010 12:46;0;0
06-19-2010 12:47;0;0
06-19-2010 12:48;0;0
06-19-2010 12:49;0;0
06-19-2010 12:50;0;0
06-19-2010 12:51;0;0
06-19-2010 12:52;0;0
06-19-2010 12:53;0;0
06-19-2010 12:54;0;0
06-19-2010 12:55;0;0
06-19-2010 12:56;0;0
06-19-2010 12:57;0;0
06-19-2010 12:58;0;0
06-19-2010 12:59;0;0
06-19-2010 13:00;0;0
06-19-2010 13:01;0;0
06-19-2010 13:02;0;0
06-19-2010 13:03;0;0
06-19-2010 13:04;0;0
06-19-2010 13:05;0;0
06-19-2010 13:06;0;0
06-19-2010 13:07;0;0
06-19-2010 13:08;0;0
06-19-2010 13:09;0;0
06-19-2010 13:10;0;0
06-19-2010 13:11;0;0
06-19-2010 13:12;0;0
06-19-2010 13:13;0;0
06-19-2010 13:14;0;0
06-19-2010 13:15;0;0
06-19-2010 13:16;0;0
06-19-2010 13:17;0;0
06-19-2010 13:18;0;0
06-19-2010 13:19;0;0
06-19-2010 13:20;0;0
06-19-2010 13:21;0;0
06-19-2010 13:22;0;0
06-19-2010 13:23;0;0
06-19-2010 13:24;0;0
06-19-2010 13:25;0;0
06-19-2010 13:26;0;0
06-19-2010 13:27;0;0
06-19-2010 13:28;0;0
06-19-2010 13:29;0;0
06-19-2010 13:30;0;0
06-19-2010 13:31;0;0
06-19-2010 13:32;0;0
06-19-2010 13:33;0;0
06-19-2010 13:34;0;0
06-19-2010 13:35;0;0
06-19-2010 13:36;0;0
06-19-2010 13:37;0;0
06-19-2010 13:38;0;0
06-19-2010 13:39;0;0
06-19-2010 13:40;0;0
06-19-2010 13:41;0;0
06-19-2010 13:42;0;0
06-19-2010 13:43;0;0
06-19-2010 13:44;0;0
06-19-2010 13:45;0;0
06-19-2010 13:46;0;0
06-19-2010 13:47;0;0
06-19-2010 13:48;0;0
06-19-2010 13:49;0;0
06-19-2010 13:50;0;0
06-19-2010 13:51;0;0
06-19-2010 13:52;0;0
06-19-2010 13:53;0;0
06-19-2010 13:54;0;0
06-19-2010 13:55;0;0
06-19-2010 13:56;0;0
06-19-2010 13:57;0;0
06-19-2010 13:58;0;0
06-19-2010 13:59;0;0
06-19-2010 14:00;0;0
06-19-2010 14:01;0;0
06-19-2010 14:02;0;0
06-19-2010 14:03;0;0
06-19-2010 14:04;0;0
06-19-2010 14:05;0;0
06-19-2010 14:06;0;0
06-19-2010 14:07;0;0
06-19-2010 14:08;0;0
06-19-2010 14:09;0;0
06-19-2010 14:10;0;0
06-19-2010 14:11;0;0
06-19-2010 14:12;0;0
06-19-2010 14:13;0;0
06-19-2010 14:14;0;0
06-19-2010 14:15;0;0
06-19-2010 14:16;0;0
06-19-2010 14:17;0;0
06-19-2010 14:18;0;0
06-19-2010 14:19;0;0
06-19-2010 14:20;0;0
06-19-2010 14:21;0;0
06-19-2010 14:22;0;0
06-19-2010 14:23;0;0
06-19-2010 14:24;0;0
06-19-2010 14:25;0;0
06-19-2010 14:26;0;0
06-19-2010 14:27;0;0
06-19-2010 14:28;0;0
06-19-2010 14:29;0;0
06-19-2010 14:30;0;0
06-19-2010 14:31;0;0
06-19-2010 14:32;0;0
06-19-2010 14:33;0;0
06-19-2010 14:34;0;0
06-19-2010 14:35;0;0
06-19-2010 14:36;0;0
06-19-2010 14:37;0;0
06-19-2010 14:38;0;0
06-19-2010 14:39;0;0
06-19-2010 14:40;0;0
06-19-2010 14:41;0;0
06-19-2010 14:42;0;0
06-19-2010 14:43;0;0
06-19-2010 14:44;0;0
06-19-2010 14:45;0;0
06-19-2010 14:46;0;0
06-19-2010 14:47;0;0
06-19-2010 14:48;0;0
06-19-2010 14:49;0;0
06-19-2010 14:50;0;0
06-19-2010 14:51;0;0
06-19-2010 14:52;0;0
06-19-2010 14:53;0;0
06-19-2010 14:54;0;0
06-19-2010 14:55;0;0
06-19-2010 14:56;0;0
06-19-2010 14:57;0;0
06-19-2010 14:58;0;0
06-19-2010 14:59;0;0
06-19-2010 15:00;0;0
06-19-2010 15:01;0;0
06-19-2010 15:02;0;0
06-19-2010 15:03;0;0
06-19-2010 15:04;0;0
06-19-2010 15:05;0;0
06-19-2010 15:06;0;0
06-19-2010 15:07;0;0
06-19-2010 15:08;0;0
06-19-2010 15:09;0;0
06-19-2010 15:10;0;0
06-19-2010 15:11;0;0
06-19-2010 15:12;0;0
06-19-2010 15:13;0;0
06-19-2010 15:14;0;0
06-19-2010 15:15;0;0
06-19-2010 15:16;0;0
06-19-2010 15:17;0;0
06-19-2010 15:18;0;0
06-19-2010 15:19;0;0
06-19-2010 15:20;0;0
06-19-2010 15:21;0;0
06-19-2010 15:22;0;0
06-19-2010 15:23;0;0
06-19-2010 15:24;0;0
06-19-2010 15:25;0;0
06-19-2010 15:26;0;0
06-19-2010 15:27;0;0
06-19-2010 15:28;0;0
06-19-2010 15:29;0;0
06-19-2010 15:30;0;0
06-19-2010 15:31;0;0
06-19-2010 15:32;0;0
06-19-2010 15:33;0;0
06-19-2010 15:34;0;0
06-19-2010 15:35;0;0
06-19-2010 15:36;0;0
06-19-2010 15:37;0;0
06-19-2010 15:38;0;0
06-19-2010 15:39;0;0
06-19-2010 15:40;0;0
06-19-2010 15:41;0;0
06-19-2010 15:42;0;0
06-19-2010 15:43;0;0
06-19-2010 15:44;0;0
06-19-2010 15:45;0;0
06-19-2010 15:46;0;0
06-19-2010 15:47;0;0
06-19-2010 15:48;0;0
06-19-2010 15:49;0;0
06-19-2010 15:50;0;0
06-19-2010 15:51;0;0
06-19-2010 15:52;0;0
06-19-2010 15:53;0;0
06-19-2010 15:54;0;0
06-19-2010 15:55;0;0
06-19-2010 15:56;0;0
06-19-2010 15:57;0;0
06-19-2010 15:58;0;0
06-19-2010 15:59;0;0
06-19-2010 16:00;0;0
06-19-2010 16:01;0;0
06-19-2010 16:02;0;0
06-19-2010 16:03;0;0
06-19-2010 16:04;0;0
06-19-2010 16:05;0;0
06-19-2010 16:06;0;0
06-19-2010 16:07;0;0
06-19-2010 16:08;0;0
06-19-2010 16:09;0;0
06-19-2010 16:10;0;0
06-19-2010 16:11;0;0
06-19-2010 16:12;0;0
06-19-2010 16:13;0;0
06-19-2010 16:14;0;0
06-19-2010 16:15;0;0
06-19-2010 16:16;0;0
06-19-2010 16:17;0;0
06-19-2010 16:18;0;0
06-19-2010 16:19;0;0
06-19-2010 16:20;0;0
06-19-2010 16:21;0;0
06-19-2010 16:22;0;0
06-19-2010 16:23;0;0
06-19-2010 16:24;0;0
06-19-2010 16:25;0;0
06-19-2010 16:26;0;0
06-19-2010 16:27;0;0
06-19-2010 16:28;0;0
06-19-2010 16:29;0;0
06-19-2010 16:30;0;0
06-19-2010 16:31;0;0
06-19-2010 16:32;0;0
06-19-2010 16:33;0;0
06-19-2010 16:34;0;0
06-19-2010 16:35;0;0
06-19-2010 16:36;0;0
06-19-2010 16:37;0;0
06-19-2010 16:38;0;0
06-19-2010 16:39;0;0
06-19-2010 16:40;0;0
06-19-2010 16:41;0;0
06-19-2010 16:42;0;0
06-19-2010 16:43;0;0
06-19-2010 16:44;0;0
06-19-2010 16:45;0;0
06-19-2010 16:46;0;0
06-19-2010 16:47;0;0
06-19-2010 16:48;0;0
06-19-2010 16:49;0;0
06-19-2010 16:50;0;0
06-19-2010 16:51;1291;1
06-19-2010 16:52;438;0
06-19-2010 16:53;259;0
06-19-2010 16:54;943;1
06-19-2010 16:55;885;1
06-19-2010 16:56;973;1
06-19-2010 16:57;973;1
06-19-2010 16:58;1375;1
06-19-2010 16:59;2569;1
06-19-2010 17:00;1139;1
06-19-2010 17:01;1823;1
06-19-2010 17:02;2066;1
06-19-2010 17:03;1560;1
06-19-2010 17:04;943;1
06-19-2010 17:05;1375;1
06-19-2010 17:06;1104;1
06-19-2010 17:07;1213;1
06-19-2010 17:08;1176;1
06-19-2010 17:09;0;0
06-19-2010 17:10;0;0
06-19-2010 17:11;0;0
06-19-2010 17:12;0;0
06-19-2010 17:13;0;0
06-19-2010 17:14;0;0
06-19-2010 17:15;0;0
06-19-2010 17:16;0;0
06-19-2010 17:17;0;0
06-19-2010 17:18;0;0
06-19-2010 17:19;0;0
06-19-2010 17:20;0;0
06-19-2010 17:21;0;0
06-19-2010 17:22;0;0
06-19-2010 17:23;0;0
06-19-2010 17:24;0;0
06-19-2010 17:25;0;0
06-19-2010 17:26;0;0
06-19-2010 17:27;0;0
06-19-2010 17:28;0;0
06-19-2010 17:29;0;0
06-19-2010 17:30;0;0
06-19-2010 17:31;0;0
06-19-2010 17:32;0;0
06-19-2010 17:33;0;0
06-19-2010 17:34;0;0
06-19-2010 17:35;0;0
06-19-2010 17:36;0;0
06-19-2010 17:37;0;0
06-19-2010 17:38;0;0
06-19-2010 17:39;0;0
06-19-2010 17:40;0;0
06-19-2010 17:41;0;0
06-19-2010 17:42;0;0
06-19-2010 17:43;0;0
06-19-2010 17:44;0;0
06-19-2010 17:45;2132;1
06-19-2010 17:46;1252;1
06-19-2010 17:47;643;0
06-19-2010 17:48;1070;1
06-19-2010 17:49;1037;1
06-19-2010 17:50;643;0
06-19-2010 17:51;1419;1
06-19-2010 17:52;1768;1
06-19-2010 17:53;1291;1
06-19-2010 17:54;805;1
06-19-2010 17:55;1610;1
06-19-2010 17:56;1512;1
06-19-2010 17:57;1560;1
06-19-2010 17:58;1037;1
06-19-2010 17:59;943;1
06-19-2010 18:00;755;1
06-19-2010 18:01;858;1
06-19-2010 18:02;397;0
06-19-2010 18:03;259;0
06-19-2010 18:04;316;0
06-19-2010 18:05;276;0
06-19-2010 18:06;276;0
06-19-2010 18:07;191;0
06-19-2010 18:08;28;0
06-19-2010 18:09;27;0
06-19-2010 18:10;112;0
06-19-2010 18:11;44;0
06-19-2010 18:12;172;0
06-19-2010 18:13;161;0
06-19-2010 18:14;643;0
06-19-2010 18:15;566;0
06-19-2010 18:16;183;0
06-19-2010 18:17;60;0
06-19-2010 18:18;117;0
06-19-2010 18:19;397;0
06-19-2010 18:20;242;0
06-19-2010 18:21;242;0
06-19-2010 18:22;37;0
06-19-2010 18:23;40;0
06-19-2010 18:24;34;0
06-19-2010 18:25;17;0
06-19-2010 18:26;9;0
06-19-2010 18:27;233;0
06-19-2010 18:28;33;0
06-19-2010 18:29;21;0
06-19-2010 18:30;205;0
06-19-2010 18:31;82;0
06-19-2010 18:32;51;0
06-19-2010 18:33;63;0
06-19-2010 18:34;178;0
06-19-2010 18:35;198;0
06-19-2010 18:36;858;1
06-19-2010 18:37;60;0
06-19-2010 18:38;68;0
06-19-2010 18:39;337;0
06-19-2010 18:40;144;0
06-19-2010 18:41;138;0
06-19-2010 18:42;178;0
06-19-2010 18:43;95;0
06-19-2010 18:44;104;0
06-19-2010 18:45;530;0
06-19-2010 18:46;438;0
06-19-2010 18:47;38;0
06-19-2010 18:48;259;0
06-19-2010 18:49;38;0
06-19-2010 18:50;219;0
06-19-2010 18:51;296;0
06-19-2010 18:52;161;0
06-19-2010 18:53;161;0
06-19-2010 18:54;326;0
06-19-2010 18:55;360;0
06-19-2010 18:56;129;0
06-19-2010 18:57;219;0
06-19-2010 18:58;149;0
06-19-2010 18:59;259;0
06-19-2010 19:00;233;0
06-19-2010 19:01;138;0
06-19-2010 19:02;755;1
06-19-2010 19:03;371;0
06-19-2010 19:04;161;0
06-19-2010 19:05;24;0
06-19-2010 19:06;138;0
06-19-2010 19:07;4;0
06-19-2010 19:08;250;0
06-19-2010 19:09;498;0
06-19-2010 19:10;643;0
06-19-2010 19:11;1714;1
06-19-2010 19:12;1882;1
06-19-2010 19:13;1333;1
06-19-2010 19:14;623;0
06-19-2010 19:15;397;0
06-19-2010 19:16;54;0
06-19-2010 19:17;20;0
06-19-2010 19:18;36;0
06-19-2010 19:19;37;0
06-19-2010 19:20;11;0
06-19-2010 19:21;27;0
06-19-2010 19:22;166;0
06-19-2010 19:23;112;0
06-19-2010 19:24;46;0
06-19-2010 19:25;80;0
06-19-2010 19:26;108;0
06-19-2010 19:27;121;0
06-19-2010 19:28;129;0
06-19-2010 19:29;161;0
06-19-2010 19:30;144;0
06-19-2010 19:31;250;0
06-19-2010 19:32;149;0
06-19-2010 19:33;384;0
06-19-2010 19:34;316;0
06-19-2010 19:35;466;0
06-19-2010 19:36;166;0
06-19-2010 19:37;117;0
06-19-2010 19:38;14;0
06-19-2010 19:39;54;0
06-19-2010 19:40;166;0
06-19-2010 19:41;226;0
06-19-2010 19:42;121;0
06-19-2010 19:43;134;0
06-19-2010 19:44;144;0
06-19-2010 19:45;212;0
06-19-2010 19:46;121;0
06-19-2010 19:47;686;1
06-19-2010 19:48;1610;1
06-19-2010 19:49;1375;1
06-19-2010 19:50;1213;1
06-19-2010 19:51;1291;1
06-19-2010 19:52;1104;1
06-19-2010 19:53;643;0
06-19-2010 19:54;452;0
06-19-2010 19:55;371;0
06-19-2010 19:56;2490;1
06-19-2010 19:57;1104;1
06-19-2010 19:58;943;1
06-19-2010 19:59;384;0
06-19-2010 20:00;219;0
06-19-2010 20:01;48;0
06-19-2010 20:02;46;0
06-19-2010 20:03;100;0
06-19-2010 20:04;219;0
06-19-2010 20:05;149;0
06-19-2010 20:06;643;0
06-19-2010 20:07;513;0
06-19-2010 20:08;1333;1
06-19-2010 20:09;1252;1
06-19-2010 20:10;1465;1
06-19-2010 20:11;1070;1
06-19-2010 20:12;913;1
06-19-2010 20:13;286;0
06-19-2010 20:14;267;0
06-19-2010 20:15;155;0
06-19-2010 20:16;337;0
06-19-2010 20:17;24;0
06-19-2010 20:18;100;0
06-19-2010 20:19;172;0
06-19-2010 20:20;3;0
06-19-2010 20:21;0;0
06-19-2010 20:22;0;0
06-19-2010 20:23;17;0
06-19-2010 20:24;0;0
06-19-2010 20:25;0;0
06-19-2010 20:26;46;0
06-19-2010 20:27;63;0
06-19-2010 20:28;38;0
06-19-2010 20:29;0;0
06-19-2010 20:30;3;0
06-19-2010 20:31;24;0
06-19-2010 20:32;7;0
06-19-2010 20:33;0;0
06-19-2010 20:34;0;0
06-19-2010 20:35;28;0
06-19-2010 20:36;286;0
06-19-2010 20:37;6;0
06-19-2010 20:38;7;0
06-19-2010 20:39;85;0
06-19-2010 20:40;17;0
06-19-2010 20:41;34;0
06-19-2010 20:42;3;0
06-19-2010 20:43;9;0
06-19-2010 20:44;7;0
06-19-2010 20:45;33;0
06-19-2010 20:46;7;0
06-19-2010 20:47;11;0
06-19-2010 20:48;3;0
06-19-2010 20:49;108;0
06-19-2010 20:50;27;0
06-19-2010 20:51;71;0
06-19-2010 20:52;108;0
06-19-2010 20:53;121;0
06-19-2010 20:54;161;0
06-19-2010 20:55;250;0
06-19-2010 20:56;46;0
06-19-2010 20:57;31;0
06-19-2010 20:58;63;0
06-19-2010 20:59;27;0
06-19-2010 21:00;37;0
06-19-2010 21:01;3;0
06-19-2010 21:02;54;0
06-19-2010 21:03;74;0
06-19-2010 21:04;125;0
06-19-2010 21:05;41;0
06-19-2010 21:06;23;0
06-19-2010 21:07;198;0
06-19-2010 21:08;13;0
06-19-2010 21:09;129;0
06-19-2010 21:10;0;0
06-19-2010 21:11;26;0
06-19-2010 21:12;3;0
06-19-2010 21:13;24;0
06-19-2010 21:14;60;0
06-19-2010 21:15;3;0
06-19-2010 21:16;100;0
06-19-2010 21:17;129;0
06-19-2010 21:18;117;0
06-19-2010 21:19;20;0
06-19-2010 21:20;16;0
06-19-2010 21:21;0;0
06-19-2010 21:22;10;0
06-19-2010 21:23;16;0
06-19-2010 21:24;0;0
06-19-2010 21:25;3;0
06-19-2010 21:26;0;0
06-19-2010 21:27;3;0
06-19-2010 21:28;0;0
06-19-2010 21:29;0;0
06-19-2010 21:30;0;0
06-19-2010 21:31;0;0
06-19-2010 21:32;0;0
06-19-2010 21:33;0;0
06-19-2010 21:34;0;0
06-19-2010 21:35;0;0
06-19-2010 21:36;0;0
06-19-2010 21:37;0;0
06-19-2010 21:38;0;0
06-19-2010 21:39;0;0
06-19-2010 21:40;0;0
06-19-2010 21:41;74;0
06-19-2010 21:42;117;0
06-19-2010 21:43;104;0
06-19-2010 21:44;0;0
06-19-2010 21:45;112;0
06-19-2010 21:46;198;0
06-19-2010 21:47;233;0
06-19-2010 21:48;205;0
06-19-2010 21:49;28;0
06-19-2010 21:50;104;0
06-19-2010 21:51;144;0
06-19-2010 21:52;161;0
06-19-2010 21:53;100;0
06-19-2010 21:54;71;0
06-19-2010 21:55;129;0
06-19-2010 21:56;125;0
06-19-2010 21:57;134;0
06-19-2010 21:58;21;0
06-19-2010 21:59;191;0
06-19-2010 22:00;144;0
06-19-2010 22:01;88;0
06-19-2010 22:02;91;0
06-19-2010 22:03;643;0
06-19-2010 22:04;664;0
06-19-2010 22:05;1070;1
06-19-2010 22:06;1176;1
06-19-2010 22:07;603;0
06-19-2010 22:08;885;1
06-19-2010 22:09;438;0
06-19-2010 22:10;755;1
06-19-2010 22:11;1512;1
06-19-2010 22:12;643;0
06-19-2010 22:13;1768;1
06-19-2010 22:14;943;1
06-19-2010 22:15;805;1
06-19-2010 22:16;466;0
06-19-2010 22:17;1139;1
06-19-2010 22:18;858;1
06-19-2010 22:19;805;1
06-19-2010 22:20;125;0
06-19-2010 22:21;219;0
06-19-2010 22:22;68;0
06-19-2010 22:23;65;0
06-19-2010 22:24;36;0
06-19-2010 22:25;144;0
06-19-2010 22:26;108;0
06-19-2010 22:27;46;0
06-19-2010 22:28;161;0
06-19-2010 22:29;54;0
06-19-2010 22:30;100;0
06-19-2010 22:31;144;0
06-19-2010 22:32;54;0
06-19-2010 22:33;40;0
06-19-2010 22:34;664;0
06-19-2010 22:35;973;1
06-19-2010 22:36;212;0
06-19-2010 22:37;104;0
06-19-2010 22:38;226;0
06-19-2010 22:39;360;0
06-19-2010 22:40;7;0
06-19-2010 22:41;88;0
06-19-2010 22:42;326;0
06-19-2010 22:43;233;0
06-19-2010 22:44;286;0
06-19-2010 22:45;276;0
06-19-2010 22:46;360;0
06-19-2010 22:47;286;0
06-19-2010 22:48;397;0
06-19-2010 22:49;276;0
06-19-2010 22:50;18;0
06-19-2010 22:51;805;1
06-19-2010 22:52;779;1
06-19-2010 22:53;178;0
06-19-2010 22:54;384;0
06-19-2010 22:55;708;1
06-19-2010 22:56;643;0
06-19-2010 22:57;410;0
06-19-2010 22:58;0;0
06-19-2010 22:59;0;0
06-19-2010 23:00;16;0
06-19-2010 23:01;33;0
06-19-2010 23:02;82;0
06-19-2010 23:03;438;0
06-19-2010 23:04;85;0
06-19-2010 23:05;779;1
06-19-2010 23:06;259;0
06-19-2010 23:07;155;0
06-19-2010 23:08;95;0
06-19-2010 23:09;23;0
06-19-2010 23:10;0;0
06-19-2010 23:11;161;0
06-19-2010 23:12;183;0
06-19-2010 23:13;68;0
06-19-2010 23:14;121;0
06-19-2010 23:15;0;0
06-19-2010 23:16;0;0
06-19-2010 23:17;306;0
06-19-2010 23:18;603;0
06-19-2010 23:19;166;0
06-19-2010 23:20;40;0
06-19-2010 23:21;31;0
06-19-2010 23:22;161;0
06-19-2010 23:23;1004;1
06-19-2010 23:24;664;0
06-19-2010 23:25;438;0
06-19-2010 23:26;219;0
06-19-2010 23:27;566;0
06-19-2010 23:28;603;0
06-19-2010 23:29;348;0
06-19-2010 23:30;85;0
06-19-2010 23:31;129;0
06-19-2010 23:32;286;0
06-19-2010 23:33;397;0
06-19-2010 23:34;664;0
06-19-2010 23:35;286;0
06-19-2010 23:36;48;0
06-19-2010 23:37;664;0
06-19-2010 23:38;548;0
06-19-2010 23:39;566;0
06-19-2010 23:40;466;0
06-19-2010 23:41;242;0
06-19-2010 23:42;259;0
06-19-2010 23:43;276;0
06-19-2010 23:44;172;0
06-19-2010 23:45;566;0
06-19-2010 23:46;530;0
06-19-2010 23:47;708;1
06-19-2010 23:48;138;0
06-19-2010 23:49;0;0
06-19-2010 23:50;779;1
06-19-2010 23:51;100;0
06-19-2010 23:52;88;0
06-19-2010 23:53;198;0
06-19-2010 23:54;183;0
06-19-2010 23:55;51;0
06-19-2010 23:56;77;0
06-19-2010 23:57;530;0
06-19-2010 23:58;360;0
06-19-2010 23:59;134;0
06-20-2010 00:00;250;0
06-20-2010 00:01;296;0
06-20-2010 00:02;219;0
06-20-2010 00:03;205;0
06-20-2010 00:04;129;0
06-20-2010 00:05;65;0
06-20-2010 00:06;4;0
06-20-2010 00:07;0;0
06-20-2010 00:08;0;0
06-20-2010 00:09;30;0
06-20-2010 00:10;0;0
06-20-2010 00:11;46;0
06-20-2010 00:12;161;0
06-20-2010 00:13;452;0
06-20-2010 00:14;0;0
06-20-2010 00:15;0;0
06-20-2010 00:16;0;0
06-20-2010 00:17;0;0
06-20-2010 00:18;0;0
06-20-2010 00:19;0;0
06-20-2010 00:20;0;0
06-20-2010 00:21;0;0
06-20-2010 00:22;0;0
06-20-2010 00:23;0;0
06-20-2010 00:24;0;0
06-20-2010 00:25;0;0
06-20-2010 00:26;0;0
06-20-2010 00:27;0;0
06-20-2010 00:28;0;0
06-20-2010 00:29;0;0
06-20-2010 00:30;0;0
06-20-2010 00:31;0;0
06-20-2010 00:32;0;0
06-20-2010 00:33;0;0
06-20-2010 00:34;0;0
06-20-2010 00:35;0;0
06-20-2010 00:36;0;0
06-20-2010 00:37;0;0
06-20-2010 00:38;0;0
06-20-2010 00:39;0;0
06-20-2010 00:40;0;0
06-20-2010 00:41;0;0
06-20-2010 00:42;0;0
06-20-2010 00:43;0;0
06-20-2010 00:44;0;0
06-20-2010 00:45;0;0
06-20-2010 00:46;0;0
06-20-2010 00:47;0;0
06-20-2010 00:48;0;0
06-20-2010 00:49;0;0
06-20-2010 00:50;0;0
06-20-2010 00:51;0;0
06-20-2010 00:52;0;0
06-20-2010 00:53;0;0
06-20-2010 00:54;0;0
06-20-2010 00:55;0;0
06-20-2010 00:56;0;0
06-20-2010 00:57;0;0
06-20-2010 00:58;0;0
06-20-2010 00:59;0;0
06-20-2010 01:00;0;0
06-20-2010 01:01;0;0
06-20-2010 01:02;0;0
06-20-2010 01:03;0;0
06-20-2010 01:04;0;0
06-20-2010 01:05;0;0
06-20-2010 01:06;0;0
06-20-2010 01:07;0;0
06-20-2010 01:08;0;0
06-20-2010 01:09;0;0
06-20-2010 01:10;0;0
06-20-2010 01:11;0;0
06-20-2010 01:12;0;0
06-20-2010 01:13;0;0
06-20-2010 01:14;0;0
06-20-2010 01:15;0;0
06-20-2010 01:16;0;0
06-20-2010 01:17;0;0
06-20-2010 01:18;0;0
06-20-2010 01:19;0;0
06-20-2010 01:20;0;0
06-20-2010 01:21;0;0
06-20-2010 01:22;0;0
06-20-2010 01:23;0;0
06-20-2010 01:24;0;0
06-20-2010 01:25;0;0
06-20-2010 01:26;0;0
06-20-2010 01:27;0;0
06-20-2010 01:28;0;0
06-20-2010 01:29;0;0
06-20-2010 01:30;0;0
06-20-2010 01:31;0;0
06-20-2010 01:32;0;0
06-20-2010 01:33;0;0
06-20-2010 01:34;0;0
06-20-2010 01:35;0;0
06-20-2010 01:36;0;0
06-20-2010 01:37;0;0
06-20-2010 01:38;0;0
06-20-2010 01:39;0;0
06-20-2010 01:40;0;0
06-20-2010 01:41;0;0
06-20-2010 01:42;0;0
06-20-2010 01:43;0;0
06-20-2010 01:44;0;0
06-20-2010 01:45;0;0
06-20-2010 01:46;0;0
06-20-2010 01:47;0;0
06-20-2010 01:48;0;0
06-20-2010 01:49;0;0
06-20-2010 01:50;0;0
06-20-2010 01:51;0;0
06-20-2010 01:52;0;0
06-20-2010 01:53;0;0
06-20-2010 01:54;0;0
06-20-2010 01:55;0;0
06-20-2010 01:56;0;0
06-20-2010 01:57;0;0
06-20-2010 01:58;0;0
06-20-2010 01:59;0;0
06-20-2010 02:00;0;0
06-20-2010 02:01;0;0
06-20-2010 02:02;0;0
06-20-2010 02:03;0;0
06-20-2010 02:04;0;0
06-20-2010 02:05;0;0
06-20-2010 02:06;0;0
06-20-2010 02:07;0;0
06-20-2010 02:08;0;0
06-20-2010 02:09;0;0
06-20-2010 02:10;0;0
06-20-2010 02:11;0;0
06-20-2010 02:12;0;0
06-20-2010 02:13;0;0
06-20-2010 02:14;0;0
06-20-2010 02:15;0;0
06-20-2010 02:16;0;0
06-20-2010 02:17;0;0
06-20-2010 02:18;0;0
06-20-2010 02:19;0;0
06-20-2010 02:20;0;0
06-20-2010 02:21;0;0
06-20-2010 02:22;0;0
06-20-2010 02:23;0;0
06-20-2010 02:24;0;0
06-20-2010 02:25;0;0
06-20-2010 02:26;0;0
06-20-2010 02:27;0;0
06-20-2010 02:28;0;0
06-20-2010 02:29;0;0
06-20-2010 02:30;0;0
06-20-2010 02:31;0;0
06-20-2010 02:32;0;0
06-20-2010 02:33;0;0
06-20-2010 02:34;0;0
06-20-2010 02:35;0;0
06-20-2010 02:36;0;0
06-20-2010 02:37;0;0
06-20-2010 02:38;0;0
06-20-2010 02:39;0;0
06-20-2010 02:40;0;0
06-20-2010 02:41;0;0
06-20-2010 02:42;0;0
06-20-2010 02:43;0;0
06-20-2010 02:44;0;0
06-20-2010 02:45;0;0
06-20-2010 02:46;0;0
06-20-2010 02:47;0;0
06-20-2010 02:48;0;0
06-20-2010 02:49;0;0
06-20-2010 02:50;0;0
06-20-2010 02:51;0;0
06-20-2010 02:52;0;0
06-20-2010 02:53;0;0
06-20-2010 02:54;0;0
06-20-2010 02:55;0;0
06-20-2010 02:56;0;0
06-20-2010 02:57;0;0
06-20-2010 02:58;0;0
06-20-2010 02:59;0;0
06-20-2010 03:00;0;0
06-20-2010 03:01;0;0
06-20-2010 03:02;0;0
06-20-2010 03:03;0;0
06-20-2010 03:04;0;0
06-20-2010 03:05;0;0
06-20-2010 03:06;0;0
06-20-2010 03:07;0;0
06-20-2010 03:08;0;0
06-20-2010 03:09;0;0
06-20-2010 03:10;0;0
06-20-2010 03:11;0;0
06-20-2010 03:12;0;0
06-20-2010 03:13;0;0
06-20-2010 03:14;0;0
06-20-2010 03:15;0;0
06-20-2010 03:16;0;0
06-20-2010 03:17;0;0
06-20-2010 03:18;0;0
06-20-2010 03:19;0;0
06-20-2010 03:20;0;0
06-20-2010 03:21;0;0
06-20-2010 03:22;0;0
06-20-2010 03:23;0;0
06-20-2010 03:24;0;0
06-20-2010 03:25;0;0
06-20-2010 03:26;0;0
06-20-2010 03:27;0;0
06-20-2010 03:28;0;0
06-20-2010 03:29;0;0
06-20-2010 03:30;0;0
06-20-2010 03:31;0;0
06-20-2010 03:32;0;0
06-20-2010 03:33;0;0
06-20-2010 03:34;0;0
06-20-2010 03:35;0;0
06-20-2010 03:36;0;0
06-20-2010 03:37;0;0
06-20-2010 03:38;0;0
06-20-2010 03:39;0;0
06-20-2010 03:40;0;0
06-20-2010 03:41;0;0
06-20-2010 03:42;0;0
06-20-2010 03:43;0;0
06-20-2010 03:44;0;0
06-20-2010 03:45;0;0
06-20-2010 03:46;0;0
06-20-2010 03:47;0;0
06-20-2010 03:48;0;0
06-20-2010 03:49;0;0
06-20-2010 03:50;0;0
06-20-2010 03:51;0;0
06-20-2010 03:52;0;0
06-20-2010 03:53;0;0
06-20-2010 03:54;0;0
06-20-2010 03:55;0;0
06-20-2010 03:56;0;0
06-20-2010 03:57;0;0
06-20-2010 03:58;0;0
06-20-2010 03:59;0;0
06-20-2010 04:00;0;0
06-20-2010 04:01;0;0
06-20-2010 04:02;0;0
06-20-2010 04:03;0;0
06-20-2010 04:04;0;0
06-20-2010 04:05;0;0
06-20-2010 04:06;0;0
06-20-2010 04:07;0;0
06-20-2010 04:08;0;0
06-20-2010 04:09;0;0
06-20-2010 04:10;0;0
06-20-2010 04:11;0;0
06-20-2010 04:12;0;0
06-20-2010 04:13;0;0
06-20-2010 04:14;0;0
06-20-2010 04:15;0;0
06-20-2010 04:16;0;0
06-20-2010 04:17;0;0
06-20-2010 04:18;0;0
06-20-2010 04:19;0;0
06-20-2010 04:20;0;0
06-20-2010 04:21;0;0
06-20-2010 04:22;0;0
06-20-2010 04:23;0;0
06-20-2010 04:24;0;0
06-20-2010 04:25;0;0
06-20-2010 04:26;0;0
06-20-2010 04:27;0;0
06-20-2010 04:28;0;0
06-20-2010 04:29;0;0
06-20-2010 04:30;0;0
06-20-2010 04:31;0;0
06-20-2010 04:32;0;0
06-20-2010 04:33;0;0
06-20-2010 04:34;0;0
06-20-2010 04:35;0;0
06-20-2010 04:36;0;0
06-20-2010 04:37;0;0
06-20-2010 04:38;0;0
06-20-2010 04:39;0;0
06-20-2010 04:40;0;0
06-20-2010 04:41;0;0
06-20-2010 04:42;0;0
06-20-2010 04:43;0;0
06-20-2010 04:44;0;0
06-20-2010 04:45;0;0
06-20-2010 04:46;0;0
06-20-2010 04:47;0;0
06-20-2010 04:48;0;0
06-20-2010 04:49;0;0
06-20-2010 04:50;0;0
06-20-2010 04:51;0;0
06-20-2010 04:52;0;0
06-20-2010 04:53;0;0
06-20-2010 04:54;0;0
06-20-2010 04:55;0;0
06-20-2010 04:56;0;0
06-20-2010 04:57;0;0
06-20-2010 04:58;0;0
06-20-2010 04:59;0;0
06-20-2010 05:00;0;0
06-20-2010 05:01;0;0
06-20-2010 05:02;0;0
06-20-2010 05:03;0;0
06-20-2010 05:04;0;0
06-20-2010 05:05;0;0
06-20-2010 05:06;0;0
06-20-2010 05:07;0;0
06-20-2010 05:08;0;0
06-20-2010 05:09;0;0
06-20-2010 05:10;0;0
06-20-2010 05:11;0;0
06-20-2010 05:12;0;0
06-20-2010 05:13;0;0
06-20-2010 05:14;0;0
06-20-2010 05:15;0;0
06-20-2010 05:16;0;0
06-20-2010 05:17;0;0
06-20-2010 05:18;0;0
06-20-2010 05:19;0;0
06-20-2010 05:20;0;0
06-20-2010 05:21;0;0
06-20-2010 05:22;0;0
06-20-2010 05:23;0;0
06-20-2010 05:24;0;0
06-20-2010 05:25;0;0
06-20-2010 05:26;0;0
06-20-2010 05:27;0;0
06-20-2010 05:28;0;0
06-20-2010 05:29;0;0
06-20-2010 05:30;0;0
06-20-2010 05:31;0;0
06-20-2010 05:32;0;0
06-20-2010 05:33;0;0
06-20-2010 05:34;0;0
06-20-2010 05:35;0;0
06-20-2010 05:36;0;0
06-20-2010 05:37;0;0
06-20-2010 05:38;0;0
06-20-2010 05:39;0;0
06-20-2010 05:40;0;0
06-20-2010 05:41;0;0
06-20-2010 05:42;0;0
06-20-2010 05:43;0;0
06-20-2010 05:44;0;0
06-20-2010 05:45;0;0
06-20-2010 05:46;0;0
06-20-2010 05:47;0;0
06-20-2010 05:48;0;0
06-20-2010 05:49;0;0
06-20-2010 05:50;0;0
06-20-2010 05:51;0;0
06-20-2010 05:52;0;0
06-20-2010 05:53;0;0
06-20-2010 05:54;0;0
06-20-2010 05:55;0;0
06-20-2010 05:56;0;0
06-20-2010 05:57;0;0
06-20-2010 05:58;0;0
06-20-2010 05:59;0;0
06-20-2010 06:00;0;0
06-20-2010 06:01;0;0
06-20-2010 06:02;0;0
06-20-2010 06:03;0;0
06-20-2010 06:04;0;0
06-20-2010 06:05;0;0
06-20-2010 06:06;0;0
06-20-2010 06:07;0;0
06-20-2010 06:08;0;0
06-20-2010 06:09;0;0
06-20-2010 06:10;0;0
06-20-2010 06:11;0;0
06-20-2010 06:12;0;0
06-20-2010 06:13;0;0
06-20-2010 06:14;0;0
06-20-2010 06:15;0;0
06-20-2010 06:16;0;0
06-20-2010 06:17;0;0
06-20-2010 06:18;0;0
06-20-2010 06:19;0;0
06-20-2010 06:20;0;0
06-20-2010 06:21;0;0
06-20-2010 06:22;0;0
06-20-2010 06:23;0;0
06-20-2010 06:24;0;0
06-20-2010 06:25;0;0
06-20-2010 06:26;0;0
06-20-2010 06:27;0;0
06-20-2010 06:28;0;0
06-20-2010 06:29;0;0
06-20-2010 06:30;0;0
06-20-2010 06:31;0;0
06-20-2010 06:32;0;0
06-20-2010 06:33;0;0
06-20-2010 06:34;0;0
06-20-2010 06:35;0;0
06-20-2010 06:36;0;0
06-20-2010 06:37;0;0
06-20-2010 06:38;0;0
06-20-2010 06:39;0;0
06-20-2010 06:40;0;0
06-20-2010 06:41;0;0
06-20-2010 06:42;0;0
06-20-2010 06:43;0;0
06-20-2010 06:44;0;0
06-20-2010 06:45;0;0
06-20-2010 06:46;0;0
06-20-2010 06:47;0;0
06-20-2010 06:48;0;0
06-20-2010 06:49;0;0
06-20-2010 06:50;0;0
06-20-2010 06:51;0;0
06-20-2010 06:52;0;0
06-20-2010 06:53;0;0
06-20-2010 06:54;0;0
06-20-2010 06:55;0;0
06-20-2010 06:56;0;0
06-20-2010 06:57;0;0
06-20-2010 06:58;0;0
06-20-2010 06:59;0;0
06-20-2010 07:00;0;0
06-20-2010 07:01;0;0
06-20-2010 07:02;0;0
06-20-2010 07:03;0;0
06-20-2010 07:04;0;0
06-20-2010 07:05;0;0
06-20-2010 07:06;0;0
06-20-2010 07:07;0;0
06-20-2010 07:08;0;0
06-20-2010 07:09;0;0
06-20-2010 07:10;0;0
06-20-2010 07:11;0;0
06-20-2010 07:12;0;0
06-20-2010 07:13;0;0
06-20-2010 07:14;0;0
06-20-2010 07:15;0;0
06-20-2010 07:16;0;0
06-20-2010 07:17;0;0
06-20-2010 07:18;0;0
06-20-2010 07:19;0;0
06-20-2010 07:20;0;0
06-20-2010 07:21;0;0
06-20-2010 07:22;0;0
06-20-2010 07:23;0;0
06-20-2010 07:24;0;0
06-20-2010 07:25;0;0
06-20-2010 07:26;0;0
06-20-2010 07:27;0;0
06-20-2010 07:28;0;0
06-20-2010 07:29;0;0
06-20-2010 07:30;0;0
06-20-2010 07:31;0;0
06-20-2010 07:32;0;0
06-20-2010 07:33;0;0
06-20-2010 07:34;0;0
06-20-2010 07:35;0;0
06-20-2010 07:36;0;0
06-20-2010 07:37;0;0
06-20-2010 07:38;0;0
06-20-2010 07:39;0;0
06-20-2010 07:40;0;0
06-20-2010 07:41;0;0
06-20-2010 07:42;0;0
06-20-2010 07:43;0;0
06-20-2010 07:44;0;0
06-20-2010 07:45;0;0
06-20-2010 07:46;0;0
06-20-2010 07:47;0;0
06-20-2010 07:48;0;0
06-20-2010 07:49;0;0
06-20-2010 07:50;0;0
06-20-2010 07:51;0;0
06-20-2010 07:52;0;0
06-20-2010 07:53;0;0
06-20-2010 07:54;0;0
06-20-2010 07:55;0;0
06-20-2010 07:56;0;0
06-20-2010 07:57;0;0
06-20-2010 07:58;0;0
06-20-2010 07:59;0;0
06-20-2010 08:00;0;0
06-20-2010 08:01;0;0
06-20-2010 08:02;0;0
06-20-2010 08:03;0;0
06-20-2010 08:04;0;0
06-20-2010 08:05;0;0
06-20-2010 08:06;0;0
06-20-2010 08:07;0;0
06-20-2010 08:08;0;0
06-20-2010 08:09;0;0
06-20-2010 08:10;0;0
06-20-2010 08:11;0;0
06-20-2010 08:12;0;0
06-20-2010 08:13;0;0
06-20-2010 08:14;0;0
06-20-2010 08:15;0;0
06-20-2010 08:16;0;0
06-20-2010 08:17;0;0
06-20-2010 08:18;0;0
06-20-2010 08:19;0;0
06-20-2010 08:20;0;0
06-20-2010 08:21;0;0
06-20-2010 08:22;0;0
06-20-2010 08:23;0;0
06-20-2010 08:24;0;0
06-20-2010 08:25;0;0
06-20-2010 08:26;0;0
06-20-2010 08:27;0;0
06-20-2010 08:28;0;0
06-20-2010 08:29;0;0
06-20-2010 08:30;0;0
06-20-2010 08:31;0;0
06-20-2010 08:32;0;0
06-20-2010 08:33;0;0
06-20-2010 08:34;0;0
06-20-2010 08:35;0;0
06-20-2010 08:36;0;0
06-20-2010 08:37;0;0
06-20-2010 08:38;0;0
06-20-2010 08:39;0;0
06-20-2010 08:40;0;0
06-20-2010 08:41;0;0
06-20-2010 08:42;0;0
06-20-2010 08:43;0;0
06-20-2010 08:44;0;0
06-20-2010 08:45;0;0
06-20-2010 08:46;0;0
06-20-2010 08:47;0;0
06-20-2010 08:48;0;0
06-20-2010 08:49;0;0
06-20-2010 08:50;0;0
06-20-2010 08:51;0;0
06-20-2010 08:52;0;0
06-20-2010 08:53;0;0
06-20-2010 08:54;0;0
06-20-2010 08:55;0;0
06-20-2010 08:56;0;0
06-20-2010 08:57;0;0
06-20-2010 08:58;0;0
06-20-2010 08:59;0;0
06-20-2010 09:00;0;0
06-20-2010 09:01;0;0
06-20-2010 09:02;0;0
06-20-2010 09:03;0;0
06-20-2010 09:04;0;0
06-20-2010 09:05;0;0
06-20-2010 09:06;0;0
06-20-2010 09:07;0;0
06-20-2010 09:08;0;0
06-20-2010 09:09;0;0
06-20-2010 09:10;0;0
06-20-2010 09:11;0;0
06-20-2010 09:12;0;0
06-20-2010 09:13;0;0
06-20-2010 09:14;0;0
06-20-2010 09:15;0;0
06-20-2010 09:16;0;0
06-20-2010 09:17;0;0
06-20-2010 09:18;0;0
06-20-2010 09:19;0;0
06-20-2010 09:20;0;0
06-20-2010 09:21;0;0
06-20-2010 09:22;0;0
06-20-2010 09:23;0;0
06-20-2010 09:24;0;0
06-20-2010 09:25;0;0
06-20-2010 09:26;0;0
06-20-2010 09:27;0;0
06-20-2010 09:28;0;0
06-20-2010 09:29;0;0
06-20-2010 09:30;0;0
06-20-2010 09:31;0;0
06-20-2010 09:32;0;0
06-20-2010 09:33;0;0
06-20-2010 09:34;0;0
06-20-2010 09:35;0;0
06-20-2010 09:36;0;0
06-20-2010 09:37;0;0
06-20-2010 09:38;0;0
06-20-2010 09:39;0;0
06-20-2010 09:40;0;0
06-20-2010 09:41;0;0
06-20-2010 09:42;0;0
06-20-2010 09:43;0;0
06-20-2010 09:44;0;0
06-20-2010 09:45;0;0
06-20-2010 09:46;0;0
06-20-2010 09:47;0;0
06-20-2010 09:48;0;0
06-20-2010 09:49;0;0
06-20-2010 09:50;0;0
06-20-2010 09:51;0;0
06-20-2010 09:52;0;0
06-20-2010 09:53;0;0
06-20-2010 09:54;0;0
06-20-2010 09:55;0;0
06-20-2010 09:56;0;0
06-20-2010 09:57;0;0
06-20-2010 09:58;0;0
06-20-2010 09:59;0;0
06-20-2010 10:00;0;0
06-20-2010 10:01;0;0
06-20-2010 10:02;0;0
06-20-2010 10:03;0;0
06-20-2010 10:04;0;0
06-20-2010 10:05;0;0
06-20-2010 10:06;0;0
06-20-2010 10:07;0;0
06-20-2010 10:08;0;0
06-20-2010 10:09;0;0
06-20-2010 10:10;0;0
06-20-2010 10:11;0;0
06-20-2010 10:12;0;0
06-20-2010 10:13;0;0
06-20-2010 10:14;0;0
06-20-2010 10:15;0;0
06-20-2010 10:16;0;0
06-20-2010 10:17;0;0
06-20-2010 10:18;0;0
06-20-2010 10:19;0;0
06-20-2010 10:20;0;0
06-20-2010 10:21;0;0
06-20-2010 10:22;0;0
06-20-2010 10:23;0;0
06-20-2010 10:24;0;0
06-20-2010 10:25;0;0
06-20-2010 10:26;0;0
06-20-2010 10:27;0;0
06-20-2010 10:28;0;0
06-20-2010 10:29;0;0
06-20-2010 10:30;0;0
06-20-2010 10:31;0;0
06-20-2010 10:32;0;0
06-20-2010 10:33;0;0
06-20-2010 10:34;0;0
06-20-2010 10:35;0;0
06-20-2010 10:36;117;0
06-20-2010 10:37;0;0
06-20-2010 10:38;7;0
06-20-2010 10:39;0;0
06-20-2010 10:40;0;0
06-20-2010 10:41;0;0
06-20-2010 10:42;0;0
06-20-2010 10:43;0;0
06-20-2010 10:44;0;0
06-20-2010 10:45;0;0
06-20-2010 10:46;0;0
06-20-2010 10:47;0;0
06-20-2010 10:48;0;0
06-20-2010 10:49;0;0
06-20-2010 10:50;0;0
06-20-2010 10:51;0;0
06-20-2010 10:52;0;0
06-20-2010 10:53;0;0
06-20-2010 10:54;0;0
06-20-2010 10:55;0;0
06-20-2010 10:56;36;0
06-20-2010 10:57;913;1
06-20-2010 10:58;885;1
06-20-2010 10:59;466;0
06-20-2010 11:00;51;0
06-20-2010 11:01;80;0
06-20-2010 11:02;191;0
06-20-2010 11:03;16;0
06-20-2010 11:04;108;0
06-20-2010 11:05;82;0
06-20-2010 11:06;20;0
06-20-2010 11:07;14;0
06-20-2010 11:08;242;0
06-20-2010 11:09;233;0
06-20-2010 11:10;112;0
06-20-2010 11:11;95;0
06-20-2010 11:12;191;0
06-20-2010 11:13;371;0
06-20-2010 11:14;112;0
06-20-2010 11:15;326;0
06-20-2010 11:16;191;0
06-20-2010 11:17;144;0
06-20-2010 11:18;65;0
06-20-2010 11:19;259;0
06-20-2010 11:20;212;0
06-20-2010 11:21;371;0
06-20-2010 11:22;1004;1
06-20-2010 11:23;1070;1
06-20-2010 11:24;858;1
06-20-2010 11:25;183;0
06-20-2010 11:26;41;0
06-20-2010 11:27;326;0
06-20-2010 11:28;212;0
06-20-2010 11:29;108;0
06-20-2010 11:30;149;0
06-20-2010 11:31;51;0
06-20-2010 11:32;134;0
06-20-2010 11:33;161;0
06-20-2010 11:34;172;0
06-20-2010 11:35;100;0
06-20-2010 11:36;138;0
06-20-2010 11:37;46;0
06-20-2010 11:38;0;0
06-20-2010 11:39;205;0
06-20-2010 11:40;80;0
06-20-2010 11:41;0;0
06-20-2010 11:42;0;0
06-20-2010 11:43;183;0
06-20-2010 11:44;233;0
06-20-2010 11:45;410;0
06-20-2010 11:46;397;0
06-20-2010 11:47;1070;1
06-20-2010 11:48;242;0
06-20-2010 11:49;3;0
06-20-2010 11:50;233;0
06-20-2010 11:51;1714;1
06-20-2010 11:52;1213;1
06-20-2010 11:53;36;0
06-20-2010 11:54;0;0
06-20-2010 11:55;4;0
06-20-2010 11:56;566;0
06-20-2010 11:57;805;1
06-20-2010 11:58;623;0
06-20-2010 11:59;183;0
06-20-2010 12:00;112;0
06-20-2010 12:01;166;0
06-20-2010 12:02;85;0
06-20-2010 12:03;10;0
06-20-2010 12:04;4;0
06-20-2010 12:05;0;0
06-20-2010 12:06;18;0
06-20-2010 12:07;71;0
06-20-2010 12:08;112;0
06-20-2010 12:09;68;0
06-20-2010 12:10;33;0
06-20-2010 12:11;144;0
06-20-2010 12:12;37;0
06-20-2010 12:13;23;0
06-20-2010 12:14;0;0
06-20-2010 12:15;40;0
06-20-2010 12:16;144;0
06-20-2010 12:17;178;0
06-20-2010 12:18;0;0
06-20-2010 12:19;0;0
06-20-2010 12:20;0;0
06-20-2010 12:21;0;0
06-20-2010 12:22;0;0
06-20-2010 12:23;0;0
06-20-2010 12:24;0;0
06-20-2010 12:25;0;0
06-20-2010 12:26;0;0
06-20-2010 12:27;0;0
06-20-2010 12:28;0;0
06-20-2010 12:29;0;0
06-20-2010 12:30;155;0
06-20-2010 12:31;242;0
06-20-2010 12:32;259;0
06-20-2010 12:33;3;0
06-20-2010 12:34;121;0
06-20-2010 12:35;0;0
06-20-2010 12:36;6;0
06-20-2010 12:37;104;0
06-20-2010 12:38;7;0
06-20-2010 12:39;0;0
06-20-2010 12:40;21;0
06-20-2010 12:41;48;0
06-20-2010 12:42;104;0
06-20-2010 12:43;3;0
06-20-2010 12:44;0;0
06-20-2010 12:45;0;0
06-20-2010 12:46;205;0
06-20-2010 12:47;424;0
06-20-2010 12:48;530;0
06-20-2010 12:49;731;1
06-20-2010 12:50;805;1
06-20-2010 12:51;1037;1
06-20-2010 12:52;943;1
06-20-2010 12:53;603;0
06-20-2010 12:54;80;0
06-20-2010 12:55;82;0
06-20-2010 12:56;134;0
06-20-2010 12:57;31;0
06-20-2010 12:58;46;0
06-20-2010 12:59;57;0
06-20-2010 13:00;306;0
06-20-2010 13:01;371;0
06-20-2010 13:02;233;0
06-20-2010 13:03;100;0
06-20-2010 13:04;121;0
06-20-2010 13:05;112;0
06-20-2010 13:06;104;0
06-20-2010 13:07;0;0
06-20-2010 13:08;95;0
06-20-2010 13:09;23;0
06-20-2010 13:10;74;0
06-20-2010 13:11;482;0
06-20-2010 13:12;4;0
06-20-2010 13:13;65;0
06-20-2010 13:14;85;0
06-20-2010 13:15;108;0
06-20-2010 13:16;82;0
06-20-2010 13:17;138;0
06-20-2010 13:18;242;0
06-20-2010 13:19;250;0
06-20-2010 13:20;183;0
06-20-2010 13:21;80;0
06-20-2010 13:22;144;0
06-20-2010 13:23;108;0
06-20-2010 13:24;91;0
06-20-2010 13:25;46;0
06-20-2010 13:26;117;0
06-20-2010 13:27;51;0
06-20-2010 13:28;0;0
06-20-2010 13:29;155;0
06-20-2010 13:30;4;0
06-20-2010 13:31;149;0
06-20-2010 13:32;286;0
06-20-2010 13:33;643;0
06-20-2010 13:34;134;0
06-20-2010 13:35;125;0
06-20-2010 13:36;18;0
06-20-2010 13:37;14;0
06-20-2010 13:38;138;0
06-20-2010 13:39;104;0
06-20-2010 13:40;7;0
06-20-2010 13:41;0;0
06-20-2010 13:42;43;0
06-20-2010 13:43;0;0
06-20-2010 13:44;0;0
06-20-2010 13:45;0;0
06-20-2010 13:46;1512;1
06-20-2010 13:47;1176;1
06-20-2010 13:48;885;1
06-20-2010 13:49;1104;1
06-20-2010 13:50;664;0
06-20-2010 13:51;805;1
06-20-2010 13:52;548;0
06-20-2010 13:53;603;0
06-20-2010 13:54;384;0
06-20-2010 13:55;686;1
06-20-2010 13:56;296;0
06-20-2010 13:57;134;0
06-20-2010 13:58;112;0
06-20-2010 13:59;71;0
06-20-2010 14:00;548;0
06-20-2010 14:01;623;0
06-20-2010 14:02;397;0
06-20-2010 14:03;466;0
06-20-2010 14:04;397;0
06-20-2010 14:05;172;0
06-20-2010 14:06;1004;1
06-20-2010 14:07;482;0
06-20-2010 14:08;85;0
06-20-2010 14:09;242;0
06-20-2010 14:10;664;0
06-20-2010 14:11;1070;1
06-20-2010 14:12;805;1
06-20-2010 14:13;585;0
06-20-2010 14:14;144;0
06-20-2010 14:15;91;0
06-20-2010 14:16;54;0
06-20-2010 14:17;205;0
06-20-2010 14:18;91;0
06-20-2010 14:19;85;0
06-20-2010 14:20;267;0
06-20-2010 14:21;466;0
06-20-2010 14:22;371;0
06-20-2010 14:23;513;0
06-20-2010 14:24;183;0
06-20-2010 14:25;31;0
06-20-2010 14:26;57;0
06-20-2010 14:27;48;0
06-20-2010 14:28;21;0
06-20-2010 14:29;48;0
06-20-2010 14:30;54;0
06-20-2010 14:31;129;0
06-20-2010 14:32;1070;1
06-20-2010 14:33;1037;1
06-20-2010 14:34;1465;1
06-20-2010 14:35;2268;1
06-20-2010 14:36;603;0
06-20-2010 14:37;0;0
