TIMESTAMP;ACTIVITY;ANOMALY
06-28-2010 10:15;0;0
06-28-2010 10:16;294;0
06-28-2010 10:17;137;0
06-28-2010 10:18;69;0
06-28-2010 10:19;0;0
06-28-2010 10:20;17;0
06-28-2010 10:21;59;0
06-28-2010 10:22;80;0
06-28-2010 10:23;100;0
06-28-2010 10:24;7;0
06-28-2010 10:25;7;0
06-28-2010 10:26;175;0
06-28-2010 10:27;73;0
06-28-2010 10:28;36;0
06-28-2010 10:29;83;0
06-28-2010 10:30;14;0
06-28-2010 10:31;223;0
06-28-2010 10:32;121;0
06-28-2010 10:33;104;0
06-28-2010 10:34;240;0
06-28-2010 10:35;284;0
06-28-2010 10:36;758;0
06-28-2010 10:37;533;0
06-28-2010 10:38;711;0
06-28-2010 10:39;688;0
06-28-2010 10:40;733;0
06-28-2010 10:41;550;0
06-28-2010 10:42;467;0
06-28-2010 10:43;666;0
06-28-2010 10:44;550;0
06-28-2010 10:45;605;0
06-28-2010 10:46;515;0
06-28-2010 10:47;348;0
06-28-2010 10:48;483;0
06-28-2010 10:49;266;0
06-28-2010 10:50;410;0
06-28-2010 10:51;104;0
06-28-2010 10:52;116;0
06-28-2010 10:53;59;0
06-28-2010 10:54;42;0
06-28-2010 10:55;42;0
06-28-2010 10:56;16;0
06-28-2010 10:57;325;0
06-28-2010 10:58;163;0
06-28-2010 10:59;168;0
06-28-2010 11:00;86;0
06-28-2010 11:01;152;0
06-28-2010 11:02;315;0
06-28-2010 11:03;384;0
06-28-2010 11:04;360;0
06-28-2010 11:05;121;0
06-28-2010 11:06;0;0
06-28-2010 11:07;168;0
06-28-2010 11:08;157;0
06-28-2010 11:09;216;0
06-28-2010 11:10;216;0
06-28-2010 11:11;107;0
06-28-2010 11:12;22;0
06-28-2010 11:13;202;0
06-28-2010 11:14;0;0
06-28-2010 11:15;372;0
06-28-2010 11:16;0;0
06-28-2010 11:17;86;0
06-28-2010 11:18;275;0
06-28-2010 11:19;104;0
06-28-2010 11:20;396;0
06-28-2010 11:21;834;0
06-28-2010 11:22;533;0
06-28-2010 11:23;567;0
06-28-2010 11:24;325;0
06-28-2010 11:25;424;0
06-28-2010 11:26;157;0
06-28-2010 11:27;175;0
06-28-2010 11:28;116;0
06-28-2010 11:29;26;0
06-28-2010 11:30;142;0
06-28-2010 11:31;258;0
06-28-2010 11:32;533;0
06-28-2010 11:33;384;0
06-28-2010 11:34;550;0
06-28-2010 11:35;284;0
06-28-2010 11:36;223;0
06-28-2010 11:37;202;0
06-28-2010 11:38;410;0
06-28-2010 11:39;223;0
06-28-2010 11:40;249;0
06-28-2010 11:41;275;0
06-28-2010 11:42;232;0
06-28-2010 11:43;111;0
06-28-2010 11:44;249;0
06-28-2010 11:45;175;0
06-28-2010 11:46;48;0
06-28-2010 11:47;275;0
06-28-2010 11:48;498;0
06-28-2010 11:49;451;0
06-28-2010 11:50;624;0
06-28-2010 11:51;782;0
06-28-2010 11:52;688;0
06-28-2010 11:53;131;0
06-28-2010 11:54;209;0
06-28-2010 11:55;216;0
06-28-2010 11:56;73;0
06-28-2010 11:57;10;0
06-28-2010 11:58;93;0
06-28-2010 11:59;550;0
06-28-2010 12:00;240;0
06-28-2010 12:01;116;0
06-28-2010 12:02;17;0
06-28-2010 12:03;152;0
06-28-2010 12:04;80;0
06-28-2010 12:05;43;0
06-28-2010 12:06;137;0
06-28-2010 12:07;266;0
06-28-2010 12:08;266;0
06-28-2010 12:09;175;0
06-28-2010 12:10;182;0
06-28-2010 12:11;168;0
06-28-2010 12:12;258;0
06-28-2010 12:13;240;0
06-28-2010 12:14;73;0
06-28-2010 12:15;107;0
06-28-2010 12:16;86;0
06-28-2010 12:17;438;0
06-28-2010 12:18;605;0
06-28-2010 12:19;550;0
06-28-2010 12:20;384;0
06-28-2010 12:21;451;0
06-28-2010 12:22;782;0
06-28-2010 12:23;1043;0
06-28-2010 12:24;467;0
06-28-2010 12:25;284;0
06-28-2010 12:26;483;0
06-28-2010 12:27;733;0
06-28-2010 12:28;808;0
06-28-2010 12:29;137;0
06-28-2010 12:30;147;0
06-28-2010 12:31;7;0
06-28-2010 12:32;0;0
06-28-2010 12:33;9;0
06-28-2010 12:34;0;0
06-28-2010 12:35;9;0
06-28-2010 12:36;0;0
06-28-2010 12:37;93;0
06-28-2010 12:38;55;0
06-28-2010 12:39;0;0
06-28-2010 12:40;9;0
06-28-2010 12:41;294;0
06-28-2010 12:42;834;0
06-28-2010 12:43;1076;0
06-28-2010 12:44;1076;0
06-28-2010 12:45;467;0
06-28-2010 12:46;384;0
06-28-2010 12:47;624;0
06-28-2010 12:48;451;0
06-28-2010 12:49;216;0
06-28-2010 12:50;157;0
06-28-2010 12:51;325;0
06-28-2010 12:52;209;0
06-28-2010 12:53;808;0
06-28-2010 12:54;315;0
06-28-2010 12:55;175;0
06-28-2010 12:56;28;0
06-28-2010 12:57;163;0
06-28-2010 12:58;216;0
06-28-2010 12:59;131;0
06-28-2010 13:00;240;0
06-28-2010 13:01;168;0
06-28-2010 13:02;202;0
06-28-2010 13:03;152;0
06-28-2010 13:04;100;0
06-28-2010 13:05;5;0
06-28-2010 13:06;0;0
06-28-2010 13:07;3;0
06-28-2010 13:08;3;0
06-28-2010 13:09;0;0
06-28-2010 13:10;3;0
06-28-2010 13:11;10;0
06-28-2010 13:12;121;0
06-28-2010 13:13;157;0
06-28-2010 13:14;410;0
06-28-2010 13:15;249;0
06-28-2010 13:16;258;0
06-28-2010 13:17;424;0
06-28-2010 13:18;249;0
06-28-2010 13:19;121;0
06-28-2010 13:20;266;0
06-28-2010 13:21;86;0
06-28-2010 13:22;372;0
06-28-2010 13:23;515;0
06-28-2010 13:24;195;0
06-28-2010 13:25;19;0
06-28-2010 13:26;45;0
06-28-2010 13:27;9;0
06-28-2010 13:28;28;0
06-28-2010 13:29;157;0
06-28-2010 13:30;142;0
06-28-2010 13:31;33;0
06-28-2010 13:32;40;0
06-28-2010 13:33;66;0
06-28-2010 13:34;29;0
06-28-2010 13:35;17;0
06-28-2010 13:36;66;0
06-28-2010 13:37;14;0
06-28-2010 13:38;9;0
06-28-2010 13:39;0;0
06-28-2010 13:40;5;0
06-28-2010 13:41;3;0
06-28-2010 13:42;35;0
06-28-2010 13:43;48;0
06-28-2010 13:44;10;0
06-28-2010 13:45;83;0
06-28-2010 13:46;0;0
06-28-2010 13:47;52;0
06-28-2010 13:48;54;0
06-28-2010 13:49;21;0
06-28-2010 13:50;348;0
06-28-2010 13:51;59;0
06-28-2010 13:52;157;0
06-28-2010 13:53;147;0
06-28-2010 13:54;16;0
06-28-2010 13:55;0;0
06-28-2010 13:56;111;0
06-28-2010 13:57;223;0
06-28-2010 13:58;131;0
06-28-2010 13:59;116;0
06-28-2010 14:00;111;0
06-28-2010 14:01;152;0
06-28-2010 14:02;3;0
06-28-2010 14:03;137;0
06-28-2010 14:04;69;0
06-28-2010 14:05;66;0
06-28-2010 14:06;3;0
06-28-2010 14:07;76;0
06-28-2010 14:08;90;0
06-28-2010 14:09;5;0
06-28-2010 14:10;14;0
06-28-2010 14:11;19;0
06-28-2010 14:12;175;0
06-28-2010 14:13;107;0
06-28-2010 14:14;624;0
06-28-2010 14:15;758;0
06-28-2010 14:16;666;0
06-28-2010 14:17;451;0
06-28-2010 14:18;304;0
06-28-2010 14:19;438;0
06-28-2010 14:20;438;0
06-28-2010 14:21;336;0
06-28-2010 14:22;315;0
06-28-2010 14:23;240;0
06-28-2010 14:24;410;0
06-28-2010 14:25;467;0
06-28-2010 14:26;336;0
06-28-2010 14:27;438;0
06-28-2010 14:28;384;0
06-28-2010 14:29;645;0
06-28-2010 14:30;451;0
06-28-2010 14:31;567;0
06-28-2010 14:32;498;0
06-28-2010 14:33;451;0
06-28-2010 14:34;372;0
06-28-2010 14:35;384;0
06-28-2010 14:36;438;0
06-28-2010 14:37;688;0
06-28-2010 14:38;861;0
06-28-2010 14:39;808;0
06-28-2010 14:40;782;0
06-28-2010 14:41;605;0
06-28-2010 14:42;605;0
06-28-2010 14:43;758;0
06-28-2010 14:44;711;0
06-28-2010 14:45;467;0
06-28-2010 14:46;0;0
06-28-2010 14:47;111;0
06-28-2010 14:48;232;0
06-28-2010 14:49;384;0
06-28-2010 14:50;315;0
06-28-2010 14:51;0;0
06-28-2010 14:52;0;0
06-28-2010 14:53;16;0
06-28-2010 14:54;0;0
06-28-2010 14:55;0;0
06-28-2010 14:56;21;0
06-28-2010 14:57;126;0
06-28-2010 14:58;209;0
06-28-2010 14:59;550;0
06-28-2010 15:00;624;0
06-28-2010 15:01;240;0
06-28-2010 15:02;62;0
06-28-2010 15:03;137;0
06-28-2010 15:04;47;0
06-28-2010 15:05;168;0
06-28-2010 15:06;0;0
06-28-2010 15:07;62;0
06-28-2010 15:08;97;0
06-28-2010 15:09;348;0
06-28-2010 15:10;131;0
06-28-2010 15:11;10;0
06-28-2010 15:12;142;0
06-28-2010 15:13;121;0
06-28-2010 15:14;0;0
06-28-2010 15:15;348;0
06-28-2010 15:16;189;0
06-28-2010 15:17;116;0
06-28-2010 15:18;182;0
06-28-2010 15:19;533;0
06-28-2010 15:20;645;0
06-28-2010 15:21;396;0
06-28-2010 15:22;0;0
06-28-2010 15:23;0;0
06-28-2010 15:24;0;0
06-28-2010 15:25;10;0
06-28-2010 15:26;266;0
06-28-2010 15:27;483;0
06-28-2010 15:28;711;0
06-28-2010 15:29;782;0
06-28-2010 15:30;711;0
06-28-2010 15:31;567;0
06-28-2010 15:32;782;0
06-28-2010 15:33;29;0
06-28-2010 15:34;0;0
06-28-2010 15:35;0;0
06-28-2010 15:36;0;0
06-28-2010 15:37;0;0
06-28-2010 15:38;0;0
06-28-2010 15:39;0;0
06-28-2010 15:40;0;0
06-28-2010 15:41;0;0
06-28-2010 15:42;0;0
06-28-2010 15:43;533;0
06-28-2010 15:44;1147;0
06-28-2010 15:45;645;0
06-28-2010 15:46;168;0
06-28-2010 15:47;62;0
06-28-2010 15:48;451;0
06-28-2010 15:49;163;0
06-28-2010 15:50;54;0
06-28-2010 15:51;126;0
06-28-2010 15:52;182;0
06-28-2010 15:53;515;0
06-28-2010 15:54;918;0
06-28-2010 15:55;1183;0
06-28-2010 15:56;515;0
06-28-2010 15:57;168;0
06-28-2010 15:58;1110;0
06-28-2010 15:59;624;0
06-28-2010 16:00;1261;1
06-28-2010 16:01;979;0
06-28-2010 16:02;1183;0
06-28-2010 16:03;396;0
06-28-2010 16:04;111;0
06-28-2010 16:05;336;0
06-28-2010 16:06;688;0
06-28-2010 16:07;424;0
06-28-2010 16:08;605;0
06-28-2010 16:09;550;0
06-28-2010 16:10;498;0
06-28-2010 16:11;645;0
06-28-2010 16:12;645;0
06-28-2010 16:13;624;0
06-28-2010 16:14;586;0
06-28-2010 16:15;533;0
06-28-2010 16:16;645;0
06-28-2010 16:17;467;0
06-28-2010 16:18;918;0
06-28-2010 16:19;22;0
06-28-2010 16:20;116;0
06-28-2010 16:21;336;0
06-28-2010 16:22;152;0
06-28-2010 16:23;294;0
06-28-2010 16:24;284;0
06-28-2010 16:25;182;0
06-28-2010 16:26;142;0
06-28-2010 16:27;266;0
06-28-2010 16:28;223;0
06-28-2010 16:29;137;0
06-28-2010 16:30;410;0
06-28-2010 16:31;62;0
06-28-2010 16:32;33;0
06-28-2010 16:33;111;0
06-28-2010 16:34;605;0
06-28-2010 16:35;249;0
06-28-2010 16:36;131;0
06-28-2010 16:37;62;0
06-28-2010 16:38;9;0
06-28-2010 16:39;47;0
06-28-2010 16:40;29;0
06-28-2010 16:41;9;0
06-28-2010 16:42;0;0
06-28-2010 16:43;26;0
06-28-2010 16:44;86;0
06-28-2010 16:45;0;0
06-28-2010 16:46;163;0
06-28-2010 16:47;126;0
06-28-2010 16:48;808;0
06-28-2010 16:49;889;0
06-28-2010 16:50;688;0
06-28-2010 16:51;550;0
06-28-2010 16:52;758;0
06-28-2010 16:53;605;0
06-28-2010 16:54;624;0
06-28-2010 16:55;483;0
06-28-2010 16:56;782;0
06-28-2010 16:57;550;0
06-28-2010 16:58;1147;0
06-28-2010 16:59;1010;0
06-28-2010 17:00;782;0
06-28-2010 17:01;1010;0
06-28-2010 17:02;605;0
06-28-2010 17:03;1110;0
06-28-2010 17:04;360;0
06-28-2010 17:05;325;0
06-28-2010 17:06;384;0
06-28-2010 17:07;384;0
06-28-2010 17:08;304;0
06-28-2010 17:09;384;0
06-28-2010 17:10;467;0
06-28-2010 17:11;533;0
06-28-2010 17:12;451;0
06-28-2010 17:13;498;0
06-28-2010 17:14;396;0
06-28-2010 17:15;733;0
06-28-2010 17:16;782;0
06-28-2010 17:17;372;0
06-28-2010 17:18;1301;1
06-28-2010 17:19;2084;1
06-28-2010 17:20;758;0
06-28-2010 17:21;2020;1
06-28-2010 17:22;624;0
06-28-2010 17:23;360;0
06-28-2010 17:24;384;0
06-28-2010 17:25;209;0
06-28-2010 17:26;111;0
06-28-2010 17:27;666;0
06-28-2010 17:28;861;0
06-28-2010 17:29;1010;0
06-28-2010 17:30;567;0
06-28-2010 17:31;1147;0
06-28-2010 17:32;834;0
06-28-2010 17:33;1183;0
06-28-2010 17:34;1010;0
06-28-2010 17:35;861;0
06-28-2010 17:36;889;0
06-28-2010 17:37;1147;0
06-28-2010 17:38;948;0
06-28-2010 17:39;666;0
06-28-2010 17:40;711;0
06-28-2010 17:41;782;0
06-28-2010 17:42;979;0
06-28-2010 17:43;1621;1
06-28-2010 17:44;948;0
06-28-2010 17:45;666;0
06-28-2010 17:46;304;0
06-28-2010 17:47;483;0
06-28-2010 17:48;918;0
06-28-2010 17:49;889;0
06-28-2010 17:50;498;0
06-28-2010 17:51;861;0
06-28-2010 17:52;918;0
06-28-2010 17:53;586;0
06-28-2010 17:54;550;0
06-28-2010 17:55;451;0
06-28-2010 17:56;294;0
06-28-2010 17:57;483;0
06-28-2010 17:58;451;0
06-28-2010 17:59;567;0
06-28-2010 18:00;567;0
06-28-2010 18:01;266;0
06-28-2010 18:02;782;0
06-28-2010 18:03;275;0
06-28-2010 18:04;483;0
06-28-2010 18:05;240;0
06-28-2010 18:06;38;0
06-28-2010 18:07;284;0
06-28-2010 18:08;284;0
06-28-2010 18:09;131;0
06-28-2010 18:10;515;0
06-28-2010 18:11;249;0
06-28-2010 18:12;137;0
06-28-2010 18:13;76;0
06-28-2010 18:14;36;0
06-28-2010 18:15;90;0
06-28-2010 18:16;360;0
06-28-2010 18:17;202;0
06-28-2010 18:18;424;0
06-28-2010 18:19;410;0
06-28-2010 18:20;175;0
06-28-2010 18:21;348;0
06-28-2010 18:22;396;0
06-28-2010 18:23;66;0
06-28-2010 18:24;284;0
06-28-2010 18:25;605;0
06-28-2010 18:26;189;0
06-28-2010 18:27;266;0
06-28-2010 18:28;348;0
06-28-2010 18:29;624;0
06-28-2010 18:30;152;0
06-28-2010 18:31;147;0
06-28-2010 18:32;586;0
06-28-2010 18:33;1043;0
06-28-2010 18:34;258;0
06-28-2010 18:35;533;0
06-28-2010 18:36;567;0
06-28-2010 18:37;348;0
06-28-2010 18:38;782;0
06-28-2010 18:39;605;0
06-28-2010 18:40;688;0
06-28-2010 18:41;567;0
06-28-2010 18:42;758;0
06-28-2010 18:43;624;0
06-28-2010 18:44;467;0
06-28-2010 18:45;605;0
06-28-2010 18:46;834;0
06-28-2010 18:47;1147;0
06-28-2010 18:48;834;0
06-28-2010 18:49;498;0
06-28-2010 18:50;624;0
06-28-2010 18:51;711;0
06-28-2010 18:52;645;0
06-28-2010 18:53;861;0
06-28-2010 18:54;586;0
06-28-2010 18:55;834;0
06-28-2010 18:56;567;0
06-28-2010 18:57;624;0
06-28-2010 18:58;586;0
06-28-2010 18:59;498;0
06-28-2010 19:00;372;0
06-28-2010 19:01;1839;1
06-28-2010 19:02;733;0
06-28-2010 19:03;733;0
06-28-2010 19:04;567;0
06-28-2010 19:05;137;0
06-28-2010 19:06;54;0
06-28-2010 19:07;266;0
06-28-2010 19:08;586;0
06-28-2010 19:09;451;0
06-28-2010 19:10;360;0
06-28-2010 19:11;567;0
06-28-2010 19:12;498;0
06-28-2010 19:13;624;0
06-28-2010 19:14;645;0
06-28-2010 19:15;666;0
06-28-2010 19:16;515;0
06-28-2010 19:17;86;0
06-28-2010 19:18;5;0
06-28-2010 19:19;0;0
06-28-2010 19:20;93;0
06-28-2010 19:21;223;0
06-28-2010 19:22;55;0
06-28-2010 19:23;121;0
06-28-2010 19:24;86;0
06-28-2010 19:25;152;0
06-28-2010 19:26;3;0
06-28-2010 19:27;182;0
06-28-2010 19:28;711;0
06-28-2010 19:29;266;0
06-28-2010 19:30;0;0
06-28-2010 19:31;21;0
06-28-2010 19:32;438;0
06-28-2010 19:33;467;0
06-28-2010 19:34;43;0
06-28-2010 19:35;3;0
06-28-2010 19:36;54;0
06-28-2010 19:37;202;0
06-28-2010 19:38;232;0
06-28-2010 19:39;782;0
06-28-2010 19:40;1301;1
06-28-2010 19:41;515;0
06-28-2010 19:42;336;0
06-28-2010 19:43;249;0
06-28-2010 19:44;275;0
06-28-2010 19:45;240;0
06-28-2010 19:46;121;0
06-28-2010 19:47;195;0
06-28-2010 19:48;223;0
06-28-2010 19:49;157;0
06-28-2010 19:50;266;0
06-28-2010 19:51;483;0
06-28-2010 19:52;258;0
06-28-2010 19:53;979;0
06-28-2010 19:54;645;0
06-28-2010 19:55;104;0
06-28-2010 19:56;69;0
06-28-2010 19:57;24;0
06-28-2010 19:58;50;0
06-28-2010 19:59;209;0
06-28-2010 20:00;80;0
06-28-2010 20:01;0;0
06-28-2010 20:02;157;0
06-28-2010 20:03;43;0
06-28-2010 20:04;384;0
06-28-2010 20:05;948;0
06-28-2010 20:06;688;0
06-28-2010 20:07;121;0
06-28-2010 20:08;515;0
06-28-2010 20:09;1183;0
06-28-2010 20:10;733;0
06-28-2010 20:11;645;0
06-28-2010 20:12;586;0
06-28-2010 20:13;384;0
06-28-2010 20:14;1183;0
06-28-2010 20:15;294;0
06-28-2010 20:16;195;0
06-28-2010 20:17;69;0
06-28-2010 20:18;24;0
06-28-2010 20:19;258;0
06-28-2010 20:20;232;0
06-28-2010 20:21;0;0
06-28-2010 20:22;3;0
06-28-2010 20:23;0;0
06-28-2010 20:24;10;0
06-28-2010 20:25;157;0
06-28-2010 20:26;131;0
06-28-2010 20:27;189;0
06-28-2010 20:28;195;0
06-28-2010 20:29;182;0
06-28-2010 20:30;163;0
06-28-2010 20:31;348;0
06-28-2010 20:32;372;0
06-28-2010 20:33;100;0
06-28-2010 20:34;168;0
06-28-2010 20:35;384;0
06-28-2010 20:36;918;0
06-28-2010 20:37;315;0
06-28-2010 20:38;258;0
06-28-2010 20:39;3;0
06-28-2010 20:40;47;0
06-28-2010 20:41;808;0
06-28-2010 20:42;567;0
06-28-2010 20:43;175;0
06-28-2010 20:44;202;0
06-28-2010 20:45;86;0
06-28-2010 20:46;14;0
06-28-2010 20:47;152;0
06-28-2010 20:48;202;0
06-28-2010 20:49;240;0
06-28-2010 20:50;223;0
06-28-2010 20:51;209;0
06-28-2010 20:52;35;0
06-28-2010 20:53;116;0
06-28-2010 20:54;66;0
06-28-2010 20:55;69;0
06-28-2010 20:56;182;0
06-28-2010 20:57;948;0
06-28-2010 20:58;240;0
06-28-2010 20:59;605;0
06-28-2010 21:00;438;0
06-28-2010 21:01;438;0
06-28-2010 21:02;424;0
06-28-2010 21:03;834;0
06-28-2010 21:04;1183;0
06-28-2010 21:05;10;0
06-28-2010 21:06;1043;0
06-28-2010 21:07;688;0
06-28-2010 21:08;451;0
06-28-2010 21:09;605;0
06-28-2010 21:10;438;0
06-28-2010 21:11;515;0
06-28-2010 21:12;438;0
06-28-2010 21:13;624;0
06-28-2010 21:14;711;0
06-28-2010 21:15;550;0
06-28-2010 21:16;567;0
06-28-2010 21:17;624;0
06-28-2010 21:18;733;0
06-28-2010 21:19;666;0
06-28-2010 21:20;605;0
06-28-2010 21:21;567;0
06-28-2010 21:22;533;0
06-28-2010 21:23;733;0
06-28-2010 21:24;711;0
06-28-2010 21:25;861;0
06-28-2010 21:26;948;0
06-28-2010 21:27;688;0
06-28-2010 21:28;688;0
06-28-2010 21:29;586;0
06-28-2010 21:30;733;0
06-28-2010 21:31;498;0
06-28-2010 21:32;360;0
06-28-2010 21:33;605;0
06-28-2010 21:34;861;0
06-28-2010 21:35;834;0
06-28-2010 21:36;1110;0
06-28-2010 21:37;1726;1
06-28-2010 21:38;1301;1
06-28-2010 21:39;1571;1
06-28-2010 21:40;1221;1
06-28-2010 21:41;1076;0
06-28-2010 21:42;1386;1
06-28-2010 21:43;2084;1
06-28-2010 21:44;1430;1
06-28-2010 21:45;1342;1
06-28-2010 21:46;1076;0
06-28-2010 21:47;1110;0
06-28-2010 21:48;2150;1
06-28-2010 21:49;1342;1
06-28-2010 21:50;688;0
06-28-2010 21:51;979;0
06-28-2010 21:52;861;0
06-28-2010 21:53;979;0
06-28-2010 21:54;1475;1
06-28-2010 21:55;782;0
06-28-2010 21:56;834;0
06-28-2010 21:57;0;0
06-28-2010 21:58;52;0
06-28-2010 21:59;396;0
06-28-2010 22:00;1221;1
06-28-2010 22:01;1183;0
06-28-2010 22:02;1430;1
06-28-2010 22:03;1673;1
06-28-2010 22:04;410;0
06-28-2010 22:05;438;0
06-28-2010 22:06;294;0
06-28-2010 22:07;645;0
06-28-2010 22:08;451;0
06-28-2010 22:09;533;0
06-28-2010 22:10;948;0
06-28-2010 22:11;1110;0
06-28-2010 22:12;1261;1
06-28-2010 22:13;1147;0
06-28-2010 22:14;1430;1
06-28-2010 22:15;1043;0
06-28-2010 22:16;1147;0
06-28-2010 22:17;1221;1
06-28-2010 22:18;1621;1
06-28-2010 22:19;711;0
06-28-2010 22:20;48;0
06-28-2010 22:21;483;0
06-28-2010 22:22;782;0
06-28-2010 22:23;1342;1
06-28-2010 22:24;424;0
06-28-2010 22:25;189;0
06-28-2010 22:26;258;0
06-28-2010 22:27;168;0
06-28-2010 22:28;232;0
06-28-2010 22:29;325;0
06-28-2010 22:30;586;0
06-28-2010 22:31;666;0
06-28-2010 22:32;1076;0
06-28-2010 22:33;410;0
06-28-2010 22:34;1147;0
06-28-2010 22:35;550;0
06-28-2010 22:36;1110;0
06-28-2010 22:37;918;0
06-28-2010 22:38;1301;1
06-28-2010 22:39;1673;1
06-28-2010 22:40;1301;1
06-28-2010 22:41;1386;1
06-28-2010 22:42;1782;1
06-28-2010 22:43;2361;1
06-28-2010 22:44;1147;0
06-28-2010 22:45;467;0
06-28-2010 22:46;1043;0
06-28-2010 22:47;2150;1
06-28-2010 22:48;1147;0
06-28-2010 22:49;889;0
06-28-2010 22:50;1010;0
06-28-2010 22:51;948;0
06-28-2010 22:52;1342;1
06-28-2010 22:53;666;0
06-28-2010 22:54;1475;1
06-28-2010 22:55;834;0
06-28-2010 22:56;1147;0
06-28-2010 22:57;918;0
06-28-2010 22:58;1110;0
06-28-2010 22:59;483;0
06-28-2010 23:00;59;0
06-28-2010 23:01;80;0
06-28-2010 23:02;438;0
06-28-2010 23:03;605;0
06-28-2010 23:04;782;0
06-28-2010 23:05;360;0
06-28-2010 23:06;189;0
06-28-2010 23:07;93;0
06-28-2010 23:08;93;0
06-28-2010 23:09;624;0
06-28-2010 23:10;45;0
06-28-2010 23:11;121;0
06-28-2010 23:12;62;0
06-28-2010 23:13;59;0
06-28-2010 23:14;40;0
06-28-2010 23:15;45;0
06-28-2010 23:16;97;0
06-28-2010 23:17;66;0
06-28-2010 23:18;40;0
06-28-2010 23:19;54;0
06-28-2010 23:20;195;0
06-28-2010 23:21;348;0
06-28-2010 23:22;688;0
06-28-2010 23:23;1076;0
06-28-2010 23:24;605;0
06-28-2010 23:25;498;0
06-28-2010 23:26;645;0
06-28-2010 23:27;567;0
06-28-2010 23:28;533;0
06-28-2010 23:29;1342;1
06-28-2010 23:30;1110;0
06-28-2010 23:31;624;0
06-28-2010 23:32;1076;0
06-28-2010 23:33;948;0
06-28-2010 23:34;645;0
06-28-2010 23:35;515;0
06-28-2010 23:36;1010;0
06-28-2010 23:37;645;0
06-28-2010 23:38;605;0
06-28-2010 23:39;782;0
06-28-2010 23:40;605;0
06-28-2010 23:41;586;0
06-28-2010 23:42;483;0
06-28-2010 23:43;1010;0
06-28-2010 23:44;624;0
06-28-2010 23:45;666;0
06-28-2010 23:46;918;0
06-28-2010 23:47;834;0
06-28-2010 23:48;782;0
06-28-2010 23:49;1110;0
06-28-2010 23:50;515;0
06-28-2010 23:51;175;0
06-28-2010 23:52;182;0
06-28-2010 23:53;202;0
06-28-2010 23:54;209;0
06-28-2010 23:55;0;0
06-28-2010 23:56;107;0
06-28-2010 23:57;209;0
06-28-2010 23:58;107;0
06-28-2010 23:59;223;0
06-29-2010 00:00;758;0
06-29-2010 00:01;142;0
06-29-2010 00:02;131;0
06-29-2010 00:03;216;0
06-29-2010 00:04;284;0
06-29-2010 00:05;76;0
06-29-2010 00:06;258;0
06-29-2010 00:07;147;0
06-29-2010 00:08;97;0
06-29-2010 00:09;14;0
06-29-2010 00:10;0;0
06-29-2010 00:11;90;0
06-29-2010 00:12;137;0
06-29-2010 00:13;43;0
06-29-2010 00:14;0;0
06-29-2010 00:15;0;0
06-29-2010 00:16;17;0
06-29-2010 00:17;189;0
06-29-2010 00:18;137;0
06-29-2010 00:19;336;0
06-29-2010 00:20;266;0
06-29-2010 00:21;33;0
06-29-2010 00:22;137;0
06-29-2010 00:23;0;0
06-29-2010 00:24;137;0
06-29-2010 00:25;142;0
06-29-2010 00:26;131;0
06-29-2010 00:27;80;0
06-29-2010 00:28;28;0
06-29-2010 00:29;38;0
06-29-2010 00:30;43;0
06-29-2010 00:31;121;0
06-29-2010 00:32;48;0
06-29-2010 00:33;0;0
06-29-2010 00:34;0;0
06-29-2010 00:35;0;0
06-29-2010 00:36;5;0
06-29-2010 00:37;111;0
06-29-2010 00:38;202;0
06-29-2010 00:39;116;0
06-29-2010 00:40;47;0
06-29-2010 00:41;147;0
06-29-2010 00:42;80;0
06-29-2010 00:43;294;0
06-29-2010 00:44;624;0
06-29-2010 00:45;266;0
06-29-2010 00:46;38;0
06-29-2010 00:47;31;0
06-29-2010 00:48;3;0
06-29-2010 00:49;5;0
06-29-2010 00:50;36;0
06-29-2010 00:51;372;0
06-29-2010 00:52;43;0
06-29-2010 00:53;111;0
06-29-2010 00:54;29;0
06-29-2010 00:55;0;0
06-29-2010 00:56;0;0
06-29-2010 00:57;0;0
06-29-2010 00:58;0;0
06-29-2010 00:59;0;0
06-29-2010 01:00;0;0
06-29-2010 01:01;0;0
06-29-2010 01:02;0;0
06-29-2010 01:03;0;0
06-29-2010 01:04;0;0
06-29-2010 01:05;240;0
06-29-2010 01:06;22;0
06-29-2010 01:07;33;0
06-29-2010 01:08;40;0
06-29-2010 01:09;0;0
06-29-2010 01:10;0;0
06-29-2010 01:11;0;0
06-29-2010 01:12;0;0
06-29-2010 01:13;0;0
06-29-2010 01:14;0;0
06-29-2010 01:15;0;0
06-29-2010 01:16;0;0
06-29-2010 01:17;0;0
06-29-2010 01:18;0;0
06-29-2010 01:19;0;0
06-29-2010 01:20;0;0
06-29-2010 01:21;0;0
06-29-2010 01:22;0;0
06-29-2010 01:23;0;0
06-29-2010 01:24;0;0
06-29-2010 01:25;0;0
06-29-2010 01:26;0;0
06-29-2010 01:27;0;0
06-29-2010 01:28;0;0
06-29-2010 01:29;0;0
06-29-2010 01:30;0;0
06-29-2010 01:31;0;0
06-29-2010 01:32;0;0
06-29-2010 01:33;0;0
06-29-2010 01:34;0;0
06-29-2010 01:35;0;0
06-29-2010 01:36;0;0
06-29-2010 01:37;0;0
06-29-2010 01:38;0;0
06-29-2010 01:39;0;0
06-29-2010 01:40;0;0
06-29-2010 01:41;0;0
06-29-2010 01:42;0;0
06-29-2010 01:43;0;0
06-29-2010 01:44;0;0
06-29-2010 01:45;0;0
06-29-2010 01:46;3;0
06-29-2010 01:47;0;0
06-29-2010 01:48;0;0
06-29-2010 01:49;111;0
06-29-2010 01:50;3;0
06-29-2010 01:51;0;0
06-29-2010 01:52;0;0
06-29-2010 01:53;0;0
06-29-2010 01:54;0;0
06-29-2010 01:55;0;0
06-29-2010 01:56;0;0
06-29-2010 01:57;0;0
06-29-2010 01:58;0;0
06-29-2010 01:59;35;0
06-29-2010 02:00;9;0
06-29-2010 02:01;0;0
06-29-2010 02:02;0;0
06-29-2010 02:03;0;0
06-29-2010 02:04;0;0
06-29-2010 02:05;0;0
06-29-2010 02:06;0;0
06-29-2010 02:07;0;0
06-29-2010 02:08;0;0
06-29-2010 02:09;0;0
06-29-2010 02:10;0;0
06-29-2010 02:11;0;0
06-29-2010 02:12;0;0
06-29-2010 02:13;0;0
06-29-2010 02:14;0;0
06-29-2010 02:15;0;0
06-29-2010 02:16;0;0
06-29-2010 02:17;0;0
06-29-2010 02:18;0;0
06-29-2010 02:19;0;0
06-29-2010 02:20;0;0
06-29-2010 02:21;0;0
06-29-2010 02:22;0;0
06-29-2010 02:23;0;0
06-29-2010 02:24;0;0
06-29-2010 02:25;0;0
06-29-2010 02:26;0;0
06-29-2010 02:27;0;0
06-29-2010 02:28;240;0
06-29-2010 02:29;0;0
06-29-2010 02:30;0;0
06-29-2010 02:31;0;0
06-29-2010 02:32;0;0
06-29-2010 02:33;0;0
06-29-2010 02:34;0;0
06-29-2010 02:35;0;0
06-29-2010 02:36;0;0
06-29-2010 02:37;0;0
06-29-2010 02:38;0;0
06-29-2010 02:39;0;0
06-29-2010 02:40;0;0
06-29-2010 02:41;0;0
06-29-2010 02:42;0;0
06-29-2010 02:43;0;0
06-29-2010 02:44;0;0
06-29-2010 02:45;0;0
06-29-2010 02:46;0;0
06-29-2010 02:47;0;0
06-29-2010 02:48;0;0
06-29-2010 02:49;0;0
06-29-2010 02:50;0;0
06-29-2010 02:51;0;0
06-29-2010 02:52;0;0
06-29-2010 02:53;0;0
06-29-2010 02:54;0;0
06-29-2010 02:55;0;0
06-29-2010 02:56;0;0
06-29-2010 02:57;0;0
06-29-2010 02:58;0;0
06-29-2010 02:59;0;0
06-29-2010 03:00;0;0
06-29-2010 03:01;0;0
06-29-2010 03:02;0;0
06-29-2010 03:03;0;0
06-29-2010 03:04;0;0
06-29-2010 03:05;73;0
06-29-2010 03:06;62;0
06-29-2010 03:07;0;0
06-29-2010 03:08;0;0
06-29-2010 03:09;0;0
06-29-2010 03:10;0;0
06-29-2010 03:11;0;0
06-29-2010 03:12;0;0
06-29-2010 03:13;0;0
06-29-2010 03:14;0;0
06-29-2010 03:15;0;0
06-29-2010 03:16;0;0
06-29-2010 03:17;0;0
06-29-2010 03:18;0;0
06-29-2010 03:19;0;0
06-29-2010 03:20;0;0
06-29-2010 03:21;0;0
06-29-2010 03:22;0;0
06-29-2010 03:23;0;0
06-29-2010 03:24;0;0
06-29-2010 03:25;0;0
06-29-2010 03:26;0;0
06-29-2010 03:27;0;0
06-29-2010 03:28;97;0
06-29-2010 03:29;0;0
06-29-2010 03:30;66;0
06-29-2010 03:31;0;0
06-29-2010 03:32;0;0
06-29-2010 03:33;0;0
06-29-2010 03:34;0;0
06-29-2010 03:35;0;0
06-29-2010 03:36;0;0
06-29-2010 03:37;0;0
06-29-2010 03:38;0;0
06-29-2010 03:39;0;0
06-29-2010 03:40;0;0
06-29-2010 03:41;0;0
06-29-2010 03:42;5;0
06-29-2010 03:43;0;0
06-29-2010 03:44;0;0
06-29-2010 03:45;0;0
06-29-2010 03:46;0;0
06-29-2010 03:47;0;0
06-29-2010 03:48;40;0
06-29-2010 03:49;69;0
06-29-2010 03:50;0;0
06-29-2010 03:51;0;0
06-29-2010 03:52;0;0
06-29-2010 03:53;19;0
06-29-2010 03:54;55;0
06-29-2010 03:55;0;0
06-29-2010 03:56;0;0
06-29-2010 03:57;0;0
06-29-2010 03:58;0;0
06-29-2010 03:59;0;0
06-29-2010 04:00;0;0
06-29-2010 04:01;0;0
06-29-2010 04:02;0;0
06-29-2010 04:03;0;0
06-29-2010 04:04;0;0
06-29-2010 04:05;0;0
06-29-2010 04:06;0;0
06-29-2010 04:07;40;0
06-29-2010 04:08;0;0
06-29-2010 04:09;0;0
06-29-2010 04:10;0;0
06-29-2010 04:11;0;0
06-29-2010 04:12;0;0
06-29-2010 04:13;0;0
06-29-2010 04:14;0;0
06-29-2010 04:15;0;0
06-29-2010 04:16;0;0
06-29-2010 04:17;0;0
06-29-2010 04:18;0;0
06-29-2010 04:19;0;0
06-29-2010 04:20;0;0
06-29-2010 04:21;0;0
06-29-2010 04:22;100;0
06-29-2010 04:23;0;0
06-29-2010 04:24;0;0
06-29-2010 04:25;3;0
06-29-2010 04:26;19;0
06-29-2010 04:27;0;0
06-29-2010 04:28;0;0
06-29-2010 04:29;0;0
06-29-2010 04:30;0;0
06-29-2010 04:31;0;0
06-29-2010 04:32;0;0
06-29-2010 04:33;0;0
06-29-2010 04:34;0;0
06-29-2010 04:35;0;0
06-29-2010 04:36;0;0
06-29-2010 04:37;0;0
06-29-2010 04:38;0;0
06-29-2010 04:39;0;0
06-29-2010 04:40;0;0
06-29-2010 04:41;0;0
06-29-2010 04:42;0;0
06-29-2010 04:43;0;0
06-29-2010 04:44;0;0
06-29-2010 04:45;0;0
06-29-2010 04:46;0;0
06-29-2010 04:47;0;0
06-29-2010 04:48;0;0
06-29-2010 04:49;0;0
06-29-2010 04:50;0;0
06-29-2010 04:51;0;0
06-29-2010 04:52;0;0
06-29-2010 04:53;0;0
06-29-2010 04:54;0;0
06-29-2010 04:55;0;0
06-29-2010 04:56;0;0
06-29-2010 04:57;0;0
06-29-2010 04:58;0;0
06-29-2010 04:59;0;0
06-29-2010 05:00;0;0
06-29-2010 05:01;0;0
06-29-2010 05:02;0;0
06-29-2010 05:03;0;0
06-29-2010 05:04;0;0
06-29-2010 05:05;0;0
06-29-2010 05:06;0;0
06-29-2010 05:07;50;0
06-29-2010 05:08;0;0
06-29-2010 05:09;0;0
06-29-2010 05:10;116;0
06-29-2010 05:11;0;0
06-29-2010 05:12;0;0
06-29-2010 05:13;0;0
06-29-2010 05:14;0;0
06-29-2010 05:15;0;0
06-29-2010 05:16;0;0
06-29-2010 05:17;0;0
06-29-2010 05:18;0;0
06-29-2010 05:19;0;0
06-29-2010 05:20;0;0
06-29-2010 05:21;0;0
06-29-2010 05:22;0;0
06-29-2010 05:23;0;0
06-29-2010 05:24;0;0
06-29-2010 05:25;73;0
06-29-2010 05:26;0;0
06-29-2010 05:27;0;0
06-29-2010 05:28;0;0
06-29-2010 05:29;0;0
06-29-2010 05:30;35;0
06-29-2010 05:31;0;0
06-29-2010 05:32;97;0
06-29-2010 05:33;0;0
06-29-2010 05:34;0;0
06-29-2010 05:35;0;0
06-29-2010 05:36;62;0
06-29-2010 05:37;168;0
06-29-2010 05:38;47;0
06-29-2010 05:39;0;0
06-29-2010 05:40;0;0
06-29-2010 05:41;0;0
06-29-2010 05:42;0;0
06-29-2010 05:43;0;0
06-29-2010 05:44;0;0
06-29-2010 05:45;0;0
06-29-2010 05:46;0;0
06-29-2010 05:47;0;0
06-29-2010 05:48;0;0
06-29-2010 05:49;0;0
06-29-2010 05:50;116;0
06-29-2010 05:51;0;0
06-29-2010 05:52;0;0
06-29-2010 05:53;0;0
06-29-2010 05:54;0;0
06-29-2010 05:55;209;0
06-29-2010 05:56;0;0
06-29-2010 05:57;0;0
06-29-2010 05:58;0;0
06-29-2010 05:59;66;0
06-29-2010 06:00;0;0
06-29-2010 06:01;0;0
06-29-2010 06:02;0;0
06-29-2010 06:03;0;0
06-29-2010 06:04;0;0
06-29-2010 06:05;0;0
06-29-2010 06:06;0;0
06-29-2010 06:07;0;0
06-29-2010 06:08;0;0
06-29-2010 06:09;21;0
06-29-2010 06:10;0;0
06-29-2010 06:11;0;0
06-29-2010 06:12;0;0
06-29-2010 06:13;0;0
06-29-2010 06:14;0;0
06-29-2010 06:15;0;0
06-29-2010 06:16;284;0
06-29-2010 06:17;0;0
06-29-2010 06:18;0;0
06-29-2010 06:19;0;0
06-29-2010 06:20;0;0
06-29-2010 06:21;0;0
06-29-2010 06:22;0;0
06-29-2010 06:23;0;0
06-29-2010 06:24;0;0
06-29-2010 06:25;0;0
06-29-2010 06:26;0;0
06-29-2010 06:27;0;0
06-29-2010 06:28;0;0
06-29-2010 06:29;0;0
06-29-2010 06:30;0;0
06-29-2010 06:31;0;0
06-29-2010 06:32;0;0
06-29-2010 06:33;0;0
06-29-2010 06:34;0;0
06-29-2010 06:35;0;0
06-29-2010 06:36;0;0
06-29-2010 06:37;0;0
06-29-2010 06:38;62;0
06-29-2010 06:39;22;0
06-29-2010 06:40;0;0
06-29-2010 06:41;69;0
06-29-2010 06:42;0;0
06-29-2010 06:43;0;0
06-29-2010 06:44;0;0
06-29-2010 06:45;0;0
06-29-2010 06:46;0;0
06-29-2010 06:47;0;0
06-29-2010 06:48;0;0
06-29-2010 06:49;0;0
06-29-2010 06:50;0;0
06-29-2010 06:51;0;0
06-29-2010 06:52;0;0
06-29-2010 06:53;0;0
06-29-2010 06:54;0;0
06-29-2010 06:55;0;0
06-29-2010 06:56;0;0
06-29-2010 06:57;0;0
06-29-2010 06:58;0;0
06-29-2010 06:59;0;0
06-29-2010 07:00;16;0
06-29-2010 07:01;0;0
06-29-2010 07:02;0;0
06-29-2010 07:03;0;0
06-29-2010 07:04;0;0
06-29-2010 07:05;0;0
06-29-2010 07:06;0;0
06-29-2010 07:07;73;0
06-29-2010 07:08;0;0
06-29-2010 07:09;0;0
06-29-2010 07:10;0;0
06-29-2010 07:11;0;0
06-29-2010 07:12;0;0
06-29-2010 07:13;0;0
06-29-2010 07:14;0;0
06-29-2010 07:15;0;0
06-29-2010 07:16;0;0
06-29-2010 07:17;0;0
06-29-2010 07:18;0;0
06-29-2010 07:19;0;0
06-29-2010 07:20;0;0
06-29-2010 07:21;0;0
06-29-2010 07:22;54;0
06-29-2010 07:23;0;0
06-29-2010 07:24;0;0
06-29-2010 07:25;0;0
06-29-2010 07:26;0;0
06-29-2010 07:27;0;0
06-29-2010 07:28;111;0
06-29-2010 07:29;0;0
06-29-2010 07:30;0;0
06-29-2010 07:31;0;0
06-29-2010 07:32;0;0
06-29-2010 07:33;0;0
06-29-2010 07:34;0;0
06-29-2010 07:35;0;0
06-29-2010 07:36;0;0
06-29-2010 07:37;0;0
06-29-2010 07:38;0;0
06-29-2010 07:39;0;0
06-29-2010 07:40;0;0
06-29-2010 07:41;0;0
06-29-2010 07:42;0;0
06-29-2010 07:43;0;0
06-29-2010 07:44;0;0
06-29-2010 07:45;0;0
06-29-2010 07:46;47;0
06-29-2010 07:47;0;0
06-29-2010 07:48;0;0
06-29-2010 07:49;0;0
06-29-2010 07:50;55;0
06-29-2010 07:51;0;0
06-29-2010 07:52;0;0
06-29-2010 07:53;0;0
06-29-2010 07:54;0;0
06-29-2010 07:55;0;0
06-29-2010 07:56;0;0
06-29-2010 07:57;0;0
06-29-2010 07:58;0;0
06-29-2010 07:59;0;0
06-29-2010 08:00;0;0
06-29-2010 08:01;0;0
06-29-2010 08:02;17;0
06-29-2010 08:03;43;0
06-29-2010 08:04;0;0
06-29-2010 08:05;33;0
06-29-2010 08:06;43;0
06-29-2010 08:07;24;0
06-29-2010 08:08;17;0
06-29-2010 08:09;76;0
06-29-2010 08:10;0;0
06-29-2010 08:11;0;0
06-29-2010 08:12;0;0
06-29-2010 08:13;0;0
06-29-2010 08:14;0;0
06-29-2010 08:15;0;0
06-29-2010 08:16;0;0
06-29-2010 08:17;0;0
06-29-2010 08:18;0;0
06-29-2010 08:19;0;0
06-29-2010 08:20;0;0
06-29-2010 08:21;0;0
06-29-2010 08:22;0;0
06-29-2010 08:23;0;0
06-29-2010 08:24;0;0
06-29-2010 08:25;55;0
06-29-2010 08:26;0;0
06-29-2010 08:27;48;0
06-29-2010 08:28;0;0
06-29-2010 08:29;0;0
06-29-2010 08:30;3;0
06-29-2010 08:31;38;0
06-29-2010 08:32;0;0
06-29-2010 08:33;3;0
06-29-2010 08:34;0;0
06-29-2010 08:35;0;0
06-29-2010 08:36;0;0
06-29-2010 08:37;0;0
06-29-2010 08:38;0;0
06-29-2010 08:39;0;0
06-29-2010 08:40;0;0
06-29-2010 08:41;0;0
06-29-2010 08:42;0;0
06-29-2010 08:43;0;0
06-29-2010 08:44;0;0
06-29-2010 08:45;0;0
06-29-2010 08:46;0;0
06-29-2010 08:47;0;0
06-29-2010 08:48;0;0
06-29-2010 08:49;0;0
06-29-2010 08:50;0;0
06-29-2010 08:51;0;0
06-29-2010 08:52;52;0
06-29-2010 08:53;0;0
06-29-2010 08:54;0;0
06-29-2010 08:55;0;0
06-29-2010 08:56;0;0
06-29-2010 08:57;0;0
06-29-2010 08:58;0;0
06-29-2010 08:59;0;0
06-29-2010 09:00;0;0
06-29-2010 09:01;0;0
06-29-2010 09:02;0;0
06-29-2010 09:03;0;0
06-29-2010 09:04;0;0
06-29-2010 09:05;0;0
06-29-2010 09:06;0;0
06-29-2010 09:07;189;0
06-29-2010 09:08;0;0
06-29-2010 09:09;0;0
06-29-2010 09:10;137;0
06-29-2010 09:11;0;0
06-29-2010 09:12;0;0
06-29-2010 09:13;0;0
06-29-2010 09:14;0;0
06-29-2010 09:15;0;0
06-29-2010 09:16;0;0
06-29-2010 09:17;0;0
06-29-2010 09:18;0;0
06-29-2010 09:19;0;0
06-29-2010 09:20;42;0
06-29-2010 09:21;0;0
06-29-2010 09:22;0;0
06-29-2010 09:23;0;0
06-29-2010 09:24;55;0
06-29-2010 09:25;0;0
06-29-2010 09:26;59;0
06-29-2010 09:27;266;0
06-29-2010 09:28;0;0
06-29-2010 09:29;0;0
06-29-2010 09:30;0;0
06-29-2010 09:31;0;0
06-29-2010 09:32;0;0
06-29-2010 09:33;0;0
06-29-2010 09:34;0;0
06-29-2010 09:35;0;0
06-29-2010 09:36;86;0
06-29-2010 09:37;0;0
06-29-2010 09:38;0;0
06-29-2010 09:39;0;0
06-29-2010 09:40;0;0
06-29-2010 09:41;0;0
06-29-2010 09:42;0;0
06-29-2010 09:43;36;0
06-29-2010 09:44;0;0
06-29-2010 09:45;121;0
06-29-2010 09:46;0;0
06-29-2010 09:47;0;0
06-29-2010 09:48;0;0
06-29-2010 09:49;9;0
06-29-2010 09:50;14;0
06-29-2010 09:51;0;0
06-29-2010 09:52;0;0
06-29-2010 09:53;0;0
06-29-2010 09:54;0;0
06-29-2010 09:55;0;0
06-29-2010 09:56;0;0
06-29-2010 09:57;0;0
06-29-2010 09:58;0;0
06-29-2010 09:59;0;0
06-29-2010 10:00;0;0
06-29-2010 10:01;0;0
06-29-2010 10:02;0;0
06-29-2010 10:03;0;0
06-29-2010 10:04;0;0
06-29-2010 10:05;0;0
06-29-2010 10:06;0;0
06-29-2010 10:07;0;0
06-29-2010 10:08;0;0
06-29-2010 10:09;0;0
06-29-2010 10:10;0;0
06-29-2010 10:11;0;0
06-29-2010 10:12;0;0
06-29-2010 10:13;0;0
06-29-2010 10:14;0;0
06-29-2010 10:15;0;0
06-29-2010 10:16;0;0
06-29-2010 10:17;0;0
06-29-2010 10:18;0;0
06-29-2010 10:19;0;0
06-29-2010 10:20;0;0
06-29-2010 10:21;0;0
06-29-2010 10:22;0;0
06-29-2010 10:23;0;0
06-29-2010 10:24;0;0
06-29-2010 10:25;0;0
06-29-2010 10:26;0;0
06-29-2010 10:27;147;0
06-29-2010 10:28;0;0
06-29-2010 10:29;137;0
06-29-2010 10:30;0;0
06-29-2010 10:31;0;0
06-29-2010 10:32;0;0
06-29-2010 10:33;0;0
06-29-2010 10:34;0;0
06-29-2010 10:35;202;0
06-29-2010 10:36;0;0
06-29-2010 10:37;0;0
06-29-2010 10:38;0;0
06-29-2010 10:39;175;0
06-29-2010 10:40;372;0
06-29-2010 10:41;918;0
06-29-2010 10:42;467;0
06-29-2010 10:43;498;0
06-29-2010 10:44;209;0
06-29-2010 10:45;360;0
06-29-2010 10:46;624;0
06-29-2010 10:47;80;0
06-29-2010 10:48;111;0
06-29-2010 10:49;59;0
06-29-2010 10:50;73;0
06-29-2010 10:51;97;0
06-29-2010 10:52;131;0
06-29-2010 10:53;52;0
06-29-2010 10:54;202;0
06-29-2010 10:55;50;0
06-29-2010 10:56;126;0
06-29-2010 10:57;0;0
06-29-2010 10:58;202;0
06-29-2010 10:59;16;0
06-29-2010 11:00;168;0
06-29-2010 11:01;0;0
06-29-2010 11:02;36;0
06-29-2010 11:03;80;0
06-29-2010 11:04;62;0
06-29-2010 11:05;0;0
06-29-2010 11:06;0;0
06-29-2010 11:07;0;0
06-29-2010 11:08;0;0
06-29-2010 11:09;17;0
06-29-2010 11:10;0;0
06-29-2010 11:11;0;0
06-29-2010 11:12;9;0
06-29-2010 11:13;0;0
06-29-2010 11:14;202;0
06-29-2010 11:15;175;0
06-29-2010 11:16;47;0
06-29-2010 11:17;90;0
06-29-2010 11:18;294;0
06-29-2010 11:19;142;0
06-29-2010 11:20;7;0
06-29-2010 11:21;76;0
06-29-2010 11:22;0;0
06-29-2010 11:23;0;0
06-29-2010 11:24;22;0
06-29-2010 11:25;157;0
06-29-2010 11:26;0;0
06-29-2010 11:27;5;0
06-29-2010 11:28;157;0
06-29-2010 11:29;19;0
06-29-2010 11:30;28;0
06-29-2010 11:31;66;0
06-29-2010 11:32;284;0
06-29-2010 11:33;152;0
06-29-2010 11:34;52;0
06-29-2010 11:35;24;0
06-29-2010 11:36;0;0
06-29-2010 11:37;0;0
06-29-2010 11:38;0;0
06-29-2010 11:39;157;0
06-29-2010 11:40;0;0
06-29-2010 11:41;38;0
06-29-2010 11:42;116;0
06-29-2010 11:43;9;0
06-29-2010 11:44;12;0
06-29-2010 11:45;483;0
06-29-2010 11:46;1261;1
06-29-2010 11:47;586;0
06-29-2010 11:48;688;0
06-29-2010 11:49;733;0
06-29-2010 11:50;142;0
06-29-2010 11:51;336;0
06-29-2010 11:52;249;0
06-29-2010 11:53;515;0
06-29-2010 11:54;275;0
06-29-2010 11:55;175;0
06-29-2010 11:56;258;0
06-29-2010 11:57;733;0
06-29-2010 11:58;889;0
06-29-2010 11:59;645;0
06-29-2010 12:00;605;0
06-29-2010 12:01;733;0
06-29-2010 12:02;861;0
06-29-2010 12:03;733;0
06-29-2010 12:04;782;0
06-29-2010 12:05;808;0
06-29-2010 12:06;733;0
06-29-2010 12:07;733;0
06-29-2010 12:08;666;0
06-29-2010 12:09;808;0
06-29-2010 12:10;666;0
06-29-2010 12:11;889;0
06-29-2010 12:12;666;0
06-29-2010 12:13;645;0
06-29-2010 12:14;567;0
06-29-2010 12:15;550;0
06-29-2010 12:16;467;0
06-29-2010 12:17;861;0
06-29-2010 12:18;275;0
06-29-2010 12:19;163;0
06-29-2010 12:20;3;0
06-29-2010 12:21;43;0
06-29-2010 12:22;5;0
06-29-2010 12:23;0;0
06-29-2010 12:24;0;0
06-29-2010 12:25;0;0
06-29-2010 12:26;7;0
06-29-2010 12:27;10;0
06-29-2010 12:28;14;0
06-29-2010 12:29;258;0
06-29-2010 12:30;0;0
06-29-2010 12:31;12;0
06-29-2010 12:32;0;0
06-29-2010 12:33;17;0
06-29-2010 12:34;116;0
06-29-2010 12:35;24;0
06-29-2010 12:36;42;0
06-29-2010 12:37;93;0
06-29-2010 12:38;69;0
06-29-2010 12:39;137;0
06-29-2010 12:40;45;0
06-29-2010 12:41;0;0
06-29-2010 12:42;83;0
06-29-2010 12:43;54;0
06-29-2010 12:44;0;0
06-29-2010 12:45;0;0
06-29-2010 12:46;47;0
06-29-2010 12:47;168;0
06-29-2010 12:48;116;0
06-29-2010 12:49;223;0
06-29-2010 12:50;22;0
06-29-2010 12:51;28;0
06-29-2010 12:52;62;0
06-29-2010 12:53;7;0
06-29-2010 12:54;17;0
06-29-2010 12:55;0;0
06-29-2010 12:56;0;0
06-29-2010 12:57;0;0
06-29-2010 12:58;131;0
06-29-2010 12:59;36;0
06-29-2010 13:00;28;0
06-29-2010 13:01;62;0
06-29-2010 13:02;0;0
06-29-2010 13:03;29;0
06-29-2010 13:04;0;0
06-29-2010 13:05;55;0
06-29-2010 13:06;0;0
06-29-2010 13:07;0;0
06-29-2010 13:08;0;0
06-29-2010 13:09;90;0
06-29-2010 13:10;90;0
06-29-2010 13:11;16;0
06-29-2010 13:12;121;0
06-29-2010 13:13;5;0
06-29-2010 13:14;483;0
06-29-2010 13:15;410;0
06-29-2010 13:16;232;0
06-29-2010 13:17;22;0
06-29-2010 13:18;0;0
06-29-2010 13:19;3;0
06-29-2010 13:20;24;0
06-29-2010 13:21;29;0
06-29-2010 13:22;202;0
06-29-2010 13:23;567;0
06-29-2010 13:24;782;0
06-29-2010 13:25;467;0
06-29-2010 13:26;424;0
06-29-2010 13:27;550;0
06-29-2010 13:28;624;0
06-29-2010 13:29;232;0
06-29-2010 13:30;240;0
06-29-2010 13:31;348;0
06-29-2010 13:32;645;0
06-29-2010 13:33;586;0
06-29-2010 13:34;550;0
06-29-2010 13:35;918;0
06-29-2010 13:36;567;0
06-29-2010 13:37;1110;0
06-29-2010 13:38;438;0
06-29-2010 13:39;498;0
06-29-2010 13:40;624;0
06-29-2010 13:41;605;0
06-29-2010 13:42;266;0
06-29-2010 13:43;467;0
06-29-2010 13:44;624;0
06-29-2010 13:45;515;0
06-29-2010 13:46;782;0
06-29-2010 13:47;758;0
06-29-2010 13:48;624;0
06-29-2010 13:49;605;0
06-29-2010 13:50;758;0
06-29-2010 13:51;467;0
06-29-2010 13:52;275;0
06-29-2010 13:53;550;0
06-29-2010 13:54;467;0
06-29-2010 13:55;216;0
06-29-2010 13:56;567;0
06-29-2010 13:57;451;0
06-29-2010 13:58;438;0
06-29-2010 13:59;605;0
06-29-2010 14:00;73;0
06-29-2010 14:01;76;0
06-29-2010 14:02;14;0
06-29-2010 14:03;73;0
06-29-2010 14:04;90;0
06-29-2010 14:05;157;0
06-29-2010 14:06;50;0
06-29-2010 14:07;28;0
06-29-2010 14:08;93;0
06-29-2010 14:09;111;0
06-29-2010 14:10;54;0
06-29-2010 14:11;50;0
06-29-2010 14:12;93;0
06-29-2010 14:13;240;0
06-29-2010 14:14;249;0
06-29-2010 14:15;533;0
06-29-2010 14:16;66;0
06-29-2010 14:17;66;0
06-29-2010 14:18;0;0
06-29-2010 14:19;104;0
06-29-2010 14:20;24;0
06-29-2010 14:21;152;0
06-29-2010 14:22;142;0
06-29-2010 14:23;182;0
06-29-2010 14:24;142;0
06-29-2010 14:25;76;0
06-29-2010 14:26;31;0
06-29-2010 14:27;0;0
06-29-2010 14:28;48;0
06-29-2010 14:29;126;0
06-29-2010 14:30;104;0
06-29-2010 14:31;131;0
06-29-2010 14:32;137;0
06-29-2010 14:33;294;0
06-29-2010 14:34;116;0
06-29-2010 14:35;83;0
06-29-2010 14:36;100;0
06-29-2010 14:37;189;0
06-29-2010 14:38;54;0
06-29-2010 14:39;142;0
06-29-2010 14:40;29;0
06-29-2010 14:41;202;0
06-29-2010 14:42;216;0
06-29-2010 14:43;182;0
06-29-2010 14:44;240;0
06-29-2010 14:45;107;0
06-29-2010 14:46;152;0
06-29-2010 14:47;90;0
06-29-2010 14:48;93;0
06-29-2010 14:49;209;0
06-29-2010 14:50;372;0
06-29-2010 14:51;410;0
06-29-2010 14:52;567;0
06-29-2010 14:53;498;0
06-29-2010 14:54;52;0
06-29-2010 14:55;31;0
06-29-2010 14:56;17;0
06-29-2010 14:57;157;0
06-29-2010 14:58;0;0
06-29-2010 14:59;9;0
06-29-2010 15:00;0;0
06-29-2010 15:01;0;0
06-29-2010 15:02;0;0
06-29-2010 15:03;0;0
06-29-2010 15:04;0;0
06-29-2010 15:05;86;0
06-29-2010 15:06;69;0
06-29-2010 15:07;0;0
06-29-2010 15:08;104;0
06-29-2010 15:09;3;0
06-29-2010 15:10;73;0
06-29-2010 15:11;0;0
06-29-2010 15:12;0;0
06-29-2010 15:13;9;0
06-29-2010 15:14;168;0
06-29-2010 15:15;195;0
06-29-2010 15:16;733;0
06-29-2010 15:17;733;0
06-29-2010 15:18;605;0
06-29-2010 15:19;9;0
06-29-2010 15:20;19;0
06-29-2010 15:21;69;0
06-29-2010 15:22;93;0
06-29-2010 15:23;0;0
06-29-2010 15:24;14;0
06-29-2010 15:25;0;0
06-29-2010 15:26;14;0
06-29-2010 15:27;0;0
06-29-2010 15:28;605;0
06-29-2010 15:29;979;0
06-29-2010 15:30;624;0
06-29-2010 15:31;384;0
06-29-2010 15:32;137;0
06-29-2010 15:33;175;0
06-29-2010 15:34;147;0
06-29-2010 15:35;62;0
06-29-2010 15:36;52;0
06-29-2010 15:37;168;0
06-29-2010 15:38;284;0
06-29-2010 15:39;483;0
06-29-2010 15:40;258;0
06-29-2010 15:41;116;0
06-29-2010 15:42;266;0
06-29-2010 15:43;189;0
06-29-2010 15:44;5;0
06-29-2010 15:45;0;0
06-29-2010 15:46;50;0
06-29-2010 15:47;666;0
06-29-2010 15:48;0;0
06-29-2010 15:49;0;0
06-29-2010 15:50;0;0
06-29-2010 15:51;0;0
06-29-2010 15:52;0;0
06-29-2010 15:53;0;0
06-29-2010 15:54;0;0
06-29-2010 15:55;0;0
06-29-2010 15:56;0;0
06-29-2010 15:57;0;0
06-29-2010 15:58;0;0
06-29-2010 15:59;0;0
06-29-2010 16:00;0;0
06-29-2010 16:01;1110;0
06-29-2010 16:02;1571;1
06-29-2010 16:03;1839;1
06-29-2010 16:04;372;0
06-29-2010 16:05;202;0
06-29-2010 16:06;666;0
06-29-2010 16:07;624;0
06-29-2010 16:08;258;0
06-29-2010 16:09;163;0
06-29-2010 16:10;104;0
06-29-2010 16:11;126;0
06-29-2010 16:12;93;0
06-29-2010 16:13;86;0
06-29-2010 16:14;372;0
06-29-2010 16:15;1183;0
06-29-2010 16:16;624;0
06-29-2010 16:17;533;0
06-29-2010 16:18;1010;0
06-29-2010 16:19;1386;1
06-29-2010 16:20;645;0
06-29-2010 16:21;1010;0
06-29-2010 16:22;1183;0
06-29-2010 16:23;1621;1
06-29-2010 16:24;1475;1
06-29-2010 16:25;515;0
06-29-2010 16:26;711;0
06-29-2010 16:27;711;0
06-29-2010 16:28;1301;1
06-29-2010 16:29;861;0
06-29-2010 16:30;396;0
06-29-2010 16:31;304;0
06-29-2010 16:32;918;0
06-29-2010 16:33;624;0
06-29-2010 16:34;666;0
06-29-2010 16:35;567;0
06-29-2010 16:36;1386;1
06-29-2010 16:37;567;0
06-29-2010 16:38;249;0
06-29-2010 16:39;14;0
06-29-2010 16:40;483;0
06-29-2010 16:41;266;0
06-29-2010 16:42;304;0
06-29-2010 16:43;111;0
06-29-2010 16:44;90;0
06-29-2010 16:45;223;0
06-29-2010 16:46;195;0
06-29-2010 16:47;80;0
06-29-2010 16:48;19;0
06-29-2010 16:49;284;0
06-29-2010 16:50;348;0
06-29-2010 16:51;111;0
06-29-2010 16:52;209;0
06-29-2010 16:53;360;0
06-29-2010 16:54;249;0
06-29-2010 16:55;14;0
06-29-2010 16:56;40;0
06-29-2010 16:57;97;0
06-29-2010 16:58;31;0
06-29-2010 16:59;45;0
06-29-2010 17:00;42;0
06-29-2010 17:01;45;0
06-29-2010 17:02;21;0
06-29-2010 17:03;43;0
06-29-2010 17:04;137;0
06-29-2010 17:05;10;0
06-29-2010 17:06;126;0
06-29-2010 17:07;266;0
06-29-2010 17:08;175;0
06-29-2010 17:09;202;0
06-29-2010 17:10;152;0
06-29-2010 17:11;284;0
06-29-2010 17:12;249;0
06-29-2010 17:13;182;0
06-29-2010 17:14;189;0
06-29-2010 17:15;86;0
06-29-2010 17:16;66;0
06-29-2010 17:17;284;0
06-29-2010 17:18;266;0
06-29-2010 17:19;29;0
06-29-2010 17:20;889;0
06-29-2010 17:21;1430;1
06-29-2010 17:22;1726;1
06-29-2010 17:23;1043;0
06-29-2010 17:24;372;0
06-29-2010 17:25;315;0
06-29-2010 17:26;1110;0
06-29-2010 17:27;1839;1
06-29-2010 17:28;1782;1
06-29-2010 17:29;1958;1
06-29-2010 17:30;1475;1
06-29-2010 17:31;515;0
06-29-2010 17:32;1043;0
06-29-2010 17:33;861;0
06-29-2010 17:34;605;0
06-29-2010 17:35;645;0
06-29-2010 17:36;38;0
06-29-2010 17:37;372;0
06-29-2010 17:38;645;0
06-29-2010 17:39;586;0
06-29-2010 17:40;918;0
06-29-2010 17:41;979;0
06-29-2010 17:42;711;0
06-29-2010 17:43;782;0
06-29-2010 17:44;586;0
06-29-2010 17:45;711;0
06-29-2010 17:46;336;0
06-29-2010 17:47;624;0
06-29-2010 17:48;424;0
06-29-2010 17:49;258;0
06-29-2010 17:50;834;0
06-29-2010 17:51;586;0
06-29-2010 17:52;688;0
06-29-2010 17:53;515;0
06-29-2010 17:54;645;0
06-29-2010 17:55;586;0
06-29-2010 17:56;624;0
06-29-2010 17:57;645;0
06-29-2010 17:58;1522;1
06-29-2010 17:59;1147;0
06-29-2010 18:00;624;0
06-29-2010 18:01;336;0
06-29-2010 18:02;758;0
06-29-2010 18:03;336;0
06-29-2010 18:04;348;0
06-29-2010 18:05;90;0
06-29-2010 18:06;451;0
06-29-2010 18:07;834;0
06-29-2010 18:08;147;0
06-29-2010 18:09;216;0
06-29-2010 18:10;249;0
06-29-2010 18:11;451;0
06-29-2010 18:12;249;0
06-29-2010 18:13;97;0
06-29-2010 18:14;97;0
06-29-2010 18:15;147;0
06-29-2010 18:16;498;0
06-29-2010 18:17;550;0
06-29-2010 18:18;758;0
06-29-2010 18:19;69;0
06-29-2010 18:20;467;0
06-29-2010 18:21;424;0
06-29-2010 18:22;624;0
06-29-2010 18:23;1147;0
06-29-2010 18:24;758;0
06-29-2010 18:25;1621;1
06-29-2010 18:26;2020;1
06-29-2010 18:27;1221;1
06-29-2010 18:28;1043;0
06-29-2010 18:29;645;0
06-29-2010 18:30;861;0
06-29-2010 18:31;733;0
06-29-2010 18:32;979;0
06-29-2010 18:33;1110;0
06-29-2010 18:34;1301;1
06-29-2010 18:35;586;0
06-29-2010 18:36;202;0
06-29-2010 18:37;189;0
06-29-2010 18:38;69;0
06-29-2010 18:39;438;0
06-29-2010 18:40;284;0
06-29-2010 18:41;209;0
06-29-2010 18:42;396;0
06-29-2010 18:43;168;0
06-29-2010 18:44;182;0
06-29-2010 18:45;424;0
06-29-2010 18:46;275;0
06-29-2010 18:47;348;0
06-29-2010 18:48;861;0
06-29-2010 18:49;396;0
06-29-2010 18:50;586;0
06-29-2010 18:51;688;0
06-29-2010 18:52;889;0
06-29-2010 18:53;918;0
06-29-2010 18:54;216;0
06-29-2010 18:55;131;0
06-29-2010 18:56;116;0
06-29-2010 18:57;209;0
06-29-2010 18:58;284;0
06-29-2010 18:59;410;0
06-29-2010 19:00;498;0
06-29-2010 19:01;688;0
06-29-2010 19:02;451;0
06-29-2010 19:03;360;0
06-29-2010 19:04;550;0
06-29-2010 19:05;498;0
06-29-2010 19:06;688;0
06-29-2010 19:07;550;0
06-29-2010 19:08;918;0
06-29-2010 19:09;834;0
06-29-2010 19:10;979;0
06-29-2010 19:11;483;0
06-29-2010 19:12;782;0
06-29-2010 19:13;1010;0
06-29-2010 19:14;948;0
06-29-2010 19:15;834;0
06-29-2010 19:16;567;0
06-29-2010 19:17;861;0
06-29-2010 19:18;567;0
06-29-2010 19:19;1301;1
06-29-2010 19:20;733;0
06-29-2010 19:21;586;0
06-29-2010 19:22;861;0
06-29-2010 19:23;1261;1
06-29-2010 19:24;567;0
06-29-2010 19:25;688;0
06-29-2010 19:26;438;0
06-29-2010 19:27;336;0
06-29-2010 19:28;1386;1
06-29-2010 19:29;550;0
06-29-2010 19:30;1147;0
06-29-2010 19:31;498;0
06-29-2010 19:32;711;0
06-29-2010 19:33;758;0
06-29-2010 19:34;550;0
06-29-2010 19:35;533;0
06-29-2010 19:36;483;0
06-29-2010 19:37;336;0
06-29-2010 19:38;152;0
06-29-2010 19:39;315;0
06-29-2010 19:40;396;0
06-29-2010 19:41;567;0
06-29-2010 19:42;948;0
06-29-2010 19:43;498;0
06-29-2010 19:44;1342;1
06-29-2010 19:45;666;0
06-29-2010 19:46;688;0
06-29-2010 19:47;733;0
06-29-2010 19:48;325;0
06-29-2010 19:49;336;0
06-29-2010 19:50;168;0
06-29-2010 19:51;624;0
06-29-2010 19:52;90;0
06-29-2010 19:53;142;0
06-29-2010 19:54;258;0
06-29-2010 19:55;336;0
06-29-2010 19:56;1010;0
06-29-2010 19:57;1043;0
06-29-2010 19:58;59;0
06-29-2010 19:59;137;0
06-29-2010 20:00;1221;1
06-29-2010 20:01;223;0
06-29-2010 20:02;17;0
06-29-2010 20:03;104;0
06-29-2010 20:04;38;0
06-29-2010 20:05;126;0
06-29-2010 20:06;9;0
06-29-2010 20:07;294;0
06-29-2010 20:08;336;0
06-29-2010 20:09;758;0
06-29-2010 20:10;1043;0
06-29-2010 20:11;1076;0
06-29-2010 20:12;1076;0
06-29-2010 20:13;1475;1
06-29-2010 20:14;1386;1
06-29-2010 20:15;1430;1
06-29-2010 20:16;1043;0
06-29-2010 20:17;483;0
06-29-2010 20:18;315;0
06-29-2010 20:19;249;0
06-29-2010 20:20;372;0
06-29-2010 20:21;62;0
06-29-2010 20:22;168;0
06-29-2010 20:23;1261;1
06-29-2010 20:24;223;0
06-29-2010 20:25;54;0
06-29-2010 20:26;189;0
06-29-2010 20:27;116;0
06-29-2010 20:28;189;0
06-29-2010 20:29;175;0
06-29-2010 20:30;12;0
06-29-2010 20:31;116;0
06-29-2010 20:32;126;0
06-29-2010 20:33;163;0
06-29-2010 20:34;137;0
06-29-2010 20:35;121;0
06-29-2010 20:36;163;0
06-29-2010 20:37;284;0
06-29-2010 20:38;121;0
06-29-2010 20:39;567;0
06-29-2010 20:40;107;0
06-29-2010 20:41;69;0
06-29-2010 20:42;0;0
06-29-2010 20:43;0;0
06-29-2010 20:44;17;0
06-29-2010 20:45;0;0
06-29-2010 20:46;45;0
06-29-2010 20:47;304;0
06-29-2010 20:48;121;0
06-29-2010 20:49;121;0
06-29-2010 20:50;66;0
06-29-2010 20:51;438;0
06-29-2010 20:52;195;0
06-29-2010 20:53;116;0
06-29-2010 20:54;111;0
06-29-2010 20:55;483;0
06-29-2010 20:56;498;0
06-29-2010 20:57;396;0
06-29-2010 20:58;137;0
06-29-2010 20:59;83;0
06-29-2010 21:00;131;0
06-29-2010 21:01;586;0
06-29-2010 21:02;808;0
06-29-2010 21:03;100;0
06-29-2010 21:04;97;0
06-29-2010 21:05;76;0
06-29-2010 21:06;0;0
06-29-2010 21:07;97;0
06-29-2010 21:08;93;0
06-29-2010 21:09;86;0
06-29-2010 21:10;26;0
06-29-2010 21:11;52;0
06-29-2010 21:12;86;0
06-29-2010 21:13;284;0
06-29-2010 21:14;90;0
06-29-2010 21:15;137;0
06-29-2010 21:16;232;0
06-29-2010 21:17;73;0
06-29-2010 21:18;33;0
06-29-2010 21:19;69;0
06-29-2010 21:20;384;0
06-29-2010 21:21;889;0
06-29-2010 21:22;202;0
06-29-2010 21:23;216;0
06-29-2010 21:24;86;0
06-29-2010 21:25;275;0
06-29-2010 21:26;240;0
06-29-2010 21:27;107;0
06-29-2010 21:28;195;0
06-29-2010 21:29;195;0
06-29-2010 21:30;142;0
06-29-2010 21:31;249;0
06-29-2010 21:32;116;0
06-29-2010 21:33;59;0
06-29-2010 21:34;12;0
06-29-2010 21:35;240;0
06-29-2010 21:36;38;0
06-29-2010 21:37;0;0
06-29-2010 21:38;3;0
06-29-2010 21:39;121;0
06-29-2010 21:40;16;0
06-29-2010 21:41;31;0
06-29-2010 21:42;315;0
06-29-2010 21:43;424;0
06-29-2010 21:44;163;0
06-29-2010 21:45;336;0
06-29-2010 21:46;483;0
06-29-2010 21:47;1076;0
06-29-2010 21:48;1043;0
06-29-2010 21:49;624;0
06-29-2010 21:50;111;0
06-29-2010 21:51;195;0
06-29-2010 21:52;142;0
06-29-2010 21:53;223;0
06-29-2010 21:54;83;0
06-29-2010 21:55;168;0
06-29-2010 21:56;38;0
06-29-2010 21:57;86;0
06-29-2010 21:58;93;0
06-29-2010 21:59;121;0
06-29-2010 22:00;9;0
06-29-2010 22:01;73;0
06-29-2010 22:02;3;0
06-29-2010 22:03;24;0
06-29-2010 22:04;29;0
06-29-2010 22:05;157;0
06-29-2010 22:06;59;0
06-29-2010 22:07;147;0
06-29-2010 22:08;175;0
06-29-2010 22:09;163;0
06-29-2010 22:10;59;0
06-29-2010 22:11;93;0
06-29-2010 22:12;83;0
06-29-2010 22:13;19;0
06-29-2010 22:14;0;0
06-29-2010 22:15;83;0
06-29-2010 22:16;26;0
06-29-2010 22:17;90;0
06-29-2010 22:18;73;0
06-29-2010 22:19;26;0
06-29-2010 22:20;861;0
06-29-2010 22:21;315;0
06-29-2010 22:22;688;0
06-29-2010 22:23;861;0
06-29-2010 22:24;1110;0
06-29-2010 22:25;240;0
06-29-2010 22:26;410;0
06-29-2010 22:27;104;0
06-29-2010 22:28;90;0
06-29-2010 22:29;152;0
06-29-2010 22:30;0;0
06-29-2010 22:31;0;0
06-29-2010 22:32;31;0
06-29-2010 22:33;104;0
06-29-2010 22:34;107;0
06-29-2010 22:35;142;0
06-29-2010 22:36;16;0
06-29-2010 22:37;116;0
06-29-2010 22:38;93;0
06-29-2010 22:39;62;0
06-29-2010 22:40;147;0
06-29-2010 22:41;0;0
06-29-2010 22:42;69;0
06-29-2010 22:43;54;0
06-29-2010 22:44;35;0
06-29-2010 22:45;100;0
06-29-2010 22:46;202;0
06-29-2010 22:47;40;0
06-29-2010 22:48;43;0
06-29-2010 22:49;0;0
06-29-2010 22:50;0;0
06-29-2010 22:51;157;0
06-29-2010 22:52;336;0
06-29-2010 22:53;266;0
06-29-2010 22:54;605;0
06-29-2010 22:55;396;0
06-29-2010 22:56;209;0
06-29-2010 22:57;384;0
06-29-2010 22:58;35;0
06-29-2010 22:59;0;0
06-29-2010 23:00;5;0
06-29-2010 23:01;195;0
06-29-2010 23:02;80;0
06-29-2010 23:03;182;0
06-29-2010 23:04;137;0
06-29-2010 23:05;223;0
06-29-2010 23:06;107;0
06-29-2010 23:07;360;0
06-29-2010 23:08;284;0
06-29-2010 23:09;3;0
06-29-2010 23:10;0;0
06-29-2010 23:11;175;0
06-29-2010 23:12;116;0
06-29-2010 23:13;26;0
06-29-2010 23:14;83;0
06-29-2010 23:15;0;0
06-29-2010 23:16;3;0
06-29-2010 23:17;275;0
06-29-2010 23:18;80;0
06-29-2010 23:19;182;0
06-29-2010 23:20;0;0
06-29-2010 23:21;240;0
06-29-2010 23:22;5;0
06-29-2010 23:23;35;0
06-29-2010 23:24;304;0
06-29-2010 23:25;202;0
06-29-2010 23:26;31;0
06-29-2010 23:27;0;0
06-29-2010 23:28;16;0
06-29-2010 23:29;76;0
06-29-2010 23:30;83;0
06-29-2010 23:31;97;0
06-29-2010 23:32;93;0
06-29-2010 23:33;0;0
06-29-2010 23:34;3;0
06-29-2010 23:35;86;0
06-29-2010 23:36;40;0
06-29-2010 23:37;0;0
06-29-2010 23:38;0;0
06-29-2010 23:39;157;0
06-29-2010 23:40;0;0
06-29-2010 23:41;284;0
06-29-2010 23:42;76;0
06-29-2010 23:43;48;0
06-29-2010 23:44;152;0
06-29-2010 23:45;336;0
06-29-2010 23:46;0;0
06-29-2010 23:47;0;0
06-29-2010 23:48;33;0
06-29-2010 23:49;372;0
06-29-2010 23:50;83;0
06-29-2010 23:51;107;0
06-29-2010 23:52;384;0
06-29-2010 23:53;175;0
06-29-2010 23:54;0;0
06-29-2010 23:55;0;0
06-29-2010 23:56;0;0
06-29-2010 23:57;304;0
06-29-2010 23:58;76;0
06-29-2010 23:59;97;0
06-30-2010 00:00;396;0
06-30-2010 00:01;26;0
06-30-2010 00:02;35;0
06-30-2010 00:03;240;0
06-30-2010 00:04;0;0
06-30-2010 00:05;3;0
06-30-2010 00:06;0;0
06-30-2010 00:07;0;0
06-30-2010 00:08;66;0
06-30-2010 00:09;24;0
06-30-2010 00:10;111;0
06-30-2010 00:11;0;0
06-30-2010 00:12;348;0
06-30-2010 00:13;515;0
06-30-2010 00:14;195;0
06-30-2010 00:15;76;0
06-30-2010 00:16;0;0
06-30-2010 00:17;45;0
06-30-2010 00:18;0;0
06-30-2010 00:19;0;0
06-30-2010 00:20;0;0
06-30-2010 00:21;0;0
06-30-2010 00:22;16;0
06-30-2010 00:23;0;0
06-30-2010 00:24;0;0
06-30-2010 00:25;0;0
06-30-2010 00:26;0;0
06-30-2010 00:27;0;0
06-30-2010 00:28;0;0
06-30-2010 00:29;0;0
06-30-2010 00:30;0;0
06-30-2010 00:31;0;0
06-30-2010 00:32;0;0
06-30-2010 00:33;0;0
06-30-2010 00:34;0;0
06-30-2010 00:35;0;0
06-30-2010 00:36;0;0
06-30-2010 00:37;0;0
06-30-2010 00:38;0;0
06-30-2010 00:39;0;0
06-30-2010 00:40;0;0
06-30-2010 00:41;0;0
06-30-2010 00:42;0;0
06-30-2010 00:43;0;0
06-30-2010 00:44;0;0
06-30-2010 00:45;0;0
06-30-2010 00:46;0;0
06-30-2010 00:47;0;0
06-30-2010 00:48;0;0
06-30-2010 00:49;0;0
06-30-2010 00:50;147;0
06-30-2010 00:51;0;0
06-30-2010 00:52;50;0
06-30-2010 00:53;0;0
06-30-2010 00:54;0;0
06-30-2010 00:55;0;0
06-30-2010 00:56;0;0
06-30-2010 00:57;0;0
06-30-2010 00:58;0;0
06-30-2010 00:59;0;0
06-30-2010 01:00;0;0
06-30-2010 01:01;0;0
06-30-2010 01:02;0;0
06-30-2010 01:03;0;0
06-30-2010 01:04;0;0
06-30-2010 01:05;0;0
06-30-2010 01:06;0;0
06-30-2010 01:07;0;0
06-30-2010 01:08;0;0
06-30-2010 01:09;0;0
06-30-2010 01:10;0;0
06-30-2010 01:11;0;0
06-30-2010 01:12;0;0
06-30-2010 01:13;0;0
06-30-2010 01:14;66;0
06-30-2010 01:15;0;0
06-30-2010 01:16;0;0
06-30-2010 01:17;0;0
06-30-2010 01:18;0;0
06-30-2010 01:19;0;0
06-30-2010 01:20;0;0
06-30-2010 01:21;0;0
06-30-2010 01:22;0;0
06-30-2010 01:23;0;0
06-30-2010 01:24;0;0
06-30-2010 01:25;0;0
06-30-2010 01:26;0;0
06-30-2010 01:27;0;0
06-30-2010 01:28;0;0
06-30-2010 01:29;0;0
06-30-2010 01:30;0;0
06-30-2010 01:31;0;0
06-30-2010 01:32;0;0
06-30-2010 01:33;45;0
06-30-2010 01:34;0;0
06-30-2010 01:35;0;0
06-30-2010 01:36;19;0
06-30-2010 01:37;0;0
06-30-2010 01:38;0;0
06-30-2010 01:39;0;0
06-30-2010 01:40;0;0
06-30-2010 01:41;0;0
06-30-2010 01:42;0;0
06-30-2010 01:43;0;0
06-30-2010 01:44;0;0
06-30-2010 01:45;121;0
06-30-2010 01:46;0;0
06-30-2010 01:47;73;0
06-30-2010 01:48;5;0
06-30-2010 01:49;0;0
06-30-2010 01:50;0;0
06-30-2010 01:51;0;0
06-30-2010 01:52;0;0
06-30-2010 01:53;0;0
06-30-2010 01:54;0;0
06-30-2010 01:55;0;0
06-30-2010 01:56;0;0
06-30-2010 01:57;0;0
06-30-2010 01:58;0;0
06-30-2010 01:59;0;0
06-30-2010 02:00;0;0
06-30-2010 02:01;0;0
06-30-2010 02:02;0;0
06-30-2010 02:03;0;0
06-30-2010 02:04;0;0
06-30-2010 02:05;0;0
06-30-2010 02:06;0;0
06-30-2010 02:07;0;0
06-30-2010 02:08;0;0
06-30-2010 02:09;0;0
06-30-2010 02:10;0;0
06-30-2010 02:11;107;0
06-30-2010 02:12;22;0
06-30-2010 02:13;10;0
06-30-2010 02:14;0;0
06-30-2010 02:15;0;0
06-30-2010 02:16;0;0
06-30-2010 02:17;0;0
06-30-2010 02:18;0;0
06-30-2010 02:19;0;0
06-30-2010 02:20;0;0
06-30-2010 02:21;0;0
06-30-2010 02:22;0;0
06-30-2010 02:23;0;0
06-30-2010 02:24;0;0
06-30-2010 02:25;0;0
06-30-2010 02:26;0;0
06-30-2010 02:27;0;0
06-30-2010 02:28;0;0
06-30-2010 02:29;0;0
06-30-2010 02:30;0;0
06-30-2010 02:31;0;0
06-30-2010 02:32;0;0
06-30-2010 02:33;0;0
06-30-2010 02:34;0;0
06-30-2010 02:35;0;0
06-30-2010 02:36;0;0
06-30-2010 02:37;0;0
06-30-2010 02:38;0;0
06-30-2010 02:39;0;0
06-30-2010 02:40;0;0
06-30-2010 02:41;0;0
06-30-2010 02:42;116;0
06-30-2010 02:43;258;0
06-30-2010 02:44;22;0
06-30-2010 02:45;0;0
06-30-2010 02:46;0;0
06-30-2010 02:47;0;0
06-30-2010 02:48;0;0
06-30-2010 02:49;0;0
06-30-2010 02:50;0;0
06-30-2010 02:51;0;0
06-30-2010 02:52;0;0
06-30-2010 02:53;0;0
06-30-2010 02:54;0;0
06-30-2010 02:55;0;0
06-30-2010 02:56;0;0
06-30-2010 02:57;0;0
06-30-2010 02:58;0;0
06-30-2010 02:59;0;0
06-30-2010 03:00;0;0
06-30-2010 03:01;0;0
06-30-2010 03:02;0;0
06-30-2010 03:03;0;0
06-30-2010 03:04;0;0
06-30-2010 03:05;83;0
06-30-2010 03:06;16;0
06-30-2010 03:07;0;0
06-30-2010 03:08;0;0
06-30-2010 03:09;0;0
06-30-2010 03:10;0;0
06-30-2010 03:11;0;0
06-30-2010 03:12;0;0
06-30-2010 03:13;0;0
06-30-2010 03:14;0;0
06-30-2010 03:15;0;0
06-30-2010 03:16;0;0
06-30-2010 03:17;0;0
06-30-2010 03:18;0;0
06-30-2010 03:19;0;0
06-30-2010 03:20;0;0
06-30-2010 03:21;0;0
06-30-2010 03:22;0;0
06-30-2010 03:23;50;0
06-30-2010 03:24;0;0
06-30-2010 03:25;0;0
06-30-2010 03:26;0;0
06-30-2010 03:27;0;0
06-30-2010 03:28;0;0
06-30-2010 03:29;22;0
06-30-2010 03:30;52;0
06-30-2010 03:31;0;0
06-30-2010 03:32;0;0
06-30-2010 03:33;0;0
06-30-2010 03:34;0;0
06-30-2010 03:35;0;0
06-30-2010 03:36;0;0
06-30-2010 03:37;0;0
06-30-2010 03:38;0;0
06-30-2010 03:39;0;0
06-30-2010 03:40;0;0
06-30-2010 03:41;0;0
06-30-2010 03:42;0;0
06-30-2010 03:43;0;0
06-30-2010 03:44;0;0
06-30-2010 03:45;0;0
06-30-2010 03:46;0;0
06-30-2010 03:47;0;0
06-30-2010 03:48;0;0
06-30-2010 03:49;0;0
06-30-2010 03:50;0;0
06-30-2010 03:51;0;0
06-30-2010 03:52;0;0
06-30-2010 03:53;80;0
06-30-2010 03:54;40;0
06-30-2010 03:55;0;0
06-30-2010 03:56;0;0
06-30-2010 03:57;69;0
06-30-2010 03:58;0;0
06-30-2010 03:59;0;0
06-30-2010 04:00;0;0
06-30-2010 04:01;0;0
06-30-2010 04:02;0;0
06-30-2010 04:03;0;0
06-30-2010 04:04;22;0
06-30-2010 04:05;0;0
06-30-2010 04:06;3;0
06-30-2010 04:07;0;0
06-30-2010 04:08;0;0
06-30-2010 04:09;0;0
06-30-2010 04:10;0;0
06-30-2010 04:11;0;0
06-30-2010 04:12;0;0
06-30-2010 04:13;0;0
06-30-2010 04:14;0;0
06-30-2010 04:15;0;0
06-30-2010 04:16;90;0
06-30-2010 04:17;26;0
06-30-2010 04:18;0;0
06-30-2010 04:19;26;0
06-30-2010 04:20;0;0
06-30-2010 04:21;0;0
06-30-2010 04:22;0;0
06-30-2010 04:23;0;0
06-30-2010 04:24;0;0
06-30-2010 04:25;0;0
06-30-2010 04:26;0;0
06-30-2010 04:27;0;0
06-30-2010 04:28;0;0
06-30-2010 04:29;66;0
06-30-2010 04:30;0;0
06-30-2010 04:31;0;0
06-30-2010 04:32;90;0
06-30-2010 04:33;315;0
06-30-2010 04:34;384;0
06-30-2010 04:35;66;0
06-30-2010 04:36;0;0
06-30-2010 04:37;0;0
06-30-2010 04:38;73;0
06-30-2010 04:39;0;0
06-30-2010 04:40;0;0
06-30-2010 04:41;0;0
06-30-2010 04:42;126;0
06-30-2010 04:43;97;0
06-30-2010 04:44;121;0
06-30-2010 04:45;0;0
06-30-2010 04:46;0;0
06-30-2010 04:47;0;0
06-30-2010 04:48;0;0
06-30-2010 04:49;0;0
06-30-2010 04:50;0;0
06-30-2010 04:51;0;0
06-30-2010 04:52;0;0
06-30-2010 04:53;0;0
06-30-2010 04:54;0;0
06-30-2010 04:55;0;0
06-30-2010 04:56;0;0
06-30-2010 04:57;0;0
06-30-2010 04:58;0;0
06-30-2010 04:59;0;0
06-30-2010 05:00;0;0
06-30-2010 05:01;0;0
06-30-2010 05:02;0;0
06-30-2010 05:03;0;0
06-30-2010 05:04;0;0
06-30-2010 05:05;76;0
06-30-2010 05:06;0;0
06-30-2010 05:07;10;0
06-30-2010 05:08;0;0
06-30-2010 05:09;0;0
06-30-2010 05:10;3;0
06-30-2010 05:11;0;0
06-30-2010 05:12;0;0
06-30-2010 05:13;0;0
06-30-2010 05:14;0;0
06-30-2010 05:15;0;0
06-30-2010 05:16;0;0
06-30-2010 05:17;0;0
06-30-2010 05:18;0;0
06-30-2010 05:19;0;0
06-30-2010 05:20;0;0
06-30-2010 05:21;126;0
06-30-2010 05:22;0;0
06-30-2010 05:23;0;0
06-30-2010 05:24;0;0
06-30-2010 05:25;0;0
06-30-2010 05:26;0;0
06-30-2010 05:27;0;0
06-30-2010 05:28;0;0
06-30-2010 05:29;0;0
06-30-2010 05:30;0;0
06-30-2010 05:31;0;0
06-30-2010 05:32;0;0
06-30-2010 05:33;0;0
06-30-2010 05:34;0;0
06-30-2010 05:35;0;0
06-30-2010 05:36;0;0
06-30-2010 05:37;0;0
06-30-2010 05:38;0;0
06-30-2010 05:39;0;0
06-30-2010 05:40;0;0
06-30-2010 05:41;0;0
06-30-2010 05:42;0;0
06-30-2010 05:43;0;0
06-30-2010 05:44;0;0
06-30-2010 05:45;0;0
06-30-2010 05:46;0;0
06-30-2010 05:47;0;0
06-30-2010 05:48;0;0
06-30-2010 05:49;0;0
06-30-2010 05:50;0;0
06-30-2010 05:51;0;0
06-30-2010 05:52;0;0
06-30-2010 05:53;0;0
06-30-2010 05:54;0;0
06-30-2010 05:55;0;0
06-30-2010 05:56;0;0
06-30-2010 05:57;0;0
06-30-2010 05:58;0;0
06-30-2010 05:59;0;0
06-30-2010 06:00;45;0
06-30-2010 06:01;0;0
06-30-2010 06:02;0;0
06-30-2010 06:03;0;0
06-30-2010 06:04;0;0
06-30-2010 06:05;0;0
06-30-2010 06:06;0;0
06-30-2010 06:07;0;0
06-30-2010 06:08;0;0
06-30-2010 06:09;0;0
06-30-2010 06:10;0;0
06-30-2010 06:11;0;0
06-30-2010 06:12;0;0
06-30-2010 06:13;0;0
06-30-2010 06:14;0;0
06-30-2010 06:15;0;0
06-30-2010 06:16;0;0
06-30-2010 06:17;0;0
06-30-2010 06:18;0;0
06-30-2010 06:19;0;0
06-30-2010 06:20;0;0
06-30-2010 06:21;0;0
06-30-2010 06:22;0;0
06-30-2010 06:23;0;0
06-30-2010 06:24;0;0
06-30-2010 06:25;0;0
06-30-2010 06:26;0;0
06-30-2010 06:27;0;0
06-30-2010 06:28;0;0
06-30-2010 06:29;0;0
06-30-2010 06:30;0;0
06-30-2010 06:31;48;0
06-30-2010 06:32;26;0
06-30-2010 06:33;0;0
06-30-2010 06:34;0;0
06-30-2010 06:35;0;0
06-30-2010 06:36;0;0
06-30-2010 06:37;0;0
06-30-2010 06:38;0;0
06-30-2010 06:39;0;0
06-30-2010 06:40;47;0
06-30-2010 06:41;163;0
06-30-2010 06:42;0;0
06-30-2010 06:43;0;0
06-30-2010 06:44;0;0
06-30-2010 06:45;0;0
06-30-2010 06:46;0;0
06-30-2010 06:47;126;0
06-30-2010 06:48;0;0
06-30-2010 06:49;0;0
06-30-2010 06:50;83;0
06-30-2010 06:51;0;0
06-30-2010 06:52;19;0
06-30-2010 06:53;0;0
06-30-2010 06:54;0;0
06-30-2010 06:55;0;0
06-30-2010 06:56;90;0
06-30-2010 06:57;0;0
06-30-2010 06:58;0;0
06-30-2010 06:59;163;0
06-30-2010 07:00;116;0
06-30-2010 07:01;348;0
06-30-2010 07:02;1261;1
06-30-2010 07:03;861;0
06-30-2010 07:04;360;0
06-30-2010 07:05;782;0
06-30-2010 07:06;586;0
06-30-2010 07:07;808;0
06-30-2010 07:08;733;0
06-30-2010 07:09;1261;1
06-30-2010 07:10;410;0
06-30-2010 07:11;605;0
06-30-2010 07:12;645;0
06-30-2010 07:13;808;0
06-30-2010 07:14;918;0
06-30-2010 07:15;1475;1
06-30-2010 07:16;3325;1
06-30-2010 07:17;2084;1
06-30-2010 07:18;1782;1
06-30-2010 07:19;216;0
06-30-2010 07:20;14;0
06-30-2010 07:21;1261;1
06-30-2010 07:22;861;0
06-30-2010 07:23;1147;0
06-30-2010 07:24;1726;1
06-30-2010 07:25;1221;1
06-30-2010 07:26;515;0
06-30-2010 07:27;175;0
06-30-2010 07:28;10;0
06-30-2010 07:29;266;0
06-30-2010 07:30;336;0
06-30-2010 07:31;121;0
06-30-2010 07:32;168;0
06-30-2010 07:33;69;0
06-30-2010 07:34;240;0
06-30-2010 07:35;315;0
06-30-2010 07:36;76;0
06-30-2010 07:37;10;0
06-30-2010 07:38;62;0
06-30-2010 07:39;107;0
06-30-2010 07:40;195;0
06-30-2010 07:41;209;0
06-30-2010 07:42;3;0
06-30-2010 07:43;498;0
06-30-2010 07:44;384;0
06-30-2010 07:45;605;0
06-30-2010 07:46;688;0
06-30-2010 07:47;483;0
06-30-2010 07:48;1043;0
06-30-2010 07:49;834;0
06-30-2010 07:50;948;0
06-30-2010 07:51;782;0
06-30-2010 07:52;733;0
06-30-2010 07:53;1110;0
06-30-2010 07:54;1147;0
06-30-2010 07:55;1043;0
06-30-2010 07:56;1010;0
06-30-2010 07:57;889;0
06-30-2010 07:58;1342;1
06-30-2010 07:59;1386;1
06-30-2010 08:00;861;0
06-30-2010 08:01;948;0
06-30-2010 08:02;1110;0
06-30-2010 08:03;834;0
06-30-2010 08:04;1010;0
06-30-2010 08:05;1147;0
06-30-2010 08:06;918;0
06-30-2010 08:07;918;0
06-30-2010 08:08;733;0
06-30-2010 08:09;1221;1
06-30-2010 08:10;424;0
06-30-2010 08:11;336;0
06-30-2010 08:12;410;0
06-30-2010 08:13;325;0
06-30-2010 08:14;467;0
06-30-2010 08:15;182;0
06-30-2010 08:16;372;0
06-30-2010 08:17;168;0
06-30-2010 08:18;336;0
06-30-2010 08:19;1010;0
06-30-2010 08:20;733;0
06-30-2010 08:21;1183;0
06-30-2010 08:22;258;0
06-30-2010 08:23;834;0
06-30-2010 08:24;948;0
06-30-2010 08:25;979;0
06-30-2010 08:26;758;0
06-30-2010 08:27;424;0
06-30-2010 08:28;348;0
06-30-2010 08:29;451;0
06-30-2010 08:30;645;0
06-30-2010 08:31;586;0
06-30-2010 08:32;348;0
06-30-2010 08:33;396;0
06-30-2010 08:34;396;0
06-30-2010 08:35;483;0
06-30-2010 08:36;424;0
06-30-2010 08:37;567;0
06-30-2010 08:38;782;0
06-30-2010 08:39;586;0
06-30-2010 08:40;808;0
06-30-2010 08:41;550;0
06-30-2010 08:42;758;0
06-30-2010 08:43;586;0
06-30-2010 08:44;605;0
06-30-2010 08:45;624;0
06-30-2010 08:46;586;0
06-30-2010 08:47;1221;1
06-30-2010 08:48;834;0
06-30-2010 08:49;1076;0
06-30-2010 08:50;567;0
06-30-2010 08:51;396;0
06-30-2010 08:52;116;0
06-30-2010 08:53;24;0
06-30-2010 08:54;325;0
06-30-2010 08:55;152;0
06-30-2010 08:56;24;0
06-30-2010 08:57;0;0
06-30-2010 08:58;121;0
06-30-2010 08:59;97;0
06-30-2010 09:00;31;0
06-30-2010 09:01;38;0
06-30-2010 09:02;14;0
06-30-2010 09:03;0;0
06-30-2010 09:04;284;0
06-30-2010 09:05;605;0
06-30-2010 09:06;586;0
06-30-2010 09:07;348;0
06-30-2010 09:08;284;0
06-30-2010 09:09;90;0
06-30-2010 09:10;175;0
06-30-2010 09:11;758;0
06-30-2010 09:12;467;0
06-30-2010 09:13;232;0
06-30-2010 09:14;163;0
06-30-2010 09:15;451;0
06-30-2010 09:16;384;0
06-30-2010 09:17;372;0
06-30-2010 09:18;515;0
06-30-2010 09:19;1043;0
06-30-2010 09:20;372;0
06-30-2010 09:21;348;0
06-30-2010 09:22;33;0
06-30-2010 09:23;97;0
06-30-2010 09:24;28;0
06-30-2010 09:25;168;0
06-30-2010 09:26;137;0
06-30-2010 09:27;209;0
06-30-2010 09:28;111;0
06-30-2010 09:29;137;0
06-30-2010 09:30;142;0
06-30-2010 09:31;147;0
06-30-2010 09:32;152;0
06-30-2010 09:33;202;0
06-30-2010 09:34;152;0
06-30-2010 09:35;107;0
06-30-2010 09:36;182;0
06-30-2010 09:37;168;0
06-30-2010 09:38;202;0
06-30-2010 09:39;121;0
06-30-2010 09:40;152;0
06-30-2010 09:41;284;0
06-30-2010 09:42;152;0
06-30-2010 09:43;137;0
06-30-2010 09:44;258;0
06-30-2010 09:45;157;0
06-30-2010 09:46;104;0
06-30-2010 09:47;62;0
06-30-2010 09:48;142;0
06-30-2010 09:49;73;0
06-30-2010 09:50;175;0
06-30-2010 09:51;90;0
06-30-2010 09:52;121;0
06-30-2010 09:53;69;0
06-30-2010 09:54;147;0
06-30-2010 09:55;175;0
06-30-2010 09:56;304;0
06-30-2010 09:57;209;0
06-30-2010 09:58;111;0
06-30-2010 09:59;152;0
06-30-2010 10:00;240;0
06-30-2010 10:01;189;0
06-30-2010 10:02;147;0
06-30-2010 10:03;384;0
06-30-2010 10:04;360;0
06-30-2010 10:05;733;0
06-30-2010 10:06;567;0
06-30-2010 10:07;918;0
06-30-2010 10:08;467;0
06-30-2010 10:09;410;0
06-30-2010 10:10;384;0
06-30-2010 10:11;209;0
06-30-2010 10:12;645;0
06-30-2010 10:13;384;0
06-30-2010 10:14;410;0
06-30-2010 10:15;275;0
06-30-2010 10:16;567;0
06-30-2010 10:17;424;0
06-30-2010 10:18;918;0
06-30-2010 10:19;688;0
06-30-2010 10:20;1221;1
06-30-2010 10:21;979;0
06-30-2010 10:22;1043;0
06-30-2010 10:23;483;0
06-30-2010 10:24;1183;0
06-30-2010 10:25;396;0
06-30-2010 10:26;483;0
06-30-2010 10:27;467;0
06-30-2010 10:28;258;0
06-30-2010 10:29;40;0
06-30-2010 10:30;19;0
06-30-2010 10:31;26;0
06-30-2010 10:32;29;0
06-30-2010 10:33;175;0
06-30-2010 10:34;55;0
06-30-2010 10:35;97;0
06-30-2010 10:36;59;0
06-30-2010 10:37;14;0
06-30-2010 10:38;10;0
06-30-2010 10:39;33;0
06-30-2010 10:40;121;0
06-30-2010 10:41;43;0
06-30-2010 10:42;3;0
06-30-2010 10:43;36;0
06-30-2010 10:44;21;0
06-30-2010 10:45;100;0
06-30-2010 10:46;26;0
06-30-2010 10:47;131;0
06-30-2010 10:48;223;0
06-30-2010 10:49;325;0
06-30-2010 10:50;142;0
06-30-2010 10:51;216;0
06-30-2010 10:52;189;0
06-30-2010 10:53;50;0
06-30-2010 10:54;93;0
06-30-2010 10:55;131;0
06-30-2010 10:56;100;0
06-30-2010 10:57;284;0
06-30-2010 10:58;59;0
06-30-2010 10:59;182;0
06-30-2010 11:00;223;0
06-30-2010 11:01;175;0
06-30-2010 11:02;163;0
06-30-2010 11:03;73;0
06-30-2010 11:04;93;0
06-30-2010 11:05;126;0
06-30-2010 11:06;195;0
06-30-2010 11:07;168;0
06-30-2010 11:08;73;0
06-30-2010 11:09;195;0
06-30-2010 11:10;605;0
06-30-2010 11:11;360;0
06-30-2010 11:12;360;0
06-30-2010 11:13;384;0
06-30-2010 11:14;758;0
06-30-2010 11:15;605;0
06-30-2010 11:16;1076;0
06-30-2010 11:17;758;0
06-30-2010 11:18;918;0
06-30-2010 11:19;645;0
06-30-2010 11:20;605;0
06-30-2010 11:21;294;0
06-30-2010 11:22;666;0
06-30-2010 11:23;1571;1
06-30-2010 11:24;1301;1
06-30-2010 11:25;861;0
06-30-2010 11:26;733;0
06-30-2010 11:27;1147;0
06-30-2010 11:28;645;0
06-30-2010 11:29;182;0
06-30-2010 11:30;126;0
06-30-2010 11:31;97;0
06-30-2010 11:32;69;0
06-30-2010 11:33;97;0
06-30-2010 11:34;189;0
06-30-2010 11:35;834;0
06-30-2010 11:36;1839;1
06-30-2010 11:37;948;0
06-30-2010 11:38;515;0
06-30-2010 11:39;304;0
06-30-2010 11:40;182;0
06-30-2010 11:41;372;0
06-30-2010 11:42;325;0
06-30-2010 11:43;396;0
06-30-2010 11:44;533;0
06-30-2010 11:45;438;0
06-30-2010 11:46;294;0
06-30-2010 11:47;384;0
06-30-2010 11:48;209;0
06-30-2010 11:49;189;0
06-30-2010 11:50;116;0
06-30-2010 11:51;240;0
06-30-2010 11:52;232;0
06-30-2010 11:53;223;0
06-30-2010 11:54;232;0
06-30-2010 11:55;315;0
06-30-2010 11:56;336;0
06-30-2010 11:57;438;0
06-30-2010 11:58;451;0
06-30-2010 11:59;189;0
06-30-2010 12:00;86;0
06-30-2010 12:01;33;0
06-30-2010 12:02;131;0
06-30-2010 12:03;175;0
06-30-2010 12:04;232;0
06-30-2010 12:05;232;0
06-30-2010 12:06;66;0
06-30-2010 12:07;424;0
06-30-2010 12:08;438;0
06-30-2010 12:09;137;0
06-30-2010 12:10;275;0
06-30-2010 12:11;567;0
06-30-2010 12:12;325;0
06-30-2010 12:13;336;0
06-30-2010 12:14;142;0
06-30-2010 12:15;126;0
06-30-2010 12:16;107;0
06-30-2010 12:17;28;0
06-30-2010 12:18;152;0
06-30-2010 12:19;232;0
06-30-2010 12:20;249;0
06-30-2010 12:21;1076;0
06-30-2010 12:22;360;0
06-30-2010 12:23;360;0
06-30-2010 12:24;232;0
06-30-2010 12:25;372;0
06-30-2010 12:26;336;0
06-30-2010 12:27;76;0
06-30-2010 12:28;384;0
06-30-2010 12:29;396;0
06-30-2010 12:30;758;0
06-30-2010 12:31;483;0
06-30-2010 12:32;605;0
06-30-2010 12:33;586;0
06-30-2010 12:34;498;0
06-30-2010 12:35;451;0
06-30-2010 12:36;550;0
06-30-2010 12:37;147;0
06-30-2010 12:38;62;0
06-30-2010 12:39;808;0
06-30-2010 12:40;498;0
06-30-2010 12:41;315;0
06-30-2010 12:42;325;0
06-30-2010 12:43;451;0
06-30-2010 12:44;249;0
06-30-2010 12:45;189;0
06-30-2010 12:46;275;0
06-30-2010 12:47;157;0
06-30-2010 12:48;189;0
06-30-2010 12:49;304;0
06-30-2010 12:50;396;0
06-30-2010 12:51;202;0
06-30-2010 12:52;116;0
06-30-2010 12:53;258;0
06-30-2010 12:54;348;0
06-30-2010 12:55;93;0
06-30-2010 12:56;372;0
06-30-2010 12:57;216;0
06-30-2010 12:58;137;0
06-30-2010 12:59;258;0
06-30-2010 13:00;304;0
06-30-2010 13:01;567;0
06-30-2010 13:02;325;0
06-30-2010 13:03;240;0
06-30-2010 13:04;336;0
06-30-2010 13:05;209;0
06-30-2010 13:06;232;0
06-30-2010 13:07;195;0
06-30-2010 13:08;284;0
06-30-2010 13:09;348;0
06-30-2010 13:10;240;0
06-30-2010 13:11;195;0
06-30-2010 13:12;195;0
06-30-2010 13:13;142;0
06-30-2010 13:14;182;0
06-30-2010 13:15;216;0
06-30-2010 13:16;336;0
06-30-2010 13:17;152;0
06-30-2010 13:18;861;0
06-30-2010 13:19;232;0
06-30-2010 13:20;348;0
06-30-2010 13:21;586;0
06-30-2010 13:22;782;0
06-30-2010 13:23;209;0
06-30-2010 13:24;116;0
06-30-2010 13:25;111;0
06-30-2010 13:26;438;0
06-30-2010 13:27;5;0
06-30-2010 13:28;808;0
06-30-2010 13:29;711;0
06-30-2010 13:30;711;0
06-30-2010 13:31;325;0
06-30-2010 13:32;979;0
06-30-2010 13:33;586;0
06-30-2010 13:34;266;0
06-30-2010 13:35;438;0
06-30-2010 13:36;533;0
06-30-2010 13:37;498;0
06-30-2010 13:38;266;0
06-30-2010 13:39;396;0
06-30-2010 13:40;498;0
06-30-2010 13:41;384;0
06-30-2010 13:42;360;0
06-30-2010 13:43;83;0
06-30-2010 13:44;424;0
06-30-2010 13:45;451;0
06-30-2010 13:46;121;0
06-30-2010 13:47;142;0
06-30-2010 13:48;3;0
06-30-2010 13:49;90;0
06-30-2010 13:50;62;0
06-30-2010 13:51;116;0
06-30-2010 13:52;9;0
06-30-2010 13:53;0;0
06-30-2010 13:54;0;0
06-30-2010 13:55;42;0
06-30-2010 13:56;315;0
06-30-2010 13:57;483;0
06-30-2010 13:58;533;0
06-30-2010 13:59;467;0
06-30-2010 14:00;360;0
06-30-2010 14:01;483;0
06-30-2010 14:02;711;0
06-30-2010 14:03;550;0
06-30-2010 14:04;90;0
06-30-2010 14:05;175;0
06-30-2010 14:06;202;0
06-30-2010 14:07;325;0
06-30-2010 14:08;90;0
06-30-2010 14:09;126;0
06-30-2010 14:10;372;0
06-30-2010 14:11;711;0
06-30-2010 14:12;360;0
06-30-2010 14:13;889;0
06-30-2010 14:14;396;0
06-30-2010 14:15;438;0
06-30-2010 14:16;175;0
06-30-2010 14:17;137;0
06-30-2010 14:18;410;0
06-30-2010 14:19;223;0
06-30-2010 14:20;315;0
06-30-2010 14:21;733;0
06-30-2010 14:22;360;0
06-30-2010 14:23;157;0
06-30-2010 14:24;232;0
06-30-2010 14:25;223;0
06-30-2010 14:26;0;0
06-30-2010 14:27;0;0
06-30-2010 14:28;93;0
06-30-2010 14:29;0;0
06-30-2010 14:30;76;0
06-30-2010 14:31;31;0
06-30-2010 14:32;0;0
06-30-2010 14:33;0;0
06-30-2010 14:34;35;0
06-30-2010 14:35;83;0
06-30-2010 14:36;16;0
06-30-2010 14:37;9;0
06-30-2010 14:38;0;0
06-30-2010 14:39;59;0
06-30-2010 14:40;163;0
06-30-2010 14:41;284;0
06-30-2010 14:42;438;0
06-30-2010 14:43;336;0
06-30-2010 14:44;733;0
06-30-2010 14:45;360;0
06-30-2010 14:46;182;0
06-30-2010 14:47;384;0
06-30-2010 14:48;733;0
06-30-2010 14:49;142;0
06-30-2010 14:50;223;0
06-30-2010 14:51;1261;1
06-30-2010 14:52;1621;1
06-30-2010 14:53;1301;1
06-30-2010 14:54;1430;1
06-30-2010 14:55;1522;1
06-30-2010 14:56;782;0
06-30-2010 14:57;624;0
06-30-2010 14:58;467;0
06-30-2010 14:59;372;0
06-30-2010 15:00;216;0
06-30-2010 15:01;137;0
06-30-2010 15:02;189;0
06-30-2010 15:03;304;0
06-30-2010 15:04;163;0
06-30-2010 15:05;19;0
06-30-2010 15:06;325;0
06-30-2010 15:07;137;0
06-30-2010 15:08;249;0
06-30-2010 15:09;396;0
06-30-2010 15:10;808;0
06-30-2010 15:11;1342;1
06-30-2010 15:12;1571;1
06-30-2010 15:13;1261;1
06-30-2010 15:14;1183;0
06-30-2010 15:15;1076;0
06-30-2010 15:16;1147;0
06-30-2010 15:17;889;0
06-30-2010 15:18;808;0
06-30-2010 15:19;550;0
06-30-2010 15:20;624;0
06-30-2010 15:21;861;0
06-30-2010 15:22;733;0
06-30-2010 15:23;605;0
06-30-2010 15:24;1110;0
06-30-2010 15:25;1010;0
06-30-2010 15:26;688;0
06-30-2010 15:27;372;0
06-30-2010 15:28;1147;0
06-30-2010 15:29;1522;1
06-30-2010 15:30;889;0
06-30-2010 15:31;451;0
06-30-2010 15:32;325;0
06-30-2010 15:33;758;0
06-30-2010 15:34;688;0
06-30-2010 15:35;758;0
06-30-2010 15:36;1147;0
06-30-2010 15:37;567;0
06-30-2010 15:38;711;0
06-30-2010 15:39;834;0
06-30-2010 15:40;605;0
06-30-2010 15:41;294;0
06-30-2010 15:42;586;0
06-30-2010 15:43;360;0
06-30-2010 15:44;294;0
06-30-2010 15:45;315;0
06-30-2010 15:46;189;0
06-30-2010 15:47;515;0
06-30-2010 15:48;948;0
06-30-2010 15:49;1475;1
06-30-2010 15:50;948;0
06-30-2010 15:51;1430;1
06-30-2010 15:52;711;0
06-30-2010 15:53;483;0
06-30-2010 15:54;1475;1
06-30-2010 15:55;1010;0
06-30-2010 15:56;918;0
06-30-2010 15:57;515;0
06-30-2010 15:58;624;0
06-30-2010 15:59;688;0
06-30-2010 16:00;624;0
06-30-2010 16:01;605;0
06-30-2010 16:02;483;0
06-30-2010 16:03;348;0
06-30-2010 16:04;360;0
06-30-2010 16:05;550;0
06-30-2010 16:06;624;0
06-30-2010 16:07;808;0
06-30-2010 16:08;834;0
06-30-2010 16:09;624;0
06-30-2010 16:10;116;0
06-30-2010 16:11;232;0
06-30-2010 16:12;284;0
06-30-2010 16:13;533;0
06-30-2010 16:14;467;0
06-30-2010 16:15;711;0
06-30-2010 16:16;410;0
06-30-2010 16:17;336;0
06-30-2010 16:18;550;0
06-30-2010 16:19;410;0
06-30-2010 16:20;483;0
06-30-2010 16:21;533;0
06-30-2010 16:22;666;0
06-30-2010 16:23;567;0
06-30-2010 16:24;451;0
06-30-2010 16:25;29;0
06-30-2010 16:26;384;0
06-30-2010 16:27;195;0
06-30-2010 16:28;249;0
06-30-2010 16:29;284;0
06-30-2010 16:30;515;0
06-30-2010 16:31;666;0
06-30-2010 16:32;834;0
06-30-2010 16:33;515;0
06-30-2010 16:34;451;0
06-30-2010 16:35;586;0
06-30-2010 16:36;410;0
06-30-2010 16:37;325;0
06-30-2010 16:38;372;0
06-30-2010 16:39;483;0
06-30-2010 16:40;586;0
06-30-2010 16:41;533;0
06-30-2010 16:42;294;0
06-30-2010 16:43;438;0
06-30-2010 16:44;348;0
06-30-2010 16:45;424;0
06-30-2010 16:46;223;0
06-30-2010 16:47;284;0
06-30-2010 16:48;232;0
06-30-2010 16:49;3;0
06-30-2010 16:50;55;0
06-30-2010 16:51;258;0
06-30-2010 16:52;275;0
06-30-2010 16:53;90;0
06-30-2010 16:54;175;0
06-30-2010 16:55;360;0
06-30-2010 16:56;424;0
06-30-2010 16:57;137;0
06-30-2010 16:58;624;0
06-30-2010 16:59;666;0
06-30-2010 17:00;325;0
06-30-2010 17:01;533;0
06-30-2010 17:02;284;0
06-30-2010 17:03;315;0
06-30-2010 17:04;808;0
06-30-2010 17:05;424;0
06-30-2010 17:06;515;0
06-30-2010 17:07;688;0
06-30-2010 17:08;1010;0
06-30-2010 17:09;889;0
06-30-2010 17:10;410;0
06-30-2010 17:11;979;0
06-30-2010 17:12;645;0
06-30-2010 17:13;645;0
06-30-2010 17:14;624;0
06-30-2010 17:15;666;0
06-30-2010 17:16;834;0
06-30-2010 17:17;202;0
06-30-2010 17:18;498;0
06-30-2010 17:19;360;0
06-30-2010 17:20;360;0
06-30-2010 17:21;533;0
06-30-2010 17:22;266;0
06-30-2010 17:23;348;0
06-30-2010 17:24;59;0
06-30-2010 17:25;586;0
06-30-2010 17:26;384;0
06-30-2010 17:27;586;0
06-30-2010 17:28;808;0
06-30-2010 17:29;688;0
06-30-2010 17:30;424;0
06-30-2010 17:31;451;0
06-30-2010 17:32;360;0
06-30-2010 17:33;711;0
06-30-2010 17:34;567;0
06-30-2010 17:35;711;0
06-30-2010 17:36;861;0
06-30-2010 17:37;948;0
06-30-2010 17:38;711;0
06-30-2010 17:39;666;0
06-30-2010 17:40;515;0
06-30-2010 17:41;688;0
06-30-2010 17:42;550;0
06-30-2010 17:43;315;0
06-30-2010 17:44;467;0
06-30-2010 17:45;498;0
06-30-2010 17:46;711;0
06-30-2010 17:47;550;0
06-30-2010 17:48;645;0
06-30-2010 17:49;3222;1
06-30-2010 17:50;889;0
06-30-2010 17:51;1110;0
06-30-2010 17:52;586;0
06-30-2010 17:53;451;0
06-30-2010 17:54;666;0
06-30-2010 17:55;304;0
06-30-2010 17:56;111;0
06-30-2010 17:57;104;0
06-30-2010 17:58;90;0
06-30-2010 17:59;315;0
06-30-2010 18:00;116;0
06-30-2010 18:01;0;0
06-30-2010 18:02;12;0
06-30-2010 18:03;0;0
06-30-2010 18:04;0;0
06-30-2010 18:05;0;0
06-30-2010 18:06;0;0
06-30-2010 18:07;35;0
06-30-2010 18:08;0;0
06-30-2010 18:09;12;0
06-30-2010 18:10;24;0
06-30-2010 18:11;10;0
06-30-2010 18:12;19;0
06-30-2010 18:13;3;0
06-30-2010 18:14;26;0
06-30-2010 18:15;0;0
06-30-2010 18:16;40;0
06-30-2010 18:17;54;0
06-30-2010 18:18;86;0
06-30-2010 18:19;62;0
06-30-2010 18:20;182;0
06-30-2010 18:21;107;0
06-30-2010 18:22;216;0
06-30-2010 18:23;35;0
06-30-2010 18:24;424;0
06-30-2010 18:25;304;0
06-30-2010 18:26;232;0
06-30-2010 18:27;424;0
06-30-2010 18:28;372;0
06-30-2010 18:29;202;0
06-30-2010 18:30;304;0
06-30-2010 18:31;315;0
06-30-2010 18:32;36;0
06-30-2010 18:33;26;0
06-30-2010 18:34;372;0
06-30-2010 18:35;216;0
06-30-2010 18:36;175;0
06-30-2010 18:37;0;0
06-30-2010 18:38;48;0
06-30-2010 18:39;3;0
06-30-2010 18:40;0;0
06-30-2010 18:41;0;0
06-30-2010 18:42;0;0
06-30-2010 18:43;16;0
06-30-2010 18:44;0;0
06-30-2010 18:45;0;0
06-30-2010 18:46;9;0
06-30-2010 18:47;19;0
06-30-2010 18:48;3;0
06-30-2010 18:49;0;0
06-30-2010 18:50;107;0
06-30-2010 18:51;36;0
06-30-2010 18:52;12;0
06-30-2010 18:53;29;0
06-30-2010 18:54;163;0
06-30-2010 18:55;240;0
06-30-2010 18:56;0;0
06-30-2010 18:57;76;0
06-30-2010 18:58;0;0
06-30-2010 18:59;258;0
06-30-2010 19:00;12;0
06-30-2010 19:01;10;0
06-30-2010 19:02;3;0
06-30-2010 19:03;55;0
06-30-2010 19:04;157;0
06-30-2010 19:05;0;0
06-30-2010 19:06;0;0
06-30-2010 19:07;0;0
06-30-2010 19:08;5;0
06-30-2010 19:09;3;0
06-30-2010 19:10;0;0
06-30-2010 19:11;0;0
06-30-2010 19:12;9;0
06-30-2010 19:13;47;0
06-30-2010 19:14;232;0
06-30-2010 19:15;76;0
06-30-2010 19:16;93;0
06-30-2010 19:17;9;0
06-30-2010 19:18;90;0
06-30-2010 19:19;24;0
06-30-2010 19:20;45;0
06-30-2010 19:21;83;0
06-30-2010 19:22;666;0
06-30-2010 19:23;624;0
06-30-2010 19:24;533;0
06-30-2010 19:25;645;0
06-30-2010 19:26;624;0
06-30-2010 19:27;396;0
06-30-2010 19:28;384;0
06-30-2010 19:29;515;0
06-30-2010 19:30;467;0
06-30-2010 19:31;424;0
06-30-2010 19:32;451;0
06-30-2010 19:33;59;0
06-30-2010 19:34;131;0
06-30-2010 19:35;550;0
06-30-2010 19:36;147;0
06-30-2010 19:37;360;0
06-30-2010 19:38;861;0
06-30-2010 19:39;918;0
06-30-2010 19:40;1726;1
06-30-2010 19:41;1342;1
06-30-2010 19:42;1261;1
06-30-2010 19:43;889;0
06-30-2010 19:44;396;0
06-30-2010 19:45;515;0
06-30-2010 19:46;142;0
06-30-2010 19:47;175;0
06-30-2010 19:48;666;0
06-30-2010 19:49;2020;1
06-30-2010 19:50;4392;1
06-30-2010 19:51;2674;1
06-30-2010 19:52;6985;1
06-30-2010 19:53;2935;1
06-30-2010 19:54;2935;1
06-30-2010 19:55;5625;1
06-30-2010 19:56;3222;1
06-30-2010 19:57;2935;1
06-30-2010 19:58;4003;1
06-30-2010 19:59;1782;1
06-30-2010 20:00;1475;1
06-30-2010 20:01;2593;1
06-30-2010 20:02;451;0
06-30-2010 20:03;384;0
06-30-2010 20:04;209;0
06-30-2010 20:05;175;0
06-30-2010 20:06;258;0
06-30-2010 20:07;284;0
06-30-2010 20:08;515;0
06-30-2010 20:09;451;0
06-30-2010 20:10;131;0
06-30-2010 20:11;348;0
06-30-2010 20:12;100;0
06-30-2010 20:13;240;0
06-30-2010 20:14;111;0
06-30-2010 20:15;86;0
06-30-2010 20:16;249;0
06-30-2010 20:17;223;0
06-30-2010 20:18;258;0
06-30-2010 20:19;80;0
06-30-2010 20:20;688;0
06-30-2010 20:21;175;0
06-30-2010 20:22;861;0
06-30-2010 20:23;202;0
06-30-2010 20:24;93;0
06-30-2010 20:25;550;0
06-30-2010 20:26;483;0
06-30-2010 20:27;216;0
06-30-2010 20:28;410;0
06-30-2010 20:29;451;0
06-30-2010 20:30;533;0
06-30-2010 20:31;567;0
06-30-2010 20:32;666;0
06-30-2010 20:33;624;0
06-30-2010 20:34;1110;0
06-30-2010 20:35;1898;1
06-30-2010 20:36;533;0
06-30-2010 20:37;451;0
06-30-2010 20:38;396;0
06-30-2010 20:39;515;0
06-30-2010 20:40;121;0
06-30-2010 20:41;515;0
06-30-2010 20:42;372;0
06-30-2010 20:43;758;0
06-30-2010 20:44;147;0
06-30-2010 20:45;325;0
06-30-2010 20:46;515;0
06-30-2010 20:47;294;0
06-30-2010 20:48;550;0
06-30-2010 20:49;834;0
06-30-2010 20:50;645;0
06-30-2010 20:51;711;0
06-30-2010 20:52;889;0
06-30-2010 20:53;605;0
06-30-2010 20:54;808;0
06-30-2010 20:55;645;0
06-30-2010 20:56;918;0
06-30-2010 20:57;834;0
06-30-2010 20:58;834;0
06-30-2010 20:59;567;0
06-30-2010 21:00;168;0
06-30-2010 21:01;336;0
06-30-2010 21:02;666;0
06-30-2010 21:03;498;0
06-30-2010 21:04;733;0
06-30-2010 21:05;384;0
06-30-2010 21:06;275;0
06-30-2010 21:07;240;0
06-30-2010 21:08;59;0
06-30-2010 21:09;567;0
06-30-2010 21:10;209;0
06-30-2010 21:11;168;0
06-30-2010 21:12;121;0
06-30-2010 21:13;54;0
06-30-2010 21:14;100;0
06-30-2010 21:15;16;0
06-30-2010 21:16;22;0
06-30-2010 21:17;55;0
06-30-2010 21:18;62;0
06-30-2010 21:19;40;0
06-30-2010 21:20;131;0
06-30-2010 21:21;97;0
06-30-2010 21:22;22;0
06-30-2010 21:23;3;0
06-30-2010 21:24;48;0
06-30-2010 21:25;0;0
06-30-2010 21:26;0;0
06-30-2010 21:27;33;0
06-30-2010 21:28;22;0
06-30-2010 21:29;14;0
06-30-2010 21:30;43;0
06-30-2010 21:31;42;0
06-30-2010 21:32;50;0
06-30-2010 21:33;0;0
06-30-2010 21:34;586;0
06-30-2010 21:35;152;0
06-30-2010 21:36;121;0
06-30-2010 21:37;126;0
06-30-2010 21:38;116;0
06-30-2010 21:39;131;0
06-30-2010 21:40;0;0
06-30-2010 21:41;12;0
06-30-2010 21:42;12;0
06-30-2010 21:43;100;0
06-30-2010 21:44;142;0
06-30-2010 21:45;0;0
06-30-2010 21:46;0;0
06-30-2010 21:47;45;0
06-30-2010 21:48;0;0
06-30-2010 21:49;189;0
06-30-2010 21:50;0;0
06-30-2010 21:51;104;0
06-30-2010 21:52;0;0
06-30-2010 21:53;9;0
06-30-2010 21:54;21;0
06-30-2010 21:55;73;0
06-30-2010 21:56;90;0
06-30-2010 21:57;10;0
06-30-2010 21:58;372;0
06-30-2010 21:59;325;0
06-30-2010 22:00;483;0
06-30-2010 22:01;782;0
06-30-2010 22:02;424;0
06-30-2010 22:03;605;0
06-30-2010 22:04;889;0
06-30-2010 22:05;483;0
06-30-2010 22:06;666;0
06-30-2010 22:07;624;0
06-30-2010 22:08;533;0
06-30-2010 22:09;325;0
06-30-2010 22:10;76;0
06-30-2010 22:11;889;0
06-30-2010 22:12;209;0
06-30-2010 22:13;232;0
06-30-2010 22:14;1043;0
06-30-2010 22:15;424;0
06-30-2010 22:16;550;0
06-30-2010 22:17;808;0
06-30-2010 22:18;733;0
06-30-2010 22:19;195;0
06-30-2010 22:20;325;0
06-30-2010 22:21;232;0
06-30-2010 22:22;182;0
06-30-2010 22:23;249;0
06-30-2010 22:24;325;0
06-30-2010 22:25;258;0
06-30-2010 22:26;97;0
06-30-2010 22:27;126;0
06-30-2010 22:28;116;0
06-30-2010 22:29;90;0
06-30-2010 22:30;16;0
06-30-2010 22:31;223;0
06-30-2010 22:32;348;0
06-30-2010 22:33;275;0
06-30-2010 22:34;147;0
06-30-2010 22:35;223;0
06-30-2010 22:36;284;0
06-30-2010 22:37;258;0
06-30-2010 22:38;168;0
06-30-2010 22:39;711;0
06-30-2010 22:40;586;0
06-30-2010 22:41;202;0
06-30-2010 22:42;498;0
06-30-2010 22:43;979;0
06-30-2010 22:44;688;0
06-30-2010 22:45;688;0
06-30-2010 22:46;1043;0
06-30-2010 22:47;26;0
06-30-2010 22:48;202;0
06-30-2010 22:49;209;0
06-30-2010 22:50;336;0
06-30-2010 22:51;189;0
06-30-2010 22:52;55;0
06-30-2010 22:53;97;0
06-30-2010 22:54;147;0
06-30-2010 22:55;45;0
06-30-2010 22:56;0;0
06-30-2010 22:57;3;0
06-30-2010 22:58;0;0
06-30-2010 22:59;55;0
06-30-2010 23:00;325;0
06-30-2010 23:01;266;0
06-30-2010 23:02;19;0
06-30-2010 23:03;0;0
06-30-2010 23:04;0;0
06-30-2010 23:05;0;0
06-30-2010 23:06;0;0
06-30-2010 23:07;0;0
06-30-2010 23:08;360;0
06-30-2010 23:09;0;0
06-30-2010 23:10;152;0
06-30-2010 23:11;182;0
06-30-2010 23:12;17;0
06-30-2010 23:13;232;0
06-30-2010 23:14;24;0
06-30-2010 23:15;0;0
06-30-2010 23:16;29;0
06-30-2010 23:17;294;0
06-30-2010 23:18;5;0
06-30-2010 23:19;10;0
06-30-2010 23:20;483;0
06-30-2010 23:21;410;0
06-30-2010 23:22;948;0
06-30-2010 23:23;645;0
06-30-2010 23:24;147;0
06-30-2010 23:25;0;0
06-30-2010 23:26;111;0
06-30-2010 23:27;10;0
06-30-2010 23:28;3;0
06-30-2010 23:29;0;0
06-30-2010 23:30;5;0
06-30-2010 23:31;0;0
06-30-2010 23:32;0;0
06-30-2010 23:33;0;0
06-30-2010 23:34;0;0
06-30-2010 23:35;0;0
06-30-2010 23:36;0;0
06-30-2010 23:37;9;0
06-30-2010 23:38;0;0
06-30-2010 23:39;0;0
06-30-2010 23:40;0;0
06-30-2010 23:41;0;0
06-30-2010 23:42;0;0
06-30-2010 23:43;0;0
06-30-2010 23:44;0;0
06-30-2010 23:45;0;0
06-30-2010 23:46;0;0
06-30-2010 23:47;0;0
06-30-2010 23:48;0;0
06-30-2010 23:49;0;0
06-30-2010 23:50;0;0
06-30-2010 23:51;0;0
06-30-2010 23:52;0;0
06-30-2010 23:53;107;0
06-30-2010 23:54;0;0
06-30-2010 23:55;0;0
06-30-2010 23:56;0;0
06-30-2010 23:57;0;0
06-30-2010 23:58;0;0
06-30-2010 23:59;0;0
07-01-2010 00:00;0;0
07-01-2010 00:01;0;0
07-01-2010 00:02;0;0
07-01-2010 00:03;0;0
07-01-2010 00:04;0;0
07-01-2010 00:05;0;0
07-01-2010 00:06;0;0
07-01-2010 00:07;0;0
07-01-2010 00:08;0;0
07-01-2010 00:09;0;0
07-01-2010 00:10;0;0
07-01-2010 00:11;0;0
07-01-2010 00:12;0;0
07-01-2010 00:13;0;0
07-01-2010 00:14;0;0
07-01-2010 00:15;0;0
07-01-2010 00:16;0;0
07-01-2010 00:17;0;0
07-01-2010 00:18;0;0
07-01-2010 00:19;0;0
07-01-2010 00:20;0;0
07-01-2010 00:21;0;0
07-01-2010 00:22;0;0
07-01-2010 00:23;3;0
07-01-2010 00:24;76;0
07-01-2010 00:25;0;0
07-01-2010 00:26;0;0
07-01-2010 00:27;0;0
07-01-2010 00:28;0;0
07-01-2010 00:29;0;0
07-01-2010 00:30;0;0
07-01-2010 00:31;0;0
07-01-2010 00:32;0;0
07-01-2010 00:33;3;0
07-01-2010 00:34;90;0
07-01-2010 00:35;31;0
07-01-2010 00:36;0;0
07-01-2010 00:37;0;0
07-01-2010 00:38;0;0
07-01-2010 00:39;0;0
07-01-2010 00:40;12;0
07-01-2010 00:41;0;0
07-01-2010 00:42;0;0
07-01-2010 00:43;0;0
07-01-2010 00:44;45;0
07-01-2010 00:45;0;0
07-01-2010 00:46;0;0
07-01-2010 00:47;0;0
07-01-2010 00:48;0;0
07-01-2010 00:49;0;0
07-01-2010 00:50;0;0
07-01-2010 00:51;0;0
07-01-2010 00:52;0;0
07-01-2010 00:53;38;0
07-01-2010 00:54;0;0
07-01-2010 00:55;0;0
07-01-2010 00:56;0;0
07-01-2010 00:57;0;0
07-01-2010 00:58;0;0
07-01-2010 00:59;0;0
07-01-2010 01:00;0;0
07-01-2010 01:01;31;0
07-01-2010 01:02;0;0
07-01-2010 01:03;38;0
07-01-2010 01:04;0;0
07-01-2010 01:05;80;0
07-01-2010 01:06;168;0
07-01-2010 01:07;0;0
07-01-2010 01:08;0;0
07-01-2010 01:09;38;0
07-01-2010 01:10;0;0
07-01-2010 01:11;0;0
07-01-2010 01:12;0;0
07-01-2010 01:13;0;0
07-01-2010 01:14;0;0
07-01-2010 01:15;0;0
07-01-2010 01:16;0;0
07-01-2010 01:17;0;0
07-01-2010 01:18;0;0
07-01-2010 01:19;0;0
07-01-2010 01:20;0;0
07-01-2010 01:21;0;0
07-01-2010 01:22;0;0
07-01-2010 01:23;0;0
07-01-2010 01:24;0;0
07-01-2010 01:25;0;0
07-01-2010 01:26;0;0
07-01-2010 01:27;0;0
07-01-2010 01:28;0;0
07-01-2010 01:29;0;0
07-01-2010 01:30;0;0
07-01-2010 01:31;0;0
07-01-2010 01:32;0;0
07-01-2010 01:33;0;0
07-01-2010 01:34;0;0
07-01-2010 01:35;0;0
07-01-2010 01:36;0;0
07-01-2010 01:37;0;0
07-01-2010 01:38;0;0
07-01-2010 01:39;0;0
07-01-2010 01:40;0;0
07-01-2010 01:41;0;0
07-01-2010 01:42;0;0
07-01-2010 01:43;0;0
07-01-2010 01:44;0;0
07-01-2010 01:45;0;0
07-01-2010 01:46;0;0
07-01-2010 01:47;0;0
07-01-2010 01:48;0;0
07-01-2010 01:49;0;0
07-01-2010 01:50;0;0
07-01-2010 01:51;0;0
07-01-2010 01:52;0;0
07-01-2010 01:53;0;0
07-01-2010 01:54;0;0
07-01-2010 01:55;0;0
07-01-2010 01:56;0;0
07-01-2010 01:57;76;0
07-01-2010 01:58;0;0
07-01-2010 01:59;0;0
07-01-2010 02:00;0;0
07-01-2010 02:01;0;0
07-01-2010 02:02;0;0
07-01-2010 02:03;0;0
07-01-2010 02:04;0;0
07-01-2010 02:05;0;0
07-01-2010 02:06;0;0
07-01-2010 02:07;0;0
07-01-2010 02:08;0;0
07-01-2010 02:09;0;0
07-01-2010 02:10;0;0
07-01-2010 02:11;0;0
07-01-2010 02:12;0;0
07-01-2010 02:13;0;0
07-01-2010 02:14;17;0
07-01-2010 02:15;0;0
07-01-2010 02:16;0;0
07-01-2010 02:17;0;0
07-01-2010 02:18;0;0
07-01-2010 02:19;0;0
07-01-2010 02:20;0;0
07-01-2010 02:21;0;0
07-01-2010 02:22;0;0
07-01-2010 02:23;0;0
07-01-2010 02:24;0;0
07-01-2010 02:25;0;0
07-01-2010 02:26;93;0
07-01-2010 02:27;0;0
07-01-2010 02:28;0;0
07-01-2010 02:29;0;0
07-01-2010 02:30;0;0
07-01-2010 02:31;0;0
07-01-2010 02:32;0;0
07-01-2010 02:33;0;0
07-01-2010 02:34;0;0
07-01-2010 02:35;0;0
07-01-2010 02:36;0;0
07-01-2010 02:37;0;0
07-01-2010 02:38;0;0
07-01-2010 02:39;189;0
07-01-2010 02:40;0;0
07-01-2010 02:41;0;0
07-01-2010 02:42;0;0
07-01-2010 02:43;0;0
07-01-2010 02:44;0;0
07-01-2010 02:45;0;0
07-01-2010 02:46;0;0
07-01-2010 02:47;0;0
07-01-2010 02:48;0;0
07-01-2010 02:49;0;0
07-01-2010 02:50;0;0
07-01-2010 02:51;0;0
07-01-2010 02:52;0;0
07-01-2010 02:53;0;0
07-01-2010 02:54;0;0
07-01-2010 02:55;0;0
07-01-2010 02:56;0;0
07-01-2010 02:57;0;0
07-01-2010 02:58;0;0
07-01-2010 02:59;0;0
07-01-2010 03:00;0;0
07-01-2010 03:01;0;0
07-01-2010 03:02;0;0
07-01-2010 03:03;26;0
07-01-2010 03:04;0;0
07-01-2010 03:05;0;0
07-01-2010 03:06;0;0
07-01-2010 03:07;0;0
07-01-2010 03:08;0;0
07-01-2010 03:09;0;0
07-01-2010 03:10;0;0
07-01-2010 03:11;0;0
07-01-2010 03:12;0;0
07-01-2010 03:13;0;0
07-01-2010 03:14;0;0
07-01-2010 03:15;0;0
07-01-2010 03:16;0;0
07-01-2010 03:17;0;0
07-01-2010 03:18;0;0
07-01-2010 03:19;0;0
07-01-2010 03:20;0;0
07-01-2010 03:21;0;0
07-01-2010 03:22;0;0
07-01-2010 03:23;0;0
07-01-2010 03:24;0;0
07-01-2010 03:25;0;0
07-01-2010 03:26;0;0
07-01-2010 03:27;0;0
07-01-2010 03:28;0;0
07-01-2010 03:29;0;0
07-01-2010 03:30;0;0
07-01-2010 03:31;0;0
07-01-2010 03:32;0;0
07-01-2010 03:33;0;0
07-01-2010 03:34;0;0
07-01-2010 03:35;0;0
07-01-2010 03:36;0;0
07-01-2010 03:37;0;0
07-01-2010 03:38;0;0
07-01-2010 03:39;0;0
07-01-2010 03:40;0;0
07-01-2010 03:41;14;0
07-01-2010 03:42;69;0
07-01-2010 03:43;0;0
07-01-2010 03:44;3;0
07-01-2010 03:45;0;0
07-01-2010 03:46;0;0
07-01-2010 03:47;0;0
07-01-2010 03:48;0;0
07-01-2010 03:49;0;0
07-01-2010 03:50;0;0
07-01-2010 03:51;0;0
07-01-2010 03:52;0;0
07-01-2010 03:53;0;0
07-01-2010 03:54;0;0
07-01-2010 03:55;0;0
07-01-2010 03:56;0;0
07-01-2010 03:57;0;0
07-01-2010 03:58;0;0
07-01-2010 03:59;0;0
07-01-2010 04:00;0;0
07-01-2010 04:01;0;0
07-01-2010 04:02;0;0
07-01-2010 04:03;50;0
07-01-2010 04:04;90;0
07-01-2010 04:05;0;0
07-01-2010 04:06;0;0
07-01-2010 04:07;0;0
07-01-2010 04:08;0;0
07-01-2010 04:09;0;0
07-01-2010 04:10;0;0
07-01-2010 04:11;0;0
07-01-2010 04:12;0;0
07-01-2010 04:13;0;0
07-01-2010 04:14;0;0
07-01-2010 04:15;0;0
07-01-2010 04:16;0;0
07-01-2010 04:17;0;0
07-01-2010 04:18;0;0
07-01-2010 04:19;0;0
07-01-2010 04:20;0;0
07-01-2010 04:21;0;0
07-01-2010 04:22;0;0
07-01-2010 04:23;0;0
07-01-2010 04:24;0;0
07-01-2010 04:25;0;0
07-01-2010 04:26;0;0
07-01-2010 04:27;0;0
07-01-2010 04:28;0;0
07-01-2010 04:29;0;0
07-01-2010 04:30;0;0
07-01-2010 04:31;0;0
07-01-2010 04:32;0;0
07-01-2010 04:33;0;0
07-01-2010 04:34;69;0
07-01-2010 04:35;0;0
07-01-2010 04:36;0;0
07-01-2010 04:37;0;0
07-01-2010 04:38;0;0
07-01-2010 04:39;0;0
07-01-2010 04:40;0;0
07-01-2010 04:41;0;0
07-01-2010 04:42;0;0
07-01-2010 04:43;0;0
07-01-2010 04:44;0;0
07-01-2010 04:45;0;0
07-01-2010 04:46;0;0
07-01-2010 04:47;0;0
07-01-2010 04:48;0;0
07-01-2010 04:49;0;0
07-01-2010 04:50;0;0
07-01-2010 04:51;137;0
07-01-2010 04:52;0;0
07-01-2010 04:53;0;0
07-01-2010 04:54;0;0
07-01-2010 04:55;0;0
07-01-2010 04:56;0;0
07-01-2010 04:57;175;0
07-01-2010 04:58;0;0
07-01-2010 04:59;0;0
07-01-2010 05:00;0;0
07-01-2010 05:01;0;0
07-01-2010 05:02;0;0
07-01-2010 05:03;100;0
07-01-2010 05:04;26;0
07-01-2010 05:05;0;0
07-01-2010 05:06;0;0
07-01-2010 05:07;0;0
07-01-2010 05:08;0;0
07-01-2010 05:09;0;0
07-01-2010 05:10;0;0
07-01-2010 05:11;0;0
07-01-2010 05:12;0;0
07-01-2010 05:13;0;0
07-01-2010 05:14;0;0
07-01-2010 05:15;0;0
07-01-2010 05:16;0;0
07-01-2010 05:17;0;0
07-01-2010 05:18;0;0
07-01-2010 05:19;0;0
07-01-2010 05:20;0;0
07-01-2010 05:21;0;0
07-01-2010 05:22;0;0
07-01-2010 05:23;0;0
07-01-2010 05:24;0;0
07-01-2010 05:25;0;0
07-01-2010 05:26;0;0
07-01-2010 05:27;0;0
07-01-2010 05:28;0;0
07-01-2010 05:29;0;0
07-01-2010 05:30;0;0
07-01-2010 05:31;0;0
07-01-2010 05:32;0;0
07-01-2010 05:33;0;0
07-01-2010 05:34;0;0
07-01-2010 05:35;0;0
07-01-2010 05:36;0;0
07-01-2010 05:37;0;0
07-01-2010 05:38;0;0
07-01-2010 05:39;0;0
07-01-2010 05:40;0;0
07-01-2010 05:41;0;0
07-01-2010 05:42;0;0
07-01-2010 05:43;0;0
07-01-2010 05:44;0;0
07-01-2010 05:45;0;0
07-01-2010 05:46;0;0
07-01-2010 05:47;0;0
07-01-2010 05:48;0;0
07-01-2010 05:49;0;0
07-01-2010 05:50;0;0
07-01-2010 05:51;0;0
07-01-2010 05:52;0;0
07-01-2010 05:53;0;0
07-01-2010 05:54;0;0
07-01-2010 05:55;0;0
07-01-2010 05:56;0;0
07-01-2010 05:57;0;0
07-01-2010 05:58;0;0
07-01-2010 05:59;0;0
07-01-2010 06:00;0;0
07-01-2010 06:01;0;0
07-01-2010 06:02;0;0
07-01-2010 06:03;0;0
07-01-2010 06:04;76;0
07-01-2010 06:05;157;0
07-01-2010 06:06;0;0
07-01-2010 06:07;0;0
07-01-2010 06:08;0;0
07-01-2010 06:09;22;0
07-01-2010 06:10;0;0
07-01-2010 06:11;0;0
07-01-2010 06:12;0;0
07-01-2010 06:13;0;0
07-01-2010 06:14;0;0
07-01-2010 06:15;0;0
07-01-2010 06:16;0;0
07-01-2010 06:17;0;0
07-01-2010 06:18;0;0
07-01-2010 06:19;0;0
07-01-2010 06:20;0;0
07-01-2010 06:21;0;0
07-01-2010 06:22;0;0
07-01-2010 06:23;0;0
07-01-2010 06:24;0;0
07-01-2010 06:25;0;0
07-01-2010 06:26;0;0
07-01-2010 06:27;0;0
07-01-2010 06:28;0;0
07-01-2010 06:29;0;0
07-01-2010 06:30;0;0
07-01-2010 06:31;69;0
07-01-2010 06:32;107;0
07-01-2010 06:33;733;0
07-01-2010 06:34;100;0
07-01-2010 06:35;0;0
07-01-2010 06:36;0;0
07-01-2010 06:37;0;0
07-01-2010 06:38;0;0
07-01-2010 06:39;45;0
07-01-2010 06:40;0;0
07-01-2010 06:41;86;0
07-01-2010 06:42;0;0
07-01-2010 06:43;0;0
07-01-2010 06:44;16;0
07-01-2010 06:45;86;0
07-01-2010 06:46;0;0
07-01-2010 06:47;0;0
07-01-2010 06:48;104;0
07-01-2010 06:49;7;0
07-01-2010 06:50;54;0
07-01-2010 06:51;0;0
07-01-2010 06:52;121;0
07-01-2010 06:53;0;0
07-01-2010 06:54;0;0
07-01-2010 06:55;0;0
07-01-2010 06:56;0;0
07-01-2010 06:57;410;0
07-01-2010 06:58;1147;0
07-01-2010 06:59;1043;0
07-01-2010 07:00;948;0
07-01-2010 07:01;624;0
07-01-2010 07:02;533;0
07-01-2010 07:03;438;0
07-01-2010 07:04;73;0
07-01-2010 07:05;275;0
07-01-2010 07:06;0;0
07-01-2010 07:07;0;0
07-01-2010 07:08;0;0
07-01-2010 07:09;0;0
07-01-2010 07:10;62;0
07-01-2010 07:11;83;0
07-01-2010 07:12;688;0
07-01-2010 07:13;1342;1
07-01-2010 07:14;861;0
07-01-2010 07:15;1522;1
07-01-2010 07:16;1571;1
07-01-2010 07:17;1673;1
07-01-2010 07:18;567;0
07-01-2010 07:19;223;0
07-01-2010 07:20;47;0
07-01-2010 07:21;948;0
07-01-2010 07:22;688;0
07-01-2010 07:23;808;0
07-01-2010 07:24;1076;0
07-01-2010 07:25;1522;1
07-01-2010 07:26;1010;0
07-01-2010 07:27;336;0
07-01-2010 07:28;90;0
07-01-2010 07:29;40;0
07-01-2010 07:30;0;0
07-01-2010 07:31;31;0
07-01-2010 07:32;116;0
07-01-2010 07:33;86;0
07-01-2010 07:34;12;0
07-01-2010 07:35;7;0
07-01-2010 07:36;28;0
07-01-2010 07:37;93;0
07-01-2010 07:38;284;0
07-01-2010 07:39;59;0
07-01-2010 07:40;111;0
07-01-2010 07:41;0;0
07-01-2010 07:42;66;0
07-01-2010 07:43;69;0
07-01-2010 07:44;36;0
07-01-2010 07:45;0;0
07-01-2010 07:46;55;0
07-01-2010 07:47;76;0
07-01-2010 07:48;294;0
07-01-2010 07:49;294;0
07-01-2010 07:50;336;0
07-01-2010 07:51;304;0
07-01-2010 07:52;550;0
07-01-2010 07:53;483;0
07-01-2010 07:54;567;0
07-01-2010 07:55;396;0
07-01-2010 07:56;782;0
07-01-2010 07:57;1076;0
07-01-2010 07:58;451;0
07-01-2010 07:59;533;0
07-01-2010 08:00;861;0
07-01-2010 08:01;948;0
07-01-2010 08:02;948;0
07-01-2010 08:03;918;0
07-01-2010 08:04;666;0
07-01-2010 08:05;1261;1
07-01-2010 08:06;605;0
07-01-2010 08:07;733;0
07-01-2010 08:08;782;0
07-01-2010 08:09;467;0
07-01-2010 08:10;861;0
07-01-2010 08:11;605;0
07-01-2010 08:12;1076;0
07-01-2010 08:13;624;0
07-01-2010 08:14;861;0
07-01-2010 08:15;666;0
07-01-2010 08:16;424;0
07-01-2010 08:17;348;0
07-01-2010 08:18;83;0
07-01-2010 08:19;126;0
07-01-2010 08:20;498;0
07-01-2010 08:21;424;0
07-01-2010 08:22;1342;1
07-01-2010 08:23;1076;0
07-01-2010 08:24;918;0
07-01-2010 08:25;567;0
07-01-2010 08:26;396;0
07-01-2010 08:27;451;0
07-01-2010 08:28;240;0
07-01-2010 08:29;284;0
07-01-2010 08:30;3;0
07-01-2010 08:31;131;0
07-01-2010 08:32;275;0
07-01-2010 08:33;14;0
07-01-2010 08:34;624;0
07-01-2010 08:35;410;0
07-01-2010 08:36;711;0
07-01-2010 08:37;325;0
07-01-2010 08:38;315;0
07-01-2010 08:39;1043;0
07-01-2010 08:40;550;0
07-01-2010 08:41;711;0
07-01-2010 08:42;624;0
07-01-2010 08:43;758;0
07-01-2010 08:44;232;0
07-01-2010 08:45;372;0
07-01-2010 08:46;304;0
07-01-2010 08:47;567;0
07-01-2010 08:48;451;0
07-01-2010 08:49;315;0
07-01-2010 08:50;86;0
07-01-2010 08:51;624;0
07-01-2010 08:52;315;0
07-01-2010 08:53;424;0
07-01-2010 08:54;336;0
07-01-2010 08:55;498;0
07-01-2010 08:56;605;0
07-01-2010 08:57;688;0
07-01-2010 08:58;515;0
07-01-2010 08:59;889;0
07-01-2010 09:00;733;0
07-01-2010 09:01;918;0
07-01-2010 09:02;1010;0
07-01-2010 09:03;304;0
07-01-2010 09:04;3;0
07-01-2010 09:05;182;0
07-01-2010 09:06;3;0
07-01-2010 09:07;360;0
07-01-2010 09:08;782;0
07-01-2010 09:09;688;0
07-01-2010 09:10;666;0
07-01-2010 09:11;515;0
07-01-2010 09:12;808;0
07-01-2010 09:13;758;0
07-01-2010 09:14;586;0
07-01-2010 09:15;948;0
07-01-2010 09:16;979;0
07-01-2010 09:17;605;0
07-01-2010 09:18;624;0
07-01-2010 09:19;605;0
07-01-2010 09:20;688;0
07-01-2010 09:21;438;0
07-01-2010 09:22;515;0
07-01-2010 09:23;758;0
07-01-2010 09:24;384;0
07-01-2010 09:25;209;0
07-01-2010 09:26;336;0
07-01-2010 09:27;325;0
07-01-2010 09:28;498;0
07-01-2010 09:29;711;0
07-01-2010 09:30;182;0
07-01-2010 09:31;142;0
07-01-2010 09:32;567;0
07-01-2010 09:33;76;0
07-01-2010 09:34;451;0
07-01-2010 09:35;116;0
07-01-2010 09:36;410;0
07-01-2010 09:37;47;0
07-01-2010 09:38;294;0
07-01-2010 09:39;498;0
07-01-2010 09:40;396;0
07-01-2010 09:41;258;0
07-01-2010 09:42;483;0
07-01-2010 09:43;131;0
07-01-2010 09:44;275;0
07-01-2010 09:45;157;0
07-01-2010 09:46;467;0
07-01-2010 09:47;666;0
07-01-2010 09:48;189;0
07-01-2010 09:49;126;0
07-01-2010 09:50;284;0
07-01-2010 09:51;175;0
07-01-2010 09:52;294;0
07-01-2010 09:53;223;0
07-01-2010 09:54;202;0
07-01-2010 09:55;5;0
07-01-2010 09:56;195;0
07-01-2010 09:57;223;0
07-01-2010 09:58;336;0
07-01-2010 09:59;152;0
07-01-2010 10:00;175;0
07-01-2010 10:01;1183;0
07-01-2010 10:02;515;0
07-01-2010 10:03;275;0
07-01-2010 10:04;834;0
07-01-2010 10:05;1010;0
07-01-2010 10:06;889;0
07-01-2010 10:07;979;0
07-01-2010 10:08;168;0
07-01-2010 10:09;100;0
07-01-2010 10:10;29;0
07-01-2010 10:11;73;0
07-01-2010 10:12;325;0
07-01-2010 10:13;232;0
07-01-2010 10:14;111;0
07-01-2010 10:15;240;0
07-01-2010 10:16;258;0
07-01-2010 10:17;29;0
07-01-2010 10:18;195;0
07-01-2010 10:19;666;0
07-01-2010 10:20;372;0
07-01-2010 10:21;711;0
07-01-2010 10:22;424;0
07-01-2010 10:23;733;0
07-01-2010 10:24;515;0
07-01-2010 10:25;348;0
07-01-2010 10:26;451;0
07-01-2010 10:27;515;0
07-01-2010 10:28;168;0
07-01-2010 10:29;451;0
07-01-2010 10:30;372;0
07-01-2010 10:31;175;0
07-01-2010 10:32;116;0
07-01-2010 10:33;216;0
07-01-2010 10:34;284;0
07-01-2010 10:35;216;0
07-01-2010 10:36;100;0
07-01-2010 10:37;0;0
07-01-2010 10:38;66;0
07-01-2010 10:39;62;0
07-01-2010 10:40;348;0
07-01-2010 10:41;396;0
07-01-2010 10:42;567;0
07-01-2010 10:43;294;0
07-01-2010 10:44;360;0
07-01-2010 10:45;294;0
07-01-2010 10:46;467;0
07-01-2010 10:47;424;0
07-01-2010 10:48;467;0
07-01-2010 10:49;396;0
07-01-2010 10:50;294;0
07-01-2010 10:51;266;0
07-01-2010 10:52;152;0
07-01-2010 10:53;209;0
07-01-2010 10:54;137;0
07-01-2010 10:55;438;0
07-01-2010 10:56;232;0
07-01-2010 10:57;175;0
07-01-2010 10:58;294;0
07-01-2010 10:59;275;0
07-01-2010 11:00;100;0
07-01-2010 11:01;142;0
07-01-2010 11:02;111;0
07-01-2010 11:03;76;0
07-01-2010 11:04;121;0
07-01-2010 11:05;163;0
07-01-2010 11:06;216;0
07-01-2010 11:07;336;0
07-01-2010 11:08;605;0
07-01-2010 11:09;360;0
07-01-2010 11:10;733;0
07-01-2010 11:11;336;0
07-01-2010 11:12;294;0
07-01-2010 11:13;410;0
07-01-2010 11:14;76;0
07-01-2010 11:15;550;0
07-01-2010 11:16;182;0
07-01-2010 11:17;410;0
07-01-2010 11:18;111;0
07-01-2010 11:19;97;0
07-01-2010 11:20;152;0
07-01-2010 11:21;451;0
07-01-2010 11:22;533;0
07-01-2010 11:23;624;0
07-01-2010 11:24;336;0
07-01-2010 11:25;861;0
07-01-2010 11:26;1301;1
07-01-2010 11:27;688;0
07-01-2010 11:28;325;0
07-01-2010 11:29;424;0
07-01-2010 11:30;232;0
07-01-2010 11:31;410;0
07-01-2010 11:32;40;0
07-01-2010 11:33;336;0
07-01-2010 11:34;9;0
07-01-2010 11:35;861;0
07-01-2010 11:36;733;0
07-01-2010 11:37;410;0
07-01-2010 11:38;567;0
07-01-2010 11:39;586;0
07-01-2010 11:40;294;0
07-01-2010 11:41;168;0
07-01-2010 11:42;66;0
07-01-2010 11:43;83;0
07-01-2010 11:44;195;0
07-01-2010 11:45;66;0
07-01-2010 11:46;76;0
07-01-2010 11:47;258;0
07-01-2010 11:48;240;0
07-01-2010 11:49;175;0
07-01-2010 11:50;62;0
07-01-2010 11:51;97;0
07-01-2010 11:52;175;0
07-01-2010 11:53;100;0
07-01-2010 11:54;26;0
07-01-2010 11:55;202;0
07-01-2010 11:56;424;0
07-01-2010 11:57;50;0
07-01-2010 11:58;19;0
07-01-2010 11:59;216;0
07-01-2010 12:00;240;0
07-01-2010 12:01;438;0
07-01-2010 12:02;157;0
07-01-2010 12:03;336;0
07-01-2010 12:04;111;0
07-01-2010 12:05;22;0
07-01-2010 12:06;126;0
07-01-2010 12:07;175;0
07-01-2010 12:08;232;0
07-01-2010 12:09;182;0
07-01-2010 12:10;266;0
07-01-2010 12:11;47;0
07-01-2010 12:12;28;0
07-01-2010 12:13;0;0
07-01-2010 12:14;7;0
07-01-2010 12:15;147;0
07-01-2010 12:16;182;0
07-01-2010 12:17;758;0
07-01-2010 12:18;1043;0
07-01-2010 12:19;336;0
07-01-2010 12:20;202;0
07-01-2010 12:21;55;0
07-01-2010 12:22;284;0
07-01-2010 12:23;121;0
07-01-2010 12:24;168;0
07-01-2010 12:25;624;0
07-01-2010 12:26;467;0
07-01-2010 12:27;258;0
07-01-2010 12:28;360;0
07-01-2010 12:29;258;0
07-01-2010 12:30;533;0
07-01-2010 12:31;586;0
07-01-2010 12:32;131;0
07-01-2010 12:33;410;0
07-01-2010 12:34;38;0
07-01-2010 12:35;195;0
07-01-2010 12:36;567;0
07-01-2010 12:37;348;0
07-01-2010 12:38;372;0
07-01-2010 12:39;515;0
07-01-2010 12:40;467;0
07-01-2010 12:41;284;0
07-01-2010 12:42;175;0
07-01-2010 12:43;232;0
07-01-2010 12:44;266;0
07-01-2010 12:45;240;0
07-01-2010 12:46;195;0
07-01-2010 12:47;142;0
07-01-2010 12:48;195;0
07-01-2010 12:49;372;0
07-01-2010 12:50;410;0
07-01-2010 12:51;624;0
07-01-2010 12:52;782;0
07-01-2010 12:53;438;0
07-01-2010 12:54;834;0
07-01-2010 12:55;666;0
07-01-2010 12:56;1110;0
07-01-2010 12:57;733;0
07-01-2010 12:58;533;0
07-01-2010 12:59;216;0
07-01-2010 13:00;142;0
07-01-2010 13:01;533;0
07-01-2010 13:02;384;0
07-01-2010 13:03;483;0
07-01-2010 13:04;182;0
07-01-2010 13:05;325;0
07-01-2010 13:06;83;0
07-01-2010 13:07;733;0
07-01-2010 13:08;294;0
07-01-2010 13:09;533;0
07-01-2010 13:10;175;0
07-01-2010 13:11;348;0
07-01-2010 13:12;451;0
07-01-2010 13:13;498;0
07-01-2010 13:14;424;0
07-01-2010 13:15;396;0
07-01-2010 13:16;424;0
07-01-2010 13:17;645;0
07-01-2010 13:18;258;0
07-01-2010 13:19;126;0
07-01-2010 13:20;76;0
07-01-2010 13:21;483;0
07-01-2010 13:22;131;0
07-01-2010 13:23;396;0
07-01-2010 13:24;567;0
07-01-2010 13:25;889;0
07-01-2010 13:26;834;0
07-01-2010 13:27;605;0
07-01-2010 13:28;645;0
07-01-2010 13:29;189;0
07-01-2010 13:30;948;0
07-01-2010 13:31;258;0
07-01-2010 13:32;688;0
07-01-2010 13:33;889;0
07-01-2010 13:34;258;0
07-01-2010 13:35;202;0
07-01-2010 13:36;372;0
07-01-2010 13:37;336;0
07-01-2010 13:38;266;0
07-01-2010 13:39;284;0
07-01-2010 13:40;758;0
07-01-2010 13:41;121;0
07-01-2010 13:42;249;0
07-01-2010 13:43;808;0
07-01-2010 13:44;567;0
07-01-2010 13:45;711;0
07-01-2010 13:46;325;0
07-01-2010 13:47;258;0
07-01-2010 13:48;189;0
07-01-2010 13:49;666;0
07-01-2010 13:50;889;0
07-01-2010 13:51;733;0
07-01-2010 13:52;782;0
07-01-2010 13:53;645;0
07-01-2010 13:54;666;0
07-01-2010 13:55;782;0
07-01-2010 13:56;483;0
07-01-2010 13:57;232;0
07-01-2010 13:58;624;0
07-01-2010 13:59;1076;0
07-01-2010 14:00;1839;1
07-01-2010 14:01;1386;1
07-01-2010 14:02;861;0
07-01-2010 14:03;782;0
07-01-2010 14:04;348;0
07-01-2010 14:05;467;0
07-01-2010 14:06;498;0
07-01-2010 14:07;1010;0
07-01-2010 14:08;202;0
07-01-2010 14:09;97;0
07-01-2010 14:10;834;0
07-01-2010 14:11;1076;0
07-01-2010 14:12;889;0
07-01-2010 14:13;861;0
07-01-2010 14:14;550;0
07-01-2010 14:15;605;0
07-01-2010 14:16;40;0
07-01-2010 14:17;137;0
07-01-2010 14:18;3;0
07-01-2010 14:19;21;0
07-01-2010 14:20;0;0
07-01-2010 14:21;232;0
07-01-2010 14:22;515;0
07-01-2010 14:23;116;0
07-01-2010 14:24;0;0
07-01-2010 14:25;24;0
07-01-2010 14:26;55;0
07-01-2010 14:27;348;0
07-01-2010 14:28;209;0
07-01-2010 14:29;258;0
07-01-2010 14:30;515;0
07-01-2010 14:31;12;0
07-01-2010 14:32;14;0
07-01-2010 14:33;7;0
07-01-2010 14:34;711;0
07-01-2010 14:35;1782;1
07-01-2010 14:36;1342;1
07-01-2010 14:37;1726;1
07-01-2010 14:38;1839;1
07-01-2010 14:39;1010;0
07-01-2010 14:40;1782;1
07-01-2010 14:41;1301;1
07-01-2010 14:42;688;0
07-01-2010 14:43;451;0
07-01-2010 14:44;294;0
07-01-2010 14:45;1301;1
07-01-2010 14:46;567;0
07-01-2010 14:47;396;0
07-01-2010 14:48;498;0
07-01-2010 14:49;515;0
07-01-2010 14:50;808;0
07-01-2010 14:51;889;0
07-01-2010 14:52;1110;0
07-01-2010 14:53;1261;1
07-01-2010 14:54;666;0
07-01-2010 14:55;758;0
07-01-2010 14:56;586;0
07-01-2010 14:57;567;0
07-01-2010 14:58;733;0
07-01-2010 14:59;834;0
07-01-2010 15:00;979;0
07-01-2010 15:01;918;0
07-01-2010 15:02;483;0
07-01-2010 15:03;240;0
07-01-2010 15:04;396;0
07-01-2010 15:05;483;0
07-01-2010 15:06;979;0
07-01-2010 15:07;1183;0
07-01-2010 15:08;733;0
07-01-2010 15:09;515;0
07-01-2010 15:10;567;0
07-01-2010 15:11;360;0
07-01-2010 15:12;137;0
07-01-2010 15:13;688;0
07-01-2010 15:14;1076;0
07-01-2010 15:15;498;0
07-01-2010 15:16;348;0
07-01-2010 15:17;66;0
07-01-2010 15:18;111;0
07-01-2010 15:19;1958;1
07-01-2010 15:20;438;0
07-01-2010 15:21;142;0
07-01-2010 15:22;325;0
07-01-2010 15:23;451;0
07-01-2010 15:24;1010;0
07-01-2010 15:25;216;0
07-01-2010 15:26;808;0
07-01-2010 15:27;1010;0
07-01-2010 15:28;410;0
07-01-2010 15:29;223;0
07-01-2010 15:30;550;0
07-01-2010 15:31;126;0
07-01-2010 15:32;223;0
07-01-2010 15:33;21;0
07-01-2010 15:34;90;0
07-01-2010 15:35;36;0
07-01-2010 15:36;3;0
07-01-2010 15:37;3;0
07-01-2010 15:38;12;0
07-01-2010 15:39;66;0
07-01-2010 15:40;36;0
07-01-2010 15:41;284;0
07-01-2010 15:42;157;0
07-01-2010 15:43;249;0
07-01-2010 15:44;14;0
07-01-2010 15:45;0;0
07-01-2010 15:46;90;0
07-01-2010 15:47;0;0
07-01-2010 15:48;50;0
07-01-2010 15:49;83;0
07-01-2010 15:50;43;0
07-01-2010 15:51;396;0
07-01-2010 15:52;438;0
07-01-2010 15:53;1183;0
07-01-2010 15:54;666;0
07-01-2010 15:55;758;0
07-01-2010 15:56;918;0
07-01-2010 15:57;126;0
07-01-2010 15:58;182;0
07-01-2010 15:59;384;0
07-01-2010 16:00;396;0
07-01-2010 16:01;733;0
07-01-2010 16:02;605;0
07-01-2010 16:03;782;0
07-01-2010 16:04;175;0
07-01-2010 16:05;31;0
07-01-2010 16:06;168;0
07-01-2010 16:07;31;0
07-01-2010 16:08;0;0
07-01-2010 16:09;35;0
07-01-2010 16:10;137;0
07-01-2010 16:11;0;0
07-01-2010 16:12;38;0
07-01-2010 16:13;116;0
07-01-2010 16:14;66;0
07-01-2010 16:15;424;0
07-01-2010 16:16;126;0
07-01-2010 16:17;116;0
07-01-2010 16:18;42;0
07-01-2010 16:19;0;0
07-01-2010 16:20;163;0
07-01-2010 16:21;182;0
07-01-2010 16:22;258;0
07-01-2010 16:23;336;0
07-01-2010 16:24;498;0
07-01-2010 16:25;336;0
07-01-2010 16:26;515;0
07-01-2010 16:27;979;0
07-01-2010 16:28;223;0
07-01-2010 16:29;372;0
07-01-2010 16:30;483;0
07-01-2010 16:31;336;0
07-01-2010 16:32;348;0
07-01-2010 16:33;137;0
07-01-2010 16:34;266;0
07-01-2010 16:35;223;0
07-01-2010 16:36;223;0
07-01-2010 16:37;142;0
07-01-2010 16:38;107;0
07-01-2010 16:39;116;0
07-01-2010 16:40;43;0
07-01-2010 16:41;59;0
07-01-2010 16:42;22;0
07-01-2010 16:43;21;0
07-01-2010 16:44;69;0
07-01-2010 16:45;195;0
07-01-2010 16:46;14;0
07-01-2010 16:47;16;0
07-01-2010 16:48;131;0
07-01-2010 16:49;31;0
07-01-2010 16:50;372;0
07-01-2010 16:51;107;0
07-01-2010 16:52;733;0
07-01-2010 16:53;1261;1
07-01-2010 16:54;1043;0
07-01-2010 16:55;97;0
07-01-2010 16:56;90;0
07-01-2010 16:57;80;0
07-01-2010 16:58;451;0
07-01-2010 16:59;1342;1
07-01-2010 17:00;1301;1
07-01-2010 17:01;275;0
07-01-2010 17:02;294;0
07-01-2010 17:03;1110;0
07-01-2010 17:04;424;0
07-01-2010 17:05;567;0
07-01-2010 17:06;10;0
07-01-2010 17:07;498;0
07-01-2010 17:08;223;0
07-01-2010 17:09;294;0
07-01-2010 17:10;223;0
07-01-2010 17:11;438;0
07-01-2010 17:12;249;0
07-01-2010 17:13;304;0
07-01-2010 17:14;73;0
07-01-2010 17:15;360;0
07-01-2010 17:16;55;0
07-01-2010 17:17;0;0
07-01-2010 17:18;0;0
07-01-2010 17:19;209;0
07-01-2010 17:20;861;0
07-01-2010 17:21;19;0
07-01-2010 17:22;586;0
07-01-2010 17:23;294;0
07-01-2010 17:24;202;0
07-01-2010 17:25;249;0
07-01-2010 17:26;294;0
07-01-2010 17:27;396;0
07-01-2010 17:28;142;0
07-01-2010 17:29;249;0
07-01-2010 17:30;275;0
07-01-2010 17:31;26;0
07-01-2010 17:32;0;0
07-01-2010 17:33;16;0
07-01-2010 17:34;142;0
07-01-2010 17:35;294;0
07-01-2010 17:36;0;0
07-01-2010 17:37;209;0
07-01-2010 17:38;249;0
07-01-2010 17:39;266;0
07-01-2010 17:40;189;0
07-01-2010 17:41;372;0
07-01-2010 17:42;410;0
07-01-2010 17:43;216;0
07-01-2010 17:44;360;0
07-01-2010 17:45;533;0
07-01-2010 17:46;979;0
07-01-2010 17:47;424;0
07-01-2010 17:48;336;0
07-01-2010 17:49;336;0
07-01-2010 17:50;163;0
07-01-2010 17:51;284;0
07-01-2010 17:52;733;0
07-01-2010 17:53;889;0
07-01-2010 17:54;645;0
07-01-2010 17:55;645;0
07-01-2010 17:56;758;0
07-01-2010 17:57;315;0
07-01-2010 17:58;645;0
07-01-2010 17:59;918;0
07-01-2010 18:00;605;0
07-01-2010 18:01;586;0
07-01-2010 18:02;586;0
07-01-2010 18:03;645;0
07-01-2010 18:04;360;0
07-01-2010 18:05;645;0
07-01-2010 18:06;605;0
07-01-2010 18:07;688;0
07-01-2010 18:08;834;0
07-01-2010 18:09;733;0
07-01-2010 18:10;605;0
07-01-2010 18:11;533;0
07-01-2010 18:12;410;0
07-01-2010 18:13;979;0
07-01-2010 18:14;438;0
07-01-2010 18:15;483;0
07-01-2010 18:16;240;0
07-01-2010 18:17;97;0
07-01-2010 18:18;372;0
07-01-2010 18:19;55;0
07-01-2010 18:20;266;0
07-01-2010 18:21;157;0
07-01-2010 18:22;100;0
07-01-2010 18:23;275;0
07-01-2010 18:24;0;0
07-01-2010 18:25;0;0
07-01-2010 18:26;284;0
07-01-2010 18:27;36;0
07-01-2010 18:28;116;0
07-01-2010 18:29;111;0
07-01-2010 18:30;36;0
07-01-2010 18:31;5;0
07-01-2010 18:32;7;0
07-01-2010 18:33;0;0
07-01-2010 18:34;325;0
07-01-2010 18:35;240;0
07-01-2010 18:36;86;0
07-01-2010 18:37;232;0
07-01-2010 18:38;202;0
07-01-2010 18:39;861;0
07-01-2010 18:40;232;0
07-01-2010 18:41;348;0
07-01-2010 18:42;73;0
07-01-2010 18:43;182;0
07-01-2010 18:44;69;0
07-01-2010 18:45;733;0
07-01-2010 18:46;567;0
07-01-2010 18:47;1571;1
07-01-2010 18:48;1183;0
07-01-2010 18:49;1010;0
07-01-2010 18:50;3124;1
07-01-2010 18:51;2150;1
07-01-2010 18:52;3430;1
07-01-2010 18:53;3762;1
07-01-2010 18:54;2674;1
07-01-2010 18:55;2020;1
07-01-2010 18:56;1342;1
07-01-2010 18:57;889;0
07-01-2010 18:58;451;0
07-01-2010 18:59;195;0
07-01-2010 19:00;438;0
07-01-2010 19:01;157;0
07-01-2010 19:02;467;0
07-01-2010 19:03;396;0
07-01-2010 19:04;304;0
07-01-2010 19:05;396;0
07-01-2010 19:06;249;0
07-01-2010 19:07;304;0
07-01-2010 19:08;948;0
07-01-2010 19:09;1110;0
07-01-2010 19:10;3029;1
07-01-2010 19:11;1386;1
07-01-2010 19:12;1147;0
07-01-2010 19:13;1386;1
07-01-2010 19:14;1430;1
07-01-2010 19:15;2361;1
07-01-2010 19:16;1261;1
07-01-2010 19:17;918;0
07-01-2010 19:18;567;0
07-01-2010 19:19;410;0
07-01-2010 19:20;294;0
07-01-2010 19:21;451;0
07-01-2010 19:22;348;0
07-01-2010 19:23;515;0
07-01-2010 19:24;189;0
07-01-2010 19:25;438;0
07-01-2010 19:26;948;0
07-01-2010 19:27;1183;0
07-01-2010 19:28;1301;1
07-01-2010 19:29;918;0
07-01-2010 19:30;284;0
07-01-2010 19:31;666;0
07-01-2010 19:32;467;0
07-01-2010 19:33;645;0
07-01-2010 19:34;0;0
07-01-2010 19:35;73;0
07-01-2010 19:36;483;0
07-01-2010 19:37;645;0
07-01-2010 19:38;55;0
07-01-2010 19:39;372;0
07-01-2010 19:40;195;0
07-01-2010 19:41;232;0
07-01-2010 19:42;142;0
07-01-2010 19:43;360;0
07-01-2010 19:44;360;0
07-01-2010 19:45;325;0
07-01-2010 19:46;202;0
07-01-2010 19:47;304;0
07-01-2010 19:48;202;0
07-01-2010 19:49;483;0
07-01-2010 19:50;202;0
07-01-2010 19:51;175;0
07-01-2010 19:52;240;0
07-01-2010 19:53;396;0
07-01-2010 19:54;284;0
07-01-2010 19:55;336;0
07-01-2010 19:56;100;0
07-01-2010 19:57;182;0
07-01-2010 19:58;42;0
07-01-2010 19:59;189;0
07-01-2010 20:00;175;0
07-01-2010 20:01;336;0
07-01-2010 20:02;126;0
07-01-2010 20:03;157;0
07-01-2010 20:04;336;0
07-01-2010 20:05;284;0
07-01-2010 20:06;55;0
07-01-2010 20:07;384;0
07-01-2010 20:08;66;0
07-01-2010 20:09;0;0
07-01-2010 20:10;0;0
07-01-2010 20:11;3;0
07-01-2010 20:12;3;0
07-01-2010 20:13;0;0
07-01-2010 20:14;142;0
07-01-2010 20:15;360;0
07-01-2010 20:16;83;0
07-01-2010 20:17;0;0
07-01-2010 20:18;0;0
07-01-2010 20:19;131;0
07-01-2010 20:20;157;0
07-01-2010 20:21;0;0
07-01-2010 20:22;0;0
07-01-2010 20:23;152;0
07-01-2010 20:24;83;0
07-01-2010 20:25;0;0
07-01-2010 20:26;52;0
07-01-2010 20:27;80;0
07-01-2010 20:28;45;0
07-01-2010 20:29;36;0
07-01-2010 20:30;76;0
07-01-2010 20:31;624;0
07-01-2010 20:32;336;0
07-01-2010 20:33;315;0
07-01-2010 20:34;0;0
07-01-2010 20:35;59;0
07-01-2010 20:36;93;0
07-01-2010 20:37;152;0
07-01-2010 20:38;43;0
07-01-2010 20:39;0;0
07-01-2010 20:40;0;0
07-01-2010 20:41;62;0
07-01-2010 20:42;152;0
07-01-2010 20:43;304;0
07-01-2010 20:44;76;0
07-01-2010 20:45;28;0
07-01-2010 20:46;0;0
07-01-2010 20:47;3;0
07-01-2010 20:48;7;0
07-01-2010 20:49;0;0
07-01-2010 20:50;0;0
07-01-2010 20:51;9;0
07-01-2010 20:52;14;0
07-01-2010 20:53;0;0
07-01-2010 20:54;189;0
07-01-2010 20:55;0;0
07-01-2010 20:56;0;0
07-01-2010 20:57;59;0
07-01-2010 20:58;116;0
07-01-2010 20:59;131;0
07-01-2010 21:00;240;0
07-01-2010 21:01;131;0
07-01-2010 21:02;258;0
07-01-2010 21:03;52;0
07-01-2010 21:04;76;0
07-01-2010 21:05;62;0
07-01-2010 21:06;223;0
07-01-2010 21:07;121;0
07-01-2010 21:08;0;0
07-01-2010 21:09;38;0
07-01-2010 21:10;66;0
07-01-2010 21:11;69;0
07-01-2010 21:12;0;0
07-01-2010 21:13;116;0
07-01-2010 21:14;17;0
07-01-2010 21:15;76;0
07-01-2010 21:16;294;0
07-01-2010 21:17;216;0
07-01-2010 21:18;33;0
07-01-2010 21:19;137;0
07-01-2010 21:20;0;0
07-01-2010 21:21;22;0
07-01-2010 21:22;7;0
07-01-2010 21:23;266;0
07-01-2010 21:24;0;0
07-01-2010 21:25;69;0
07-01-2010 21:26;55;0
07-01-2010 21:27;69;0
07-01-2010 21:28;372;0
07-01-2010 21:29;240;0
07-01-2010 21:30;107;0
07-01-2010 21:31;147;0
07-01-2010 21:32;9;0
07-01-2010 21:33;0;0
07-01-2010 21:34;195;0
07-01-2010 21:35;195;0
07-01-2010 21:36;1673;1
07-01-2010 21:37;3;0
07-01-2010 21:38;116;0
07-01-2010 21:39;515;0
07-01-2010 21:40;567;0
07-01-2010 21:41;758;0
07-01-2010 21:42;483;0
07-01-2010 21:43;782;0
07-01-2010 21:44;451;0
07-01-2010 21:45;498;0
07-01-2010 21:46;223;0
07-01-2010 21:47;90;0
07-01-2010 21:48;202;0
07-01-2010 21:49;189;0
07-01-2010 21:50;147;0
07-01-2010 21:51;624;0
07-01-2010 21:52;157;0
07-01-2010 21:53;586;0
07-01-2010 21:54;258;0
07-01-2010 21:55;232;0
07-01-2010 21:56;258;0
07-01-2010 21:57;90;0
07-01-2010 21:58;438;0
07-01-2010 21:59;90;0
07-01-2010 22:00;396;0
07-01-2010 22:01;918;0
07-01-2010 22:02;451;0
07-01-2010 22:03;645;0
07-01-2010 22:04;410;0
07-01-2010 22:05;438;0
07-01-2010 22:06;438;0
07-01-2010 22:07;304;0
07-01-2010 22:08;284;0
07-01-2010 22:09;624;0
07-01-2010 22:10;666;0
07-01-2010 22:11;733;0
07-01-2010 22:12;567;0
07-01-2010 22:13;948;0
07-01-2010 22:14;808;0
07-01-2010 22:15;1386;1
07-01-2010 22:16;1621;1
07-01-2010 22:17;1261;1
07-01-2010 22:18;1522;1
07-01-2010 22:19;1571;1
07-01-2010 22:20;567;0
07-01-2010 22:21;202;0
07-01-2010 22:22;21;0
07-01-2010 22:23;33;0
07-01-2010 22:24;126;0
07-01-2010 22:25;93;0
07-01-2010 22:26;100;0
07-01-2010 22:27;294;0
07-01-2010 22:28;304;0
07-01-2010 22:29;451;0
07-01-2010 22:30;294;0
07-01-2010 22:31;266;0
07-01-2010 22:32;550;0
07-01-2010 22:33;979;0
07-01-2010 22:34;1301;1
07-01-2010 22:35;163;0
07-01-2010 22:36;26;0
07-01-2010 22:37;189;0
07-01-2010 22:38;19;0
07-01-2010 22:39;80;0
07-01-2010 22:40;0;0
07-01-2010 22:41;54;0
07-01-2010 22:42;12;0
07-01-2010 22:43;80;0
07-01-2010 22:44;645;0
07-01-2010 22:45;195;0
07-01-2010 22:46;711;0
07-01-2010 22:47;360;0
07-01-2010 22:48;372;0
07-01-2010 22:49;9;0
07-01-2010 22:50;93;0
07-01-2010 22:51;22;0
07-01-2010 22:52;55;0
07-01-2010 22:53;54;0
07-01-2010 22:54;249;0
07-01-2010 22:55;202;0
07-01-2010 22:56;0;0
07-01-2010 22:57;0;0
07-01-2010 22:58;33;0
07-01-2010 22:59;16;0
07-01-2010 23:00;59;0
07-01-2010 23:01;0;0
07-01-2010 23:02;240;0
07-01-2010 23:03;0;0
07-01-2010 23:04;0;0
07-01-2010 23:05;163;0
07-01-2010 23:06;0;0
07-01-2010 23:07;0;0
07-01-2010 23:08;0;0
07-01-2010 23:09;0;0
07-01-2010 23:10;0;0
07-01-2010 23:11;0;0
07-01-2010 23:12;0;0
07-01-2010 23:13;0;0
07-01-2010 23:14;0;0
07-01-2010 23:15;0;0
07-01-2010 23:16;0;0
07-01-2010 23:17;0;0
07-01-2010 23:18;0;0
07-01-2010 23:19;0;0
07-01-2010 23:20;0;0
07-01-2010 23:21;0;0
07-01-2010 23:22;0;0
07-01-2010 23:23;0;0
07-01-2010 23:24;0;0
07-01-2010 23:25;0;0
07-01-2010 23:26;0;0
07-01-2010 23:27;0;0
07-01-2010 23:28;0;0
07-01-2010 23:29;0;0
07-01-2010 23:30;0;0
07-01-2010 23:31;54;0
07-01-2010 23:32;21;0
07-01-2010 23:33;0;0
07-01-2010 23:34;0;0
07-01-2010 23:35;0;0
07-01-2010 23:36;0;0
07-01-2010 23:37;0;0
07-01-2010 23:38;0;0
07-01-2010 23:39;0;0
07-01-2010 23:40;0;0
07-01-2010 23:41;0;0
07-01-2010 23:42;0;0
07-01-2010 23:43;0;0
07-01-2010 23:44;22;0
07-01-2010 23:45;0;0
07-01-2010 23:46;0;0
07-01-2010 23:47;0;0
07-01-2010 23:48;0;0
07-01-2010 23:49;0;0
07-01-2010 23:50;0;0
07-01-2010 23:51;0;0
07-01-2010 23:52;0;0
07-01-2010 23:53;0;0
07-01-2010 23:54;0;0
07-01-2010 23:55;137;0
07-01-2010 23:56;0;0
07-01-2010 23:57;0;0
07-01-2010 23:58;0;0
07-01-2010 23:59;0;0
07-02-2010 00:00;0;0
07-02-2010 00:01;0;0
07-02-2010 00:02;0;0
07-02-2010 00:03;0;0
07-02-2010 00:04;0;0
07-02-2010 00:05;0;0
07-02-2010 00:06;0;0
07-02-2010 00:07;0;0
07-02-2010 00:08;0;0
07-02-2010 00:09;93;0
07-02-2010 00:10;223;0
07-02-2010 00:11;0;0
07-02-2010 00:12;0;0
07-02-2010 00:13;0;0
07-02-2010 00:14;0;0
07-02-2010 00:15;0;0
07-02-2010 00:16;0;0
07-02-2010 00:17;0;0
07-02-2010 00:18;0;0
07-02-2010 00:19;0;0
07-02-2010 00:20;0;0
07-02-2010 00:21;0;0
07-02-2010 00:22;0;0
07-02-2010 00:23;0;0
07-02-2010 00:24;0;0
07-02-2010 00:25;0;0
07-02-2010 00:26;0;0
07-02-2010 00:27;0;0
07-02-2010 00:28;0;0
07-02-2010 00:29;0;0
07-02-2010 00:30;0;0
07-02-2010 00:31;0;0
07-02-2010 00:32;0;0
07-02-2010 00:33;0;0
07-02-2010 00:34;0;0
07-02-2010 00:35;0;0
07-02-2010 00:36;0;0
07-02-2010 00:37;0;0
07-02-2010 00:38;0;0
07-02-2010 00:39;0;0
07-02-2010 00:40;0;0
07-02-2010 00:41;0;0
07-02-2010 00:42;0;0
07-02-2010 00:43;0;0
07-02-2010 00:44;0;0
07-02-2010 00:45;0;0
07-02-2010 00:46;0;0
07-02-2010 00:47;0;0
07-02-2010 00:48;0;0
07-02-2010 00:49;0;0
07-02-2010 00:50;0;0
07-02-2010 00:51;0;0
07-02-2010 00:52;0;0
07-02-2010 00:53;0;0
07-02-2010 00:54;0;0
07-02-2010 00:55;0;0
07-02-2010 00:56;0;0
07-02-2010 00:57;0;0
07-02-2010 00:58;0;0
07-02-2010 00:59;0;0
07-02-2010 01:00;0;0
07-02-2010 01:01;80;0
07-02-2010 01:02;0;0
07-02-2010 01:03;175;0
07-02-2010 01:04;0;0
07-02-2010 01:05;0;0
07-02-2010 01:06;0;0
07-02-2010 01:07;0;0
07-02-2010 01:08;0;0
07-02-2010 01:09;137;0
07-02-2010 01:10;0;0
07-02-2010 01:11;0;0
07-02-2010 01:12;0;0
07-02-2010 01:13;0;0
07-02-2010 01:14;0;0
07-02-2010 01:15;0;0
07-02-2010 01:16;0;0
07-02-2010 01:17;0;0
07-02-2010 01:18;0;0
07-02-2010 01:19;0;0
07-02-2010 01:20;0;0
07-02-2010 01:21;0;0
07-02-2010 01:22;0;0
07-02-2010 01:23;0;0
07-02-2010 01:24;0;0
07-02-2010 01:25;0;0
07-02-2010 01:26;19;0
07-02-2010 01:27;0;0
07-02-2010 01:28;0;0
07-02-2010 01:29;0;0
07-02-2010 01:30;0;0
07-02-2010 01:31;36;0
07-02-2010 01:32;0;0
07-02-2010 01:33;0;0
07-02-2010 01:34;0;0
07-02-2010 01:35;0;0
07-02-2010 01:36;0;0
07-02-2010 01:37;0;0
07-02-2010 01:38;0;0
07-02-2010 01:39;0;0
07-02-2010 01:40;0;0
07-02-2010 01:41;21;0
07-02-2010 01:42;55;0
07-02-2010 01:43;0;0
07-02-2010 01:44;5;0
07-02-2010 01:45;54;0
07-02-2010 01:46;0;0
07-02-2010 01:47;0;0
07-02-2010 01:48;0;0
07-02-2010 01:49;0;0
07-02-2010 01:50;0;0
07-02-2010 01:51;0;0
07-02-2010 01:52;0;0
07-02-2010 01:53;0;0
07-02-2010 01:54;0;0
07-02-2010 01:55;0;0
07-02-2010 01:56;0;0
07-02-2010 01:57;0;0
07-02-2010 01:58;0;0
07-02-2010 01:59;0;0
07-02-2010 02:00;0;0
07-02-2010 02:01;0;0
07-02-2010 02:02;0;0
07-02-2010 02:03;0;0
07-02-2010 02:04;0;0
07-02-2010 02:05;0;0
07-02-2010 02:06;0;0
07-02-2010 02:07;0;0
07-02-2010 02:08;0;0
07-02-2010 02:09;0;0
07-02-2010 02:10;0;0
07-02-2010 02:11;0;0
07-02-2010 02:12;0;0
07-02-2010 02:13;0;0
07-02-2010 02:14;0;0
07-02-2010 02:15;0;0
07-02-2010 02:16;0;0
07-02-2010 02:17;0;0
07-02-2010 02:18;0;0
07-02-2010 02:19;0;0
07-02-2010 02:20;0;0
07-02-2010 02:21;0;0
07-02-2010 02:22;0;0
07-02-2010 02:23;0;0
07-02-2010 02:24;52;0
07-02-2010 02:25;16;0
07-02-2010 02:26;73;0
07-02-2010 02:27;0;0
07-02-2010 02:28;0;0
07-02-2010 02:29;0;0
07-02-2010 02:30;62;0
07-02-2010 02:31;157;0
07-02-2010 02:32;62;0
07-02-2010 02:33;121;0
07-02-2010 02:34;0;0
07-02-2010 02:35;35;0
07-02-2010 02:36;14;0
07-02-2010 02:37;0;0
07-02-2010 02:38;0;0
07-02-2010 02:39;0;0
07-02-2010 02:40;0;0
07-02-2010 02:41;3;0
07-02-2010 02:42;0;0
07-02-2010 02:43;0;0
07-02-2010 02:44;0;0
07-02-2010 02:45;0;0
07-02-2010 02:46;126;0
07-02-2010 02:47;0;0
07-02-2010 02:48;0;0
07-02-2010 02:49;0;0
07-02-2010 02:50;0;0
07-02-2010 02:51;0;0
07-02-2010 02:52;0;0
07-02-2010 02:53;0;0
07-02-2010 02:54;80;0
07-02-2010 02:55;62;0
07-02-2010 02:56;0;0
07-02-2010 02:57;0;0
07-02-2010 02:58;0;0
07-02-2010 02:59;0;0
07-02-2010 03:00;0;0
07-02-2010 03:01;21;0
07-02-2010 03:02;76;0
07-02-2010 03:03;0;0
07-02-2010 03:04;0;0
07-02-2010 03:05;0;0
07-02-2010 03:06;0;0
07-02-2010 03:07;0;0
07-02-2010 03:08;0;0
07-02-2010 03:09;0;0
07-02-2010 03:10;126;0
07-02-2010 03:11;0;0
07-02-2010 03:12;0;0
07-02-2010 03:13;14;0
07-02-2010 03:14;0;0
07-02-2010 03:15;83;0
07-02-2010 03:16;0;0
07-02-2010 03:17;0;0
07-02-2010 03:18;0;0
07-02-2010 03:19;0;0
07-02-2010 03:20;0;0
07-02-2010 03:21;0;0
07-02-2010 03:22;0;0
07-02-2010 03:23;0;0
07-02-2010 03:24;0;0
07-02-2010 03:25;0;0
07-02-2010 03:26;0;0
07-02-2010 03:27;0;0
07-02-2010 03:28;0;0
07-02-2010 03:29;0;0
07-02-2010 03:30;0;0
07-02-2010 03:31;0;0
07-02-2010 03:32;0;0
07-02-2010 03:33;0;0
07-02-2010 03:34;0;0
07-02-2010 03:35;0;0
07-02-2010 03:36;0;0
07-02-2010 03:37;0;0
07-02-2010 03:38;0;0
07-02-2010 03:39;0;0
07-02-2010 03:40;0;0
07-02-2010 03:41;0;0
07-02-2010 03:42;0;0
07-02-2010 03:43;0;0
07-02-2010 03:44;0;0
07-02-2010 03:45;0;0
07-02-2010 03:46;0;0
07-02-2010 03:47;0;0
07-02-2010 03:48;0;0
07-02-2010 03:49;0;0
07-02-2010 03:50;0;0
07-02-2010 03:51;0;0
07-02-2010 03:52;0;0
07-02-2010 03:53;0;0
07-02-2010 03:54;0;0
07-02-2010 03:55;0;0
07-02-2010 03:56;0;0
07-02-2010 03:57;0;0
07-02-2010 03:58;0;0
07-02-2010 03:59;0;0
07-02-2010 04:00;54;0
07-02-2010 04:01;168;0
07-02-2010 04:02;0;0
07-02-2010 04:03;52;0
07-02-2010 04:04;0;0
07-02-2010 04:05;0;0
07-02-2010 04:06;0;0
07-02-2010 04:07;0;0
07-02-2010 04:08;0;0
07-02-2010 04:09;0;0
07-02-2010 04:10;0;0
07-02-2010 04:11;0;0
07-02-2010 04:12;0;0
07-02-2010 04:13;0;0
07-02-2010 04:14;0;0
07-02-2010 04:15;0;0
07-02-2010 04:16;0;0
07-02-2010 04:17;93;0
07-02-2010 04:18;0;0
07-02-2010 04:19;0;0
07-02-2010 04:20;0;0
07-02-2010 04:21;116;0
07-02-2010 04:22;533;0
07-02-2010 04:23;605;0
07-02-2010 04:24;73;0
07-02-2010 04:25;0;0
07-02-2010 04:26;0;0
07-02-2010 04:27;0;0
07-02-2010 04:28;0;0
07-02-2010 04:29;0;0
07-02-2010 04:30;0;0
07-02-2010 04:31;0;0
07-02-2010 04:32;0;0
07-02-2010 04:33;0;0
07-02-2010 04:34;3;0
07-02-2010 04:35;0;0
07-02-2010 04:36;0;0
07-02-2010 04:37;0;0
07-02-2010 04:38;0;0
07-02-2010 04:39;0;0
07-02-2010 04:40;0;0
07-02-2010 04:41;0;0
07-02-2010 04:42;0;0
07-02-2010 04:43;0;0
07-02-2010 04:44;0;0
07-02-2010 04:45;0;0
07-02-2010 04:46;0;0
07-02-2010 04:47;0;0
07-02-2010 04:48;0;0
07-02-2010 04:49;0;0
07-02-2010 04:50;0;0
07-02-2010 04:51;0;0
07-02-2010 04:52;0;0
07-02-2010 04:53;0;0
07-02-2010 04:54;0;0
07-02-2010 04:55;0;0
07-02-2010 04:56;0;0
07-02-2010 04:57;0;0
07-02-2010 04:58;0;0
07-02-2010 04:59;0;0
07-02-2010 05:00;111;0
07-02-2010 05:01;33;0
07-02-2010 05:02;0;0
07-02-2010 05:03;0;0
07-02-2010 05:04;0;0
07-02-2010 05:05;0;0
07-02-2010 05:06;0;0
07-02-2010 05:07;0;0
07-02-2010 05:08;0;0
07-02-2010 05:09;0;0
07-02-2010 05:10;0;0
07-02-2010 05:11;0;0
07-02-2010 05:12;0;0
07-02-2010 05:13;0;0
07-02-2010 05:14;0;0
07-02-2010 05:15;0;0
07-02-2010 05:16;0;0
07-02-2010 05:17;0;0
07-02-2010 05:18;0;0
07-02-2010 05:19;21;0
07-02-2010 05:20;0;0
07-02-2010 05:21;0;0
07-02-2010 05:22;0;0
07-02-2010 05:23;0;0
07-02-2010 05:24;0;0
07-02-2010 05:25;0;0
07-02-2010 05:26;0;0
07-02-2010 05:27;0;0
07-02-2010 05:28;0;0
07-02-2010 05:29;0;0
07-02-2010 05:30;0;0
07-02-2010 05:31;69;0
07-02-2010 05:32;0;0
07-02-2010 05:33;0;0
07-02-2010 05:34;0;0
07-02-2010 05:35;0;0
07-02-2010 05:36;62;0
07-02-2010 05:37;0;0
07-02-2010 05:38;0;0
07-02-2010 05:39;0;0
07-02-2010 05:40;0;0
07-02-2010 05:41;0;0
07-02-2010 05:42;0;0
07-02-2010 05:43;0;0
07-02-2010 05:44;5;0
07-02-2010 05:45;59;0
07-02-2010 05:46;0;0
07-02-2010 05:47;0;0
07-02-2010 05:48;0;0
07-02-2010 05:49;0;0
07-02-2010 05:50;0;0
07-02-2010 05:51;0;0
07-02-2010 05:52;0;0
07-02-2010 05:53;0;0
07-02-2010 05:54;0;0
07-02-2010 05:55;0;0
07-02-2010 05:56;26;0
07-02-2010 05:57;0;0
07-02-2010 05:58;0;0
07-02-2010 05:59;28;0
07-02-2010 06:00;0;0
07-02-2010 06:01;0;0
07-02-2010 06:02;0;0
07-02-2010 06:03;0;0
07-02-2010 06:04;0;0
07-02-2010 06:05;0;0
07-02-2010 06:06;0;0
07-02-2010 06:07;0;0
07-02-2010 06:08;62;0
07-02-2010 06:09;0;0
07-02-2010 06:10;0;0
07-02-2010 06:11;0;0
07-02-2010 06:12;0;0
07-02-2010 06:13;0;0
07-02-2010 06:14;0;0
07-02-2010 06:15;86;0
07-02-2010 06:16;0;0
07-02-2010 06:17;0;0
07-02-2010 06:18;0;0
07-02-2010 06:19;0;0
07-02-2010 06:20;0;0
07-02-2010 06:21;0;0
07-02-2010 06:22;19;0
07-02-2010 06:23;0;0
07-02-2010 06:24;0;0
07-02-2010 06:25;0;0
07-02-2010 06:26;0;0
07-02-2010 06:27;0;0
07-02-2010 06:28;0;0
07-02-2010 06:29;195;0
07-02-2010 06:30;10;0
07-02-2010 06:31;9;0
07-02-2010 06:32;0;0
07-02-2010 06:33;0;0
07-02-2010 06:34;0;0
07-02-2010 06:35;0;0
07-02-2010 06:36;0;0
07-02-2010 06:37;0;0
07-02-2010 06:38;175;0
07-02-2010 06:39;0;0
07-02-2010 06:40;0;0
07-02-2010 06:41;0;0
07-02-2010 06:42;0;0
07-02-2010 06:43;0;0
07-02-2010 06:44;0;0
07-02-2010 06:45;0;0
07-02-2010 06:46;0;0
07-02-2010 06:47;396;0
07-02-2010 06:48;483;0
07-02-2010 06:49;1010;0
07-02-2010 06:50;9;0
07-02-2010 06:51;0;0
07-02-2010 06:52;0;0
07-02-2010 06:53;0;0
07-02-2010 06:54;3;0
07-02-2010 06:55;0;0
07-02-2010 06:56;0;0
07-02-2010 06:57;90;0
07-02-2010 06:58;0;0
07-02-2010 06:59;0;0
07-02-2010 07:00;0;0
07-02-2010 07:01;0;0
07-02-2010 07:02;55;0
07-02-2010 07:03;0;0
07-02-2010 07:04;0;0
07-02-2010 07:05;195;0
07-02-2010 07:06;0;0
07-02-2010 07:07;0;0
07-02-2010 07:08;0;0
07-02-2010 07:09;0;0
07-02-2010 07:10;0;0
07-02-2010 07:11;0;0
07-02-2010 07:12;35;0
07-02-2010 07:13;66;0
07-02-2010 07:14;0;0
07-02-2010 07:15;0;0
07-02-2010 07:16;0;0
07-02-2010 07:17;0;0
07-02-2010 07:18;0;0
07-02-2010 07:19;45;0
07-02-2010 07:20;0;0
07-02-2010 07:21;0;0
07-02-2010 07:22;0;0
07-02-2010 07:23;0;0
07-02-2010 07:24;0;0
07-02-2010 07:25;0;0
07-02-2010 07:26;0;0
07-02-2010 07:27;0;0
07-02-2010 07:28;0;0
07-02-2010 07:29;0;0
07-02-2010 07:30;0;0
07-02-2010 07:31;438;0
07-02-2010 07:32;1010;0
07-02-2010 07:33;533;0
07-02-2010 07:34;372;0
07-02-2010 07:35;605;0
07-02-2010 07:36;733;0
07-02-2010 07:37;1147;0
07-02-2010 07:38;209;0
07-02-2010 07:39;550;0
07-02-2010 07:40;275;0
07-02-2010 07:41;336;0
07-02-2010 07:42;1839;1
07-02-2010 07:43;3430;1
07-02-2010 07:44;1183;0
07-02-2010 07:45;567;0
07-02-2010 07:46;157;0
07-02-2010 07:47;515;0
07-02-2010 07:48;175;0
07-02-2010 07:49;410;0
07-02-2010 07:50;688;0
07-02-2010 07:51;567;0
07-02-2010 07:52;666;0
07-02-2010 07:53;948;0
07-02-2010 07:54;1839;1
07-02-2010 07:55;1043;0
07-02-2010 07:56;515;0
07-02-2010 07:57;498;0
07-02-2010 07:58;533;0
07-02-2010 07:59;348;0
07-02-2010 08:00;567;0
07-02-2010 08:01;294;0
07-02-2010 08:02;175;0
07-02-2010 08:03;438;0
07-02-2010 08:04;808;0
07-02-2010 08:05;733;0
07-02-2010 08:06;1110;0
07-02-2010 08:07;711;0
07-02-2010 08:08;733;0
07-02-2010 08:09;688;0
07-02-2010 08:10;1430;1
07-02-2010 08:11;1147;0
07-02-2010 08:12;1261;1
07-02-2010 08:13;1010;0
07-02-2010 08:14;1673;1
07-02-2010 08:15;688;0
07-02-2010 08:16;948;0
07-02-2010 08:17;733;0
07-02-2010 08:18;666;0
07-02-2010 08:19;948;0
07-02-2010 08:20;808;0
07-02-2010 08:21;782;0
07-02-2010 08:22;1221;1
07-02-2010 08:23;451;0
07-02-2010 08:24;782;0
07-02-2010 08:25;948;0
07-02-2010 08:26;666;0
07-02-2010 08:27;834;0
07-02-2010 08:28;948;0
07-02-2010 08:29;948;0
07-02-2010 08:30;645;0
07-02-2010 08:31;372;0
07-02-2010 08:32;360;0
07-02-2010 08:33;336;0
07-02-2010 08:34;515;0
07-02-2010 08:35;258;0
07-02-2010 08:36;142;0
07-02-2010 08:37;467;0
07-02-2010 08:38;645;0
07-02-2010 08:39;336;0
07-02-2010 08:40;410;0
07-02-2010 08:41;451;0
07-02-2010 08:42;90;0
07-02-2010 08:43;152;0
07-02-2010 08:44;240;0
07-02-2010 08:45;142;0
07-02-2010 08:46;325;0
07-02-2010 08:47;410;0
07-02-2010 08:48;195;0
07-02-2010 08:49;202;0
07-02-2010 08:50;131;0
07-02-2010 08:51;107;0
07-02-2010 08:52;336;0
07-02-2010 08:53;605;0
07-02-2010 08:54;216;0
07-02-2010 08:55;284;0
07-02-2010 08:56;266;0
07-02-2010 08:57;782;0
07-02-2010 08:58;624;0
07-02-2010 08:59;605;0
07-02-2010 09:00;758;0
07-02-2010 09:01;1043;0
07-02-2010 09:02;808;0
07-02-2010 09:03;645;0
07-02-2010 09:04;284;0
07-02-2010 09:05;711;0
07-02-2010 09:06;325;0
07-02-2010 09:07;533;0
07-02-2010 09:08;498;0
07-02-2010 09:09;605;0
07-02-2010 09:10;360;0
07-02-2010 09:11;666;0
07-02-2010 09:12;451;0
07-02-2010 09:13;284;0
07-02-2010 09:14;451;0
07-02-2010 09:15;515;0
07-02-2010 09:16;733;0
07-02-2010 09:17;834;0
07-02-2010 09:18;889;0
07-02-2010 09:19;979;0
07-02-2010 09:20;758;0
07-02-2010 09:21;808;0
07-02-2010 09:22;711;0
07-02-2010 09:23;396;0
07-02-2010 09:24;808;0
07-02-2010 09:25;758;0
07-02-2010 09:26;467;0
07-02-2010 09:27;483;0
07-02-2010 09:28;550;0
07-02-2010 09:29;782;0
07-02-2010 09:30;567;0
07-02-2010 09:31;325;0
07-02-2010 09:32;586;0
07-02-2010 09:33;467;0
07-02-2010 09:34;336;0
07-02-2010 09:35;372;0
07-02-2010 09:36;294;0
07-02-2010 09:37;111;0
07-02-2010 09:38;808;0
07-02-2010 09:39;249;0
07-02-2010 09:40;195;0
07-02-2010 09:41;336;0
07-02-2010 09:42;605;0
07-02-2010 09:43;325;0
07-02-2010 09:44;605;0
07-02-2010 09:45;424;0
07-02-2010 09:46;249;0
07-02-2010 09:47;410;0
07-02-2010 09:48;467;0
07-02-2010 09:49;1043;0
07-02-2010 09:50;336;0
07-02-2010 09:51;605;0
07-02-2010 09:52;266;0
07-02-2010 09:53;223;0
07-02-2010 09:54;438;0
07-02-2010 09:55;284;0
07-02-2010 09:56;325;0
07-02-2010 09:57;567;0
07-02-2010 09:58;645;0
07-02-2010 09:59;483;0
07-02-2010 10:00;624;0
07-02-2010 10:01;240;0
07-02-2010 10:02;372;0
07-02-2010 10:03;550;0
07-02-2010 10:04;861;0
07-02-2010 10:05;834;0
07-02-2010 10:06;424;0
07-02-2010 10:07;515;0
07-02-2010 10:08;372;0
07-02-2010 10:09;438;0
07-02-2010 10:10;360;0
07-02-2010 10:11;688;0
07-02-2010 10:12;550;0
07-02-2010 10:13;515;0
07-02-2010 10:14;372;0
07-02-2010 10:15;424;0
07-02-2010 10:16;467;0
07-02-2010 10:17;758;0
07-02-2010 10:18;483;0
07-02-2010 10:19;515;0
07-02-2010 10:20;294;0
07-02-2010 10:21;467;0
07-02-2010 10:22;808;0
07-02-2010 10:23;438;0
07-02-2010 10:24;515;0
07-02-2010 10:25;889;0
07-02-2010 10:26;1076;0
07-02-2010 10:27;861;0
07-02-2010 10:28;711;0
07-02-2010 10:29;666;0
07-02-2010 10:30;605;0
07-02-2010 10:31;550;0
07-02-2010 10:32;438;0
07-02-2010 10:33;666;0
07-02-2010 10:34;918;0
07-02-2010 10:35;586;0
07-02-2010 10:36;384;0
07-02-2010 10:37;645;0
07-02-2010 10:38;1898;1
07-02-2010 10:39;605;0
07-02-2010 10:40;808;0
07-02-2010 10:41;918;0
07-02-2010 10:42;889;0
07-02-2010 10:43;889;0
07-02-2010 10:44;384;0
07-02-2010 10:45;567;0
07-02-2010 10:46;2150;1
07-02-2010 10:47;2288;1
07-02-2010 10:48;515;0
07-02-2010 10:49;348;0
07-02-2010 10:50;711;0
07-02-2010 10:51;733;0
07-02-2010 10:52;147;0
07-02-2010 10:53;202;0
07-02-2010 10:54;116;0
07-02-2010 10:55;275;0
07-02-2010 10:56;284;0
07-02-2010 10:57;315;0
07-02-2010 10:58;73;0
07-02-2010 10:59;131;0
07-02-2010 11:00;100;0
07-02-2010 11:01;605;0
07-02-2010 11:02;666;0
07-02-2010 11:03;1342;1
07-02-2010 11:04;979;0
07-02-2010 11:05;711;0
07-02-2010 11:06;711;0
07-02-2010 11:07;782;0
07-02-2010 11:08;182;0
07-02-2010 11:09;688;0
07-02-2010 11:10;688;0
07-02-2010 11:11;336;0
07-02-2010 11:12;438;0
07-02-2010 11:13;336;0
07-02-2010 11:14;304;0
07-02-2010 11:15;304;0
07-02-2010 11:16;424;0
07-02-2010 11:17;1261;1
07-02-2010 11:18;782;0
07-02-2010 11:19;688;0
07-02-2010 11:20;515;0
07-02-2010 11:21;240;0
07-02-2010 11:22;266;0
07-02-2010 11:23;483;0
07-02-2010 11:24;467;0
07-02-2010 11:25;834;0
07-02-2010 11:26;451;0
07-02-2010 11:27;137;0
07-02-2010 11:28;240;0
07-02-2010 11:29;360;0
07-02-2010 11:30;157;0
07-02-2010 11:31;157;0
07-02-2010 11:32;266;0
07-02-2010 11:33;348;0
07-02-2010 11:34;29;0
07-02-2010 11:35;336;0
07-02-2010 11:36;240;0
07-02-2010 11:37;43;0
07-02-2010 11:38;100;0
07-02-2010 11:39;258;0
07-02-2010 11:40;137;0
07-02-2010 11:41;131;0
07-02-2010 11:42;189;0
07-02-2010 11:43;467;0
07-02-2010 11:44;1110;0
07-02-2010 11:45;467;0
07-02-2010 11:46;424;0
07-02-2010 11:47;758;0
07-02-2010 11:48;586;0
07-02-2010 11:49;372;0
07-02-2010 11:50;348;0
07-02-2010 11:51;275;0
07-02-2010 11:52;438;0
07-02-2010 11:53;948;0
07-02-2010 11:54;586;0
07-02-2010 11:55;533;0
07-02-2010 11:56;605;0
07-02-2010 11:57;782;0
07-02-2010 11:58;808;0
07-02-2010 11:59;979;0
07-02-2010 12:00;182;0
07-02-2010 12:01;3;0
07-02-2010 12:02;62;0
07-02-2010 12:03;315;0
07-02-2010 12:04;157;0
07-02-2010 12:05;209;0
07-02-2010 12:06;232;0
07-02-2010 12:07;104;0
07-02-2010 12:08;93;0
07-02-2010 12:09;83;0
07-02-2010 12:10;59;0
07-02-2010 12:11;36;0
07-02-2010 12:12;294;0
07-02-2010 12:13;645;0
07-02-2010 12:14;948;0
07-02-2010 12:15;315;0
07-02-2010 12:16;50;0
07-02-2010 12:17;35;0
07-02-2010 12:18;438;0
07-02-2010 12:19;438;0
07-02-2010 12:20;498;0
07-02-2010 12:21;157;0
07-02-2010 12:22;372;0
07-02-2010 12:23;90;0
07-02-2010 12:24;19;0
07-02-2010 12:25;76;0
07-02-2010 12:26;126;0
07-02-2010 12:27;275;0
07-02-2010 12:28;533;0
07-02-2010 12:29;284;0
07-02-2010 12:30;168;0
07-02-2010 12:31;29;0
07-02-2010 12:32;163;0
07-02-2010 12:33;175;0
07-02-2010 12:34;360;0
07-02-2010 12:35;284;0
07-02-2010 12:36;438;0
07-02-2010 12:37;424;0
07-02-2010 12:38;483;0
07-02-2010 12:39;304;0
07-02-2010 12:40;438;0
07-02-2010 12:41;304;0
07-02-2010 12:42;483;0
07-02-2010 12:43;834;0
07-02-2010 12:44;498;0
07-02-2010 12:45;467;0
07-02-2010 12:46;104;0
07-02-2010 12:47;711;0
07-02-2010 12:48;586;0
07-02-2010 12:49;410;0
07-02-2010 12:50;189;0
07-02-2010 12:51;137;0
07-02-2010 12:52;275;0
07-02-2010 12:53;284;0
07-02-2010 12:54;116;0
07-02-2010 12:55;438;0
07-02-2010 12:56;152;0
07-02-2010 12:57;209;0
07-02-2010 12:58;567;0
07-02-2010 12:59;152;0
07-02-2010 13:00;284;0
07-02-2010 13:01;232;0
07-02-2010 13:02;202;0
07-02-2010 13:03;147;0
07-02-2010 13:04;189;0
07-02-2010 13:05;175;0
07-02-2010 13:06;36;0
07-02-2010 13:07;147;0
07-02-2010 13:08;1673;1
07-02-2010 13:09;152;0
07-02-2010 13:10;55;0
07-02-2010 13:11;438;0
07-02-2010 13:12;163;0
07-02-2010 13:13;315;0
07-02-2010 13:14;325;0
07-02-2010 13:15;116;0
07-02-2010 13:16;0;0
07-02-2010 13:17;202;0
07-02-2010 13:18;147;0
07-02-2010 13:19;66;0
07-02-2010 13:20;711;0
07-02-2010 13:21;438;0
07-02-2010 13:22;410;0
07-02-2010 13:23;1183;0
07-02-2010 13:24;1839;1
07-02-2010 13:25;1010;0
07-02-2010 13:26;1010;0
07-02-2010 13:27;1043;0
07-02-2010 13:28;711;0
07-02-2010 13:29;1043;0
07-02-2010 13:30;1110;0
07-02-2010 13:31;1261;1
07-02-2010 13:32;918;0
07-02-2010 13:33;1386;1
07-02-2010 13:34;1183;0
07-02-2010 13:35;1010;0
07-02-2010 13:36;979;0
07-02-2010 13:37;1110;0
07-02-2010 13:38;1147;0
07-02-2010 13:39;889;0
07-02-2010 13:40;948;0
07-02-2010 13:41;758;0
07-02-2010 13:42;467;0
07-02-2010 13:43;424;0
07-02-2010 13:44;202;0
07-02-2010 13:45;131;0
07-02-2010 13:46;451;0
07-02-2010 13:47;711;0
07-02-2010 13:48;624;0
07-02-2010 13:49;424;0
07-02-2010 13:50;168;0
07-02-2010 13:51;258;0
07-02-2010 13:52;498;0
07-02-2010 13:53;688;0
07-02-2010 13:54;758;0
07-02-2010 13:55;1110;0
07-02-2010 13:56;1110;0
07-02-2010 13:57;1386;1
07-02-2010 13:58;834;0
07-02-2010 13:59;624;0
07-02-2010 14:00;605;0
07-02-2010 14:01;515;0
07-02-2010 14:02;1147;0
07-02-2010 14:03;758;0
07-02-2010 14:04;586;0
07-02-2010 14:05;498;0
07-02-2010 14:06;80;0
07-02-2010 14:07;0;0
07-02-2010 14:08;137;0
07-02-2010 14:09;189;0
07-02-2010 14:10;157;0
07-02-2010 14:11;348;0
07-02-2010 14:12;861;0
07-02-2010 14:13;666;0
07-02-2010 14:14;66;0
07-02-2010 14:15;7;0
07-02-2010 14:16;19;0
07-02-2010 14:17;100;0
07-02-2010 14:18;90;0
07-02-2010 14:19;76;0
07-02-2010 14:20;90;0
07-02-2010 14:21;40;0
07-02-2010 14:22;131;0
07-02-2010 14:23;0;0
07-02-2010 14:24;0;0
07-02-2010 14:25;0;0
07-02-2010 14:26;0;0
07-02-2010 14:27;131;0
07-02-2010 14:28;948;0
07-02-2010 14:29;711;0
07-02-2010 14:30;336;0
07-02-2010 14:31;782;0
07-02-2010 14:32;948;0
07-02-2010 14:33;467;0
07-02-2010 14:34;0;0
07-02-2010 14:35;0;0
07-02-2010 14:36;152;0
07-02-2010 14:37;550;0
07-02-2010 14:38;1342;1
07-02-2010 14:39;889;0
07-02-2010 14:40;1621;1
07-02-2010 14:41;1342;1
07-02-2010 14:42;1386;1
07-02-2010 14:43;1110;0
07-02-2010 14:44;275;0
07-02-2010 14:45;424;0
07-02-2010 14:46;294;0
07-02-2010 14:47;624;0
07-02-2010 14:48;0;0
07-02-2010 14:49;80;0
07-02-2010 14:50;0;0
07-02-2010 14:51;483;0
07-02-2010 14:52;567;0
07-02-2010 14:53;336;0
07-02-2010 14:54;336;0
07-02-2010 14:55;782;0
07-02-2010 14:56;100;0
07-02-2010 14:57;121;0
07-02-2010 14:58;1261;1
07-02-2010 14:59;808;0
07-02-2010 15:00;758;0
07-02-2010 15:01;624;0
07-02-2010 15:02;586;0
07-02-2010 15:03;533;0
07-02-2010 15:04;624;0
07-02-2010 15:05;467;0
07-02-2010 15:06;396;0
07-02-2010 15:07;834;0
07-02-2010 15:08;384;0
07-02-2010 15:09;424;0
07-02-2010 15:10;711;0
07-02-2010 15:11;733;0
07-02-2010 15:12;861;0
07-02-2010 15:13;666;0
07-02-2010 15:14;918;0
07-02-2010 15:15;1147;0
07-02-2010 15:16;533;0
07-02-2010 15:17;515;0
07-02-2010 15:18;147;0
07-02-2010 15:19;467;0
07-02-2010 15:20;889;0
07-02-2010 15:21;1043;0
07-02-2010 15:22;157;0
07-02-2010 15:23;9;0
07-02-2010 15:24;0;0
07-02-2010 15:25;808;0
07-02-2010 15:26;232;0
07-02-2010 15:27;550;0
07-02-2010 15:28;1183;0
07-02-2010 15:29;483;0
07-02-2010 15:30;711;0
07-02-2010 15:31;889;0
07-02-2010 15:32;424;0
07-02-2010 15:33;294;0
07-02-2010 15:34;182;0
07-02-2010 15:35;284;0
07-02-2010 15:36;889;0
07-02-2010 15:37;1430;1
07-02-2010 15:38;645;0
07-02-2010 15:39;216;0
07-02-2010 15:40;304;0
07-02-2010 15:41;19;0
07-02-2010 15:42;26;0
07-02-2010 15:43;33;0
07-02-2010 15:44;249;0
07-02-2010 15:45;163;0
07-02-2010 15:46;9;0
07-02-2010 15:47;137;0
07-02-2010 15:48;348;0
07-02-2010 15:49;14;0
07-02-2010 15:50;168;0
07-02-2010 15:51;62;0
07-02-2010 15:52;711;0
07-02-2010 15:53;979;0
07-02-2010 15:54;232;0
07-02-2010 15:55;515;0
07-02-2010 15:56;175;0
07-02-2010 15:57;182;0
07-02-2010 15:58;550;0
07-02-2010 15:59;131;0
07-02-2010 16:00;216;0
07-02-2010 16:01;131;0
07-02-2010 16:02;55;0
07-02-2010 16:03;232;0
07-02-2010 16:04;69;0
07-02-2010 16:05;9;0
07-02-2010 16:06;29;0
07-02-2010 16:07;0;0
07-02-2010 16:08;586;0
07-02-2010 16:09;36;0
07-02-2010 16:10;54;0
07-02-2010 16:11;688;0
07-02-2010 16:12;294;0
07-02-2010 16:13;605;0
07-02-2010 16:14;1010;0
07-02-2010 16:15;29;0
07-02-2010 16:16;275;0
07-02-2010 16:17;284;0
07-02-2010 16:18;19;0
07-02-2010 16:19;100;0
07-02-2010 16:20;202;0
07-02-2010 16:21;116;0
07-02-2010 16:22;223;0
07-02-2010 16:23;216;0
07-02-2010 16:24;533;0
07-02-2010 16:25;733;0
07-02-2010 16:26;782;0
07-02-2010 16:27;808;0
07-02-2010 16:28;861;0
07-02-2010 16:29;979;0
07-02-2010 16:30;1010;0
07-02-2010 16:31;782;0
07-02-2010 16:32;666;0
07-02-2010 16:33;666;0
07-02-2010 16:34;624;0
07-02-2010 16:35;733;0
07-02-2010 16:36;1043;0
07-02-2010 16:37;688;0
07-02-2010 16:38;249;0
07-02-2010 16:39;808;0
07-02-2010 16:40;498;0
07-02-2010 16:41;451;0
07-02-2010 16:42;348;0
07-02-2010 16:43;189;0
07-02-2010 16:44;80;0
07-02-2010 16:45;29;0
07-02-2010 16:46;45;0
07-02-2010 16:47;21;0
07-02-2010 16:48;22;0
07-02-2010 16:49;29;0
07-02-2010 16:50;73;0
07-02-2010 16:51;121;0
07-02-2010 16:52;0;0
07-02-2010 16:53;40;0
07-02-2010 16:54;325;0
07-02-2010 16:55;0;0
07-02-2010 16:56;0;0
07-02-2010 16:57;17;0
07-02-2010 16:58;249;0
07-02-2010 16:59;45;0
07-02-2010 17:00;116;0
07-02-2010 17:01;3;0
07-02-2010 17:02;0;0
07-02-2010 17:03;0;0
07-02-2010 17:04;157;0
07-02-2010 17:05;54;0
07-02-2010 17:06;28;0
07-02-2010 17:07;22;0
07-02-2010 17:08;40;0
07-02-2010 17:09;22;0
07-02-2010 17:10;55;0
07-02-2010 17:11;19;0
07-02-2010 17:12;22;0
07-02-2010 17:13;26;0
07-02-2010 17:14;3;0
07-02-2010 17:15;36;0
07-02-2010 17:16;157;0
07-02-2010 17:17;5;0
07-02-2010 17:18;336;0
07-02-2010 17:19;35;0
07-02-2010 17:20;52;0
07-02-2010 17:21;107;0
07-02-2010 17:22;73;0
07-02-2010 17:23;137;0
07-02-2010 17:24;0;0
07-02-2010 17:25;55;0
07-02-2010 17:26;0;0
07-02-2010 17:27;0;0
07-02-2010 17:28;7;0
07-02-2010 17:29;35;0
07-02-2010 17:30;116;0
07-02-2010 17:31;0;0
07-02-2010 17:32;0;0
07-02-2010 17:33;0;0
07-02-2010 17:34;0;0
07-02-2010 17:35;52;0
07-02-2010 17:36;3;0
07-02-2010 17:37;100;0
07-02-2010 17:38;14;0
07-02-2010 17:39;0;0
07-02-2010 17:40;3;0
07-02-2010 17:41;131;0
07-02-2010 17:42;0;0
07-02-2010 17:43;0;0
07-02-2010 17:44;0;0
07-02-2010 17:45;0;0
07-02-2010 17:46;19;0
07-02-2010 17:47;7;0
07-02-2010 17:48;0;0
07-02-2010 17:49;0;0
07-02-2010 17:50;0;0
07-02-2010 17:51;0;0
07-02-2010 17:52;168;0
07-02-2010 17:53;0;0
07-02-2010 17:54;55;0
07-02-2010 17:55;0;0
07-02-2010 17:56;438;0
07-02-2010 17:57;1221;1
07-02-2010 17:58;1342;1
07-02-2010 17:59;360;0
07-02-2010 18:00;424;0
07-02-2010 18:01;834;0
07-02-2010 18:02;889;0
07-02-2010 18:03;550;0
07-02-2010 18:04;979;0
07-02-2010 18:05;550;0
07-02-2010 18:06;782;0
07-02-2010 18:07;889;0
07-02-2010 18:08;948;0
07-02-2010 18:09;336;0
07-02-2010 18:10;182;0
07-02-2010 18:11;294;0
07-02-2010 18:12;384;0
07-02-2010 18:13;467;0
07-02-2010 18:14;137;0
07-02-2010 18:15;889;0
07-02-2010 18:16;645;0
07-02-2010 18:17;360;0
07-02-2010 18:18;498;0
07-02-2010 18:19;467;0
07-02-2010 18:20;348;0
07-02-2010 18:21;688;0
07-02-2010 18:22;567;0
07-02-2010 18:23;586;0
07-02-2010 18:24;348;0
07-02-2010 18:25;624;0
07-02-2010 18:26;567;0
07-02-2010 18:27;782;0
07-02-2010 18:28;605;0
07-02-2010 18:29;223;0
07-02-2010 18:30;284;0
07-02-2010 18:31;498;0
07-02-2010 18:32;948;0
07-02-2010 18:33;1726;1
07-02-2010 18:34;1110;0
07-02-2010 18:35;889;0
07-02-2010 18:36;808;0
07-02-2010 18:37;645;0
07-02-2010 18:38;1110;0
07-02-2010 18:39;483;0
07-02-2010 18:40;325;0
07-02-2010 18:41;315;0
07-02-2010 18:42;284;0
07-02-2010 18:43;175;0
07-02-2010 18:44;348;0
07-02-2010 18:45;918;0
07-02-2010 18:46;979;0
07-02-2010 18:47;1522;1
07-02-2010 18:48;624;0
07-02-2010 18:49;284;0
07-02-2010 18:50;0;0
07-02-2010 18:51;152;0
07-02-2010 18:52;0;0
07-02-2010 18:53;0;0
07-02-2010 18:54;0;0
07-02-2010 18:55;0;0
07-02-2010 18:56;0;0
07-02-2010 18:57;0;0
07-02-2010 18:58;232;0
07-02-2010 18:59;163;0
07-02-2010 19:00;0;0
07-02-2010 19:01;55;0
07-02-2010 19:02;107;0
07-02-2010 19:03;137;0
07-02-2010 19:04;28;0
07-02-2010 19:05;147;0
07-02-2010 19:06;86;0
07-02-2010 19:07;0;0
07-02-2010 19:08;0;0
07-02-2010 19:09;0;0
07-02-2010 19:10;0;0
07-02-2010 19:11;28;0
07-02-2010 19:12;3;0
07-02-2010 19:13;424;0
07-02-2010 19:14;782;0
07-02-2010 19:15;645;0
07-02-2010 19:16;515;0
07-02-2010 19:17;586;0
07-02-2010 19:18;834;0
07-02-2010 19:19;1261;1
07-02-2010 19:20;861;0
07-02-2010 19:21;1147;0
07-02-2010 19:22;889;0
07-02-2010 19:23;586;0
07-02-2010 19:24;808;0
07-02-2010 19:25;9;0
07-02-2010 19:26;100;0
07-02-2010 19:27;69;0
07-02-2010 19:28;90;0
07-02-2010 19:29;66;0
07-02-2010 19:30;93;0
07-02-2010 19:31;93;0
07-02-2010 19:32;38;0
07-02-2010 19:33;0;0
07-02-2010 19:34;0;0
07-02-2010 19:35;168;0
07-02-2010 19:36;111;0
07-02-2010 19:37;0;0
07-02-2010 19:38;45;0
07-02-2010 19:39;0;0
07-02-2010 19:40;258;0
07-02-2010 19:41;360;0
07-02-2010 19:42;22;0
07-02-2010 19:43;348;0
07-02-2010 19:44;275;0
07-02-2010 19:45;567;0
07-02-2010 19:46;979;0
07-02-2010 19:47;1386;1
07-02-2010 19:48;498;0
07-02-2010 19:49;232;0
07-02-2010 19:50;52;0
07-02-2010 19:51;76;0
07-02-2010 19:52;69;0
07-02-2010 19:53;294;0
07-02-2010 19:54;195;0
07-02-2010 19:55;38;0
07-02-2010 19:56;223;0
07-02-2010 19:57;315;0
07-02-2010 19:58;1076;0
07-02-2010 19:59;758;0
07-02-2010 20:00;294;0
07-02-2010 20:01;515;0
07-02-2010 20:02;586;0
07-02-2010 20:03;666;0
07-02-2010 20:04;624;0
07-02-2010 20:05;586;0
07-02-2010 20:06;126;0
07-02-2010 20:07;152;0
07-02-2010 20:08;372;0
07-02-2010 20:09;182;0
07-02-2010 20:10;223;0
07-02-2010 20:11;157;0
07-02-2010 20:12;69;0
07-02-2010 20:13;17;0
07-02-2010 20:14;86;0
07-02-2010 20:15;126;0
07-02-2010 20:16;258;0
07-02-2010 20:17;438;0
07-02-2010 20:18;232;0
07-02-2010 20:19;258;0
07-02-2010 20:20;360;0
07-02-2010 20:21;384;0
07-02-2010 20:22;360;0
07-02-2010 20:23;202;0
07-02-2010 20:24;372;0
07-02-2010 20:25;86;0
07-02-2010 20:26;284;0
07-02-2010 20:27;182;0
07-02-2010 20:28;304;0
07-02-2010 20:29;533;0
07-02-2010 20:30;834;0
07-02-2010 20:31;1043;0
07-02-2010 20:32;42;0
07-02-2010 20:33;45;0
07-02-2010 20:34;10;0
07-02-2010 20:35;31;0
07-02-2010 20:36;26;0
07-02-2010 20:37;209;0
07-02-2010 20:38;258;0
07-02-2010 20:39;28;0
07-02-2010 20:40;12;0
07-02-2010 20:41;31;0
07-02-2010 20:42;97;0
07-02-2010 20:43;90;0
07-02-2010 20:44;0;0
07-02-2010 20:45;62;0
07-02-2010 20:46;73;0
07-02-2010 20:47;31;0
07-02-2010 20:48;69;0
07-02-2010 20:49;0;0
07-02-2010 20:50;93;0
07-02-2010 20:51;97;0
07-02-2010 20:52;147;0
07-02-2010 20:53;348;0
07-02-2010 20:54;209;0
07-02-2010 20:55;209;0
07-02-2010 20:56;275;0
07-02-2010 20:57;645;0
07-02-2010 20:58;0;0
07-02-2010 20:59;189;0
07-02-2010 21:00;116;0
07-02-2010 21:01;73;0
07-02-2010 21:02;348;0
07-02-2010 21:03;711;0
07-02-2010 21:04;360;0
07-02-2010 21:05;240;0
07-02-2010 21:06;451;0
07-02-2010 21:07;410;0
07-02-2010 21:08;182;0
07-02-2010 21:09;93;0
07-02-2010 21:10;116;0
07-02-2010 21:11;157;0
07-02-2010 21:12;304;0
07-02-2010 21:13;104;0
07-02-2010 21:14;97;0
07-02-2010 21:15;22;0
07-02-2010 21:16;69;0
07-02-2010 21:17;76;0
07-02-2010 21:18;240;0
07-02-2010 21:19;35;0
07-02-2010 21:20;0;0
07-02-2010 21:21;50;0
07-02-2010 21:22;0;0
07-02-2010 21:23;43;0
07-02-2010 21:24;0;0
07-02-2010 21:25;0;0
07-02-2010 21:26;3;0
07-02-2010 21:27;42;0
07-02-2010 21:28;0;0
07-02-2010 21:29;0;0
07-02-2010 21:30;126;0
07-02-2010 21:31;175;0
07-02-2010 21:32;52;0
07-02-2010 21:33;147;0
07-02-2010 21:34;83;0
07-02-2010 21:35;43;0
07-02-2010 21:36;22;0
07-02-2010 21:37;48;0
07-02-2010 21:38;396;0
07-02-2010 21:39;1301;1
07-02-2010 21:40;121;0
07-02-2010 21:41;315;0
07-02-2010 21:42;216;0
07-02-2010 21:43;19;0
07-02-2010 21:44;0;0
07-02-2010 21:45;0;0
07-02-2010 21:46;16;0
07-02-2010 21:47;152;0
07-02-2010 21:48;175;0
07-02-2010 21:49;62;0
07-02-2010 21:50;93;0
07-02-2010 21:51;3;0
07-02-2010 21:52;33;0
07-02-2010 21:53;304;0
07-02-2010 21:54;16;0
07-02-2010 21:55;168;0
07-02-2010 21:56;66;0
07-02-2010 21:57;249;0
07-02-2010 21:58;10;0
07-02-2010 21:59;142;0
07-02-2010 22:00;126;0
07-02-2010 22:01;80;0
07-02-2010 22:02;325;0
07-02-2010 22:03;93;0
07-02-2010 22:04;131;0
07-02-2010 22:05;90;0
07-02-2010 22:06;73;0
07-02-2010 22:07;73;0
07-02-2010 22:08;5;0
07-02-2010 22:09;126;0
07-02-2010 22:10;76;0
07-02-2010 22:11;182;0
07-02-2010 22:12;979;0
07-02-2010 22:13;348;0
07-02-2010 22:14;1221;1
07-02-2010 22:15;666;0
07-02-2010 22:16;107;0
07-02-2010 22:17;93;0
07-02-2010 22:18;19;0
07-02-2010 22:19;59;0
07-02-2010 22:20;90;0
07-02-2010 22:21;26;0
07-02-2010 22:22;209;0
07-02-2010 22:23;76;0
07-02-2010 22:24;66;0
07-02-2010 22:25;100;0
07-02-2010 22:26;175;0
07-02-2010 22:27;0;0
07-02-2010 22:28;0;0
07-02-2010 22:29;48;0
07-02-2010 22:30;9;0
07-02-2010 22:31;26;0
07-02-2010 22:32;0;0
07-02-2010 22:33;3;0
07-02-2010 22:34;0;0
07-02-2010 22:35;0;0
07-02-2010 22:36;73;0
07-02-2010 22:37;29;0
07-02-2010 22:38;0;0
07-02-2010 22:39;26;0
07-02-2010 22:40;107;0
07-02-2010 22:41;59;0
07-02-2010 22:42;121;0
07-02-2010 22:43;0;0
07-02-2010 22:44;0;0
07-02-2010 22:45;76;0
07-02-2010 22:46;62;0
07-02-2010 22:47;131;0
07-02-2010 22:48;131;0
07-02-2010 22:49;69;0
07-02-2010 22:50;40;0
07-02-2010 22:51;3;0
07-02-2010 22:52;28;0
07-02-2010 22:53;0;0
07-02-2010 22:54;16;0
07-02-2010 22:55;83;0
07-02-2010 22:56;137;0
07-02-2010 22:57;80;0
07-02-2010 22:58;9;0
07-02-2010 22:59;69;0
07-02-2010 23:00;782;0
07-02-2010 23:01;624;0
07-02-2010 23:02;410;0
07-02-2010 23:03;104;0
07-02-2010 23:04;515;0
07-02-2010 23:05;121;0
07-02-2010 23:06;40;0
07-02-2010 23:07;100;0
07-02-2010 23:08;86;0
07-02-2010 23:09;189;0
07-02-2010 23:10;294;0
07-02-2010 23:11;116;0
07-02-2010 23:12;189;0
07-02-2010 23:13;483;0
07-02-2010 23:14;1147;0
07-02-2010 23:15;1147;0
07-02-2010 23:16;808;0
07-02-2010 23:17;666;0
07-02-2010 23:18;93;0
07-02-2010 23:19;304;0
07-02-2010 23:20;195;0
07-02-2010 23:21;93;0
07-02-2010 23:22;86;0
07-02-2010 23:23;59;0
07-02-2010 23:24;223;0
07-02-2010 23:25;0;0
07-02-2010 23:26;0;0
07-02-2010 23:27;0;0
07-02-2010 23:28;0;0
07-02-2010 23:29;52;0
07-02-2010 23:30;195;0
07-02-2010 23:31;12;0
07-02-2010 23:32;0;0
07-02-2010 23:33;157;0
07-02-2010 23:34;121;0
07-02-2010 23:35;116;0
07-02-2010 23:36;0;0
07-02-2010 23:37;126;0
07-02-2010 23:38;304;0
07-02-2010 23:39;384;0
07-02-2010 23:40;550;0
07-02-2010 23:41;782;0
07-02-2010 23:42;26;0
07-02-2010 23:43;12;0
07-02-2010 23:44;86;0
07-02-2010 23:45;5;0
07-02-2010 23:46;0;0
07-02-2010 23:47;80;0
07-02-2010 23:48;0;0
07-02-2010 23:49;69;0
07-02-2010 23:50;0;0
07-02-2010 23:51;31;0
07-02-2010 23:52;0;0
07-02-2010 23:53;0;0
07-02-2010 23:54;0;0
07-02-2010 23:55;42;0
07-02-2010 23:56;0;0
07-02-2010 23:57;0;0
07-02-2010 23:58;0;0
07-02-2010 23:59;0;0
07-03-2010 00:00;0;0
07-03-2010 00:01;0;0
07-03-2010 00:02;0;0
07-03-2010 00:03;0;0
07-03-2010 00:04;0;0
07-03-2010 00:05;0;0
07-03-2010 00:06;0;0
07-03-2010 00:07;0;0
07-03-2010 00:08;0;0
07-03-2010 00:09;0;0
07-03-2010 00:10;0;0
07-03-2010 00:11;0;0
07-03-2010 00:12;0;0
07-03-2010 00:13;0;0
07-03-2010 00:14;0;0
07-03-2010 00:15;0;0
07-03-2010 00:16;0;0
07-03-2010 00:17;0;0
07-03-2010 00:18;0;0
07-03-2010 00:19;0;0
07-03-2010 00:20;0;0
07-03-2010 00:21;0;0
07-03-2010 00:22;0;0
07-03-2010 00:23;0;0
07-03-2010 00:24;0;0
07-03-2010 00:25;0;0
07-03-2010 00:26;0;0
07-03-2010 00:27;0;0
07-03-2010 00:28;0;0
07-03-2010 00:29;0;0
07-03-2010 00:30;0;0
07-03-2010 00:31;0;0
07-03-2010 00:32;0;0
07-03-2010 00:33;0;0
07-03-2010 00:34;0;0
07-03-2010 00:35;0;0
07-03-2010 00:36;0;0
07-03-2010 00:37;0;0
07-03-2010 00:38;0;0
07-03-2010 00:39;0;0
07-03-2010 00:40;0;0
07-03-2010 00:41;0;0
07-03-2010 00:42;0;0
07-03-2010 00:43;0;0
07-03-2010 00:44;216;0
07-03-2010 00:45;0;0
07-03-2010 00:46;0;0
07-03-2010 00:47;0;0
07-03-2010 00:48;111;0
07-03-2010 00:49;0;0
07-03-2010 00:50;0;0
07-03-2010 00:51;0;0
07-03-2010 00:52;0;0
07-03-2010 00:53;0;0
07-03-2010 00:54;0;0
07-03-2010 00:55;0;0
07-03-2010 00:56;0;0
07-03-2010 00:57;3;0
07-03-2010 00:58;26;0
07-03-2010 00:59;0;0
07-03-2010 01:00;0;0
07-03-2010 01:01;0;0
07-03-2010 01:02;0;0
07-03-2010 01:03;0;0
07-03-2010 01:04;0;0
07-03-2010 01:05;0;0
07-03-2010 01:06;47;0
07-03-2010 01:07;73;0
07-03-2010 01:08;0;0
07-03-2010 01:09;0;0
07-03-2010 01:10;0;0
07-03-2010 01:11;0;0
07-03-2010 01:12;0;0
07-03-2010 01:13;0;0
07-03-2010 01:14;0;0
07-03-2010 01:15;0;0
07-03-2010 01:16;0;0
07-03-2010 01:17;0;0
07-03-2010 01:18;0;0
07-03-2010 01:19;0;0
07-03-2010 01:20;0;0
07-03-2010 01:21;0;0
07-03-2010 01:22;0;0
07-03-2010 01:23;0;0
07-03-2010 01:24;0;0
07-03-2010 01:25;0;0
07-03-2010 01:26;0;0
07-03-2010 01:27;0;0
07-03-2010 01:28;0;0
07-03-2010 01:29;0;0
07-03-2010 01:30;0;0
07-03-2010 01:31;0;0
07-03-2010 01:32;0;0
07-03-2010 01:33;0;0
07-03-2010 01:34;0;0
07-03-2010 01:35;0;0
07-03-2010 01:36;0;0
07-03-2010 01:37;0;0
07-03-2010 01:38;0;0
07-03-2010 01:39;35;0
07-03-2010 01:40;0;0
07-03-2010 01:41;0;0
07-03-2010 01:42;0;0
07-03-2010 01:43;0;0
07-03-2010 01:44;0;0
07-03-2010 01:45;137;0
07-03-2010 01:46;0;0
07-03-2010 01:47;0;0
07-03-2010 01:48;0;0
07-03-2010 01:49;0;0
07-03-2010 01:50;0;0
07-03-2010 01:51;0;0
07-03-2010 01:52;0;0
07-03-2010 01:53;0;0
07-03-2010 01:54;111;0
07-03-2010 01:55;66;0
07-03-2010 01:56;0;0
07-03-2010 01:57;0;0
07-03-2010 01:58;0;0
07-03-2010 01:59;0;0
07-03-2010 02:00;0;0
07-03-2010 02:01;0;0
07-03-2010 02:02;0;0
07-03-2010 02:03;0;0
07-03-2010 02:04;0;0
07-03-2010 02:05;0;0
07-03-2010 02:06;0;0
07-03-2010 02:07;0;0
07-03-2010 02:08;0;0
07-03-2010 02:09;0;0
07-03-2010 02:10;0;0
07-03-2010 02:11;0;0
07-03-2010 02:12;0;0
07-03-2010 02:13;0;0
07-03-2010 02:14;0;0
07-03-2010 02:15;0;0
07-03-2010 02:16;0;0
07-03-2010 02:17;0;0
07-03-2010 02:18;0;0
07-03-2010 02:19;0;0
07-03-2010 02:20;0;0
07-03-2010 02:21;0;0
07-03-2010 02:22;0;0
07-03-2010 02:23;0;0
07-03-2010 02:24;0;0
07-03-2010 02:25;0;0
07-03-2010 02:26;0;0
07-03-2010 02:27;0;0
07-03-2010 02:28;0;0
07-03-2010 02:29;0;0
07-03-2010 02:30;0;0
07-03-2010 02:31;0;0
07-03-2010 02:32;0;0
07-03-2010 02:33;0;0
07-03-2010 02:34;0;0
07-03-2010 02:35;0;0
07-03-2010 02:36;0;0
07-03-2010 02:37;0;0
07-03-2010 02:38;52;0
07-03-2010 02:39;0;0
07-03-2010 02:40;0;0
07-03-2010 02:41;0;0
07-03-2010 02:42;0;0
07-03-2010 02:43;0;0
07-03-2010 02:44;0;0
07-03-2010 02:45;0;0
07-03-2010 02:46;0;0
07-03-2010 02:47;0;0
07-03-2010 02:48;0;0
07-03-2010 02:49;0;0
07-03-2010 02:50;0;0
07-03-2010 02:51;0;0
07-03-2010 02:52;0;0
07-03-2010 02:53;0;0
07-03-2010 02:54;0;0
07-03-2010 02:55;0;0
07-03-2010 02:56;0;0
07-03-2010 02:57;0;0
07-03-2010 02:58;0;0
07-03-2010 02:59;0;0
07-03-2010 03:00;137;0
07-03-2010 03:01;0;0
07-03-2010 03:02;0;0
07-03-2010 03:03;0;0
07-03-2010 03:04;0;0
07-03-2010 03:05;0;0
07-03-2010 03:06;0;0
07-03-2010 03:07;0;0
07-03-2010 03:08;121;0
07-03-2010 03:09;66;0
07-03-2010 03:10;0;0
07-03-2010 03:11;0;0
07-03-2010 03:12;0;0
07-03-2010 03:13;0;0
07-03-2010 03:14;0;0
07-03-2010 03:15;0;0
07-03-2010 03:16;0;0
07-03-2010 03:17;0;0
07-03-2010 03:18;0;0
07-03-2010 03:19;0;0
07-03-2010 03:20;0;0
07-03-2010 03:21;0;0
07-03-2010 03:22;0;0
07-03-2010 03:23;0;0
07-03-2010 03:24;0;0
07-03-2010 03:25;0;0
07-03-2010 03:26;0;0
07-03-2010 03:27;90;0
07-03-2010 03:28;62;0
07-03-2010 03:29;100;0
07-03-2010 03:30;0;0
07-03-2010 03:31;0;0
07-03-2010 03:32;0;0
07-03-2010 03:33;0;0
07-03-2010 03:34;0;0
07-03-2010 03:35;0;0
07-03-2010 03:36;0;0
07-03-2010 03:37;0;0
07-03-2010 03:38;0;0
07-03-2010 03:39;0;0
07-03-2010 03:40;0;0
07-03-2010 03:41;0;0
07-03-2010 03:42;0;0
07-03-2010 03:43;0;0
07-03-2010 03:44;0;0
07-03-2010 03:45;0;0
07-03-2010 03:46;0;0
07-03-2010 03:47;0;0
07-03-2010 03:48;0;0
07-03-2010 03:49;0;0
07-03-2010 03:50;35;0
07-03-2010 03:51;168;0
07-03-2010 03:52;266;0
07-03-2010 03:53;498;0
07-03-2010 03:54;384;0
07-03-2010 03:55;304;0
07-03-2010 03:56;76;0
07-03-2010 03:57;24;0
07-03-2010 03:58;0;0
07-03-2010 03:59;0;0
07-03-2010 04:00;0;0
07-03-2010 04:01;0;0
07-03-2010 04:02;0;0
07-03-2010 04:03;0;0
07-03-2010 04:04;0;0
07-03-2010 04:05;0;0
07-03-2010 04:06;0;0
07-03-2010 04:07;0;0
07-03-2010 04:08;0;0
07-03-2010 04:09;0;0
07-03-2010 04:10;0;0
07-03-2010 04:11;0;0
07-03-2010 04:12;0;0
07-03-2010 04:13;0;0
07-03-2010 04:14;0;0
07-03-2010 04:15;0;0
07-03-2010 04:16;0;0
07-03-2010 04:17;0;0
07-03-2010 04:18;0;0
07-03-2010 04:19;10;0
07-03-2010 04:20;0;0
07-03-2010 04:21;0;0
07-03-2010 04:22;0;0
07-03-2010 04:23;0;0
07-03-2010 04:24;59;0
07-03-2010 04:25;0;0
07-03-2010 04:26;168;0
07-03-2010 04:27;0;0
07-03-2010 04:28;0;0
07-03-2010 04:29;0;0
07-03-2010 04:30;0;0
07-03-2010 04:31;0;0
07-03-2010 04:32;0;0
07-03-2010 04:33;31;0
07-03-2010 04:34;31;0
07-03-2010 04:35;0;0
07-03-2010 04:36;0;0
07-03-2010 04:37;12;0
07-03-2010 04:38;7;0
07-03-2010 04:39;0;0
07-03-2010 04:40;0;0
07-03-2010 04:41;3;0
07-03-2010 04:42;9;0
07-03-2010 04:43;0;0
07-03-2010 04:44;0;0
07-03-2010 04:45;0;0
07-03-2010 04:46;0;0
07-03-2010 04:47;0;0
07-03-2010 04:48;0;0
07-03-2010 04:49;0;0
07-03-2010 04:50;0;0
07-03-2010 04:51;0;0
07-03-2010 04:52;0;0
07-03-2010 04:53;0;0
07-03-2010 04:54;0;0
07-03-2010 04:55;0;0
07-03-2010 04:56;0;0
07-03-2010 04:57;0;0
07-03-2010 04:58;0;0
07-03-2010 04:59;0;0
07-03-2010 05:00;0;0
07-03-2010 05:01;0;0
07-03-2010 05:02;0;0
07-03-2010 05:03;0;0
07-03-2010 05:04;0;0
07-03-2010 05:05;0;0
07-03-2010 05:06;0;0
07-03-2010 05:07;0;0
07-03-2010 05:08;0;0
07-03-2010 05:09;0;0
07-03-2010 05:10;0;0
07-03-2010 05:11;73;0
07-03-2010 05:12;0;0
07-03-2010 05:13;0;0
07-03-2010 05:14;0;0
07-03-2010 05:15;0;0
07-03-2010 05:16;0;0
07-03-2010 05:17;0;0
07-03-2010 05:18;0;0
07-03-2010 05:19;0;0
07-03-2010 05:20;0;0
07-03-2010 05:21;0;0
07-03-2010 05:22;0;0
07-03-2010 05:23;0;0
07-03-2010 05:24;0;0
07-03-2010 05:25;0;0
07-03-2010 05:26;0;0
07-03-2010 05:27;0;0
07-03-2010 05:28;0;0
07-03-2010 05:29;0;0
07-03-2010 05:30;0;0
07-03-2010 05:31;0;0
07-03-2010 05:32;0;0
07-03-2010 05:33;0;0
07-03-2010 05:34;0;0
07-03-2010 05:35;0;0
07-03-2010 05:36;0;0
07-03-2010 05:37;0;0
07-03-2010 05:38;0;0
07-03-2010 05:39;0;0
07-03-2010 05:40;0;0
07-03-2010 05:41;0;0
07-03-2010 05:42;0;0
07-03-2010 05:43;0;0
07-03-2010 05:44;0;0
07-03-2010 05:45;3;0
07-03-2010 05:46;0;0
07-03-2010 05:47;0;0
07-03-2010 05:48;0;0
07-03-2010 05:49;31;0
07-03-2010 05:50;0;0
07-03-2010 05:51;0;0
07-03-2010 05:52;182;0
07-03-2010 05:53;0;0
07-03-2010 05:54;0;0
07-03-2010 05:55;0;0
07-03-2010 05:56;0;0
07-03-2010 05:57;0;0
07-03-2010 05:58;80;0
07-03-2010 05:59;0;0
07-03-2010 06:00;0;0
07-03-2010 06:01;0;0
07-03-2010 06:02;0;0
07-03-2010 06:03;0;0
07-03-2010 06:04;0;0
07-03-2010 06:05;43;0
07-03-2010 06:06;0;0
07-03-2010 06:07;0;0
07-03-2010 06:08;0;0
07-03-2010 06:09;0;0
07-03-2010 06:10;0;0
07-03-2010 06:11;0;0
07-03-2010 06:12;0;0
07-03-2010 06:13;0;0
07-03-2010 06:14;0;0
07-03-2010 06:15;0;0
07-03-2010 06:16;0;0
07-03-2010 06:17;0;0
07-03-2010 06:18;0;0
07-03-2010 06:19;0;0
07-03-2010 06:20;0;0
07-03-2010 06:21;0;0
07-03-2010 06:22;0;0
07-03-2010 06:23;0;0
07-03-2010 06:24;0;0
07-03-2010 06:25;0;0
07-03-2010 06:26;0;0
07-03-2010 06:27;0;0
07-03-2010 06:28;0;0
07-03-2010 06:29;62;0
07-03-2010 06:30;202;0
07-03-2010 06:31;42;0
07-03-2010 06:32;80;0
07-03-2010 06:33;0;0
07-03-2010 06:34;73;0
07-03-2010 06:35;59;0
07-03-2010 06:36;31;0
07-03-2010 06:37;0;0
07-03-2010 06:38;16;0
07-03-2010 06:39;0;0
07-03-2010 06:40;17;0
07-03-2010 06:41;0;0
07-03-2010 06:42;0;0
07-03-2010 06:43;97;0
07-03-2010 06:44;0;0
07-03-2010 06:45;0;0
07-03-2010 06:46;0;0
07-03-2010 06:47;121;0
07-03-2010 06:48;0;0
07-03-2010 06:49;0;0
07-03-2010 06:50;0;0
07-03-2010 06:51;0;0
07-03-2010 06:52;73;0
07-03-2010 06:53;0;0
07-03-2010 06:54;0;0
07-03-2010 06:55;0;0
07-03-2010 06:56;131;0
07-03-2010 06:57;3;0
07-03-2010 06:58;83;0
07-03-2010 06:59;0;0
07-03-2010 07:00;0;0
07-03-2010 07:01;47;0
07-03-2010 07:02;0;0
07-03-2010 07:03;3;0
07-03-2010 07:04;0;0
07-03-2010 07:05;567;0
07-03-2010 07:06;1301;1
07-03-2010 07:07;1261;1
07-03-2010 07:08;1043;0
07-03-2010 07:09;861;0
07-03-2010 07:10;605;0
07-03-2010 07:11;304;0
07-03-2010 07:12;948;0
07-03-2010 07:13;834;0
07-03-2010 07:14;1342;1
07-03-2010 07:15;1430;1
07-03-2010 07:16;1076;0
07-03-2010 07:17;1673;1
07-03-2010 07:18;1221;1
07-03-2010 07:19;733;0
07-03-2010 07:20;834;0
07-03-2010 07:21;834;0
07-03-2010 07:22;1221;1
07-03-2010 07:23;861;0
07-03-2010 07:24;372;0
07-03-2010 07:25;126;0
07-03-2010 07:26;76;0
07-03-2010 07:27;59;0
07-03-2010 07:28;16;0
07-03-2010 07:29;336;0
07-03-2010 07:30;100;0
07-03-2010 07:31;35;0
07-03-2010 07:32;100;0
07-03-2010 07:33;90;0
07-03-2010 07:34;168;0
07-03-2010 07:35;17;0
07-03-2010 07:36;80;0
07-03-2010 07:37;90;0
07-03-2010 07:38;59;0
07-03-2010 07:39;14;0
07-03-2010 07:40;45;0
07-03-2010 07:41;43;0
07-03-2010 07:42;66;0
07-03-2010 07:43;111;0
07-03-2010 07:44;0;0
07-03-2010 07:45;83;0
07-03-2010 07:46;483;0
07-03-2010 07:47;483;0
07-03-2010 07:48;360;0
07-03-2010 07:49;438;0
07-03-2010 07:50;889;0
07-03-2010 07:51;733;0
07-03-2010 07:52;410;0
07-03-2010 07:53;567;0
07-03-2010 07:54;550;0
07-03-2010 07:55;782;0
07-03-2010 07:56;152;0
07-03-2010 07:57;249;0
07-03-2010 07:58;758;0
07-03-2010 07:59;834;0
07-03-2010 08:00;733;0
07-03-2010 08:01;1010;0
07-03-2010 08:02;979;0
07-03-2010 08:03;483;0
07-03-2010 08:04;666;0
07-03-2010 08:05;533;0
07-03-2010 08:06;1010;0
07-03-2010 08:07;605;0
07-03-2010 08:08;834;0
07-03-2010 08:09;733;0
07-03-2010 08:10;1043;0
07-03-2010 08:11;889;0
07-03-2010 08:12;688;0
07-03-2010 08:13;586;0
07-03-2010 08:14;40;0
07-03-2010 08:15;202;0
07-03-2010 08:16;372;0
07-03-2010 08:17;688;0
07-03-2010 08:18;152;0
07-03-2010 08:19;69;0
07-03-2010 08:20;83;0
07-03-2010 08:21;175;0
07-03-2010 08:22;567;0
07-03-2010 08:23;424;0
07-03-2010 08:24;304;0
07-03-2010 08:25;567;0
07-03-2010 08:26;372;0
07-03-2010 08:27;605;0
07-03-2010 08:28;666;0
07-03-2010 08:29;808;0
07-03-2010 08:30;304;0
07-03-2010 08:31;372;0
07-03-2010 08:32;467;0
07-03-2010 08:33;396;0
07-03-2010 08:34;515;0
07-03-2010 08:35;467;0
07-03-2010 08:36;498;0
07-03-2010 08:37;889;0
07-03-2010 08:38;325;0
07-03-2010 08:39;209;0
07-03-2010 08:40;711;0
07-03-2010 08:41;688;0
07-03-2010 08:42;424;0
07-03-2010 08:43;550;0
07-03-2010 08:44;733;0
07-03-2010 08:45;918;0
07-03-2010 08:46;733;0
07-03-2010 08:47;1221;1
07-03-2010 08:48;733;0
07-03-2010 08:49;73;0
07-03-2010 08:50;189;0
07-03-2010 08:51;31;0
07-03-2010 08:52;195;0
07-03-2010 08:53;467;0
07-03-2010 08:54;533;0
07-03-2010 08:55;348;0
07-03-2010 08:56;498;0
07-03-2010 08:57;550;0
07-03-2010 08:58;483;0
07-03-2010 08:59;304;0
07-03-2010 09:00;438;0
07-03-2010 09:01;384;0
07-03-2010 09:02;284;0
07-03-2010 09:03;467;0
07-03-2010 09:04;451;0
07-03-2010 09:05;515;0
07-03-2010 09:06;438;0
07-03-2010 09:07;688;0
07-03-2010 09:08;294;0
07-03-2010 09:09;116;0
07-03-2010 09:10;325;0
07-03-2010 09:11;315;0
07-03-2010 09:12;348;0
07-03-2010 09:13;275;0
07-03-2010 09:14;202;0
07-03-2010 09:15;451;0
07-03-2010 09:16;284;0
07-03-2010 09:17;666;0
07-03-2010 09:18;483;0
07-03-2010 09:19;1110;0
07-03-2010 09:20;438;0
07-03-2010 09:21;567;0
07-03-2010 09:22;424;0
07-03-2010 09:23;666;0
07-03-2010 09:24;294;0
07-03-2010 09:25;384;0
07-03-2010 09:26;336;0
07-03-2010 09:27;758;0
07-03-2010 09:28;240;0
07-03-2010 09:29;216;0
07-03-2010 09:30;396;0
07-03-2010 09:31;711;0
07-03-2010 09:32;410;0
07-03-2010 09:33;175;0
07-03-2010 09:34;424;0
07-03-2010 09:35;48;0
07-03-2010 09:36;76;0
07-03-2010 09:37;157;0
07-03-2010 09:38;249;0
07-03-2010 09:39;275;0
07-03-2010 09:40;550;0
07-03-2010 09:41;605;0
07-03-2010 09:42;157;0
07-03-2010 09:43;31;0
07-03-2010 09:44;86;0
07-03-2010 09:45;216;0
07-03-2010 09:46;249;0
07-03-2010 09:47;168;0
07-03-2010 09:48;131;0
07-03-2010 09:49;223;0
07-03-2010 09:50;498;0
07-03-2010 09:51;550;0
07-03-2010 09:52;438;0
07-03-2010 09:53;12;0
07-03-2010 09:54;126;0
07-03-2010 09:55;16;0
07-03-2010 09:56;22;0
07-03-2010 09:57;0;0
07-03-2010 09:58;38;0
07-03-2010 09:59;116;0
07-03-2010 10:00;121;0
07-03-2010 10:01;240;0
07-03-2010 10:02;73;0
07-03-2010 10:03;216;0
07-03-2010 10:04;7;0
07-03-2010 10:05;189;0
07-03-2010 10:06;93;0
07-03-2010 10:07;9;0
07-03-2010 10:08;258;0
07-03-2010 10:09;624;0
07-03-2010 10:10;467;0
07-03-2010 10:11;498;0
07-03-2010 10:12;605;0
07-03-2010 10:13;586;0
07-03-2010 10:14;948;0
07-03-2010 10:15;1010;0
07-03-2010 10:16;758;0
07-03-2010 10:17;834;0
07-03-2010 10:18;1043;0
07-03-2010 10:19;396;0
07-03-2010 10:20;861;0
07-03-2010 10:21;498;0
07-03-2010 10:22;782;0
07-03-2010 10:23;889;0
07-03-2010 10:24;666;0
07-03-2010 10:25;624;0
07-03-2010 10:26;645;0
07-03-2010 10:27;666;0
07-03-2010 10:28;834;0
07-03-2010 10:29;1221;1
07-03-2010 10:30;861;0
07-03-2010 10:31;834;0
07-03-2010 10:32;979;0
07-03-2010 10:33;645;0
07-03-2010 10:34;325;0
07-03-2010 10:35;240;0
07-03-2010 10:36;157;0
07-03-2010 10:37;209;0
07-03-2010 10:38;384;0
07-03-2010 10:39;1110;0
07-03-2010 10:40;438;0
07-03-2010 10:41;889;0
07-03-2010 10:42;360;0
07-03-2010 10:43;195;0
07-03-2010 10:44;498;0
07-03-2010 10:45;223;0
07-03-2010 10:46;232;0
07-03-2010 10:47;195;0
07-03-2010 10:48;182;0
07-03-2010 10:49;266;0
07-03-2010 10:50;168;0
07-03-2010 10:51;498;0
07-03-2010 10:52;834;0
07-03-2010 10:53;223;0
07-03-2010 10:54;1110;0
07-03-2010 10:55;325;0
07-03-2010 10:56;533;0
07-03-2010 10:57;605;0
07-03-2010 10:58;586;0
07-03-2010 10:59;808;0
07-03-2010 11:00;624;0
07-03-2010 11:01;666;0
07-03-2010 11:02;567;0
07-03-2010 11:03;645;0
07-03-2010 11:04;1147;0
07-03-2010 11:05;360;0
07-03-2010 11:06;126;0
07-03-2010 11:07;17;0
07-03-2010 11:08;40;0
07-03-2010 11:09;76;0
07-03-2010 11:10;93;0
07-03-2010 11:11;3;0
07-03-2010 11:12;0;0
07-03-2010 11:13;116;0
07-03-2010 11:14;275;0
07-03-2010 11:15;834;0
07-03-2010 11:16;3;0
07-03-2010 11:17;0;0
07-03-2010 11:18;80;0
07-03-2010 11:19;3;0
07-03-2010 11:20;38;0
07-03-2010 11:21;90;0
07-03-2010 11:22;40;0
07-03-2010 11:23;73;0
07-03-2010 11:24;624;0
07-03-2010 11:25;645;0
07-03-2010 11:26;645;0
07-03-2010 11:27;550;0
07-03-2010 11:28;410;0
07-03-2010 11:29;605;0
07-03-2010 11:30;304;0
07-03-2010 11:31;240;0
07-03-2010 11:32;168;0
07-03-2010 11:33;73;0
07-03-2010 11:34;294;0
07-03-2010 11:35;249;0
07-03-2010 11:36;90;0
07-03-2010 11:37;424;0
07-03-2010 11:38;240;0
07-03-2010 11:39;410;0
07-03-2010 11:40;336;0
07-03-2010 11:41;348;0
07-03-2010 11:42;157;0
07-03-2010 11:43;216;0
07-03-2010 11:44;111;0
07-03-2010 11:45;182;0
07-03-2010 11:46;121;0
07-03-2010 11:47;216;0
07-03-2010 11:48;438;0
07-03-2010 11:49;483;0
07-03-2010 11:50;209;0
07-03-2010 11:51;498;0
07-03-2010 11:52;275;0
07-03-2010 11:53;147;0
07-03-2010 11:54;107;0
07-03-2010 11:55;168;0
07-03-2010 11:56;168;0
07-03-2010 11:57;142;0
07-03-2010 11:58;107;0
07-03-2010 11:59;249;0
07-03-2010 12:00;223;0
07-03-2010 12:01;116;0
07-03-2010 12:02;223;0
07-03-2010 12:03;304;0
07-03-2010 12:04;3;0
07-03-2010 12:05;33;0
07-03-2010 12:06;275;0
07-03-2010 12:07;189;0
07-03-2010 12:08;195;0
07-03-2010 12:09;111;0
07-03-2010 12:10;372;0
07-03-2010 12:11;294;0
07-03-2010 12:12;157;0
07-03-2010 12:13;59;0
07-03-2010 12:14;126;0
07-03-2010 12:15;396;0
07-03-2010 12:16;483;0
07-03-2010 12:17;1261;1
07-03-2010 12:18;360;0
07-03-2010 12:19;3;0
07-03-2010 12:20;0;0
07-03-2010 12:21;5;0
07-03-2010 12:22;80;0
07-03-2010 12:23;42;0
07-03-2010 12:24;90;0
07-03-2010 12:25;131;0
07-03-2010 12:26;48;0
07-03-2010 12:27;100;0
07-03-2010 12:28;163;0
07-03-2010 12:29;304;0
07-03-2010 12:30;1010;0
07-03-2010 12:31;758;0
07-03-2010 12:32;834;0
07-03-2010 12:33;451;0
07-03-2010 12:34;249;0
07-03-2010 12:35;467;0
07-03-2010 12:36;384;0
07-03-2010 12:37;240;0
07-03-2010 12:38;73;0
07-03-2010 12:39;116;0
07-03-2010 12:40;438;0
07-03-2010 12:41;240;0
07-03-2010 12:42;384;0
07-03-2010 12:43;16;0
07-03-2010 12:44;0;0
07-03-2010 12:45;410;0
07-03-2010 12:46;586;0
07-03-2010 12:47;1430;1
07-03-2010 12:48;451;0
07-03-2010 12:49;372;0
07-03-2010 12:50;121;0
07-03-2010 12:51;533;0
07-03-2010 12:52;336;0
07-03-2010 12:53;688;0
07-03-2010 12:54;1183;0
07-03-2010 12:55;688;0
07-03-2010 12:56;666;0
07-03-2010 12:57;948;0
07-03-2010 12:58;240;0
07-03-2010 12:59;294;0
07-03-2010 13:00;240;0
07-03-2010 13:01;258;0
07-03-2010 13:02;645;0
07-03-2010 13:03;467;0
07-03-2010 13:04;483;0
07-03-2010 13:05;451;0
07-03-2010 13:06;325;0
07-03-2010 13:07;483;0
07-03-2010 13:08;100;0
07-03-2010 13:09;80;0
07-03-2010 13:10;758;0
07-03-2010 13:11;232;0
07-03-2010 13:12;325;0
07-03-2010 13:13;808;0
07-03-2010 13:14;758;0
07-03-2010 13:15;918;0
07-03-2010 13:16;325;0
07-03-2010 13:17;396;0
07-03-2010 13:18;711;0
07-03-2010 13:19;396;0
07-03-2010 13:20;1183;0
07-03-2010 13:21;782;0
07-03-2010 13:22;498;0
07-03-2010 13:23;733;0
07-03-2010 13:24;1076;0
07-03-2010 13:25;948;0
07-03-2010 13:26;605;0
07-03-2010 13:27;1261;1
07-03-2010 13:28;1076;0
07-03-2010 13:29;711;0
07-03-2010 13:30;711;0
07-03-2010 13:31;758;0
07-03-2010 13:32;808;0
07-03-2010 13:33;451;0
07-03-2010 13:34;163;0
07-03-2010 13:35;515;0
07-03-2010 13:36;372;0
07-03-2010 13:37;624;0
07-03-2010 13:38;258;0
07-03-2010 13:39;666;0
07-03-2010 13:40;315;0
07-03-2010 13:41;232;0
07-03-2010 13:42;384;0
07-03-2010 13:43;216;0
07-03-2010 13:44;410;0
07-03-2010 13:45;515;0
07-03-2010 13:46;266;0
07-03-2010 13:47;202;0
07-03-2010 13:48;266;0
07-03-2010 13:49;17;0
07-03-2010 13:50;0;0
07-03-2010 13:51;40;0
07-03-2010 13:52;0;0
07-03-2010 13:53;0;0
07-03-2010 13:54;59;0
07-03-2010 13:55;424;0
07-03-2010 13:56;666;0
07-03-2010 13:57;223;0
07-03-2010 13:58;384;0
07-03-2010 13:59;605;0
07-03-2010 14:00;758;0
07-03-2010 14:01;1043;0
07-03-2010 14:02;384;0
07-03-2010 14:03;733;0
07-03-2010 14:04;372;0
07-03-2010 14:05;223;0
07-03-2010 14:06;483;0
07-03-2010 14:07;384;0
07-03-2010 14:08;758;0
07-03-2010 14:09;348;0
07-03-2010 14:10;515;0
07-03-2010 14:11;688;0
07-03-2010 14:12;325;0
07-03-2010 14:13;605;0
07-03-2010 14:14;550;0
07-03-2010 14:15;918;0
07-03-2010 14:16;284;0
07-03-2010 14:17;258;0
07-03-2010 14:18;304;0
07-03-2010 14:19;396;0
07-03-2010 14:20;107;0
07-03-2010 14:21;10;0
07-03-2010 14:22;0;0
07-03-2010 14:23;223;0
07-03-2010 14:24;83;0
07-03-2010 14:25;7;0
07-03-2010 14:26;131;0
07-03-2010 14:27;175;0
07-03-2010 14:28;209;0
07-03-2010 14:29;624;0
07-03-2010 14:30;733;0
07-03-2010 14:31;1010;0
07-03-2010 14:32;232;0
07-03-2010 14:33;645;0
07-03-2010 14:34;336;0
07-03-2010 14:35;372;0
07-03-2010 14:36;711;0
07-03-2010 14:37;861;0
07-03-2010 14:38;889;0
07-03-2010 14:39;1043;0
07-03-2010 14:40;1522;1
07-03-2010 14:41;3325;1
07-03-2010 14:42;1571;1
07-03-2010 14:43;1221;1
07-03-2010 14:44;1673;1
07-03-2010 14:45;1110;0
07-03-2010 14:46;2935;1
07-03-2010 14:47;1183;0
07-03-2010 14:48;348;0
07-03-2010 14:49;275;0
07-03-2010 14:50;168;0
07-03-2010 14:51;126;0
07-03-2010 14:52;202;0
07-03-2010 14:53;216;0
07-03-2010 14:54;240;0
07-03-2010 14:55;232;0
07-03-2010 14:56;76;0
07-03-2010 14:57;918;0
07-03-2010 14:58;438;0
07-03-2010 14:59;83;0
07-03-2010 15:00;55;0
07-03-2010 15:01;202;0
07-03-2010 15:02;424;0
07-03-2010 15:03;315;0
07-03-2010 15:04;223;0
07-03-2010 15:05;69;0
07-03-2010 15:06;126;0
07-03-2010 15:07;47;0
07-03-2010 15:08;97;0
07-03-2010 15:09;315;0
07-03-2010 15:10;54;0
07-03-2010 15:11;93;0
07-03-2010 15:12;0;0
07-03-2010 15:13;121;0
07-03-2010 15:14;384;0
07-03-2010 15:15;533;0
07-03-2010 15:16;645;0
07-03-2010 15:17;834;0
07-03-2010 15:18;240;0
07-03-2010 15:19;410;0
07-03-2010 15:20;438;0
07-03-2010 15:21;336;0
07-03-2010 15:22;223;0
07-03-2010 15:23;275;0
07-03-2010 15:24;232;0
07-03-2010 15:25;360;0
07-03-2010 15:26;889;0
07-03-2010 15:27;808;0
07-03-2010 15:28;483;0
07-03-2010 15:29;782;0
07-03-2010 15:30;688;0
07-03-2010 15:31;861;0
07-03-2010 15:32;948;0
07-03-2010 15:33;624;0
07-03-2010 15:34;782;0
07-03-2010 15:35;948;0
07-03-2010 15:36;918;0
07-03-2010 15:37;567;0
07-03-2010 15:38;550;0
07-03-2010 15:39;294;0
07-03-2010 15:40;533;0
07-03-2010 15:41;336;0
07-03-2010 15:42;216;0
07-03-2010 15:43;100;0
07-03-2010 15:44;424;0
07-03-2010 15:45;249;0
07-03-2010 15:46;97;0
07-03-2010 15:47;21;0
07-03-2010 15:48;624;0
07-03-2010 15:49;336;0
07-03-2010 15:50;43;0
07-03-2010 15:51;40;0
07-03-2010 15:52;45;0
07-03-2010 15:53;0;0
07-03-2010 15:54;59;0
07-03-2010 15:55;29;0
07-03-2010 15:56;5;0
07-03-2010 15:57;55;0
07-03-2010 15:58;14;0
07-03-2010 15:59;31;0
07-03-2010 16:00;69;0
07-03-2010 16:01;62;0
07-03-2010 16:02;86;0
07-03-2010 16:03;17;0
07-03-2010 16:04;0;0
07-03-2010 16:05;80;0
07-03-2010 16:06;5;0
07-03-2010 16:07;0;0
07-03-2010 16:08;31;0
07-03-2010 16:09;12;0
07-03-2010 16:10;43;0
07-03-2010 16:11;40;0
07-03-2010 16:12;31;0
07-03-2010 16:13;26;0
07-03-2010 16:14;107;0
07-03-2010 16:15;24;0
07-03-2010 16:16;7;0
07-03-2010 16:17;17;0
07-03-2010 16:18;0;0
07-03-2010 16:19;50;0
07-03-2010 16:20;0;0
07-03-2010 16:21;73;0
07-03-2010 16:22;33;0
07-03-2010 16:23;304;0
07-03-2010 16:24;733;0
07-03-2010 16:25;240;0
07-03-2010 16:26;209;0
07-03-2010 16:27;258;0
07-03-2010 16:28;266;0
07-03-2010 16:29;336;0
07-03-2010 16:30;142;0
07-03-2010 16:31;586;0
07-03-2010 16:32;284;0
07-03-2010 16:33;1110;0
07-03-2010 16:34;1076;0
07-03-2010 16:35;889;0
07-03-2010 16:36;1301;1
07-03-2010 16:37;1386;1
07-03-2010 16:38;424;0
07-03-2010 16:39;284;0
07-03-2010 16:40;336;0
07-03-2010 16:41;195;0
07-03-2010 16:42;100;0
07-03-2010 16:43;304;0
07-03-2010 16:44;424;0
07-03-2010 16:45;483;0
07-03-2010 16:46;249;0
07-03-2010 16:47;189;0
07-03-2010 16:48;294;0
07-03-2010 16:49;111;0
07-03-2010 16:50;76;0
07-03-2010 16:51;62;0
07-03-2010 16:52;533;0
07-03-2010 16:53;249;0
07-03-2010 16:54;195;0
07-03-2010 16:55;126;0
07-03-2010 16:56;26;0
07-03-2010 16:57;195;0
07-03-2010 16:58;93;0
07-03-2010 16:59;189;0
07-03-2010 17:00;189;0
07-03-2010 17:01;182;0
07-03-2010 17:02;80;0
07-03-2010 17:03;438;0
07-03-2010 17:04;1673;1
07-03-2010 17:05;3762;1
07-03-2010 17:06;834;0
07-03-2010 17:07;1010;0
07-03-2010 17:08;645;0
07-03-2010 17:09;567;0
07-03-2010 17:10;948;0
07-03-2010 17:11;1076;0
07-03-2010 17:12;1010;0
07-03-2010 17:13;645;0
07-03-2010 17:14;1386;1
07-03-2010 17:15;1430;1
07-03-2010 17:16;1147;0
07-03-2010 17:17;948;0
07-03-2010 17:18;1386;1
07-03-2010 17:19;1475;1
07-03-2010 17:20;1673;1
07-03-2010 17:21;2845;1
07-03-2010 17:22;3029;1
07-03-2010 17:23;3325;1
07-03-2010 17:24;2513;1
07-03-2010 17:25;2361;1
07-03-2010 17:26;1076;0
07-03-2010 17:27;2288;1
07-03-2010 17:28;918;0
07-03-2010 17:29;1342;1
07-03-2010 17:30;1621;1
07-03-2010 17:31;979;0
07-03-2010 17:32;1839;1
07-03-2010 17:33;889;0
07-03-2010 17:34;979;0
07-03-2010 17:35;834;0
07-03-2010 17:36;1110;0
07-03-2010 17:37;1010;0
07-03-2010 17:38;1522;1
07-03-2010 17:39;1147;0
07-03-2010 17:40;1342;1
07-03-2010 17:41;1522;1
07-03-2010 17:42;1782;1
07-03-2010 17:43;1782;1
07-03-2010 17:44;1221;1
07-03-2010 17:45;1043;0
07-03-2010 17:46;666;0
07-03-2010 17:47;1043;0
07-03-2010 17:48;1839;1
07-03-2010 17:49;1010;0
07-03-2010 17:50;1430;1
07-03-2010 17:51;1522;1
07-03-2010 17:52;1571;1
07-03-2010 17:53;1522;1
07-03-2010 17:54;1261;1
07-03-2010 17:55;1839;1
07-03-2010 17:56;1183;0
07-03-2010 17:57;1522;1
07-03-2010 17:58;1076;0
07-03-2010 17:59;733;0
07-03-2010 18:00;1430;1
07-03-2010 18:01;1571;1
07-03-2010 18:02;889;0
07-03-2010 18:03;758;0
07-03-2010 18:04;1430;1
07-03-2010 18:05;1342;1
07-03-2010 18:06;979;0
07-03-2010 18:07;1839;1
07-03-2010 18:08;1475;1
07-03-2010 18:09;1221;1
07-03-2010 18:10;1673;1
07-03-2010 18:11;1571;1
07-03-2010 18:12;1958;1
07-03-2010 18:13;2288;1
07-03-2010 18:14;1673;1
07-03-2010 18:15;2361;1
07-03-2010 18:16;1342;1
07-03-2010 18:17;1726;1
07-03-2010 18:18;1571;1
07-03-2010 18:19;2288;1
07-03-2010 18:20;1898;1
07-03-2010 18:21;1782;1
07-03-2010 18:22;1673;1
07-03-2010 18:23;834;0
07-03-2010 18:24;1726;1
07-03-2010 18:25;1183;0
07-03-2010 18:26;1342;1
07-03-2010 18:27;1261;1
07-03-2010 18:28;1386;1
07-03-2010 18:29;1726;1
07-03-2010 18:30;1386;1
07-03-2010 18:31;1958;1
07-03-2010 18:32;1782;1
07-03-2010 18:33;1782;1
07-03-2010 18:34;1221;1
07-03-2010 18:35;2218;1
07-03-2010 18:36;1522;1
07-03-2010 18:37;1673;1
07-03-2010 18:38;1621;1
07-03-2010 18:39;1839;1
07-03-2010 18:40;1522;1
07-03-2010 18:41;889;0
07-03-2010 18:42;1386;1
07-03-2010 18:43;1342;1
07-03-2010 18:44;1301;1
07-03-2010 18:45;889;0
07-03-2010 18:46;1183;0
07-03-2010 18:47;1673;1
07-03-2010 18:48;1522;1
07-03-2010 18:49;1621;1
07-03-2010 18:50;2084;1
07-03-2010 18:51;1522;1
07-03-2010 18:52;1342;1
07-03-2010 18:53;1076;0
07-03-2010 18:54;1522;1
07-03-2010 18:55;2150;1
07-03-2010 18:56;1221;1
07-03-2010 18:57;1621;1
07-03-2010 18:58;1301;1
07-03-2010 18:59;2845;1
07-03-2010 19:00;1621;1
07-03-2010 19:01;1898;1
07-03-2010 19:02;4129;1
07-03-2010 19:03;4672;1
07-03-2010 19:04;3648;1
07-03-2010 19:05;2935;1
07-03-2010 19:06;2218;1
07-03-2010 19:07;1076;0
07-03-2010 19:08;3880;1
07-03-2010 19:09;4530;1
07-03-2010 19:10;2361;1
07-03-2010 19:11;2288;1
07-03-2010 19:12;2288;1
07-03-2010 19:13;2218;1
07-03-2010 19:14;2759;1
07-03-2010 19:15;1839;1
07-03-2010 19:16;1147;0
07-03-2010 19:17;2218;1
07-03-2010 19:18;1673;1
07-03-2010 19:19;1898;1
07-03-2010 19:20;1958;1
07-03-2010 19:21;2288;1
07-03-2010 19:22;1342;1
07-03-2010 19:23;1261;1
07-03-2010 19:24;498;0
07-03-2010 19:25;384;0
07-03-2010 19:26;232;0
07-03-2010 19:27;424;0
07-03-2010 19:28;1342;1
07-03-2010 19:29;2020;1
07-03-2010 19:30;2020;1
07-03-2010 19:31;1522;1
07-03-2010 19:32;1621;1
07-03-2010 19:33;1522;1
07-03-2010 19:34;1301;1
07-03-2010 19:35;1010;0
07-03-2010 19:36;782;0
07-03-2010 19:37;758;0
07-03-2010 19:38;808;0
07-03-2010 19:39;249;0
07-03-2010 19:40;168;0
07-03-2010 19:41;182;0
07-03-2010 19:42;1261;1
07-03-2010 19:43;979;0
07-03-2010 19:44;0;0
07-03-2010 19:45;0;0
07-03-2010 19:46;0;0
07-03-2010 19:47;0;0
07-03-2010 19:48;861;0
07-03-2010 19:49;624;0
07-03-2010 19:50;410;0
07-03-2010 19:51;782;0
07-03-2010 19:52;126;0
07-03-2010 19:53;163;0
07-03-2010 19:54;104;0
07-03-2010 19:55;59;0
07-03-2010 19:56;69;0
07-03-2010 19:57;152;0
07-03-2010 19:58;533;0
07-03-2010 19:59;315;0
07-03-2010 20:00;424;0
07-03-2010 20:01;315;0
07-03-2010 20:02;336;0
07-03-2010 20:03;54;0
07-03-2010 20:04;55;0
07-03-2010 20:05;42;0
07-03-2010 20:06;52;0
07-03-2010 20:07;52;0
07-03-2010 20:08;9;0
07-03-2010 20:09;410;0
07-03-2010 20:10;498;0
07-03-2010 20:11;758;0
07-03-2010 20:12;76;0
07-03-2010 20:13;16;0
07-03-2010 20:14;157;0
07-03-2010 20:15;733;0
07-03-2010 20:16;384;0
07-03-2010 20:17;284;0
07-03-2010 20:18;304;0
07-03-2010 20:19;348;0
07-03-2010 20:20;249;0
07-03-2010 20:21;424;0
07-03-2010 20:22;515;0
07-03-2010 20:23;348;0
07-03-2010 20:24;202;0
07-03-2010 20:25;396;0
07-03-2010 20:26;304;0
07-03-2010 20:27;348;0
07-03-2010 20:28;550;0
07-03-2010 20:29;438;0
07-03-2010 20:30;336;0
07-03-2010 20:31;216;0
07-03-2010 20:32;315;0
07-03-2010 20:33;410;0
07-03-2010 20:34;249;0
07-03-2010 20:35;533;0
07-03-2010 20:36;336;0
07-03-2010 20:37;467;0
07-03-2010 20:38;384;0
07-03-2010 20:39;586;0
07-03-2010 20:40;438;0
07-03-2010 20:41;304;0
07-03-2010 20:42;266;0
07-03-2010 20:43;62;0
07-03-2010 20:44;360;0
07-03-2010 20:45;384;0
07-03-2010 20:46;163;0
07-03-2010 20:47;62;0
07-03-2010 20:48;163;0
07-03-2010 20:49;126;0
07-03-2010 20:50;304;0
07-03-2010 20:51;733;0
07-03-2010 20:52;483;0
07-03-2010 20:53;360;0
07-03-2010 20:54;209;0
07-03-2010 20:55;223;0
07-03-2010 20:56;834;0
07-03-2010 20:57;711;0
07-03-2010 20:58;182;0
07-03-2010 20:59;131;0
07-03-2010 21:00;266;0
07-03-2010 21:01;498;0
07-03-2010 21:02;605;0
07-03-2010 21:03;410;0
07-03-2010 21:04;410;0
07-03-2010 21:05;304;0
07-03-2010 21:06;467;0
07-03-2010 21:07;483;0
07-03-2010 21:08;451;0
07-03-2010 21:09;605;0
07-03-2010 21:10;567;0
07-03-2010 21:11;567;0
07-03-2010 21:12;758;0
07-03-2010 21:13;424;0
07-03-2010 21:14;147;0
07-03-2010 21:15;69;0
07-03-2010 21:16;48;0
07-03-2010 21:17;54;0
07-03-2010 21:18;360;0
07-03-2010 21:19;147;0
07-03-2010 21:20;31;0
07-03-2010 21:21;189;0
07-03-2010 21:22;126;0
07-03-2010 21:23;100;0
07-03-2010 21:24;100;0
07-03-2010 21:25;325;0
07-03-2010 21:26;258;0
07-03-2010 21:27;121;0
07-03-2010 21:28;111;0
07-03-2010 21:29;116;0
07-03-2010 21:30;121;0
07-03-2010 21:31;104;0
07-03-2010 21:32;100;0
07-03-2010 21:33;73;0
07-03-2010 21:34;62;0
07-03-2010 21:35;59;0
07-03-2010 21:36;104;0
07-03-2010 21:37;43;0
07-03-2010 21:38;348;0
07-03-2010 21:39;515;0
07-03-2010 21:40;325;0
07-03-2010 21:41;52;0
07-03-2010 21:42;223;0
07-03-2010 21:43;26;0
07-03-2010 21:44;9;0
07-03-2010 21:45;90;0
07-03-2010 21:46;0;0
07-03-2010 21:47;3;0
07-03-2010 21:48;0;0
07-03-2010 21:49;0;0
07-03-2010 21:50;19;0
07-03-2010 21:51;0;0
07-03-2010 21:52;0;0
07-03-2010 21:53;76;0
07-03-2010 21:54;249;0
07-03-2010 21:55;137;0
07-03-2010 21:56;90;0
07-03-2010 21:57;66;0
07-03-2010 21:58;438;0
07-03-2010 21:59;889;0
07-03-2010 22:00;223;0
07-03-2010 22:01;384;0
07-03-2010 22:02;533;0
07-03-2010 22:03;275;0
07-03-2010 22:04;424;0
07-03-2010 22:05;142;0
07-03-2010 22:06;645;0
07-03-2010 22:07;758;0
07-03-2010 22:08;758;0
07-03-2010 22:09;325;0
07-03-2010 22:10;275;0
07-03-2010 22:11;116;0
07-03-2010 22:12;360;0
07-03-2010 22:13;711;0
07-03-2010 22:14;240;0
07-03-2010 22:15;168;0
07-03-2010 22:16;142;0
07-03-2010 22:17;121;0
07-03-2010 22:18;42;0
07-03-2010 22:19;142;0
07-03-2010 22:20;59;0
07-03-2010 22:21;0;0
07-03-2010 22:22;0;0
07-03-2010 22:23;0;0
07-03-2010 22:24;80;0
07-03-2010 22:25;38;0
07-03-2010 22:26;0;0
07-03-2010 22:27;0;0
07-03-2010 22:28;111;0
07-03-2010 22:29;0;0
07-03-2010 22:30;0;0
07-03-2010 22:31;0;0
07-03-2010 22:32;42;0
07-03-2010 22:33;202;0
07-03-2010 22:34;31;0
07-03-2010 22:35;83;0
07-03-2010 22:36;0;0
07-03-2010 22:37;0;0
07-03-2010 22:38;0;0
07-03-2010 22:39;0;0
07-03-2010 22:40;0;0
07-03-2010 22:41;0;0
07-03-2010 22:42;0;0
07-03-2010 22:43;0;0
07-03-2010 22:44;0;0
07-03-2010 22:45;0;0
07-03-2010 22:46;0;0
07-03-2010 22:47;0;0
07-03-2010 22:48;59;0
07-03-2010 22:49;0;0
07-03-2010 22:50;0;0
07-03-2010 22:51;0;0
07-03-2010 22:52;0;0
07-03-2010 22:53;0;0
07-03-2010 22:54;0;0
07-03-2010 22:55;0;0
07-03-2010 22:56;0;0
07-03-2010 22:57;0;0
07-03-2010 22:58;0;0
07-03-2010 22:59;0;0
07-03-2010 23:00;0;0
07-03-2010 23:01;0;0
07-03-2010 23:02;0;0
07-03-2010 23:03;0;0
07-03-2010 23:04;0;0
07-03-2010 23:05;0;0
07-03-2010 23:06;0;0
07-03-2010 23:07;0;0
07-03-2010 23:08;0;0
07-03-2010 23:09;0;0
07-03-2010 23:10;0;0
07-03-2010 23:11;0;0
07-03-2010 23:12;0;0
07-03-2010 23:13;0;0
07-03-2010 23:14;0;0
07-03-2010 23:15;0;0
07-03-2010 23:16;0;0
07-03-2010 23:17;0;0
07-03-2010 23:18;0;0
07-03-2010 23:19;0;0
07-03-2010 23:20;0;0
07-03-2010 23:21;0;0
07-03-2010 23:22;0;0
07-03-2010 23:23;0;0
07-03-2010 23:24;0;0
07-03-2010 23:25;0;0
07-03-2010 23:26;0;0
07-03-2010 23:27;0;0
07-03-2010 23:28;76;0
07-03-2010 23:29;69;0
07-03-2010 23:30;0;0
07-03-2010 23:31;0;0
07-03-2010 23:32;9;0
07-03-2010 23:33;0;0
07-03-2010 23:34;0;0
07-03-2010 23:35;0;0
07-03-2010 23:36;0;0
07-03-2010 23:37;0;0
07-03-2010 23:38;90;0
07-03-2010 23:39;0;0
07-03-2010 23:40;0;0
07-03-2010 23:41;0;0
07-03-2010 23:42;0;0
07-03-2010 23:43;0;0
07-03-2010 23:44;0;0
07-03-2010 23:45;0;0
07-03-2010 23:46;0;0
07-03-2010 23:47;0;0
07-03-2010 23:48;0;0
07-03-2010 23:49;0;0
07-03-2010 23:50;0;0
07-03-2010 23:51;0;0
07-03-2010 23:52;0;0
07-03-2010 23:53;0;0
07-03-2010 23:54;35;0
07-03-2010 23:55;0;0
07-03-2010 23:56;0;0
07-03-2010 23:57;0;0
07-03-2010 23:58;0;0
07-03-2010 23:59;0;0
07-04-2010 00:00;0;0
07-04-2010 00:01;0;0
07-04-2010 00:02;0;0
07-04-2010 00:03;0;0
07-04-2010 00:04;0;0
07-04-2010 00:05;0;0
07-04-2010 00:06;0;0
07-04-2010 00:07;0;0
07-04-2010 00:08;0;0
07-04-2010 00:09;0;0
07-04-2010 00:10;0;0
07-04-2010 00:11;0;0
07-04-2010 00:12;0;0
07-04-2010 00:13;0;0
07-04-2010 00:14;0;0
07-04-2010 00:15;0;0
07-04-2010 00:16;0;0
07-04-2010 00:17;0;0
07-04-2010 00:18;0;0
07-04-2010 00:19;0;0
07-04-2010 00:20;0;0
07-04-2010 00:21;0;0
07-04-2010 00:22;0;0
07-04-2010 00:23;0;0
07-04-2010 00:24;55;0
07-04-2010 00:25;284;0
07-04-2010 00:26;733;0
07-04-2010 00:27;550;0
07-04-2010 00:28;182;0
07-04-2010 00:29;55;0
07-04-2010 00:30;54;0
07-04-2010 00:31;62;0
07-04-2010 00:32;3;0
07-04-2010 00:33;0;0
07-04-2010 00:34;0;0
07-04-2010 00:35;0;0
07-04-2010 00:36;0;0
07-04-2010 00:37;0;0
07-04-2010 00:38;0;0
07-04-2010 00:39;0;0
07-04-2010 00:40;0;0
07-04-2010 00:41;0;0
07-04-2010 00:42;0;0
07-04-2010 00:43;0;0
07-04-2010 00:44;0;0
07-04-2010 00:45;0;0
07-04-2010 00:46;0;0
07-04-2010 00:47;0;0
07-04-2010 00:48;0;0
07-04-2010 00:49;0;0
07-04-2010 00:50;0;0
07-04-2010 00:51;0;0
07-04-2010 00:52;0;0
07-04-2010 00:53;0;0
07-04-2010 00:54;0;0
07-04-2010 00:55;0;0
07-04-2010 00:56;0;0
07-04-2010 00:57;0;0
07-04-2010 00:58;0;0
07-04-2010 00:59;0;0
07-04-2010 01:00;0;0
07-04-2010 01:01;0;0
07-04-2010 01:02;0;0
07-04-2010 01:03;0;0
07-04-2010 01:04;0;0
07-04-2010 01:05;0;0
07-04-2010 01:06;0;0
07-04-2010 01:07;0;0
07-04-2010 01:08;0;0
07-04-2010 01:09;0;0
07-04-2010 01:10;0;0
07-04-2010 01:11;0;0
07-04-2010 01:12;0;0
07-04-2010 01:13;0;0
07-04-2010 01:14;0;0
07-04-2010 01:15;0;0
07-04-2010 01:16;0;0
07-04-2010 01:17;0;0
07-04-2010 01:18;0;0
07-04-2010 01:19;0;0
07-04-2010 01:20;0;0
07-04-2010 01:21;0;0
07-04-2010 01:22;0;0
07-04-2010 01:23;0;0
07-04-2010 01:24;0;0
07-04-2010 01:25;137;0
07-04-2010 01:26;0;0
07-04-2010 01:27;0;0
07-04-2010 01:28;0;0
07-04-2010 01:29;0;0
07-04-2010 01:30;0;0
07-04-2010 01:31;0;0
07-04-2010 01:32;0;0
07-04-2010 01:33;0;0
07-04-2010 01:34;0;0
07-04-2010 01:35;0;0
07-04-2010 01:36;0;0
07-04-2010 01:37;0;0
07-04-2010 01:38;0;0
07-04-2010 01:39;0;0
07-04-2010 01:40;0;0
07-04-2010 01:41;0;0
07-04-2010 01:42;0;0
07-04-2010 01:43;26;0
07-04-2010 01:44;0;0
07-04-2010 01:45;0;0
07-04-2010 01:46;0;0
07-04-2010 01:47;0;0
07-04-2010 01:48;31;0
07-04-2010 01:49;0;0
07-04-2010 01:50;0;0
07-04-2010 01:51;0;0
07-04-2010 01:52;0;0
07-04-2010 01:53;5;0
07-04-2010 01:54;43;0
07-04-2010 01:55;40;0
07-04-2010 01:56;0;0
07-04-2010 01:57;0;0
07-04-2010 01:58;0;0
07-04-2010 01:59;0;0
07-04-2010 02:00;0;0
07-04-2010 02:01;0;0
07-04-2010 02:02;0;0
07-04-2010 02:03;0;0
07-04-2010 02:04;86;0
07-04-2010 02:05;0;0
07-04-2010 02:06;0;0
07-04-2010 02:07;0;0
07-04-2010 02:08;0;0
07-04-2010 02:09;0;0
07-04-2010 02:10;0;0
07-04-2010 02:11;0;0
07-04-2010 02:12;0;0
07-04-2010 02:13;0;0
07-04-2010 02:14;0;0
07-04-2010 02:15;0;0
07-04-2010 02:16;0;0
07-04-2010 02:17;0;0
07-04-2010 02:18;137;0
07-04-2010 02:19;0;0
07-04-2010 02:20;0;0
07-04-2010 02:21;80;0
07-04-2010 02:22;0;0
07-04-2010 02:23;0;0
07-04-2010 02:24;0;0
07-04-2010 02:25;0;0
07-04-2010 02:26;0;0
07-04-2010 02:27;0;0
07-04-2010 02:28;209;0
07-04-2010 02:29;73;0
07-04-2010 02:30;0;0
07-04-2010 02:31;0;0
07-04-2010 02:32;0;0
07-04-2010 02:33;0;0
07-04-2010 02:34;69;0
07-04-2010 02:35;0;0
07-04-2010 02:36;17;0
07-04-2010 02:37;152;0
07-04-2010 02:38;0;0
07-04-2010 02:39;0;0
07-04-2010 02:40;0;0
07-04-2010 02:41;0;0
07-04-2010 02:42;0;0
07-04-2010 02:43;0;0
07-04-2010 02:44;0;0
07-04-2010 02:45;0;0
07-04-2010 02:46;0;0
07-04-2010 02:47;0;0
07-04-2010 02:48;0;0
07-04-2010 02:49;163;0
07-04-2010 02:50;0;0
07-04-2010 02:51;0;0
07-04-2010 02:52;0;0
07-04-2010 02:53;0;0
07-04-2010 02:54;0;0
07-04-2010 02:55;0;0
07-04-2010 02:56;0;0
07-04-2010 02:57;86;0
07-04-2010 02:58;0;0
07-04-2010 02:59;3;0
07-04-2010 03:00;0;0
07-04-2010 03:01;0;0
07-04-2010 03:02;0;0
07-04-2010 03:03;0;0
07-04-2010 03:04;0;0
07-04-2010 03:05;0;0
07-04-2010 03:06;0;0
07-04-2010 03:07;28;0
07-04-2010 03:08;28;0
07-04-2010 03:09;0;0
07-04-2010 03:10;73;0
07-04-2010 03:11;0;0
07-04-2010 03:12;0;0
07-04-2010 03:13;0;0
07-04-2010 03:14;0;0
07-04-2010 03:15;0;0
07-04-2010 03:16;0;0
07-04-2010 03:17;0;0
07-04-2010 03:18;0;0
07-04-2010 03:19;0;0
07-04-2010 03:20;0;0
07-04-2010 03:21;0;0
07-04-2010 03:22;0;0
07-04-2010 03:23;0;0
07-04-2010 03:24;0;0
07-04-2010 03:25;0;0
07-04-2010 03:26;0;0
07-04-2010 03:27;0;0
07-04-2010 03:28;12;0
07-04-2010 03:29;0;0
07-04-2010 03:30;0;0
07-04-2010 03:31;0;0
07-04-2010 03:32;0;0
07-04-2010 03:33;0;0
07-04-2010 03:34;0;0
07-04-2010 03:35;0;0
07-04-2010 03:36;0;0
07-04-2010 03:37;0;0
07-04-2010 03:38;0;0
07-04-2010 03:39;0;0
07-04-2010 03:40;0;0
07-04-2010 03:41;0;0
07-04-2010 03:42;0;0
07-04-2010 03:43;0;0
07-04-2010 03:44;3;0
07-04-2010 03:45;0;0
07-04-2010 03:46;62;0
07-04-2010 03:47;0;0
07-04-2010 03:48;0;0
07-04-2010 03:49;0;0
07-04-2010 03:50;0;0
07-04-2010 03:51;0;0
07-04-2010 03:52;0;0
07-04-2010 03:53;0;0
07-04-2010 03:54;0;0
07-04-2010 03:55;0;0
07-04-2010 03:56;0;0
07-04-2010 03:57;0;0
07-04-2010 03:58;0;0
07-04-2010 03:59;0;0
07-04-2010 04:00;0;0
07-04-2010 04:01;0;0
07-04-2010 04:02;0;0
07-04-2010 04:03;0;0
07-04-2010 04:04;0;0
07-04-2010 04:05;0;0
07-04-2010 04:06;0;0
07-04-2010 04:07;0;0
07-04-2010 04:08;0;0
07-04-2010 04:09;0;0
07-04-2010 04:10;0;0
07-04-2010 04:11;0;0
07-04-2010 04:12;0;0
07-04-2010 04:13;0;0
07-04-2010 04:14;0;0
07-04-2010 04:15;0;0
07-04-2010 04:16;0;0
07-04-2010 04:17;0;0
07-04-2010 04:18;0;0
07-04-2010 04:19;0;0
07-04-2010 04:20;0;0
07-04-2010 04:21;0;0
07-04-2010 04:22;0;0
07-04-2010 04:23;0;0
07-04-2010 04:24;0;0
07-04-2010 04:25;0;0
07-04-2010 04:26;0;0
07-04-2010 04:27;0;0
07-04-2010 04:28;0;0
07-04-2010 04:29;0;0
07-04-2010 04:30;0;0
07-04-2010 04:31;0;0
07-04-2010 04:32;0;0
07-04-2010 04:33;0;0
07-04-2010 04:34;0;0
07-04-2010 04:35;0;0
07-04-2010 04:36;0;0
07-04-2010 04:37;0;0
07-04-2010 04:38;0;0
07-04-2010 04:39;0;0
07-04-2010 04:40;0;0
07-04-2010 04:41;0;0
07-04-2010 04:42;0;0
07-04-2010 04:43;0;0
07-04-2010 04:44;0;0
07-04-2010 04:45;0;0
07-04-2010 04:46;0;0
07-04-2010 04:47;0;0
07-04-2010 04:48;0;0
07-04-2010 04:49;168;0
07-04-2010 04:50;0;0
07-04-2010 04:51;0;0
07-04-2010 04:52;0;0
07-04-2010 04:53;0;0
07-04-2010 04:54;0;0
07-04-2010 04:55;0;0
07-04-2010 04:56;0;0
07-04-2010 04:57;0;0
07-04-2010 04:58;0;0
07-04-2010 04:59;0;0
07-04-2010 05:00;0;0
07-04-2010 05:01;0;0
07-04-2010 05:02;0;0
07-04-2010 05:03;0;0
07-04-2010 05:04;33;0
07-04-2010 05:05;73;0
07-04-2010 05:06;0;0
07-04-2010 05:07;0;0
07-04-2010 05:08;0;0
07-04-2010 05:09;0;0
07-04-2010 05:10;0;0
07-04-2010 05:11;111;0
07-04-2010 05:12;66;0
07-04-2010 05:13;38;0
07-04-2010 05:14;0;0
07-04-2010 05:15;55;0
07-04-2010 05:16;66;0
07-04-2010 05:17;52;0
07-04-2010 05:18;0;0
07-04-2010 05:19;0;0
07-04-2010 05:20;0;0
07-04-2010 05:21;0;0
07-04-2010 05:22;0;0
07-04-2010 05:23;0;0
07-04-2010 05:24;0;0
07-04-2010 05:25;0;0
07-04-2010 05:26;0;0
07-04-2010 05:27;0;0
07-04-2010 05:28;0;0
07-04-2010 05:29;0;0
07-04-2010 05:30;0;0
07-04-2010 05:31;0;0
07-04-2010 05:32;0;0
07-04-2010 05:33;0;0
07-04-2010 05:34;10;0
07-04-2010 05:35;0;0
07-04-2010 05:36;0;0
07-04-2010 05:37;0;0
07-04-2010 05:38;0;0
07-04-2010 05:39;0;0
07-04-2010 05:40;0;0
07-04-2010 05:41;0;0
07-04-2010 05:42;0;0
07-04-2010 05:43;0;0
07-04-2010 05:44;0;0
07-04-2010 05:45;0;0
07-04-2010 05:46;19;0
07-04-2010 05:47;69;0
07-04-2010 05:48;0;0
07-04-2010 05:49;0;0
07-04-2010 05:50;0;0
07-04-2010 05:51;0;0
07-04-2010 05:52;0;0
07-04-2010 05:53;0;0
07-04-2010 05:54;0;0
07-04-2010 05:55;0;0
07-04-2010 05:56;0;0
07-04-2010 05:57;0;0
07-04-2010 05:58;0;0
07-04-2010 05:59;0;0
07-04-2010 06:00;0;0
07-04-2010 06:01;0;0
07-04-2010 06:02;0;0
07-04-2010 06:03;0;0
07-04-2010 06:04;0;0
07-04-2010 06:05;0;0
07-04-2010 06:06;22;0
07-04-2010 06:07;147;0
07-04-2010 06:08;0;0
07-04-2010 06:09;0;0
07-04-2010 06:10;0;0
07-04-2010 06:11;0;0
07-04-2010 06:12;0;0
07-04-2010 06:13;0;0
07-04-2010 06:14;0;0
07-04-2010 06:15;0;0
07-04-2010 06:16;0;0
07-04-2010 06:17;0;0
07-04-2010 06:18;0;0
07-04-2010 06:19;0;0
07-04-2010 06:20;69;0
07-04-2010 06:21;182;0
07-04-2010 06:22;0;0
07-04-2010 06:23;0;0
07-04-2010 06:24;0;0
07-04-2010 06:25;0;0
07-04-2010 06:26;0;0
07-04-2010 06:27;0;0
07-04-2010 06:28;0;0
07-04-2010 06:29;3;0
07-04-2010 06:30;137;0
07-04-2010 06:31;0;0
07-04-2010 06:32;22;0
07-04-2010 06:33;0;0
07-04-2010 06:34;107;0
07-04-2010 06:35;0;0
07-04-2010 06:36;0;0
07-04-2010 06:37;0;0
07-04-2010 06:38;0;0
07-04-2010 06:39;0;0
07-04-2010 06:40;0;0
07-04-2010 06:41;86;0
07-04-2010 06:42;0;0
07-04-2010 06:43;0;0
07-04-2010 06:44;76;0
07-04-2010 06:45;304;0
07-04-2010 06:46;0;0
07-04-2010 06:47;3;0
07-04-2010 06:48;0;0
07-04-2010 06:49;76;0
07-04-2010 06:50;62;0
07-04-2010 06:51;0;0
07-04-2010 06:52;0;0
07-04-2010 06:53;0;0
07-04-2010 06:54;202;0
07-04-2010 06:55;0;0
07-04-2010 06:56;0;0
07-04-2010 06:57;0;0
07-04-2010 06:58;43;0
07-04-2010 06:59;50;0
07-04-2010 07:00;0;0
07-04-2010 07:01;0;0
07-04-2010 07:02;12;0
07-04-2010 07:03;336;0
07-04-2010 07:04;605;0
07-04-2010 07:05;889;0
07-04-2010 07:06;979;0
07-04-2010 07:07;258;0
07-04-2010 07:08;861;0
07-04-2010 07:09;605;0
07-04-2010 07:10;889;0
07-04-2010 07:11;1043;0
07-04-2010 07:12;1673;1
07-04-2010 07:13;1110;0
07-04-2010 07:14;1386;1
07-04-2010 07:15;2084;1
07-04-2010 07:16;1221;1
07-04-2010 07:17;498;0
07-04-2010 07:18;624;0
07-04-2010 07:19;918;0
07-04-2010 07:20;1475;1
07-04-2010 07:21;948;0
07-04-2010 07:22;336;0
07-04-2010 07:23;372;0
07-04-2010 07:24;240;0
07-04-2010 07:25;195;0
07-04-2010 07:26;66;0
07-04-2010 07:27;189;0
07-04-2010 07:28;10;0
07-04-2010 07:29;152;0
07-04-2010 07:30;515;0
07-04-2010 07:31;360;0
07-04-2010 07:32;605;0
07-04-2010 07:33;249;0
07-04-2010 07:34;808;0
07-04-2010 07:35;266;0
07-04-2010 07:36;304;0
07-04-2010 07:37;121;0
07-04-2010 07:38;195;0
07-04-2010 07:39;80;0
07-04-2010 07:40;55;0
07-04-2010 07:41;90;0
07-04-2010 07:42;10;0
07-04-2010 07:43;5;0
07-04-2010 07:44;111;0
07-04-2010 07:45;29;0
07-04-2010 07:46;182;0
07-04-2010 07:47;147;0
07-04-2010 07:48;666;0
07-04-2010 07:49;808;0
07-04-2010 07:50;336;0
07-04-2010 07:51;1261;1
07-04-2010 07:52;834;0
07-04-2010 07:53;918;0
07-04-2010 07:54;605;0
07-04-2010 07:55;586;0
07-04-2010 07:56;1261;1
07-04-2010 07:57;1076;0
07-04-2010 07:58;1147;0
07-04-2010 07:59;1076;0
07-04-2010 08:00;834;0
07-04-2010 08:01;1621;1
07-04-2010 08:02;733;0
07-04-2010 08:03;889;0
07-04-2010 08:04;1301;1
07-04-2010 08:05;550;0
07-04-2010 08:06;918;0
07-04-2010 08:07;515;0
07-04-2010 08:08;979;0
07-04-2010 08:09;834;0
07-04-2010 08:10;550;0
07-04-2010 08:11;232;0
07-04-2010 08:12;284;0
07-04-2010 08:13;152;0
07-04-2010 08:14;266;0
07-04-2010 08:15;175;0
07-04-2010 08:16;157;0
07-04-2010 08:17;396;0
07-04-2010 08:18;808;0
07-04-2010 08:19;467;0
07-04-2010 08:20;325;0
07-04-2010 08:21;223;0
07-04-2010 08:22;396;0
07-04-2010 08:23;107;0
07-04-2010 08:24;396;0
07-04-2010 08:25;410;0
07-04-2010 08:26;284;0
07-04-2010 08:27;55;0
07-04-2010 08:28;189;0
07-04-2010 08:29;284;0
07-04-2010 08:30;567;0
07-04-2010 08:31;410;0
07-04-2010 08:32;336;0
07-04-2010 08:33;550;0
07-04-2010 08:34;360;0
07-04-2010 08:35;116;0
07-04-2010 08:36;550;0
07-04-2010 08:37;624;0
07-04-2010 08:38;624;0
07-04-2010 08:39;515;0
07-04-2010 08:40;567;0
07-04-2010 08:41;666;0
07-04-2010 08:42;624;0
07-04-2010 08:43;348;0
07-04-2010 08:44;1010;0
07-04-2010 08:45;733;0
07-04-2010 08:46;605;0
07-04-2010 08:47;567;0
07-04-2010 08:48;666;0
07-04-2010 08:49;624;0
07-04-2010 08:50;360;0
07-04-2010 08:51;0;0
07-04-2010 08:52;50;0
07-04-2010 08:53;5;0
07-04-2010 08:54;10;0
07-04-2010 08:55;42;0
07-04-2010 08:56;83;0
07-04-2010 08:57;31;0
07-04-2010 08:58;14;0
07-04-2010 08:59;48;0
07-04-2010 09:00;0;0
07-04-2010 09:01;76;0
07-04-2010 09:02;22;0
07-04-2010 09:03;31;0
07-04-2010 09:04;0;0
07-04-2010 09:05;24;0
07-04-2010 09:06;424;0
07-04-2010 09:07;861;0
07-04-2010 09:08;733;0
07-04-2010 09:09;918;0
07-04-2010 09:10;918;0
07-04-2010 09:11;348;0
07-04-2010 09:12;410;0
07-04-2010 09:13;918;0
07-04-2010 09:14;348;0
07-04-2010 09:15;396;0
07-04-2010 09:16;605;0
07-04-2010 09:17;834;0
07-04-2010 09:18;666;0
07-04-2010 09:19;550;0
07-04-2010 09:20;567;0
07-04-2010 09:21;733;0
07-04-2010 09:22;515;0
07-04-2010 09:23;733;0
07-04-2010 09:24;758;0
07-04-2010 09:25;451;0
07-04-2010 09:26;232;0
07-04-2010 09:27;360;0
07-04-2010 09:28;202;0
07-04-2010 09:29;438;0
07-04-2010 09:30;758;0
07-04-2010 09:31;889;0
07-04-2010 09:32;645;0
07-04-2010 09:33;410;0
07-04-2010 09:34;533;0
07-04-2010 09:35;666;0
07-04-2010 09:36;688;0
07-04-2010 09:37;889;0
07-04-2010 09:38;550;0
07-04-2010 09:39;223;0
07-04-2010 09:40;168;0
07-04-2010 09:41;360;0
07-04-2010 09:42;451;0
07-04-2010 09:43;202;0
07-04-2010 09:44;232;0
07-04-2010 09:45;360;0
07-04-2010 09:46;258;0
07-04-2010 09:47;116;0
07-04-2010 09:48;55;0
07-04-2010 09:49;26;0
07-04-2010 09:50;73;0
07-04-2010 09:51;175;0
07-04-2010 09:52;372;0
07-04-2010 09:53;372;0
07-04-2010 09:54;483;0
07-04-2010 09:55;586;0
07-04-2010 09:56;688;0
07-04-2010 09:57;384;0
07-04-2010 09:58;396;0
07-04-2010 09:59;284;0
07-04-2010 10:00;275;0
07-04-2010 10:01;498;0
07-04-2010 10:02;304;0
07-04-2010 10:03;808;0
07-04-2010 10:04;515;0
07-04-2010 10:05;688;0
07-04-2010 10:06;372;0
07-04-2010 10:07;918;0
07-04-2010 10:08;1147;0
07-04-2010 10:09;711;0
07-04-2010 10:10;711;0
07-04-2010 10:11;688;0
07-04-2010 10:12;861;0
07-04-2010 10:13;834;0
07-04-2010 10:14;1342;1
07-04-2010 10:15;533;0
07-04-2010 10:16;1342;1
07-04-2010 10:17;1076;0
07-04-2010 10:18;249;0
07-04-2010 10:19;410;0
07-04-2010 10:20;410;0
07-04-2010 10:21;948;0
07-04-2010 10:22;834;0
07-04-2010 10:23;918;0
07-04-2010 10:24;1010;0
07-04-2010 10:25;1110;0
07-04-2010 10:26;325;0
07-04-2010 10:27;808;0
07-04-2010 10:28;438;0
07-04-2010 10:29;586;0
07-04-2010 10:30;360;0
07-04-2010 10:31;240;0
07-04-2010 10:32;232;0
07-04-2010 10:33;0;0
07-04-2010 10:34;0;0
07-04-2010 10:35;304;0
07-04-2010 10:36;131;0
07-04-2010 10:37;498;0
07-04-2010 10:38;10;0
07-04-2010 10:39;38;0
07-04-2010 10:40;467;0
07-04-2010 10:41;567;0
07-04-2010 10:42;438;0
07-04-2010 10:43;666;0
07-04-2010 10:44;533;0
07-04-2010 10:45;733;0
07-04-2010 10:46;605;0
07-04-2010 10:47;834;0
07-04-2010 10:48;586;0
07-04-2010 10:49;645;0
07-04-2010 10:50;711;0
07-04-2010 10:51;396;0
07-04-2010 10:52;325;0
07-04-2010 10:53;410;0
07-04-2010 10:54;586;0
07-04-2010 10:55;834;0
07-04-2010 10:56;3;0
07-04-2010 10:57;28;0
07-04-2010 10:58;52;0
07-04-2010 10:59;3;0
07-04-2010 11:00;498;0
07-04-2010 11:01;979;0
07-04-2010 11:02;396;0
07-04-2010 11:03;76;0
07-04-2010 11:04;66;0
07-04-2010 11:05;202;0
07-04-2010 11:06;567;0
07-04-2010 11:07;483;0
07-04-2010 11:08;336;0
07-04-2010 11:09;533;0
07-04-2010 11:10;467;0
07-04-2010 11:11;294;0
07-04-2010 11:12;336;0
07-04-2010 11:13;266;0
07-04-2010 11:14;396;0
07-04-2010 11:15;467;0
07-04-2010 11:16;325;0
07-04-2010 11:17;232;0
07-04-2010 11:18;666;0
07-04-2010 11:19;360;0
07-04-2010 11:20;372;0
07-04-2010 11:21;758;0
07-04-2010 11:22;157;0
07-04-2010 11:23;35;0
07-04-2010 11:24;142;0
07-04-2010 11:25;861;0
07-04-2010 11:26;1010;0
07-04-2010 11:27;733;0
07-04-2010 11:28;889;0
07-04-2010 11:29;834;0
07-04-2010 11:30;711;0
07-04-2010 11:31;396;0
07-04-2010 11:32;315;0
07-04-2010 11:33;410;0
07-04-2010 11:34;567;0
07-04-2010 11:35;336;0
07-04-2010 11:36;168;0
07-04-2010 11:37;202;0
07-04-2010 11:38;424;0
07-04-2010 11:39;336;0
07-04-2010 11:40;189;0
07-04-2010 11:41;304;0
07-04-2010 11:42;157;0
07-04-2010 11:43;918;0
07-04-2010 11:44;189;0
07-04-2010 11:45;315;0
07-04-2010 11:46;62;0
07-04-2010 11:47;80;0
07-04-2010 11:48;24;0
07-04-2010 11:49;111;0
07-04-2010 11:50;294;0
07-04-2010 11:51;202;0
07-04-2010 11:52;384;0
07-04-2010 11:53;111;0
07-04-2010 11:54;348;0
07-04-2010 11:55;100;0
07-04-2010 11:56;258;0
07-04-2010 11:57;35;0
07-04-2010 11:58;294;0
07-04-2010 11:59;605;0
07-04-2010 12:00;121;0
07-04-2010 12:01;325;0
07-04-2010 12:02;979;0
07-04-2010 12:03;533;0
07-04-2010 12:04;258;0
07-04-2010 12:05;189;0
07-04-2010 12:06;121;0
07-04-2010 12:07;3;0
07-04-2010 12:08;52;0
07-04-2010 12:09;266;0
07-04-2010 12:10;126;0
07-04-2010 12:11;35;0
07-04-2010 12:12;0;0
07-04-2010 12:13;0;0
07-04-2010 12:14;294;0
07-04-2010 12:15;0;0
07-04-2010 12:16;21;0
07-04-2010 12:17;0;0
07-04-2010 12:18;3;0
07-04-2010 12:19;116;0
07-04-2010 12:20;3;0
07-04-2010 12:21;10;0
07-04-2010 12:22;38;0
07-04-2010 12:23;294;0
07-04-2010 12:24;266;0
07-04-2010 12:25;189;0
07-04-2010 12:26;3;0
07-04-2010 12:27;59;0
07-04-2010 12:28;137;0
07-04-2010 12:29;515;0
07-04-2010 12:30;202;0
07-04-2010 12:31;17;0
07-04-2010 12:32;152;0
07-04-2010 12:33;21;0
07-04-2010 12:34;275;0
07-04-2010 12:35;111;0
07-04-2010 12:36;336;0
07-04-2010 12:37;59;0
07-04-2010 12:38;147;0
07-04-2010 12:39;758;0
07-04-2010 12:40;410;0
07-04-2010 12:41;624;0
07-04-2010 12:42;410;0
07-04-2010 12:43;515;0
07-04-2010 12:44;384;0
07-04-2010 12:45;348;0
07-04-2010 12:46;567;0
07-04-2010 12:47;808;0
07-04-2010 12:48;1386;1
07-04-2010 12:49;624;0
07-04-2010 12:50;1221;1
07-04-2010 12:51;1110;0
07-04-2010 12:52;586;0
07-04-2010 12:53;258;0
07-04-2010 12:54;121;0
07-04-2010 12:55;202;0
07-04-2010 12:56;111;0
07-04-2010 12:57;209;0
07-04-2010 12:58;360;0
07-04-2010 12:59;948;0
07-04-2010 13:00;451;0
07-04-2010 13:01;152;0
07-04-2010 13:02;168;0
07-04-2010 13:03;258;0
07-04-2010 13:04;266;0
07-04-2010 13:05;533;0
07-04-2010 13:06;889;0
07-04-2010 13:07;550;0
07-04-2010 13:08;515;0
07-04-2010 13:09;152;0
07-04-2010 13:10;336;0
07-04-2010 13:11;26;0
07-04-2010 13:12;3;0
07-04-2010 13:13;232;0
07-04-2010 13:14;808;0
07-04-2010 13:15;861;0
07-04-2010 13:16;107;0
07-04-2010 13:17;152;0
07-04-2010 13:18;131;0
07-04-2010 13:19;360;0
07-04-2010 13:20;467;0
07-04-2010 13:21;483;0
07-04-2010 13:22;336;0
07-04-2010 13:23;515;0
07-04-2010 13:24;116;0
07-04-2010 13:25;258;0
07-04-2010 13:26;348;0
07-04-2010 13:27;284;0
07-04-2010 13:28;315;0
07-04-2010 13:29;189;0
07-04-2010 13:30;550;0
07-04-2010 13:31;979;0
07-04-2010 13:32;758;0
07-04-2010 13:33;733;0
07-04-2010 13:34;666;0
07-04-2010 13:35;834;0
07-04-2010 13:36;1342;1
07-04-2010 13:37;1386;1
07-04-2010 13:38;889;0
07-04-2010 13:39;1301;1
07-04-2010 13:40;1183;0
07-04-2010 13:41;1673;1
07-04-2010 13:42;979;0
07-04-2010 13:43;1221;1
07-04-2010 13:44;1342;1
07-04-2010 13:45;808;0
07-04-2010 13:46;624;0
07-04-2010 13:47;918;0
07-04-2010 13:48;948;0
07-04-2010 13:49;861;0
07-04-2010 13:50;1571;1
07-04-2010 13:51;1301;1
07-04-2010 13:52;209;0
07-04-2010 13:53;1261;1
07-04-2010 13:54;2218;1
07-04-2010 13:55;2759;1
07-04-2010 13:56;1621;1
07-04-2010 13:57;2288;1
07-04-2010 13:58;1043;0
07-04-2010 13:59;2759;1
07-04-2010 14:00;861;0
07-04-2010 14:01;733;0
07-04-2010 14:02;240;0
07-04-2010 14:03;666;0
07-04-2010 14:04;384;0
07-04-2010 14:05;275;0
07-04-2010 14:06;483;0
07-04-2010 14:07;137;0
07-04-2010 14:08;360;0
07-04-2010 14:09;438;0
07-04-2010 14:10;808;0
07-04-2010 14:11;782;0
07-04-2010 14:12;467;0
07-04-2010 14:13;733;0
07-04-2010 14:14;834;0
07-04-2010 14:15;605;0
07-04-2010 14:16;758;0
07-04-2010 14:17;284;0
07-04-2010 14:18;202;0
07-04-2010 14:19;240;0
07-04-2010 14:20;315;0
07-04-2010 14:21;258;0
07-04-2010 14:22;121;0
07-04-2010 14:23;396;0
07-04-2010 14:24;586;0
07-04-2010 14:25;666;0
07-04-2010 14:26;498;0
07-04-2010 14:27;294;0
07-04-2010 14:28;266;0
07-04-2010 14:29;348;0
07-04-2010 14:30;126;0
07-04-2010 14:31;467;0
07-04-2010 14:32;266;0
07-04-2010 14:33;1043;0
07-04-2010 14:34;467;0
07-04-2010 14:35;861;0
07-04-2010 14:36;645;0
07-04-2010 14:37;550;0
07-04-2010 14:38;889;0
07-04-2010 14:39;360;0
07-04-2010 14:40;624;0
07-04-2010 14:41;240;0
07-04-2010 14:42;121;0
07-04-2010 14:43;266;0
07-04-2010 14:44;104;0
07-04-2010 14:45;131;0
07-04-2010 14:46;182;0
07-04-2010 14:47;104;0
07-04-2010 14:48;498;0
07-04-2010 14:49;451;0
07-04-2010 14:50;294;0
07-04-2010 14:51;294;0
07-04-2010 14:52;451;0
07-04-2010 14:53;111;0
07-04-2010 14:54;396;0
07-04-2010 14:55;275;0
07-04-2010 14:56;275;0
07-04-2010 14:57;209;0
07-04-2010 14:58;111;0
07-04-2010 14:59;86;0
07-04-2010 15:00;284;0
07-04-2010 15:01;360;0
07-04-2010 15:02;360;0
07-04-2010 15:03;304;0
07-04-2010 15:04;232;0
07-04-2010 15:05;0;0
07-04-2010 15:06;93;0
07-04-2010 15:07;3;0
07-04-2010 15:08;152;0
07-04-2010 15:09;533;0
07-04-2010 15:10;1076;0
07-04-2010 15:11;396;0
07-04-2010 15:12;249;0
07-04-2010 15:13;258;0
07-04-2010 15:14;284;0
07-04-2010 15:15;216;0
07-04-2010 15:16;567;0
07-04-2010 15:17;86;0
07-04-2010 15:18;93;0
07-04-2010 15:19;48;0
07-04-2010 15:20;175;0
07-04-2010 15:21;111;0
07-04-2010 15:22;111;0
07-04-2010 15:23;126;0
07-04-2010 15:24;55;0
07-04-2010 15:25;107;0
07-04-2010 15:26;209;0
07-04-2010 15:27;137;0
07-04-2010 15:28;47;0
07-04-2010 15:29;249;0
07-04-2010 15:30;182;0
07-04-2010 15:31;55;0
07-04-2010 15:32;142;0
07-04-2010 15:33;240;0
07-04-2010 15:34;304;0
07-04-2010 15:35;59;0
07-04-2010 15:36;147;0
07-04-2010 15:37;100;0
07-04-2010 15:38;175;0
07-04-2010 15:39;121;0
07-04-2010 15:40;168;0
07-04-2010 15:41;189;0
07-04-2010 15:42;688;0
07-04-2010 15:43;550;0
07-04-2010 15:44;294;0
07-04-2010 15:45;498;0
07-04-2010 15:46;889;0
07-04-2010 15:47;782;0
07-04-2010 15:48;624;0
07-04-2010 15:49;624;0
07-04-2010 15:50;1076;0
07-04-2010 15:51;711;0
07-04-2010 15:52;861;0
07-04-2010 15:53;645;0
07-04-2010 15:54;498;0
07-04-2010 15:55;645;0
07-04-2010 15:56;567;0
07-04-2010 15:57;348;0
07-04-2010 15:58;100;0
07-04-2010 15:59;0;0
07-04-2010 16:00;918;0
07-04-2010 16:01;1386;1
07-04-2010 16:02;223;0
07-04-2010 16:03;315;0
07-04-2010 16:04;76;0
07-04-2010 16:05;104;0
07-04-2010 16:06;116;0
07-04-2010 16:07;782;0
07-04-2010 16:08;1958;1
07-04-2010 16:09;2020;1
07-04-2010 16:10;1076;0
07-04-2010 16:11;1475;1
07-04-2010 16:12;1522;1
07-04-2010 16:13;834;0
07-04-2010 16:14;1839;1
07-04-2010 16:15;1898;1
07-04-2010 16:16;1673;1
07-04-2010 16:17;1430;1
07-04-2010 16:18;1621;1
07-04-2010 16:19;1475;1
07-04-2010 16:20;1110;0
07-04-2010 16:21;223;0
07-04-2010 16:22;733;0
07-04-2010 16:23;979;0
07-04-2010 16:24;733;0
07-04-2010 16:25;2020;1
07-04-2010 16:26;1301;1
07-04-2010 16:27;2020;1
07-04-2010 16:28;1958;1
07-04-2010 16:29;2759;1
07-04-2010 16:30;2361;1
07-04-2010 16:31;1958;1
07-04-2010 16:32;2361;1
07-04-2010 16:33;2020;1
07-04-2010 16:34;1522;1
07-04-2010 16:35;2150;1
07-04-2010 16:36;1839;1
07-04-2010 16:37;2218;1
07-04-2010 16:38;1342;1
07-04-2010 16:39;733;0
07-04-2010 16:40;1043;0
07-04-2010 16:41;1221;1
07-04-2010 16:42;1522;1
07-04-2010 16:43;1183;0
07-04-2010 16:44;1261;1
07-04-2010 16:45;1782;1
07-04-2010 16:46;1221;1
07-04-2010 16:47;1301;1
07-04-2010 16:48;1522;1
07-04-2010 16:49;758;0
07-04-2010 16:50;1386;1
07-04-2010 16:51;889;0
07-04-2010 16:52;918;0
07-04-2010 16:53;1301;1
07-04-2010 16:54;1261;1
07-04-2010 16:55;483;0
07-04-2010 16:56;1043;0
07-04-2010 16:57;1110;0
07-04-2010 16:58;1043;0
07-04-2010 16:59;861;0
07-04-2010 17:00;1386;1
07-04-2010 17:01;1147;0
07-04-2010 17:02;808;0
07-04-2010 17:03;624;0
07-04-2010 17:04;861;0
07-04-2010 17:05;1430;1
07-04-2010 17:06;1430;1
07-04-2010 17:07;1621;1
07-04-2010 17:08;1301;1
07-04-2010 17:09;666;0
07-04-2010 17:10;979;0
07-04-2010 17:11;249;0
07-04-2010 17:12;396;0
07-04-2010 17:13;97;0
07-04-2010 17:14;336;0
07-04-2010 17:15;258;0
07-04-2010 17:16;175;0
07-04-2010 17:17;232;0
07-04-2010 17:18;1043;0
07-04-2010 17:19;586;0
07-04-2010 17:20;209;0
07-04-2010 17:21;142;0
07-04-2010 17:22;131;0
07-04-2010 17:23;294;0
07-04-2010 17:24;157;0
07-04-2010 17:25;189;0
07-04-2010 17:26;16;0
07-04-2010 17:27;48;0
07-04-2010 17:28;55;0
07-04-2010 17:29;66;0
07-04-2010 17:30;189;0
07-04-2010 17:31;163;0
07-04-2010 17:32;182;0
07-04-2010 17:33;175;0
07-04-2010 17:34;50;0
07-04-2010 17:35;90;0
07-04-2010 17:36;100;0
07-04-2010 17:37;66;0
07-04-2010 17:38;111;0
07-04-2010 17:39;163;0
07-04-2010 17:40;142;0
07-04-2010 17:41;152;0
07-04-2010 17:42;232;0
07-04-2010 17:43;157;0
07-04-2010 17:44;90;0
07-04-2010 17:45;80;0
07-04-2010 17:46;48;0
07-04-2010 17:47;33;0
07-04-2010 17:48;90;0
07-04-2010 17:49;100;0
07-04-2010 17:50;69;0
07-04-2010 17:51;12;0
07-04-2010 17:52;54;0
07-04-2010 17:53;66;0
07-04-2010 17:54;189;0
07-04-2010 17:55;90;0
07-04-2010 17:56;38;0
07-04-2010 17:57;86;0
07-04-2010 17:58;0;0
07-04-2010 17:59;758;0
07-04-2010 18:00;1147;0
07-04-2010 18:01;2020;1
07-04-2010 18:02;2020;1
07-04-2010 18:03;1522;1
07-04-2010 18:04;1839;1
07-04-2010 18:05;1183;0
07-04-2010 18:06;861;0
07-04-2010 18:07;733;0
07-04-2010 18:08;782;0
07-04-2010 18:09;1673;1
07-04-2010 18:10;782;0
07-04-2010 18:11;1147;0
07-04-2010 18:12;1076;0
07-04-2010 18:13;1043;0
07-04-2010 18:14;758;0
07-04-2010 18:15;711;0
07-04-2010 18:16;948;0
07-04-2010 18:17;1475;1
07-04-2010 18:18;2593;1
07-04-2010 18:19;2218;1
07-04-2010 18:20;1621;1
07-04-2010 18:21;2361;1
07-04-2010 18:22;1839;1
07-04-2010 18:23;1726;1
07-04-2010 18:24;2288;1
07-04-2010 18:25;1430;1
07-04-2010 18:26;1386;1
07-04-2010 18:27;1621;1
07-04-2010 18:28;2593;1
07-04-2010 18:29;1673;1
07-04-2010 18:30;1673;1
07-04-2010 18:31;2513;1
07-04-2010 18:32;4259;1
07-04-2010 18:33;3029;1
07-04-2010 18:34;3537;1
07-04-2010 18:35;4392;1
07-04-2010 18:36;4392;1
07-04-2010 18:37;3648;1
07-04-2010 18:38;1621;1
07-04-2010 18:39;325;0
07-04-2010 18:40;808;0
07-04-2010 18:41;979;0
07-04-2010 18:42;1342;1
07-04-2010 18:43;1110;0
07-04-2010 18:44;1571;1
07-04-2010 18:45;2361;1
07-04-2010 18:46;2593;1
07-04-2010 18:47;1475;1
07-04-2010 18:48;1430;1
07-04-2010 18:49;1342;1
07-04-2010 18:50;1010;0
07-04-2010 18:51;1571;1
07-04-2010 18:52;1221;1
07-04-2010 18:53;1430;1
07-04-2010 18:54;1726;1
07-04-2010 18:55;979;0
07-04-2010 18:56;1110;0
07-04-2010 18:57;1386;1
07-04-2010 18:58;1342;1
07-04-2010 18:59;1183;0
07-04-2010 19:00;1261;1
07-04-2010 19:01;1621;1
07-04-2010 19:02;1430;1
07-04-2010 19:03;979;0
07-04-2010 19:04;889;0
07-04-2010 19:05;1183;0
07-04-2010 19:06;1010;0
07-04-2010 19:07;733;0
07-04-2010 19:08;1110;0
07-04-2010 19:09;979;0
07-04-2010 19:10;1386;1
07-04-2010 19:11;918;0
07-04-2010 19:12;1221;1
07-04-2010 19:13;948;0
07-04-2010 19:14;1043;0
07-04-2010 19:15;1183;0
07-04-2010 19:16;1522;1
07-04-2010 19:17;1110;0
07-04-2010 19:18;861;0
07-04-2010 19:19;1261;1
07-04-2010 19:20;1043;0
07-04-2010 19:21;1571;1
07-04-2010 19:22;1147;0
07-04-2010 19:23;1726;1
07-04-2010 19:24;1221;1
07-04-2010 19:25;918;0
07-04-2010 19:26;1221;1
07-04-2010 19:27;1571;1
07-04-2010 19:28;1726;1
07-04-2010 19:29;1782;1
07-04-2010 19:30;1261;1
07-04-2010 19:31;1010;0
07-04-2010 19:32;861;0
07-04-2010 19:33;782;0
07-04-2010 19:34;733;0
07-04-2010 19:35;1475;1
07-04-2010 19:36;284;0
07-04-2010 19:37;1183;0
07-04-2010 19:38;1261;1
07-04-2010 19:39;979;0
07-04-2010 19:40;1010;0
07-04-2010 19:41;1898;1
07-04-2010 19:42;1958;1
07-04-2010 19:43;2020;1
07-04-2010 19:44;834;0
07-04-2010 19:45;1261;1
07-04-2010 19:46;1430;1
07-04-2010 19:47;1898;1
07-04-2010 19:48;3325;1
07-04-2010 19:49;3880;1
07-04-2010 19:50;5127;1
07-04-2010 19:51;1726;1
07-04-2010 19:52;1726;1
07-04-2010 19:53;2084;1
07-04-2010 19:54;2084;1
07-04-2010 19:55;2218;1
07-04-2010 19:56;2084;1
07-04-2010 19:57;3325;1
07-04-2010 19:58;918;0
07-04-2010 19:59;948;0
07-04-2010 20:00;1183;0
07-04-2010 20:01;1110;0
07-04-2010 20:02;1839;1
07-04-2010 20:03;1475;1
07-04-2010 20:04;1475;1
07-04-2010 20:05;1110;0
07-04-2010 20:06;979;0
07-04-2010 20:07;918;0
07-04-2010 20:08;1571;1
07-04-2010 20:09;1342;1
07-04-2010 20:10;567;0
07-04-2010 20:11;948;0
07-04-2010 20:12;782;0
07-04-2010 20:13;1076;0
07-04-2010 20:14;1386;1
07-04-2010 20:15;1386;1
07-04-2010 20:16;1301;1
07-04-2010 20:17;1010;0
07-04-2010 20:18;1386;1
07-04-2010 20:19;808;0
07-04-2010 20:20;2150;1
07-04-2010 20:21;1958;1
07-04-2010 20:22;1522;1
07-04-2010 20:23;2218;1
07-04-2010 20:24;2361;1
07-04-2010 20:25;1958;1
07-04-2010 20:26;1342;1
07-04-2010 20:27;1571;1
07-04-2010 20:28;1386;1
07-04-2010 20:29;1076;0
07-04-2010 20:30;2218;1
07-04-2010 20:31;3648;1
07-04-2010 20:32;2218;1
07-04-2010 20:33;1958;1
07-04-2010 20:34;1571;1
07-04-2010 20:35;294;0
07-04-2010 20:36;666;0
07-04-2010 20:37;515;0
07-04-2010 20:38;808;0
07-04-2010 20:39;688;0
07-04-2010 20:40;624;0
07-04-2010 20:41;483;0
07-04-2010 20:42;1147;0
07-04-2010 20:43;396;0
07-04-2010 20:44;116;0
07-04-2010 20:45;410;0
07-04-2010 20:46;889;0
07-04-2010 20:47;567;0
07-04-2010 20:48;688;0
07-04-2010 20:49;483;0
07-04-2010 20:50;711;0
07-04-2010 20:51;451;0
07-04-2010 20:52;688;0
07-04-2010 20:53;550;0
07-04-2010 20:54;861;0
07-04-2010 20:55;918;0
07-04-2010 20:56;979;0
07-04-2010 20:57;666;0
07-04-2010 20:58;533;0
07-04-2010 20:59;152;0
07-04-2010 21:00;451;0
07-04-2010 21:01;175;0
07-04-2010 21:02;116;0
07-04-2010 21:03;48;0
07-04-2010 21:04;16;0
07-04-2010 21:05;0;0
07-04-2010 21:06;9;0
07-04-2010 21:07;240;0
07-04-2010 21:08;111;0
07-04-2010 21:09;31;0
07-04-2010 21:10;33;0
07-04-2010 21:11;348;0
07-04-2010 21:12;76;0
07-04-2010 21:13;0;0
07-04-2010 21:14;45;0
07-04-2010 21:15;0;0
07-04-2010 21:16;12;0
07-04-2010 21:17;157;0
07-04-2010 21:18;7;0
07-04-2010 21:19;16;0
07-04-2010 21:20;62;0
07-04-2010 21:21;0;0
07-04-2010 21:22;19;0
07-04-2010 21:23;50;0
07-04-2010 21:24;83;0
07-04-2010 21:25;35;0
07-04-2010 21:26;121;0
07-04-2010 21:27;86;0
07-04-2010 21:28;59;0
07-04-2010 21:29;0;0
07-04-2010 21:30;0;0
07-04-2010 21:31;59;0
07-04-2010 21:32;3;0
07-04-2010 21:33;76;0
07-04-2010 21:34;59;0
07-04-2010 21:35;93;0
07-04-2010 21:36;1147;0
07-04-2010 21:37;808;0
07-04-2010 21:38;645;0
07-04-2010 21:39;66;0
07-04-2010 21:40;66;0
07-04-2010 21:41;861;0
07-04-2010 21:42;550;0
07-04-2010 21:43;834;0
07-04-2010 21:44;666;0
07-04-2010 21:45;175;0
07-04-2010 21:46;515;0
07-04-2010 21:47;325;0
07-04-2010 21:48;834;0
07-04-2010 21:49;666;0
07-04-2010 21:50;498;0
07-04-2010 21:51;1010;0
07-04-2010 21:52;948;0
07-04-2010 21:53;586;0
07-04-2010 21:54;533;0
07-04-2010 21:55;605;0
07-04-2010 21:56;758;0
07-04-2010 21:57;688;0
07-04-2010 21:58;567;0
07-04-2010 21:59;483;0
07-04-2010 22:00;498;0
07-04-2010 22:01;533;0
07-04-2010 22:02;808;0
07-04-2010 22:03;384;0
07-04-2010 22:04;533;0
07-04-2010 22:05;360;0
07-04-2010 22:06;424;0
07-04-2010 22:07;396;0
07-04-2010 22:08;1010;0
07-04-2010 22:09;605;0
07-04-2010 22:10;372;0
07-04-2010 22:11;315;0
07-04-2010 22:12;498;0
07-04-2010 22:13;100;0
07-04-2010 22:14;515;0
07-04-2010 22:15;483;0
07-04-2010 22:16;223;0
07-04-2010 22:17;410;0
07-04-2010 22:18;586;0
07-04-2010 22:19;918;0
07-04-2010 22:20;467;0
07-04-2010 22:21;688;0
07-04-2010 22:22;189;0
07-04-2010 22:23;284;0
07-04-2010 22:24;195;0
07-04-2010 22:25;59;0
07-04-2010 22:26;142;0
07-04-2010 22:27;52;0
07-04-2010 22:28;40;0
07-04-2010 22:29;55;0
07-04-2010 22:30;104;0
07-04-2010 22:31;424;0
07-04-2010 22:32;467;0
07-04-2010 22:33;889;0
07-04-2010 22:34;624;0
07-04-2010 22:35;1430;1
07-04-2010 22:36;372;0
07-04-2010 22:37;258;0
07-04-2010 22:38;14;0
07-04-2010 22:39;137;0
07-04-2010 22:40;131;0
07-04-2010 22:41;258;0
07-04-2010 22:42;17;0
07-04-2010 22:43;0;0
07-04-2010 22:44;348;0
07-04-2010 22:45;195;0
07-04-2010 22:46;163;0
07-04-2010 22:47;336;0
07-04-2010 22:48;438;0
07-04-2010 22:49;372;0
07-04-2010 22:50;294;0
07-04-2010 22:51;483;0
07-04-2010 22:52;410;0
07-04-2010 22:53;189;0
07-04-2010 22:54;889;0
07-04-2010 22:55;645;0
07-04-2010 22:56;10;0
07-04-2010 22:57;0;0
07-04-2010 22:58;0;0
07-04-2010 22:59;0;0
07-04-2010 23:00;3;0
07-04-2010 23:01;0;0
07-04-2010 23:02;0;0
07-04-2010 23:03;0;0
07-04-2010 23:04;0;0
07-04-2010 23:05;0;0
07-04-2010 23:06;348;0
07-04-2010 23:07;0;0
07-04-2010 23:08;0;0
07-04-2010 23:09;0;0
07-04-2010 23:10;0;0
07-04-2010 23:11;0;0
07-04-2010 23:12;0;0
07-04-2010 23:13;0;0
07-04-2010 23:14;0;0
07-04-2010 23:15;0;0
07-04-2010 23:16;0;0
07-04-2010 23:17;0;0
07-04-2010 23:18;0;0
07-04-2010 23:19;0;0
07-04-2010 23:20;0;0
07-04-2010 23:21;0;0
07-04-2010 23:22;0;0
07-04-2010 23:23;0;0
07-04-2010 23:24;0;0
07-04-2010 23:25;76;0
07-04-2010 23:26;0;0
07-04-2010 23:27;0;0
07-04-2010 23:28;0;0
07-04-2010 23:29;0;0
07-04-2010 23:30;0;0
07-04-2010 23:31;0;0
07-04-2010 23:32;0;0
07-04-2010 23:33;0;0
07-04-2010 23:34;0;0
07-04-2010 23:35;0;0
07-04-2010 23:36;0;0
07-04-2010 23:37;0;0
07-04-2010 23:38;0;0
07-04-2010 23:39;0;0
07-04-2010 23:40;0;0
07-04-2010 23:41;0;0
07-04-2010 23:42;0;0
07-04-2010 23:43;0;0
07-04-2010 23:44;0;0
07-04-2010 23:45;0;0
07-04-2010 23:46;0;0
07-04-2010 23:47;0;0
07-04-2010 23:48;0;0
07-04-2010 23:49;59;0
07-04-2010 23:50;21;0
07-04-2010 23:51;45;0
07-04-2010 23:52;0;0
07-04-2010 23:53;0;0
07-04-2010 23:54;0;0
07-04-2010 23:55;0;0
07-04-2010 23:56;0;0
07-04-2010 23:57;0;0
07-04-2010 23:58;0;0
07-04-2010 23:59;0;0
07-05-2010 00:00;0;0
07-05-2010 00:01;0;0
07-05-2010 00:02;0;0
07-05-2010 00:03;0;0
07-05-2010 00:04;69;0
07-05-2010 00:05;0;0
07-05-2010 00:06;0;0
07-05-2010 00:07;0;0
07-05-2010 00:08;168;0
07-05-2010 00:09;0;0
07-05-2010 00:10;0;0
07-05-2010 00:11;0;0
07-05-2010 00:12;0;0
07-05-2010 00:13;52;0
07-05-2010 00:14;0;0
07-05-2010 00:15;0;0
07-05-2010 00:16;0;0
07-05-2010 00:17;0;0
07-05-2010 00:18;0;0
07-05-2010 00:19;0;0
07-05-2010 00:20;0;0
07-05-2010 00:21;0;0
07-05-2010 00:22;0;0
07-05-2010 00:23;0;0
07-05-2010 00:24;0;0
07-05-2010 00:25;0;0
07-05-2010 00:26;62;0
07-05-2010 00:27;0;0
07-05-2010 00:28;0;0
07-05-2010 00:29;0;0
07-05-2010 00:30;0;0
07-05-2010 00:31;0;0
07-05-2010 00:32;0;0
07-05-2010 00:33;0;0
07-05-2010 00:34;0;0
07-05-2010 00:35;0;0
07-05-2010 00:36;0;0
07-05-2010 00:37;0;0
07-05-2010 00:38;0;0
07-05-2010 00:39;0;0
07-05-2010 00:40;0;0
07-05-2010 00:41;0;0
07-05-2010 00:42;0;0
07-05-2010 00:43;0;0
07-05-2010 00:44;0;0
07-05-2010 00:45;0;0
07-05-2010 00:46;0;0
07-05-2010 00:47;0;0
07-05-2010 00:48;0;0
07-05-2010 00:49;0;0
07-05-2010 00:50;10;0
07-05-2010 00:51;54;0
07-05-2010 00:52;0;0
07-05-2010 00:53;0;0
07-05-2010 00:54;0;0
07-05-2010 00:55;0;0
07-05-2010 00:56;35;0
07-05-2010 00:57;0;0
07-05-2010 00:58;0;0
07-05-2010 00:59;80;0
07-05-2010 01:00;0;0
07-05-2010 01:01;0;0
07-05-2010 01:02;0;0
07-05-2010 01:03;0;0
07-05-2010 01:04;0;0
07-05-2010 01:05;0;0
07-05-2010 01:06;0;0
07-05-2010 01:07;0;0
07-05-2010 01:08;0;0
07-05-2010 01:09;0;0
07-05-2010 01:10;0;0
07-05-2010 01:11;0;0
07-05-2010 01:12;0;0
07-05-2010 01:13;38;0
07-05-2010 01:14;0;0
07-05-2010 01:15;0;0
07-05-2010 01:16;0;0
07-05-2010 01:17;0;0
07-05-2010 01:18;0;0
07-05-2010 01:19;0;0
07-05-2010 01:20;0;0
07-05-2010 01:21;0;0
07-05-2010 01:22;0;0
07-05-2010 01:23;0;0
07-05-2010 01:24;223;0
07-05-2010 01:25;0;0
07-05-2010 01:26;0;0
07-05-2010 01:27;0;0
07-05-2010 01:28;0;0
07-05-2010 01:29;0;0
07-05-2010 01:30;0;0
07-05-2010 01:31;0;0
07-05-2010 01:32;0;0
07-05-2010 01:33;62;0
07-05-2010 01:34;0;0
07-05-2010 01:35;0;0
07-05-2010 01:36;0;0
07-05-2010 01:37;0;0
07-05-2010 01:38;0;0
07-05-2010 01:39;0;0
07-05-2010 01:40;0;0
07-05-2010 01:41;0;0
07-05-2010 01:42;0;0
07-05-2010 01:43;0;0
07-05-2010 01:44;0;0
07-05-2010 01:45;0;0
07-05-2010 01:46;0;0
07-05-2010 01:47;0;0
07-05-2010 01:48;111;0
07-05-2010 01:49;0;0
07-05-2010 01:50;62;0
07-05-2010 01:51;0;0
07-05-2010 01:52;48;0
07-05-2010 01:53;0;0
07-05-2010 01:54;0;0
07-05-2010 01:55;0;0
07-05-2010 01:56;0;0
07-05-2010 01:57;22;0
07-05-2010 01:58;0;0
07-05-2010 01:59;0;0
07-05-2010 02:00;223;0
07-05-2010 02:01;0;0
07-05-2010 02:02;0;0
07-05-2010 02:03;59;0
07-05-2010 02:04;0;0
07-05-2010 02:05;0;0
07-05-2010 02:06;76;0
07-05-2010 02:07;0;0
07-05-2010 02:08;0;0
07-05-2010 02:09;0;0
07-05-2010 02:10;0;0
07-05-2010 02:11;48;0
07-05-2010 02:12;0;0
07-05-2010 02:13;7;0
07-05-2010 02:14;0;0
07-05-2010 02:15;0;0
07-05-2010 02:16;0;0
07-05-2010 02:17;0;0
07-05-2010 02:18;0;0
07-05-2010 02:19;0;0
07-05-2010 02:20;33;0
07-05-2010 02:21;14;0
07-05-2010 02:22;0;0
07-05-2010 02:23;0;0
07-05-2010 02:24;0;0
07-05-2010 02:25;0;0
07-05-2010 02:26;52;0
07-05-2010 02:27;35;0
07-05-2010 02:28;0;0
07-05-2010 02:29;111;0
07-05-2010 02:30;0;0
07-05-2010 02:31;0;0
07-05-2010 02:32;157;0
07-05-2010 02:33;396;0
07-05-2010 02:34;0;0
07-05-2010 02:35;0;0
07-05-2010 02:36;0;0
07-05-2010 02:37;0;0
07-05-2010 02:38;0;0
07-05-2010 02:39;0;0
07-05-2010 02:40;0;0
07-05-2010 02:41;0;0
07-05-2010 02:42;0;0
07-05-2010 02:43;0;0
07-05-2010 02:44;0;0
07-05-2010 02:45;0;0
07-05-2010 02:46;52;0
07-05-2010 02:47;0;0
07-05-2010 02:48;0;0
07-05-2010 02:49;0;0
07-05-2010 02:50;0;0
07-05-2010 02:51;12;0
07-05-2010 02:52;0;0
07-05-2010 02:53;3;0
07-05-2010 02:54;137;0
07-05-2010 02:55;24;0
07-05-2010 02:56;80;0
07-05-2010 02:57;0;0
07-05-2010 02:58;0;0
07-05-2010 02:59;0;0
07-05-2010 03:00;0;0
07-05-2010 03:01;0;0
07-05-2010 03:02;0;0
07-05-2010 03:03;0;0
07-05-2010 03:04;0;0
07-05-2010 03:05;0;0
07-05-2010 03:06;0;0
07-05-2010 03:07;0;0
07-05-2010 03:08;0;0
07-05-2010 03:09;0;0
07-05-2010 03:10;0;0
07-05-2010 03:11;0;0
07-05-2010 03:12;0;0
07-05-2010 03:13;0;0
07-05-2010 03:14;294;0
07-05-2010 03:15;0;0
07-05-2010 03:16;0;0
07-05-2010 03:17;0;0
07-05-2010 03:18;0;0
07-05-2010 03:19;0;0
07-05-2010 03:20;0;0
07-05-2010 03:21;0;0
07-05-2010 03:22;0;0
07-05-2010 03:23;0;0
07-05-2010 03:24;0;0
07-05-2010 03:25;0;0
07-05-2010 03:26;0;0
07-05-2010 03:27;0;0
07-05-2010 03:28;0;0
07-05-2010 03:29;0;0
07-05-2010 03:30;0;0
07-05-2010 03:31;0;0
07-05-2010 03:32;0;0
07-05-2010 03:33;0;0
07-05-2010 03:34;0;0
07-05-2010 03:35;0;0
07-05-2010 03:36;0;0
07-05-2010 03:37;0;0
07-05-2010 03:38;0;0
07-05-2010 03:39;33;0
07-05-2010 03:40;90;0
07-05-2010 03:41;38;0
07-05-2010 03:42;24;0
07-05-2010 03:43;0;0
07-05-2010 03:44;14;0
07-05-2010 03:45;0;0
07-05-2010 03:46;0;0
07-05-2010 03:47;0;0
07-05-2010 03:48;0;0
07-05-2010 03:49;0;0
07-05-2010 03:50;0;0
07-05-2010 03:51;0;0
07-05-2010 03:52;0;0
07-05-2010 03:53;0;0
07-05-2010 03:54;0;0
07-05-2010 03:55;0;0
07-05-2010 03:56;0;0
07-05-2010 03:57;0;0
07-05-2010 03:58;0;0
07-05-2010 03:59;0;0
07-05-2010 04:00;0;0
07-05-2010 04:01;0;0
07-05-2010 04:02;0;0
07-05-2010 04:03;0;0
07-05-2010 04:04;0;0
07-05-2010 04:05;0;0
07-05-2010 04:06;0;0
07-05-2010 04:07;0;0
07-05-2010 04:08;0;0
07-05-2010 04:09;0;0
07-05-2010 04:10;0;0
07-05-2010 04:11;0;0
07-05-2010 04:12;0;0
07-05-2010 04:13;0;0
07-05-2010 04:14;0;0
07-05-2010 04:15;0;0
07-05-2010 04:16;0;0
07-05-2010 04:17;0;0
07-05-2010 04:18;0;0
07-05-2010 04:19;0;0
07-05-2010 04:20;0;0
07-05-2010 04:21;0;0
07-05-2010 04:22;0;0
07-05-2010 04:23;0;0
07-05-2010 04:24;0;0
07-05-2010 04:25;137;0
07-05-2010 04:26;0;0
07-05-2010 04:27;40;0
07-05-2010 04:28;0;0
07-05-2010 04:29;62;0
07-05-2010 04:30;0;0
07-05-2010 04:31;0;0
07-05-2010 04:32;0;0
07-05-2010 04:33;0;0
07-05-2010 04:34;0;0
07-05-2010 04:35;0;0
07-05-2010 04:36;0;0
07-05-2010 04:37;48;0
07-05-2010 04:38;0;0
07-05-2010 04:39;0;0
07-05-2010 04:40;131;0
07-05-2010 04:41;0;0
07-05-2010 04:42;0;0
07-05-2010 04:43;0;0
07-05-2010 04:44;104;0
07-05-2010 04:45;0;0
07-05-2010 04:46;0;0
07-05-2010 04:47;0;0
07-05-2010 04:48;0;0
07-05-2010 04:49;0;0
07-05-2010 04:50;0;0
07-05-2010 04:51;0;0
07-05-2010 04:52;0;0
07-05-2010 04:53;14;0
07-05-2010 04:54;0;0
07-05-2010 04:55;0;0
07-05-2010 04:56;0;0
07-05-2010 04:57;0;0
07-05-2010 04:58;0;0
07-05-2010 04:59;0;0
07-05-2010 05:00;0;0
07-05-2010 05:01;0;0
07-05-2010 05:02;0;0
07-05-2010 05:03;0;0
07-05-2010 05:04;0;0
07-05-2010 05:05;97;0
07-05-2010 05:06;0;0
07-05-2010 05:07;0;0
07-05-2010 05:08;0;0
07-05-2010 05:09;0;0
07-05-2010 05:10;0;0
07-05-2010 05:11;86;0
07-05-2010 05:12;0;0
07-05-2010 05:13;0;0
07-05-2010 05:14;0;0
07-05-2010 05:15;0;0
07-05-2010 05:16;0;0
07-05-2010 05:17;0;0
07-05-2010 05:18;0;0
07-05-2010 05:19;0;0
07-05-2010 05:20;0;0
07-05-2010 05:21;0;0
07-05-2010 05:22;0;0
07-05-2010 05:23;0;0
07-05-2010 05:24;0;0
07-05-2010 05:25;59;0
07-05-2010 05:26;131;0
07-05-2010 05:27;0;0
07-05-2010 05:28;0;0
07-05-2010 05:29;0;0
07-05-2010 05:30;0;0
07-05-2010 05:31;0;0
07-05-2010 05:32;0;0
07-05-2010 05:33;0;0
07-05-2010 05:34;0;0
07-05-2010 05:35;121;0
07-05-2010 05:36;0;0
07-05-2010 05:37;0;0
07-05-2010 05:38;0;0
07-05-2010 05:39;0;0
07-05-2010 05:40;0;0
07-05-2010 05:41;0;0
07-05-2010 05:42;0;0
07-05-2010 05:43;0;0
07-05-2010 05:44;0;0
07-05-2010 05:45;0;0
07-05-2010 05:46;0;0
07-05-2010 05:47;0;0
07-05-2010 05:48;0;0
07-05-2010 05:49;0;0
07-05-2010 05:50;0;0
07-05-2010 05:51;0;0
07-05-2010 05:52;0;0
07-05-2010 05:53;0;0
07-05-2010 05:54;0;0
07-05-2010 05:55;0;0
07-05-2010 05:56;0;0
07-05-2010 05:57;0;0
07-05-2010 05:58;111;0
07-05-2010 05:59;80;0
07-05-2010 06:00;0;0
07-05-2010 06:01;0;0
07-05-2010 06:02;0;0
07-05-2010 06:03;104;0
07-05-2010 06:04;0;0
07-05-2010 06:05;0;0
07-05-2010 06:06;0;0
07-05-2010 06:07;0;0
07-05-2010 06:08;0;0
07-05-2010 06:09;0;0
07-05-2010 06:10;0;0
07-05-2010 06:11;0;0
07-05-2010 06:12;0;0
07-05-2010 06:13;0;0
07-05-2010 06:14;0;0
07-05-2010 06:15;0;0
07-05-2010 06:16;0;0
07-05-2010 06:17;0;0
07-05-2010 06:18;0;0
07-05-2010 06:19;0;0
07-05-2010 06:20;0;0
07-05-2010 06:21;0;0
07-05-2010 06:22;0;0
07-05-2010 06:23;0;0
07-05-2010 06:24;0;0
07-05-2010 06:25;0;0
07-05-2010 06:26;38;0
07-05-2010 06:27;0;0
07-05-2010 06:28;0;0
07-05-2010 06:29;0;0
07-05-2010 06:30;258;0
07-05-2010 06:31;808;0
07-05-2010 06:32;451;0
07-05-2010 06:33;0;0
07-05-2010 06:34;0;0
07-05-2010 06:35;0;0
07-05-2010 06:36;0;0
07-05-2010 06:37;0;0
07-05-2010 06:38;0;0
07-05-2010 06:39;0;0
07-05-2010 06:40;0;0
07-05-2010 06:41;0;0
07-05-2010 06:42;0;0
07-05-2010 06:43;0;0
07-05-2010 06:44;52;0
07-05-2010 06:45;45;0
07-05-2010 06:46;66;0
07-05-2010 06:47;0;0
07-05-2010 06:48;0;0
07-05-2010 06:49;0;0
07-05-2010 06:50;0;0
07-05-2010 06:51;0;0
07-05-2010 06:52;0;0
07-05-2010 06:53;0;0
07-05-2010 06:54;0;0
07-05-2010 06:55;66;0
07-05-2010 06:56;0;0
07-05-2010 06:57;0;0
07-05-2010 06:58;0;0
07-05-2010 06:59;0;0
07-05-2010 07:00;0;0
07-05-2010 07:01;45;0
07-05-2010 07:02;0;0
07-05-2010 07:03;0;0
07-05-2010 07:04;0;0
07-05-2010 07:05;0;0
07-05-2010 07:06;0;0
07-05-2010 07:07;0;0
07-05-2010 07:08;0;0
07-05-2010 07:09;0;0
07-05-2010 07:10;0;0
07-05-2010 07:11;0;0
07-05-2010 07:12;0;0
07-05-2010 07:13;0;0
07-05-2010 07:14;0;0
07-05-2010 07:15;0;0
07-05-2010 07:16;0;0
07-05-2010 07:17;0;0
07-05-2010 07:18;182;0
07-05-2010 07:19;0;0
07-05-2010 07:20;0;0
07-05-2010 07:21;0;0
07-05-2010 07:22;189;0
07-05-2010 07:23;0;0
07-05-2010 07:24;0;0
07-05-2010 07:25;76;0
07-05-2010 07:26;0;0
07-05-2010 07:27;0;0
07-05-2010 07:28;0;0
07-05-2010 07:29;0;0
07-05-2010 07:30;0;0
07-05-2010 07:31;0;0
07-05-2010 07:32;0;0
07-05-2010 07:33;0;0
07-05-2010 07:34;0;0
07-05-2010 07:35;0;0
07-05-2010 07:36;0;0
07-05-2010 07:37;0;0
07-05-2010 07:38;0;0
07-05-2010 07:39;0;0
07-05-2010 07:40;0;0
07-05-2010 07:41;0;0
07-05-2010 07:42;0;0
07-05-2010 07:43;0;0
07-05-2010 07:44;0;0
07-05-2010 07:45;0;0
07-05-2010 07:46;0;0
07-05-2010 07:47;0;0
07-05-2010 07:48;28;0
07-05-2010 07:49;0;0
07-05-2010 07:50;0;0
07-05-2010 07:51;163;0
07-05-2010 07:52;0;0
07-05-2010 07:53;0;0
07-05-2010 07:54;0;0
07-05-2010 07:55;0;0
07-05-2010 07:56;29;0
07-05-2010 07:57;66;0
07-05-2010 07:58;48;0
07-05-2010 07:59;62;0
07-05-2010 08:00;0;0
07-05-2010 08:01;66;0
07-05-2010 08:02;175;0
07-05-2010 08:03;0;0
07-05-2010 08:04;0;0
07-05-2010 08:05;0;0
07-05-2010 08:06;0;0
07-05-2010 08:07;0;0
07-05-2010 08:08;0;0
07-05-2010 08:09;0;0
07-05-2010 08:10;0;0
07-05-2010 08:11;0;0
07-05-2010 08:12;0;0
07-05-2010 08:13;0;0
07-05-2010 08:14;0;0
07-05-2010 08:15;0;0
07-05-2010 08:16;0;0
07-05-2010 08:17;0;0
07-05-2010 08:18;0;0
07-05-2010 08:19;0;0
07-05-2010 08:20;0;0
07-05-2010 08:21;0;0
07-05-2010 08:22;0;0
07-05-2010 08:23;0;0
07-05-2010 08:24;0;0
07-05-2010 08:25;0;0
07-05-2010 08:26;0;0
07-05-2010 08:27;0;0
07-05-2010 08:28;0;0
07-05-2010 08:29;0;0
07-05-2010 08:30;0;0
07-05-2010 08:31;0;0
07-05-2010 08:32;0;0
07-05-2010 08:33;0;0
07-05-2010 08:34;0;0
07-05-2010 08:35;0;0
07-05-2010 08:36;0;0
07-05-2010 08:37;83;0
07-05-2010 08:38;0;0
07-05-2010 08:39;0;0
07-05-2010 08:40;0;0
07-05-2010 08:41;0;0
07-05-2010 08:42;0;0
07-05-2010 08:43;36;0
07-05-2010 08:44;0;0
07-05-2010 08:45;0;0
07-05-2010 08:46;0;0
07-05-2010 08:47;0;0
07-05-2010 08:48;0;0
07-05-2010 08:49;0;0
07-05-2010 08:50;0;0
07-05-2010 08:51;0;0
07-05-2010 08:52;0;0
07-05-2010 08:53;0;0
07-05-2010 08:54;0;0
07-05-2010 08:55;7;0
07-05-2010 08:56;0;0
07-05-2010 08:57;55;0
07-05-2010 08:58;19;0
07-05-2010 08:59;62;0
07-05-2010 09:00;209;0
07-05-2010 09:01;216;0
07-05-2010 09:02;1110;0
07-05-2010 09:03;1221;1
07-05-2010 09:04;948;0
07-05-2010 09:05;605;0
07-05-2010 09:06;126;0
07-05-2010 09:07;232;0
07-05-2010 09:08;76;0
07-05-2010 09:09;182;0
07-05-2010 09:10;266;0
07-05-2010 09:11;147;0
07-05-2010 09:12;168;0
07-05-2010 09:13;100;0
07-05-2010 09:14;438;0
07-05-2010 09:15;483;0
07-05-2010 09:16;275;0
07-05-2010 09:17;1261;1
07-05-2010 09:18;1430;1
07-05-2010 09:19;782;0
07-05-2010 09:20;147;0
07-05-2010 09:21;467;0
07-05-2010 09:22;889;0
07-05-2010 09:23;1010;0
07-05-2010 09:24;1183;0
07-05-2010 09:25;1110;0
07-05-2010 09:26;483;0
07-05-2010 09:27;733;0
07-05-2010 09:28;1726;1
07-05-2010 09:29;1522;1
07-05-2010 09:30;624;0
07-05-2010 09:31;19;0
07-05-2010 09:32;304;0
07-05-2010 09:33;240;0
07-05-2010 09:34;232;0
07-05-2010 09:35;294;0
07-05-2010 09:36;189;0
07-05-2010 09:37;55;0
07-05-2010 09:38;33;0
07-05-2010 09:39;9;0
07-05-2010 09:40;55;0
07-05-2010 09:41;80;0
07-05-2010 09:42;73;0
07-05-2010 09:43;142;0
07-05-2010 09:44;360;0
07-05-2010 09:45;1110;0
07-05-2010 09:46;733;0
07-05-2010 09:47;515;0
07-05-2010 09:48;711;0
07-05-2010 09:49;861;0
07-05-2010 09:50;918;0
07-05-2010 09:51;372;0
07-05-2010 09:52;758;0
07-05-2010 09:53;1043;0
07-05-2010 09:54;1076;0
07-05-2010 09:55;567;0
07-05-2010 09:56;410;0
07-05-2010 09:57;336;0
07-05-2010 09:58;209;0
07-05-2010 09:59;21;0
07-05-2010 10:00;209;0
07-05-2010 10:01;17;0
07-05-2010 10:02;0;0
07-05-2010 10:03;142;0
07-05-2010 10:04;0;0
07-05-2010 10:05;7;0
07-05-2010 10:06;52;0
07-05-2010 10:07;175;0
07-05-2010 10:08;624;0
07-05-2010 10:09;131;0
07-05-2010 10:10;189;0
07-05-2010 10:11;396;0
07-05-2010 10:12;55;0
07-05-2010 10:13;0;0
07-05-2010 10:14;12;0
07-05-2010 10:15;0;0
