TIMESTAMP;ACTIVITY;ANOMALY
10-18-2010 13:15;0;0
10-18-2010 13:16;0;0
10-18-2010 13:17;0;0
10-18-2010 13:18;0;0
10-18-2010 13:19;0;0
10-18-2010 13:20;0;0
10-18-2010 13:21;0;0
10-18-2010 13:22;0;0
10-18-2010 13:23;0;0
10-18-2010 13:24;0;0
10-18-2010 13:25;0;0
10-18-2010 13:26;0;0
10-18-2010 13:27;0;0
10-18-2010 13:28;0;0
10-18-2010 13:29;0;0
10-18-2010 13:30;0;0
10-18-2010 13:31;0;0
10-18-2010 13:32;0;0
10-18-2010 13:33;0;0
10-18-2010 13:34;0;0
10-18-2010 13:35;0;0
10-18-2010 13:36;0;0
10-18-2010 13:37;0;0
10-18-2010 13:38;0;0
10-18-2010 13:39;0;0
10-18-2010 13:40;0;0
10-18-2010 13:41;0;0
10-18-2010 13:42;0;0
10-18-2010 13:43;0;0
10-18-2010 13:44;0;0
10-18-2010 13:45;0;0
10-18-2010 13:46;0;0
10-18-2010 13:47;0;0
10-18-2010 13:48;0;0
10-18-2010 13:49;0;0
10-18-2010 13:50;0;0
10-18-2010 13:51;0;0
10-18-2010 13:52;0;0
10-18-2010 13:53;0;0
10-18-2010 13:54;0;0
10-18-2010 13:55;0;0
10-18-2010 13:56;0;0
10-18-2010 13:57;0;0
10-18-2010 13:58;173;0
10-18-2010 13:59;1143;1
10-18-2010 14:00;55;0
10-18-2010 14:01;487;0
10-18-2010 14:02;173;0
10-18-2010 14:03;402;0
10-18-2010 14:04;443;0
10-18-2010 14:05;736;0
10-18-2010 14:06;429;0
10-18-2010 14:07;1008;1
10-18-2010 14:08;669;0
10-18-2010 14:09;520;0
10-18-2010 14:10;691;0
10-18-2010 14:11;834;0
10-18-2010 14:12;503;0
10-18-2010 14:13;390;0
10-18-2010 14:14;429;0
10-18-2010 14:15;225;0
10-18-2010 14:16;217;0
10-18-2010 14:17;292;0
10-18-2010 14:18;365;0
10-18-2010 14:19;283;0
10-18-2010 14:20;273;0
10-18-2010 14:21;184;0
10-18-2010 14:22;283;0
10-18-2010 14:23;377;0
10-18-2010 14:24;713;0
10-18-2010 14:25;917;1
10-18-2010 14:26;784;0
10-18-2010 14:27;1008;1
10-18-2010 14:28;834;0
10-18-2010 14:29;691;0
10-18-2010 14:30;119;0
10-18-2010 14:31;311;0
10-18-2010 14:32;111;0
10-18-2010 14:33;225;0
10-18-2010 14:34;13;0
10-18-2010 14:35;4;0
10-18-2010 14:36;119;0
10-18-2010 14:37;155;0
10-18-2010 14:38;96;0
10-18-2010 14:39;64;0
10-18-2010 14:40;141;0
10-18-2010 14:41;292;0
10-18-2010 14:42;107;0
10-18-2010 14:43;197;0
10-18-2010 14:44;100;0
10-18-2010 14:45;47;0
10-18-2010 14:46;137;0
10-18-2010 14:47;302;0
10-18-2010 14:48;167;0
10-18-2010 14:49;100;0
10-18-2010 14:50;178;0
10-18-2010 14:51;69;0
10-18-2010 14:52;9;0
10-18-2010 14:53;115;0
10-18-2010 14:54;107;0
10-18-2010 14:55;155;0
10-18-2010 14:56;292;0
10-18-2010 14:57;210;0
10-18-2010 14:58;137;0
10-18-2010 14:59;103;0
10-18-2010 15:00;321;0
10-18-2010 15:01;122;0
10-18-2010 15:02;161;0
10-18-2010 15:03;217;0
10-18-2010 15:04;217;0
10-18-2010 15:05;204;0
10-18-2010 15:06;137;0
10-18-2010 15:07;122;0
10-18-2010 15:08;146;0
10-18-2010 15:09;184;0
10-18-2010 15:10;122;0
10-18-2010 15:11;83;0
10-18-2010 15:12;44;0
10-18-2010 15:13;167;0
10-18-2010 15:14;377;0
10-18-2010 15:15;59;0
10-18-2010 15:16;0;0
10-18-2010 15:17;132;0
10-18-2010 15:18;292;0
10-18-2010 15:19;292;0
10-18-2010 15:20;240;0
10-18-2010 15:21;503;0
10-18-2010 15:22;240;0
10-18-2010 15:23;197;0
10-18-2010 15:24;210;0
10-18-2010 15:25;240;0
10-18-2010 15:26;342;0
10-18-2010 15:27;759;0
10-18-2010 15:28;520;0
10-18-2010 15:29;256;0
10-18-2010 15:30;520;0
10-18-2010 15:31;96;0
10-18-2010 15:32;137;0
10-18-2010 15:33;89;0
10-18-2010 15:34;191;0
10-18-2010 15:35;210;0
10-18-2010 15:36;18;0
10-18-2010 15:37;161;0
10-18-2010 15:38;122;0
10-18-2010 15:39;283;0
10-18-2010 15:40;247;0
10-18-2010 15:41;520;0
10-18-2010 15:42;834;0
10-18-2010 15:43;443;0
10-18-2010 15:44;834;0
10-18-2010 15:45;759;0
10-18-2010 15:46;132;0
10-18-2010 15:47;217;0
10-18-2010 15:48;10;0
10-18-2010 15:49;302;0
10-18-2010 15:50;184;0
10-18-2010 15:51;137;0
10-18-2010 15:52;210;0
10-18-2010 15:53;151;0
10-18-2010 15:54;273;0
10-18-2010 15:55;132;0
10-18-2010 15:56;96;0
10-18-2010 15:57;137;0
10-18-2010 15:58;107;0
10-18-2010 15:59;75;0
10-18-2010 16:00;736;0
10-18-2010 16:01;443;0
10-18-2010 16:02;197;0
10-18-2010 16:03;103;0
10-18-2010 16:04;66;0
10-18-2010 16:05;184;0
10-18-2010 16:06;232;0
10-18-2010 16:07;29;0
10-18-2010 16:08;503;0
10-18-2010 16:09;155;0
10-18-2010 16:10;141;0
10-18-2010 16:11;590;0
10-18-2010 16:12;365;0
10-18-2010 16:13;377;0
10-18-2010 16:14;332;0
10-18-2010 16:15;429;0
10-18-2010 16:16;155;0
10-18-2010 16:17;283;0
10-18-2010 16:18;178;0
10-18-2010 16:19;141;0
10-18-2010 16:20;311;0
10-18-2010 16:21;283;0
10-18-2010 16:22;122;0
10-18-2010 16:23;146;0
10-18-2010 16:24;443;0
10-18-2010 16:25;377;0
10-18-2010 16:26;402;0
10-18-2010 16:27;96;0
10-18-2010 16:28;146;0
10-18-2010 16:29;72;0
10-18-2010 16:30;146;0
10-18-2010 16:31;191;0
10-18-2010 16:32;537;0
10-18-2010 16:33;669;0
10-18-2010 16:34;1107;1
10-18-2010 16:35;759;0
10-18-2010 16:36;191;0
10-18-2010 16:37;40;0
10-18-2010 16:38;119;0
10-18-2010 16:39;609;0
10-18-2010 16:40;191;0
10-18-2010 16:41;92;0
10-18-2010 16:42;146;0
10-18-2010 16:43;311;0
10-18-2010 16:44;232;0
10-18-2010 16:45;86;0
10-18-2010 16:46;69;0
10-18-2010 16:47;127;0
10-18-2010 16:48;100;0
10-18-2010 16:49;132;0
10-18-2010 16:50;14;0
10-18-2010 16:51;100;0
10-18-2010 16:52;503;0
10-18-2010 16:53;861;1
10-18-2010 16:54;669;0
10-18-2010 16:55;1073;1
10-18-2010 16:56;861;1
10-18-2010 16:57;713;0
10-18-2010 16:58;302;0
10-18-2010 16:59;132;0
10-18-2010 17:00;92;0
10-18-2010 17:01;151;0
10-18-2010 17:02;59;0
10-18-2010 17:03;119;0
10-18-2010 17:04;210;0
10-18-2010 17:05;111;0
10-18-2010 17:06;100;0
10-18-2010 17:07;132;0
10-18-2010 17:08;321;0
10-18-2010 17:09;273;0
10-18-2010 17:10;232;0
10-18-2010 17:11;365;0
10-18-2010 17:12;151;0
10-18-2010 17:13;173;0
10-18-2010 17:14;64;0
10-18-2010 17:15;66;0
10-18-2010 17:16;240;0
10-18-2010 17:17;834;0
10-18-2010 17:18;520;0
10-18-2010 17:19;472;0
10-18-2010 17:20;834;0
10-18-2010 17:21;649;0
10-18-2010 17:22;649;0
10-18-2010 17:23;629;0
10-18-2010 17:24;354;0
10-18-2010 17:25;402;0
10-18-2010 17:26;96;0
10-18-2010 17:27;44;0
10-18-2010 17:28;27;0
10-18-2010 17:29;354;0
10-18-2010 17:30;736;0
10-18-2010 17:31;520;0
10-18-2010 17:32;42;0
10-18-2010 17:33;572;0
10-18-2010 17:34;429;0
10-18-2010 17:35;377;0
10-18-2010 17:36;457;0
10-18-2010 17:37;487;0
10-18-2010 17:38;572;0
10-18-2010 17:39;457;0
10-18-2010 17:40;342;0
10-18-2010 17:41;197;0
10-18-2010 17:42;111;0
10-18-2010 17:43;178;0
10-18-2010 17:44;736;0
10-18-2010 17:45;173;0
10-18-2010 17:46;83;0
10-18-2010 17:47;402;0
10-18-2010 17:48;1040;1
10-18-2010 17:49;1712;1
10-18-2010 17:50;365;0
10-18-2010 17:51;390;0
10-18-2010 17:52;256;0
10-18-2010 17:53;191;0
10-18-2010 17:54;472;0
10-18-2010 17:55;784;0
10-18-2010 17:56;572;0
10-18-2010 17:57;1143;1
10-18-2010 17:58;649;0
10-18-2010 17:59;292;0
10-18-2010 18:00;487;0
10-18-2010 18:01;759;0
10-18-2010 18:02;946;1
10-18-2010 18:03;713;0
10-18-2010 18:04;809;0
10-18-2010 18:05;917;1
10-18-2010 18:06;240;0
10-18-2010 18:07;472;0
10-18-2010 18:08;487;0
10-18-2010 18:09;609;0
10-18-2010 18:10;520;0
10-18-2010 18:11;609;0
10-18-2010 18:12;691;0
10-18-2010 18:13;247;0
10-18-2010 18:14;18;0
10-18-2010 18:15;2;0
10-18-2010 18:16;0;0
10-18-2010 18:17;225;0
10-18-2010 18:18;2;0
10-18-2010 18:19;15;0
10-18-2010 18:20;0;0
10-18-2010 18:21;402;0
10-18-2010 18:22;0;0
10-18-2010 18:23;1107;1
10-18-2010 18:24;103;0
10-18-2010 18:25;0;0
10-18-2010 18:26;0;0
10-18-2010 18:27;0;0
10-18-2010 18:28;0;0
10-18-2010 18:29;0;0
10-18-2010 18:30;2;0
10-18-2010 18:31;0;0
10-18-2010 18:32;0;0
10-18-2010 18:33;0;0
10-18-2010 18:34;2;0
10-18-2010 18:35;51;0
10-18-2010 18:36;81;0
10-18-2010 18:37;649;0
10-18-2010 18:38;365;0
10-18-2010 18:39;977;1
10-18-2010 18:40;736;0
10-18-2010 18:41;554;0
10-18-2010 18:42;487;0
10-18-2010 18:43;311;0
10-18-2010 18:44;377;0
10-18-2010 18:45;390;0
10-18-2010 18:46;691;0
10-18-2010 18:47;402;0
10-18-2010 18:48;834;0
10-18-2010 18:49;572;0
10-18-2010 18:50;69;0
10-18-2010 18:51;629;0
10-18-2010 18:52;1107;1
10-18-2010 18:53;649;0
10-18-2010 18:54;861;1
10-18-2010 18:55;354;0
10-18-2010 18:56;554;0
10-18-2010 18:57;377;0
10-18-2010 18:58;283;0
10-18-2010 18:59;443;0
10-18-2010 19:00;302;0
10-18-2010 19:01;784;0
10-18-2010 19:02;354;0
10-18-2010 19:03;503;0
10-18-2010 19:04;759;0
10-18-2010 19:05;609;0
10-18-2010 19:06;1143;1
10-18-2010 19:07;784;0
10-18-2010 19:08;917;1
10-18-2010 19:09;629;0
10-18-2010 19:10;1179;1
10-18-2010 19:11;443;0
10-18-2010 19:12;537;0
10-18-2010 19:13;256;0
10-18-2010 19:14;184;0
10-18-2010 19:15;127;0
10-18-2010 19:16;184;0
10-18-2010 19:17;119;0
10-18-2010 19:18;18;0
10-18-2010 19:19;283;0
10-18-2010 19:20;240;0
10-18-2010 19:21;0;0
10-18-2010 19:22;59;0
10-18-2010 19:23;92;0
10-18-2010 19:24;132;0
10-18-2010 19:25;173;0
10-18-2010 19:26;332;0
10-18-2010 19:27;554;0
10-18-2010 19:28;141;0
10-18-2010 19:29;365;0
10-18-2010 19:30;365;0
10-18-2010 19:31;265;0
10-18-2010 19:32;649;0
10-18-2010 19:33;861;1
10-18-2010 19:34;429;0
10-18-2010 19:35;354;0
10-18-2010 19:36;977;1
10-18-2010 19:37;736;0
10-18-2010 19:38;609;0
10-18-2010 19:39;713;0
10-18-2010 19:40;92;0
10-18-2010 19:41;390;0
10-18-2010 19:42;111;0
10-18-2010 19:43;415;0
10-18-2010 19:44;146;0
10-18-2010 19:45;321;0
10-18-2010 19:46;210;0
10-18-2010 19:47;946;1
10-18-2010 19:48;225;0
10-18-2010 19:49;111;0
10-18-2010 19:50;115;0
10-18-2010 19:51;377;0
10-18-2010 19:52;503;0
10-18-2010 19:53;232;0
10-18-2010 19:54;247;0
10-18-2010 19:55;834;0
10-18-2010 19:56;572;0
10-18-2010 19:57;137;0
10-18-2010 19:58;132;0
10-18-2010 19:59;122;0
10-18-2010 20:00;0;0
10-18-2010 20:01;8;0
10-18-2010 20:02;0;0
10-18-2010 20:03;155;0
10-18-2010 20:04;151;0
10-18-2010 20:05;784;0
10-18-2010 20:06;311;0
10-18-2010 20:07;554;0
10-18-2010 20:08;240;0
10-18-2010 20:09;83;0
10-18-2010 20:10;390;0
10-18-2010 20:11;51;0
10-18-2010 20:12;0;0
10-18-2010 20:13;0;0
10-18-2010 20:14;0;0
10-18-2010 20:15;0;0
10-18-2010 20:16;0;0
10-18-2010 20:17;0;0
10-18-2010 20:18;0;0
10-18-2010 20:19;0;0
10-18-2010 20:20;0;0
10-18-2010 20:21;0;0
10-18-2010 20:22;503;0
10-18-2010 20:23;111;0
10-18-2010 20:24;86;0
10-18-2010 20:25;75;0
10-18-2010 20:26;146;0
10-18-2010 20:27;122;0
10-18-2010 20:28;5;0
10-18-2010 20:29;14;0
10-18-2010 20:30;55;0
10-18-2010 20:31;0;0
10-18-2010 20:32;0;0
10-18-2010 20:33;0;0
10-18-2010 20:34;0;0
10-18-2010 20:35;292;0
10-18-2010 20:36;0;0
10-18-2010 20:37;0;0
10-18-2010 20:38;0;0
10-18-2010 20:39;53;0
10-18-2010 20:40;0;0
10-18-2010 20:41;0;0
10-18-2010 20:42;0;0
10-18-2010 20:43;61;0
10-18-2010 20:44;100;0
10-18-2010 20:45;0;0
10-18-2010 20:46;0;0
10-18-2010 20:47;0;0
10-18-2010 20:48;0;0
10-18-2010 20:49;19;0
10-18-2010 20:50;27;0
10-18-2010 20:51;55;0
10-18-2010 20:52;554;0
10-18-2010 20:53;402;0
10-18-2010 20:54;1216;1
10-18-2010 20:55;977;1
10-18-2010 20:56;20;0
10-18-2010 20:57;472;0
10-18-2010 20:58;8;0
10-18-2010 20:59;240;0
10-18-2010 21:00;520;0
10-18-2010 21:01;332;0
10-18-2010 21:02;590;0
10-18-2010 21:03;457;0
10-18-2010 21:04;691;0
10-18-2010 21:05;443;0
10-18-2010 21:06;520;0
10-18-2010 21:07;713;0
10-18-2010 21:08;629;0
10-18-2010 21:09;609;0
10-18-2010 21:10;503;0
10-18-2010 21:11;1008;1
10-18-2010 21:12;503;0
10-18-2010 21:13;554;0
10-18-2010 21:14;736;0
10-18-2010 21:15;713;0
10-18-2010 21:16;590;0
10-18-2010 21:17;759;0
10-18-2010 21:18;834;0
10-18-2010 21:19;1040;1
10-18-2010 21:20;946;1
10-18-2010 21:21;946;1
10-18-2010 21:22;554;0
10-18-2010 21:23;520;0
10-18-2010 21:24;759;0
10-18-2010 21:25;365;0
10-18-2010 21:26;173;0
10-18-2010 21:27;283;0
10-18-2010 21:28;184;0
10-18-2010 21:29;225;0
10-18-2010 21:30;26;0
10-18-2010 21:31;184;0
10-18-2010 21:32;292;0
10-18-2010 21:33;122;0
10-18-2010 21:34;119;0
10-18-2010 21:35;590;0
10-18-2010 21:36;354;0
10-18-2010 21:37;443;0
10-18-2010 21:38;649;0
10-18-2010 21:39;197;0
10-18-2010 21:40;96;0
10-18-2010 21:41;888;1
10-18-2010 21:42;7;0
10-18-2010 21:43;0;0
10-18-2010 21:44;0;0
10-18-2010 21:45;0;0
10-18-2010 21:46;0;0
10-18-2010 21:47;0;0
10-18-2010 21:48;0;0
10-18-2010 21:49;0;0
10-18-2010 21:50;0;0
10-18-2010 21:51;0;0
10-18-2010 21:52;834;0
10-18-2010 21:53;1294;1
10-18-2010 21:54;917;1
10-18-2010 21:55;861;1
10-18-2010 21:56;429;0
10-18-2010 21:57;217;0
10-18-2010 21:58;141;0
10-18-2010 21:59;311;0
10-18-2010 22:00;487;0
10-18-2010 22:01;537;0
10-18-2010 22:02;302;0
10-18-2010 22:03;354;0
10-18-2010 22:04;0;0
10-18-2010 22:05;0;0
10-18-2010 22:06;0;0
10-18-2010 22:07;2;0
10-18-2010 22:08;0;0
10-18-2010 22:09;0;0
10-18-2010 22:10;0;0
10-18-2010 22:11;0;0
10-18-2010 22:12;107;0
10-18-2010 22:13;75;0
10-18-2010 22:14;0;0
10-18-2010 22:15;0;0
10-18-2010 22:16;0;0
10-18-2010 22:17;0;0
10-18-2010 22:18;0;0
10-18-2010 22:19;0;0
10-18-2010 22:20;0;0
10-18-2010 22:21;0;0
10-18-2010 22:22;0;0
10-18-2010 22:23;0;0
10-18-2010 22:24;0;0
10-18-2010 22:25;0;0
10-18-2010 22:26;0;0
10-18-2010 22:27;0;0
10-18-2010 22:28;0;0
10-18-2010 22:29;0;0
10-18-2010 22:30;0;0
10-18-2010 22:31;0;0
10-18-2010 22:32;0;0
10-18-2010 22:33;0;0
10-18-2010 22:34;0;0
10-18-2010 22:35;0;0
10-18-2010 22:36;0;0
10-18-2010 22:37;0;0
10-18-2010 22:38;0;0
10-18-2010 22:39;0;0
10-18-2010 22:40;0;0
10-18-2010 22:41;0;0
10-18-2010 22:42;0;0
10-18-2010 22:43;0;0
10-18-2010 22:44;0;0
10-18-2010 22:45;0;0
10-18-2010 22:46;0;0
10-18-2010 22:47;0;0
10-18-2010 22:48;0;0
10-18-2010 22:49;0;0
10-18-2010 22:50;0;0
10-18-2010 22:51;0;0
10-18-2010 22:52;0;0
10-18-2010 22:53;0;0
10-18-2010 22:54;0;0
10-18-2010 22:55;119;0
10-18-2010 22:56;40;0
10-18-2010 22:57;0;0
10-18-2010 22:58;0;0
10-18-2010 22:59;0;0
10-18-2010 23:00;0;0
10-18-2010 23:01;0;0
10-18-2010 23:02;0;0
10-18-2010 23:03;0;0
10-18-2010 23:04;0;0
10-18-2010 23:05;0;0
10-18-2010 23:06;64;0
10-18-2010 23:07;0;0
10-18-2010 23:08;0;0
10-18-2010 23:09;40;0
10-18-2010 23:10;0;0
10-18-2010 23:11;53;0
10-18-2010 23:12;2;0
10-18-2010 23:13;40;0
10-18-2010 23:14;0;0
10-18-2010 23:15;0;0
10-18-2010 23:16;0;0
10-18-2010 23:17;107;0
10-18-2010 23:18;0;0
10-18-2010 23:19;0;0
10-18-2010 23:20;0;0
10-18-2010 23:21;0;0
10-18-2010 23:22;0;0
10-18-2010 23:23;0;0
10-18-2010 23:24;0;0
10-18-2010 23:25;0;0
10-18-2010 23:26;0;0
10-18-2010 23:27;0;0
10-18-2010 23:28;0;0
10-18-2010 23:29;0;0
10-18-2010 23:30;0;0
10-18-2010 23:31;0;0
10-18-2010 23:32;0;0
10-18-2010 23:33;0;0
10-18-2010 23:34;0;0
10-18-2010 23:35;0;0
10-18-2010 23:36;0;0
10-18-2010 23:37;0;0
10-18-2010 23:38;0;0
10-18-2010 23:39;0;0
10-18-2010 23:40;0;0
10-18-2010 23:41;0;0
10-18-2010 23:42;0;0
10-18-2010 23:43;0;0
10-18-2010 23:44;0;0
10-18-2010 23:45;0;0
10-18-2010 23:46;0;0
10-18-2010 23:47;0;0
10-18-2010 23:48;0;0
10-18-2010 23:49;0;0
10-18-2010 23:50;0;0
10-18-2010 23:51;122;0
10-18-2010 23:52;66;0
10-18-2010 23:53;0;0
10-18-2010 23:54;0;0
10-18-2010 23:55;0;0
10-18-2010 23:56;0;0
10-18-2010 23:57;0;0
10-18-2010 23:58;0;0
10-18-2010 23:59;0;0
10-19-2010 00:00;0;0
10-19-2010 00:01;0;0
10-19-2010 00:02;0;0
10-19-2010 00:03;0;0
10-19-2010 00:04;0;0
10-19-2010 00:05;0;0
10-19-2010 00:06;0;0
10-19-2010 00:07;0;0
10-19-2010 00:08;0;0
10-19-2010 00:09;0;0
10-19-2010 00:10;0;0
10-19-2010 00:11;0;0
10-19-2010 00:12;0;0
10-19-2010 00:13;83;0
10-19-2010 00:14;0;0
10-19-2010 00:15;0;0
10-19-2010 00:16;36;0
10-19-2010 00:17;0;0
10-19-2010 00:18;0;0
10-19-2010 00:19;0;0
10-19-2010 00:20;0;0
10-19-2010 00:21;0;0
10-19-2010 00:22;0;0
10-19-2010 00:23;0;0
10-19-2010 00:24;0;0
10-19-2010 00:25;0;0
10-19-2010 00:26;0;0
10-19-2010 00:27;0;0
10-19-2010 00:28;0;0
10-19-2010 00:29;0;0
10-19-2010 00:30;0;0
10-19-2010 00:31;0;0
10-19-2010 00:32;0;0
10-19-2010 00:33;0;0
10-19-2010 00:34;0;0
10-19-2010 00:35;0;0
10-19-2010 00:36;0;0
10-19-2010 00:37;0;0
10-19-2010 00:38;0;0
10-19-2010 00:39;30;0
10-19-2010 00:40;0;0
10-19-2010 00:41;0;0
10-19-2010 00:42;0;0
10-19-2010 00:43;0;0
10-19-2010 00:44;0;0
10-19-2010 00:45;122;0
10-19-2010 00:46;34;0
10-19-2010 00:47;0;0
10-19-2010 00:48;0;0
10-19-2010 00:49;0;0
10-19-2010 00:50;0;0
10-19-2010 00:51;0;0
10-19-2010 00:52;0;0
10-19-2010 00:53;0;0
10-19-2010 00:54;0;0
10-19-2010 00:55;0;0
10-19-2010 00:56;0;0
10-19-2010 00:57;0;0
10-19-2010 00:58;0;0
10-19-2010 00:59;42;0
10-19-2010 01:00;0;0
10-19-2010 01:01;0;0
10-19-2010 01:02;22;0
10-19-2010 01:03;0;0
10-19-2010 01:04;0;0
10-19-2010 01:05;0;0
10-19-2010 01:06;0;0
10-19-2010 01:07;0;0
10-19-2010 01:08;0;0
10-19-2010 01:09;0;0
10-19-2010 01:10;0;0
10-19-2010 01:11;0;0
10-19-2010 01:12;0;0
10-19-2010 01:13;0;0
10-19-2010 01:14;0;0
10-19-2010 01:15;0;0
10-19-2010 01:16;0;0
10-19-2010 01:17;0;0
10-19-2010 01:18;0;0
10-19-2010 01:19;0;0
10-19-2010 01:20;0;0
10-19-2010 01:21;0;0
10-19-2010 01:22;0;0
10-19-2010 01:23;0;0
10-19-2010 01:24;0;0
10-19-2010 01:25;0;0
10-19-2010 01:26;0;0
10-19-2010 01:27;0;0
10-19-2010 01:28;0;0
10-19-2010 01:29;0;0
10-19-2010 01:30;0;0
10-19-2010 01:31;0;0
10-19-2010 01:32;0;0
10-19-2010 01:33;0;0
10-19-2010 01:34;0;0
10-19-2010 01:35;0;0
10-19-2010 01:36;0;0
10-19-2010 01:37;0;0
10-19-2010 01:38;0;0
10-19-2010 01:39;0;0
10-19-2010 01:40;0;0
10-19-2010 01:41;0;0
10-19-2010 01:42;0;0
10-19-2010 01:43;0;0
10-19-2010 01:44;0;0
10-19-2010 01:45;0;0
10-19-2010 01:46;5;0
10-19-2010 01:47;19;0
10-19-2010 01:48;2;0
10-19-2010 01:49;0;0
10-19-2010 01:50;0;0
10-19-2010 01:51;0;0
10-19-2010 01:52;0;0
10-19-2010 01:53;0;0
10-19-2010 01:54;0;0
10-19-2010 01:55;0;0
10-19-2010 01:56;0;0
10-19-2010 01:57;49;0
10-19-2010 01:58;0;0
10-19-2010 01:59;0;0
10-19-2010 02:00;72;0
10-19-2010 02:01;204;0
10-19-2010 02:02;81;0
10-19-2010 02:03;0;0
10-19-2010 02:04;0;0
10-19-2010 02:05;0;0
10-19-2010 02:06;0;0
10-19-2010 02:07;0;0
10-19-2010 02:08;0;0
10-19-2010 02:09;0;0
10-19-2010 02:10;0;0
10-19-2010 02:11;13;0
10-19-2010 02:12;0;0
10-19-2010 02:13;0;0
10-19-2010 02:14;0;0
10-19-2010 02:15;0;0
10-19-2010 02:16;0;0
10-19-2010 02:17;0;0
10-19-2010 02:18;0;0
10-19-2010 02:19;0;0
10-19-2010 02:20;17;0
10-19-2010 02:21;0;0
10-19-2010 02:22;0;0
10-19-2010 02:23;0;0
10-19-2010 02:24;0;0
10-19-2010 02:25;0;0
10-19-2010 02:26;0;0
10-19-2010 02:27;0;0
10-19-2010 02:28;0;0
10-19-2010 02:29;0;0
10-19-2010 02:30;11;0
10-19-2010 02:31;0;0
10-19-2010 02:32;0;0
10-19-2010 02:33;0;0
10-19-2010 02:34;0;0
10-19-2010 02:35;0;0
10-19-2010 02:36;0;0
10-19-2010 02:37;2;0
10-19-2010 02:38;2;0
10-19-2010 02:39;0;0
10-19-2010 02:40;0;0
10-19-2010 02:41;0;0
10-19-2010 02:42;0;0
10-19-2010 02:43;0;0
10-19-2010 02:44;0;0
10-19-2010 02:45;0;0
10-19-2010 02:46;0;0
10-19-2010 02:47;0;0
10-19-2010 02:48;0;0
10-19-2010 02:49;83;0
10-19-2010 02:50;3;0
10-19-2010 02:51;0;0
10-19-2010 02:52;0;0
10-19-2010 02:53;0;0
10-19-2010 02:54;0;0
10-19-2010 02:55;23;0
10-19-2010 02:56;0;0
10-19-2010 02:57;0;0
10-19-2010 02:58;0;0
10-19-2010 02:59;0;0
10-19-2010 03:00;0;0
10-19-2010 03:01;0;0
10-19-2010 03:02;0;0
10-19-2010 03:03;0;0
10-19-2010 03:04;25;0
10-19-2010 03:05;0;0
10-19-2010 03:06;0;0
10-19-2010 03:07;0;0
10-19-2010 03:08;2;0
10-19-2010 03:09;42;0
10-19-2010 03:10;0;0
10-19-2010 03:11;0;0
10-19-2010 03:12;0;0
10-19-2010 03:13;0;0
10-19-2010 03:14;247;0
10-19-2010 03:15;0;0
10-19-2010 03:16;0;0
10-19-2010 03:17;0;0
10-19-2010 03:18;0;0
10-19-2010 03:19;0;0
10-19-2010 03:20;0;0
10-19-2010 03:21;30;0
10-19-2010 03:22;0;0
10-19-2010 03:23;0;0
10-19-2010 03:24;0;0
10-19-2010 03:25;0;0
10-19-2010 03:26;0;0
10-19-2010 03:27;64;0
10-19-2010 03:28;0;0
10-19-2010 03:29;0;0
10-19-2010 03:30;0;0
10-19-2010 03:31;0;0
10-19-2010 03:32;0;0
10-19-2010 03:33;0;0
10-19-2010 03:34;0;0
10-19-2010 03:35;0;0
10-19-2010 03:36;0;0
10-19-2010 03:37;0;0
10-19-2010 03:38;0;0
10-19-2010 03:39;0;0
10-19-2010 03:40;0;0
10-19-2010 03:41;0;0
10-19-2010 03:42;0;0
10-19-2010 03:43;0;0
10-19-2010 03:44;0;0
10-19-2010 03:45;4;0
10-19-2010 03:46;100;0
10-19-2010 03:47;0;0
10-19-2010 03:48;0;0
10-19-2010 03:49;0;0
10-19-2010 03:50;0;0
10-19-2010 03:51;0;0
10-19-2010 03:52;0;0
10-19-2010 03:53;0;0
10-19-2010 03:54;0;0
10-19-2010 03:55;0;0
10-19-2010 03:56;0;0
10-19-2010 03:57;167;0
10-19-2010 03:58;0;0
10-19-2010 03:59;2;0
10-19-2010 04:00;0;0
10-19-2010 04:01;0;0
10-19-2010 04:02;0;0
10-19-2010 04:03;0;0
10-19-2010 04:04;24;0
10-19-2010 04:05;0;0
10-19-2010 04:06;0;0
10-19-2010 04:07;0;0
10-19-2010 04:08;0;0
10-19-2010 04:09;0;0
10-19-2010 04:10;0;0
10-19-2010 04:11;0;0
10-19-2010 04:12;0;0
10-19-2010 04:13;0;0
10-19-2010 04:14;0;0
10-19-2010 04:15;0;0
10-19-2010 04:16;0;0
10-19-2010 04:17;0;0
10-19-2010 04:18;0;0
10-19-2010 04:19;0;0
10-19-2010 04:20;0;0
10-19-2010 04:21;0;0
10-19-2010 04:22;0;0
10-19-2010 04:23;0;0
10-19-2010 04:24;0;0
10-19-2010 04:25;0;0
10-19-2010 04:26;0;0
10-19-2010 04:27;0;0
10-19-2010 04:28;0;0
10-19-2010 04:29;0;0
10-19-2010 04:30;0;0
10-19-2010 04:31;0;0
10-19-2010 04:32;0;0
10-19-2010 04:33;0;0
10-19-2010 04:34;0;0
10-19-2010 04:35;81;0
10-19-2010 04:36;0;0
10-19-2010 04:37;0;0
10-19-2010 04:38;0;0
10-19-2010 04:39;0;0
10-19-2010 04:40;0;0
10-19-2010 04:41;0;0
10-19-2010 04:42;11;0
10-19-2010 04:43;0;0
10-19-2010 04:44;0;0
10-19-2010 04:45;0;0
10-19-2010 04:46;0;0
10-19-2010 04:47;0;0
10-19-2010 04:48;2;0
10-19-2010 04:49;0;0
10-19-2010 04:50;0;0
10-19-2010 04:51;18;0
10-19-2010 04:52;0;0
10-19-2010 04:53;0;0
10-19-2010 04:54;0;0
10-19-2010 04:55;0;0
10-19-2010 04:56;0;0
10-19-2010 04:57;0;0
10-19-2010 04:58;0;0
10-19-2010 04:59;0;0
10-19-2010 05:00;0;0
10-19-2010 05:01;15;0
10-19-2010 05:02;0;0
10-19-2010 05:03;0;0
10-19-2010 05:04;0;0
10-19-2010 05:05;0;0
10-19-2010 05:06;12;0
10-19-2010 05:07;0;0
10-19-2010 05:08;0;0
10-19-2010 05:09;0;0
10-19-2010 05:10;0;0
10-19-2010 05:11;283;0
10-19-2010 05:12;669;0
10-19-2010 05:13;265;0
10-19-2010 05:14;443;0
10-19-2010 05:15;92;0
10-19-2010 05:16;354;0
10-19-2010 05:17;155;0
10-19-2010 05:18;146;0
10-19-2010 05:19;232;0
10-19-2010 05:20;443;0
10-19-2010 05:21;365;0
10-19-2010 05:22;377;0
10-19-2010 05:23;415;0
10-19-2010 05:24;155;0
10-19-2010 05:25;26;0
10-19-2010 05:26;69;0
10-19-2010 05:27;2;0
10-19-2010 05:28;0;0
10-19-2010 05:29;0;0
10-19-2010 05:30;0;0
10-19-2010 05:31;5;0
10-19-2010 05:32;151;0
10-19-2010 05:33;19;0
10-19-2010 05:34;15;0
10-19-2010 05:35;42;0
10-19-2010 05:36;92;0
10-19-2010 05:37;59;0
10-19-2010 05:38;173;0
10-19-2010 05:39;204;0
10-19-2010 05:40;122;0
10-19-2010 05:41;40;0
10-19-2010 05:42;6;0
10-19-2010 05:43;119;0
10-19-2010 05:44;51;0
10-19-2010 05:45;146;0
10-19-2010 05:46;49;0
10-19-2010 05:47;232;0
10-19-2010 05:48;354;0
10-19-2010 05:49;354;0
10-19-2010 05:50;311;0
10-19-2010 05:51;292;0
10-19-2010 05:52;86;0
10-19-2010 05:53;537;0
10-19-2010 05:54;365;0
10-19-2010 05:55;365;0
10-19-2010 05:56;377;0
10-19-2010 05:57;736;0
10-19-2010 05:58;520;0
10-19-2010 05:59;365;0
10-19-2010 06:00;713;0
10-19-2010 06:01;609;0
10-19-2010 06:02;572;0
10-19-2010 06:03;691;0
10-19-2010 06:04;487;0
10-19-2010 06:05;487;0
10-19-2010 06:06;457;0
10-19-2010 06:07;390;0
10-19-2010 06:08;332;0
10-19-2010 06:09;240;0
10-19-2010 06:10;311;0
10-19-2010 06:11;265;0
10-19-2010 06:12;691;0
10-19-2010 06:13;713;0
10-19-2010 06:14;520;0
10-19-2010 06:15;390;0
10-19-2010 06:16;191;0
10-19-2010 06:17;103;0
10-19-2010 06:18;415;0
10-19-2010 06:19;332;0
10-19-2010 06:20;232;0
10-19-2010 06:21;342;0
10-19-2010 06:22;443;0
10-19-2010 06:23;415;0
10-19-2010 06:24;354;0
10-19-2010 06:25;487;0
10-19-2010 06:26;342;0
10-19-2010 06:27;232;0
10-19-2010 06:28;415;0
10-19-2010 06:29;472;0
10-19-2010 06:30;225;0
10-19-2010 06:31;321;0
10-19-2010 06:32;119;0
10-19-2010 06:33;197;0
10-19-2010 06:34;155;0
10-19-2010 06:35;111;0
10-19-2010 06:36;173;0
10-19-2010 06:37;103;0
10-19-2010 06:38;283;0
10-19-2010 06:39;225;0
10-19-2010 06:40;72;0
10-19-2010 06:41;66;0
10-19-2010 06:42;122;0
10-19-2010 06:43;225;0
10-19-2010 06:44;191;0
10-19-2010 06:45;141;0
10-19-2010 06:46;26;0
10-19-2010 06:47;173;0
10-19-2010 06:48;24;0
10-19-2010 06:49;0;0
10-19-2010 06:50;155;0
10-19-2010 06:51;590;0
10-19-2010 06:52;75;0
10-19-2010 06:53;61;0
10-19-2010 06:54;92;0
10-19-2010 06:55;19;0
10-19-2010 06:56;137;0
10-19-2010 06:57;256;0
10-19-2010 06:58;83;0
10-19-2010 06:59;332;0
10-19-2010 07:00;184;0
10-19-2010 07:01;273;0
10-19-2010 07:02;321;0
10-19-2010 07:03;72;0
10-19-2010 07:04;0;0
10-19-2010 07:05;167;0
10-19-2010 07:06;151;0
10-19-2010 07:07;342;0
10-19-2010 07:08;197;0
10-19-2010 07:09;332;0
10-19-2010 07:10;377;0
10-19-2010 07:11;66;0
10-19-2010 07:12;100;0
10-19-2010 07:13;34;0
10-19-2010 07:14;342;0
10-19-2010 07:15;178;0
10-19-2010 07:16;173;0
10-19-2010 07:17;520;0
10-19-2010 07:18;332;0
10-19-2010 07:19;332;0
10-19-2010 07:20;342;0
10-19-2010 07:21;240;0
10-19-2010 07:22;443;0
10-19-2010 07:23;1008;1
10-19-2010 07:24;1254;1
10-19-2010 07:25;946;1
10-19-2010 07:26;554;0
10-19-2010 07:27;390;0
10-19-2010 07:28;669;0
10-19-2010 07:29;122;0
10-19-2010 07:30;161;0
10-19-2010 07:31;103;0
10-19-2010 07:32;155;0
10-19-2010 07:33;217;0
10-19-2010 07:34;365;0
10-19-2010 07:35;66;0
10-19-2010 07:36;321;0
10-19-2010 07:37;572;0
10-19-2010 07:38;225;0
10-19-2010 07:39;115;0
10-19-2010 07:40;256;0
10-19-2010 07:41;83;0
10-19-2010 07:42;173;0
10-19-2010 07:43;107;0
10-19-2010 07:44;137;0
10-19-2010 07:45;89;0
10-19-2010 07:46;161;0
10-19-2010 07:47;365;0
10-19-2010 07:48;265;0
10-19-2010 07:49;590;0
10-19-2010 07:50;503;0
10-19-2010 07:51;302;0
10-19-2010 07:52;66;0
10-19-2010 07:53;38;0
10-19-2010 07:54;472;0
10-19-2010 07:55;151;0
10-19-2010 07:56;273;0
10-19-2010 07:57;210;0
10-19-2010 07:58;122;0
10-19-2010 07:59;127;0
10-19-2010 08:00;141;0
10-19-2010 08:01;137;0
10-19-2010 08:02;15;0
10-19-2010 08:03;27;0
10-19-2010 08:04;377;0
10-19-2010 08:05;111;0
10-19-2010 08:06;69;0
10-19-2010 08:07;137;0
10-19-2010 08:08;78;0
10-19-2010 08:09;127;0
10-19-2010 08:10;240;0
10-19-2010 08:11;161;0
10-19-2010 08:12;197;0
10-19-2010 08:13;225;0
10-19-2010 08:14;247;0
10-19-2010 08:15;92;0
10-19-2010 08:16;554;0
10-19-2010 08:17;240;0
10-19-2010 08:18;66;0
10-19-2010 08:19;107;0
10-19-2010 08:20;283;0
10-19-2010 08:21;572;0
10-19-2010 08:22;122;0
10-19-2010 08:23;22;0
10-19-2010 08:24;487;0
10-19-2010 08:25;127;0
10-19-2010 08:26;178;0
10-19-2010 08:27;92;0
10-19-2010 08:28;89;0
10-19-2010 08:29;66;0
10-19-2010 08:30;256;0
10-19-2010 08:31;191;0
10-19-2010 08:32;155;0
10-19-2010 08:33;66;0
10-19-2010 08:34;191;0
10-19-2010 08:35;100;0
10-19-2010 08:36;151;0
10-19-2010 08:37;217;0
10-19-2010 08:38;256;0
10-19-2010 08:39;38;0
10-19-2010 08:40;4;0
10-19-2010 08:41;19;0
10-19-2010 08:42;3;0
10-19-2010 08:43;0;0
10-19-2010 08:44;0;0
10-19-2010 08:45;256;0
10-19-2010 08:46;96;0
10-19-2010 08:47;240;0
10-19-2010 08:48;283;0
10-19-2010 08:49;415;0
10-19-2010 08:50;225;0
10-19-2010 08:51;78;0
10-19-2010 08:52;46;0
10-19-2010 08:53;111;0
10-19-2010 08:54;321;0
10-19-2010 08:55;64;0
10-19-2010 08:56;151;0
10-19-2010 08:57;155;0
10-19-2010 08:58;15;0
10-19-2010 08:59;137;0
10-19-2010 09:00;92;0
10-19-2010 09:01;26;0
10-19-2010 09:02;151;0
10-19-2010 09:03;119;0
10-19-2010 09:04;151;0
10-19-2010 09:05;256;0
10-19-2010 09:06;122;0
10-19-2010 09:07;83;0
10-19-2010 09:08;155;0
10-19-2010 09:09;36;0
10-19-2010 09:10;66;0
10-19-2010 09:11;487;0
10-19-2010 09:12;191;0
10-19-2010 09:13;572;0
10-19-2010 09:14;429;0
10-19-2010 09:15;809;0
10-19-2010 09:16;265;0
10-19-2010 09:17;292;0
10-19-2010 09:18;26;0
10-19-2010 09:19;34;0
10-19-2010 09:20;29;0
10-19-2010 09:21;51;0
10-19-2010 09:22;23;0
10-19-2010 09:23;537;0
10-19-2010 09:24;609;0
10-19-2010 09:25;691;0
10-19-2010 09:26;784;0
10-19-2010 09:27;173;0
10-19-2010 09:28;292;0
10-19-2010 09:29;161;0
10-19-2010 09:30;5;0
10-19-2010 09:31;256;0
10-19-2010 09:32;161;0
10-19-2010 09:33;40;0
10-19-2010 09:34;122;0
10-19-2010 09:35;38;0
10-19-2010 09:36;178;0
10-19-2010 09:37;103;0
10-19-2010 09:38;247;0
10-19-2010 09:39;151;0
10-19-2010 09:40;141;0
10-19-2010 09:41;273;0
10-19-2010 09:42;572;0
10-19-2010 09:43;590;0
10-19-2010 09:44;191;0
10-19-2010 09:45;132;0
10-19-2010 09:46;78;0
10-19-2010 09:47;256;0
10-19-2010 09:48;311;0
10-19-2010 09:49;115;0
10-19-2010 09:50;146;0
10-19-2010 09:51;146;0
10-19-2010 09:52;247;0
10-19-2010 09:53;191;0
10-19-2010 09:54;57;0
10-19-2010 09:55;66;0
10-19-2010 09:56;256;0
10-19-2010 09:57;111;0
10-19-2010 09:58;232;0
10-19-2010 09:59;161;0
10-19-2010 10:00;197;0
10-19-2010 10:01;520;0
10-19-2010 10:02;265;0
10-19-2010 10:03;204;0
10-19-2010 10:04;292;0
10-19-2010 10:05;107;0
10-19-2010 10:06;173;0
10-19-2010 10:07;141;0
10-19-2010 10:08;100;0
10-19-2010 10:09;161;0
10-19-2010 10:10;429;0
10-19-2010 10:11;225;0
10-19-2010 10:12;342;0
10-19-2010 10:13;155;0
10-19-2010 10:14;184;0
10-19-2010 10:15;86;0
10-19-2010 10:16;167;0
10-19-2010 10:17;443;0
10-19-2010 10:18;354;0
10-19-2010 10:19;204;0
10-19-2010 10:20;151;0
10-19-2010 10:21;141;0
10-19-2010 10:22;217;0
10-19-2010 10:23;629;0
10-19-2010 10:24;537;0
10-19-2010 10:25;487;0
10-19-2010 10:26;354;0
10-19-2010 10:27;472;0
10-19-2010 10:28;649;0
10-19-2010 10:29;457;0
10-19-2010 10:30;217;0
10-19-2010 10:31;443;0
10-19-2010 10:32;390;0
10-19-2010 10:33;332;0
10-19-2010 10:34;429;0
10-19-2010 10:35;283;0
10-19-2010 10:36;669;0
10-19-2010 10:37;1378;1
10-19-2010 10:38;204;0
10-19-2010 10:39;917;1
10-19-2010 10:40;354;0
10-19-2010 10:41;47;0
10-19-2010 10:42;256;0
10-19-2010 10:43;167;0
10-19-2010 10:44;443;0
10-19-2010 10:45;155;0
10-19-2010 10:46;16;0
10-19-2010 10:47;443;0
10-19-2010 10:48;487;0
10-19-2010 10:49;265;0
10-19-2010 10:50;146;0
10-19-2010 10:51;81;0
10-19-2010 10:52;151;0
10-19-2010 10:53;66;0
10-19-2010 10:54;332;0
10-19-2010 10:55;14;0
10-19-2010 10:56;66;0
10-19-2010 10:57;2;0
10-19-2010 10:58;111;0
10-19-2010 10:59;115;0
10-19-2010 11:00;311;0
10-19-2010 11:01;332;0
10-19-2010 11:02;240;0
10-19-2010 11:03;225;0
10-19-2010 11:04;503;0
10-19-2010 11:05;321;0
10-19-2010 11:06;210;0
10-19-2010 11:07;167;0
10-19-2010 11:08;92;0
10-19-2010 11:09;22;0
10-19-2010 11:10;332;0
10-19-2010 11:11;141;0
10-19-2010 11:12;503;0
10-19-2010 11:13;554;0
10-19-2010 11:14;141;0
10-19-2010 11:15;184;0
10-19-2010 11:16;321;0
10-19-2010 11:17;443;0
10-19-2010 11:18;111;0
10-19-2010 11:19;141;0
10-19-2010 11:20;151;0
10-19-2010 11:21;178;0
10-19-2010 11:22;178;0
10-19-2010 11:23;332;0
10-19-2010 11:24;111;0
10-19-2010 11:25;173;0
10-19-2010 11:26;141;0
10-19-2010 11:27;232;0
10-19-2010 11:28;81;0
10-19-2010 11:29;47;0
10-19-2010 11:30;204;0
10-19-2010 11:31;132;0
10-19-2010 11:32;225;0
10-19-2010 11:33;210;0
10-19-2010 11:34;184;0
10-19-2010 11:35;232;0
10-19-2010 11:36;302;0
10-19-2010 11:37;57;0
10-19-2010 11:38;127;0
10-19-2010 11:39;161;0
10-19-2010 11:40;354;0
10-19-2010 11:41;75;0
10-19-2010 11:42;197;0
10-19-2010 11:43;225;0
10-19-2010 11:44;137;0
10-19-2010 11:45;78;0
10-19-2010 11:46;184;0
10-19-2010 11:47;96;0
10-19-2010 11:48;137;0
10-19-2010 11:49;161;0
10-19-2010 11:50;89;0
10-19-2010 11:51;273;0
10-19-2010 11:52;92;0
10-19-2010 11:53;197;0
10-19-2010 11:54;402;0
10-19-2010 11:55;472;0
10-19-2010 11:56;390;0
10-19-2010 11:57;167;0
10-19-2010 11:58;61;0
10-19-2010 11:59;81;0
10-19-2010 12:00;151;0
10-19-2010 12:01;217;0
10-19-2010 12:02;122;0
10-19-2010 12:03;132;0
10-19-2010 12:04;167;0
10-19-2010 12:05;155;0
10-19-2010 12:06;354;0
10-19-2010 12:07;292;0
10-19-2010 12:08;167;0
10-19-2010 12:09;29;0
10-19-2010 12:10;57;0
10-19-2010 12:11;61;0
10-19-2010 12:12;240;0
10-19-2010 12:13;127;0
10-19-2010 12:14;146;0
10-19-2010 12:15;217;0
10-19-2010 12:16;78;0
10-19-2010 12:17;225;0
10-19-2010 12:18;127;0
10-19-2010 12:19;204;0
10-19-2010 12:20;141;0
10-19-2010 12:21;115;0
10-19-2010 12:22;107;0
10-19-2010 12:23;167;0
10-19-2010 12:24;122;0
10-19-2010 12:25;107;0
10-19-2010 12:26;204;0
10-19-2010 12:27;232;0
10-19-2010 12:28;75;0
10-19-2010 12:29;161;0
10-19-2010 12:30;127;0
10-19-2010 12:31;111;0
10-19-2010 12:32;292;0
10-19-2010 12:33;146;0
10-19-2010 12:34;225;0
10-19-2010 12:35;96;0
10-19-2010 12:36;7;0
10-19-2010 12:37;22;0
10-19-2010 12:38;64;0
10-19-2010 12:39;256;0
10-19-2010 12:40;59;0
10-19-2010 12:41;141;0
10-19-2010 12:42;132;0
10-19-2010 12:43;151;0
10-19-2010 12:44;390;0
10-19-2010 12:45;167;0
10-19-2010 12:46;273;0
10-19-2010 12:47;100;0
10-19-2010 12:48;47;0
10-19-2010 12:49;111;0
10-19-2010 12:50;107;0
10-19-2010 12:51;132;0
10-19-2010 12:52;132;0
10-19-2010 12:53;161;0
10-19-2010 12:54;429;0
10-19-2010 12:55;443;0
10-19-2010 12:56;256;0
10-19-2010 12:57;321;0
10-19-2010 12:58;572;0
10-19-2010 12:59;225;0
10-19-2010 13:00;184;0
10-19-2010 13:01;27;0
10-19-2010 13:02;66;0
10-19-2010 13:03;127;0
10-19-2010 13:04;69;0
10-19-2010 13:05;365;0
10-19-2010 13:06;100;0
10-19-2010 13:07;75;0
10-19-2010 13:08;173;0
10-19-2010 13:09;92;0
10-19-2010 13:10;283;0
10-19-2010 13:11;342;0
10-19-2010 13:12;520;0
10-19-2010 13:13;22;0
10-19-2010 13:14;14;0
10-19-2010 13:15;8;0
10-19-2010 13:16;44;0
10-19-2010 13:17;78;0
10-19-2010 13:18;75;0
10-19-2010 13:19;69;0
10-19-2010 13:20;137;0
10-19-2010 13:21;429;0
10-19-2010 13:22;137;0
10-19-2010 13:23;184;0
10-19-2010 13:24;81;0
10-19-2010 13:25;78;0
10-19-2010 13:26;119;0
10-19-2010 13:27;204;0
10-19-2010 13:28;210;0
10-19-2010 13:29;132;0
10-19-2010 13:30;69;0
10-19-2010 13:31;0;0
10-19-2010 13:32;64;0
10-19-2010 13:33;225;0
10-19-2010 13:34;520;0
10-19-2010 13:35;225;0
10-19-2010 13:36;377;0
10-19-2010 13:37;834;0
10-19-2010 13:38;3;0
10-19-2010 13:39;691;0
10-19-2010 13:40;713;0
10-19-2010 13:41;537;0
10-19-2010 13:42;57;0
10-19-2010 13:43;311;0
10-19-2010 13:44;103;0
10-19-2010 13:45;167;0
10-19-2010 13:46;66;0
10-19-2010 13:47;155;0
10-19-2010 13:48;151;0
10-19-2010 13:49;204;0
10-19-2010 13:50;197;0
10-19-2010 13:51;265;0
10-19-2010 13:52;256;0
10-19-2010 13:53;44;0
10-19-2010 13:54;122;0
10-19-2010 13:55;321;0
10-19-2010 13:56;146;0
10-19-2010 13:57;119;0
10-19-2010 13:58;44;0
10-19-2010 13:59;49;0
10-19-2010 14:00;365;0
10-19-2010 14:01;302;0
10-19-2010 14:02;141;0
10-19-2010 14:03;86;0
10-19-2010 14:04;173;0
10-19-2010 14:05;155;0
10-19-2010 14:06;265;0
10-19-2010 14:07;146;0
10-19-2010 14:08;443;0
10-19-2010 14:09;669;0
10-19-2010 14:10;691;0
10-19-2010 14:11;487;0
10-19-2010 14:12;415;0
10-19-2010 14:13;609;0
10-19-2010 14:14;2;0
10-19-2010 14:15;365;0
10-19-2010 14:16;429;0
10-19-2010 14:17;503;0
10-19-2010 14:18;1073;1
10-19-2010 14:19;247;0
10-19-2010 14:20;759;0
10-19-2010 14:21;629;0
10-19-2010 14:22;173;0
10-19-2010 14:23;713;0
10-19-2010 14:24;292;0
10-19-2010 14:25;402;0
10-19-2010 14:26;232;0
10-19-2010 14:27;141;0
10-19-2010 14:28;590;0
10-19-2010 14:29;225;0
10-19-2010 14:30;111;0
10-19-2010 14:31;107;0
10-19-2010 14:32;155;0
10-19-2010 14:33;127;0
10-19-2010 14:34;273;0
10-19-2010 14:35;443;0
10-19-2010 14:36;146;0
10-19-2010 14:37;292;0
10-19-2010 14:38;232;0
10-19-2010 14:39;342;0
10-19-2010 14:40;292;0
10-19-2010 14:41;273;0
10-19-2010 14:42;72;0
10-19-2010 14:43;173;0
10-19-2010 14:44;146;0
10-19-2010 14:45;146;0
10-19-2010 14:46;225;0
10-19-2010 14:47;256;0
10-19-2010 14:48;210;0
10-19-2010 14:49;151;0
10-19-2010 14:50;225;0
10-19-2010 14:51;103;0
10-19-2010 14:52;92;0
10-19-2010 14:53;137;0
10-19-2010 14:54;119;0
10-19-2010 14:55;311;0
10-19-2010 14:56;457;0
10-19-2010 14:57;1421;1
10-19-2010 14:58;946;1
10-19-2010 14:59;457;0
10-19-2010 15:00;572;0
10-19-2010 15:01;888;1
10-19-2010 15:02;946;1
10-19-2010 15:03;713;0
10-19-2010 15:04;888;1
10-19-2010 15:05;321;0
10-19-2010 15:06;402;0
10-19-2010 15:07;759;0
10-19-2010 15:08;759;0
10-19-2010 15:09;1216;1
10-19-2010 15:10;669;0
10-19-2010 15:11;342;0
10-19-2010 15:12;759;0
10-19-2010 15:13;197;0
10-19-2010 15:14;736;0
10-19-2010 15:15;457;0
10-19-2010 15:16;784;0
10-19-2010 15:17;429;0
10-19-2010 15:18;122;0
10-19-2010 15:19;402;0
10-19-2010 15:20;415;0
10-19-2010 15:21;691;0
10-19-2010 15:22;554;0
10-19-2010 15:23;415;0
10-19-2010 15:24;429;0
10-19-2010 15:25;487;0
10-19-2010 15:26;609;0
10-19-2010 15:27;537;0
10-19-2010 15:28;457;0
10-19-2010 15:29;342;0
10-19-2010 15:30;273;0
10-19-2010 15:31;784;0
10-19-2010 15:32;691;0
10-19-2010 15:33;759;0
10-19-2010 15:34;977;1
10-19-2010 15:35;834;0
10-19-2010 15:36;472;0
10-19-2010 15:37;332;0
10-19-2010 15:38;917;1
10-19-2010 15:39;888;1
10-19-2010 15:40;649;0
10-19-2010 15:41;946;1
10-19-2010 15:42;861;1
10-19-2010 15:43;888;1
10-19-2010 15:44;256;0
10-19-2010 15:45;834;0
10-19-2010 15:46;302;0
10-19-2010 15:47;232;0
10-19-2010 15:48;342;0
10-19-2010 15:49;503;0
10-19-2010 15:50;377;0
10-19-2010 15:51;415;0
10-19-2010 15:52;26;0
10-19-2010 15:53;19;0
10-19-2010 15:54;23;0
10-19-2010 15:55;103;0
10-19-2010 15:56;247;0
10-19-2010 15:57;292;0
10-19-2010 15:58;977;1
10-19-2010 15:59;1143;1
10-19-2010 16:00;1560;1
10-19-2010 16:01;809;0
10-19-2010 16:02;669;0
10-19-2010 16:03;888;1
10-19-2010 16:04;572;0
10-19-2010 16:05;415;0
10-19-2010 16:06;283;0
10-19-2010 16:07;321;0
10-19-2010 16:08;204;0
10-19-2010 16:09;173;0
10-19-2010 16:10;225;0
10-19-2010 16:11;151;0
10-19-2010 16:12;487;0
10-19-2010 16:13;669;0
10-19-2010 16:14;691;0
10-19-2010 16:15;443;0
10-19-2010 16:16;100;0
10-19-2010 16:17;0;0
10-19-2010 16:18;0;0
10-19-2010 16:19;9;0
10-19-2010 16:20;27;0
10-19-2010 16:21;115;0
10-19-2010 16:22;247;0
10-19-2010 16:23;0;0
10-19-2010 16:24;155;0
10-19-2010 16:25;217;0
10-19-2010 16:26;210;0
10-19-2010 16:27;197;0
10-19-2010 16:28;146;0
10-19-2010 16:29;609;0
10-19-2010 16:30;736;0
10-19-2010 16:31;649;0
10-19-2010 16:32;342;0
10-19-2010 16:33;6;0
10-19-2010 16:34;0;0
10-19-2010 16:35;217;0
10-19-2010 16:36;18;0
10-19-2010 16:37;784;0
10-19-2010 16:38;415;0
10-19-2010 16:39;457;0
10-19-2010 16:40;520;0
10-19-2010 16:41;155;0
10-19-2010 16:42;487;0
10-19-2010 16:43;354;0
10-19-2010 16:44;311;0
10-19-2010 16:45;75;0
10-19-2010 16:46;520;0
10-19-2010 16:47;629;0
10-19-2010 16:48;119;0
10-19-2010 16:49;472;0
10-19-2010 16:50;415;0
10-19-2010 16:51;609;0
10-19-2010 16:52;472;0
10-19-2010 16:53;784;0
10-19-2010 16:54;537;0
10-19-2010 16:55;736;0
10-19-2010 16:56;609;0
10-19-2010 16:57;457;0
10-19-2010 16:58;537;0
10-19-2010 16:59;572;0
10-19-2010 17:00;977;1
10-19-2010 17:01;691;0
10-19-2010 17:02;609;0
10-19-2010 17:03;784;0
10-19-2010 17:04;736;0
10-19-2010 17:05;809;0
10-19-2010 17:06;520;0
10-19-2010 17:07;759;0
10-19-2010 17:08;713;0
10-19-2010 17:09;736;0
10-19-2010 17:10;888;1
10-19-2010 17:11;759;0
10-19-2010 17:12;472;0
10-19-2010 17:13;572;0
10-19-2010 17:14;736;0
10-19-2010 17:15;554;0
10-19-2010 17:16;59;0
10-19-2010 17:17;184;0
10-19-2010 17:18;503;0
10-19-2010 17:19;240;0
10-19-2010 17:20;402;0
10-19-2010 17:21;503;0
10-19-2010 17:22;273;0
10-19-2010 17:23;311;0
10-19-2010 17:24;354;0
10-19-2010 17:25;736;0
10-19-2010 17:26;443;0
10-19-2010 17:27;69;0
10-19-2010 17:28;0;0
10-19-2010 17:29;0;0
10-19-2010 17:30;736;0
10-19-2010 17:31;443;0
10-19-2010 17:32;520;0
10-19-2010 17:33;321;0
10-19-2010 17:34;402;0
10-19-2010 17:35;283;0
10-19-2010 17:36;472;0
10-19-2010 17:37;354;0
10-19-2010 17:38;311;0
10-19-2010 17:39;256;0
10-19-2010 17:40;184;0
10-19-2010 17:41;178;0
10-19-2010 17:42;443;0
10-19-2010 17:43;487;0
10-19-2010 17:44;784;0
10-19-2010 17:45;713;0
10-19-2010 17:46;1216;1
10-19-2010 17:47;1560;1
10-19-2010 17:48;861;1
10-19-2010 17:49;784;0
10-19-2010 17:50;402;0
10-19-2010 17:51;161;0
10-19-2010 17:52;273;0
10-19-2010 17:53;429;0
10-19-2010 17:54;354;0
10-19-2010 17:55;81;0
10-19-2010 17:56;167;0
10-19-2010 17:57;834;0
10-19-2010 17:58;554;0
10-19-2010 17:59;390;0
10-19-2010 18:00;354;0
10-19-2010 18:01;809;0
10-19-2010 18:02;1040;1
10-19-2010 18:03;834;0
10-19-2010 18:04;292;0
10-19-2010 18:05;173;0
10-19-2010 18:06;240;0
10-19-2010 18:07;217;0
10-19-2010 18:08;332;0
10-19-2010 18:09;256;0
10-19-2010 18:10;240;0
10-19-2010 18:11;311;0
10-19-2010 18:12;0;0
10-19-2010 18:13;443;0
10-19-2010 18:14;537;0
10-19-2010 18:15;649;0
10-19-2010 18:16;809;0
10-19-2010 18:17;669;0
10-19-2010 18:18;1216;1
10-19-2010 18:19;572;0
10-19-2010 18:20;167;0
10-19-2010 18:21;197;0
10-19-2010 18:22;217;0
10-19-2010 18:23;89;0
10-19-2010 18:24;332;0
10-19-2010 18:25;443;0
10-19-2010 18:26;1143;1
10-19-2010 18:27;127;0
10-19-2010 18:28;55;0
10-19-2010 18:29;8;0
10-19-2010 18:30;240;0
10-19-2010 18:31;365;0
10-19-2010 18:32;127;0
10-19-2010 18:33;81;0
10-19-2010 18:34;155;0
10-19-2010 18:35;302;0
10-19-2010 18:36;72;0
10-19-2010 18:37;15;0
10-19-2010 18:38;167;0
10-19-2010 18:39;167;0
10-19-2010 18:40;42;0
10-19-2010 18:41;0;0
10-19-2010 18:42;27;0
10-19-2010 18:43;161;0
10-19-2010 18:44;20;0
10-19-2010 18:45;30;0
10-19-2010 18:46;69;0
10-19-2010 18:47;0;0
10-19-2010 18:48;0;0
10-19-2010 18:49;151;0
10-19-2010 18:50;554;0
10-19-2010 18:51;402;0
10-19-2010 18:52;472;0
10-19-2010 18:53;691;0
10-19-2010 18:54;609;0
10-19-2010 18:55;649;0
10-19-2010 18:56;669;0
10-19-2010 18:57;759;0
10-19-2010 18:58;472;0
10-19-2010 18:59;784;0
10-19-2010 19:00;713;0
10-19-2010 19:01;834;0
10-19-2010 19:02;809;0
10-19-2010 19:03;759;0
10-19-2010 19:04;1294;1
10-19-2010 19:05;977;1
10-19-2010 19:06;457;0
10-19-2010 19:07;1008;1
10-19-2010 19:08;1107;1
10-19-2010 19:09;1107;1
10-19-2010 19:10;888;1
10-19-2010 19:11;977;1
10-19-2010 19:12;917;1
10-19-2010 19:13;834;0
10-19-2010 19:14;429;0
10-19-2010 19:15;759;0
10-19-2010 19:16;669;0
10-19-2010 19:17;609;0
10-19-2010 19:18;217;0
10-19-2010 19:19;415;0
10-19-2010 19:20;86;0
10-19-2010 19:21;365;0
10-19-2010 19:22;487;0
10-19-2010 19:23;92;0
10-19-2010 19:24;178;0
10-19-2010 19:25;669;0
10-19-2010 19:26;72;0
10-19-2010 19:27;107;0
10-19-2010 19:28;14;0
10-19-2010 19:29;30;0
10-19-2010 19:30;30;0
10-19-2010 19:31;0;0
10-19-2010 19:32;30;0
10-19-2010 19:33;210;0
10-19-2010 19:34;86;0
10-19-2010 19:35;18;0
10-19-2010 19:36;178;0
10-19-2010 19:37;86;0
10-19-2010 19:38;9;0
10-19-2010 19:39;14;0
10-19-2010 19:40;141;0
10-19-2010 19:41;167;0
10-19-2010 19:42;34;0
10-19-2010 19:43;2;0
10-19-2010 19:44;2;0
10-19-2010 19:45;9;0
10-19-2010 19:46;6;0
10-19-2010 19:47;24;0
10-19-2010 19:48;69;0
10-19-2010 19:49;0;0
10-19-2010 19:50;0;0
10-19-2010 19:51;27;0
10-19-2010 19:52;0;0
10-19-2010 19:53;137;0
10-19-2010 19:54;809;0
10-19-2010 19:55;240;0
10-19-2010 19:56;141;0
10-19-2010 19:57;51;0
10-19-2010 19:58;402;0
10-19-2010 19:59;520;0
10-19-2010 20:00;66;0
10-19-2010 20:01;554;0
10-19-2010 20:02;809;0
10-19-2010 20:03;0;0
10-19-2010 20:04;0;0
10-19-2010 20:05;0;0
10-19-2010 20:06;0;0
10-19-2010 20:07;0;0
10-19-2010 20:08;0;0
10-19-2010 20:09;0;0
10-19-2010 20:10;2;0
10-19-2010 20:11;0;0
10-19-2010 20:12;0;0
10-19-2010 20:13;0;0
10-19-2010 20:14;472;0
10-19-2010 20:15;888;1
10-19-2010 20:16;736;0
10-19-2010 20:17;572;0
10-19-2010 20:18;669;0
10-19-2010 20:19;402;0
10-19-2010 20:20;917;1
10-19-2010 20:21;32;0
10-19-2010 20:22;184;0
10-19-2010 20:23;0;0
10-19-2010 20:24;429;0
10-19-2010 20:25;609;0
10-19-2010 20:26;0;0
10-19-2010 20:27;0;0
10-19-2010 20:28;0;0
10-19-2010 20:29;0;0
10-19-2010 20:30;0;0
10-19-2010 20:31;0;0
10-19-2010 20:32;0;0
10-19-2010 20:33;0;0
10-19-2010 20:34;0;0
10-19-2010 20:35;40;0
10-19-2010 20:36;0;0
10-19-2010 20:37;0;0
10-19-2010 20:38;0;0
10-19-2010 20:39;0;0
10-19-2010 20:40;0;0
10-19-2010 20:41;25;0
10-19-2010 20:42;0;0
10-19-2010 20:43;0;0
10-19-2010 20:44;0;0
10-19-2010 20:45;0;0
10-19-2010 20:46;0;0
10-19-2010 20:47;0;0
10-19-2010 20:48;0;0
10-19-2010 20:49;0;0
10-19-2010 20:50;0;0
10-19-2010 20:51;0;0
10-19-2010 20:52;0;0
10-19-2010 20:53;0;0
10-19-2010 20:54;0;0
10-19-2010 20:55;0;0
10-19-2010 20:56;0;0
10-19-2010 20:57;0;0
10-19-2010 20:58;0;0
10-19-2010 20:59;0;0
10-19-2010 21:00;0;0
10-19-2010 21:01;0;0
10-19-2010 21:02;0;0
10-19-2010 21:03;0;0
10-19-2010 21:04;0;0
10-19-2010 21:05;0;0
10-19-2010 21:06;0;0
10-19-2010 21:07;0;0
10-19-2010 21:08;0;0
10-19-2010 21:09;0;0
10-19-2010 21:10;0;0
10-19-2010 21:11;0;0
10-19-2010 21:12;0;0
10-19-2010 21:13;0;0
10-19-2010 21:14;0;0
10-19-2010 21:15;0;0
10-19-2010 21:16;0;0
10-19-2010 21:17;0;0
10-19-2010 21:18;0;0
10-19-2010 21:19;0;0
10-19-2010 21:20;0;0
10-19-2010 21:21;0;0
10-19-2010 21:22;0;0
10-19-2010 21:23;0;0
10-19-2010 21:24;0;0
10-19-2010 21:25;0;0
10-19-2010 21:26;0;0
10-19-2010 21:27;0;0
10-19-2010 21:28;0;0
10-19-2010 21:29;0;0
10-19-2010 21:30;265;0
10-19-2010 21:31;0;0
10-19-2010 21:32;0;0
10-19-2010 21:33;0;0
10-19-2010 21:34;0;0
10-19-2010 21:35;0;0
10-19-2010 21:36;0;0
10-19-2010 21:37;0;0
10-19-2010 21:38;0;0
10-19-2010 21:39;0;0
10-19-2010 21:40;0;0
10-19-2010 21:41;0;0
10-19-2010 21:42;0;0
10-19-2010 21:43;0;0
10-19-2010 21:44;0;0
10-19-2010 21:45;0;0
10-19-2010 21:46;0;0
10-19-2010 21:47;0;0
10-19-2010 21:48;0;0
10-19-2010 21:49;0;0
10-19-2010 21:50;0;0
10-19-2010 21:51;75;0
10-19-2010 21:52;0;0
10-19-2010 21:53;0;0
10-19-2010 21:54;0;0
10-19-2010 21:55;0;0
10-19-2010 21:56;0;0
10-19-2010 21:57;132;0
10-19-2010 21:58;0;0
10-19-2010 21:59;0;0
10-19-2010 22:00;0;0
10-19-2010 22:01;0;0
10-19-2010 22:02;0;0
10-19-2010 22:03;0;0
10-19-2010 22:04;115;0
10-19-2010 22:05;0;0
10-19-2010 22:06;5;0
10-19-2010 22:07;0;0
10-19-2010 22:08;0;0
10-19-2010 22:09;9;0
10-19-2010 22:10;0;0
10-19-2010 22:11;0;0
10-19-2010 22:12;0;0
10-19-2010 22:13;0;0
10-19-2010 22:14;5;0
10-19-2010 22:15;57;0
10-19-2010 22:16;0;0
10-19-2010 22:17;9;0
10-19-2010 22:18;0;0
10-19-2010 22:19;0;0
10-19-2010 22:20;0;0
10-19-2010 22:21;155;0
10-19-2010 22:22;0;0
10-19-2010 22:23;0;0
10-19-2010 22:24;0;0
10-19-2010 22:25;0;0
10-19-2010 22:26;32;0
10-19-2010 22:27;0;0
10-19-2010 22:28;0;0
10-19-2010 22:29;0;0
10-19-2010 22:30;0;0
10-19-2010 22:31;0;0
10-19-2010 22:32;0;0
10-19-2010 22:33;0;0
10-19-2010 22:34;0;0
10-19-2010 22:35;16;0
10-19-2010 22:36;0;0
10-19-2010 22:37;0;0
10-19-2010 22:38;0;0
10-19-2010 22:39;0;0
10-19-2010 22:40;0;0
10-19-2010 22:41;26;0
10-19-2010 22:42;0;0
10-19-2010 22:43;0;0
10-19-2010 22:44;53;0
10-19-2010 22:45;0;0
10-19-2010 22:46;0;0
10-19-2010 22:47;0;0
10-19-2010 22:48;0;0
10-19-2010 22:49;0;0
10-19-2010 22:50;0;0
10-19-2010 22:51;0;0
10-19-2010 22:52;0;0
10-19-2010 22:53;0;0
10-19-2010 22:54;0;0
10-19-2010 22:55;0;0
10-19-2010 22:56;0;0
10-19-2010 22:57;0;0
10-19-2010 22:58;0;0
10-19-2010 22:59;0;0
10-19-2010 23:00;0;0
10-19-2010 23:01;0;0
10-19-2010 23:02;0;0
10-19-2010 23:03;0;0
10-19-2010 23:04;0;0
10-19-2010 23:05;0;0
10-19-2010 23:06;0;0
10-19-2010 23:07;0;0
10-19-2010 23:08;0;0
10-19-2010 23:09;0;0
10-19-2010 23:10;0;0
10-19-2010 23:11;0;0
10-19-2010 23:12;0;0
10-19-2010 23:13;0;0
10-19-2010 23:14;0;0
10-19-2010 23:15;0;0
10-19-2010 23:16;0;0
10-19-2010 23:17;0;0
10-19-2010 23:18;0;0
10-19-2010 23:19;0;0
10-19-2010 23:20;0;0
10-19-2010 23:21;0;0
10-19-2010 23:22;0;0
10-19-2010 23:23;0;0
10-19-2010 23:24;0;0
10-19-2010 23:25;197;0
10-19-2010 23:26;22;0
10-19-2010 23:27;0;0
10-19-2010 23:28;69;0
10-19-2010 23:29;0;0
10-19-2010 23:30;0;0
10-19-2010 23:31;0;0
10-19-2010 23:32;0;0
10-19-2010 23:33;0;0
10-19-2010 23:34;0;0
10-19-2010 23:35;53;0
10-19-2010 23:36;0;0
10-19-2010 23:37;0;0
10-19-2010 23:38;0;0
10-19-2010 23:39;0;0
10-19-2010 23:40;0;0
10-19-2010 23:41;0;0
10-19-2010 23:42;0;0
10-19-2010 23:43;0;0
10-19-2010 23:44;0;0
10-19-2010 23:45;0;0
10-19-2010 23:46;0;0
10-19-2010 23:47;0;0
10-19-2010 23:48;0;0
10-19-2010 23:49;78;0
10-19-2010 23:50;0;0
10-19-2010 23:51;240;0
10-19-2010 23:52;0;0
10-19-2010 23:53;16;0
10-19-2010 23:54;0;0
10-19-2010 23:55;0;0
10-19-2010 23:56;0;0
10-19-2010 23:57;0;0
10-19-2010 23:58;0;0
10-19-2010 23:59;0;0
10-20-2010 00:00;2;0
10-20-2010 00:01;0;0
10-20-2010 00:02;92;0
10-20-2010 00:03;61;0
10-20-2010 00:04;0;0
10-20-2010 00:05;0;0
10-20-2010 00:06;0;0
10-20-2010 00:07;0;0
10-20-2010 00:08;0;0
10-20-2010 00:09;0;0
10-20-2010 00:10;0;0
10-20-2010 00:11;115;0
10-20-2010 00:12;0;0
10-20-2010 00:13;0;0
10-20-2010 00:14;23;0
10-20-2010 00:15;0;0
10-20-2010 00:16;0;0
10-20-2010 00:17;0;0
10-20-2010 00:18;0;0
10-20-2010 00:19;0;0
10-20-2010 00:20;0;0
10-20-2010 00:21;0;0
10-20-2010 00:22;0;0
10-20-2010 00:23;0;0
10-20-2010 00:24;0;0
10-20-2010 00:25;0;0
10-20-2010 00:26;0;0
10-20-2010 00:27;0;0
10-20-2010 00:28;0;0
10-20-2010 00:29;0;0
10-20-2010 00:30;0;0
10-20-2010 00:31;0;0
10-20-2010 00:32;0;0
10-20-2010 00:33;0;0
10-20-2010 00:34;0;0
10-20-2010 00:35;0;0
10-20-2010 00:36;0;0
10-20-2010 00:37;0;0
10-20-2010 00:38;0;0
10-20-2010 00:39;0;0
10-20-2010 00:40;0;0
10-20-2010 00:41;0;0
10-20-2010 00:42;0;0
10-20-2010 00:43;0;0
10-20-2010 00:44;0;0
10-20-2010 00:45;0;0
10-20-2010 00:46;0;0
10-20-2010 00:47;0;0
10-20-2010 00:48;0;0
10-20-2010 00:49;0;0
10-20-2010 00:50;0;0
10-20-2010 00:51;0;0
10-20-2010 00:52;0;0
10-20-2010 00:53;0;0
10-20-2010 00:54;429;0
10-20-2010 00:55;72;0
10-20-2010 00:56;191;0
10-20-2010 00:57;0;0
10-20-2010 00:58;0;0
10-20-2010 00:59;0;0
10-20-2010 01:00;127;0
10-20-2010 01:01;0;0
10-20-2010 01:02;0;0
10-20-2010 01:03;0;0
10-20-2010 01:04;0;0
10-20-2010 01:05;256;0
10-20-2010 01:06;0;0
10-20-2010 01:07;0;0
10-20-2010 01:08;0;0
10-20-2010 01:09;0;0
10-20-2010 01:10;0;0
10-20-2010 01:11;0;0
10-20-2010 01:12;0;0
10-20-2010 01:13;0;0
10-20-2010 01:14;0;0
10-20-2010 01:15;0;0
10-20-2010 01:16;0;0
10-20-2010 01:17;0;0
10-20-2010 01:18;0;0
10-20-2010 01:19;0;0
10-20-2010 01:20;0;0
10-20-2010 01:21;6;0
10-20-2010 01:22;0;0
10-20-2010 01:23;0;0
10-20-2010 01:24;0;0
10-20-2010 01:25;0;0
10-20-2010 01:26;0;0
10-20-2010 01:27;0;0
10-20-2010 01:28;0;0
10-20-2010 01:29;0;0
10-20-2010 01:30;0;0
10-20-2010 01:31;0;0
10-20-2010 01:32;0;0
10-20-2010 01:33;0;0
10-20-2010 01:34;0;0
10-20-2010 01:35;0;0
10-20-2010 01:36;0;0
10-20-2010 01:37;0;0
10-20-2010 01:38;0;0
10-20-2010 01:39;0;0
10-20-2010 01:40;0;0
10-20-2010 01:41;0;0
10-20-2010 01:42;0;0
10-20-2010 01:43;0;0
10-20-2010 01:44;0;0
10-20-2010 01:45;0;0
10-20-2010 01:46;0;0
10-20-2010 01:47;0;0
10-20-2010 01:48;0;0
10-20-2010 01:49;0;0
10-20-2010 01:50;0;0
10-20-2010 01:51;0;0
10-20-2010 01:52;14;0
10-20-2010 01:53;0;0
10-20-2010 01:54;0;0
10-20-2010 01:55;0;0
10-20-2010 01:56;0;0
10-20-2010 01:57;0;0
10-20-2010 01:58;0;0
10-20-2010 01:59;0;0
10-20-2010 02:00;0;0
10-20-2010 02:01;0;0
10-20-2010 02:02;0;0
10-20-2010 02:03;0;0
10-20-2010 02:04;0;0
10-20-2010 02:05;0;0
10-20-2010 02:06;0;0
10-20-2010 02:07;0;0
10-20-2010 02:08;0;0
10-20-2010 02:09;27;0
10-20-2010 02:10;26;0
10-20-2010 02:11;0;0
10-20-2010 02:12;0;0
10-20-2010 02:13;0;0
10-20-2010 02:14;0;0
10-20-2010 02:15;0;0
10-20-2010 02:16;0;0
10-20-2010 02:17;0;0
10-20-2010 02:18;0;0
10-20-2010 02:19;0;0
10-20-2010 02:20;0;0
10-20-2010 02:21;0;0
10-20-2010 02:22;0;0
10-20-2010 02:23;0;0
10-20-2010 02:24;0;0
10-20-2010 02:25;0;0
10-20-2010 02:26;0;0
10-20-2010 02:27;0;0
10-20-2010 02:28;0;0
10-20-2010 02:29;0;0
10-20-2010 02:30;0;0
10-20-2010 02:31;0;0
10-20-2010 02:32;0;0
10-20-2010 02:33;0;0
10-20-2010 02:34;0;0
10-20-2010 02:35;0;0
10-20-2010 02:36;0;0
10-20-2010 02:37;0;0
10-20-2010 02:38;0;0
10-20-2010 02:39;0;0
10-20-2010 02:40;0;0
10-20-2010 02:41;0;0
10-20-2010 02:42;0;0
10-20-2010 02:43;0;0
10-20-2010 02:44;0;0
10-20-2010 02:45;0;0
10-20-2010 02:46;75;0
10-20-2010 02:47;0;0
10-20-2010 02:48;365;0
10-20-2010 02:49;0;0
10-20-2010 02:50;0;0
10-20-2010 02:51;0;0
10-20-2010 02:52;0;0
10-20-2010 02:53;0;0
10-20-2010 02:54;0;0
10-20-2010 02:55;0;0
10-20-2010 02:56;173;0
10-20-2010 02:57;0;0
10-20-2010 02:58;69;0
10-20-2010 02:59;0;0
10-20-2010 03:00;0;0
10-20-2010 03:01;0;0
10-20-2010 03:02;0;0
10-20-2010 03:03;0;0
10-20-2010 03:04;0;0
10-20-2010 03:05;51;0
10-20-2010 03:06;402;0
10-20-2010 03:07;402;0
10-20-2010 03:08;64;0
10-20-2010 03:09;292;0
10-20-2010 03:10;415;0
10-20-2010 03:11;554;0
10-20-2010 03:12;311;0
10-20-2010 03:13;377;0
10-20-2010 03:14;590;0
10-20-2010 03:15;537;0
10-20-2010 03:16;503;0
10-20-2010 03:17;784;0
10-20-2010 03:18;554;0
10-20-2010 03:19;691;0
10-20-2010 03:20;861;1
10-20-2010 03:21;537;0
10-20-2010 03:22;537;0
10-20-2010 03:23;888;1
10-20-2010 03:24;503;0
10-20-2010 03:25;415;0
10-20-2010 03:26;402;0
10-20-2010 03:27;197;0
10-20-2010 03:28;225;0
10-20-2010 03:29;66;0
10-20-2010 03:30;100;0
10-20-2010 03:31;111;0
10-20-2010 03:32;64;0
10-20-2010 03:33;151;0
10-20-2010 03:34;232;0
10-20-2010 03:35;321;0
10-20-2010 03:36;137;0
10-20-2010 03:37;283;0
10-20-2010 03:38;487;0
10-20-2010 03:39;377;0
10-20-2010 03:40;342;0
10-20-2010 03:41;390;0
10-20-2010 03:42;809;0
10-20-2010 03:43;888;1
10-20-2010 03:44;354;0
10-20-2010 03:45;917;1
10-20-2010 03:46;649;0
10-20-2010 03:47;265;0
10-20-2010 03:48;457;0
10-20-2010 03:49;217;0
10-20-2010 03:50;629;0
10-20-2010 03:51;888;1
10-20-2010 03:52;1143;1
10-20-2010 03:53;917;1
10-20-2010 03:54;977;1
10-20-2010 03:55;834;0
10-20-2010 03:56;1107;1
10-20-2010 03:57;520;0
10-20-2010 03:58;429;0
10-20-2010 03:59;1040;1
10-20-2010 04:00;572;0
10-20-2010 04:01;503;0
10-20-2010 04:02;809;0
10-20-2010 04:03;572;0
10-20-2010 04:04;225;0
10-20-2010 04:05;377;0
10-20-2010 04:06;265;0
10-20-2010 04:07;365;0
10-20-2010 04:08;283;0
10-20-2010 04:09;332;0
10-20-2010 04:10;86;0
10-20-2010 04:11;197;0
10-20-2010 04:12;89;0
10-20-2010 04:13;89;0
10-20-2010 04:14;191;0
10-20-2010 04:15;197;0
10-20-2010 04:16;225;0
10-20-2010 04:17;354;0
10-20-2010 04:18;888;1
10-20-2010 04:19;609;0
10-20-2010 04:20;629;0
10-20-2010 04:21;204;0
10-20-2010 04:22;16;0
10-20-2010 04:23;86;0
10-20-2010 04:24;311;0
10-20-2010 04:25;472;0
10-20-2010 04:26;691;0
10-20-2010 04:27;390;0
10-20-2010 04:28;402;0
10-20-2010 04:29;390;0
10-20-2010 04:30;429;0
10-20-2010 04:31;472;0
10-20-2010 04:32;232;0
10-20-2010 04:33;72;0
10-20-2010 04:34;119;0
10-20-2010 04:35;167;0
10-20-2010 04:36;415;0
10-20-2010 04:37;443;0
10-20-2010 04:38;472;0
10-20-2010 04:39;415;0
10-20-2010 04:40;429;0
10-20-2010 04:41;321;0
10-20-2010 04:42;332;0
10-20-2010 04:43;273;0
10-20-2010 04:44;487;0
10-20-2010 04:45;402;0
10-20-2010 04:46;457;0
10-20-2010 04:47;321;0
10-20-2010 04:48;354;0
10-20-2010 04:49;520;0
10-20-2010 04:50;402;0
10-20-2010 04:51;365;0
10-20-2010 04:52;321;0
10-20-2010 04:53;292;0
10-20-2010 04:54;365;0
10-20-2010 04:55;354;0
10-20-2010 04:56;649;0
10-20-2010 04:57;503;0
10-20-2010 04:58;590;0
10-20-2010 04:59;457;0
10-20-2010 05:00;554;0
10-20-2010 05:01;402;0
10-20-2010 05:02;204;0
10-20-2010 05:03;96;0
10-20-2010 05:04;609;0
10-20-2010 05:05;917;1
10-20-2010 05:06;713;0
10-20-2010 05:07;365;0
10-20-2010 05:08;784;0
10-20-2010 05:09;390;0
10-20-2010 05:10;609;0
10-20-2010 05:11;669;0
10-20-2010 05:12;888;1
10-20-2010 05:13;1107;1
10-20-2010 05:14;809;0
10-20-2010 05:15;977;1
10-20-2010 05:16;669;0
10-20-2010 05:17;759;0
10-20-2010 05:18;609;0
10-20-2010 05:19;649;0
10-20-2010 05:20;377;0
10-20-2010 05:21;292;0
10-20-2010 05:22;415;0
10-20-2010 05:23;225;0
10-20-2010 05:24;609;0
10-20-2010 05:25;311;0
10-20-2010 05:26;457;0
10-20-2010 05:27;691;0
10-20-2010 05:28;402;0
10-20-2010 05:29;503;0
10-20-2010 05:30;390;0
10-20-2010 05:31;649;0
10-20-2010 05:32;155;0
10-20-2010 05:33;429;0
10-20-2010 05:34;487;0
10-20-2010 05:35;354;0
10-20-2010 05:36;210;0
10-20-2010 05:37;311;0
10-20-2010 05:38;197;0
10-20-2010 05:39;402;0
10-20-2010 05:40;946;1
10-20-2010 05:41;784;0
10-20-2010 05:42;1560;1
10-20-2010 05:43;736;0
10-20-2010 05:44;609;0
10-20-2010 05:45;321;0
10-20-2010 05:46;415;0
10-20-2010 05:47;137;0
10-20-2010 05:48;69;0
10-20-2010 05:49;132;0
10-20-2010 05:50;86;0
10-20-2010 05:51;34;0
10-20-2010 05:52;232;0
10-20-2010 05:53;111;0
10-20-2010 05:54;57;0
10-20-2010 05:55;161;0
10-20-2010 05:56;273;0
10-20-2010 05:57;96;0
10-20-2010 05:58;232;0
10-20-2010 05:59;834;0
10-20-2010 06:00;402;0
10-20-2010 06:01;210;0
10-20-2010 06:02;888;1
10-20-2010 06:03;888;1
10-20-2010 06:04;784;0
10-20-2010 06:05;107;0
10-20-2010 06:06;472;0
10-20-2010 06:07;137;0
10-20-2010 06:08;146;0
10-20-2010 06:09;46;0
10-20-2010 06:10;55;0
10-20-2010 06:11;240;0
10-20-2010 06:12;292;0
10-20-2010 06:13;311;0
10-20-2010 06:14;377;0
10-20-2010 06:15;888;1
10-20-2010 06:16;377;0
10-20-2010 06:17;332;0
10-20-2010 06:18;390;0
10-20-2010 06:19;402;0
10-20-2010 06:20;503;0
10-20-2010 06:21;292;0
10-20-2010 06:22;649;0
10-20-2010 06:23;736;0
10-20-2010 06:24;572;0
10-20-2010 06:25;429;0
10-20-2010 06:26;256;0
10-20-2010 06:27;487;0
10-20-2010 06:28;1378;1
10-20-2010 06:29;487;0
10-20-2010 06:30;332;0
10-20-2010 06:31;111;0
10-20-2010 06:32;457;0
10-20-2010 06:33;669;0
10-20-2010 06:34;415;0
10-20-2010 06:35;191;0
10-20-2010 06:36;321;0
10-20-2010 06:37;184;0
10-20-2010 06:38;178;0
10-20-2010 06:39;151;0
10-20-2010 06:40;127;0
10-20-2010 06:41;292;0
10-20-2010 06:42;472;0
10-20-2010 06:43;256;0
10-20-2010 06:44;332;0
10-20-2010 06:45;472;0
10-20-2010 06:46;520;0
10-20-2010 06:47;443;0
10-20-2010 06:48;669;0
10-20-2010 06:49;487;0
10-20-2010 06:50;283;0
10-20-2010 06:51;861;1
10-20-2010 06:52;503;0
10-20-2010 06:53;554;0
10-20-2010 06:54;390;0
10-20-2010 06:55;354;0
10-20-2010 06:56;402;0
10-20-2010 06:57;55;0
10-20-2010 06:58;127;0
10-20-2010 06:59;132;0
10-20-2010 07:00;457;0
10-20-2010 07:01;311;0
10-20-2010 07:02;503;0
10-20-2010 07:03;321;0
10-20-2010 07:04;691;0
10-20-2010 07:05;167;0
10-20-2010 07:06;354;0
10-20-2010 07:07;119;0
10-20-2010 07:08;141;0
10-20-2010 07:09;472;0
10-20-2010 07:10;691;0
10-20-2010 07:11;365;0
10-20-2010 07:12;265;0
10-20-2010 07:13;415;0
10-20-2010 07:14;103;0
10-20-2010 07:15;137;0
10-20-2010 07:16;132;0
10-20-2010 07:17;86;0
10-20-2010 07:18;132;0
10-20-2010 07:19;649;0
10-20-2010 07:20;415;0
10-20-2010 07:21;265;0
10-20-2010 07:22;232;0
10-20-2010 07:23;457;0
10-20-2010 07:24;273;0
10-20-2010 07:25;691;0
10-20-2010 07:26;946;1
10-20-2010 07:27;649;0
10-20-2010 07:28;713;0
10-20-2010 07:29;503;0
10-20-2010 07:30;809;0
10-20-2010 07:31;472;0
10-20-2010 07:32;122;0
10-20-2010 07:33;111;0
10-20-2010 07:34;210;0
10-20-2010 07:35;572;0
10-20-2010 07:36;809;0
10-20-2010 07:37;759;0
10-20-2010 07:38;691;0
10-20-2010 07:39;503;0
10-20-2010 07:40;590;0
10-20-2010 07:41;377;0
10-20-2010 07:42;415;0
10-20-2010 07:43;119;0
10-20-2010 07:44;141;0
10-20-2010 07:45;59;0
10-20-2010 07:46;332;0
10-20-2010 07:47;256;0
10-20-2010 07:48;888;1
10-20-2010 07:49;342;0
10-20-2010 07:50;354;0
10-20-2010 07:51;736;0
10-20-2010 07:52;487;0
10-20-2010 07:53;1008;1
10-20-2010 07:54;572;0
10-20-2010 07:55;402;0
10-20-2010 07:56;103;0
10-20-2010 07:57;537;0
10-20-2010 07:58;24;0
10-20-2010 07:59;5;0
10-20-2010 08:00;8;0
10-20-2010 08:01;86;0
10-20-2010 08:02;609;0
10-20-2010 08:03;649;0
10-20-2010 08:04;390;0
10-20-2010 08:05;210;0
10-20-2010 08:06;167;0
10-20-2010 08:07;415;0
10-20-2010 08:08;240;0
10-20-2010 08:09;472;0
10-20-2010 08:10;40;0
10-20-2010 08:11;100;0
10-20-2010 08:12;247;0
10-20-2010 08:13;232;0
10-20-2010 08:14;283;0
10-20-2010 08:15;302;0
10-20-2010 08:16;197;0
10-20-2010 08:17;210;0
10-20-2010 08:18;503;0
10-20-2010 08:19;520;0
10-20-2010 08:20;217;0
10-20-2010 08:21;83;0
10-20-2010 08:22;365;0
10-20-2010 08:23;83;0
10-20-2010 08:24;265;0
10-20-2010 08:25;311;0
10-20-2010 08:26;537;0
10-20-2010 08:27;917;1
10-20-2010 08:28;472;0
10-20-2010 08:29;609;0
10-20-2010 08:30;590;0
10-20-2010 08:31;472;0
10-20-2010 08:32;443;0
10-20-2010 08:33;946;1
10-20-2010 08:34;1143;1
10-20-2010 08:35;1143;1
10-20-2010 08:36;713;0
10-20-2010 08:37;429;0
10-20-2010 08:38;151;0
10-20-2010 08:39;302;0
10-20-2010 08:40;834;0
10-20-2010 08:41;365;0
10-20-2010 08:42;146;0
10-20-2010 08:43;321;0
10-20-2010 08:44;503;0
10-20-2010 08:45;537;0
10-20-2010 08:46;713;0
10-20-2010 08:47;503;0
10-20-2010 08:48;20;0
10-20-2010 08:49;44;0
10-20-2010 08:50;32;0
10-20-2010 08:51;44;0
10-20-2010 08:52;572;0
10-20-2010 08:53;609;0
10-20-2010 08:54;503;0
10-20-2010 08:55;457;0
10-20-2010 08:56;402;0
10-20-2010 08:57;256;0
10-20-2010 08:58;377;0
10-20-2010 08:59;321;0
10-20-2010 09:00;429;0
10-20-2010 09:01;265;0
10-20-2010 09:02;103;0
10-20-2010 09:03;292;0
10-20-2010 09:04;30;0
10-20-2010 09:05;161;0
10-20-2010 09:06;132;0
10-20-2010 09:07;265;0
10-20-2010 09:08;64;0
10-20-2010 09:09;217;0
10-20-2010 09:10;122;0
10-20-2010 09:11;127;0
10-20-2010 09:12;197;0
10-20-2010 09:13;390;0
10-20-2010 09:14;184;0
10-20-2010 09:15;283;0
10-20-2010 09:16;265;0
10-20-2010 09:17;197;0
10-20-2010 09:18;184;0
10-20-2010 09:19;191;0
10-20-2010 09:20;273;0
10-20-2010 09:21;2;0
10-20-2010 09:22;273;0
10-20-2010 09:23;402;0
10-20-2010 09:24;151;0
10-20-2010 09:25;759;0
10-20-2010 09:26;759;0
10-20-2010 09:27;649;0
10-20-2010 09:28;590;0
10-20-2010 09:29;155;0
10-20-2010 09:30;86;0
10-20-2010 09:31;354;0
10-20-2010 09:32;365;0
10-20-2010 09:33;146;0
10-20-2010 09:34;649;0
10-20-2010 09:35;457;0
10-20-2010 09:36;247;0
10-20-2010 09:37;155;0
10-20-2010 09:38;161;0
10-20-2010 09:39;247;0
10-20-2010 09:40;443;0
10-20-2010 09:41;736;0
10-20-2010 09:42;759;0
10-20-2010 09:43;669;0
10-20-2010 09:44;311;0
10-20-2010 09:45;332;0
10-20-2010 09:46;265;0
10-20-2010 09:47;247;0
10-20-2010 09:48;96;0
10-20-2010 09:49;24;0
10-20-2010 09:50;217;0
10-20-2010 09:51;365;0
10-20-2010 09:52;402;0
10-20-2010 09:53;302;0
10-20-2010 09:54;609;0
10-20-2010 09:55;365;0
10-20-2010 09:56;390;0
10-20-2010 09:57;861;1
10-20-2010 09:58;861;1
10-20-2010 09:59;122;0
10-20-2010 10:00;72;0
10-20-2010 10:01;225;0
10-20-2010 10:02;273;0
10-20-2010 10:03;64;0
10-20-2010 10:04;415;0
10-20-2010 10:05;649;0
10-20-2010 10:06;834;0
10-20-2010 10:07;146;0
10-20-2010 10:08;232;0
10-20-2010 10:09;265;0
10-20-2010 10:10;100;0
10-20-2010 10:11;9;0
10-20-2010 10:12;127;0
10-20-2010 10:13;155;0
10-20-2010 10:14;572;0
10-20-2010 10:15;146;0
10-20-2010 10:16;247;0
10-20-2010 10:17;64;0
10-20-2010 10:18;132;0
10-20-2010 10:19;256;0
10-20-2010 10:20;141;0
10-20-2010 10:21;96;0
10-20-2010 10:22;197;0
10-20-2010 10:23;36;0
10-20-2010 10:24;457;0
10-20-2010 10:25;311;0
10-20-2010 10:26;332;0
10-20-2010 10:27;669;0
10-20-2010 10:28;443;0
10-20-2010 10:29;402;0
10-20-2010 10:30;834;0
10-20-2010 10:31;977;1
10-20-2010 10:32;917;1
10-20-2010 10:33;1421;1
10-20-2010 10:34;1040;1
10-20-2010 10:35;809;0
10-20-2010 10:36;292;0
10-20-2010 10:37;197;0
10-20-2010 10:38;247;0
10-20-2010 10:39;184;0
10-20-2010 10:40;415;0
10-20-2010 10:41;472;0
10-20-2010 10:42;457;0
10-20-2010 10:43;888;1
10-20-2010 10:44;917;1
10-20-2010 10:45;167;0
10-20-2010 10:46;210;0
10-20-2010 10:47;292;0
10-20-2010 10:48;365;0
10-20-2010 10:49;232;0
10-20-2010 10:50;146;0
10-20-2010 10:51;72;0
10-20-2010 10:52;146;0
10-20-2010 10:53;122;0
10-20-2010 10:54;103;0
10-20-2010 10:55;161;0
10-20-2010 10:56;191;0
10-20-2010 10:57;53;0
10-20-2010 10:58;24;0
10-20-2010 10:59;115;0
10-20-2010 11:00;24;0
10-20-2010 11:01;100;0
10-20-2010 11:02;100;0
10-20-2010 11:03;184;0
10-20-2010 11:04;127;0
10-20-2010 11:05;122;0
10-20-2010 11:06;161;0
10-20-2010 11:07;429;0
10-20-2010 11:08;191;0
10-20-2010 11:09;537;0
10-20-2010 11:10;197;0
10-20-2010 11:11;57;0
10-20-2010 11:12;178;0
10-20-2010 11:13;81;0
10-20-2010 11:14;146;0
10-20-2010 11:15;15;0
10-20-2010 11:16;122;0
10-20-2010 11:17;302;0
10-20-2010 11:18;590;0
10-20-2010 11:19;443;0
10-20-2010 11:20;283;0
10-20-2010 11:21;197;0
10-20-2010 11:22;167;0
10-20-2010 11:23;191;0
10-20-2010 11:24;443;0
10-20-2010 11:25;256;0
10-20-2010 11:26;178;0
10-20-2010 11:27;402;0
10-20-2010 11:28;92;0
10-20-2010 11:29;390;0
10-20-2010 11:30;669;0
10-20-2010 11:31;311;0
10-20-2010 11:32;167;0
10-20-2010 11:33;86;0
10-20-2010 11:34;191;0
10-20-2010 11:35;197;0
10-20-2010 11:36;265;0
10-20-2010 11:37;256;0
10-20-2010 11:38;204;0
10-20-2010 11:39;9;0
10-20-2010 11:40;146;0
10-20-2010 11:41;649;0
10-20-2010 11:42;609;0
10-20-2010 11:43;342;0
10-20-2010 11:44;247;0
10-20-2010 11:45;161;0
10-20-2010 11:46;69;0
10-20-2010 11:47;151;0
10-20-2010 11:48;89;0
10-20-2010 11:49;191;0
10-20-2010 11:50;132;0
10-20-2010 11:51;217;0
10-20-2010 11:52;132;0
10-20-2010 11:53;81;0
10-20-2010 11:54;204;0
10-20-2010 11:55;151;0
10-20-2010 11:56;127;0
10-20-2010 11:57;13;0
10-20-2010 11:58;83;0
10-20-2010 11:59;311;0
10-20-2010 12:00;151;0
10-20-2010 12:01;210;0
10-20-2010 12:02;66;0
10-20-2010 12:03;191;0
10-20-2010 12:04;217;0
10-20-2010 12:05;225;0
10-20-2010 12:06;132;0
10-20-2010 12:07;210;0
10-20-2010 12:08;321;0
10-20-2010 12:09;292;0
10-20-2010 12:10;96;0
10-20-2010 12:11;173;0
10-20-2010 12:12;191;0
10-20-2010 12:13;127;0
10-20-2010 12:14;61;0
10-20-2010 12:15;115;0
10-20-2010 12:16;51;0
10-20-2010 12:17;429;0
10-20-2010 12:18;590;0
10-20-2010 12:19;377;0
10-20-2010 12:20;38;0
10-20-2010 12:21;377;0
10-20-2010 12:22;1008;1
10-20-2010 12:23;321;0
10-20-2010 12:24;402;0
10-20-2010 12:25;537;0
10-20-2010 12:26;554;0
10-20-2010 12:27;107;0
10-20-2010 12:28;127;0
10-20-2010 12:29;173;0
10-20-2010 12:30;96;0
10-20-2010 12:31;122;0
10-20-2010 12:32;119;0
10-20-2010 12:33;10;0
10-20-2010 12:34;92;0
10-20-2010 12:35;141;0
10-20-2010 12:36;155;0
10-20-2010 12:37;83;0
10-20-2010 12:38;232;0
10-20-2010 12:39;649;0
10-20-2010 12:40;457;0
10-20-2010 12:41;256;0
10-20-2010 12:42;69;0
10-20-2010 12:43;137;0
10-20-2010 12:44;342;0
10-20-2010 12:45;332;0
10-20-2010 12:46;265;0
10-20-2010 12:47;66;0
10-20-2010 12:48;132;0
10-20-2010 12:49;34;0
10-20-2010 12:50;103;0
10-20-2010 12:51;204;0
10-20-2010 12:52;103;0
10-20-2010 12:53;66;0
10-20-2010 12:54;161;0
10-20-2010 12:55;115;0
10-20-2010 12:56;217;0
10-20-2010 12:57;155;0
10-20-2010 12:58;302;0
10-20-2010 12:59;146;0
10-20-2010 13:00;217;0
10-20-2010 13:01;240;0
10-20-2010 13:02;21;0
10-20-2010 13:03;247;0
10-20-2010 13:04;38;0
10-20-2010 13:05;256;0
10-20-2010 13:06;30;0
10-20-2010 13:07;292;0
10-20-2010 13:08;210;0
10-20-2010 13:09;210;0
10-20-2010 13:10;197;0
10-20-2010 13:11;247;0
10-20-2010 13:12;96;0
10-20-2010 13:13;83;0
10-20-2010 13:14;81;0
10-20-2010 13:15;137;0
10-20-2010 13:16;247;0
10-20-2010 13:17;146;0
10-20-2010 13:18;173;0
10-20-2010 13:19;132;0
10-20-2010 13:20;390;0
10-20-2010 13:21;81;0
10-20-2010 13:22;590;0
10-20-2010 13:23;283;0
10-20-2010 13:24;332;0
10-20-2010 13:25;809;0
10-20-2010 13:26;736;0
10-20-2010 13:27;759;0
10-20-2010 13:28;443;0
10-20-2010 13:29;265;0
10-20-2010 13:30;1008;1
10-20-2010 13:31;204;0
10-20-2010 13:32;81;0
10-20-2010 13:33;83;0
10-20-2010 13:34;332;0
10-20-2010 13:35;247;0
10-20-2010 13:36;64;0
10-20-2010 13:37;119;0
10-20-2010 13:38;20;0
10-20-2010 13:39;46;0
10-20-2010 13:40;210;0
10-20-2010 13:41;55;0
10-20-2010 13:42;390;0
10-20-2010 13:43;184;0
10-20-2010 13:44;161;0
10-20-2010 13:45;132;0
10-20-2010 13:46;321;0
10-20-2010 13:47;178;0
10-20-2010 13:48;311;0
10-20-2010 13:49;590;0
10-20-2010 13:50;292;0
10-20-2010 13:51;265;0
10-20-2010 13:52;520;0
10-20-2010 13:53;609;0
10-20-2010 13:54;256;0
10-20-2010 13:55;115;0
10-20-2010 13:56;184;0
10-20-2010 13:57;100;0
10-20-2010 13:58;96;0
10-20-2010 13:59;100;0
10-20-2010 14:00;49;0
10-20-2010 14:01;100;0
10-20-2010 14:02;429;0
10-20-2010 14:03;127;0
10-20-2010 14:04;115;0
10-20-2010 14:05;247;0
10-20-2010 14:06;55;0
10-20-2010 14:07;81;0
10-20-2010 14:08;321;0
10-20-2010 14:09;51;0
10-20-2010 14:10;111;0
10-20-2010 14:11;89;0
10-20-2010 14:12;137;0
10-20-2010 14:13;86;0
10-20-2010 14:14;69;0
10-20-2010 14:15;47;0
10-20-2010 14:16;173;0
10-20-2010 14:17;38;0
10-20-2010 14:18;103;0
10-20-2010 14:19;609;0
10-20-2010 14:20;167;0
10-20-2010 14:21;111;0
10-20-2010 14:22;61;0
10-20-2010 14:23;81;0
10-20-2010 14:24;103;0
10-20-2010 14:25;167;0
10-20-2010 14:26;302;0
10-20-2010 14:27;1073;1
10-20-2010 14:28;834;0
10-20-2010 14:29;759;0
10-20-2010 14:30;472;0
10-20-2010 14:31;503;0
10-20-2010 14:32;629;0
10-20-2010 14:33;354;0
10-20-2010 14:34;141;0
10-20-2010 14:35;141;0
10-20-2010 14:36;178;0
10-20-2010 14:37;225;0
10-20-2010 14:38;107;0
10-20-2010 14:39;151;0
10-20-2010 14:40;81;0
10-20-2010 14:41;40;0
10-20-2010 14:42;111;0
10-20-2010 14:43;204;0
10-20-2010 14:44;167;0
10-20-2010 14:45;232;0
10-20-2010 14:46;390;0
10-20-2010 14:47;151;0
10-20-2010 14:48;178;0
10-20-2010 14:49;204;0
10-20-2010 14:50;390;0
10-20-2010 14:51;155;0
10-20-2010 14:52;141;0
10-20-2010 14:53;81;0
10-20-2010 14:54;26;0
10-20-2010 14:55;191;0
10-20-2010 14:56;210;0
10-20-2010 14:57;354;0
10-20-2010 14:58;78;0
10-20-2010 14:59;146;0
10-20-2010 15:00;137;0
10-20-2010 15:01;55;0
10-20-2010 15:02;232;0
10-20-2010 15:03;26;0
10-20-2010 15:04;173;0
10-20-2010 15:05;122;0
10-20-2010 15:06;137;0
10-20-2010 15:07;377;0
10-20-2010 15:08;232;0
10-20-2010 15:09;784;0
10-20-2010 15:10;590;0
10-20-2010 15:11;429;0
10-20-2010 15:12;609;0
10-20-2010 15:13;487;0
10-20-2010 15:14;311;0
10-20-2010 15:15;311;0
10-20-2010 15:16;946;1
10-20-2010 15:17;1179;1
10-20-2010 15:18;1216;1
10-20-2010 15:19;572;0
10-20-2010 15:20;472;0
10-20-2010 15:21;302;0
10-20-2010 15:22;736;0
10-20-2010 15:23;390;0
10-20-2010 15:24;537;0
10-20-2010 15:25;917;1
10-20-2010 15:26;917;1
10-20-2010 15:27;1216;1
10-20-2010 15:28;946;1
10-20-2010 15:29;1073;1
10-20-2010 15:30;1143;1
10-20-2010 15:31;1008;1
10-20-2010 15:32;1335;1
10-20-2010 15:33;2062;1
10-20-2010 15:34;1040;1
10-20-2010 15:35;736;0
10-20-2010 15:36;1040;1
10-20-2010 15:37;1040;1
10-20-2010 15:38;946;1
10-20-2010 15:39;1040;1
10-20-2010 15:40;669;0
10-20-2010 15:41;784;0
10-20-2010 15:42;691;0
10-20-2010 15:43;649;0
10-20-2010 15:44;537;0
10-20-2010 15:45;554;0
10-20-2010 15:46;503;0
10-20-2010 15:47;554;0
10-20-2010 15:48;503;0
10-20-2010 15:49;649;0
10-20-2010 15:50;917;1
10-20-2010 15:51;861;1
10-20-2010 15:52;487;0
10-20-2010 15:53;402;0
10-20-2010 15:54;472;0
10-20-2010 15:55;225;0
10-20-2010 15:56;390;0
10-20-2010 15:57;503;0
10-20-2010 15:58;572;0
10-20-2010 15:59;443;0
10-20-2010 16:00;784;0
10-20-2010 16:01;572;0
10-20-2010 16:02;64;0
10-20-2010 16:03;0;0
10-20-2010 16:04;47;0
10-20-2010 16:05;14;0
10-20-2010 16:06;23;0
10-20-2010 16:07;0;0
10-20-2010 16:08;14;0
10-20-2010 16:09;0;0
10-20-2010 16:10;2;0
10-20-2010 16:11;19;0
10-20-2010 16:12;25;0
10-20-2010 16:13;36;0
10-20-2010 16:14;0;0
10-20-2010 16:15;302;0
10-20-2010 16:16;283;0
10-20-2010 16:17;217;0
10-20-2010 16:18;283;0
10-20-2010 16:19;38;0
10-20-2010 16:20;44;0
10-20-2010 16:21;96;0
10-20-2010 16:22;38;0
10-20-2010 16:23;72;0
10-20-2010 16:24;69;0
10-20-2010 16:25;44;0
10-20-2010 16:26;38;0
10-20-2010 16:27;178;0
10-20-2010 16:28;36;0
10-20-2010 16:29;0;0
10-20-2010 16:30;0;0
10-20-2010 16:31;119;0
10-20-2010 16:32;0;0
10-20-2010 16:33;61;0
10-20-2010 16:34;30;0
10-20-2010 16:35;0;0
10-20-2010 16:36;57;0
10-20-2010 16:37;0;0
10-20-2010 16:38;11;0
10-20-2010 16:39;18;0
10-20-2010 16:40;2;0
10-20-2010 16:41;2;0
10-20-2010 16:42;10;0
10-20-2010 16:43;107;0
10-20-2010 16:44;26;0
10-20-2010 16:45;141;0
10-20-2010 16:46;0;0
10-20-2010 16:47;0;0
10-20-2010 16:48;0;0
10-20-2010 16:49;0;0
10-20-2010 16:50;0;0
10-20-2010 16:51;0;0
10-20-2010 16:52;0;0
10-20-2010 16:53;0;0
10-20-2010 16:54;0;0
10-20-2010 16:55;0;0
10-20-2010 16:56;0;0
10-20-2010 16:57;0;0
10-20-2010 16:58;0;0
10-20-2010 16:59;0;0
10-20-2010 17:00;0;0
10-20-2010 17:01;0;0
10-20-2010 17:02;554;0
10-20-2010 17:03;342;0
10-20-2010 17:04;537;0
10-20-2010 17:05;232;0
10-20-2010 17:06;390;0
10-20-2010 17:07;256;0
10-20-2010 17:08;92;0
10-20-2010 17:09;173;0
10-20-2010 17:10;377;0
10-20-2010 17:11;784;0
10-20-2010 17:12;888;1
10-20-2010 17:13;669;0
10-20-2010 17:14;520;0
10-20-2010 17:15;429;0
10-20-2010 17:16;311;0
10-20-2010 17:17;103;0
10-20-2010 17:18;167;0
10-20-2010 17:19;57;0
10-20-2010 17:20;103;0
10-20-2010 17:21;119;0
10-20-2010 17:22;365;0
10-20-2010 17:23;429;0
10-20-2010 17:24;321;0
10-20-2010 17:25;137;0
10-20-2010 17:26;173;0
10-20-2010 17:27;127;0
10-20-2010 17:28;146;0
10-20-2010 17:29;75;0
10-20-2010 17:30;415;0
10-20-2010 17:31;365;0
10-20-2010 17:32;457;0
10-20-2010 17:33;415;0
10-20-2010 17:34;888;1
10-20-2010 17:35;443;0
10-20-2010 17:36;888;1
10-20-2010 17:37;1008;1
10-20-2010 17:38;1107;1
10-20-2010 17:39;520;0
10-20-2010 17:40;342;0
10-20-2010 17:41;503;0
10-20-2010 17:42;487;0
10-20-2010 17:43;713;0
10-20-2010 17:44;429;0
10-20-2010 17:45;457;0
10-20-2010 17:46;917;1
10-20-2010 17:47;572;0
10-20-2010 17:48;977;1
10-20-2010 17:49;415;0
10-20-2010 17:50;1040;1
10-20-2010 17:51;713;0
10-20-2010 17:52;691;0
10-20-2010 17:53;861;1
10-20-2010 17:54;402;0
10-20-2010 17:55;669;0
10-20-2010 17:56;151;0
10-20-2010 17:57;127;0
10-20-2010 17:58;127;0
10-20-2010 17:59;0;0
10-20-2010 18:00;111;0
10-20-2010 18:01;256;0
10-20-2010 18:02;107;0
10-20-2010 18:03;178;0
10-20-2010 18:04;292;0
10-20-2010 18:05;89;0
10-20-2010 18:06;100;0
10-20-2010 18:07;119;0
10-20-2010 18:08;429;0
10-20-2010 18:09;457;0
10-20-2010 18:10;669;0
10-20-2010 18:11;736;0
10-20-2010 18:12;184;0
10-20-2010 18:13;402;0
10-20-2010 18:14;415;0
10-20-2010 18:15;332;0
10-20-2010 18:16;103;0
10-20-2010 18:17;75;0
10-20-2010 18:18;151;0
10-20-2010 18:19;92;0
10-20-2010 18:20;92;0
10-20-2010 18:21;155;0
10-20-2010 18:22;736;0
10-20-2010 18:23;888;1
10-20-2010 18:24;402;0
10-20-2010 18:25;487;0
10-20-2010 18:26;146;0
10-20-2010 18:27;402;0
10-20-2010 18:28;554;0
10-20-2010 18:29;572;0
10-20-2010 18:30;191;0
10-20-2010 18:31;415;0
10-20-2010 18:32;1073;1
10-20-2010 18:33;225;0
10-20-2010 18:34;167;0
10-20-2010 18:35;64;0
10-20-2010 18:36;122;0
10-20-2010 18:37;64;0
10-20-2010 18:38;32;0
10-20-2010 18:39;55;0
10-20-2010 18:40;61;0
10-20-2010 18:41;204;0
10-20-2010 18:42;759;0
10-20-2010 18:43;0;0
10-20-2010 18:44;0;0
10-20-2010 18:45;415;0
10-20-2010 18:46;429;0
10-20-2010 18:47;736;0
10-20-2010 18:48;590;0
10-20-2010 18:49;809;0
10-20-2010 18:50;917;1
10-20-2010 18:51;736;0
10-20-2010 18:52;590;0
10-20-2010 18:53;503;0
10-20-2010 18:54;283;0
10-20-2010 18:55;127;0
10-20-2010 18:56;78;0
10-20-2010 18:57;30;0
10-20-2010 18:58;210;0
10-20-2010 18:59;487;0
10-20-2010 19:00;402;0
10-20-2010 19:01;572;0
10-20-2010 19:02;457;0
10-20-2010 19:03;713;0
10-20-2010 19:04;415;0
10-20-2010 19:05;503;0
10-20-2010 19:06;390;0
10-20-2010 19:07;204;0
10-20-2010 19:08;283;0
10-20-2010 19:09;390;0
10-20-2010 19:10;402;0
10-20-2010 19:11;365;0
10-20-2010 19:12;342;0
10-20-2010 19:13;354;0
10-20-2010 19:14;354;0
10-20-2010 19:15;669;0
10-20-2010 19:16;669;0
10-20-2010 19:17;377;0
10-20-2010 19:18;402;0
10-20-2010 19:19;173;0
10-20-2010 19:20;173;0
10-20-2010 19:21;649;0
10-20-2010 19:22;590;0
10-20-2010 19:23;784;0
10-20-2010 19:24;609;0
10-20-2010 19:25;834;0
10-20-2010 19:26;669;0
10-20-2010 19:27;487;0
10-20-2010 19:28;377;0
10-20-2010 19:29;390;0
10-20-2010 19:30;834;0
10-20-2010 19:31;354;0
10-20-2010 19:32;232;0
10-20-2010 19:33;537;0
10-20-2010 19:34;537;0
10-20-2010 19:35;292;0
10-20-2010 19:36;232;0
10-20-2010 19:37;14;0
10-20-2010 19:38;0;0
10-20-2010 19:39;9;0
10-20-2010 19:40;9;0
10-20-2010 19:41;184;0
10-20-2010 19:42;0;0
10-20-2010 19:43;0;0
10-20-2010 19:44;0;0
10-20-2010 19:45;0;0
10-20-2010 19:46;0;0
10-20-2010 19:47;2;0
10-20-2010 19:48;0;0
10-20-2010 19:49;0;0
10-20-2010 19:50;0;0
10-20-2010 19:51;0;0
10-20-2010 19:52;0;0
10-20-2010 19:53;0;0
10-20-2010 19:54;0;0
10-20-2010 19:55;0;0
10-20-2010 19:56;0;0
10-20-2010 19:57;0;0
10-20-2010 19:58;0;0
10-20-2010 19:59;0;0
10-20-2010 20:00;0;0
10-20-2010 20:01;0;0
10-20-2010 20:02;0;0
10-20-2010 20:03;0;0
10-20-2010 20:04;2;0
10-20-2010 20:05;0;0
10-20-2010 20:06;0;0
10-20-2010 20:07;0;0
10-20-2010 20:08;0;0
10-20-2010 20:09;0;0
10-20-2010 20:10;0;0
10-20-2010 20:11;0;0
10-20-2010 20:12;0;0
10-20-2010 20:13;0;0
10-20-2010 20:14;0;0
10-20-2010 20:15;0;0
10-20-2010 20:16;0;0
10-20-2010 20:17;0;0
10-20-2010 20:18;0;0
10-20-2010 20:19;0;0
10-20-2010 20:20;0;0
10-20-2010 20:21;0;0
10-20-2010 20:22;0;0
10-20-2010 20:23;0;0
10-20-2010 20:24;0;0
10-20-2010 20:25;0;0
10-20-2010 20:26;0;0
10-20-2010 20:27;21;0
10-20-2010 20:28;0;0
10-20-2010 20:29;0;0
10-20-2010 20:30;0;0
10-20-2010 20:31;0;0
10-20-2010 20:32;0;0
10-20-2010 20:33;0;0
10-20-2010 20:34;0;0
10-20-2010 20:35;0;0
10-20-2010 20:36;0;0
10-20-2010 20:37;0;0
10-20-2010 20:38;0;0
10-20-2010 20:39;0;0
10-20-2010 20:40;0;0
10-20-2010 20:41;0;0
10-20-2010 20:42;0;0
10-20-2010 20:43;0;0
10-20-2010 20:44;122;0
10-20-2010 20:45;0;0
10-20-2010 20:46;0;0
10-20-2010 20:47;0;0
10-20-2010 20:48;0;0
10-20-2010 20:49;0;0
10-20-2010 20:50;0;0
10-20-2010 20:51;0;0
10-20-2010 20:52;0;0
10-20-2010 20:53;0;0
10-20-2010 20:54;0;0
10-20-2010 20:55;0;0
10-20-2010 20:56;0;0
10-20-2010 20:57;0;0
10-20-2010 20:58;0;0
10-20-2010 20:59;0;0
10-20-2010 21:00;0;0
10-20-2010 21:01;0;0
10-20-2010 21:02;0;0
10-20-2010 21:03;0;0
10-20-2010 21:04;81;0
10-20-2010 21:05;0;0
10-20-2010 21:06;332;0
10-20-2010 21:07;38;0
10-20-2010 21:08;9;0
10-20-2010 21:09;0;0
10-20-2010 21:10;0;0
10-20-2010 21:11;0;0
10-20-2010 21:12;0;0
10-20-2010 21:13;0;0
10-20-2010 21:14;32;0
10-20-2010 21:15;14;0
10-20-2010 21:16;0;0
10-20-2010 21:17;0;0
10-20-2010 21:18;0;0
10-20-2010 21:19;0;0
10-20-2010 21:20;0;0
10-20-2010 21:21;0;0
10-20-2010 21:22;0;0
10-20-2010 21:23;0;0
10-20-2010 21:24;0;0
10-20-2010 21:25;0;0
10-20-2010 21:26;0;0
10-20-2010 21:27;0;0
10-20-2010 21:28;0;0
10-20-2010 21:29;0;0
10-20-2010 21:30;0;0
10-20-2010 21:31;0;0
10-20-2010 21:32;0;0
10-20-2010 21:33;0;0
10-20-2010 21:34;0;0
10-20-2010 21:35;0;0
10-20-2010 21:36;0;0
10-20-2010 21:37;0;0
10-20-2010 21:38;0;0
10-20-2010 21:39;0;0
10-20-2010 21:40;0;0
10-20-2010 21:41;0;0
10-20-2010 21:42;0;0
10-20-2010 21:43;0;0
10-20-2010 21:44;0;0
10-20-2010 21:45;0;0
10-20-2010 21:46;0;0
10-20-2010 21:47;0;0
10-20-2010 21:48;0;0
10-20-2010 21:49;0;0
10-20-2010 21:50;0;0
10-20-2010 21:51;0;0
10-20-2010 21:52;0;0
10-20-2010 21:53;0;0
10-20-2010 21:54;0;0
10-20-2010 21:55;0;0
10-20-2010 21:56;127;0
10-20-2010 21:57;0;0
10-20-2010 21:58;0;0
10-20-2010 21:59;2;0
10-20-2010 22:00;0;0
10-20-2010 22:01;0;0
10-20-2010 22:02;0;0
10-20-2010 22:03;0;0
10-20-2010 22:04;64;0
10-20-2010 22:05;173;0
10-20-2010 22:06;0;0
10-20-2010 22:07;0;0
10-20-2010 22:08;0;0
10-20-2010 22:09;0;0
10-20-2010 22:10;0;0
10-20-2010 22:11;0;0
10-20-2010 22:12;0;0
10-20-2010 22:13;0;0
10-20-2010 22:14;0;0
10-20-2010 22:15;0;0
10-20-2010 22:16;0;0
10-20-2010 22:17;0;0
10-20-2010 22:18;32;0
10-20-2010 22:19;0;0
10-20-2010 22:20;0;0
10-20-2010 22:21;122;0
10-20-2010 22:22;0;0
10-20-2010 22:23;0;0
10-20-2010 22:24;36;0
10-20-2010 22:25;72;0
10-20-2010 22:26;0;0
10-20-2010 22:27;0;0
10-20-2010 22:28;0;0
10-20-2010 22:29;0;0
10-20-2010 22:30;107;0
10-20-2010 22:31;0;0
10-20-2010 22:32;0;0
10-20-2010 22:33;0;0
10-20-2010 22:34;49;0
10-20-2010 22:35;0;0
10-20-2010 22:36;0;0
10-20-2010 22:37;0;0
10-20-2010 22:38;0;0
10-20-2010 22:39;66;0
10-20-2010 22:40;0;0
10-20-2010 22:41;115;0
10-20-2010 22:42;0;0
10-20-2010 22:43;0;0
10-20-2010 22:44;0;0
10-20-2010 22:45;0;0
10-20-2010 22:46;0;0
10-20-2010 22:47;0;0
10-20-2010 22:48;0;0
10-20-2010 22:49;0;0
10-20-2010 22:50;66;0
10-20-2010 22:51;0;0
10-20-2010 22:52;0;0
10-20-2010 22:53;0;0
10-20-2010 22:54;0;0
10-20-2010 22:55;0;0
10-20-2010 22:56;27;0
10-20-2010 22:57;0;0
10-20-2010 22:58;0;0
10-20-2010 22:59;0;0
10-20-2010 23:00;0;0
10-20-2010 23:01;0;0
10-20-2010 23:02;0;0
10-20-2010 23:03;0;0
10-20-2010 23:04;81;0
10-20-2010 23:05;0;0
10-20-2010 23:06;0;0
10-20-2010 23:07;0;0
10-20-2010 23:08;0;0
10-20-2010 23:09;0;0
10-20-2010 23:10;0;0
10-20-2010 23:11;0;0
10-20-2010 23:12;472;0
10-20-2010 23:13;247;0
10-20-2010 23:14;0;0
10-20-2010 23:15;0;0
10-20-2010 23:16;0;0
10-20-2010 23:17;0;0
10-20-2010 23:18;0;0
10-20-2010 23:19;0;0
10-20-2010 23:20;0;0
10-20-2010 23:21;0;0
10-20-2010 23:22;0;0
10-20-2010 23:23;0;0
10-20-2010 23:24;0;0
10-20-2010 23:25;0;0
10-20-2010 23:26;0;0
10-20-2010 23:27;0;0
10-20-2010 23:28;0;0
10-20-2010 23:29;0;0
10-20-2010 23:30;0;0
10-20-2010 23:31;0;0
10-20-2010 23:32;0;0
10-20-2010 23:33;0;0
10-20-2010 23:34;0;0
10-20-2010 23:35;0;0
10-20-2010 23:36;0;0
10-20-2010 23:37;0;0
10-20-2010 23:38;0;0
10-20-2010 23:39;0;0
10-20-2010 23:40;0;0
10-20-2010 23:41;0;0
10-20-2010 23:42;61;0
10-20-2010 23:43;0;0
10-20-2010 23:44;0;0
10-20-2010 23:45;0;0
10-20-2010 23:46;0;0
10-20-2010 23:47;0;0
10-20-2010 23:48;0;0
10-20-2010 23:49;0;0
10-20-2010 23:50;0;0
10-20-2010 23:51;0;0
10-20-2010 23:52;0;0
10-20-2010 23:53;0;0
10-20-2010 23:54;0;0
10-20-2010 23:55;0;0
10-20-2010 23:56;0;0
10-20-2010 23:57;0;0
10-20-2010 23:58;107;0
10-20-2010 23:59;0;0
10-21-2010 00:00;0;0
10-21-2010 00:01;0;0
10-21-2010 00:02;0;0
10-21-2010 00:03;0;0
10-21-2010 00:04;0;0
10-21-2010 00:05;0;0
10-21-2010 00:06;44;0
10-21-2010 00:07;0;0
10-21-2010 00:08;0;0
10-21-2010 00:09;0;0
10-21-2010 00:10;0;0
10-21-2010 00:11;0;0
10-21-2010 00:12;0;0
10-21-2010 00:13;0;0
10-21-2010 00:14;0;0
10-21-2010 00:15;0;0
10-21-2010 00:16;0;0
10-21-2010 00:17;0;0
10-21-2010 00:18;0;0
10-21-2010 00:19;38;0
10-21-2010 00:20;0;0
10-21-2010 00:21;0;0
10-21-2010 00:22;0;0
10-21-2010 00:23;0;0
10-21-2010 00:24;47;0
10-21-2010 00:25;0;0
10-21-2010 00:26;0;0
10-21-2010 00:27;0;0
10-21-2010 00:28;0;0
10-21-2010 00:29;0;0
10-21-2010 00:30;0;0
10-21-2010 00:31;0;0
10-21-2010 00:32;0;0
10-21-2010 00:33;0;0
10-21-2010 00:34;0;0
10-21-2010 00:35;0;0
10-21-2010 00:36;0;0
10-21-2010 00:37;0;0
10-21-2010 00:38;0;0
10-21-2010 00:39;0;0
10-21-2010 00:40;0;0
10-21-2010 00:41;0;0
10-21-2010 00:42;0;0
10-21-2010 00:43;0;0
10-21-2010 00:44;10;0
10-21-2010 00:45;55;0
10-21-2010 00:46;0;0
10-21-2010 00:47;0;0
10-21-2010 00:48;0;0
10-21-2010 00:49;0;0
10-21-2010 00:50;103;0
10-21-2010 00:51;0;0
10-21-2010 00:52;0;0
10-21-2010 00:53;0;0
10-21-2010 00:54;0;0
10-21-2010 00:55;0;0
10-21-2010 00:56;0;0
10-21-2010 00:57;0;0
10-21-2010 00:58;0;0
10-21-2010 00:59;0;0
10-21-2010 01:00;20;0
10-21-2010 01:01;0;0
10-21-2010 01:02;0;0
10-21-2010 01:03;311;0
10-21-2010 01:04;390;0
10-21-2010 01:05;429;0
10-21-2010 01:06;784;0
10-21-2010 01:07;503;0
10-21-2010 01:08;103;0
10-21-2010 01:09;72;0
10-21-2010 01:10;75;0
10-21-2010 01:11;217;0
10-21-2010 01:12;487;0
10-21-2010 01:13;89;0
10-21-2010 01:14;0;0
10-21-2010 01:15;0;0
10-21-2010 01:16;0;0
10-21-2010 01:17;0;0
10-21-2010 01:18;0;0
10-21-2010 01:19;0;0
10-21-2010 01:20;0;0
10-21-2010 01:21;78;0
10-21-2010 01:22;11;0
10-21-2010 01:23;0;0
10-21-2010 01:24;0;0
10-21-2010 01:25;0;0
10-21-2010 01:26;0;0
10-21-2010 01:27;0;0
10-21-2010 01:28;0;0
10-21-2010 01:29;0;0
10-21-2010 01:30;0;0
10-21-2010 01:31;0;0
10-21-2010 01:32;0;0
10-21-2010 01:33;78;0
10-21-2010 01:34;0;0
10-21-2010 01:35;0;0
10-21-2010 01:36;0;0
10-21-2010 01:37;2;0
10-21-2010 01:38;0;0
10-21-2010 01:39;3;0
10-21-2010 01:40;2;0
10-21-2010 01:41;0;0
10-21-2010 01:42;2;0
10-21-2010 01:43;20;0
10-21-2010 01:44;0;0
10-21-2010 01:45;2;0
10-21-2010 01:46;0;0
10-21-2010 01:47;0;0
10-21-2010 01:48;11;0
10-21-2010 01:49;0;0
10-21-2010 01:50;22;0
10-21-2010 01:51;0;0
10-21-2010 01:52;0;0
10-21-2010 01:53;0;0
10-21-2010 01:54;0;0
10-21-2010 01:55;0;0
10-21-2010 01:56;0;0
10-21-2010 01:57;0;0
10-21-2010 01:58;0;0
10-21-2010 01:59;0;0
10-21-2010 02:00;0;0
10-21-2010 02:01;0;0
10-21-2010 02:02;0;0
10-21-2010 02:03;0;0
10-21-2010 02:04;0;0
10-21-2010 02:05;0;0
10-21-2010 02:06;0;0
10-21-2010 02:07;0;0
10-21-2010 02:08;0;0
10-21-2010 02:09;0;0
10-21-2010 02:10;0;0
10-21-2010 02:11;0;0
10-21-2010 02:12;0;0
10-21-2010 02:13;0;0
10-21-2010 02:14;0;0
10-21-2010 02:15;0;0
10-21-2010 02:16;0;0
10-21-2010 02:17;0;0
10-21-2010 02:18;0;0
10-21-2010 02:19;0;0
10-21-2010 02:20;0;0
10-21-2010 02:21;0;0
10-21-2010 02:22;0;0
10-21-2010 02:23;0;0
10-21-2010 02:24;0;0
10-21-2010 02:25;0;0
10-21-2010 02:26;0;0
10-21-2010 02:27;0;0
10-21-2010 02:28;0;0
10-21-2010 02:29;0;0
10-21-2010 02:30;0;0
10-21-2010 02:31;0;0
10-21-2010 02:32;0;0
10-21-2010 02:33;0;0
10-21-2010 02:34;0;0
10-21-2010 02:35;0;0
10-21-2010 02:36;0;0
10-21-2010 02:37;0;0
10-21-2010 02:38;0;0
10-21-2010 02:39;0;0
10-21-2010 02:40;0;0
10-21-2010 02:41;0;0
10-21-2010 02:42;0;0
10-21-2010 02:43;0;0
10-21-2010 02:44;0;0
10-21-2010 02:45;0;0
10-21-2010 02:46;0;0
10-21-2010 02:47;0;0
10-21-2010 02:48;0;0
10-21-2010 02:49;0;0
10-21-2010 02:50;0;0
10-21-2010 02:51;0;0
10-21-2010 02:52;0;0
10-21-2010 02:53;0;0
10-21-2010 02:54;0;0
10-21-2010 02:55;0;0
10-21-2010 02:56;0;0
10-21-2010 02:57;0;0
10-21-2010 02:58;0;0
10-21-2010 02:59;0;0
10-21-2010 03:00;0;0
10-21-2010 03:01;0;0
10-21-2010 03:02;0;0
10-21-2010 03:03;0;0
10-21-2010 03:04;0;0
10-21-2010 03:05;0;0
10-21-2010 03:06;0;0
10-21-2010 03:07;0;0
10-21-2010 03:08;0;0
10-21-2010 03:09;0;0
10-21-2010 03:10;0;0
10-21-2010 03:11;0;0
10-21-2010 03:12;0;0
10-21-2010 03:13;0;0
10-21-2010 03:14;0;0
10-21-2010 03:15;0;0
10-21-2010 03:16;0;0
10-21-2010 03:17;0;0
10-21-2010 03:18;0;0
10-21-2010 03:19;0;0
10-21-2010 03:20;0;0
10-21-2010 03:21;0;0
10-21-2010 03:22;0;0
10-21-2010 03:23;0;0
10-21-2010 03:24;0;0
10-21-2010 03:25;0;0
10-21-2010 03:26;0;0
10-21-2010 03:27;0;0
10-21-2010 03:28;0;0
10-21-2010 03:29;0;0
10-21-2010 03:30;0;0
10-21-2010 03:31;0;0
10-21-2010 03:32;0;0
10-21-2010 03:33;0;0
10-21-2010 03:34;0;0
10-21-2010 03:35;0;0
10-21-2010 03:36;0;0
10-21-2010 03:37;0;0
10-21-2010 03:38;0;0
10-21-2010 03:39;0;0
10-21-2010 03:40;0;0
10-21-2010 03:41;0;0
10-21-2010 03:42;0;0
10-21-2010 03:43;0;0
10-21-2010 03:44;0;0
10-21-2010 03:45;0;0
10-21-2010 03:46;0;0
10-21-2010 03:47;0;0
10-21-2010 03:48;0;0
10-21-2010 03:49;0;0
10-21-2010 03:50;0;0
10-21-2010 03:51;0;0
10-21-2010 03:52;0;0
10-21-2010 03:53;0;0
10-21-2010 03:54;0;0
10-21-2010 03:55;0;0
10-21-2010 03:56;0;0
10-21-2010 03:57;0;0
10-21-2010 03:58;0;0
10-21-2010 03:59;0;0
10-21-2010 04:00;0;0
10-21-2010 04:01;0;0
10-21-2010 04:02;0;0
10-21-2010 04:03;0;0
10-21-2010 04:04;0;0
10-21-2010 04:05;0;0
10-21-2010 04:06;0;0
10-21-2010 04:07;0;0
10-21-2010 04:08;0;0
10-21-2010 04:09;0;0
10-21-2010 04:10;0;0
10-21-2010 04:11;0;0
10-21-2010 04:12;0;0
10-21-2010 04:13;0;0
10-21-2010 04:14;0;0
10-21-2010 04:15;0;0
10-21-2010 04:16;0;0
10-21-2010 04:17;0;0
10-21-2010 04:18;0;0
10-21-2010 04:19;0;0
10-21-2010 04:20;0;0
10-21-2010 04:21;0;0
10-21-2010 04:22;0;0
10-21-2010 04:23;0;0
10-21-2010 04:24;0;0
10-21-2010 04:25;0;0
10-21-2010 04:26;0;0
10-21-2010 04:27;0;0
10-21-2010 04:28;0;0
10-21-2010 04:29;0;0
10-21-2010 04:30;0;0
10-21-2010 04:31;0;0
10-21-2010 04:32;0;0
10-21-2010 04:33;0;0
10-21-2010 04:34;0;0
10-21-2010 04:35;0;0
10-21-2010 04:36;0;0
10-21-2010 04:37;0;0
10-21-2010 04:38;0;0
10-21-2010 04:39;0;0
10-21-2010 04:40;0;0
10-21-2010 04:41;0;0
10-21-2010 04:42;0;0
10-21-2010 04:43;0;0
10-21-2010 04:44;0;0
10-21-2010 04:45;0;0
10-21-2010 04:46;0;0
10-21-2010 04:47;0;0
10-21-2010 04:48;0;0
10-21-2010 04:49;0;0
10-21-2010 04:50;0;0
10-21-2010 04:51;0;0
10-21-2010 04:52;0;0
10-21-2010 04:53;0;0
10-21-2010 04:54;0;0
10-21-2010 04:55;0;0
10-21-2010 04:56;0;0
10-21-2010 04:57;0;0
10-21-2010 04:58;0;0
10-21-2010 04:59;0;0
10-21-2010 05:00;0;0
10-21-2010 05:01;0;0
10-21-2010 05:02;0;0
10-21-2010 05:03;0;0
10-21-2010 05:04;0;0
10-21-2010 05:05;0;0
10-21-2010 05:06;0;0
10-21-2010 05:07;0;0
10-21-2010 05:08;0;0
10-21-2010 05:09;0;0
10-21-2010 05:10;0;0
10-21-2010 05:11;0;0
10-21-2010 05:12;0;0
10-21-2010 05:13;0;0
10-21-2010 05:14;0;0
10-21-2010 05:15;0;0
10-21-2010 05:16;0;0
10-21-2010 05:17;0;0
10-21-2010 05:18;0;0
10-21-2010 05:19;0;0
10-21-2010 05:20;0;0
10-21-2010 05:21;0;0
10-21-2010 05:22;0;0
10-21-2010 05:23;0;0
10-21-2010 05:24;0;0
10-21-2010 05:25;0;0
10-21-2010 05:26;0;0
10-21-2010 05:27;0;0
10-21-2010 05:28;0;0
10-21-2010 05:29;0;0
10-21-2010 05:30;0;0
10-21-2010 05:31;0;0
10-21-2010 05:32;0;0
10-21-2010 05:33;0;0
10-21-2010 05:34;0;0
10-21-2010 05:35;0;0
10-21-2010 05:36;0;0
10-21-2010 05:37;0;0
10-21-2010 05:38;0;0
10-21-2010 05:39;0;0
10-21-2010 05:40;0;0
10-21-2010 05:41;0;0
10-21-2010 05:42;0;0
10-21-2010 05:43;0;0
10-21-2010 05:44;0;0
10-21-2010 05:45;0;0
10-21-2010 05:46;0;0
10-21-2010 05:47;0;0
10-21-2010 05:48;0;0
10-21-2010 05:49;0;0
10-21-2010 05:50;0;0
10-21-2010 05:51;0;0
10-21-2010 05:52;0;0
10-21-2010 05:53;0;0
10-21-2010 05:54;0;0
10-21-2010 05:55;0;0
10-21-2010 05:56;0;0
10-21-2010 05:57;0;0
10-21-2010 05:58;0;0
10-21-2010 05:59;0;0
10-21-2010 06:00;0;0
10-21-2010 06:01;0;0
10-21-2010 06:02;0;0
10-21-2010 06:03;0;0
10-21-2010 06:04;0;0
10-21-2010 06:05;0;0
10-21-2010 06:06;0;0
10-21-2010 06:07;0;0
10-21-2010 06:08;0;0
10-21-2010 06:09;0;0
10-21-2010 06:10;0;0
10-21-2010 06:11;0;0
10-21-2010 06:12;0;0
10-21-2010 06:13;0;0
10-21-2010 06:14;0;0
10-21-2010 06:15;0;0
10-21-2010 06:16;0;0
10-21-2010 06:17;0;0
10-21-2010 06:18;0;0
10-21-2010 06:19;0;0
10-21-2010 06:20;0;0
10-21-2010 06:21;0;0
10-21-2010 06:22;0;0
10-21-2010 06:23;0;0
10-21-2010 06:24;0;0
10-21-2010 06:25;0;0
10-21-2010 06:26;0;0
10-21-2010 06:27;0;0
10-21-2010 06:28;0;0
10-21-2010 06:29;0;0
10-21-2010 06:30;0;0
10-21-2010 06:31;0;0
10-21-2010 06:32;0;0
10-21-2010 06:33;0;0
10-21-2010 06:34;0;0
10-21-2010 06:35;0;0
10-21-2010 06:36;0;0
10-21-2010 06:37;0;0
10-21-2010 06:38;0;0
10-21-2010 06:39;0;0
10-21-2010 06:40;0;0
10-21-2010 06:41;0;0
10-21-2010 06:42;0;0
10-21-2010 06:43;0;0
10-21-2010 06:44;0;0
10-21-2010 06:45;0;0
10-21-2010 06:46;4;0
10-21-2010 06:47;0;0
10-21-2010 06:48;0;0
10-21-2010 06:49;0;0
10-21-2010 06:50;0;0
10-21-2010 06:51;0;0
10-21-2010 06:52;0;0
10-21-2010 06:53;0;0
10-21-2010 06:54;0;0
10-21-2010 06:55;0;0
10-21-2010 06:56;0;0
10-21-2010 06:57;0;0
10-21-2010 06:58;0;0
10-21-2010 06:59;0;0
10-21-2010 07:00;0;0
10-21-2010 07:01;0;0
10-21-2010 07:02;0;0
10-21-2010 07:03;0;0
10-21-2010 07:04;0;0
10-21-2010 07:05;0;0
10-21-2010 07:06;0;0
10-21-2010 07:07;0;0
10-21-2010 07:08;0;0
10-21-2010 07:09;0;0
10-21-2010 07:10;0;0
10-21-2010 07:11;0;0
10-21-2010 07:12;0;0
10-21-2010 07:13;0;0
10-21-2010 07:14;0;0
10-21-2010 07:15;0;0
10-21-2010 07:16;0;0
10-21-2010 07:17;0;0
10-21-2010 07:18;0;0
10-21-2010 07:19;0;0
10-21-2010 07:20;0;0
10-21-2010 07:21;0;0
10-21-2010 07:22;0;0
10-21-2010 07:23;0;0
10-21-2010 07:24;0;0
10-21-2010 07:25;0;0
10-21-2010 07:26;0;0
10-21-2010 07:27;0;0
10-21-2010 07:28;0;0
10-21-2010 07:29;0;0
10-21-2010 07:30;0;0
10-21-2010 07:31;0;0
10-21-2010 07:32;0;0
10-21-2010 07:33;0;0
10-21-2010 07:34;0;0
10-21-2010 07:35;0;0
10-21-2010 07:36;0;0
10-21-2010 07:37;0;0
10-21-2010 07:38;0;0
10-21-2010 07:39;0;0
10-21-2010 07:40;0;0
10-21-2010 07:41;0;0
10-21-2010 07:42;0;0
10-21-2010 07:43;0;0
10-21-2010 07:44;0;0
10-21-2010 07:45;0;0
10-21-2010 07:46;0;0
10-21-2010 07:47;0;0
10-21-2010 07:48;0;0
10-21-2010 07:49;0;0
10-21-2010 07:50;0;0
10-21-2010 07:51;0;0
10-21-2010 07:52;0;0
10-21-2010 07:53;0;0
10-21-2010 07:54;0;0
10-21-2010 07:55;0;0
10-21-2010 07:56;0;0
10-21-2010 07:57;0;0
10-21-2010 07:58;0;0
10-21-2010 07:59;0;0
10-21-2010 08:00;0;0
10-21-2010 08:01;0;0
10-21-2010 08:02;0;0
10-21-2010 08:03;0;0
10-21-2010 08:04;0;0
10-21-2010 08:05;0;0
10-21-2010 08:06;0;0
10-21-2010 08:07;0;0
10-21-2010 08:08;0;0
10-21-2010 08:09;0;0
10-21-2010 08:10;0;0
10-21-2010 08:11;0;0
10-21-2010 08:12;0;0
10-21-2010 08:13;0;0
10-21-2010 08:14;0;0
10-21-2010 08:15;0;0
10-21-2010 08:16;0;0
10-21-2010 08:17;0;0
10-21-2010 08:18;0;0
10-21-2010 08:19;0;0
10-21-2010 08:20;0;0
10-21-2010 08:21;0;0
10-21-2010 08:22;0;0
10-21-2010 08:23;0;0
10-21-2010 08:24;0;0
10-21-2010 08:25;0;0
10-21-2010 08:26;0;0
10-21-2010 08:27;0;0
10-21-2010 08:28;0;0
10-21-2010 08:29;0;0
10-21-2010 08:30;0;0
10-21-2010 08:31;0;0
10-21-2010 08:32;0;0
10-21-2010 08:33;0;0
10-21-2010 08:34;0;0
10-21-2010 08:35;0;0
10-21-2010 08:36;0;0
10-21-2010 08:37;0;0
10-21-2010 08:38;0;0
10-21-2010 08:39;0;0
10-21-2010 08:40;0;0
10-21-2010 08:41;0;0
10-21-2010 08:42;0;0
10-21-2010 08:43;0;0
10-21-2010 08:44;0;0
10-21-2010 08:45;0;0
10-21-2010 08:46;0;0
10-21-2010 08:47;0;0
10-21-2010 08:48;0;0
10-21-2010 08:49;0;0
10-21-2010 08:50;0;0
10-21-2010 08:51;0;0
10-21-2010 08:52;0;0
10-21-2010 08:53;0;0
10-21-2010 08:54;0;0
10-21-2010 08:55;0;0
10-21-2010 08:56;0;0
10-21-2010 08:57;0;0
10-21-2010 08:58;0;0
10-21-2010 08:59;0;0
10-21-2010 09:00;0;0
10-21-2010 09:01;0;0
10-21-2010 09:02;0;0
10-21-2010 09:03;0;0
10-21-2010 09:04;0;0
10-21-2010 09:05;0;0
10-21-2010 09:06;0;0
10-21-2010 09:07;0;0
10-21-2010 09:08;0;0
10-21-2010 09:09;0;0
10-21-2010 09:10;0;0
10-21-2010 09:11;0;0
10-21-2010 09:12;0;0
10-21-2010 09:13;0;0
10-21-2010 09:14;0;0
10-21-2010 09:15;0;0
10-21-2010 09:16;0;0
10-21-2010 09:17;0;0
10-21-2010 09:18;0;0
10-21-2010 09:19;0;0
10-21-2010 09:20;0;0
10-21-2010 09:21;0;0
10-21-2010 09:22;0;0
10-21-2010 09:23;0;0
10-21-2010 09:24;0;0
10-21-2010 09:25;0;0
10-21-2010 09:26;0;0
10-21-2010 09:27;0;0
10-21-2010 09:28;0;0
10-21-2010 09:29;0;0
10-21-2010 09:30;0;0
10-21-2010 09:31;0;0
10-21-2010 09:32;0;0
10-21-2010 09:33;0;0
10-21-2010 09:34;0;0
10-21-2010 09:35;0;0
10-21-2010 09:36;0;0
10-21-2010 09:37;0;0
10-21-2010 09:38;0;0
10-21-2010 09:39;0;0
10-21-2010 09:40;0;0
10-21-2010 09:41;0;0
10-21-2010 09:42;0;0
10-21-2010 09:43;0;0
10-21-2010 09:44;0;0
10-21-2010 09:45;0;0
10-21-2010 09:46;0;0
10-21-2010 09:47;0;0
10-21-2010 09:48;0;0
10-21-2010 09:49;0;0
10-21-2010 09:50;0;0
10-21-2010 09:51;0;0
10-21-2010 09:52;0;0
10-21-2010 09:53;0;0
10-21-2010 09:54;0;0
10-21-2010 09:55;0;0
10-21-2010 09:56;0;0
10-21-2010 09:57;0;0
10-21-2010 09:58;0;0
10-21-2010 09:59;0;0
10-21-2010 10:00;0;0
10-21-2010 10:01;0;0
10-21-2010 10:02;0;0
10-21-2010 10:03;0;0
10-21-2010 10:04;0;0
10-21-2010 10:05;0;0
10-21-2010 10:06;0;0
10-21-2010 10:07;0;0
10-21-2010 10:08;0;0
10-21-2010 10:09;0;0
10-21-2010 10:10;0;0
10-21-2010 10:11;0;0
10-21-2010 10:12;0;0
10-21-2010 10:13;0;0
10-21-2010 10:14;0;0
10-21-2010 10:15;0;0
10-21-2010 10:16;0;0
10-21-2010 10:17;0;0
10-21-2010 10:18;0;0
10-21-2010 10:19;0;0
10-21-2010 10:20;0;0
10-21-2010 10:21;0;0
10-21-2010 10:22;0;0
10-21-2010 10:23;0;0
10-21-2010 10:24;0;0
10-21-2010 10:25;0;0
10-21-2010 10:26;0;0
10-21-2010 10:27;0;0
10-21-2010 10:28;0;0
10-21-2010 10:29;0;0
10-21-2010 10:30;0;0
10-21-2010 10:31;0;0
10-21-2010 10:32;0;0
10-21-2010 10:33;0;0
10-21-2010 10:34;0;0
10-21-2010 10:35;0;0
10-21-2010 10:36;0;0
10-21-2010 10:37;0;0
10-21-2010 10:38;0;0
10-21-2010 10:39;0;0
10-21-2010 10:40;0;0
10-21-2010 10:41;0;0
10-21-2010 10:42;0;0
10-21-2010 10:43;0;0
10-21-2010 10:44;0;0
10-21-2010 10:45;0;0
10-21-2010 10:46;0;0
10-21-2010 10:47;0;0
10-21-2010 10:48;0;0
10-21-2010 10:49;0;0
10-21-2010 10:50;0;0
10-21-2010 10:51;0;0
10-21-2010 10:52;0;0
10-21-2010 10:53;0;0
10-21-2010 10:54;0;0
10-21-2010 10:55;0;0
10-21-2010 10:56;0;0
10-21-2010 10:57;0;0
10-21-2010 10:58;0;0
10-21-2010 10:59;0;0
10-21-2010 11:00;0;0
10-21-2010 11:01;0;0
10-21-2010 11:02;0;0
10-21-2010 11:03;0;0
10-21-2010 11:04;0;0
10-21-2010 11:05;0;0
10-21-2010 11:06;0;0
10-21-2010 11:07;0;0
10-21-2010 11:08;0;0
10-21-2010 11:09;0;0
10-21-2010 11:10;0;0
10-21-2010 11:11;0;0
10-21-2010 11:12;0;0
10-21-2010 11:13;0;0
10-21-2010 11:14;0;0
10-21-2010 11:15;0;0
10-21-2010 11:16;0;0
10-21-2010 11:17;0;0
10-21-2010 11:18;0;0
10-21-2010 11:19;0;0
10-21-2010 11:20;0;0
10-21-2010 11:21;0;0
10-21-2010 11:22;0;0
10-21-2010 11:23;0;0
10-21-2010 11:24;0;0
10-21-2010 11:25;0;0
10-21-2010 11:26;0;0
10-21-2010 11:27;0;0
10-21-2010 11:28;0;0
10-21-2010 11:29;0;0
10-21-2010 11:30;0;0
10-21-2010 11:31;0;0
10-21-2010 11:32;0;0
10-21-2010 11:33;0;0
10-21-2010 11:34;0;0
10-21-2010 11:35;0;0
10-21-2010 11:36;0;0
10-21-2010 11:37;0;0
10-21-2010 11:38;0;0
10-21-2010 11:39;0;0
10-21-2010 11:40;0;0
10-21-2010 11:41;0;0
10-21-2010 11:42;0;0
10-21-2010 11:43;0;0
10-21-2010 11:44;0;0
10-21-2010 11:45;0;0
10-21-2010 11:46;0;0
10-21-2010 11:47;0;0
10-21-2010 11:48;0;0
10-21-2010 11:49;0;0
10-21-2010 11:50;0;0
10-21-2010 11:51;0;0
10-21-2010 11:52;0;0
10-21-2010 11:53;0;0
10-21-2010 11:54;0;0
10-21-2010 11:55;0;0
10-21-2010 11:56;0;0
10-21-2010 11:57;0;0
10-21-2010 11:58;0;0
10-21-2010 11:59;2;0
10-21-2010 12:00;0;0
10-21-2010 12:01;0;0
10-21-2010 12:02;0;0
10-21-2010 12:03;0;0
10-21-2010 12:04;0;0
10-21-2010 12:05;0;0
10-21-2010 12:06;0;0
10-21-2010 12:07;0;0
10-21-2010 12:08;0;0
10-21-2010 12:09;0;0
10-21-2010 12:10;0;0
10-21-2010 12:11;0;0
10-21-2010 12:12;0;0
10-21-2010 12:13;0;0
10-21-2010 12:14;0;0
10-21-2010 12:15;0;0
10-21-2010 12:16;0;0
10-21-2010 12:17;0;0
10-21-2010 12:18;0;0
10-21-2010 12:19;0;0
10-21-2010 12:20;0;0
10-21-2010 12:21;0;0
10-21-2010 12:22;0;0
10-21-2010 12:23;0;0
10-21-2010 12:24;0;0
10-21-2010 12:25;0;0
10-21-2010 12:26;0;0
10-21-2010 12:27;0;0
10-21-2010 12:28;0;0
10-21-2010 12:29;0;0
10-21-2010 12:30;0;0
10-21-2010 12:31;0;0
10-21-2010 12:32;0;0
10-21-2010 12:33;0;0
10-21-2010 12:34;0;0
10-21-2010 12:35;0;0
10-21-2010 12:36;0;0
10-21-2010 12:37;0;0
10-21-2010 12:38;0;0
10-21-2010 12:39;0;0
10-21-2010 12:40;0;0
10-21-2010 12:41;0;0
10-21-2010 12:42;0;0
10-21-2010 12:43;0;0
10-21-2010 12:44;0;0
10-21-2010 12:45;0;0
10-21-2010 12:46;0;0
10-21-2010 12:47;0;0
10-21-2010 12:48;0;0
10-21-2010 12:49;0;0
10-21-2010 12:50;0;0
10-21-2010 12:51;0;0
10-21-2010 12:52;0;0
10-21-2010 12:53;0;0
10-21-2010 12:54;0;0
10-21-2010 12:55;0;0
10-21-2010 12:56;0;0
10-21-2010 12:57;0;0
10-21-2010 12:58;0;0
10-21-2010 12:59;0;0
10-21-2010 13:00;0;0
10-21-2010 13:01;0;0
10-21-2010 13:02;0;0
10-21-2010 13:03;0;0
10-21-2010 13:04;0;0
10-21-2010 13:05;0;0
10-21-2010 13:06;0;0
10-21-2010 13:07;0;0
10-21-2010 13:08;0;0
10-21-2010 13:09;0;0
10-21-2010 13:10;0;0
10-21-2010 13:11;0;0
10-21-2010 13:12;0;0
10-21-2010 13:13;0;0
10-21-2010 13:14;0;0
10-21-2010 13:15;0;0
10-21-2010 13:16;0;0
10-21-2010 13:17;0;0
10-21-2010 13:18;0;0
10-21-2010 13:19;0;0
10-21-2010 13:20;0;0
10-21-2010 13:21;0;0
10-21-2010 13:22;0;0
10-21-2010 13:23;0;0
10-21-2010 13:24;0;0
10-21-2010 13:25;0;0
10-21-2010 13:26;0;0
10-21-2010 13:27;0;0
10-21-2010 13:28;0;0
10-21-2010 13:29;0;0
10-21-2010 13:30;0;0
10-21-2010 13:31;0;0
10-21-2010 13:32;0;0
10-21-2010 13:33;0;0
10-21-2010 13:34;0;0
10-21-2010 13:35;0;0
10-21-2010 13:36;0;0
10-21-2010 13:37;0;0
10-21-2010 13:38;0;0
10-21-2010 13:39;0;0
10-21-2010 13:40;0;0
10-21-2010 13:41;0;0
10-21-2010 13:42;0;0
10-21-2010 13:43;0;0
10-21-2010 13:44;0;0
10-21-2010 13:45;0;0
10-21-2010 13:46;0;0
10-21-2010 13:47;0;0
10-21-2010 13:48;0;0
10-21-2010 13:49;0;0
10-21-2010 13:50;0;0
10-21-2010 13:51;0;0
10-21-2010 13:52;0;0
10-21-2010 13:53;0;0
10-21-2010 13:54;0;0
10-21-2010 13:55;0;0
10-21-2010 13:56;0;0
10-21-2010 13:57;0;0
10-21-2010 13:58;0;0
10-21-2010 13:59;0;0
10-21-2010 14:00;0;0
10-21-2010 14:01;0;0
10-21-2010 14:02;0;0
10-21-2010 14:03;0;0
10-21-2010 14:04;0;0
10-21-2010 14:05;0;0
10-21-2010 14:06;0;0
10-21-2010 14:07;0;0
10-21-2010 14:08;0;0
10-21-2010 14:09;0;0
10-21-2010 14:10;0;0
10-21-2010 14:11;0;0
10-21-2010 14:12;0;0
10-21-2010 14:13;0;0
10-21-2010 14:14;0;0
10-21-2010 14:15;0;0
10-21-2010 14:16;0;0
10-21-2010 14:17;0;0
10-21-2010 14:18;0;0
10-21-2010 14:19;0;0
10-21-2010 14:20;0;0
10-21-2010 14:21;0;0
10-21-2010 14:22;0;0
10-21-2010 14:23;0;0
10-21-2010 14:24;0;0
10-21-2010 14:25;0;0
10-21-2010 14:26;0;0
10-21-2010 14:27;0;0
10-21-2010 14:28;0;0
10-21-2010 14:29;0;0
10-21-2010 14:30;0;0
10-21-2010 14:31;0;0
10-21-2010 14:32;0;0
10-21-2010 14:33;0;0
10-21-2010 14:34;0;0
10-21-2010 14:35;191;0
10-21-2010 14:36;946;1
10-21-2010 14:37;691;0
10-21-2010 14:38;861;1
10-21-2010 14:39;736;0
10-21-2010 14:40;736;0
10-21-2010 14:41;321;0
10-21-2010 14:42;609;0
10-21-2010 14:43;691;0
10-21-2010 14:44;609;0
10-21-2010 14:45;977;1
10-21-2010 14:46;759;0
10-21-2010 14:47;649;0
10-21-2010 14:48;122;0
10-21-2010 14:49;167;0
10-21-2010 14:50;443;0
10-21-2010 14:51;72;0
10-21-2010 14:52;354;0
10-21-2010 14:53;487;0
10-21-2010 14:54;457;0
10-21-2010 14:55;302;0
10-21-2010 14:56;390;0
10-21-2010 14:57;247;0
10-21-2010 14:58;265;0
10-21-2010 14:59;283;0
10-21-2010 15:00;332;0
10-21-2010 15:01;321;0
10-21-2010 15:02;273;0
10-21-2010 15:03;365;0
10-21-2010 15:04;402;0
10-21-2010 15:05;713;0
10-21-2010 15:06;609;0
10-21-2010 15:07;256;0
10-21-2010 15:08;332;0
10-21-2010 15:09;520;0
10-21-2010 15:10;520;0
10-21-2010 15:11;487;0
10-21-2010 15:12;649;0
10-21-2010 15:13;554;0
10-21-2010 15:14;713;0
10-21-2010 15:15;1040;1
10-21-2010 15:16;1560;1
10-21-2010 15:17;2127;1
10-21-2010 15:18;2062;1
10-21-2010 15:19;1294;1
10-21-2010 15:20;1040;1
10-21-2010 15:21;1073;1
10-21-2010 15:22;917;1
10-21-2010 15:23;415;0
10-21-2010 15:24;247;0
10-21-2010 15:25;256;0
10-21-2010 15:26;609;0
10-21-2010 15:27;713;0
10-21-2010 15:28;520;0
10-21-2010 15:29;225;0
10-21-2010 15:30;122;0
10-21-2010 15:31;173;0
10-21-2010 15:32;78;0
10-21-2010 15:33;111;0
10-21-2010 15:34;34;0
10-21-2010 15:35;61;0
10-21-2010 15:36;9;0
10-21-2010 15:37;18;0
10-21-2010 15:38;46;0
10-21-2010 15:39;122;0
10-21-2010 15:40;34;0
10-21-2010 15:41;36;0
10-21-2010 15:42;30;0
10-21-2010 15:43;19;0
10-21-2010 15:44;29;0
10-21-2010 15:45;36;0
10-21-2010 15:46;42;0
10-21-2010 15:47;240;0
10-21-2010 15:48;69;0
10-21-2010 15:49;61;0
10-21-2010 15:50;167;0
10-21-2010 15:51;78;0
10-21-2010 15:52;22;0
10-21-2010 15:53;5;0
10-21-2010 15:54;14;0
10-21-2010 15:55;127;0
10-21-2010 15:56;40;0
10-21-2010 15:57;8;0
10-21-2010 15:58;19;0
10-21-2010 15:59;53;0
10-21-2010 16:00;34;0
10-21-2010 16:01;42;0
10-21-2010 16:02;167;0
10-21-2010 16:03;100;0
10-21-2010 16:04;30;0
10-21-2010 16:05;42;0
10-21-2010 16:06;32;0
10-21-2010 16:07;167;0
10-21-2010 16:08;32;0
10-21-2010 16:09;10;0
10-21-2010 16:10;22;0
10-21-2010 16:11;11;0
10-21-2010 16:12;36;0
10-21-2010 16:13;83;0
10-21-2010 16:14;51;0
10-21-2010 16:15;38;0
10-21-2010 16:16;64;0
10-21-2010 16:17;55;0
10-21-2010 16:18;26;0
10-21-2010 16:19;225;0
10-21-2010 16:20;100;0
10-21-2010 16:21;232;0
10-21-2010 16:22;256;0
10-21-2010 16:23;217;0
10-21-2010 16:24;342;0
10-21-2010 16:25;429;0
10-21-2010 16:26;321;0
10-21-2010 16:27;155;0
10-21-2010 16:28;146;0
10-21-2010 16:29;311;0
10-21-2010 16:30;96;0
10-21-2010 16:31;321;0
10-21-2010 16:32;151;0
10-21-2010 16:33;302;0
10-21-2010 16:34;354;0
10-21-2010 16:35;402;0
10-21-2010 16:36;83;0
10-21-2010 16:37;217;0
10-21-2010 16:38;572;0
10-21-2010 16:39;609;0
10-21-2010 16:40;784;0
10-21-2010 16:41;1179;1
10-21-2010 16:42;1040;1
10-21-2010 16:43;736;0
10-21-2010 16:44;629;0
10-21-2010 16:45;888;1
10-21-2010 16:46;861;1
10-21-2010 16:47;809;0
10-21-2010 16:48;917;1
10-21-2010 16:49;784;0
10-21-2010 16:50;669;0
10-21-2010 16:51;649;0
10-21-2010 16:52;888;1
10-21-2010 16:53;861;1
10-21-2010 16:54;669;0
10-21-2010 16:55;629;0
10-21-2010 16:56;888;1
10-21-2010 16:57;946;1
10-21-2010 16:58;917;1
10-21-2010 16:59;572;0
10-21-2010 17:00;784;0
10-21-2010 17:01;691;0
10-21-2010 17:02;1107;1
10-21-2010 17:03;503;0
10-21-2010 17:04;759;0
10-21-2010 17:05;946;1
10-21-2010 17:06;100;0
10-21-2010 17:07;332;0
10-21-2010 17:08;520;0
10-21-2010 17:09;415;0
10-21-2010 17:10;457;0
10-21-2010 17:11;487;0
10-21-2010 17:12;191;0
10-21-2010 17:13;197;0
10-21-2010 17:14;273;0
10-21-2010 17:15;649;0
10-21-2010 17:16;1008;1
10-21-2010 17:17;590;0
10-21-2010 17:18;487;0
10-21-2010 17:19;784;0
10-21-2010 17:20;691;0
10-21-2010 17:21;917;1
10-21-2010 17:22;537;0
10-21-2010 17:23;503;0
10-21-2010 17:24;265;0
10-21-2010 17:25;119;0
10-21-2010 17:26;0;0
10-21-2010 17:27;0;0
10-21-2010 17:28;273;0
10-21-2010 17:29;96;0
10-21-2010 17:30;57;0
10-21-2010 17:31;0;0
10-21-2010 17:32;46;0
10-21-2010 17:33;83;0
10-21-2010 17:34;61;0
10-21-2010 17:35;64;0
10-21-2010 17:36;137;0
10-21-2010 17:37;0;0
10-21-2010 17:38;100;0
10-21-2010 17:39;119;0
10-21-2010 17:40;256;0
10-21-2010 17:41;590;0
10-21-2010 17:42;151;0
10-21-2010 17:43;103;0
10-21-2010 17:44;127;0
10-21-2010 17:45;184;0
10-21-2010 17:46;78;0
10-21-2010 17:47;34;0
10-21-2010 17:48;457;0
10-21-2010 17:49;137;0
10-21-2010 17:50;92;0
10-21-2010 17:51;86;0
10-21-2010 17:52;111;0
10-21-2010 17:53;354;0
10-21-2010 17:54;24;0
10-21-2010 17:55;0;0
10-21-2010 17:56;103;0
10-21-2010 17:57;167;0
10-21-2010 17:58;44;0
10-21-2010 17:59;173;0
10-21-2010 18:00;0;0
10-21-2010 18:01;265;0
10-21-2010 18:02;32;0
10-21-2010 18:03;66;0
10-21-2010 18:04;86;0
10-21-2010 18:05;15;0
10-21-2010 18:06;132;0
10-21-2010 18:07;184;0
10-21-2010 18:08;36;0
10-21-2010 18:09;19;0
10-21-2010 18:10;0;0
10-21-2010 18:11;0;0
10-21-2010 18:12;5;0
10-21-2010 18:13;2;0
10-21-2010 18:14;12;0
10-21-2010 18:15;7;0
10-21-2010 18:16;161;0
10-21-2010 18:17;6;0
10-21-2010 18:18;2;0
10-21-2010 18:19;5;0
10-21-2010 18:20;30;0
10-21-2010 18:21;46;0
10-21-2010 18:22;0;0
10-21-2010 18:23;78;0
10-21-2010 18:24;34;0
10-21-2010 18:25;10;0
10-21-2010 18:26;0;0
10-21-2010 18:27;8;0
10-21-2010 18:28;302;0
10-21-2010 18:29;81;0
10-21-2010 18:30;36;0
10-21-2010 18:31;38;0
10-21-2010 18:32;0;0
10-21-2010 18:33;0;0
10-21-2010 18:34;256;0
10-21-2010 18:35;141;0
10-21-2010 18:36;0;0
10-21-2010 18:37;0;0
10-21-2010 18:38;0;0
10-21-2010 18:39;0;0
10-21-2010 18:40;0;0
10-21-2010 18:41;89;0
10-21-2010 18:42;0;0
10-21-2010 18:43;132;0
10-21-2010 18:44;0;0
10-21-2010 18:45;0;0
10-21-2010 18:46;0;0
10-21-2010 18:47;0;0
10-21-2010 18:48;0;0
10-21-2010 18:49;0;0
10-21-2010 18:50;0;0
10-21-2010 18:51;0;0
10-21-2010 18:52;487;0
10-21-2010 18:53;759;0
10-21-2010 18:54;834;0
10-21-2010 18:55;946;1
10-21-2010 18:56;354;0
10-21-2010 18:57;736;0
10-21-2010 18:58;311;0
10-21-2010 18:59;0;0
10-21-2010 19:00;443;0
10-21-2010 19:01;691;0
10-21-2010 19:02;443;0
10-21-2010 19:03;321;0
10-21-2010 19:04;83;0
10-21-2010 19:05;96;0
10-21-2010 19:06;292;0
10-21-2010 19:07;0;0
10-21-2010 19:08;2;0
10-21-2010 19:09;0;0
10-21-2010 19:10;0;0
10-21-2010 19:11;0;0
10-21-2010 19:12;0;0
10-21-2010 19:13;0;0
10-21-2010 19:14;0;0
10-21-2010 19:15;0;0
10-21-2010 19:16;0;0
10-21-2010 19:17;0;0
10-21-2010 19:18;0;0
10-21-2010 19:19;0;0
10-21-2010 19:20;759;0
10-21-2010 19:21;321;0
10-21-2010 19:22;472;0
10-21-2010 19:23;713;0
10-21-2010 19:24;784;0
10-21-2010 19:25;1560;1
10-21-2010 19:26;503;0
10-21-2010 19:27;629;0
10-21-2010 19:28;736;0
10-21-2010 19:29;736;0
10-21-2010 19:30;590;0
10-21-2010 19:31;273;0
10-21-2010 19:32;487;0
10-21-2010 19:33;332;0
10-21-2010 19:34;321;0
10-21-2010 19:35;415;0
10-21-2010 19:36;127;0
10-21-2010 19:37;178;0
10-21-2010 19:38;232;0
10-21-2010 19:39;265;0
10-21-2010 19:40;759;0
10-21-2010 19:41;736;0
10-21-2010 19:42;609;0
10-21-2010 19:43;225;0
10-21-2010 19:44;629;0
10-21-2010 19:45;332;0
10-21-2010 19:46;784;0
10-21-2010 19:47;204;0
10-21-2010 19:48;354;0
10-21-2010 19:49;127;0
10-21-2010 19:50;127;0
10-21-2010 19:51;402;0
10-21-2010 19:52;217;0
10-21-2010 19:53;83;0
10-21-2010 19:54;103;0
10-21-2010 19:55;115;0
10-21-2010 19:56;256;0
10-21-2010 19:57;0;0
10-21-2010 19:58;311;0
10-21-2010 19:59;784;0
10-21-2010 20:00;36;0
10-21-2010 20:01;132;0
10-21-2010 20:02;429;0
10-21-2010 20:03;96;0
10-21-2010 20:04;0;0
10-21-2010 20:05;0;0
10-21-2010 20:06;0;0
10-21-2010 20:07;38;0
10-21-2010 20:08;0;0
10-21-2010 20:09;0;0
10-21-2010 20:10;0;0
10-21-2010 20:11;0;0
10-21-2010 20:12;0;0
10-21-2010 20:13;0;0
10-21-2010 20:14;0;0
10-21-2010 20:15;0;0
10-21-2010 20:16;0;0
10-21-2010 20:17;0;0
10-21-2010 20:18;0;0
10-21-2010 20:19;0;0
10-21-2010 20:20;0;0
10-21-2010 20:21;0;0
10-21-2010 20:22;0;0
10-21-2010 20:23;2;0
10-21-2010 20:24;0;0
10-21-2010 20:25;0;0
10-21-2010 20:26;0;0
10-21-2010 20:27;0;0
10-21-2010 20:28;0;0
10-21-2010 20:29;0;0
10-21-2010 20:30;0;0
10-21-2010 20:31;0;0
10-21-2010 20:32;0;0
10-21-2010 20:33;0;0
10-21-2010 20:34;0;0
10-21-2010 20:35;0;0
10-21-2010 20:36;0;0
10-21-2010 20:37;0;0
10-21-2010 20:38;0;0
10-21-2010 20:39;0;0
10-21-2010 20:40;0;0
10-21-2010 20:41;0;0
10-21-2010 20:42;0;0
10-21-2010 20:43;0;0
10-21-2010 20:44;0;0
10-21-2010 20:45;0;0
10-21-2010 20:46;0;0
10-21-2010 20:47;0;0
10-21-2010 20:48;0;0
10-21-2010 20:49;111;0
10-21-2010 20:50;4;0
10-21-2010 20:51;55;0
10-21-2010 20:52;0;0
10-21-2010 20:53;0;0
10-21-2010 20:54;0;0
10-21-2010 20:55;0;0
10-21-2010 20:56;0;0
10-21-2010 20:57;0;0
10-21-2010 20:58;0;0
10-21-2010 20:59;0;0
10-21-2010 21:00;0;0
10-21-2010 21:01;0;0
10-21-2010 21:02;0;0
10-21-2010 21:03;0;0
10-21-2010 21:04;0;0
10-21-2010 21:05;0;0
10-21-2010 21:06;132;0
10-21-2010 21:07;0;0
10-21-2010 21:08;0;0
10-21-2010 21:09;0;0
10-21-2010 21:10;225;0
10-21-2010 21:11;132;0
10-21-2010 21:12;0;0
10-21-2010 21:13;0;0
10-21-2010 21:14;292;0
10-21-2010 21:15;0;0
10-21-2010 21:16;0;0
10-21-2010 21:17;0;0
10-21-2010 21:18;0;0
10-21-2010 21:19;0;0
10-21-2010 21:20;0;0
10-21-2010 21:21;0;0
10-21-2010 21:22;0;0
10-21-2010 21:23;0;0
10-21-2010 21:24;0;0
10-21-2010 21:25;0;0
10-21-2010 21:26;0;0
10-21-2010 21:27;0;0
10-21-2010 21:28;0;0
10-21-2010 21:29;0;0
10-21-2010 21:30;0;0
10-21-2010 21:31;0;0
10-21-2010 21:32;0;0
10-21-2010 21:33;0;0
10-21-2010 21:34;0;0
10-21-2010 21:35;0;0
10-21-2010 21:36;0;0
10-21-2010 21:37;0;0
10-21-2010 21:38;0;0
10-21-2010 21:39;0;0
10-21-2010 21:40;0;0
10-21-2010 21:41;0;0
10-21-2010 21:42;0;0
10-21-2010 21:43;0;0
10-21-2010 21:44;0;0
10-21-2010 21:45;0;0
10-21-2010 21:46;0;0
10-21-2010 21:47;0;0
10-21-2010 21:48;0;0
10-21-2010 21:49;0;0
10-21-2010 21:50;0;0
10-21-2010 21:51;0;0
10-21-2010 21:52;0;0
10-21-2010 21:53;0;0
10-21-2010 21:54;0;0
10-21-2010 21:55;0;0
10-21-2010 21:56;0;0
10-21-2010 21:57;0;0
10-21-2010 21:58;0;0
10-21-2010 21:59;0;0
10-21-2010 22:00;0;0
10-21-2010 22:01;0;0
10-21-2010 22:02;0;0
10-21-2010 22:03;0;0
10-21-2010 22:04;0;0
10-21-2010 22:05;0;0
10-21-2010 22:06;0;0
10-21-2010 22:07;30;0
10-21-2010 22:08;0;0
10-21-2010 22:09;0;0
10-21-2010 22:10;0;0
10-21-2010 22:11;0;0
10-21-2010 22:12;0;0
10-21-2010 22:13;0;0
10-21-2010 22:14;0;0
10-21-2010 22:15;0;0
10-21-2010 22:16;0;0
10-21-2010 22:17;0;0
10-21-2010 22:18;0;0
10-21-2010 22:19;0;0
10-21-2010 22:20;0;0
10-21-2010 22:21;0;0
10-21-2010 22:22;0;0
10-21-2010 22:23;0;0
10-21-2010 22:24;0;0
10-21-2010 22:25;0;0
10-21-2010 22:26;0;0
10-21-2010 22:27;0;0
10-21-2010 22:28;0;0
10-21-2010 22:29;0;0
10-21-2010 22:30;0;0
10-21-2010 22:31;0;0
10-21-2010 22:32;0;0
10-21-2010 22:33;0;0
10-21-2010 22:34;0;0
10-21-2010 22:35;0;0
10-21-2010 22:36;0;0
10-21-2010 22:37;0;0
10-21-2010 22:38;0;0
10-21-2010 22:39;0;0
10-21-2010 22:40;0;0
10-21-2010 22:41;2;0
10-21-2010 22:42;0;0
10-21-2010 22:43;0;0
10-21-2010 22:44;0;0
10-21-2010 22:45;0;0
10-21-2010 22:46;22;0
10-21-2010 22:47;9;0
10-21-2010 22:48;0;0
10-21-2010 22:49;0;0
10-21-2010 22:50;0;0
10-21-2010 22:51;14;0
10-21-2010 22:52;0;0
10-21-2010 22:53;15;0
10-21-2010 22:54;0;0
10-21-2010 22:55;2;0
10-21-2010 22:56;2;0
10-21-2010 22:57;0;0
10-21-2010 22:58;0;0
10-21-2010 22:59;0;0
10-21-2010 23:00;0;0
10-21-2010 23:01;0;0
10-21-2010 23:02;0;0
10-21-2010 23:03;4;0
10-21-2010 23:04;0;0
10-21-2010 23:05;2;0
10-21-2010 23:06;0;0
10-21-2010 23:07;0;0
10-21-2010 23:08;3;0
10-21-2010 23:09;0;0
10-21-2010 23:10;0;0
10-21-2010 23:11;0;0
10-21-2010 23:12;0;0
10-21-2010 23:13;0;0
10-21-2010 23:14;0;0
10-21-2010 23:15;0;0
10-21-2010 23:16;0;0
10-21-2010 23:17;0;0
10-21-2010 23:18;0;0
10-21-2010 23:19;0;0
10-21-2010 23:20;0;0
10-21-2010 23:21;0;0
10-21-2010 23:22;0;0
10-21-2010 23:23;0;0
10-21-2010 23:24;0;0
10-21-2010 23:25;0;0
10-21-2010 23:26;0;0
10-21-2010 23:27;0;0
10-21-2010 23:28;0;0
10-21-2010 23:29;0;0
10-21-2010 23:30;0;0
10-21-2010 23:31;0;0
10-21-2010 23:32;0;0
10-21-2010 23:33;0;0
10-21-2010 23:34;0;0
10-21-2010 23:35;0;0
10-21-2010 23:36;0;0
10-21-2010 23:37;0;0
10-21-2010 23:38;0;0
10-21-2010 23:39;0;0
10-21-2010 23:40;0;0
10-21-2010 23:41;0;0
10-21-2010 23:42;0;0
10-21-2010 23:43;0;0
10-21-2010 23:44;0;0
10-21-2010 23:45;0;0
10-21-2010 23:46;0;0
10-21-2010 23:47;0;0
10-21-2010 23:48;0;0
10-21-2010 23:49;0;0
10-21-2010 23:50;0;0
10-21-2010 23:51;32;0
10-21-2010 23:52;0;0
10-21-2010 23:53;30;0
10-21-2010 23:54;0;0
10-21-2010 23:55;0;0
10-21-2010 23:56;0;0
10-21-2010 23:57;0;0
10-21-2010 23:58;0;0
10-21-2010 23:59;0;0
10-22-2010 00:00;0;0
10-22-2010 00:01;0;0
10-22-2010 00:02;0;0
10-22-2010 00:03;0;0
10-22-2010 00:04;0;0
10-22-2010 00:05;0;0
10-22-2010 00:06;0;0
10-22-2010 00:07;0;0
10-22-2010 00:08;5;0
10-22-2010 00:09;0;0
10-22-2010 00:10;0;0
10-22-2010 00:11;0;0
10-22-2010 00:12;0;0
10-22-2010 00:13;0;0
10-22-2010 00:14;0;0
10-22-2010 00:15;0;0
10-22-2010 00:16;0;0
10-22-2010 00:17;0;0
10-22-2010 00:18;59;0
10-22-2010 00:19;0;0
10-22-2010 00:20;0;0
10-22-2010 00:21;0;0
10-22-2010 00:22;0;0
10-22-2010 00:23;0;0
10-22-2010 00:24;0;0
10-22-2010 00:25;0;0
10-22-2010 00:26;0;0
10-22-2010 00:27;0;0
10-22-2010 00:28;0;0
10-22-2010 00:29;0;0
10-22-2010 00:30;27;0
10-22-2010 00:31;0;0
10-22-2010 00:32;0;0
10-22-2010 00:33;0;0
10-22-2010 00:34;0;0
10-22-2010 00:35;0;0
10-22-2010 00:36;0;0
10-22-2010 00:37;11;0
10-22-2010 00:38;25;0
10-22-2010 00:39;0;0
10-22-2010 00:40;0;0
10-22-2010 00:41;0;0
10-22-2010 00:42;0;0
10-22-2010 00:43;0;0
10-22-2010 00:44;0;0
10-22-2010 00:45;42;0
10-22-2010 00:46;0;0
10-22-2010 00:47;0;0
10-22-2010 00:48;0;0
10-22-2010 00:49;0;0
10-22-2010 00:50;0;0
10-22-2010 00:51;0;0
10-22-2010 00:52;0;0
10-22-2010 00:53;0;0
10-22-2010 00:54;0;0
10-22-2010 00:55;0;0
10-22-2010 00:56;0;0
10-22-2010 00:57;0;0
10-22-2010 00:58;0;0
10-22-2010 00:59;141;0
10-22-2010 01:00;0;0
10-22-2010 01:01;0;0
10-22-2010 01:02;0;0
10-22-2010 01:03;0;0
10-22-2010 01:04;0;0
10-22-2010 01:05;0;0
10-22-2010 01:06;0;0
10-22-2010 01:07;0;0
10-22-2010 01:08;0;0
10-22-2010 01:09;0;0
10-22-2010 01:10;72;0
10-22-2010 01:11;0;0
10-22-2010 01:12;0;0
10-22-2010 01:13;0;0
10-22-2010 01:14;0;0
10-22-2010 01:15;0;0
10-22-2010 01:16;0;0
10-22-2010 01:17;0;0
10-22-2010 01:18;0;0
10-22-2010 01:19;0;0
10-22-2010 01:20;0;0
10-22-2010 01:21;0;0
10-22-2010 01:22;0;0
10-22-2010 01:23;0;0
10-22-2010 01:24;0;0
10-22-2010 01:25;4;0
10-22-2010 01:26;0;0
10-22-2010 01:27;0;0
10-22-2010 01:28;0;0
10-22-2010 01:29;0;0
10-22-2010 01:30;0;0
10-22-2010 01:31;0;0
10-22-2010 01:32;0;0
10-22-2010 01:33;0;0
10-22-2010 01:34;30;0
10-22-2010 01:35;0;0
10-22-2010 01:36;0;0
10-22-2010 01:37;0;0
10-22-2010 01:38;0;0
10-22-2010 01:39;0;0
10-22-2010 01:40;0;0
10-22-2010 01:41;0;0
10-22-2010 01:42;0;0
10-22-2010 01:43;0;0
10-22-2010 01:44;217;0
10-22-2010 01:45;9;0
10-22-2010 01:46;103;0
10-22-2010 01:47;0;0
10-22-2010 01:48;487;0
10-22-2010 01:49;691;0
10-22-2010 01:50;342;0
10-22-2010 01:51;377;0
10-22-2010 01:52;520;0
10-22-2010 01:53;443;0
10-22-2010 01:54;332;0
10-22-2010 01:55;415;0
10-22-2010 01:56;629;0
10-22-2010 01:57;167;0
10-22-2010 01:58;83;0
10-22-2010 01:59;0;0
10-22-2010 02:00;15;0
10-22-2010 02:01;47;0
10-22-2010 02:02;10;0
10-22-2010 02:03;127;0
10-22-2010 02:04;283;0
10-22-2010 02:05;86;0
10-22-2010 02:06;127;0
10-22-2010 02:07;24;0
10-22-2010 02:08;5;0
10-22-2010 02:09;44;0
10-22-2010 02:10;13;0
10-22-2010 02:11;2;0
10-22-2010 02:12;0;0
10-22-2010 02:13;0;0
10-22-2010 02:14;7;0
10-22-2010 02:15;0;0
10-22-2010 02:16;17;0
10-22-2010 02:17;15;0
10-22-2010 02:18;57;0
10-22-2010 02:19;132;0
10-22-2010 02:20;64;0
10-22-2010 02:21;34;0
10-22-2010 02:22;12;0
10-22-2010 02:23;78;0
10-22-2010 02:24;107;0
10-22-2010 02:25;20;0
10-22-2010 02:26;75;0
10-22-2010 02:27;141;0
10-22-2010 02:28;390;0
10-22-2010 02:29;390;0
10-22-2010 02:30;354;0
10-22-2010 02:31;332;0
10-22-2010 02:32;25;0
10-22-2010 02:33;81;0
10-22-2010 02:34;273;0
10-22-2010 02:35;321;0
10-22-2010 02:36;377;0
10-22-2010 02:37;354;0
10-22-2010 02:38;649;0
10-22-2010 02:39;256;0
10-22-2010 02:40;115;0
10-22-2010 02:41;81;0
10-22-2010 02:42;273;0
10-22-2010 02:43;155;0
10-22-2010 02:44;96;0
10-22-2010 02:45;141;0
10-22-2010 02:46;197;0
10-22-2010 02:47;265;0
10-22-2010 02:48;96;0
10-22-2010 02:49;103;0
10-22-2010 02:50;92;0
10-22-2010 02:51;96;0
10-22-2010 02:52;247;0
10-22-2010 02:53;89;0
10-22-2010 02:54;66;0
10-22-2010 02:55;96;0
10-22-2010 02:56;292;0
10-22-2010 02:57;609;0
10-22-2010 02:58;629;0
10-22-2010 02:59;554;0
10-22-2010 03:00;390;0
10-22-2010 03:01;57;0
10-22-2010 03:02;342;0
10-22-2010 03:03;342;0
10-22-2010 03:04;443;0
10-22-2010 03:05;429;0
10-22-2010 03:06;390;0
10-22-2010 03:07;204;0
10-22-2010 03:08;946;1
10-22-2010 03:09;429;0
10-22-2010 03:10;590;0
10-22-2010 03:11;691;0
10-22-2010 03:12;691;0
10-22-2010 03:13;861;1
10-22-2010 03:14;691;0
10-22-2010 03:15;759;0
10-22-2010 03:16;59;0
10-22-2010 03:17;443;0
10-22-2010 03:18;81;0
10-22-2010 03:19;520;0
10-22-2010 03:20;590;0
10-22-2010 03:21;572;0
10-22-2010 03:22;122;0
10-22-2010 03:23;155;0
10-22-2010 03:24;155;0
10-22-2010 03:25;83;0
10-22-2010 03:26;127;0
10-22-2010 03:27;402;0
10-22-2010 03:28;1107;1
10-22-2010 03:29;736;0
10-22-2010 03:30;1040;1
10-22-2010 03:31;429;0
10-22-2010 03:32;457;0
10-22-2010 03:33;537;0
10-22-2010 03:34;265;0
10-22-2010 03:35;487;0
10-22-2010 03:36;649;0
10-22-2010 03:37;946;1
10-22-2010 03:38;487;0
10-22-2010 03:39;946;1
10-22-2010 03:40;888;1
10-22-2010 03:41;669;0
10-22-2010 03:42;609;0
10-22-2010 03:43;232;0
10-22-2010 03:44;487;0
10-22-2010 03:45;321;0
10-22-2010 03:46;265;0
10-22-2010 03:47;332;0
10-22-2010 03:48;191;0
10-22-2010 03:49;365;0
10-22-2010 03:50;429;0
10-22-2010 03:51;240;0
10-22-2010 03:52;178;0
10-22-2010 03:53;311;0
10-22-2010 03:54;292;0
10-22-2010 03:55;311;0
10-22-2010 03:56;917;1
10-22-2010 03:57;1107;1
10-22-2010 03:58;834;0
10-22-2010 03:59;629;0
10-22-2010 04:00;649;0
10-22-2010 04:01;537;0
10-22-2010 04:02;554;0
10-22-2010 04:03;649;0
10-22-2010 04:04;537;0
10-22-2010 04:05;691;0
10-22-2010 04:06;977;1
10-22-2010 04:07;572;0
10-22-2010 04:08;247;0
10-22-2010 04:09;273;0
10-22-2010 04:10;64;0
10-22-2010 04:11;51;0
10-22-2010 04:12;127;0
10-22-2010 04:13;72;0
10-22-2010 04:14;342;0
10-22-2010 04:15;321;0
10-22-2010 04:16;402;0
10-22-2010 04:17;204;0
10-22-2010 04:18;0;0
10-22-2010 04:19;273;0
10-22-2010 04:20;342;0
10-22-2010 04:21;713;0
10-22-2010 04:22;155;0
10-22-2010 04:23;0;0
10-22-2010 04:24;537;0
10-22-2010 04:25;342;0
10-22-2010 04:26;834;0
10-22-2010 04:27;429;0
10-22-2010 04:28;122;0
10-22-2010 04:29;402;0
10-22-2010 04:30;365;0
10-22-2010 04:31;115;0
10-22-2010 04:32;89;0
10-22-2010 04:33;759;0
10-22-2010 04:34;487;0
10-22-2010 04:35;225;0
10-22-2010 04:36;47;0
10-22-2010 04:37;332;0
10-22-2010 04:38;265;0
10-22-2010 04:39;342;0
10-22-2010 04:40;146;0
10-22-2010 04:41;520;0
10-22-2010 04:42;759;0
10-22-2010 04:43;629;0
10-22-2010 04:44;554;0
10-22-2010 04:45;342;0
10-22-2010 04:46;122;0
10-22-2010 04:47;457;0
10-22-2010 04:48;487;0
10-22-2010 04:49;66;0
10-22-2010 04:50;191;0
10-22-2010 04:51;96;0
10-22-2010 04:52;265;0
10-22-2010 04:53;141;0
10-22-2010 04:54;240;0
10-22-2010 04:55;178;0
10-22-2010 04:56;302;0
10-22-2010 04:57;554;0
10-22-2010 04:58;609;0
10-22-2010 04:59;354;0
10-22-2010 05:00;240;0
10-22-2010 05:01;197;0
10-22-2010 05:02;178;0
10-22-2010 05:03;64;0
10-22-2010 05:04;51;0
10-22-2010 05:05;178;0
10-22-2010 05:06;204;0
10-22-2010 05:07;256;0
10-22-2010 05:08;103;0
10-22-2010 05:09;191;0
10-22-2010 05:10;127;0
10-22-2010 05:11;247;0
10-22-2010 05:12;365;0
10-22-2010 05:13;0;0
10-22-2010 05:14;146;0
10-22-2010 05:15;204;0
10-22-2010 05:16;132;0
10-22-2010 05:17;141;0
10-22-2010 05:18;342;0
10-22-2010 05:19;554;0
10-22-2010 05:20;100;0
10-22-2010 05:21;554;0
10-22-2010 05:22;520;0
10-22-2010 05:23;415;0
10-22-2010 05:24;390;0
10-22-2010 05:25;713;0
10-22-2010 05:26;321;0
10-22-2010 05:27;122;0
10-22-2010 05:28;111;0
10-22-2010 05:29;590;0
10-22-2010 05:30;609;0
10-22-2010 05:31;609;0
10-22-2010 05:32;669;0
10-22-2010 05:33;51;0
10-22-2010 05:34;2;0
10-22-2010 05:35;609;0
10-22-2010 05:36;946;1
10-22-2010 05:37;669;0
10-22-2010 05:38;354;0
10-22-2010 05:39;232;0
10-22-2010 05:40;78;0
10-22-2010 05:41;342;0
10-22-2010 05:42;691;0
10-22-2010 05:43;332;0
10-22-2010 05:44;377;0
10-22-2010 05:45;247;0
10-22-2010 05:46;390;0
10-22-2010 05:47;283;0
10-22-2010 05:48;151;0
10-22-2010 05:49;78;0
10-22-2010 05:50;132;0
10-22-2010 05:51;457;0
10-22-2010 05:52;265;0
10-22-2010 05:53;146;0
10-22-2010 05:54;32;0
10-22-2010 05:55;0;0
10-22-2010 05:56;66;0
10-22-2010 05:57;443;0
10-22-2010 05:58;537;0
10-22-2010 05:59;429;0
10-22-2010 06:00;520;0
10-22-2010 06:01;861;1
10-22-2010 06:02;609;0
10-22-2010 06:03;173;0
10-22-2010 06:04;103;0
10-22-2010 06:05;47;0
10-22-2010 06:06;64;0
10-22-2010 06:07;30;0
10-22-2010 06:08;472;0
10-22-2010 06:09;443;0
10-22-2010 06:10;365;0
10-22-2010 06:11;861;1
10-22-2010 06:12;503;0
10-22-2010 06:13;809;0
10-22-2010 06:14;429;0
10-22-2010 06:15;178;0
10-22-2010 06:16;75;0
10-22-2010 06:17;155;0
10-22-2010 06:18;75;0
10-22-2010 06:19;311;0
10-22-2010 06:20;232;0
10-22-2010 06:21;649;0
10-22-2010 06:22;240;0
10-22-2010 06:23;217;0
10-22-2010 06:24;225;0
10-22-2010 06:25;122;0
10-22-2010 06:26;210;0
10-22-2010 06:27;119;0
10-22-2010 06:28;34;0
10-22-2010 06:29;332;0
10-22-2010 06:30;240;0
10-22-2010 06:31;457;0
10-22-2010 06:32;302;0
10-22-2010 06:33;204;0
10-22-2010 06:34;127;0
10-22-2010 06:35;629;0
10-22-2010 06:36;265;0
10-22-2010 06:37;390;0
10-22-2010 06:38;96;0
10-22-2010 06:39;225;0
10-22-2010 06:40;669;0
10-22-2010 06:41;402;0
10-22-2010 06:42;232;0
10-22-2010 06:43;265;0
10-22-2010 06:44;247;0
10-22-2010 06:45;173;0
10-22-2010 06:46;256;0
10-22-2010 06:47;472;0
10-22-2010 06:48;609;0
10-22-2010 06:49;256;0
10-22-2010 06:50;256;0
10-22-2010 06:51;55;0
10-22-2010 06:52;75;0
10-22-2010 06:53;86;0
10-22-2010 06:54;47;0
10-22-2010 06:55;311;0
10-22-2010 06:56;197;0
10-22-2010 06:57;119;0
10-22-2010 06:58;247;0
10-22-2010 06:59;402;0
10-22-2010 07:00;38;0
10-22-2010 07:01;443;0
10-22-2010 07:02;42;0
10-22-2010 07:03;402;0
10-22-2010 07:04;332;0
10-22-2010 07:05;365;0
10-22-2010 07:06;265;0
10-22-2010 07:07;429;0
10-22-2010 07:08;141;0
10-22-2010 07:09;265;0
10-22-2010 07:10;342;0
10-22-2010 07:11;273;0
10-22-2010 07:12;292;0
10-22-2010 07:13;321;0
10-22-2010 07:14;151;0
10-22-2010 07:15;167;0
10-22-2010 07:16;167;0
10-22-2010 07:17;197;0
10-22-2010 07:18;83;0
10-22-2010 07:19;191;0
10-22-2010 07:20;122;0
10-22-2010 07:21;342;0
10-22-2010 07:22;256;0
10-22-2010 07:23;332;0
10-22-2010 07:24;390;0
10-22-2010 07:25;537;0
10-22-2010 07:26;609;0
10-22-2010 07:27;429;0
10-22-2010 07:28;443;0
10-22-2010 07:29;572;0
10-22-2010 07:30;354;0
10-22-2010 07:31;137;0
10-22-2010 07:32;122;0
10-22-2010 07:33;167;0
10-22-2010 07:34;204;0
10-22-2010 07:35;61;0
10-22-2010 07:36;232;0
10-22-2010 07:37;247;0
10-22-2010 07:38;232;0
10-22-2010 07:39;167;0
10-22-2010 07:40;92;0
10-22-2010 07:41;89;0
10-22-2010 07:42;34;0
10-22-2010 07:43;759;0
10-22-2010 07:44;247;0
10-22-2010 07:45;92;0
10-22-2010 07:46;191;0
10-22-2010 07:47;332;0
10-22-2010 07:48;390;0
10-22-2010 07:49;572;0
10-22-2010 07:50;44;0
10-22-2010 07:51;342;0
10-22-2010 07:52;217;0
10-22-2010 07:53;834;0
10-22-2010 07:54;210;0
10-22-2010 07:55;115;0
10-22-2010 07:56;520;0
10-22-2010 07:57;161;0
10-22-2010 07:58;178;0
10-22-2010 07:59;191;0
10-22-2010 08:00;119;0
10-22-2010 08:01;44;0
10-22-2010 08:02;332;0
10-22-2010 08:03;86;0
10-22-2010 08:04;342;0
10-22-2010 08:05;191;0
10-22-2010 08:06;311;0
10-22-2010 08:07;32;0
10-22-2010 08:08;2;0
10-22-2010 08:09;92;0
10-22-2010 08:10;8;0
10-22-2010 08:11;103;0
10-22-2010 08:12;151;0
10-22-2010 08:13;197;0
10-22-2010 08:14;210;0
10-22-2010 08:15;14;0
10-22-2010 08:16;256;0
10-22-2010 08:17;155;0
10-22-2010 08:18;34;0
10-22-2010 08:19;217;0
10-22-2010 08:20;240;0
10-22-2010 08:21;173;0
10-22-2010 08:22;103;0
10-22-2010 08:23;89;0
10-22-2010 08:24;44;0
10-22-2010 08:25;53;0
10-22-2010 08:26;127;0
10-22-2010 08:27;61;0
10-22-2010 08:28;66;0
10-22-2010 08:29;103;0
10-22-2010 08:30;713;0
10-22-2010 08:31;365;0
10-22-2010 08:32;429;0
10-22-2010 08:33;429;0
10-22-2010 08:34;691;0
10-22-2010 08:35;472;0
10-22-2010 08:36;365;0
10-22-2010 08:37;537;0
10-22-2010 08:38;520;0
10-22-2010 08:39;119;0
10-22-2010 08:40;273;0
10-22-2010 08:41;151;0
10-22-2010 08:42;100;0
10-22-2010 08:43;311;0
10-22-2010 08:44;691;0
10-22-2010 08:45;161;0
10-22-2010 08:46;25;0
10-22-2010 08:47;429;0
10-22-2010 08:48;649;0
10-22-2010 08:49;178;0
10-22-2010 08:50;167;0
10-22-2010 08:51;191;0
10-22-2010 08:52;167;0
10-22-2010 08:53;377;0
10-22-2010 08:54;321;0
10-22-2010 08:55;472;0
10-22-2010 08:56;127;0
10-22-2010 08:57;61;0
10-22-2010 08:58;167;0
10-22-2010 08:59;178;0
10-22-2010 09:00;100;0
10-22-2010 09:01;72;0
10-22-2010 09:02;111;0
10-22-2010 09:03;240;0
10-22-2010 09:04;78;0
10-22-2010 09:05;103;0
10-22-2010 09:06;256;0
10-22-2010 09:07;256;0
10-22-2010 09:08;572;0
10-22-2010 09:09;96;0
10-22-2010 09:10;332;0
10-22-2010 09:11;178;0
10-22-2010 09:12;107;0
10-22-2010 09:13;256;0
10-22-2010 09:14;283;0
10-22-2010 09:15;443;0
10-22-2010 09:16;247;0
10-22-2010 09:17;809;0
10-22-2010 09:18;232;0
10-22-2010 09:19;141;0
10-22-2010 09:20;141;0
10-22-2010 09:21;47;0
10-22-2010 09:22;184;0
10-22-2010 09:23;83;0
10-22-2010 09:24;240;0
10-22-2010 09:25;167;0
10-22-2010 09:26;137;0
10-22-2010 09:27;72;0
10-22-2010 09:28;247;0
10-22-2010 09:29;83;0
10-22-2010 09:30;86;0
10-22-2010 09:31;210;0
10-22-2010 09:32;122;0
10-22-2010 09:33;167;0
10-22-2010 09:34;141;0
10-22-2010 09:35;629;0
10-22-2010 09:36;713;0
10-22-2010 09:37;64;0
10-22-2010 09:38;10;0
10-22-2010 09:39;210;0
10-22-2010 09:40;96;0
10-22-2010 09:41;57;0
10-22-2010 09:42;40;0
10-22-2010 09:43;191;0
10-22-2010 09:44;184;0
10-22-2010 09:45;132;0
10-22-2010 09:46;302;0
10-22-2010 09:47;311;0
10-22-2010 09:48;225;0
10-22-2010 09:49;204;0
10-22-2010 09:50;69;0
10-22-2010 09:51;155;0
10-22-2010 09:52;146;0
10-22-2010 09:53;146;0
10-22-2010 09:54;127;0
10-22-2010 09:55;23;0
10-22-2010 09:56;240;0
10-22-2010 09:57;72;0
10-22-2010 09:58;210;0
10-22-2010 09:59;210;0
10-22-2010 10:00;210;0
10-22-2010 10:01;217;0
10-22-2010 10:02;377;0
10-22-2010 10:03;265;0
10-22-2010 10:04;240;0
10-22-2010 10:05;225;0
10-22-2010 10:06;256;0
10-22-2010 10:07;167;0
10-22-2010 10:08;132;0
10-22-2010 10:09;173;0
10-22-2010 10:10;265;0
10-22-2010 10:11;503;0
10-22-2010 10:12;503;0
10-22-2010 10:13;332;0
10-22-2010 10:14;204;0
10-22-2010 10:15;457;0
10-22-2010 10:16;311;0
10-22-2010 10:17;321;0
10-22-2010 10:18;292;0
10-22-2010 10:19;503;0
10-22-2010 10:20;457;0
10-22-2010 10:21;197;0
10-22-2010 10:22;155;0
10-22-2010 10:23;354;0
10-22-2010 10:24;354;0
10-22-2010 10:25;197;0
10-22-2010 10:26;204;0
10-22-2010 10:27;173;0
10-22-2010 10:28;342;0
10-22-2010 10:29;161;0
10-22-2010 10:30;115;0
10-22-2010 10:31;137;0
10-22-2010 10:32;132;0
10-22-2010 10:33;46;0
10-22-2010 10:34;53;0
10-22-2010 10:35;217;0
10-22-2010 10:36;132;0
10-22-2010 10:37;55;0
10-22-2010 10:38;27;0
10-22-2010 10:39;20;0
10-22-2010 10:40;184;0
10-22-2010 10:41;232;0
10-22-2010 10:42;537;0
10-22-2010 10:43;103;0
10-22-2010 10:44;75;0
10-22-2010 10:45;26;0
10-22-2010 10:46;20;0
10-22-2010 10:47;78;0
10-22-2010 10:48;132;0
10-22-2010 10:49;78;0
10-22-2010 10:50;122;0
10-22-2010 10:51;78;0
10-22-2010 10:52;89;0
10-22-2010 10:53;115;0
10-22-2010 10:54;57;0
10-22-2010 10:55;36;0
10-22-2010 10:56;197;0
10-22-2010 10:57;69;0
10-22-2010 10:58;197;0
10-22-2010 10:59;503;0
10-22-2010 11:00;487;0
10-22-2010 11:01;265;0
10-22-2010 11:02;247;0
10-22-2010 11:03;415;0
10-22-2010 11:04;46;0
10-22-2010 11:05;759;0
10-22-2010 11:06;888;1
10-22-2010 11:07;669;0
10-22-2010 11:08;443;0
10-22-2010 11:09;590;0
10-22-2010 11:10;415;0
10-22-2010 11:11;554;0
10-22-2010 11:12;609;0
10-22-2010 11:13;292;0
10-22-2010 11:14;784;0
10-22-2010 11:15;520;0
10-22-2010 11:16;161;0
10-22-2010 11:17;402;0
10-22-2010 11:18;888;1
10-22-2010 11:19;609;0
10-22-2010 11:20;415;0
10-22-2010 11:21;240;0
10-22-2010 11:22;713;0
10-22-2010 11:23;321;0
10-22-2010 11:24;210;0
10-22-2010 11:25;292;0
10-22-2010 11:26;457;0
10-22-2010 11:27;111;0
10-22-2010 11:28;332;0
10-22-2010 11:29;572;0
10-22-2010 11:30;520;0
10-22-2010 11:31;311;0
10-22-2010 11:32;197;0
10-22-2010 11:33;184;0
10-22-2010 11:34;107;0
10-22-2010 11:35;5;0
10-22-2010 11:36;78;0
10-22-2010 11:37;265;0
10-22-2010 11:38;210;0
10-22-2010 11:39;247;0
10-22-2010 11:40;127;0
10-22-2010 11:41;30;0
10-22-2010 11:42;146;0
10-22-2010 11:43;197;0
10-22-2010 11:44;247;0
10-22-2010 11:45;167;0
10-22-2010 11:46;127;0
10-22-2010 11:47;247;0
10-22-2010 11:48;197;0
10-22-2010 11:49;197;0
10-22-2010 11:50;240;0
10-22-2010 11:51;247;0
10-22-2010 11:52;232;0
10-22-2010 11:53;155;0
10-22-2010 11:54;81;0
10-22-2010 11:55;321;0
10-22-2010 11:56;127;0
10-22-2010 11:57;861;1
10-22-2010 11:58;977;1
10-22-2010 11:59;457;0
10-22-2010 12:00;487;0
10-22-2010 12:01;809;0
10-22-2010 12:02;784;0
10-22-2010 12:03;503;0
10-22-2010 12:04;759;0
10-22-2010 12:05;946;1
10-22-2010 12:06;669;0
10-22-2010 12:07;713;0
10-22-2010 12:08;1073;1
10-22-2010 12:09;888;1
10-22-2010 12:10;1107;1
10-22-2010 12:11;1073;1
10-22-2010 12:12;377;0
10-22-2010 12:13;443;0
10-22-2010 12:14;415;0
10-22-2010 12:15;1335;1
10-22-2010 12:16;834;0
10-22-2010 12:17;759;0
10-22-2010 12:18;1216;1
10-22-2010 12:19;1254;1
10-22-2010 12:20;1008;1
10-22-2010 12:21;1107;1
10-22-2010 12:22;834;0
10-22-2010 12:23;946;1
10-22-2010 12:24;554;0
10-22-2010 12:25;537;0
10-22-2010 12:26;365;0
10-22-2010 12:27;457;0
10-22-2010 12:28;472;0
10-22-2010 12:29;472;0
10-22-2010 12:30;402;0
10-22-2010 12:31;415;0
10-22-2010 12:32;487;0
10-22-2010 12:33;609;0
10-22-2010 12:34;292;0
10-22-2010 12:35;302;0
10-22-2010 12:36;537;0
10-22-2010 12:37;443;0
10-22-2010 12:38;311;0
10-22-2010 12:39;332;0
10-22-2010 12:40;210;0
10-22-2010 12:41;472;0
10-22-2010 12:42;96;0
10-22-2010 12:43;240;0
10-22-2010 12:44;265;0
10-22-2010 12:45;103;0
10-22-2010 12:46;354;0
10-22-2010 12:47;342;0
10-22-2010 12:48;273;0
10-22-2010 12:49;137;0
10-22-2010 12:50;247;0
10-22-2010 12:51;256;0
10-22-2010 12:52;503;0
10-22-2010 12:53;342;0
10-22-2010 12:54;59;0
10-22-2010 12:55;784;0
10-22-2010 12:56;302;0
10-22-2010 12:57;273;0
10-22-2010 12:58;256;0
10-22-2010 12:59;377;0
10-22-2010 13:00;302;0
10-22-2010 13:01;520;0
10-22-2010 13:02;861;1
10-22-2010 13:03;649;0
10-22-2010 13:04;1040;1
10-22-2010 13:05;1421;1
10-22-2010 13:06;946;1
10-22-2010 13:07;487;0
10-22-2010 13:08;834;0
10-22-2010 13:09;629;0
10-22-2010 13:10;977;1
10-22-2010 13:11;834;0
10-22-2010 13:12;861;1
10-22-2010 13:13;888;1
10-22-2010 13:14;713;0
10-22-2010 13:15;1143;1
10-22-2010 13:16;1073;1
10-22-2010 13:17;609;0
10-22-2010 13:18;443;0
10-22-2010 13:19;1335;1
10-22-2010 13:20;537;0
10-22-2010 13:21;629;0
10-22-2010 13:22;1040;1
10-22-2010 13:23;1040;1
10-22-2010 13:24;736;0
10-22-2010 13:25;365;0
10-22-2010 13:26;691;0
10-22-2010 13:27;487;0
10-22-2010 13:28;240;0
10-22-2010 13:29;191;0
10-22-2010 13:30;210;0
10-22-2010 13:31;146;0
10-22-2010 13:32;225;0
10-22-2010 13:33;217;0
10-22-2010 13:34;107;0
10-22-2010 13:35;47;0
10-22-2010 13:36;184;0
10-22-2010 13:37;443;0
10-22-2010 13:38;1040;1
10-22-2010 13:39;713;0
10-22-2010 13:40;191;0
10-22-2010 13:41;443;0
10-22-2010 13:42;1143;1
10-22-2010 13:43;1008;1
10-22-2010 13:44;429;0
10-22-2010 13:45;736;0
10-22-2010 13:46;572;0
10-22-2010 13:47;736;0
10-22-2010 13:48;759;0
10-22-2010 13:49;487;0
10-22-2010 13:50;472;0
10-22-2010 13:51;520;0
10-22-2010 13:52;736;0
10-22-2010 13:53;292;0
10-22-2010 13:54;302;0
10-22-2010 13:55;146;0
10-22-2010 13:56;34;0
10-22-2010 13:57;197;0
10-22-2010 13:58;332;0
10-22-2010 13:59;321;0
10-22-2010 14:00;443;0
10-22-2010 14:01;554;0
10-22-2010 14:02;520;0
10-22-2010 14:03;736;0
10-22-2010 14:04;834;0
10-22-2010 14:05;669;0
10-22-2010 14:06;917;1
10-22-2010 14:07;1008;1
10-22-2010 14:08;977;1
10-22-2010 14:09;809;0
10-22-2010 14:10;669;0
10-22-2010 14:11;537;0
10-22-2010 14:12;487;0
10-22-2010 14:13;178;0
10-22-2010 14:14;834;0
10-22-2010 14:15;146;0
10-22-2010 14:16;256;0
10-22-2010 14:17;16;0
10-22-2010 14:18;83;0
10-22-2010 14:19;0;0
10-22-2010 14:20;42;0
10-22-2010 14:21;34;0
10-22-2010 14:22;0;0
10-22-2010 14:23;0;0
10-22-2010 14:24;11;0
10-22-2010 14:25;0;0
10-22-2010 14:26;0;0
10-22-2010 14:27;46;0
10-22-2010 14:28;0;0
10-22-2010 14:29;0;0
10-22-2010 14:30;146;0
10-22-2010 14:31;69;0
10-22-2010 14:32;0;0
10-22-2010 14:33;26;0
10-22-2010 14:34;457;0
10-22-2010 14:35;629;0
10-22-2010 14:36;487;0
10-22-2010 14:37;167;0
10-22-2010 14:38;332;0
10-22-2010 14:39;302;0
10-22-2010 14:40;609;0
10-22-2010 14:41;669;0
10-22-2010 14:42;225;0
10-22-2010 14:43;119;0
10-22-2010 14:44;127;0
10-22-2010 14:45;103;0
10-22-2010 14:46;232;0
10-22-2010 14:47;49;0
10-22-2010 14:48;122;0
10-22-2010 14:49;302;0
10-22-2010 14:50;16;0
10-22-2010 14:51;256;0
10-22-2010 14:52;64;0
10-22-2010 14:53;415;0
10-22-2010 14:54;520;0
10-22-2010 14:55;649;0
10-22-2010 14:56;443;0
10-22-2010 14:57;888;1
10-22-2010 14:58;649;0
10-22-2010 14:59;917;1
10-22-2010 15:00;0;0
10-22-2010 15:01;0;0
10-22-2010 15:02;0;0
10-22-2010 15:03;2;0
10-22-2010 15:04;0;0
10-22-2010 15:05;0;0
10-22-2010 15:06;0;0
10-22-2010 15:07;0;0
10-22-2010 15:08;0;0
10-22-2010 15:09;0;0
10-22-2010 15:10;0;0
10-22-2010 15:11;0;0
10-22-2010 15:12;0;0
10-22-2010 15:13;0;0
10-22-2010 15:14;0;0
10-22-2010 15:15;0;0
10-22-2010 15:16;0;0
10-22-2010 15:17;0;0
10-22-2010 15:18;0;0
10-22-2010 15:19;0;0
10-22-2010 15:20;0;0
10-22-2010 15:21;0;0
10-22-2010 15:22;0;0
10-22-2010 15:23;0;0
10-22-2010 15:24;0;0
10-22-2010 15:25;0;0
10-22-2010 15:26;0;0
10-22-2010 15:27;0;0
10-22-2010 15:28;0;0
10-22-2010 15:29;0;0
10-22-2010 15:30;0;0
10-22-2010 15:31;0;0
10-22-2010 15:32;0;0
10-22-2010 15:33;0;0
10-22-2010 15:34;0;0
10-22-2010 15:35;0;0
10-22-2010 15:36;0;0
10-22-2010 15:37;0;0
10-22-2010 15:38;0;0
10-22-2010 15:39;0;0
10-22-2010 15:40;0;0
10-22-2010 15:41;0;0
10-22-2010 15:42;0;0
10-22-2010 15:43;0;0
10-22-2010 15:44;0;0
10-22-2010 15:45;0;0
10-22-2010 15:46;0;0
10-22-2010 15:47;0;0
10-22-2010 15:48;0;0
10-22-2010 15:49;0;0
10-22-2010 15:50;0;0
10-22-2010 15:51;0;0
10-22-2010 15:52;0;0
10-22-2010 15:53;0;0
10-22-2010 15:54;0;0
10-22-2010 15:55;0;0
10-22-2010 15:56;0;0
10-22-2010 15:57;0;0
10-22-2010 15:58;0;0
10-22-2010 15:59;0;0
10-22-2010 16:00;0;0
10-22-2010 16:01;0;0
10-22-2010 16:02;0;0
10-22-2010 16:03;0;0
10-22-2010 16:04;0;0
10-22-2010 16:05;0;0
10-22-2010 16:06;0;0
10-22-2010 16:07;0;0
10-22-2010 16:08;0;0
10-22-2010 16:09;0;0
10-22-2010 16:10;0;0
10-22-2010 16:11;0;0
10-22-2010 16:12;0;0
10-22-2010 16:13;0;0
10-22-2010 16:14;0;0
10-22-2010 16:15;0;0
10-22-2010 16:16;0;0
10-22-2010 16:17;0;0
10-22-2010 16:18;0;0
10-22-2010 16:19;0;0
10-22-2010 16:20;0;0
10-22-2010 16:21;0;0
10-22-2010 16:22;0;0
10-22-2010 16:23;0;0
10-22-2010 16:24;0;0
10-22-2010 16:25;0;0
10-22-2010 16:26;0;0
10-22-2010 16:27;0;0
10-22-2010 16:28;0;0
10-22-2010 16:29;0;0
10-22-2010 16:30;0;0
10-22-2010 16:31;0;0
10-22-2010 16:32;0;0
10-22-2010 16:33;0;0
10-22-2010 16:34;0;0
10-22-2010 16:35;0;0
10-22-2010 16:36;0;0
10-22-2010 16:37;0;0
10-22-2010 16:38;0;0
10-22-2010 16:39;0;0
10-22-2010 16:40;0;0
10-22-2010 16:41;0;0
10-22-2010 16:42;0;0
10-22-2010 16:43;0;0
10-22-2010 16:44;0;0
10-22-2010 16:45;0;0
10-22-2010 16:46;0;0
10-22-2010 16:47;0;0
10-22-2010 16:48;0;0
10-22-2010 16:49;0;0
10-22-2010 16:50;0;0
10-22-2010 16:51;0;0
10-22-2010 16:52;0;0
10-22-2010 16:53;0;0
10-22-2010 16:54;0;0
10-22-2010 16:55;0;0
10-22-2010 16:56;0;0
10-22-2010 16:57;0;0
10-22-2010 16:58;0;0
10-22-2010 16:59;0;0
10-22-2010 17:00;0;0
10-22-2010 17:01;0;0
10-22-2010 17:02;0;0
10-22-2010 17:03;0;0
10-22-2010 17:04;0;0
10-22-2010 17:05;0;0
10-22-2010 17:06;0;0
10-22-2010 17:07;0;0
10-22-2010 17:08;0;0
10-22-2010 17:09;0;0
10-22-2010 17:10;0;0
10-22-2010 17:11;0;0
10-22-2010 17:12;0;0
10-22-2010 17:13;0;0
10-22-2010 17:14;0;0
10-22-2010 17:15;0;0
10-22-2010 17:16;0;0
10-22-2010 17:17;0;0
10-22-2010 17:18;0;0
10-22-2010 17:19;0;0
10-22-2010 17:20;0;0
10-22-2010 17:21;0;0
10-22-2010 17:22;0;0
10-22-2010 17:23;0;0
10-22-2010 17:24;0;0
10-22-2010 17:25;0;0
10-22-2010 17:26;0;0
10-22-2010 17:27;0;0
10-22-2010 17:28;0;0
10-22-2010 17:29;0;0
10-22-2010 17:30;0;0
10-22-2010 17:31;0;0
10-22-2010 17:32;0;0
10-22-2010 17:33;0;0
10-22-2010 17:34;0;0
10-22-2010 17:35;0;0
10-22-2010 17:36;0;0
10-22-2010 17:37;0;0
10-22-2010 17:38;0;0
10-22-2010 17:39;0;0
10-22-2010 17:40;0;0
10-22-2010 17:41;0;0
10-22-2010 17:42;0;0
10-22-2010 17:43;0;0
10-22-2010 17:44;0;0
10-22-2010 17:45;0;0
10-22-2010 17:46;0;0
10-22-2010 17:47;0;0
10-22-2010 17:48;0;0
10-22-2010 17:49;0;0
10-22-2010 17:50;0;0
10-22-2010 17:51;0;0
10-22-2010 17:52;0;0
10-22-2010 17:53;0;0
10-22-2010 17:54;0;0
10-22-2010 17:55;0;0
10-22-2010 17:56;0;0
10-22-2010 17:57;0;0
10-22-2010 17:58;0;0
10-22-2010 17:59;0;0
10-22-2010 18:00;0;0
10-22-2010 18:01;0;0
10-22-2010 18:02;0;0
10-22-2010 18:03;0;0
10-22-2010 18:04;0;0
10-22-2010 18:05;0;0
10-22-2010 18:06;0;0
10-22-2010 18:07;0;0
10-22-2010 18:08;0;0
10-22-2010 18:09;0;0
10-22-2010 18:10;0;0
10-22-2010 18:11;0;0
10-22-2010 18:12;0;0
10-22-2010 18:13;0;0
10-22-2010 18:14;0;0
10-22-2010 18:15;0;0
10-22-2010 18:16;0;0
10-22-2010 18:17;0;0
10-22-2010 18:18;0;0
10-22-2010 18:19;0;0
10-22-2010 18:20;0;0
10-22-2010 18:21;0;0
10-22-2010 18:22;0;0
10-22-2010 18:23;0;0
10-22-2010 18:24;0;0
10-22-2010 18:25;0;0
10-22-2010 18:26;0;0
10-22-2010 18:27;0;0
10-22-2010 18:28;0;0
10-22-2010 18:29;0;0
10-22-2010 18:30;0;0
10-22-2010 18:31;0;0
10-22-2010 18:32;0;0
10-22-2010 18:33;0;0
10-22-2010 18:34;0;0
10-22-2010 18:35;0;0
10-22-2010 18:36;0;0
10-22-2010 18:37;0;0
10-22-2010 18:38;0;0
10-22-2010 18:39;0;0
10-22-2010 18:40;0;0
10-22-2010 18:41;0;0
10-22-2010 18:42;0;0
10-22-2010 18:43;18;0
10-22-2010 18:44;0;0
10-22-2010 18:45;0;0
10-22-2010 18:46;0;0
10-22-2010 18:47;0;0
10-22-2010 18:48;0;0
10-22-2010 18:49;0;0
10-22-2010 18:50;0;0
10-22-2010 18:51;0;0
10-22-2010 18:52;0;0
10-22-2010 18:53;0;0
10-22-2010 18:54;0;0
10-22-2010 18:55;0;0
10-22-2010 18:56;0;0
10-22-2010 18:57;0;0
10-22-2010 18:58;0;0
10-22-2010 18:59;0;0
10-22-2010 19:00;0;0
10-22-2010 19:01;0;0
10-22-2010 19:02;0;0
10-22-2010 19:03;0;0
10-22-2010 19:04;0;0
10-22-2010 19:05;0;0
10-22-2010 19:06;204;0
10-22-2010 19:07;40;0
10-22-2010 19:08;14;0
10-22-2010 19:09;354;0
10-22-2010 19:10;30;0
10-22-2010 19:11;217;0
10-22-2010 19:12;503;0
10-22-2010 19:13;332;0
10-22-2010 19:14;36;0
10-22-2010 19:15;0;0
10-22-2010 19:16;167;0
10-22-2010 19:17;4;0
10-22-2010 19:18;155;0
10-22-2010 19:19;115;0
10-22-2010 19:20;141;0
10-22-2010 19:21;22;0
10-22-2010 19:22;4;0
10-22-2010 19:23;89;0
10-22-2010 19:24;390;0
10-22-2010 19:25;191;0
10-22-2010 19:26;22;0
10-22-2010 19:27;736;0
10-22-2010 19:28;256;0
10-22-2010 19:29;311;0
10-22-2010 19:30;861;1
10-22-2010 19:31;415;0
10-22-2010 19:32;977;1
10-22-2010 19:33;302;0
10-22-2010 19:34;204;0
10-22-2010 19:35;629;0
10-22-2010 19:36;1660;1
10-22-2010 19:37;977;1
10-22-2010 19:38;669;0
10-22-2010 19:39;127;0
10-22-2010 19:40;6;0
10-22-2010 19:41;225;0
10-22-2010 19:42;283;0
10-22-2010 19:43;161;0
10-22-2010 19:44;247;0
10-22-2010 19:45;197;0
10-22-2010 19:46;292;0
10-22-2010 19:47;151;0
10-22-2010 19:48;2;0
10-22-2010 19:49;40;0
10-22-2010 19:50;141;0
10-22-2010 19:51;537;0
10-22-2010 19:52;204;0
10-22-2010 19:53;520;0
10-22-2010 19:54;161;0
10-22-2010 19:55;402;0
10-22-2010 19:56;332;0
10-22-2010 19:57;402;0
10-22-2010 19:58;457;0
10-22-2010 19:59;487;0
10-22-2010 20:00;0;0
10-22-2010 20:01;161;0
10-22-2010 20:02;107;0
10-22-2010 20:03;457;0
10-22-2010 20:04;0;0
10-22-2010 20:05;0;0
10-22-2010 20:06;0;0
10-22-2010 20:07;0;0
10-22-2010 20:08;0;0
10-22-2010 20:09;51;0
10-22-2010 20:10;0;0
10-22-2010 20:11;0;0
10-22-2010 20:12;0;0
10-22-2010 20:13;0;0
10-22-2010 20:14;0;0
10-22-2010 20:15;0;0
10-22-2010 20:16;0;0
10-22-2010 20:17;0;0
10-22-2010 20:18;0;0
10-22-2010 20:19;0;0
10-22-2010 20:20;0;0
10-22-2010 20:21;0;0
10-22-2010 20:22;0;0
10-22-2010 20:23;0;0
10-22-2010 20:24;0;0
10-22-2010 20:25;0;0
10-22-2010 20:26;0;0
10-22-2010 20:27;0;0
10-22-2010 20:28;0;0
10-22-2010 20:29;0;0
10-22-2010 20:30;0;0
10-22-2010 20:31;0;0
10-22-2010 20:32;0;0
10-22-2010 20:33;0;0
10-22-2010 20:34;0;0
10-22-2010 20:35;0;0
10-22-2010 20:36;0;0
10-22-2010 20:37;0;0
10-22-2010 20:38;0;0
10-22-2010 20:39;0;0
10-22-2010 20:40;0;0
10-22-2010 20:41;0;0
10-22-2010 20:42;311;0
10-22-2010 20:43;210;0
10-22-2010 20:44;0;0
10-22-2010 20:45;0;0
10-22-2010 20:46;0;0
10-22-2010 20:47;0;0
10-22-2010 20:48;0;0
10-22-2010 20:49;0;0
10-22-2010 20:50;0;0
10-22-2010 20:51;0;0
10-22-2010 20:52;0;0
10-22-2010 20:53;0;0
10-22-2010 20:54;0;0
10-22-2010 20:55;0;0
10-22-2010 20:56;0;0
10-22-2010 20:57;0;0
10-22-2010 20:58;0;0
10-22-2010 20:59;0;0
10-22-2010 21:00;0;0
10-22-2010 21:01;0;0
10-22-2010 21:02;0;0
10-22-2010 21:03;0;0
10-22-2010 21:04;0;0
10-22-2010 21:05;0;0
10-22-2010 21:06;0;0
10-22-2010 21:07;0;0
10-22-2010 21:08;0;0
10-22-2010 21:09;55;0
10-22-2010 21:10;0;0
10-22-2010 21:11;0;0
10-22-2010 21:12;0;0
10-22-2010 21:13;0;0
10-22-2010 21:14;6;0
10-22-2010 21:15;0;0
10-22-2010 21:16;0;0
10-22-2010 21:17;0;0
10-22-2010 21:18;0;0
10-22-2010 21:19;0;0
10-22-2010 21:20;14;0
10-22-2010 21:21;0;0
10-22-2010 21:22;0;0
10-22-2010 21:23;0;0
10-22-2010 21:24;0;0
10-22-2010 21:25;0;0
10-22-2010 21:26;0;0
10-22-2010 21:27;0;0
10-22-2010 21:28;0;0
10-22-2010 21:29;0;0
10-22-2010 21:30;0;0
10-22-2010 21:31;0;0
10-22-2010 21:32;0;0
10-22-2010 21:33;0;0
10-22-2010 21:34;0;0
10-22-2010 21:35;66;0
10-22-2010 21:36;0;0
10-22-2010 21:37;0;0
10-22-2010 21:38;0;0
10-22-2010 21:39;0;0
10-22-2010 21:40;0;0
10-22-2010 21:41;0;0
10-22-2010 21:42;21;0
10-22-2010 21:43;0;0
10-22-2010 21:44;167;0
10-22-2010 21:45;0;0
10-22-2010 21:46;0;0
10-22-2010 21:47;0;0
10-22-2010 21:48;0;0
10-22-2010 21:49;0;0
10-22-2010 21:50;0;0
10-22-2010 21:51;0;0
10-22-2010 21:52;0;0
10-22-2010 21:53;0;0
10-22-2010 21:54;0;0
10-22-2010 21:55;0;0
10-22-2010 21:56;0;0
10-22-2010 21:57;26;0
10-22-2010 21:58;0;0
10-22-2010 21:59;38;0
10-22-2010 22:00;0;0
10-22-2010 22:01;0;0
10-22-2010 22:02;0;0
10-22-2010 22:03;0;0
10-22-2010 22:04;0;0
10-22-2010 22:05;0;0
10-22-2010 22:06;0;0
10-22-2010 22:07;0;0
10-22-2010 22:08;0;0
10-22-2010 22:09;32;0
10-22-2010 22:10;0;0
10-22-2010 22:11;0;0
10-22-2010 22:12;0;0
10-22-2010 22:13;0;0
10-22-2010 22:14;0;0
10-22-2010 22:15;0;0
10-22-2010 22:16;122;0
10-22-2010 22:17;0;0
10-22-2010 22:18;0;0
10-22-2010 22:19;0;0
10-22-2010 22:20;0;0
10-22-2010 22:21;0;0
10-22-2010 22:22;78;0
10-22-2010 22:23;0;0
10-22-2010 22:24;0;0
10-22-2010 22:25;0;0
10-22-2010 22:26;0;0
10-22-2010 22:27;0;0
10-22-2010 22:28;0;0
10-22-2010 22:29;0;0
10-22-2010 22:30;0;0
10-22-2010 22:31;132;0
10-22-2010 22:32;0;0
10-22-2010 22:33;0;0
10-22-2010 22:34;0;0
10-22-2010 22:35;0;0
10-22-2010 22:36;0;0
10-22-2010 22:37;0;0
10-22-2010 22:38;0;0
10-22-2010 22:39;0;0
10-22-2010 22:40;0;0
10-22-2010 22:41;0;0
10-22-2010 22:42;0;0
10-22-2010 22:43;0;0
10-22-2010 22:44;0;0
10-22-2010 22:45;0;0
10-22-2010 22:46;0;0
10-22-2010 22:47;0;0
10-22-2010 22:48;0;0
10-22-2010 22:49;0;0
10-22-2010 22:50;127;0
10-22-2010 22:51;20;0
10-22-2010 22:52;0;0
10-22-2010 22:53;0;0
10-22-2010 22:54;0;0
10-22-2010 22:55;0;0
10-22-2010 22:56;0;0
10-22-2010 22:57;0;0
10-22-2010 22:58;0;0
10-22-2010 22:59;0;0
10-22-2010 23:00;0;0
10-22-2010 23:01;0;0
10-22-2010 23:02;0;0
10-22-2010 23:03;0;0
10-22-2010 23:04;0;0
10-22-2010 23:05;0;0
10-22-2010 23:06;0;0
10-22-2010 23:07;0;0
10-22-2010 23:08;0;0
10-22-2010 23:09;0;0
10-22-2010 23:10;0;0
10-22-2010 23:11;0;0
10-22-2010 23:12;0;0
10-22-2010 23:13;0;0
10-22-2010 23:14;0;0
10-22-2010 23:15;0;0
10-22-2010 23:16;0;0
10-22-2010 23:17;0;0
10-22-2010 23:18;0;0
10-22-2010 23:19;0;0
10-22-2010 23:20;0;0
10-22-2010 23:21;0;0
10-22-2010 23:22;0;0
10-22-2010 23:23;0;0
10-22-2010 23:24;0;0
10-22-2010 23:25;0;0
10-22-2010 23:26;0;0
10-22-2010 23:27;0;0
10-22-2010 23:28;24;0
10-22-2010 23:29;34;0
10-22-2010 23:30;0;0
10-22-2010 23:31;0;0
10-22-2010 23:32;0;0
10-22-2010 23:33;0;0
10-22-2010 23:34;0;0
10-22-2010 23:35;0;0
10-22-2010 23:36;0;0
10-22-2010 23:37;0;0
10-22-2010 23:38;8;0
10-22-2010 23:39;0;0
10-22-2010 23:40;0;0
10-22-2010 23:41;0;0
10-22-2010 23:42;2;0
10-22-2010 23:43;0;0
10-22-2010 23:44;17;0
10-22-2010 23:45;96;0
10-22-2010 23:46;0;0
10-22-2010 23:47;0;0
10-22-2010 23:48;0;0
10-22-2010 23:49;14;0
10-22-2010 23:50;2;0
10-22-2010 23:51;0;0
10-22-2010 23:52;0;0
10-22-2010 23:53;0;0
10-22-2010 23:54;0;0
10-22-2010 23:55;0;0
10-22-2010 23:56;0;0
10-22-2010 23:57;0;0
10-22-2010 23:58;0;0
10-22-2010 23:59;0;0
10-23-2010 00:00;0;0
10-23-2010 00:01;0;0
10-23-2010 00:02;0;0
10-23-2010 00:03;2;0
10-23-2010 00:04;0;0
10-23-2010 00:05;0;0
10-23-2010 00:06;0;0
10-23-2010 00:07;0;0
10-23-2010 00:08;0;0
10-23-2010 00:09;0;0
10-23-2010 00:10;6;0
10-23-2010 00:11;0;0
10-23-2010 00:12;0;0
10-23-2010 00:13;0;0
10-23-2010 00:14;0;0
10-23-2010 00:15;0;0
10-23-2010 00:16;0;0
10-23-2010 00:17;0;0
10-23-2010 00:18;0;0
10-23-2010 00:19;0;0
10-23-2010 00:20;0;0
10-23-2010 00:21;0;0
10-23-2010 00:22;0;0
10-23-2010 00:23;0;0
10-23-2010 00:24;0;0
10-23-2010 00:25;0;0
10-23-2010 00:26;16;0
10-23-2010 00:27;0;0
10-23-2010 00:28;0;0
10-23-2010 00:29;0;0
10-23-2010 00:30;0;0
10-23-2010 00:31;0;0
10-23-2010 00:32;0;0
10-23-2010 00:33;0;0
10-23-2010 00:34;81;0
10-23-2010 00:35;0;0
10-23-2010 00:36;0;0
10-23-2010 00:37;0;0
10-23-2010 00:38;0;0
10-23-2010 00:39;0;0
10-23-2010 00:40;0;0
10-23-2010 00:41;0;0
10-23-2010 00:42;0;0
10-23-2010 00:43;0;0
10-23-2010 00:44;3;0
10-23-2010 00:45;0;0
10-23-2010 00:46;0;0
10-23-2010 00:47;2;0
10-23-2010 00:48;0;0
10-23-2010 00:49;0;0
10-23-2010 00:50;0;0
10-23-2010 00:51;0;0
10-23-2010 00:52;0;0
10-23-2010 00:53;0;0
10-23-2010 00:54;15;0
10-23-2010 00:55;0;0
10-23-2010 00:56;0;0
10-23-2010 00:57;0;0
10-23-2010 00:58;0;0
10-23-2010 00:59;0;0
10-23-2010 01:00;0;0
10-23-2010 01:01;0;0
10-23-2010 01:02;0;0
10-23-2010 01:03;0;0
10-23-2010 01:04;0;0
10-23-2010 01:05;3;0
10-23-2010 01:06;13;0
10-23-2010 01:07;0;0
10-23-2010 01:08;0;0
10-23-2010 01:09;0;0
10-23-2010 01:10;0;0
10-23-2010 01:11;0;0
10-23-2010 01:12;0;0
10-23-2010 01:13;0;0
10-23-2010 01:14;0;0
10-23-2010 01:15;0;0
10-23-2010 01:16;0;0
10-23-2010 01:17;0;0
10-23-2010 01:18;0;0
10-23-2010 01:19;0;0
10-23-2010 01:20;0;0
10-23-2010 01:21;23;0
10-23-2010 01:22;0;0
10-23-2010 01:23;0;0
10-23-2010 01:24;0;0
10-23-2010 01:25;6;0
10-23-2010 01:26;0;0
10-23-2010 01:27;0;0
10-23-2010 01:28;0;0
10-23-2010 01:29;0;0
10-23-2010 01:30;0;0
10-23-2010 01:31;0;0
10-23-2010 01:32;0;0
10-23-2010 01:33;0;0
10-23-2010 01:34;13;0
10-23-2010 01:35;22;0
10-23-2010 01:36;0;0
10-23-2010 01:37;0;0
10-23-2010 01:38;0;0
10-23-2010 01:39;0;0
10-23-2010 01:40;0;0
10-23-2010 01:41;0;0
10-23-2010 01:42;0;0
10-23-2010 01:43;0;0
10-23-2010 01:44;0;0
10-23-2010 01:45;0;0
10-23-2010 01:46;0;0
10-23-2010 01:47;0;0
10-23-2010 01:48;0;0
10-23-2010 01:49;0;0
10-23-2010 01:50;0;0
10-23-2010 01:51;0;0
10-23-2010 01:52;0;0
10-23-2010 01:53;0;0
10-23-2010 01:54;0;0
10-23-2010 01:55;0;0
10-23-2010 01:56;0;0
10-23-2010 01:57;0;0
10-23-2010 01:58;0;0
10-23-2010 01:59;0;0
10-23-2010 02:00;0;0
10-23-2010 02:01;0;0
10-23-2010 02:02;0;0
10-23-2010 02:03;0;0
10-23-2010 02:04;0;0
10-23-2010 02:05;0;0
10-23-2010 02:06;0;0
10-23-2010 02:07;0;0
10-23-2010 02:08;0;0
10-23-2010 02:09;0;0
10-23-2010 02:10;57;0
10-23-2010 02:11;0;0
10-23-2010 02:12;0;0
10-23-2010 02:13;0;0
10-23-2010 02:14;0;0
10-23-2010 02:15;103;0
10-23-2010 02:16;115;0
10-23-2010 02:17;0;0
10-23-2010 02:18;0;0
10-23-2010 02:19;0;0
10-23-2010 02:20;402;0
10-23-2010 02:21;49;0
10-23-2010 02:22;487;0
10-23-2010 02:23;210;0
10-23-2010 02:24;609;0
10-23-2010 02:25;457;0
10-23-2010 02:26;457;0
10-23-2010 02:27;784;0
10-23-2010 02:28;784;0
10-23-2010 02:29;292;0
10-23-2010 02:30;83;0
10-23-2010 02:31;27;0
10-23-2010 02:32;0;0
10-23-2010 02:33;2;0
10-23-2010 02:34;141;0
10-23-2010 02:35;92;0
10-23-2010 02:36;2;0
10-23-2010 02:37;5;0
10-23-2010 02:38;0;0
10-23-2010 02:39;19;0
10-23-2010 02:40;5;0
10-23-2010 02:41;240;0
10-23-2010 02:42;0;0
10-23-2010 02:43;2;0
10-23-2010 02:44;321;0
10-23-2010 02:45;137;0
10-23-2010 02:46;2;0
10-23-2010 02:47;3;0
10-23-2010 02:48;0;0
10-23-2010 02:49;6;0
10-23-2010 02:50;0;0
10-23-2010 02:51;0;0
10-23-2010 02:52;7;0
10-23-2010 02:53;161;0
10-23-2010 02:54;0;0
10-23-2010 02:55;19;0
10-23-2010 02:56;19;0
10-23-2010 02:57;0;0
10-23-2010 02:58;0;0
10-23-2010 02:59;0;0
10-23-2010 03:00;0;0
10-23-2010 03:01;0;0
10-23-2010 03:02;0;0
10-23-2010 03:03;0;0
10-23-2010 03:04;6;0
10-23-2010 03:05;0;0
10-23-2010 03:06;28;0
10-23-2010 03:07;0;0
10-23-2010 03:08;44;0
10-23-2010 03:09;0;0
10-23-2010 03:10;0;0
10-23-2010 03:11;0;0
10-23-2010 03:12;27;0
10-23-2010 03:13;0;0
10-23-2010 03:14;0;0
10-23-2010 03:15;0;0
10-23-2010 03:16;0;0
10-23-2010 03:17;0;0
10-23-2010 03:18;0;0
10-23-2010 03:19;0;0
10-23-2010 03:20;0;0
10-23-2010 03:21;0;0
10-23-2010 03:22;0;0
10-23-2010 03:23;0;0
10-23-2010 03:24;0;0
10-23-2010 03:25;0;0
10-23-2010 03:26;0;0
10-23-2010 03:27;0;0
10-23-2010 03:28;0;0
10-23-2010 03:29;34;0
10-23-2010 03:30;0;0
10-23-2010 03:31;0;0
10-23-2010 03:32;0;0
10-23-2010 03:33;0;0
10-23-2010 03:34;36;0
10-23-2010 03:35;72;0
10-23-2010 03:36;0;0
10-23-2010 03:37;0;0
10-23-2010 03:38;0;0
10-23-2010 03:39;0;0
10-23-2010 03:40;0;0
10-23-2010 03:41;0;0
10-23-2010 03:42;0;0
10-23-2010 03:43;146;0
10-23-2010 03:44;61;0
10-23-2010 03:45;83;0
10-23-2010 03:46;0;0
10-23-2010 03:47;0;0
10-23-2010 03:48;0;0
10-23-2010 03:49;8;0
10-23-2010 03:50;0;0
10-23-2010 03:51;0;0
10-23-2010 03:52;0;0
10-23-2010 03:53;0;0
10-23-2010 03:54;30;0
10-23-2010 03:55;0;0
10-23-2010 03:56;0;0
10-23-2010 03:57;0;0
10-23-2010 03:58;0;0
10-23-2010 03:59;72;0
10-23-2010 04:00;0;0
10-23-2010 04:01;0;0
10-23-2010 04:02;0;0
10-23-2010 04:03;0;0
10-23-2010 04:04;0;0
10-23-2010 04:05;0;0
10-23-2010 04:06;0;0
10-23-2010 04:07;0;0
10-23-2010 04:08;0;0
10-23-2010 04:09;53;0
10-23-2010 04:10;0;0
10-23-2010 04:11;0;0
10-23-2010 04:12;0;0
10-23-2010 04:13;0;0
10-23-2010 04:14;0;0
10-23-2010 04:15;0;0
10-23-2010 04:16;0;0
10-23-2010 04:17;0;0
10-23-2010 04:18;0;0
10-23-2010 04:19;0;0
10-23-2010 04:20;0;0
10-23-2010 04:21;0;0
10-23-2010 04:22;0;0
10-23-2010 04:23;0;0
10-23-2010 04:24;0;0
10-23-2010 04:25;0;0
10-23-2010 04:26;0;0
10-23-2010 04:27;0;0
10-23-2010 04:28;0;0
10-23-2010 04:29;0;0
10-23-2010 04:30;0;0
10-23-2010 04:31;0;0
10-23-2010 04:32;0;0
10-23-2010 04:33;365;0
10-23-2010 04:34;390;0
10-23-2010 04:35;178;0
10-23-2010 04:36;487;0
10-23-2010 04:37;302;0
10-23-2010 04:38;57;0
10-23-2010 04:39;161;0
10-23-2010 04:40;161;0
10-23-2010 04:41;132;0
10-23-2010 04:42;173;0
10-23-2010 04:43;141;0
10-23-2010 04:44;503;0
10-23-2010 04:45;520;0
10-23-2010 04:46;590;0
10-23-2010 04:47;590;0
10-23-2010 04:48;240;0
10-23-2010 04:49;311;0
10-23-2010 04:50;38;0
10-23-2010 04:51;178;0
10-23-2010 04:52;46;0
10-23-2010 04:53;155;0
10-23-2010 04:54;51;0
10-23-2010 04:55;247;0
10-23-2010 04:56;590;0
10-23-2010 04:57;472;0
10-23-2010 04:58;332;0
10-23-2010 04:59;365;0
10-23-2010 05:00;1378;1
10-23-2010 05:01;888;1
10-23-2010 05:02;691;0
10-23-2010 05:03;861;1
10-23-2010 05:04;354;0
10-23-2010 05:05;429;0
10-23-2010 05:06;365;0
10-23-2010 05:07;365;0
10-23-2010 05:08;273;0
10-23-2010 05:09;210;0
10-23-2010 05:10;178;0
10-23-2010 05:11;66;0
10-23-2010 05:12;40;0
10-23-2010 05:13;0;0
10-23-2010 05:14;0;0
10-23-2010 05:15;0;0
10-23-2010 05:16;0;0
10-23-2010 05:17;0;0
10-23-2010 05:18;0;0
10-23-2010 05:19;0;0
10-23-2010 05:20;30;0
10-23-2010 05:21;17;0
10-23-2010 05:22;0;0
10-23-2010 05:23;0;0
10-23-2010 05:24;0;0
10-23-2010 05:25;0;0
10-23-2010 05:26;0;0
10-23-2010 05:27;0;0
10-23-2010 05:28;0;0
10-23-2010 05:29;0;0
10-23-2010 05:30;0;0
10-23-2010 05:31;0;0
10-23-2010 05:32;0;0
10-23-2010 05:33;0;0
10-23-2010 05:34;0;0
10-23-2010 05:35;0;0
10-23-2010 05:36;0;0
10-23-2010 05:37;0;0
10-23-2010 05:38;0;0
10-23-2010 05:39;0;0
10-23-2010 05:40;0;0
10-23-2010 05:41;0;0
10-23-2010 05:42;0;0
10-23-2010 05:43;0;0
10-23-2010 05:44;0;0
10-23-2010 05:45;0;0
10-23-2010 05:46;0;0
10-23-2010 05:47;0;0
10-23-2010 05:48;0;0
10-23-2010 05:49;0;0
10-23-2010 05:50;0;0
10-23-2010 05:51;0;0
10-23-2010 05:52;0;0
10-23-2010 05:53;0;0
10-23-2010 05:54;0;0
10-23-2010 05:55;0;0
10-23-2010 05:56;0;0
10-23-2010 05:57;0;0
10-23-2010 05:58;0;0
10-23-2010 05:59;6;0
10-23-2010 06:00;0;0
10-23-2010 06:01;0;0
10-23-2010 06:02;0;0
10-23-2010 06:03;0;0
10-23-2010 06:04;3;0
10-23-2010 06:05;0;0
10-23-2010 06:06;0;0
10-23-2010 06:07;0;0
10-23-2010 06:08;0;0
10-23-2010 06:09;0;0
10-23-2010 06:10;0;0
10-23-2010 06:11;0;0
10-23-2010 06:12;0;0
10-23-2010 06:13;7;0
10-23-2010 06:14;44;0
10-23-2010 06:15;115;0
10-23-2010 06:16;36;0
10-23-2010 06:17;27;0
10-23-2010 06:18;25;0
10-23-2010 06:19;100;0
10-23-2010 06:20;59;0
10-23-2010 06:21;9;0
10-23-2010 06:22;14;0
10-23-2010 06:23;9;0
10-23-2010 06:24;89;0
10-23-2010 06:25;34;0
10-23-2010 06:26;119;0
10-23-2010 06:27;75;0
10-23-2010 06:28;32;0
10-23-2010 06:29;151;0
10-23-2010 06:30;204;0
10-23-2010 06:31;141;0
10-23-2010 06:32;29;0
10-23-2010 06:33;429;0
10-23-2010 06:34;292;0
10-23-2010 06:35;210;0
10-23-2010 06:36;321;0
10-23-2010 06:37;92;0
10-23-2010 06:38;429;0
10-23-2010 06:39;178;0
10-23-2010 06:40;691;0
10-23-2010 06:41;429;0
10-23-2010 06:42;217;0
10-23-2010 06:43;146;0
10-23-2010 06:44;204;0
10-23-2010 06:45;146;0
10-23-2010 06:46;83;0
10-23-2010 06:47;354;0
10-23-2010 06:48;232;0
10-23-2010 06:49;155;0
10-23-2010 06:50;167;0
10-23-2010 06:51;609;0
10-23-2010 06:52;377;0
10-23-2010 06:53;365;0
10-23-2010 06:54;629;0
10-23-2010 06:55;429;0
10-23-2010 06:56;487;0
10-23-2010 06:57;377;0
10-23-2010 06:58;283;0
10-23-2010 06:59;487;0
10-23-2010 07:00;487;0
10-23-2010 07:01;377;0
10-23-2010 07:02;520;0
10-23-2010 07:03;520;0
10-23-2010 07:04;554;0
10-23-2010 07:05;415;0
10-23-2010 07:06;487;0
10-23-2010 07:07;713;0
10-23-2010 07:08;691;0
10-23-2010 07:09;155;0
10-23-2010 07:10;107;0
10-23-2010 07:11;111;0
10-23-2010 07:12;178;0
10-23-2010 07:13;232;0
10-23-2010 07:14;178;0
10-23-2010 07:15;210;0
10-23-2010 07:16;520;0
10-23-2010 07:17;457;0
10-23-2010 07:18;809;0
10-23-2010 07:19;691;0
10-23-2010 07:20;1335;1
10-23-2010 07:21;713;0
10-23-2010 07:22;691;0
10-23-2010 07:23;402;0
10-23-2010 07:24;225;0
10-23-2010 07:25;649;0
10-23-2010 07:26;669;0
10-23-2010 07:27;736;0
10-23-2010 07:28;457;0
10-23-2010 07:29;649;0
10-23-2010 07:30;629;0
10-23-2010 07:31;713;0
10-23-2010 07:32;759;0
10-23-2010 07:33;759;0
10-23-2010 07:34;917;1
10-23-2010 07:35;390;0
10-23-2010 07:36;713;0
10-23-2010 07:37;311;0
10-23-2010 07:38;503;0
10-23-2010 07:39;736;0
10-23-2010 07:40;342;0
10-23-2010 07:41;669;0
10-23-2010 07:42;503;0
10-23-2010 07:43;554;0
10-23-2010 07:44;429;0
10-23-2010 07:45;537;0
10-23-2010 07:46;342;0
10-23-2010 07:47;572;0
10-23-2010 07:48;377;0
10-23-2010 07:49;115;0
10-23-2010 07:50;429;0
10-23-2010 07:51;354;0
10-23-2010 07:52;572;0
10-23-2010 07:53;888;1
10-23-2010 07:54;834;0
10-23-2010 07:55;691;0
10-23-2010 07:56;629;0
10-23-2010 07:57;736;0
10-23-2010 07:58;669;0
10-23-2010 07:59;861;1
10-23-2010 08:00;759;0
10-23-2010 08:01;520;0
10-23-2010 08:02;311;0
10-23-2010 08:03;28;0
10-23-2010 08:04;390;0
10-23-2010 08:05;487;0
10-23-2010 08:06;69;0
10-23-2010 08:07;240;0
10-23-2010 08:08;103;0
10-23-2010 08:09;161;0
10-23-2010 08:10;81;0
10-23-2010 08:11;100;0
10-23-2010 08:12;377;0
10-23-2010 08:13;861;1
10-23-2010 08:14;1179;1
10-23-2010 08:15;520;0
10-23-2010 08:16;390;0
10-23-2010 08:17;100;0
10-23-2010 08:18;42;0
10-23-2010 08:19;51;0
10-23-2010 08:20;247;0
10-23-2010 08:21;302;0
10-23-2010 08:22;332;0
10-23-2010 08:23;283;0
10-23-2010 08:24;265;0
10-23-2010 08:25;178;0
10-23-2010 08:26;736;0
10-23-2010 08:27;256;0
10-23-2010 08:28;283;0
10-23-2010 08:29;265;0
10-23-2010 08:30;197;0
10-23-2010 08:31;19;0
10-23-2010 08:32;0;0
10-23-2010 08:33;321;0
10-23-2010 08:34;503;0
10-23-2010 08:35;784;0
10-23-2010 08:36;809;0
10-23-2010 08:37;487;0
10-23-2010 08:38;669;0
10-23-2010 08:39;888;1
10-23-2010 08:40;487;0
10-23-2010 08:41;691;0
10-23-2010 08:42;487;0
10-23-2010 08:43;503;0
10-23-2010 08:44;89;0
10-23-2010 08:45;443;0
10-23-2010 08:46;354;0
10-23-2010 08:47;184;0
10-23-2010 08:48;809;0
10-23-2010 08:49;834;0
10-23-2010 08:50;457;0
10-23-2010 08:51;503;0
10-23-2010 08:52;759;0
10-23-2010 08:53;809;0
10-23-2010 08:54;377;0
10-23-2010 08:55;273;0
10-23-2010 08:56;429;0
10-23-2010 08:57;377;0
10-23-2010 08:58;1008;1
10-23-2010 08:59;834;0
10-23-2010 09:00;365;0
10-23-2010 09:01;247;0
10-23-2010 09:02;503;0
10-23-2010 09:03;415;0
10-23-2010 09:04;22;0
10-23-2010 09:05;204;0
10-23-2010 09:06;1216;1
10-23-2010 09:07;487;0
10-23-2010 09:08;311;0
10-23-2010 09:09;225;0
10-23-2010 09:10;89;0
10-23-2010 09:11;204;0
10-23-2010 09:12;137;0
10-23-2010 09:13;429;0
10-23-2010 09:14;321;0
10-23-2010 09:15;256;0
10-23-2010 09:16;240;0
10-23-2010 09:17;443;0
10-23-2010 09:18;415;0
10-23-2010 09:19;537;0
10-23-2010 09:20;1073;1
10-23-2010 09:21;784;0
10-23-2010 09:22;1560;1
10-23-2010 09:23;1179;1
10-23-2010 09:24;1216;1
10-23-2010 09:25;429;0
10-23-2010 09:26;332;0
10-23-2010 09:27;402;0
10-23-2010 09:28;415;0
10-23-2010 09:29;332;0
10-23-2010 09:30;390;0
10-23-2010 09:31;232;0
10-23-2010 09:32;809;0
10-23-2010 09:33;713;0
10-23-2010 09:34;759;0
10-23-2010 09:35;809;0
10-23-2010 09:36;629;0
10-23-2010 09:37;265;0
10-23-2010 09:38;669;0
10-23-2010 09:39;609;0
10-23-2010 09:40;487;0
10-23-2010 09:41;292;0
10-23-2010 09:42;302;0
10-23-2010 09:43;457;0
10-23-2010 09:44;443;0
10-23-2010 09:45;472;0
10-23-2010 09:46;390;0
10-23-2010 09:47;537;0
10-23-2010 09:48;365;0
10-23-2010 09:49;590;0
10-23-2010 09:50;321;0
10-23-2010 09:51;302;0
10-23-2010 09:52;217;0
10-23-2010 09:53;713;0
10-23-2010 09:54;609;0
10-23-2010 09:55;457;0
10-23-2010 09:56;354;0
10-23-2010 09:57;332;0
10-23-2010 09:58;590;0
10-23-2010 09:59;554;0
10-23-2010 10:00;520;0
10-23-2010 10:01;537;0
10-23-2010 10:02;1466;1
10-23-2010 10:03;888;1
10-23-2010 10:04;457;0
10-23-2010 10:05;240;0
10-23-2010 10:06;137;0
10-23-2010 10:07;217;0
10-23-2010 10:08;487;0
10-23-2010 10:09;22;0
10-23-2010 10:10;122;0
10-23-2010 10:11;146;0
10-23-2010 10:12;59;0
10-23-2010 10:13;321;0
10-23-2010 10:14;161;0
10-23-2010 10:15;0;0
10-23-2010 10:16;256;0
10-23-2010 10:17;443;0
10-23-2010 10:18;415;0
10-23-2010 10:19;225;0
10-23-2010 10:20;127;0
10-23-2010 10:21;167;0
10-23-2010 10:22;146;0
10-23-2010 10:23;61;0
10-23-2010 10:24;107;0
10-23-2010 10:25;415;0
10-23-2010 10:26;713;0
10-23-2010 10:27;115;0
10-23-2010 10:28;96;0
10-23-2010 10:29;18;0
10-23-2010 10:30;115;0
10-23-2010 10:31;3;0
10-23-2010 10:32;26;0
10-23-2010 10:33;12;0
10-23-2010 10:34;34;0
10-23-2010 10:35;18;0
10-23-2010 10:36;27;0
10-23-2010 10:37;283;0
10-23-2010 10:38;161;0
10-23-2010 10:39;86;0
10-23-2010 10:40;232;0
10-23-2010 10:41;178;0
10-23-2010 10:42;173;0
10-23-2010 10:43;178;0
10-23-2010 10:44;161;0
10-23-2010 10:45;472;0
10-23-2010 10:46;137;0
10-23-2010 10:47;9;0
10-23-2010 10:48;302;0
10-23-2010 10:49;354;0
10-23-2010 10:50;390;0
10-23-2010 10:51;146;0
10-23-2010 10:52;429;0
10-23-2010 10:53;537;0
10-23-2010 10:54;487;0
10-23-2010 10:55;342;0
10-23-2010 10:56;191;0
10-23-2010 10:57;210;0
10-23-2010 10:58;691;0
10-23-2010 10:59;1216;1
10-23-2010 11:00;861;1
10-23-2010 11:01;1378;1
10-23-2010 11:02;1040;1
10-23-2010 11:03;629;0
10-23-2010 11:04;1073;1
10-23-2010 11:05;415;0
10-23-2010 11:06;669;0
10-23-2010 11:07;759;0
10-23-2010 11:08;946;1
10-23-2010 11:09;834;0
10-23-2010 11:10;888;1
10-23-2010 11:11;946;1
10-23-2010 11:12;888;1
10-23-2010 11:13;1335;1
10-23-2010 11:14;834;0
10-23-2010 11:15;977;1
10-23-2010 11:16;1378;1
10-23-2010 11:17;1143;1
10-23-2010 11:18;736;0
10-23-2010 11:19;1254;1
10-23-2010 11:20;472;0
10-23-2010 11:21;487;0
10-23-2010 11:22;311;0
10-23-2010 11:23;137;0
10-23-2010 11:24;520;0
10-23-2010 11:25;784;0
10-23-2010 11:26;265;0
10-23-2010 11:27;443;0
10-23-2010 11:28;520;0
10-23-2010 11:29;834;0
10-23-2010 11:30;888;1
10-23-2010 11:31;1040;1
10-23-2010 11:32;917;1
10-23-2010 11:33;861;1
10-23-2010 11:34;784;0
10-23-2010 11:35;365;0
10-23-2010 11:36;184;0
10-23-2010 11:37;402;0
10-23-2010 11:38;283;0
10-23-2010 11:39;457;0
10-23-2010 11:40;503;0
10-23-2010 11:41;888;1
10-23-2010 11:42;809;0
10-23-2010 11:43;1179;1
10-23-2010 11:44;1335;1
10-23-2010 11:45;503;0
10-23-2010 11:46;759;0
10-23-2010 11:47;1216;1
10-23-2010 11:48;1216;1
10-23-2010 11:49;572;0
10-23-2010 11:50;834;0
10-23-2010 11:51;691;0
10-23-2010 11:52;402;0
10-23-2010 11:53;713;0
10-23-2010 11:54;487;0
10-23-2010 11:55;377;0
10-23-2010 11:56;283;0
10-23-2010 11:57;292;0
10-23-2010 11:58;311;0
10-23-2010 11:59;390;0
10-23-2010 12:00;292;0
10-23-2010 12:01;197;0
10-23-2010 12:02;302;0
10-23-2010 12:03;759;0
10-23-2010 12:04;537;0
10-23-2010 12:05;225;0
10-23-2010 12:06;503;0
10-23-2010 12:07;590;0
10-23-2010 12:08;0;0
10-23-2010 12:09;390;0
10-23-2010 12:10;321;0
10-23-2010 12:11;42;0
10-23-2010 12:12;72;0
10-23-2010 12:13;38;0
10-23-2010 12:14;0;0
10-23-2010 12:15;69;0
10-23-2010 12:16;34;0
10-23-2010 12:17;66;0
10-23-2010 12:18;86;0
10-23-2010 12:19;240;0
10-23-2010 12:20;75;0
10-23-2010 12:21;8;0
10-23-2010 12:22;111;0
10-23-2010 12:23;311;0
10-23-2010 12:24;53;0
10-23-2010 12:25;0;0
10-23-2010 12:26;103;0
10-23-2010 12:27;302;0
10-23-2010 12:28;390;0
10-23-2010 12:29;161;0
10-23-2010 12:30;111;0
10-23-2010 12:31;225;0
10-23-2010 12:32;42;0
10-23-2010 12:33;141;0
10-23-2010 12:34;86;0
10-23-2010 12:35;210;0
10-23-2010 12:36;0;0
10-23-2010 12:37;44;0
10-23-2010 12:38;273;0
10-23-2010 12:39;155;0
10-23-2010 12:40;197;0
10-23-2010 12:41;25;0
10-23-2010 12:42;100;0
10-23-2010 12:43;103;0
10-23-2010 12:44;92;0
10-23-2010 12:45;96;0
10-23-2010 12:46;12;0
10-23-2010 12:47;127;0
10-23-2010 12:48;151;0
10-23-2010 12:49;16;0
10-23-2010 12:50;210;0
10-23-2010 12:51;119;0
10-23-2010 12:52;103;0
10-23-2010 12:53;61;0
10-23-2010 12:54;137;0
10-23-2010 12:55;0;0
10-23-2010 12:56;0;0
10-23-2010 12:57;151;0
10-23-2010 12:58;265;0
10-23-2010 12:59;429;0
10-23-2010 13:00;137;0
10-23-2010 13:01;292;0
10-23-2010 13:02;197;0
10-23-2010 13:03;167;0
10-23-2010 13:04;161;0
10-23-2010 13:05;115;0
10-23-2010 13:06;402;0
10-23-2010 13:07;240;0
10-23-2010 13:08;36;0
10-23-2010 13:09;273;0
10-23-2010 13:10;191;0
10-23-2010 13:11;321;0
10-23-2010 13:12;184;0
10-23-2010 13:13;167;0
10-23-2010 13:14;342;0
10-23-2010 13:15;55;0
10-23-2010 13:16;29;0
10-23-2010 13:17;217;0
10-23-2010 13:18;240;0
10-23-2010 13:19;402;0
10-23-2010 13:20;691;0
10-23-2010 13:21;365;0
10-23-2010 13:22;390;0
10-23-2010 13:23;713;0
10-23-2010 13:24;946;1
10-23-2010 13:25;888;1
10-23-2010 13:26;977;1
10-23-2010 13:27;669;0
10-23-2010 13:28;321;0
10-23-2010 13:29;457;0
10-23-2010 13:30;537;0
10-23-2010 13:31;590;0
10-23-2010 13:32;649;0
10-23-2010 13:33;649;0
10-23-2010 13:34;402;0
10-23-2010 13:35;75;0
10-23-2010 13:36;273;0
10-23-2010 13:37;240;0
10-23-2010 13:38;861;1
10-23-2010 13:39;834;0
10-23-2010 13:40;503;0
10-23-2010 13:41;472;0
10-23-2010 13:42;520;0
10-23-2010 13:43;354;0
10-23-2010 13:44;292;0
10-23-2010 13:45;669;0
10-23-2010 13:46;1216;1
10-23-2010 13:47;784;0
10-23-2010 13:48;649;0
10-23-2010 13:49;669;0
10-23-2010 13:50;669;0
10-23-2010 13:51;429;0
10-23-2010 13:52;520;0
10-23-2010 13:53;472;0
10-23-2010 13:54;472;0
10-23-2010 13:55;520;0
10-23-2010 13:56;457;0
10-23-2010 13:57;265;0
10-23-2010 13:58;809;0
10-23-2010 13:59;390;0
10-23-2010 14:00;1421;1
10-23-2010 14:01;713;0
10-23-2010 14:02;1294;1
10-23-2010 14:03;809;0
10-23-2010 14:04;1107;1
10-23-2010 14:05;1179;1
10-23-2010 14:06;283;0
10-23-2010 14:07;256;0
10-23-2010 14:08;429;0
10-23-2010 14:09;629;0
10-23-2010 14:10;520;0
10-23-2010 14:11;609;0
10-23-2010 14:12;342;0
10-23-2010 14:13;184;0
10-23-2010 14:14;572;0
10-23-2010 14:15;590;0
10-23-2010 14:16;265;0
10-23-2010 14:17;487;0
10-23-2010 14:18;321;0
10-23-2010 14:19;115;0
10-23-2010 14:20;0;0
10-23-2010 14:21;2;0
10-23-2010 14:22;10;0
10-23-2010 14:23;2;0
10-23-2010 14:24;0;0
10-23-2010 14:25;0;0
10-23-2010 14:26;34;0
10-23-2010 14:27;17;0
10-23-2010 14:28;14;0
10-23-2010 14:29;22;0
10-23-2010 14:30;321;0
10-23-2010 14:31;390;0
10-23-2010 14:32;61;0
10-23-2010 14:33;784;0
10-23-2010 14:34;204;0
10-23-2010 14:35;321;0
10-23-2010 14:36;946;1
10-23-2010 14:37;669;0
10-23-2010 14:38;390;0
10-23-2010 14:39;649;0
10-23-2010 14:40;888;1
10-23-2010 14:41;590;0
10-23-2010 14:42;609;0
10-23-2010 14:43;390;0
10-23-2010 14:44;1008;1
10-23-2010 14:45;609;0
10-23-2010 14:46;137;0
10-23-2010 14:47;137;0
10-23-2010 14:48;691;0
10-23-2010 14:49;554;0
10-23-2010 14:50;457;0
10-23-2010 14:51;590;0
10-23-2010 14:52;629;0
10-23-2010 14:53;977;1
10-23-2010 14:54;1107;1
10-23-2010 14:55;1107;1
10-23-2010 14:56;1040;1
10-23-2010 14:57;861;1
10-23-2010 14:58;649;0
10-23-2010 14:59;332;0
10-23-2010 15:00;247;0
10-23-2010 15:01;402;0
10-23-2010 15:02;669;0
10-23-2010 15:03;554;0
10-23-2010 15:04;1179;1
10-23-2010 15:05;713;0
10-23-2010 15:06;784;0
10-23-2010 15:07;1421;1
10-23-2010 15:08;713;0
10-23-2010 15:09;977;1
10-23-2010 15:10;342;0
10-23-2010 15:11;917;1
10-23-2010 15:12;590;0
10-23-2010 15:13;669;0
10-23-2010 15:14;132;0
10-23-2010 15:15;137;0
10-23-2010 15:16;809;0
10-23-2010 15:17;457;0
10-23-2010 15:18;861;1
10-23-2010 15:19;691;0
10-23-2010 15:20;609;0
10-23-2010 15:21;713;0
10-23-2010 15:22;649;0
10-23-2010 15:23;472;0
10-23-2010 15:24;649;0
10-23-2010 15:25;415;0
10-23-2010 15:26;809;0
10-23-2010 15:27;429;0
10-23-2010 15:28;283;0
10-23-2010 15:29;167;0
10-23-2010 15:30;247;0
10-23-2010 15:31;247;0
10-23-2010 15:32;132;0
10-23-2010 15:33;89;0
10-23-2010 15:34;107;0
10-23-2010 15:35;127;0
10-23-2010 15:36;78;0
10-23-2010 15:37;100;0
10-23-2010 15:38;89;0
10-23-2010 15:39;137;0
10-23-2010 15:40;100;0
10-23-2010 15:41;29;0
10-23-2010 15:42;46;0
10-23-2010 15:43;197;0
10-23-2010 15:44;69;0
10-23-2010 15:45;92;0
10-23-2010 15:46;240;0
10-23-2010 15:47;265;0
10-23-2010 15:48;32;0
10-23-2010 15:49;342;0
10-23-2010 15:50;321;0
10-23-2010 15:51;204;0
10-23-2010 15:52;122;0
10-23-2010 15:53;178;0
10-23-2010 15:54;127;0
10-23-2010 15:55;92;0
10-23-2010 15:56;365;0
10-23-2010 15:57;240;0
10-23-2010 15:58;155;0
10-23-2010 15:59;247;0
10-23-2010 16:00;161;0
10-23-2010 16:01;173;0
10-23-2010 16:02;89;0
10-23-2010 16:03;69;0
10-23-2010 16:04;47;0
10-23-2010 16:05;59;0
10-23-2010 16:06;13;0
10-23-2010 16:07;64;0
10-23-2010 16:08;26;0
10-23-2010 16:09;9;0
10-23-2010 16:10;42;0
10-23-2010 16:11;51;0
10-23-2010 16:12;34;0
10-23-2010 16:13;17;0
10-23-2010 16:14;34;0
10-23-2010 16:15;2;0
10-23-2010 16:16;47;0
10-23-2010 16:17;4;0
10-23-2010 16:18;16;0
10-23-2010 16:19;2;0
10-23-2010 16:20;12;0
10-23-2010 16:21;119;0
10-23-2010 16:22;32;0
10-23-2010 16:23;61;0
10-23-2010 16:24;38;0
10-23-2010 16:25;122;0
10-23-2010 16:26;38;0
10-23-2010 16:27;16;0
10-23-2010 16:28;47;0
10-23-2010 16:29;46;0
10-23-2010 16:30;21;0
10-23-2010 16:31;2;0
10-23-2010 16:32;36;0
10-23-2010 16:33;21;0
10-23-2010 16:34;12;0
10-23-2010 16:35;30;0
10-23-2010 16:36;46;0
10-23-2010 16:37;34;0
10-23-2010 16:38;78;0
10-23-2010 16:39;72;0
10-23-2010 16:40;16;0
10-23-2010 16:41;18;0
10-23-2010 16:42;66;0
10-23-2010 16:43;66;0
10-23-2010 16:44;210;0
10-23-2010 16:45;302;0
10-23-2010 16:46;191;0
10-23-2010 16:47;18;0
10-23-2010 16:48;78;0
10-23-2010 16:49;42;0
10-23-2010 16:50;191;0
10-23-2010 16:51;184;0
10-23-2010 16:52;225;0
10-23-2010 16:53;247;0
10-23-2010 16:54;759;0
10-23-2010 16:55;946;1
10-23-2010 16:56;554;0
10-23-2010 16:57;713;0
10-23-2010 16:58;691;0
10-23-2010 16:59;354;0
10-23-2010 17:00;332;0
10-23-2010 17:01;736;0
10-23-2010 17:02;572;0
10-23-2010 17:03;191;0
10-23-2010 17:04;472;0
10-23-2010 17:05;472;0
10-23-2010 17:06;503;0
10-23-2010 17:07;83;0
10-23-2010 17:08;81;0
10-23-2010 17:09;191;0
10-23-2010 17:10;292;0
10-23-2010 17:11;21;0
10-23-2010 17:12;247;0
10-23-2010 17:13;736;0
10-23-2010 17:14;402;0
10-23-2010 17:15;0;0
10-23-2010 17:16;107;0
10-23-2010 17:17;197;0
10-23-2010 17:18;283;0
10-23-2010 17:19;146;0
10-23-2010 17:20;247;0
10-23-2010 17:21;736;0
10-23-2010 17:22;457;0
10-23-2010 17:23;520;0
10-23-2010 17:24;669;0
10-23-2010 17:25;554;0
10-23-2010 17:26;520;0
10-23-2010 17:27;946;1
10-23-2010 17:28;1008;1
10-23-2010 17:29;1040;1
10-23-2010 17:30;520;0
10-23-2010 17:31;649;0
10-23-2010 17:32;669;0
10-23-2010 17:33;649;0
10-23-2010 17:34;503;0
10-23-2010 17:35;472;0
10-23-2010 17:36;472;0
10-23-2010 17:37;256;0
10-23-2010 17:38;472;0
10-23-2010 17:39;240;0
10-23-2010 17:40;232;0
10-23-2010 17:41;232;0
10-23-2010 17:42;103;0
10-23-2010 17:43;173;0
10-23-2010 17:44;96;0
10-23-2010 17:45;53;0
10-23-2010 17:46;122;0
10-23-2010 17:47;78;0
10-23-2010 17:48;96;0
10-23-2010 17:49;72;0
10-23-2010 17:50;107;0
10-23-2010 17:51;27;0
10-23-2010 17:52;24;0
10-23-2010 17:53;75;0
10-23-2010 17:54;141;0
10-23-2010 17:55;86;0
10-23-2010 17:56;184;0
10-23-2010 17:57;115;0
10-23-2010 17:58;42;0
10-23-2010 17:59;11;0
10-23-2010 18:00;38;0
10-23-2010 18:01;0;0
10-23-2010 18:02;0;0
10-23-2010 18:03;0;0
10-23-2010 18:04;5;0
10-23-2010 18:05;23;0
10-23-2010 18:06;30;0
10-23-2010 18:07;36;0
10-23-2010 18:08;20;0
10-23-2010 18:09;22;0
10-23-2010 18:10;2;0
10-23-2010 18:11;0;0
10-23-2010 18:12;0;0
10-23-2010 18:13;0;0
10-23-2010 18:14;51;0
10-23-2010 18:15;20;0
10-23-2010 18:16;6;0
10-23-2010 18:17;16;0
10-23-2010 18:18;0;0
10-23-2010 18:19;0;0
10-23-2010 18:20;6;0
10-23-2010 18:21;34;0
10-23-2010 18:22;16;0
10-23-2010 18:23;18;0
10-23-2010 18:24;4;0
10-23-2010 18:25;6;0
10-23-2010 18:26;57;0
10-23-2010 18:27;0;0
10-23-2010 18:28;57;0
10-23-2010 18:29;0;0
10-23-2010 18:30;27;0
10-23-2010 18:31;13;0
10-23-2010 18:32;25;0
10-23-2010 18:33;204;0
10-23-2010 18:34;11;0
10-23-2010 18:35;7;0
10-23-2010 18:36;0;0
10-23-2010 18:37;81;0
10-23-2010 18:38;69;0
10-23-2010 18:39;12;0
10-23-2010 18:40;25;0
10-23-2010 18:41;0;0
10-23-2010 18:42;0;0
10-23-2010 18:43;47;0
10-23-2010 18:44;197;0
10-23-2010 18:45;96;0
10-23-2010 18:46;204;0
10-23-2010 18:47;178;0
10-23-2010 18:48;173;0
10-23-2010 18:49;111;0
10-23-2010 18:50;946;1
10-23-2010 18:51;759;0
10-23-2010 18:52;292;0
10-23-2010 18:53;127;0
10-23-2010 18:54;0;0
10-23-2010 18:55;44;0
10-23-2010 18:56;520;0
10-23-2010 18:57;132;0
10-23-2010 18:58;0;0
10-23-2010 18:59;0;0
10-23-2010 19:00;44;0
10-23-2010 19:01;0;0
10-23-2010 19:02;96;0
10-23-2010 19:03;132;0
10-23-2010 19:04;265;0
10-23-2010 19:05;429;0
10-23-2010 19:06;127;0
10-23-2010 19:07;16;0
10-23-2010 19:08;103;0
10-23-2010 19:09;92;0
10-23-2010 19:10;0;0
10-23-2010 19:11;0;0
10-23-2010 19:12;0;0
10-23-2010 19:13;0;0
10-23-2010 19:14;834;0
10-23-2010 19:15;629;0
10-23-2010 19:16;81;0
10-23-2010 19:17;137;0
10-23-2010 19:18;0;0
10-23-2010 19:19;443;0
10-23-2010 19:20;572;0
10-23-2010 19:21;629;0
10-23-2010 19:22;537;0
10-23-2010 19:23;283;0
10-23-2010 19:24;917;1
10-23-2010 19:25;809;0
10-23-2010 19:26;457;0
10-23-2010 19:27;225;0
10-23-2010 19:28;554;0
10-23-2010 19:29;669;0
10-23-2010 19:30;273;0
10-23-2010 19:31;191;0
10-23-2010 19:32;22;0
10-23-2010 19:33;103;0
10-23-2010 19:34;197;0
10-23-2010 19:35;100;0
10-23-2010 19:36;354;0
10-23-2010 19:37;302;0
10-23-2010 19:38;100;0
10-23-2010 19:39;127;0
10-23-2010 19:40;89;0
10-23-2010 19:41;132;0
10-23-2010 19:42;49;0
10-23-2010 19:43;5;0
10-23-2010 19:44;72;0
10-23-2010 19:45;273;0
10-23-2010 19:46;151;0
10-23-2010 19:47;141;0
10-23-2010 19:48;354;0
10-23-2010 19:49;4;0
10-23-2010 19:50;197;0
10-23-2010 19:51;443;0
10-23-2010 19:52;377;0
10-23-2010 19:53;390;0
10-23-2010 19:54;107;0
10-23-2010 19:55;75;0
10-23-2010 19:56;141;0
10-23-2010 19:57;402;0
10-23-2010 19:58;736;0
10-23-2010 19:59;554;0
10-23-2010 20:00;321;0
10-23-2010 20:01;265;0
10-23-2010 20:02;302;0
10-23-2010 20:03;649;0
10-23-2010 20:04;332;0
10-23-2010 20:05;537;0
10-23-2010 20:06;520;0
10-23-2010 20:07;537;0
10-23-2010 20:08;537;0
10-23-2010 20:09;354;0
10-23-2010 20:10;888;1
10-23-2010 20:11;649;0
10-23-2010 20:12;669;0
10-23-2010 20:13;537;0
10-23-2010 20:14;472;0
10-23-2010 20:15;784;0
10-23-2010 20:16;809;0
10-23-2010 20:17;629;0
10-23-2010 20:18;520;0
10-23-2010 20:19;487;0
10-23-2010 20:20;691;0
10-23-2010 20:21;503;0
10-23-2010 20:22;861;1
10-23-2010 20:23;649;0
10-23-2010 20:24;354;0
10-23-2010 20:25;834;0
10-23-2010 20:26;572;0
10-23-2010 20:27;834;0
10-23-2010 20:28;537;0
10-23-2010 20:29;415;0
10-23-2010 20:30;1008;1
10-23-2010 20:31;554;0
10-23-2010 20:32;977;1
10-23-2010 20:33;629;0
10-23-2010 20:34;629;0
10-23-2010 20:35;609;0
10-23-2010 20:36;1040;1
10-23-2010 20:37;472;0
10-23-2010 20:38;443;0
10-23-2010 20:39;572;0
10-23-2010 20:40;155;0
10-23-2010 20:41;47;0
10-23-2010 20:42;132;0
10-23-2010 20:43;402;0
10-23-2010 20:44;503;0
10-23-2010 20:45;590;0
10-23-2010 20:46;784;0
10-23-2010 20:47;784;0
10-23-2010 20:48;590;0
10-23-2010 20:49;415;0
10-23-2010 20:50;590;0
10-23-2010 20:51;520;0
10-23-2010 20:52;609;0
10-23-2010 20:53;503;0
10-23-2010 20:54;53;0
10-23-2010 20:55;302;0
10-23-2010 20:56;23;0
10-23-2010 20:57;36;0
10-23-2010 20:58;28;0
10-23-2010 20:59;240;0
10-23-2010 21:00;1008;1
10-23-2010 21:01;629;0
10-23-2010 21:02;429;0
10-23-2010 21:03;365;0
10-23-2010 21:04;609;0
10-23-2010 21:05;669;0
10-23-2010 21:06;311;0
10-23-2010 21:07;72;0
10-23-2010 21:08;784;0
10-23-2010 21:09;217;0
10-23-2010 21:10;184;0
10-23-2010 21:11;283;0
10-23-2010 21:12;888;1
10-23-2010 21:13;1216;1
10-23-2010 21:14;834;0
10-23-2010 21:15;1040;1
10-23-2010 21:16;713;0
10-23-2010 21:17;107;0
10-23-2010 21:18;69;0
10-23-2010 21:19;0;0
10-23-2010 21:20;0;0
10-23-2010 21:21;0;0
10-23-2010 21:22;0;0
10-23-2010 21:23;0;0
10-23-2010 21:24;0;0
10-23-2010 21:25;0;0
10-23-2010 21:26;0;0
10-23-2010 21:27;0;0
10-23-2010 21:28;0;0
10-23-2010 21:29;38;0
10-23-2010 21:30;0;0
10-23-2010 21:31;0;0
10-23-2010 21:32;0;0
10-23-2010 21:33;0;0
10-23-2010 21:34;0;0
10-23-2010 21:35;0;0
10-23-2010 21:36;0;0
10-23-2010 21:37;0;0
10-23-2010 21:38;0;0
10-23-2010 21:39;0;0
10-23-2010 21:40;0;0
10-23-2010 21:41;0;0
10-23-2010 21:42;0;0
10-23-2010 21:43;0;0
10-23-2010 21:44;0;0
10-23-2010 21:45;217;0
10-23-2010 21:46;0;0
10-23-2010 21:47;0;0
10-23-2010 21:48;0;0
10-23-2010 21:49;0;0
10-23-2010 21:50;0;0
10-23-2010 21:51;0;0
10-23-2010 21:52;0;0
10-23-2010 21:53;0;0
10-23-2010 21:54;0;0
10-23-2010 21:55;0;0
10-23-2010 21:56;0;0
10-23-2010 21:57;0;0
10-23-2010 21:58;0;0
10-23-2010 21:59;0;0
10-23-2010 22:00;0;0
10-23-2010 22:01;0;0
10-23-2010 22:02;0;0
10-23-2010 22:03;0;0
10-23-2010 22:04;0;0
10-23-2010 22:05;0;0
10-23-2010 22:06;0;0
10-23-2010 22:07;0;0
10-23-2010 22:08;0;0
10-23-2010 22:09;0;0
10-23-2010 22:10;0;0
10-23-2010 22:11;0;0
10-23-2010 22:12;0;0
10-23-2010 22:13;0;0
10-23-2010 22:14;0;0
10-23-2010 22:15;0;0
10-23-2010 22:16;0;0
10-23-2010 22:17;0;0
10-23-2010 22:18;0;0
10-23-2010 22:19;0;0
10-23-2010 22:20;0;0
10-23-2010 22:21;0;0
10-23-2010 22:22;0;0
10-23-2010 22:23;0;0
10-23-2010 22:24;0;0
10-23-2010 22:25;0;0
10-23-2010 22:26;0;0
10-23-2010 22:27;81;0
10-23-2010 22:28;0;0
10-23-2010 22:29;30;0
10-23-2010 22:30;0;0
10-23-2010 22:31;0;0
10-23-2010 22:32;0;0
10-23-2010 22:33;0;0
10-23-2010 22:34;0;0
10-23-2010 22:35;0;0
10-23-2010 22:36;75;0
10-23-2010 22:37;14;0
10-23-2010 22:38;0;0
10-23-2010 22:39;0;0
10-23-2010 22:40;0;0
10-23-2010 22:41;0;0
10-23-2010 22:42;0;0
10-23-2010 22:43;0;0
10-23-2010 22:44;0;0
10-23-2010 22:45;0;0
10-23-2010 22:46;0;0
10-23-2010 22:47;0;0
10-23-2010 22:48;0;0
10-23-2010 22:49;0;0
10-23-2010 22:50;0;0
10-23-2010 22:51;0;0
10-23-2010 22:52;0;0
10-23-2010 22:53;0;0
10-23-2010 22:54;0;0
10-23-2010 22:55;0;0
10-23-2010 22:56;0;0
10-23-2010 22:57;0;0
10-23-2010 22:58;0;0
10-23-2010 22:59;0;0
10-23-2010 23:00;0;0
10-23-2010 23:01;0;0
10-23-2010 23:02;111;0
10-23-2010 23:03;0;0
10-23-2010 23:04;0;0
10-23-2010 23:05;0;0
10-23-2010 23:06;0;0
10-23-2010 23:07;0;0
10-23-2010 23:08;0;0
10-23-2010 23:09;0;0
10-23-2010 23:10;0;0
10-23-2010 23:11;0;0
10-23-2010 23:12;0;0
10-23-2010 23:13;0;0
10-23-2010 23:14;0;0
10-23-2010 23:15;0;0
10-23-2010 23:16;141;0
10-23-2010 23:17;64;0
10-23-2010 23:18;0;0
10-23-2010 23:19;0;0
10-23-2010 23:20;0;0
10-23-2010 23:21;0;0
10-23-2010 23:22;0;0
10-23-2010 23:23;0;0
10-23-2010 23:24;0;0
10-23-2010 23:25;0;0
10-23-2010 23:26;0;0
10-23-2010 23:27;0;0
10-23-2010 23:28;0;0
10-23-2010 23:29;0;0
10-23-2010 23:30;0;0
10-23-2010 23:31;0;0
10-23-2010 23:32;0;0
10-23-2010 23:33;0;0
10-23-2010 23:34;0;0
10-23-2010 23:35;0;0
10-23-2010 23:36;0;0
10-23-2010 23:37;0;0
10-23-2010 23:38;0;0
10-23-2010 23:39;32;0
10-23-2010 23:40;0;0
10-23-2010 23:41;0;0
10-23-2010 23:42;0;0
10-23-2010 23:43;0;0
10-23-2010 23:44;0;0
10-23-2010 23:45;0;0
10-23-2010 23:46;0;0
10-23-2010 23:47;0;0
10-23-2010 23:48;0;0
10-23-2010 23:49;0;0
10-23-2010 23:50;0;0
10-23-2010 23:51;0;0
10-23-2010 23:52;0;0
10-23-2010 23:53;0;0
10-23-2010 23:54;38;0
10-23-2010 23:55;0;0
10-23-2010 23:56;0;0
10-23-2010 23:57;0;0
10-23-2010 23:58;20;0
10-23-2010 23:59;0;0
10-24-2010 00:00;0;0
10-24-2010 00:01;0;0
10-24-2010 00:02;32;0
10-24-2010 00:03;0;0
10-24-2010 00:04;0;0
10-24-2010 00:05;0;0
10-24-2010 00:06;0;0
10-24-2010 00:07;0;0
10-24-2010 00:08;0;0
10-24-2010 00:09;0;0
10-24-2010 00:10;13;0
10-24-2010 00:11;0;0
10-24-2010 00:12;44;0
10-24-2010 00:13;0;0
10-24-2010 00:14;0;0
10-24-2010 00:15;0;0
10-24-2010 00:16;47;0
10-24-2010 00:17;7;0
10-24-2010 00:18;0;0
10-24-2010 00:19;0;0
10-24-2010 00:20;0;0
10-24-2010 00:21;0;0
10-24-2010 00:22;0;0
10-24-2010 00:23;0;0
10-24-2010 00:24;0;0
10-24-2010 00:25;59;0
10-24-2010 00:26;0;0
10-24-2010 00:27;0;0
10-24-2010 00:28;72;0
10-24-2010 00:29;0;0
10-24-2010 00:30;0;0
10-24-2010 00:31;0;0
10-24-2010 00:32;0;0
10-24-2010 00:33;0;0
10-24-2010 00:34;0;0
10-24-2010 00:35;0;0
10-24-2010 00:36;28;0
10-24-2010 00:37;0;0
10-24-2010 00:38;0;0
10-24-2010 00:39;0;0
10-24-2010 00:40;92;0
10-24-2010 00:41;0;0
10-24-2010 00:42;0;0
10-24-2010 00:43;0;0
10-24-2010 00:44;0;0
10-24-2010 00:45;0;0
10-24-2010 00:46;0;0
10-24-2010 00:47;0;0
10-24-2010 00:48;0;0
10-24-2010 00:49;0;0
10-24-2010 00:50;0;0
10-24-2010 00:51;0;0
10-24-2010 00:52;0;0
10-24-2010 00:53;0;0
10-24-2010 00:54;0;0
10-24-2010 00:55;0;0
10-24-2010 00:56;0;0
10-24-2010 00:57;0;0
10-24-2010 00:58;0;0
10-24-2010 00:59;0;0
10-24-2010 01:00;0;0
10-24-2010 01:01;0;0
10-24-2010 01:02;0;0
10-24-2010 01:03;0;0
10-24-2010 01:04;0;0
10-24-2010 01:05;0;0
10-24-2010 01:06;0;0
10-24-2010 01:07;0;0
10-24-2010 01:08;0;0
10-24-2010 01:09;0;0
10-24-2010 01:10;0;0
10-24-2010 01:11;0;0
10-24-2010 01:12;0;0
10-24-2010 01:13;0;0
10-24-2010 01:14;0;0
10-24-2010 01:15;96;0
10-24-2010 01:16;0;0
10-24-2010 01:17;0;0
10-24-2010 01:18;0;0
10-24-2010 01:19;0;0
10-24-2010 01:20;0;0
10-24-2010 01:21;0;0
10-24-2010 01:22;0;0
10-24-2010 01:23;0;0
10-24-2010 01:24;0;0
10-24-2010 01:25;0;0
10-24-2010 01:26;0;0
10-24-2010 01:27;0;0
10-24-2010 01:28;0;0
10-24-2010 01:29;0;0
10-24-2010 01:30;0;0
10-24-2010 01:31;86;0
10-24-2010 01:32;0;0
10-24-2010 01:33;0;0
10-24-2010 01:34;0;0
10-24-2010 01:35;0;0
10-24-2010 01:36;0;0
10-24-2010 01:37;0;0
10-24-2010 01:38;0;0
10-24-2010 01:39;0;0
10-24-2010 01:40;0;0
10-24-2010 01:41;0;0
10-24-2010 01:42;0;0
10-24-2010 01:43;0;0
10-24-2010 01:44;2;0
10-24-2010 01:45;0;0
10-24-2010 01:46;0;0
10-24-2010 01:47;0;0
10-24-2010 01:48;191;0
10-24-2010 01:49;0;0
10-24-2010 01:50;0;0
10-24-2010 01:51;0;0
10-24-2010 01:52;0;0
10-24-2010 01:53;0;0
10-24-2010 01:54;0;0
10-24-2010 01:55;0;0
10-24-2010 01:56;0;0
10-24-2010 01:57;0;0
10-24-2010 01:58;0;0
10-24-2010 01:59;0;0
10-24-2010 02:00;0;0
10-24-2010 02:01;81;0
10-24-2010 02:02;0;0
10-24-2010 02:03;0;0
10-24-2010 02:04;0;0
10-24-2010 02:05;0;0
10-24-2010 02:06;0;0
10-24-2010 02:07;302;0
10-24-2010 02:08;0;0
10-24-2010 02:09;0;0
10-24-2010 02:10;0;0
10-24-2010 02:11;0;0
10-24-2010 02:12;0;0
10-24-2010 02:13;0;0
10-24-2010 02:14;0;0
10-24-2010 02:15;0;0
10-24-2010 02:16;0;0
10-24-2010 02:17;0;0
10-24-2010 02:18;0;0
10-24-2010 02:19;0;0
10-24-2010 02:20;0;0
10-24-2010 02:21;0;0
10-24-2010 02:22;46;0
10-24-2010 02:23;0;0
10-24-2010 02:24;0;0
10-24-2010 02:25;0;0
10-24-2010 02:26;0;0
10-24-2010 02:27;273;0
10-24-2010 02:28;1073;1
10-24-2010 02:29;472;0
10-24-2010 02:30;4;0
10-24-2010 02:31;11;0
10-24-2010 02:32;0;0
10-24-2010 02:33;292;0
10-24-2010 02:34;443;0
10-24-2010 02:35;141;0
10-24-2010 02:36;146;0
10-24-2010 02:37;503;0
10-24-2010 02:38;402;0
10-24-2010 02:39;0;0
10-24-2010 02:40;0;0
10-24-2010 02:41;0;0
10-24-2010 02:42;0;0
10-24-2010 02:43;21;0
10-24-2010 02:44;0;0
10-24-2010 02:45;0;0
10-24-2010 02:46;0;0
10-24-2010 02:47;0;0
10-24-2010 02:48;0;0
10-24-2010 02:49;46;0
10-24-2010 02:50;0;0
10-24-2010 02:51;0;0
10-24-2010 02:52;0;0
10-24-2010 02:53;0;0
10-24-2010 02:54;0;0
10-24-2010 02:55;0;0
10-24-2010 02:56;0;0
10-24-2010 02:57;311;0
10-24-2010 02:58;946;1
10-24-2010 02:59;457;0
10-24-2010 03:00;537;0
10-24-2010 03:01;713;0
10-24-2010 03:02;554;0
10-24-2010 03:03;472;0
10-24-2010 03:04;520;0
10-24-2010 03:05;49;0
10-24-2010 03:06;12;0
10-24-2010 03:07;292;0
10-24-2010 03:08;83;0
10-24-2010 03:09;178;0
10-24-2010 03:10;17;0
10-24-2010 03:11;30;0
10-24-2010 03:12;443;0
10-24-2010 03:13;197;0
10-24-2010 03:14;24;0
10-24-2010 03:15;28;0
10-24-2010 03:16;609;0
10-24-2010 03:17;38;0
10-24-2010 03:18;429;0
10-24-2010 03:19;554;0
10-24-2010 03:20;1294;1
10-24-2010 03:21;888;1
10-24-2010 03:22;24;0
10-24-2010 03:23;122;0
10-24-2010 03:24;256;0
10-24-2010 03:25;759;0
10-24-2010 03:26;0;0
10-24-2010 03:27;273;0
10-24-2010 03:28;38;0
10-24-2010 03:29;0;0
10-24-2010 03:30;14;0
10-24-2010 03:31;2;0
10-24-2010 03:32;103;0
10-24-2010 03:33;191;0
10-24-2010 03:34;265;0
10-24-2010 03:35;554;0
10-24-2010 03:36;311;0
10-24-2010 03:37;12;0
10-24-2010 03:38;5;0
10-24-2010 03:39;0;0
10-24-2010 03:40;119;0
10-24-2010 03:41;0;0
10-24-2010 03:42;0;0
10-24-2010 03:43;0;0
10-24-2010 03:44;0;0
10-24-2010 03:45;0;0
10-24-2010 03:46;0;0
10-24-2010 03:47;0;0
10-24-2010 03:48;0;0
10-24-2010 03:49;0;0
10-24-2010 03:50;55;0
10-24-2010 03:51;0;0
10-24-2010 03:52;0;0
10-24-2010 03:53;81;0
10-24-2010 03:54;0;0
10-24-2010 03:55;46;0
10-24-2010 03:56;0;0
10-24-2010 03:57;0;0
10-24-2010 03:58;0;0
10-24-2010 03:59;0;0
10-24-2010 04:00;0;0
10-24-2010 04:01;0;0
10-24-2010 04:02;0;0
10-24-2010 04:03;0;0
10-24-2010 04:04;0;0
10-24-2010 04:05;0;0
10-24-2010 04:06;0;0
10-24-2010 04:07;0;0
10-24-2010 04:08;0;0
10-24-2010 04:09;0;0
10-24-2010 04:10;0;0
10-24-2010 04:11;0;0
10-24-2010 04:12;0;0
10-24-2010 04:13;0;0
10-24-2010 04:14;0;0
10-24-2010 04:15;86;0
10-24-2010 04:16;5;0
10-24-2010 04:17;0;0
10-24-2010 04:18;0;0
10-24-2010 04:19;0;0
10-24-2010 04:20;0;0
10-24-2010 04:21;0;0
10-24-2010 04:22;0;0
10-24-2010 04:23;0;0
10-24-2010 04:24;0;0
10-24-2010 04:25;0;0
10-24-2010 04:26;55;0
10-24-2010 04:27;0;0
10-24-2010 04:28;0;0
10-24-2010 04:29;256;0
10-24-2010 04:30;0;0
10-24-2010 04:31;0;0
10-24-2010 04:32;0;0
10-24-2010 04:33;0;0
10-24-2010 04:34;0;0
10-24-2010 04:35;0;0
10-24-2010 04:36;0;0
10-24-2010 04:37;0;0
10-24-2010 04:38;0;0
10-24-2010 04:39;0;0
10-24-2010 04:40;81;0
10-24-2010 04:41;64;0
10-24-2010 04:42;0;0
10-24-2010 04:43;0;0
10-24-2010 04:44;0;0
10-24-2010 04:45;0;0
10-24-2010 04:46;0;0
10-24-2010 04:47;0;0
10-24-2010 04:48;0;0
10-24-2010 04:49;0;0
10-24-2010 04:50;0;0
10-24-2010 04:51;0;0
10-24-2010 04:52;0;0
10-24-2010 04:53;0;0
10-24-2010 04:54;0;0
10-24-2010 04:55;0;0
10-24-2010 04:56;25;0
10-24-2010 04:57;0;0
10-24-2010 04:58;27;0
10-24-2010 04:59;0;0
10-24-2010 05:00;0;0
10-24-2010 05:01;0;0
10-24-2010 05:02;0;0
10-24-2010 05:03;0;0
10-24-2010 05:04;0;0
10-24-2010 05:05;0;0
10-24-2010 05:06;0;0
10-24-2010 05:07;0;0
10-24-2010 05:08;0;0
10-24-2010 05:09;0;0
10-24-2010 05:10;0;0
10-24-2010 05:11;0;0
10-24-2010 05:12;0;0
10-24-2010 05:13;46;0
10-24-2010 05:14;0;0
10-24-2010 05:15;0;0
10-24-2010 05:16;0;0
10-24-2010 05:17;0;0
10-24-2010 05:18;0;0
10-24-2010 05:19;64;0
10-24-2010 05:20;146;0
10-24-2010 05:21;0;0
10-24-2010 05:22;0;0
10-24-2010 05:23;10;0
10-24-2010 05:24;0;0
10-24-2010 05:25;0;0
10-24-2010 05:26;0;0
10-24-2010 05:27;83;0
10-24-2010 05:28;0;0
10-24-2010 05:29;0;0
10-24-2010 05:30;0;0
10-24-2010 05:31;0;0
10-24-2010 05:32;40;0
10-24-2010 05:33;0;0
10-24-2010 05:34;311;0
10-24-2010 05:35;36;0
10-24-2010 05:36;6;0
10-24-2010 05:37;127;0
10-24-2010 05:38;7;0
10-24-2010 05:39;377;0
10-24-2010 05:40;256;0
10-24-2010 05:41;83;0
10-24-2010 05:42;55;0
10-24-2010 05:43;191;0
10-24-2010 05:44;81;0
10-24-2010 05:45;0;0
10-24-2010 05:46;46;0
10-24-2010 05:47;247;0
10-24-2010 05:48;184;0
10-24-2010 05:49;217;0
10-24-2010 05:50;151;0
10-24-2010 05:51;111;0
10-24-2010 05:52;14;0
10-24-2010 05:53;354;0
10-24-2010 05:54;809;0
10-24-2010 05:55;809;0
10-24-2010 05:56;946;1
10-24-2010 05:57;1216;1
10-24-2010 05:58;487;0
10-24-2010 05:59;191;0
10-24-2010 06:00;590;0
10-24-2010 06:01;649;0
10-24-2010 06:02;590;0
10-24-2010 06:03;572;0
10-24-2010 06:04;457;0
10-24-2010 06:05;191;0
10-24-2010 06:06;173;0
10-24-2010 06:07;151;0
10-24-2010 06:08;83;0
10-24-2010 06:09;155;0
10-24-2010 06:10;69;0
10-24-2010 06:11;178;0
10-24-2010 06:12;15;0
10-24-2010 06:13;78;0
10-24-2010 06:14;184;0
10-24-2010 06:15;402;0
10-24-2010 06:16;669;0
10-24-2010 06:17;759;0
10-24-2010 06:18;669;0
10-24-2010 06:19;402;0
10-24-2010 06:20;429;0
10-24-2010 06:21;232;0
10-24-2010 06:22;217;0
10-24-2010 06:23;554;0
10-24-2010 06:24;503;0
10-24-2010 06:25;390;0
10-24-2010 06:26;609;0
10-24-2010 06:27;173;0
10-24-2010 06:28;96;0
10-24-2010 06:29;57;0
10-24-2010 06:30;365;0
10-24-2010 06:31;365;0
10-24-2010 06:32;457;0
10-24-2010 06:33;55;0
10-24-2010 06:34;178;0
10-24-2010 06:35;265;0
10-24-2010 06:36;429;0
10-24-2010 06:37;443;0
10-24-2010 06:38;273;0
10-24-2010 06:39;487;0
10-24-2010 06:40;834;0
10-24-2010 06:41;365;0
10-24-2010 06:42;377;0
10-24-2010 06:43;554;0
10-24-2010 06:44;503;0
10-24-2010 06:45;503;0
10-24-2010 06:46;402;0
10-24-2010 06:47;204;0
10-24-2010 06:48;503;0
10-24-2010 06:49;629;0
10-24-2010 06:50;537;0
10-24-2010 06:51;520;0
10-24-2010 06:52;1179;1
10-24-2010 06:53;736;0
10-24-2010 06:54;784;0
10-24-2010 06:55;669;0
10-24-2010 06:56;784;0
10-24-2010 06:57;861;1
10-24-2010 06:58;861;1
10-24-2010 06:59;572;0
10-24-2010 07:00;691;0
10-24-2010 07:01;402;0
10-24-2010 07:02;1143;1
10-24-2010 07:03;977;1
10-24-2010 07:04;917;1
10-24-2010 07:05;572;0
10-24-2010 07:06;1421;1
10-24-2010 07:07;759;0
10-24-2010 07:08;917;1
10-24-2010 07:09;332;0
10-24-2010 07:10;111;0
10-24-2010 07:11;75;0
10-24-2010 07:12;57;0
10-24-2010 07:13;27;0
10-24-2010 07:14;20;0
10-24-2010 07:15;178;0
10-24-2010 07:16;36;0
10-24-2010 07:17;487;0
10-24-2010 07:18;89;0
10-24-2010 07:19;809;0
10-24-2010 07:20;256;0
10-24-2010 07:21;472;0
10-24-2010 07:22;132;0
10-24-2010 07:23;669;0
10-24-2010 07:24;609;0
10-24-2010 07:25;167;0
10-24-2010 07:26;28;0
10-24-2010 07:27;443;0
10-24-2010 07:28;457;0
10-24-2010 07:29;0;0
10-24-2010 07:30;0;0
10-24-2010 07:31;0;0
10-24-2010 07:32;0;0
10-24-2010 07:33;0;0
10-24-2010 07:34;0;0
10-24-2010 07:35;0;0
10-24-2010 07:36;0;0
10-24-2010 07:37;0;0
10-24-2010 07:38;0;0
10-24-2010 07:39;0;0
10-24-2010 07:40;0;0
10-24-2010 07:41;0;0
10-24-2010 07:42;0;0
10-24-2010 07:43;0;0
10-24-2010 07:44;0;0
10-24-2010 07:45;0;0
10-24-2010 07:46;0;0
10-24-2010 07:47;0;0
10-24-2010 07:48;6;0
10-24-2010 07:49;0;0
10-24-2010 07:50;0;0
10-24-2010 07:51;0;0
10-24-2010 07:52;0;0
10-24-2010 07:53;0;0
10-24-2010 07:54;0;0
10-24-2010 07:55;0;0
10-24-2010 07:56;40;0
10-24-2010 07:57;0;0
10-24-2010 07:58;0;0
10-24-2010 07:59;0;0
10-24-2010 08:00;0;0
10-24-2010 08:01;0;0
10-24-2010 08:02;0;0
10-24-2010 08:03;0;0
10-24-2010 08:04;0;0
10-24-2010 08:05;0;0
10-24-2010 08:06;0;0
10-24-2010 08:07;0;0
10-24-2010 08:08;4;0
10-24-2010 08:09;49;0
10-24-2010 08:10;100;0
10-24-2010 08:11;0;0
10-24-2010 08:12;0;0
10-24-2010 08:13;42;0
10-24-2010 08:14;5;0
10-24-2010 08:15;38;0
10-24-2010 08:16;111;0
10-24-2010 08:17;0;0
10-24-2010 08:18;0;0
10-24-2010 08:19;40;0
10-24-2010 08:20;8;0
10-24-2010 08:21;5;0
10-24-2010 08:22;19;0
10-24-2010 08:23;0;0
10-24-2010 08:24;0;0
10-24-2010 08:25;0;0
10-24-2010 08:26;0;0
10-24-2010 08:27;5;0
10-24-2010 08:28;0;0
10-24-2010 08:29;0;0
10-24-2010 08:30;0;0
10-24-2010 08:31;0;0
10-24-2010 08:32;0;0
10-24-2010 08:33;0;0
10-24-2010 08:34;0;0
10-24-2010 08:35;0;0
10-24-2010 08:36;0;0
10-24-2010 08:37;0;0
10-24-2010 08:38;0;0
10-24-2010 08:39;0;0
10-24-2010 08:40;0;0
10-24-2010 08:41;3;0
10-24-2010 08:42;0;0
10-24-2010 08:43;0;0
10-24-2010 08:44;0;0
10-24-2010 08:45;0;0
10-24-2010 08:46;861;1
10-24-2010 08:47;1216;1
10-24-2010 08:48;1040;1
10-24-2010 08:49;572;0
10-24-2010 08:50;111;0
10-24-2010 08:51;42;0
10-24-2010 08:52;834;0
10-24-2010 08:53;1560;1
10-24-2010 08:54;649;0
10-24-2010 08:55;429;0
10-24-2010 08:56;537;0
10-24-2010 08:57;629;0
10-24-2010 08:58;1008;1
10-24-2010 08:59;1008;1
10-24-2010 09:00;809;0
10-24-2010 09:01;132;0
10-24-2010 09:02;184;0
10-24-2010 09:03;590;0
10-24-2010 09:04;127;0
10-24-2010 09:05;256;0
10-24-2010 09:06;225;0
10-24-2010 09:07;146;0
10-24-2010 09:08;590;0
10-24-2010 09:09;537;0
10-24-2010 09:10;107;0
10-24-2010 09:11;21;0
10-24-2010 09:12;151;0
10-24-2010 09:13;977;1
10-24-2010 09:14;809;0
10-24-2010 09:15;977;1
10-24-2010 09:16;629;0
10-24-2010 09:17;1107;1
10-24-2010 09:18;713;0
10-24-2010 09:19;736;0
10-24-2010 09:20;503;0
10-24-2010 09:21;443;0
10-24-2010 09:22;273;0
10-24-2010 09:23;32;0
10-24-2010 09:24;240;0
10-24-2010 09:25;354;0
10-24-2010 09:26;649;0
10-24-2010 09:27;946;1
10-24-2010 09:28;736;0
10-24-2010 09:29;736;0
10-24-2010 09:30;225;0
10-24-2010 09:31;225;0
10-24-2010 09:32;302;0
10-24-2010 09:33;354;0
10-24-2010 09:34;759;0
10-24-2010 09:35;784;0
10-24-2010 09:36;946;1
10-24-2010 09:37;1008;1
10-24-2010 09:38;1107;1
10-24-2010 09:39;1216;1
10-24-2010 09:40;834;0
10-24-2010 09:41;1073;1
10-24-2010 09:42;917;1
10-24-2010 09:43;759;0
10-24-2010 09:44;669;0
10-24-2010 09:45;977;1
10-24-2010 09:46;1073;1
10-24-2010 09:47;1143;1
10-24-2010 09:48;1660;1
10-24-2010 09:49;1335;1
10-24-2010 09:50;649;0
10-24-2010 09:51;1073;1
10-24-2010 09:52;946;1
10-24-2010 09:53;443;0
10-24-2010 09:54;161;0
10-24-2010 09:55;64;0
10-24-2010 09:56;365;0
10-24-2010 09:57;42;0
10-24-2010 09:58;49;0
10-24-2010 09:59;232;0
10-24-2010 10:00;736;0
10-24-2010 10:01;132;0
10-24-2010 10:02;402;0
10-24-2010 10:03;178;0
10-24-2010 10:04;503;0
10-24-2010 10:05;691;0
10-24-2010 10:06;572;0
10-24-2010 10:07;20;0
10-24-2010 10:08;247;0
10-24-2010 10:09;457;0
10-24-2010 10:10;888;1
10-24-2010 10:11;217;0
10-24-2010 10:12;415;0
10-24-2010 10:13;273;0
10-24-2010 10:14;443;0
10-24-2010 10:15;265;0
10-24-2010 10:16;691;0
10-24-2010 10:17;89;0
10-24-2010 10:18;61;0
10-24-2010 10:19;217;0
10-24-2010 10:20;161;0
10-24-2010 10:21;342;0
10-24-2010 10:22;69;0
10-24-2010 10:23;86;0
10-24-2010 10:24;59;0
10-24-2010 10:25;240;0
10-24-2010 10:26;2;0
10-24-2010 10:27;167;0
10-24-2010 10:28;115;0
10-24-2010 10:29;122;0
10-24-2010 10:30;151;0
10-24-2010 10:31;197;0
10-24-2010 10:32;888;1
10-24-2010 10:33;520;0
10-24-2010 10:34;649;0
10-24-2010 10:35;520;0
10-24-2010 10:36;537;0
10-24-2010 10:37;649;0
10-24-2010 10:38;78;0
10-24-2010 10:39;342;0
10-24-2010 10:40;977;1
10-24-2010 10:41;554;0
10-24-2010 10:42;1335;1
10-24-2010 10:43;1335;1
10-24-2010 10:44;861;1
10-24-2010 10:45;1073;1
10-24-2010 10:46;520;0
10-24-2010 10:47;713;0
10-24-2010 10:48;503;0
10-24-2010 10:49;691;0
10-24-2010 10:50;888;1
10-24-2010 10:51;537;0
10-24-2010 10:52;487;0
10-24-2010 10:53;332;0
10-24-2010 10:54;204;0
10-24-2010 10:55;713;0
10-24-2010 10:56;443;0
10-24-2010 10:57;537;0
10-24-2010 10:58;946;1
10-24-2010 10:59;1073;1
10-24-2010 11:00;888;1
10-24-2010 11:01;917;1
10-24-2010 11:02;669;0
10-24-2010 11:03;1008;1
10-24-2010 11:04;1179;1
10-24-2010 11:05;946;1
10-24-2010 11:06;736;0
10-24-2010 11:07;834;0
10-24-2010 11:08;217;0
10-24-2010 11:09;204;0
10-24-2010 11:10;390;0
10-24-2010 11:11;1040;1
10-24-2010 11:12;759;0
10-24-2010 11:13;713;0
10-24-2010 11:14;917;1
10-24-2010 11:15;834;0
10-24-2010 11:16;629;0
10-24-2010 11:17;1008;1
10-24-2010 11:18;977;1
10-24-2010 11:19;861;1
10-24-2010 11:20;713;0
10-24-2010 11:21;649;0
10-24-2010 11:22;861;1
10-24-2010 11:23;759;0
10-24-2010 11:24;590;0
10-24-2010 11:25;759;0
10-24-2010 11:26;736;0
10-24-2010 11:27;713;0
10-24-2010 11:28;888;1
10-24-2010 11:29;917;1
10-24-2010 11:30;1143;1
10-24-2010 11:31;713;0
10-24-2010 11:32;649;0
10-24-2010 11:33;415;0
10-24-2010 11:34;377;0
10-24-2010 11:35;178;0
10-24-2010 11:36;204;0
10-24-2010 11:37;390;0
10-24-2010 11:38;141;0
10-24-2010 11:39;92;0
10-24-2010 11:40;256;0
10-24-2010 11:41;0;0
10-24-2010 11:42;3;0
10-24-2010 11:43;365;0
10-24-2010 11:44;736;0
10-24-2010 11:45;503;0
10-24-2010 11:46;1073;1
10-24-2010 11:47;520;0
10-24-2010 11:48;487;0
10-24-2010 11:49;247;0
10-24-2010 11:50;365;0
10-24-2010 11:51;265;0
10-24-2010 11:52;365;0
10-24-2010 11:53;6;0
10-24-2010 11:54;122;0
10-24-2010 11:55;75;0
10-24-2010 11:56;0;0
10-24-2010 11:57;14;0
10-24-2010 11:58;629;0
10-24-2010 11:59;402;0
10-24-2010 12:00;691;0
10-24-2010 12:01;809;0
10-24-2010 12:02;1335;1
10-24-2010 12:03;1040;1
10-24-2010 12:04;1254;1
10-24-2010 12:05;1107;1
10-24-2010 12:06;759;0
10-24-2010 12:07;977;1
10-24-2010 12:08;503;0
10-24-2010 12:09;390;0
10-24-2010 12:10;1216;1
10-24-2010 12:11;834;0
10-24-2010 12:12;1073;1
10-24-2010 12:13;809;0
10-24-2010 12:14;609;0
10-24-2010 12:15;629;0
10-24-2010 12:16;691;0
10-24-2010 12:17;629;0
10-24-2010 12:18;861;1
10-24-2010 12:19;609;0
10-24-2010 12:20;669;0
10-24-2010 12:21;572;0
10-24-2010 12:22;917;1
10-24-2010 12:23;917;1
10-24-2010 12:24;713;0
10-24-2010 12:25;861;1
10-24-2010 12:26;888;1
10-24-2010 12:27;1040;1
10-24-2010 12:28;946;1
10-24-2010 12:29;888;1
10-24-2010 12:30;888;1
10-24-2010 12:31;759;0
10-24-2010 12:32;1660;1
10-24-2010 12:33;1609;1
10-24-2010 12:34;1560;1
10-24-2010 12:35;1254;1
10-24-2010 12:36;1107;1
10-24-2010 12:37;977;1
10-24-2010 12:38;713;0
10-24-2010 12:39;590;0
10-24-2010 12:40;1254;1
10-24-2010 12:41;1008;1
10-24-2010 12:42;809;0
10-24-2010 12:43;669;0
10-24-2010 12:44;977;1
10-24-2010 12:45;332;0
10-24-2010 12:46;713;0
10-24-2010 12:47;457;0
10-24-2010 12:48;292;0
10-24-2010 12:49;402;0
10-24-2010 12:50;53;0
10-24-2010 12:51;390;0
10-24-2010 12:52;61;0
10-24-2010 12:53;265;0
10-24-2010 12:54;354;0
10-24-2010 12:55;503;0
10-24-2010 12:56;247;0
10-24-2010 12:57;669;0
10-24-2010 12:58;609;0
10-24-2010 12:59;537;0
10-24-2010 13:00;321;0
10-24-2010 13:01;292;0
10-24-2010 13:02;273;0
10-24-2010 13:03;256;0
10-24-2010 13:04;861;1
10-24-2010 13:05;273;0
10-24-2010 13:06;520;0
10-24-2010 13:07;784;0
10-24-2010 13:08;537;0
10-24-2010 13:09;520;0
10-24-2010 13:10;520;0
10-24-2010 13:11;1107;1
10-24-2010 13:12;888;1
10-24-2010 13:13;888;1
10-24-2010 13:14;713;0
10-24-2010 13:15;809;0
10-24-2010 13:16;917;1
10-24-2010 13:17;554;0
10-24-2010 13:18;1378;1
10-24-2010 13:19;691;0
10-24-2010 13:20;1179;1
10-24-2010 13:21;809;0
10-24-2010 13:22;834;0
10-24-2010 13:23;759;0
10-24-2010 13:24;1179;1
10-24-2010 13:25;669;0
10-24-2010 13:26;649;0
10-24-2010 13:27;629;0
10-24-2010 13:28;590;0
10-24-2010 13:29;503;0
10-24-2010 13:30;609;0
10-24-2010 13:31;487;0
10-24-2010 13:32;311;0
10-24-2010 13:33;210;0
10-24-2010 13:34;342;0
10-24-2010 13:35;247;0
10-24-2010 13:36;36;0
10-24-2010 13:37;32;0
10-24-2010 13:38;115;0
10-24-2010 13:39;66;0
10-24-2010 13:40;649;0
10-24-2010 13:41;629;0
10-24-2010 13:42;415;0
10-24-2010 13:43;247;0
10-24-2010 13:44;649;0
10-24-2010 13:45;167;0
10-24-2010 13:46;292;0
10-24-2010 13:47;321;0
10-24-2010 13:48;178;0
10-24-2010 13:49;111;0
10-24-2010 13:50;69;0
10-24-2010 13:51;210;0
10-24-2010 13:52;78;0
10-24-2010 13:53;429;0
10-24-2010 13:54;572;0
10-24-2010 13:55;167;0
10-24-2010 13:56;197;0
10-24-2010 13:57;161;0
10-24-2010 13:58;96;0
10-24-2010 13:59;122;0
10-24-2010 14:00;78;0
10-24-2010 14:01;457;0
10-24-2010 14:02;669;0
10-24-2010 14:03;75;0
10-24-2010 14:04;66;0
10-24-2010 14:05;0;0
10-24-2010 14:06;7;0
10-24-2010 14:07;0;0
10-24-2010 14:08;0;0
10-24-2010 14:09;0;0
10-24-2010 14:10;3;0
10-24-2010 14:11;107;0
10-24-2010 14:12;47;0
10-24-2010 14:13;0;0
10-24-2010 14:14;0;0
10-24-2010 14:15;61;0
10-24-2010 14:16;390;0
10-24-2010 14:17;161;0
10-24-2010 14:18;0;0
10-24-2010 14:19;377;0
10-24-2010 14:20;415;0
10-24-2010 14:21;3;0
10-24-2010 14:22;12;0
10-24-2010 14:23;25;0
10-24-2010 14:24;64;0
10-24-2010 14:25;29;0
10-24-2010 14:26;53;0
10-24-2010 14:27;0;0
10-24-2010 14:28;6;0
10-24-2010 14:29;0;0
10-24-2010 14:30;0;0
10-24-2010 14:31;0;0
10-24-2010 14:32;17;0
10-24-2010 14:33;127;0
10-24-2010 14:34;92;0
10-24-2010 14:35;0;0
10-24-2010 14:36;89;0
10-24-2010 14:37;217;0
10-24-2010 14:38;609;0
10-24-2010 14:39;629;0
10-24-2010 14:40;503;0
10-24-2010 14:41;342;0
10-24-2010 14:42;554;0
10-24-2010 14:43;354;0
10-24-2010 14:44;537;0
10-24-2010 14:45;402;0
10-24-2010 14:46;759;0
10-24-2010 14:47;127;0
10-24-2010 14:48;609;0
10-24-2010 14:49;1008;1
10-24-2010 14:50;713;0
10-24-2010 14:51;457;0
10-24-2010 14:52;1294;1
10-24-2010 14:53;691;0
10-24-2010 14:54;784;0
10-24-2010 14:55;354;0
10-24-2010 14:56;487;0
10-24-2010 14:57;736;0
10-24-2010 14:58;590;0
10-24-2010 14:59;572;0
10-24-2010 15:00;537;0
10-24-2010 15:01;520;0
10-24-2010 15:02;554;0
10-24-2010 15:03;917;1
10-24-2010 15:04;590;0
10-24-2010 15:05;809;0
10-24-2010 15:06;669;0
10-24-2010 15:07;572;0
10-24-2010 15:08;977;1
10-24-2010 15:09;759;0
10-24-2010 15:10;302;0
10-24-2010 15:11;283;0
10-24-2010 15:12;273;0
10-24-2010 15:13;537;0
10-24-2010 15:14;888;1
10-24-2010 15:15;669;0
10-24-2010 15:16;554;0
10-24-2010 15:17;472;0
10-24-2010 15:18;572;0
10-24-2010 15:19;736;0
10-24-2010 15:20;487;0
10-24-2010 15:21;155;0
10-24-2010 15:22;103;0
10-24-2010 15:23;53;0
10-24-2010 15:24;89;0
10-24-2010 15:25;55;0
10-24-2010 15:26;10;0
10-24-2010 15:27;72;0
10-24-2010 15:28;132;0
10-24-2010 15:29;75;0
10-24-2010 15:30;78;0
10-24-2010 15:31;210;0
10-24-2010 15:32;311;0
10-24-2010 15:33;210;0
10-24-2010 15:34;247;0
10-24-2010 15:35;96;0
10-24-2010 15:36;273;0
10-24-2010 15:37;283;0
10-24-2010 15:38;273;0
10-24-2010 15:39;232;0
10-24-2010 15:40;115;0
10-24-2010 15:41;107;0
10-24-2010 15:42;197;0
10-24-2010 15:43;184;0
10-24-2010 15:44;92;0
10-24-2010 15:45;302;0
10-24-2010 15:46;151;0
10-24-2010 15:47;232;0
10-24-2010 15:48;590;0
10-24-2010 15:49;402;0
10-24-2010 15:50;225;0
10-24-2010 15:51;155;0
10-24-2010 15:52;173;0
10-24-2010 15:53;554;0
10-24-2010 15:54;669;0
10-24-2010 15:55;487;0
10-24-2010 15:56;161;0
10-24-2010 15:57;429;0
10-24-2010 15:58;390;0
10-24-2010 15:59;107;0
10-24-2010 16:00;115;0
10-24-2010 16:01;415;0
10-24-2010 16:02;119;0
10-24-2010 16:03;321;0
10-24-2010 16:04;609;0
10-24-2010 16:05;332;0
10-24-2010 16:06;247;0
10-24-2010 16:07;0;0
10-24-2010 16:08;311;0
10-24-2010 16:09;457;0
10-24-2010 16:10;78;0
10-24-2010 16:11;302;0
10-24-2010 16:12;402;0
10-24-2010 16:13;173;0
10-24-2010 16:14;0;0
10-24-2010 16:15;0;0
10-24-2010 16:16;0;0
10-24-2010 16:17;0;0
10-24-2010 16:18;0;0
10-24-2010 16:19;0;0
10-24-2010 16:20;0;0
10-24-2010 16:21;0;0
10-24-2010 16:22;0;0
10-24-2010 16:23;0;0
10-24-2010 16:24;0;0
10-24-2010 16:25;0;0
10-24-2010 16:26;0;0
10-24-2010 16:27;13;0
10-24-2010 16:28;173;0
10-24-2010 16:29;34;0
10-24-2010 16:30;3;0
10-24-2010 16:31;415;0
10-24-2010 16:32;283;0
10-24-2010 16:33;4;0
10-24-2010 16:34;0;0
10-24-2010 16:35;0;0
10-24-2010 16:36;81;0
10-24-2010 16:37;0;0
10-24-2010 16:38;0;0
10-24-2010 16:39;0;0
10-24-2010 16:40;210;0
10-24-2010 16:41;256;0
10-24-2010 16:42;146;0
10-24-2010 16:43;572;0
10-24-2010 16:44;377;0
10-24-2010 16:45;132;0
10-24-2010 16:46;81;0
10-24-2010 16:47;283;0
10-24-2010 16:48;72;0
10-24-2010 16:49;132;0
10-24-2010 16:50;119;0
10-24-2010 16:51;78;0
10-24-2010 16:52;0;0
10-24-2010 16:53;0;0
10-24-2010 16:54;173;0
10-24-2010 16:55;100;0
10-24-2010 16:56;6;0
10-24-2010 16:57;365;0
10-24-2010 16:58;365;0
10-24-2010 16:59;977;1
10-24-2010 17:00;609;0
10-24-2010 17:01;53;0
10-24-2010 17:02;265;0
10-24-2010 17:03;146;0
10-24-2010 17:04;0;0
10-24-2010 17:05;137;0
10-24-2010 17:06;72;0
10-24-2010 17:07;103;0
10-24-2010 17:08;44;0
10-24-2010 17:09;46;0
10-24-2010 17:10;2;0
10-24-2010 17:11;8;0
10-24-2010 17:12;111;0
10-24-2010 17:13;34;0
10-24-2010 17:14;46;0
10-24-2010 17:15;19;0
10-24-2010 17:16;0;0
10-24-2010 17:17;184;0
10-24-2010 17:18;210;0
10-24-2010 17:19;96;0
10-24-2010 17:20;184;0
10-24-2010 17:21;173;0
10-24-2010 17:22;472;0
10-24-2010 17:23;292;0
10-24-2010 17:24;89;0
10-24-2010 17:25;107;0
10-24-2010 17:26;0;0
10-24-2010 17:27;0;0
10-24-2010 17:28;834;0
10-24-2010 17:29;834;0
10-24-2010 17:30;429;0
10-24-2010 17:31;302;0
10-24-2010 17:32;321;0
10-24-2010 17:33;247;0
10-24-2010 17:34;283;0
10-24-2010 17:35;137;0
10-24-2010 17:36;100;0
10-24-2010 17:37;89;0
10-24-2010 17:38;28;0
10-24-2010 17:39;66;0
10-24-2010 17:40;92;0
10-24-2010 17:41;155;0
10-24-2010 17:42;51;0
10-24-2010 17:43;36;0
10-24-2010 17:44;96;0
10-24-2010 17:45;178;0
10-24-2010 17:46;61;0
10-24-2010 17:47;100;0
10-24-2010 17:48;83;0
10-24-2010 17:49;713;0
10-24-2010 17:50;342;0
10-24-2010 17:51;122;0
10-24-2010 17:52;365;0
10-24-2010 17:53;390;0
10-24-2010 17:54;247;0
10-24-2010 17:55;21;0
10-24-2010 17:56;81;0
10-24-2010 17:57;20;0
10-24-2010 17:58;225;0
10-24-2010 17:59;119;0
10-24-2010 18:00;64;0
10-24-2010 18:01;210;0
10-24-2010 18:02;217;0
10-24-2010 18:03;256;0
10-24-2010 18:04;10;0
10-24-2010 18:05;83;0
10-24-2010 18:06;191;0
10-24-2010 18:07;49;0
10-24-2010 18:08;20;0
10-24-2010 18:09;92;0
10-24-2010 18:10;5;0
10-24-2010 18:11;132;0
10-24-2010 18:12;161;0
10-24-2010 18:13;178;0
10-24-2010 18:14;127;0
10-24-2010 18:15;89;0
10-24-2010 18:16;365;0
10-24-2010 18:17;217;0
10-24-2010 18:18;197;0
10-24-2010 18:19;537;0
10-24-2010 18:20;321;0
10-24-2010 18:21;132;0
10-24-2010 18:22;273;0
10-24-2010 18:23;232;0
10-24-2010 18:24;28;0
10-24-2010 18:25;155;0
10-24-2010 18:26;167;0
10-24-2010 18:27;42;0
10-24-2010 18:28;2;0
10-24-2010 18:29;21;0
10-24-2010 18:30;0;0
10-24-2010 18:31;72;0
10-24-2010 18:32;32;0
10-24-2010 18:33;225;0
10-24-2010 18:34;5;0
10-24-2010 18:35;57;0
10-24-2010 18:36;40;0
10-24-2010 18:37;0;0
10-24-2010 18:38;122;0
10-24-2010 18:39;273;0
10-24-2010 18:40;27;0
10-24-2010 18:41;0;0
10-24-2010 18:42;0;0
10-24-2010 18:43;64;0
10-24-2010 18:44;34;0
10-24-2010 18:45;119;0
10-24-2010 18:46;72;0
10-24-2010 18:47;784;0
10-24-2010 18:48;572;0
10-24-2010 18:49;537;0
10-24-2010 18:50;590;0
10-24-2010 18:51;537;0
10-24-2010 18:52;151;0
10-24-2010 18:53;472;0
10-24-2010 18:54;888;1
10-24-2010 18:55;204;0
10-24-2010 18:56;7;0
10-24-2010 18:57;32;0
10-24-2010 18:58;151;0
10-24-2010 18:59;24;0
10-24-2010 19:00;302;0
10-24-2010 19:01;59;0
10-24-2010 19:02;402;0
10-24-2010 19:03;834;0
10-24-2010 19:04;834;0
10-24-2010 19:05;503;0
10-24-2010 19:06;81;0
10-24-2010 19:07;0;0
10-24-2010 19:08;22;0
10-24-2010 19:09;36;0
10-24-2010 19:10;0;0
10-24-2010 19:11;0;0
10-24-2010 19:12;0;0
10-24-2010 19:13;784;0
10-24-2010 19:14;590;0
10-24-2010 19:15;273;0
10-24-2010 19:16;265;0
10-24-2010 19:17;834;0
10-24-2010 19:18;784;0
10-24-2010 19:19;443;0
10-24-2010 19:20;809;0
10-24-2010 19:21;256;0
10-24-2010 19:22;415;0
10-24-2010 19:23;204;0
10-24-2010 19:24;572;0
10-24-2010 19:25;977;1
10-24-2010 19:26;311;0
10-24-2010 19:27;402;0
10-24-2010 19:28;472;0
10-24-2010 19:29;311;0
10-24-2010 19:30;487;0
10-24-2010 19:31;520;0
10-24-2010 19:32;354;0
10-24-2010 19:33;713;0
10-24-2010 19:34;197;0
10-24-2010 19:35;283;0
10-24-2010 19:36;0;0
