TIMESTAMP;ACTIVITY;ANOMALY
03-24-2011 14:13;0;0
03-24-2011 14:14;3;0
03-24-2011 14:15;3;0
03-24-2011 14:16;3;0
03-24-2011 14:17;733;1
03-24-2011 14:18;240;0
03-24-2011 14:19;9;0
03-24-2011 14:20;451;0
03-24-2011 14:21;384;0
03-24-2011 14:22;69;0
03-24-2011 14:23;152;0
03-24-2011 14:24;336;0
03-24-2011 14:25;152;0
03-24-2011 14:26;157;0
03-24-2011 14:27;43;0
03-24-2011 14:28;152;0
03-24-2011 14:29;137;0
03-24-2011 14:30;104;0
03-24-2011 14:31;498;0
03-24-2011 14:32;275;0
03-24-2011 14:33;0;0
03-24-2011 14:34;22;0
03-24-2011 14:35;33;0
03-24-2011 14:36;0;0
03-24-2011 14:37;10;0
03-24-2011 14:38;0;0
03-24-2011 14:39;66;0
03-24-2011 14:40;168;0
03-24-2011 14:41;62;0
03-24-2011 14:42;9;0
03-24-2011 14:43;19;0
03-24-2011 14:44;0;0
03-24-2011 14:45;0;0
03-24-2011 14:46;38;0
03-24-2011 14:47;175;0
03-24-2011 14:48;182;0
03-24-2011 14:49;35;0
03-24-2011 14:50;107;0
03-24-2011 14:51;55;0
03-24-2011 14:52;29;0
03-24-2011 14:53;111;0
03-24-2011 14:54;62;0
03-24-2011 14:55;97;0
03-24-2011 14:56;175;0
03-24-2011 14:57;240;0
03-24-2011 14:58;336;0
03-24-2011 14:59;498;0
03-24-2011 15:00;605;1
03-24-2011 15:01;325;0
03-24-2011 15:02;284;0
03-24-2011 15:03;50;0
03-24-2011 15:04;50;0
03-24-2011 15:05;240;0
03-24-2011 15:06;396;0
03-24-2011 15:07;1043;1
03-24-2011 15:08;325;0
03-24-2011 15:09;266;0
03-24-2011 15:10;216;0
03-24-2011 15:11;438;0
03-24-2011 15:12;19;0
03-24-2011 15:13;168;0
03-24-2011 15:14;90;0
03-24-2011 15:15;54;0
03-24-2011 15:16;31;0
03-24-2011 15:17;21;0
03-24-2011 15:18;47;0
03-24-2011 15:19;100;0
03-24-2011 15:20;266;0
03-24-2011 15:21;40;0
03-24-2011 15:22;586;1
03-24-2011 15:23;275;0
03-24-2011 15:24;467;0
03-24-2011 15:25;168;0
03-24-2011 15:26;168;0
03-24-2011 15:27;498;0
03-24-2011 15:28;284;0
03-24-2011 15:29;624;1
03-24-2011 15:30;467;0
03-24-2011 15:31;275;0
03-24-2011 15:32;152;0
03-24-2011 15:33;336;0
03-24-2011 15:34;348;0
03-24-2011 15:35;336;0
03-24-2011 15:36;121;0
03-24-2011 15:37;55;0
03-24-2011 15:38;137;0
03-24-2011 15:39;202;0
03-24-2011 15:40;216;0
03-24-2011 15:41;121;0
03-24-2011 15:42;0;0
03-24-2011 15:43;28;0
03-24-2011 15:44;48;0
03-24-2011 15:45;50;0
03-24-2011 15:46;216;0
03-24-2011 15:47;126;0
03-24-2011 15:48;10;0
03-24-2011 15:49;0;0
03-24-2011 15:50;29;0
03-24-2011 15:51;62;0
03-24-2011 15:52;16;0
03-24-2011 15:53;0;0
03-24-2011 15:54;90;0
03-24-2011 15:55;0;0
03-24-2011 15:56;40;0
03-24-2011 15:57;16;0
03-24-2011 15:58;567;0
03-24-2011 15:59;100;0
03-24-2011 16:00;0;0
03-24-2011 16:01;142;0
03-24-2011 16:02;284;0
03-24-2011 16:03;216;0
03-24-2011 16:04;195;0
03-24-2011 16:05;372;0
03-24-2011 16:06;232;0
03-24-2011 16:07;3;0
03-24-2011 16:08;86;0
03-24-2011 16:09;55;0
03-24-2011 16:10;372;0
03-24-2011 16:11;175;0
03-24-2011 16:12;168;0
03-24-2011 16:13;73;0
03-24-2011 16:14;223;0
03-24-2011 16:15;33;0
03-24-2011 16:16;223;0
03-24-2011 16:17;202;0
03-24-2011 16:18;97;0
03-24-2011 16:19;43;0
03-24-2011 16:20;0;0
03-24-2011 16:21;19;0
03-24-2011 16:22;304;0
03-24-2011 16:23;31;0
03-24-2011 16:24;0;0
03-24-2011 16:25;22;0
03-24-2011 16:26;93;0
03-24-2011 16:27;0;0
03-24-2011 16:28;86;0
03-24-2011 16:29;189;0
03-24-2011 16:30;131;0
03-24-2011 16:31;163;0
03-24-2011 16:32;240;0
03-24-2011 16:33;48;0
03-24-2011 16:34;0;0
03-24-2011 16:35;69;0
03-24-2011 16:36;40;0
03-24-2011 16:37;131;0
03-24-2011 16:38;157;0
03-24-2011 16:39;336;0
03-24-2011 16:40;304;0
03-24-2011 16:41;73;0
03-24-2011 16:42;624;1
03-24-2011 16:43;189;0
03-24-2011 16:44;168;0
03-24-2011 16:45;69;0
03-24-2011 16:46;28;0
03-24-2011 16:47;12;0
03-24-2011 16:48;33;0
03-24-2011 16:49;62;0
03-24-2011 16:50;121;0
03-24-2011 16:51;0;0
03-24-2011 16:52;10;0
03-24-2011 16:53;0;0
03-24-2011 16:54;10;0
03-24-2011 16:55;116;0
03-24-2011 16:56;232;0
03-24-2011 16:57;645;1
03-24-2011 16:58;249;0
03-24-2011 16:59;97;0
03-24-2011 17:00;336;0
03-24-2011 17:01;163;0
03-24-2011 17:02;0;0
03-24-2011 17:03;80;0
03-24-2011 17:04;0;0
03-24-2011 17:05;40;0
03-24-2011 17:06;90;0
03-24-2011 17:07;0;0
03-24-2011 17:08;29;0
03-24-2011 17:09;33;0
03-24-2011 17:10;5;0
03-24-2011 17:11;0;0
03-24-2011 17:12;126;0
03-24-2011 17:13;0;0
03-24-2011 17:14;66;0
03-24-2011 17:15;59;0
03-24-2011 17:16;86;0
03-24-2011 17:17;55;0
03-24-2011 17:18;216;0
03-24-2011 17:19;66;0
03-24-2011 17:20;107;0
03-24-2011 17:21;202;0
03-24-2011 17:22;28;0
03-24-2011 17:23;100;0
03-24-2011 17:24;111;0
03-24-2011 17:25;16;0
03-24-2011 17:26;223;0
03-24-2011 17:27;157;0
03-24-2011 17:28;533;0
03-24-2011 17:29;116;0
03-24-2011 17:30;66;0
03-24-2011 17:31;467;0
03-24-2011 17:32;758;1
03-24-2011 17:33;424;0
03-24-2011 17:34;645;1
03-24-2011 17:35;467;0
03-24-2011 17:36;168;0
03-24-2011 17:37;111;0
03-24-2011 17:38;59;0
03-24-2011 17:39;90;0
03-24-2011 17:40;100;0
03-24-2011 17:41;111;0
03-24-2011 17:42;131;0
03-24-2011 17:43;372;0
03-24-2011 17:44;182;0
03-24-2011 17:45;36;0
03-24-2011 17:46;14;0
03-24-2011 17:47;100;0
03-24-2011 17:48;47;0
03-24-2011 17:49;9;0
03-24-2011 17:50;17;0
03-24-2011 17:51;42;0
03-24-2011 17:52;121;0
03-24-2011 17:53;116;0
03-24-2011 17:54;111;0
03-24-2011 17:55;111;0
03-24-2011 17:56;83;0
03-24-2011 17:57;10;0
03-24-2011 17:58;3;0
03-24-2011 17:59;3;0
03-24-2011 18:00;0;0
03-24-2011 18:01;142;0
03-24-2011 18:02;0;0
03-24-2011 18:03;137;0
03-24-2011 18:04;33;0
03-24-2011 18:05;126;0
03-24-2011 18:06;54;0
03-24-2011 18:07;76;0
03-24-2011 18:08;152;0
03-24-2011 18:09;249;0
03-24-2011 18:10;0;0
03-24-2011 18:11;0;0
03-24-2011 18:12;0;0
03-24-2011 18:13;16;0
03-24-2011 18:14;116;0
03-24-2011 18:15;29;0
03-24-2011 18:16;483;0
03-24-2011 18:17;0;0
03-24-2011 18:18;80;0
03-24-2011 18:19;168;0
03-24-2011 18:20;189;0
03-24-2011 18:21;189;0
03-24-2011 18:22;360;0
03-24-2011 18:23;348;0
03-24-2011 18:24;66;0
03-24-2011 18:25;16;0
03-24-2011 18:26;104;0
03-24-2011 18:27;202;0
03-24-2011 18:28;360;0
03-24-2011 18:29;175;0
03-24-2011 18:30;59;0
03-24-2011 18:31;9;0
03-24-2011 18:32;66;0
03-24-2011 18:33;97;0
03-24-2011 18:34;93;0
03-24-2011 18:35;294;0
03-24-2011 18:36;410;0
03-24-2011 18:37;142;0
03-24-2011 18:38;315;0
03-24-2011 18:39;202;0
03-24-2011 18:40;80;0
03-24-2011 18:41;116;0
03-24-2011 18:42;142;0
03-24-2011 18:43;93;0
03-24-2011 18:44;59;0
03-24-2011 18:45;80;0
03-24-2011 18:46;107;0
03-24-2011 18:47;28;0
03-24-2011 18:48;66;0
03-24-2011 18:49;66;0
03-24-2011 18:50;142;0
03-24-2011 18:51;0;0
03-24-2011 18:52;45;0
03-24-2011 18:53;0;0
03-24-2011 18:54;59;0
03-24-2011 18:55;0;0
03-24-2011 18:56;0;0
03-24-2011 18:57;33;0
03-24-2011 18:58;52;0
03-24-2011 18:59;38;0
03-24-2011 19:00;216;0
03-24-2011 19:01;3;0
03-24-2011 19:02;0;0
03-24-2011 19:03;66;0
03-24-2011 19:04;0;0
03-24-2011 19:05;0;0
03-24-2011 19:06;66;0
03-24-2011 19:07;111;0
03-24-2011 19:08;182;0
03-24-2011 19:09;240;0
03-24-2011 19:10;0;0
03-24-2011 19:11;0;0
03-24-2011 19:12;3;0
03-24-2011 19:13;0;0
03-24-2011 19:14;0;0
03-24-2011 19:15;66;0
03-24-2011 19:16;10;0
03-24-2011 19:17;47;0
03-24-2011 19:18;0;0
03-24-2011 19:19;131;0
03-24-2011 19:20;121;0
03-24-2011 19:21;0;0
03-24-2011 19:22;54;0
03-24-2011 19:23;0;0
03-24-2011 19:24;47;0
03-24-2011 19:25;3;0
03-24-2011 19:26;0;0
03-24-2011 19:27;137;0
03-24-2011 19:28;69;0
03-24-2011 19:29;0;0
03-24-2011 19:30;175;0
03-24-2011 19:31;40;0
03-24-2011 19:32;182;0
03-24-2011 19:33;104;0
03-24-2011 19:34;137;0
03-24-2011 19:35;304;0
03-24-2011 19:36;410;0
03-24-2011 19:37;36;0
03-24-2011 19:38;131;0
03-24-2011 19:39;223;0
03-24-2011 19:40;54;0
03-24-2011 19:41;116;0
03-24-2011 19:42;97;0
03-24-2011 19:43;0;0
03-24-2011 19:44;62;0
03-24-2011 19:45;69;0
03-24-2011 19:46;76;0
03-24-2011 19:47;163;0
03-24-2011 19:48;0;0
03-24-2011 19:49;97;0
03-24-2011 19:50;284;0
03-24-2011 19:51;834;1
03-24-2011 19:52;266;0
03-24-2011 19:53;275;0
03-24-2011 19:54;223;0
03-24-2011 19:55;93;0
03-24-2011 19:56;195;0
03-24-2011 19:57;104;0
03-24-2011 19:58;73;0
03-24-2011 19:59;47;0
03-24-2011 20:00;28;0
03-24-2011 20:01;43;0
03-24-2011 20:02;19;0
03-24-2011 20:03;38;0
03-24-2011 20:04;36;0
03-24-2011 20:05;483;0
03-24-2011 20:06;808;1
03-24-2011 20:07;1110;1
03-24-2011 20:08;266;0
03-24-2011 20:09;258;0
03-24-2011 20:10;586;1
03-24-2011 20:11;533;0
03-24-2011 20:12;249;0
03-24-2011 20:13;10;0
03-24-2011 20:14;0;0
03-24-2011 20:15;45;0
03-24-2011 20:16;14;0
03-24-2011 20:17;55;0
03-24-2011 20:18;93;0
03-24-2011 20:19;100;0
03-24-2011 20:20;12;0
03-24-2011 20:21;86;0
03-24-2011 20:22;19;0
03-24-2011 20:23;62;0
03-24-2011 20:24;83;0
03-24-2011 20:25;3;0
03-24-2011 20:26;688;1
03-24-2011 20:27;209;0
03-24-2011 20:28;62;0
03-24-2011 20:29;73;0
03-24-2011 20:30;209;0
03-24-2011 20:31;16;0
03-24-2011 20:32;3;0
03-24-2011 20:33;0;0
03-24-2011 20:34;0;0
03-24-2011 20:35;21;0
03-24-2011 20:36;26;0
03-24-2011 20:37;0;0
03-24-2011 20:38;10;0
03-24-2011 20:39;10;0
03-24-2011 20:40;17;0
03-24-2011 20:41;5;0
03-24-2011 20:42;12;0
03-24-2011 20:43;31;0
03-24-2011 20:44;16;0
03-24-2011 20:45;14;0
03-24-2011 20:46;14;0
03-24-2011 20:47;47;0
03-24-2011 20:48;29;0
03-24-2011 20:49;45;0
03-24-2011 20:50;31;0
03-24-2011 20:51;258;0
03-24-2011 20:52;515;0
03-24-2011 20:53;100;0
03-24-2011 20:54;42;0
03-24-2011 20:55;0;0
03-24-2011 20:56;43;0
03-24-2011 20:57;0;0
03-24-2011 20:58;3;0
03-24-2011 20:59;54;0
03-24-2011 21:00;104;0
03-24-2011 21:01;9;0
03-24-2011 21:02;35;0
03-24-2011 21:03;10;0
03-24-2011 21:04;76;0
03-24-2011 21:05;24;0
03-24-2011 21:06;0;0
03-24-2011 21:07;9;0
03-24-2011 21:08;83;0
03-24-2011 21:09;16;0
03-24-2011 21:10;3;0
03-24-2011 21:11;0;0
03-24-2011 21:12;10;0
03-24-2011 21:13;16;0
03-24-2011 21:14;126;0
03-24-2011 21:15;24;0
03-24-2011 21:16;9;0
03-24-2011 21:17;59;0
03-24-2011 21:18;100;0
03-24-2011 21:19;90;0
03-24-2011 21:20;50;0
03-24-2011 21:21;9;0
03-24-2011 21:22;3;0
03-24-2011 21:23;100;0
03-24-2011 21:24;116;0
03-24-2011 21:25;209;0
03-24-2011 21:26;126;0
03-24-2011 21:27;0;0
03-24-2011 21:28;0;0
03-24-2011 21:29;0;0
03-24-2011 21:30;0;0
03-24-2011 21:31;0;0
03-24-2011 21:32;0;0
03-24-2011 21:33;0;0
03-24-2011 21:34;0;0
03-24-2011 21:35;0;0
03-24-2011 21:36;0;0
03-24-2011 21:37;0;0
03-24-2011 21:38;22;0
03-24-2011 21:39;116;0
03-24-2011 21:40;104;0
03-24-2011 21:41;76;0
03-24-2011 21:42;142;0
03-24-2011 21:43;131;0
03-24-2011 21:44;121;0
03-24-2011 21:45;0;0
03-24-2011 21:46;3;0
03-24-2011 21:47;29;0
03-24-2011 21:48;3;0
03-24-2011 21:49;16;0
03-24-2011 21:50;21;0
03-24-2011 21:51;0;0
03-24-2011 21:52;0;0
03-24-2011 21:53;0;0
03-24-2011 21:54;0;0
03-24-2011 21:55;12;0
03-24-2011 21:56;0;0
03-24-2011 21:57;10;0
03-24-2011 21:58;26;0
03-24-2011 21:59;0;0
03-24-2011 22:00;0;0
03-24-2011 22:01;35;0
03-24-2011 22:02;0;0
03-24-2011 22:03;10;0
03-24-2011 22:04;19;0
03-24-2011 22:05;3;0
03-24-2011 22:06;0;0
03-24-2011 22:07;36;0
03-24-2011 22:08;55;0
03-24-2011 22:09;0;0
03-24-2011 22:10;0;0
03-24-2011 22:11;21;0
03-24-2011 22:12;24;0
03-24-2011 22:13;3;0
03-24-2011 22:14;0;0
03-24-2011 22:15;0;0
03-24-2011 22:16;0;0
03-24-2011 22:17;28;0
03-24-2011 22:18;54;0
03-24-2011 22:19;0;0
03-24-2011 22:20;83;0
03-24-2011 22:21;42;0
03-24-2011 22:22;33;0
03-24-2011 22:23;175;0
03-24-2011 22:24;73;0
03-24-2011 22:25;142;0
03-24-2011 22:26;73;0
03-24-2011 22:27;80;0
03-24-2011 22:28;62;0
03-24-2011 22:29;47;0
03-24-2011 22:30;9;0
03-24-2011 22:31;137;0
03-24-2011 22:32;111;0
03-24-2011 22:33;209;0
03-24-2011 22:34;240;0
03-24-2011 22:35;275;0
03-24-2011 22:36;126;0
03-24-2011 22:37;16;0
03-24-2011 22:38;0;0
03-24-2011 22:39;0;0
03-24-2011 22:40;0;0
03-24-2011 22:41;0;0
03-24-2011 22:42;0;0
03-24-2011 22:43;0;0
03-24-2011 22:44;26;0
03-24-2011 22:45;0;0
03-24-2011 22:46;0;0
03-24-2011 22:47;0;0
03-24-2011 22:48;0;0
03-24-2011 22:49;45;0
03-24-2011 22:50;48;0
03-24-2011 22:51;0;0
03-24-2011 22:52;31;0
03-24-2011 22:53;28;0
03-24-2011 22:54;22;0
03-24-2011 22:55;0;0
03-24-2011 22:56;3;0
03-24-2011 22:57;42;0
03-24-2011 22:58;3;0
03-24-2011 22:59;0;0
03-24-2011 23:00;38;0
03-24-2011 23:01;14;0
03-24-2011 23:02;0;0
03-24-2011 23:03;97;0
03-24-2011 23:04;7;0
03-24-2011 23:05;0;0
03-24-2011 23:06;19;0
03-24-2011 23:07;10;0
03-24-2011 23:08;35;0
03-24-2011 23:09;223;0
03-24-2011 23:10;438;0
03-24-2011 23:11;360;0
03-24-2011 23:12;348;0
03-24-2011 23:13;126;0
03-24-2011 23:14;59;0
03-24-2011 23:15;35;0
03-24-2011 23:16;59;0
03-24-2011 23:17;163;0
03-24-2011 23:18;116;0
03-24-2011 23:19;76;0
03-24-2011 23:20;80;0
03-24-2011 23:21;384;0
03-24-2011 23:22;533;0
03-24-2011 23:23;348;0
03-24-2011 23:24;47;0
03-24-2011 23:25;195;0
03-24-2011 23:26;35;0
03-24-2011 23:27;36;0
03-24-2011 23:28;66;0
03-24-2011 23:29;62;0
03-24-2011 23:30;182;0
03-24-2011 23:31;80;0
03-24-2011 23:32;59;0
03-24-2011 23:33;100;0
03-24-2011 23:34;26;0
03-24-2011 23:35;69;0
03-24-2011 23:36;40;0
03-24-2011 23:37;21;0
03-24-2011 23:38;0;0
03-24-2011 23:39;33;0
03-24-2011 23:40;28;0
03-24-2011 23:41;0;0
03-24-2011 23:42;168;0
03-24-2011 23:43;59;0
03-24-2011 23:44;0;0
03-24-2011 23:45;9;0
03-24-2011 23:46;3;0
03-24-2011 23:47;100;0
03-24-2011 23:48;10;0
03-24-2011 23:49;14;0
03-24-2011 23:50;29;0
03-24-2011 23:51;0;0
03-24-2011 23:52;26;0
03-24-2011 23:53;14;0
03-24-2011 23:54;24;0
03-24-2011 23:55;0;0
03-24-2011 23:56;0;0
03-24-2011 23:57;3;0
03-24-2011 23:58;21;0
03-24-2011 23:59;35;0
03-25-2011 00:00;202;0
03-25-2011 00:01;73;0
03-25-2011 00:02;22;0
03-25-2011 00:03;9;0
03-25-2011 00:04;0;0
03-25-2011 00:05;38;0
03-25-2011 00:06;59;0
03-25-2011 00:07;0;0
03-25-2011 00:08;62;0
03-25-2011 00:09;55;0
03-25-2011 00:10;0;0
03-25-2011 00:11;90;0
03-25-2011 00:12;0;0
03-25-2011 00:13;90;0
03-25-2011 00:14;131;0
03-25-2011 00:15;275;0
03-25-2011 00:16;137;0
03-25-2011 00:17;202;0
03-25-2011 00:18;90;0
03-25-2011 00:19;152;0
03-25-2011 00:20;59;0
03-25-2011 00:21;12;0
03-25-2011 00:22;3;0
03-25-2011 00:23;3;0
03-25-2011 00:24;0;0
03-25-2011 00:25;0;0
03-25-2011 00:26;0;0
03-25-2011 00:27;0;0
03-25-2011 00:28;29;0
03-25-2011 00:29;19;0
03-25-2011 00:30;0;0
03-25-2011 00:31;14;0
03-25-2011 00:32;16;0
03-25-2011 00:33;62;0
03-25-2011 00:34;42;0
03-25-2011 00:35;28;0
03-25-2011 00:36;3;0
03-25-2011 00:37;17;0
03-25-2011 00:38;0;0
03-25-2011 00:39;21;0
03-25-2011 00:40;48;0
03-25-2011 00:41;0;0
03-25-2011 00:42;3;0
03-25-2011 00:43;47;0
03-25-2011 00:44;0;0
03-25-2011 00:45;33;0
03-25-2011 00:46;16;0
03-25-2011 00:47;3;0
03-25-2011 00:48;55;0
03-25-2011 00:49;3;0
03-25-2011 00:50;116;0
03-25-2011 00:51;76;0
03-25-2011 00:52;152;0
03-25-2011 00:53;116;0
03-25-2011 00:54;336;0
03-25-2011 00:55;107;0
03-25-2011 00:56;294;0
03-25-2011 00:57;372;0
03-25-2011 00:58;189;0
03-25-2011 00:59;45;0
03-25-2011 01:00;0;0
03-25-2011 01:01;47;0
03-25-2011 01:02;3;0
03-25-2011 01:03;0;0
03-25-2011 01:04;0;0
03-25-2011 01:05;147;0
03-25-2011 01:06;0;0
03-25-2011 01:07;0;0
03-25-2011 01:08;0;0
03-25-2011 01:09;0;0
03-25-2011 01:10;0;0
03-25-2011 01:11;0;0
03-25-2011 01:12;0;0
03-25-2011 01:13;0;0
03-25-2011 01:14;0;0
03-25-2011 01:15;0;0
03-25-2011 01:16;0;0
03-25-2011 01:17;0;0
03-25-2011 01:18;0;0
03-25-2011 01:19;0;0
03-25-2011 01:20;0;0
03-25-2011 01:21;0;0
03-25-2011 01:22;0;0
03-25-2011 01:23;0;0
03-25-2011 01:24;0;0
03-25-2011 01:25;0;0
03-25-2011 01:26;0;0
03-25-2011 01:27;0;0
03-25-2011 01:28;0;0
03-25-2011 01:29;0;0
03-25-2011 01:30;0;0
03-25-2011 01:31;0;0
03-25-2011 01:32;93;0
03-25-2011 01:33;0;0
03-25-2011 01:34;0;0
03-25-2011 01:35;21;0
03-25-2011 01:36;336;0
03-25-2011 01:37;567;0
03-25-2011 01:38;175;0
03-25-2011 01:39;80;0
03-25-2011 01:40;38;0
03-25-2011 01:41;0;0
03-25-2011 01:42;0;0
03-25-2011 01:43;0;0
03-25-2011 01:44;0;0
03-25-2011 01:45;22;0
03-25-2011 01:46;0;0
03-25-2011 01:47;0;0
03-25-2011 01:48;5;0
03-25-2011 01:49;315;0
03-25-2011 01:50;0;0
03-25-2011 01:51;0;0
03-25-2011 01:52;0;0
03-25-2011 01:53;0;0
03-25-2011 01:54;0;0
03-25-2011 01:55;42;0
03-25-2011 01:56;0;0
03-25-2011 01:57;0;0
03-25-2011 01:58;0;0
03-25-2011 01:59;0;0
03-25-2011 02:00;0;0
03-25-2011 02:01;0;0
03-25-2011 02:02;0;0
03-25-2011 02:03;0;0
03-25-2011 02:04;0;0
03-25-2011 02:05;111;0
03-25-2011 02:06;0;0
03-25-2011 02:07;0;0
03-25-2011 02:08;0;0
03-25-2011 02:09;0;0
03-25-2011 02:10;29;0
03-25-2011 02:11;31;0
03-25-2011 02:12;0;0
03-25-2011 02:13;0;0
03-25-2011 02:14;7;0
03-25-2011 02:15;80;0
03-25-2011 02:16;28;0
03-25-2011 02:17;0;0
03-25-2011 02:18;42;0
03-25-2011 02:19;0;0
03-25-2011 02:20;55;0
03-25-2011 02:21;0;0
03-25-2011 02:22;12;0
03-25-2011 02:23;0;0
03-25-2011 02:24;73;0
03-25-2011 02:25;0;0
03-25-2011 02:26;0;0
03-25-2011 02:27;0;0
03-25-2011 02:28;0;0
03-25-2011 02:29;0;0
03-25-2011 02:30;0;0
03-25-2011 02:31;5;0
03-25-2011 02:32;0;0
03-25-2011 02:33;0;0
03-25-2011 02:34;0;0
03-25-2011 02:35;0;0
03-25-2011 02:36;0;0
03-25-2011 02:37;0;0
03-25-2011 02:38;0;0
03-25-2011 02:39;0;0
03-25-2011 02:40;0;0
03-25-2011 02:41;0;0
03-25-2011 02:42;0;0
03-25-2011 02:43;0;0
03-25-2011 02:44;0;0
03-25-2011 02:45;0;0
03-25-2011 02:46;0;0
03-25-2011 02:47;19;0
03-25-2011 02:48;80;0
03-25-2011 02:49;14;0
03-25-2011 02:50;90;0
03-25-2011 02:51;0;0
03-25-2011 02:52;0;0
03-25-2011 02:53;0;0
03-25-2011 02:54;0;0
03-25-2011 02:55;0;0
03-25-2011 02:56;0;0
03-25-2011 02:57;0;0
03-25-2011 02:58;0;0
03-25-2011 02:59;0;0
03-25-2011 03:00;0;0
03-25-2011 03:01;0;0
03-25-2011 03:02;0;0
03-25-2011 03:03;0;0
03-25-2011 03:04;0;0
03-25-2011 03:05;0;0
03-25-2011 03:06;0;0
03-25-2011 03:07;0;0
03-25-2011 03:08;0;0
03-25-2011 03:09;0;0
03-25-2011 03:10;0;0
03-25-2011 03:11;0;0
03-25-2011 03:12;0;0
03-25-2011 03:13;47;0
03-25-2011 03:14;0;0
03-25-2011 03:15;0;0
03-25-2011 03:16;45;0
03-25-2011 03:17;3;0
03-25-2011 03:18;0;0
03-25-2011 03:19;0;0
03-25-2011 03:20;0;0
03-25-2011 03:21;0;0
03-25-2011 03:22;0;0
03-25-2011 03:23;0;0
03-25-2011 03:24;0;0
03-25-2011 03:25;0;0
03-25-2011 03:26;0;0
03-25-2011 03:27;0;0
03-25-2011 03:28;0;0
03-25-2011 03:29;0;0
03-25-2011 03:30;0;0
03-25-2011 03:31;0;0
03-25-2011 03:32;0;0
03-25-2011 03:33;0;0
03-25-2011 03:34;19;0
03-25-2011 03:35;0;0
03-25-2011 03:36;0;0
03-25-2011 03:37;0;0
03-25-2011 03:38;0;0
03-25-2011 03:39;0;0
03-25-2011 03:40;0;0
03-25-2011 03:41;0;0
03-25-2011 03:42;0;0
03-25-2011 03:43;0;0
03-25-2011 03:44;0;0
03-25-2011 03:45;0;0
03-25-2011 03:46;0;0
03-25-2011 03:47;0;0
03-25-2011 03:48;0;0
03-25-2011 03:49;0;0
03-25-2011 03:50;0;0
03-25-2011 03:51;0;0
03-25-2011 03:52;0;0
03-25-2011 03:53;0;0
03-25-2011 03:54;0;0
03-25-2011 03:55;0;0
03-25-2011 03:56;0;0
03-25-2011 03:57;0;0
03-25-2011 03:58;93;0
03-25-2011 03:59;0;0
03-25-2011 04:00;0;0
03-25-2011 04:01;0;0
03-25-2011 04:02;0;0
03-25-2011 04:03;0;0
03-25-2011 04:04;22;0
03-25-2011 04:05;0;0
03-25-2011 04:06;0;0
03-25-2011 04:07;0;0
03-25-2011 04:08;0;0
03-25-2011 04:09;0;0
03-25-2011 04:10;38;0
03-25-2011 04:11;62;0
03-25-2011 04:12;0;0
03-25-2011 04:13;0;0
03-25-2011 04:14;360;0
03-25-2011 04:15;249;0
03-25-2011 04:16;3;0
03-25-2011 04:17;0;0
03-25-2011 04:18;0;0
03-25-2011 04:19;0;0
03-25-2011 04:20;0;0
03-25-2011 04:21;0;0
03-25-2011 04:22;0;0
03-25-2011 04:23;0;0
03-25-2011 04:24;0;0
03-25-2011 04:25;0;0
03-25-2011 04:26;0;0
03-25-2011 04:27;121;0
03-25-2011 04:28;0;0
03-25-2011 04:29;0;0
03-25-2011 04:30;0;0
03-25-2011 04:31;131;0
03-25-2011 04:32;0;0
03-25-2011 04:33;3;0
03-25-2011 04:34;0;0
03-25-2011 04:35;0;0
03-25-2011 04:36;116;0
03-25-2011 04:37;5;0
03-25-2011 04:38;0;0
03-25-2011 04:39;0;0
03-25-2011 04:40;0;0
03-25-2011 04:41;0;0
03-25-2011 04:42;0;0
03-25-2011 04:43;0;0
03-25-2011 04:44;0;0
03-25-2011 04:45;0;0
03-25-2011 04:46;47;0
03-25-2011 04:47;0;0
03-25-2011 04:48;17;0
03-25-2011 04:49;5;0
03-25-2011 04:50;73;0
03-25-2011 04:51;0;0
03-25-2011 04:52;86;0
03-25-2011 04:53;0;0
03-25-2011 04:54;31;0
03-25-2011 04:55;0;0
03-25-2011 04:56;0;0
03-25-2011 04:57;0;0
03-25-2011 04:58;0;0
03-25-2011 04:59;0;0
03-25-2011 05:00;0;0
03-25-2011 05:01;0;0
03-25-2011 05:02;0;0
03-25-2011 05:03;0;0
03-25-2011 05:04;0;0
03-25-2011 05:05;0;0
03-25-2011 05:06;0;0
03-25-2011 05:07;0;0
03-25-2011 05:08;0;0
03-25-2011 05:09;0;0
03-25-2011 05:10;0;0
03-25-2011 05:11;0;0
03-25-2011 05:12;0;0
03-25-2011 05:13;0;0
03-25-2011 05:14;0;0
03-25-2011 05:15;0;0
03-25-2011 05:16;0;0
03-25-2011 05:17;0;0
03-25-2011 05:18;0;0
03-25-2011 05:19;0;0
03-25-2011 05:20;0;0
03-25-2011 05:21;0;0
03-25-2011 05:22;0;0
03-25-2011 05:23;0;0
03-25-2011 05:24;0;0
03-25-2011 05:25;0;0
03-25-2011 05:26;0;0
03-25-2011 05:27;69;0
03-25-2011 05:28;0;0
03-25-2011 05:29;66;0
03-25-2011 05:30;0;0
03-25-2011 05:31;0;0
03-25-2011 05:32;0;0
03-25-2011 05:33;0;0
03-25-2011 05:34;0;0
03-25-2011 05:35;0;0
03-25-2011 05:36;0;0
03-25-2011 05:37;3;0
03-25-2011 05:38;52;0
03-25-2011 05:39;0;0
03-25-2011 05:40;0;0
03-25-2011 05:41;0;0
03-25-2011 05:42;62;0
03-25-2011 05:43;3;0
03-25-2011 05:44;29;0
03-25-2011 05:45;0;0
03-25-2011 05:46;17;0
03-25-2011 05:47;76;0
03-25-2011 05:48;9;0
03-25-2011 05:49;35;0
03-25-2011 05:50;9;0
03-25-2011 05:51;38;0
03-25-2011 05:52;0;0
03-25-2011 05:53;48;0
03-25-2011 05:54;0;0
03-25-2011 05:55;0;0
03-25-2011 05:56;24;0
03-25-2011 05:57;0;0
03-25-2011 05:58;0;0
03-25-2011 05:59;0;0
03-25-2011 06:00;111;0
03-25-2011 06:01;3;0
03-25-2011 06:02;0;0
03-25-2011 06:03;55;0
03-25-2011 06:04;5;0
03-25-2011 06:05;0;0
03-25-2011 06:06;38;0
03-25-2011 06:07;624;1
03-25-2011 06:08;3;0
03-25-2011 06:09;0;0
03-25-2011 06:10;38;0
03-25-2011 06:11;3;0
03-25-2011 06:12;0;0
03-25-2011 06:13;76;0
03-25-2011 06:14;0;0
03-25-2011 06:15;0;0
03-25-2011 06:16;0;0
03-25-2011 06:17;0;0
03-25-2011 06:18;0;0
03-25-2011 06:19;0;0
03-25-2011 06:20;0;0
03-25-2011 06:21;0;0
03-25-2011 06:22;0;0
03-25-2011 06:23;0;0
03-25-2011 06:24;0;0
03-25-2011 06:25;0;0
03-25-2011 06:26;0;0
03-25-2011 06:27;0;0
03-25-2011 06:28;0;0
03-25-2011 06:29;0;0
03-25-2011 06:30;0;0
03-25-2011 06:31;0;0
03-25-2011 06:32;0;0
03-25-2011 06:33;0;0
03-25-2011 06:34;0;0
03-25-2011 06:35;0;0
03-25-2011 06:36;0;0
03-25-2011 06:37;0;0
03-25-2011 06:38;0;0
03-25-2011 06:39;0;0
03-25-2011 06:40;0;0
03-25-2011 06:41;0;0
03-25-2011 06:42;0;0
03-25-2011 06:43;69;0
03-25-2011 06:44;0;0
03-25-2011 06:45;0;0
03-25-2011 06:46;0;0
03-25-2011 06:47;0;0
03-25-2011 06:48;40;0
03-25-2011 06:49;5;0
03-25-2011 06:50;126;0
03-25-2011 06:51;3;0
03-25-2011 06:52;0;0
03-25-2011 06:53;0;0
03-25-2011 06:54;0;0
03-25-2011 06:55;22;0
03-25-2011 06:56;36;0
03-25-2011 06:57;0;0
03-25-2011 06:58;35;0
03-25-2011 06:59;0;0
03-25-2011 07:00;0;0
03-25-2011 07:01;116;0
03-25-2011 07:02;0;0
03-25-2011 07:03;0;0
03-25-2011 07:04;66;0
03-25-2011 07:05;59;0
03-25-2011 07:06;3;0
03-25-2011 07:07;0;0
03-25-2011 07:08;0;0
03-25-2011 07:09;0;0
03-25-2011 07:10;0;0
03-25-2011 07:11;0;0
03-25-2011 07:12;0;0
03-25-2011 07:13;0;0
03-25-2011 07:14;0;0
03-25-2011 07:15;43;0
03-25-2011 07:16;16;0
03-25-2011 07:17;0;0
03-25-2011 07:18;0;0
03-25-2011 07:19;116;0
03-25-2011 07:20;0;0
03-25-2011 07:21;0;0
03-25-2011 07:22;0;0
03-25-2011 07:23;86;0
03-25-2011 07:24;3;0
03-25-2011 07:25;0;0
03-25-2011 07:26;29;0
03-25-2011 07:27;266;0
03-25-2011 07:28;3;0
03-25-2011 07:29;0;0
03-25-2011 07:30;0;0
03-25-2011 07:31;0;0
03-25-2011 07:32;0;0
03-25-2011 07:33;0;0
03-25-2011 07:34;100;0
03-25-2011 07:35;0;0
03-25-2011 07:36;66;0
03-25-2011 07:37;467;0
03-25-2011 07:38;66;0
03-25-2011 07:39;3;0
03-25-2011 07:40;0;0
03-25-2011 07:41;29;0
03-25-2011 07:42;66;0
03-25-2011 07:43;19;0
03-25-2011 07:44;0;0
03-25-2011 07:45;0;0
03-25-2011 07:46;19;0
03-25-2011 07:47;0;0
03-25-2011 07:48;45;0
03-25-2011 07:49;24;0
03-25-2011 07:50;0;0
03-25-2011 07:51;59;0
03-25-2011 07:52;14;0
03-25-2011 07:53;26;0
03-25-2011 07:54;0;0
03-25-2011 07:55;0;0
03-25-2011 07:56;116;0
03-25-2011 07:57;131;0
03-25-2011 07:58;24;0
03-25-2011 07:59;38;0
03-25-2011 08:00;100;0
03-25-2011 08:01;195;0
03-25-2011 08:02;0;0
03-25-2011 08:03;304;0
03-25-2011 08:04;50;0
03-25-2011 08:05;3;0
03-25-2011 08:06;0;0
03-25-2011 08:07;0;0
03-25-2011 08:08;0;0
03-25-2011 08:09;0;0
03-25-2011 08:10;14;0
03-25-2011 08:11;21;0
03-25-2011 08:12;16;0
03-25-2011 08:13;0;0
03-25-2011 08:14;42;0
03-25-2011 08:15;17;0
03-25-2011 08:16;0;0
03-25-2011 08:17;0;0
03-25-2011 08:18;33;0
03-25-2011 08:19;0;0
03-25-2011 08:20;189;0
03-25-2011 08:21;62;0
03-25-2011 08:22;147;0
03-25-2011 08:23;202;0
03-25-2011 08:24;59;0
03-25-2011 08:25;121;0
03-25-2011 08:26;240;0
03-25-2011 08:27;0;0
03-25-2011 08:28;17;0
03-25-2011 08:29;384;0
03-25-2011 08:30;111;0
03-25-2011 08:31;0;0
03-25-2011 08:32;12;0
03-25-2011 08:33;5;0
03-25-2011 08:34;66;0
03-25-2011 08:35;0;0
03-25-2011 08:36;3;0
03-25-2011 08:37;0;0
03-25-2011 08:38;12;0
03-25-2011 08:39;62;0
03-25-2011 08:40;62;0
03-25-2011 08:41;38;0
03-25-2011 08:42;7;0
03-25-2011 08:43;29;0
03-25-2011 08:44;36;0
03-25-2011 08:45;9;0
03-25-2011 08:46;36;0
03-25-2011 08:47;0;0
03-25-2011 08:48;0;0
03-25-2011 08:49;0;0
03-25-2011 08:50;0;0
03-25-2011 08:51;0;0
03-25-2011 08:52;0;0
03-25-2011 08:53;22;0
03-25-2011 08:54;0;0
03-25-2011 08:55;22;0
03-25-2011 08:56;0;0
03-25-2011 08:57;0;0
03-25-2011 08:58;10;0
03-25-2011 08:59;40;0
03-25-2011 09:00;31;0
03-25-2011 09:01;3;0
03-25-2011 09:02;3;0
03-25-2011 09:03;0;0
03-25-2011 09:04;0;0
03-25-2011 09:05;31;0
03-25-2011 09:06;0;0
03-25-2011 09:07;189;0
03-25-2011 09:08;175;0
03-25-2011 09:09;438;0
03-25-2011 09:10;62;0
03-25-2011 09:11;157;0
03-25-2011 09:12;126;0
03-25-2011 09:13;0;0
03-25-2011 09:14;16;0
03-25-2011 09:15;47;0
03-25-2011 09:16;16;0
03-25-2011 09:17;0;0
03-25-2011 09:18;52;0
03-25-2011 09:19;3;0
03-25-2011 09:20;0;0
03-25-2011 09:21;0;0
03-25-2011 09:22;0;0
03-25-2011 09:23;0;0
03-25-2011 09:24;0;0
03-25-2011 09:25;42;0
03-25-2011 09:26;0;0
03-25-2011 09:27;21;0
03-25-2011 09:28;10;0
03-25-2011 09:29;52;0
03-25-2011 09:30;40;0
03-25-2011 09:31;19;0
03-25-2011 09:32;42;0
03-25-2011 09:33;0;0
03-25-2011 09:34;28;0
03-25-2011 09:35;43;0
03-25-2011 09:36;22;0
03-25-2011 09:37;10;0
03-25-2011 09:38;66;0
03-25-2011 09:39;55;0
03-25-2011 09:40;209;0
03-25-2011 09:41;410;0
03-25-2011 09:42;3;0
03-25-2011 09:43;0;0
03-25-2011 09:44;0;0
03-25-2011 09:45;0;0
03-25-2011 09:46;76;0
03-25-2011 09:47;438;0
03-25-2011 09:48;202;0
03-25-2011 09:49;410;0
03-25-2011 09:50;275;0
03-25-2011 09:51;711;1
03-25-2011 09:52;711;1
03-25-2011 09:53;782;1
03-25-2011 09:54;76;0
03-25-2011 09:55;0;0
03-25-2011 09:56;0;0
03-25-2011 09:57;9;0
03-25-2011 09:58;5;0
03-25-2011 09:59;16;0
03-25-2011 10:00;50;0
03-25-2011 10:01;52;0
03-25-2011 10:02;83;0
03-25-2011 10:03;47;0
03-25-2011 10:04;69;0
03-25-2011 10:05;733;1
03-25-2011 10:06;758;1
03-25-2011 10:07;861;1
03-25-2011 10:08;315;0
03-25-2011 10:09;410;0
03-25-2011 10:10;55;0
03-25-2011 10:11;16;0
03-25-2011 10:12;31;0
03-25-2011 10:13;424;0
03-25-2011 10:14;62;0
03-25-2011 10:15;834;1
03-25-2011 10:16;948;1
03-25-2011 10:17;451;0
03-25-2011 10:18;550;1
03-25-2011 10:19;666;1
03-25-2011 10:20;315;0
03-25-2011 10:21;483;0
03-25-2011 10:22;550;1
03-25-2011 10:23;624;1
03-25-2011 10:24;304;0
03-25-2011 10:25;168;0
03-25-2011 10:26;17;0
03-25-2011 10:27;5;0
03-25-2011 10:28;16;0
03-25-2011 10:29;21;0
03-25-2011 10:30;24;0
03-25-2011 10:31;0;0
03-25-2011 10:32;0;0
03-25-2011 10:33;24;0
03-25-2011 10:34;26;0
03-25-2011 10:35;21;0
03-25-2011 10:36;93;0
03-25-2011 10:37;0;0
03-25-2011 10:38;59;0
03-25-2011 10:39;38;0
03-25-2011 10:40;28;0
03-25-2011 10:41;0;0
03-25-2011 10:42;7;0
03-25-2011 10:43;175;0
03-25-2011 10:44;688;1
03-25-2011 10:45;26;0
03-25-2011 10:46;9;0
03-25-2011 10:47;17;0
03-25-2011 10:48;0;0
03-25-2011 10:49;76;0
03-25-2011 10:50;121;0
03-25-2011 10:51;16;0
03-25-2011 10:52;12;0
03-25-2011 10:53;0;0
03-25-2011 10:54;372;0
03-25-2011 10:55;733;1
03-25-2011 10:56;808;1
03-25-2011 10:57;66;0
03-25-2011 10:58;90;0
03-25-2011 10:59;216;0
03-25-2011 11:00;90;0
03-25-2011 11:01;59;0
03-25-2011 11:02;202;0
03-25-2011 11:03;14;0
03-25-2011 11:04;137;0
03-25-2011 11:05;223;0
03-25-2011 11:06;100;0
03-25-2011 11:07;3;0
03-25-2011 11:08;93;0
03-25-2011 11:09;131;0
03-25-2011 11:10;645;1
03-25-2011 11:11;688;1
03-25-2011 11:12;189;0
03-25-2011 11:13;275;0
03-25-2011 11:14;336;0
03-25-2011 11:15;223;0
03-25-2011 11:16;294;0
03-25-2011 11:17;147;0
03-25-2011 11:18;396;0
03-25-2011 11:19;175;0
03-25-2011 11:20;90;0
03-25-2011 11:21;336;0
03-25-2011 11:22;232;0
03-25-2011 11:23;410;0
03-25-2011 11:24;666;1
03-25-2011 11:25;424;0
03-25-2011 11:26;567;0
03-25-2011 11:27;232;0
03-25-2011 11:28;249;0
03-25-2011 11:29;258;0
03-25-2011 11:30;152;0
03-25-2011 11:31;424;0
03-25-2011 11:32;550;1
03-25-2011 11:33;424;0
03-25-2011 11:34;19;0
03-25-2011 11:35;249;0
03-25-2011 11:36;195;0
03-25-2011 11:37;168;0
03-25-2011 11:38;147;0
03-25-2011 11:39;284;0
03-25-2011 11:40;168;0
03-25-2011 11:41;76;0
03-25-2011 11:42;93;0
03-25-2011 11:43;97;0
03-25-2011 11:44;360;0
03-25-2011 11:45;483;0
03-25-2011 11:46;483;0
03-25-2011 11:47;451;0
03-25-2011 11:48;451;0
03-25-2011 11:49;275;0
03-25-2011 11:50;163;0
03-25-2011 11:51;223;0
03-25-2011 11:52;175;0
03-25-2011 11:53;348;0
03-25-2011 11:54;396;0
03-25-2011 11:55;157;0
03-25-2011 11:56;116;0
03-25-2011 11:57;36;0
03-25-2011 11:58;483;0
03-25-2011 11:59;979;1
03-25-2011 12:00;688;1
03-25-2011 12:01;586;1
03-25-2011 12:02;533;0
03-25-2011 12:03;688;1
03-25-2011 12:04;498;0
03-25-2011 12:05;451;0
03-25-2011 12:06;451;0
03-25-2011 12:07;666;1
03-25-2011 12:08;533;0
03-25-2011 12:09;384;0
03-25-2011 12:10;605;1
03-25-2011 12:11;483;0
03-25-2011 12:12;948;1
03-25-2011 12:13;889;1
03-25-2011 12:14;325;0
03-25-2011 12:15;182;0
03-25-2011 12:16;168;0
03-25-2011 12:17;182;0
03-25-2011 12:18;275;0
03-25-2011 12:19;216;0
03-25-2011 12:20;284;0
03-25-2011 12:21;240;0
03-25-2011 12:22;175;0
03-25-2011 12:23;147;0
03-25-2011 12:24;249;0
03-25-2011 12:25;14;0
03-25-2011 12:26;325;0
03-25-2011 12:27;605;1
03-25-2011 12:28;666;1
03-25-2011 12:29;304;0
03-25-2011 12:30;424;0
03-25-2011 12:31;424;0
03-25-2011 12:32;325;0
03-25-2011 12:33;605;1
03-25-2011 12:34;175;0
03-25-2011 12:35;137;0
03-25-2011 12:36;202;0
03-25-2011 12:37;9;0
03-25-2011 12:38;0;0
03-25-2011 12:39;19;0
03-25-2011 12:40;93;0
03-25-2011 12:41;147;0
03-25-2011 12:42;12;0
03-25-2011 12:43;126;0
03-25-2011 12:44;29;0
03-25-2011 12:45;16;0
03-25-2011 12:46;26;0
03-25-2011 12:47;59;0
03-25-2011 12:48;202;0
03-25-2011 12:49;137;0
03-25-2011 12:50;284;0
03-25-2011 12:51;605;1
03-25-2011 12:52;834;1
03-25-2011 12:53;1110;1
03-25-2011 12:54;688;1
03-25-2011 12:55;209;0
03-25-2011 12:56;50;0
03-25-2011 12:57;258;0
03-25-2011 12:58;275;0
03-25-2011 12:59;47;0
03-25-2011 13:00;348;0
03-25-2011 13:01;325;0
03-25-2011 13:02;918;1
03-25-2011 13:03;533;0
03-25-2011 13:04;348;0
03-25-2011 13:05;86;0
03-25-2011 13:06;9;0
03-25-2011 13:07;348;0
03-25-2011 13:08;111;0
03-25-2011 13:09;163;0
03-25-2011 13:10;100;0
03-25-2011 13:11;28;0
03-25-2011 13:12;24;0
03-25-2011 13:13;36;0
03-25-2011 13:14;195;0
03-25-2011 13:15;152;0
03-25-2011 13:16;258;0
03-25-2011 13:17;396;0
03-25-2011 13:18;275;0
03-25-2011 13:19;294;0
03-25-2011 13:20;315;0
03-25-2011 13:21;147;0
03-25-2011 13:22;19;0
03-25-2011 13:23;19;0
03-25-2011 13:24;258;0
03-25-2011 13:25;126;0
03-25-2011 13:26;758;1
03-25-2011 13:27;1076;1
03-25-2011 13:28;550;1
03-25-2011 13:29;889;1
03-25-2011 13:30;284;0
03-25-2011 13:31;240;0
03-25-2011 13:32;121;0
03-25-2011 13:33;223;0
03-25-2011 13:34;86;0
03-25-2011 13:35;0;0
03-25-2011 13:36;59;0
03-25-2011 13:37;90;0
03-25-2011 13:38;35;0
03-25-2011 13:39;0;0
03-25-2011 13:40;3;0
03-25-2011 13:41;0;0
03-25-2011 13:42;0;0
03-25-2011 13:43;137;0
03-25-2011 13:44;33;0
03-25-2011 13:45;9;0
03-25-2011 13:46;131;0
03-25-2011 13:47;66;0
03-25-2011 13:48;76;0
03-25-2011 13:49;0;0
03-25-2011 13:50;163;0
03-25-2011 13:51;1221;1
03-25-2011 13:52;372;0
03-25-2011 13:53;0;0
03-25-2011 13:54;147;0
03-25-2011 13:55;645;1
03-25-2011 13:56;33;0
03-25-2011 13:57;336;0
03-25-2011 13:58;861;1
03-25-2011 13:59;1261;1
03-25-2011 14:00;175;0
03-25-2011 14:01;0;0
03-25-2011 14:02;26;0
03-25-2011 14:03;0;0
03-25-2011 14:04;93;0
03-25-2011 14:05;19;0
03-25-2011 14:06;3;0
03-25-2011 14:07;567;0
03-25-2011 14:08;733;1
03-25-2011 14:09;834;1
03-25-2011 14:10;483;0
03-25-2011 14:11;336;0
03-25-2011 14:12;147;0
03-25-2011 14:13;586;1
03-25-2011 14:14;410;0
03-25-2011 14:15;410;0
03-25-2011 14:16;80;0
03-25-2011 14:17;90;0
03-25-2011 14:18;107;0
03-25-2011 14:19;3;0
03-25-2011 14:20;111;0
03-25-2011 14:21;111;0
03-25-2011 14:22;12;0
03-25-2011 14:23;16;0
03-25-2011 14:24;175;0
03-25-2011 14:25;14;0
03-25-2011 14:26;5;0
03-25-2011 14:27;29;0
03-25-2011 14:28;0;0
03-25-2011 14:29;90;0
03-25-2011 14:30;3;0
03-25-2011 14:31;0;0
03-25-2011 14:32;0;0
03-25-2011 14:33;336;0
03-25-2011 14:34;3;0
03-25-2011 14:35;0;0
03-25-2011 14:36;0;0
03-25-2011 14:37;83;0
03-25-2011 14:38;0;0
03-25-2011 14:39;0;0
03-25-2011 14:40;0;0
03-25-2011 14:41;0;0
03-25-2011 14:42;0;0
03-25-2011 14:43;0;0
03-25-2011 14:44;0;0
03-25-2011 14:45;0;0
03-25-2011 14:46;0;0
03-25-2011 14:47;0;0
03-25-2011 14:48;0;0
03-25-2011 14:49;0;0
03-25-2011 14:50;0;0
03-25-2011 14:51;0;0
03-25-2011 14:52;0;0
03-25-2011 14:53;0;0
03-25-2011 14:54;0;0
03-25-2011 14:55;0;0
03-25-2011 14:56;0;0
03-25-2011 14:57;0;0
03-25-2011 14:58;0;0
03-25-2011 14:59;0;0
03-25-2011 15:00;0;0
03-25-2011 15:01;0;0
03-25-2011 15:02;0;0
03-25-2011 15:03;0;0
03-25-2011 15:04;0;0
03-25-2011 15:05;0;0
03-25-2011 15:06;0;0
03-25-2011 15:07;0;0
03-25-2011 15:08;0;0
03-25-2011 15:09;0;0
03-25-2011 15:10;0;0
03-25-2011 15:11;0;0
03-25-2011 15:12;3;0
03-25-2011 15:13;59;0
03-25-2011 15:14;0;0
03-25-2011 15:15;0;0
03-25-2011 15:16;0;0
03-25-2011 15:17;14;0
03-25-2011 15:18;0;0
03-25-2011 15:19;0;0
03-25-2011 15:20;0;0
03-25-2011 15:21;0;0
03-25-2011 15:22;59;0
03-25-2011 15:23;69;0
03-25-2011 15:24;0;0
03-25-2011 15:25;0;0
03-25-2011 15:26;195;0
03-25-2011 15:27;55;0
03-25-2011 15:28;131;0
03-25-2011 15:29;0;0
03-25-2011 15:30;0;0
03-25-2011 15:31;24;0
03-25-2011 15:32;31;0
03-25-2011 15:33;3;0
03-25-2011 15:34;0;0
03-25-2011 15:35;0;0
03-25-2011 15:36;0;0
03-25-2011 15:37;0;0
03-25-2011 15:38;0;0
03-25-2011 15:39;0;0
03-25-2011 15:40;0;0
03-25-2011 15:41;0;0
03-25-2011 15:42;0;0
03-25-2011 15:43;26;0
03-25-2011 15:44;0;0
03-25-2011 15:45;3;0
03-25-2011 15:46;126;0
03-25-2011 15:47;3;0
03-25-2011 15:48;0;0
03-25-2011 15:49;0;0
03-25-2011 15:50;69;0
03-25-2011 15:51;62;0
03-25-2011 15:52;0;0
03-25-2011 15:53;0;0
03-25-2011 15:54;116;0
03-25-2011 15:55;0;0
03-25-2011 15:56;0;0
03-25-2011 15:57;0;0
03-25-2011 15:58;0;0
03-25-2011 15:59;0;0
03-25-2011 16:00;0;0
03-25-2011 16:01;0;0
03-25-2011 16:02;0;0
03-25-2011 16:03;0;0
03-25-2011 16:04;0;0
03-25-2011 16:05;0;0
03-25-2011 16:06;163;0
03-25-2011 16:07;0;0
03-25-2011 16:08;0;0
03-25-2011 16:09;0;0
03-25-2011 16:10;0;0
03-25-2011 16:11;0;0
03-25-2011 16:12;0;0
03-25-2011 16:13;0;0
03-25-2011 16:14;0;0
03-25-2011 16:15;0;0
03-25-2011 16:16;0;0
03-25-2011 16:17;0;0
03-25-2011 16:18;0;0
03-25-2011 16:19;0;0
03-25-2011 16:20;0;0
03-25-2011 16:21;0;0
03-25-2011 16:22;0;0
03-25-2011 16:23;0;0
03-25-2011 16:24;0;0
03-25-2011 16:25;0;0
03-25-2011 16:26;0;0
03-25-2011 16:27;0;0
03-25-2011 16:28;0;0
03-25-2011 16:29;0;0
03-25-2011 16:30;0;0
03-25-2011 16:31;93;0
03-25-2011 16:32;232;0
03-25-2011 16:33;121;0
03-25-2011 16:34;104;0
03-25-2011 16:35;0;0
03-25-2011 16:36;0;0
03-25-2011 16:37;142;0
03-25-2011 16:38;0;0
03-25-2011 16:39;26;0
03-25-2011 16:40;76;0
03-25-2011 16:41;69;0
03-25-2011 16:42;16;0
03-25-2011 16:43;69;0
03-25-2011 16:44;33;0
03-25-2011 16:45;35;0
03-25-2011 16:46;93;0
03-25-2011 16:47;43;0
03-25-2011 16:48;666;1
03-25-2011 16:49;284;0
03-25-2011 16:50;121;0
03-25-2011 16:51;266;0
03-25-2011 16:52;483;0
03-25-2011 16:53;14;0
03-25-2011 16:54;189;0
03-25-2011 16:55;195;0
03-25-2011 16:56;90;0
03-25-2011 16:57;294;0
03-25-2011 16:58;325;0
03-25-2011 16:59;182;0
03-25-2011 17:00;372;0
03-25-2011 17:01;175;0
03-25-2011 17:02;104;0
03-25-2011 17:03;438;0
03-25-2011 17:04;275;0
03-25-2011 17:05;195;0
03-25-2011 17:06;189;0
03-25-2011 17:07;26;0
03-25-2011 17:08;758;1
03-25-2011 17:09;834;1
03-25-2011 17:10;782;1
03-25-2011 17:11;232;0
03-25-2011 17:12;86;0
03-25-2011 17:13;249;0
03-25-2011 17:14;131;0
03-25-2011 17:15;266;0
03-25-2011 17:16;73;0
03-25-2011 17:17;137;0
03-25-2011 17:18;111;0
03-25-2011 17:19;315;0
03-25-2011 17:20;90;0
03-25-2011 17:21;175;0
03-25-2011 17:22;131;0
03-25-2011 17:23;152;0
03-25-2011 17:24;223;0
03-25-2011 17:25;232;0
03-25-2011 17:26;35;0
03-25-2011 17:27;3;0
03-25-2011 17:28;3;0
03-25-2011 17:29;0;0
03-25-2011 17:30;126;0
03-25-2011 17:31;202;0
03-25-2011 17:32;22;0
03-25-2011 17:33;3;0
03-25-2011 17:34;14;0
03-25-2011 17:35;83;0
03-25-2011 17:36;17;0
03-25-2011 17:37;43;0
03-25-2011 17:38;0;0
03-25-2011 17:39;43;0
03-25-2011 17:40;131;0
03-25-2011 17:41;168;0
03-25-2011 17:42;97;0
03-25-2011 17:43;104;0
03-25-2011 17:44;325;0
03-25-2011 17:45;533;0
03-25-2011 17:46;275;0
03-25-2011 17:47;315;0
03-25-2011 17:48;360;0
03-25-2011 17:49;24;0
03-25-2011 17:50;116;0
03-25-2011 17:51;372;0
03-25-2011 17:52;336;0
03-25-2011 17:53;304;0
03-25-2011 17:54;782;1
03-25-2011 17:55;808;1
03-25-2011 17:56;483;0
03-25-2011 17:57;758;1
03-25-2011 17:58;808;1
03-25-2011 17:59;325;0
03-25-2011 18:00;116;0
03-25-2011 18:01;21;0
03-25-2011 18:02;104;0
03-25-2011 18:03;0;0
03-25-2011 18:04;3;0
03-25-2011 18:05;16;0
03-25-2011 18:06;83;0
03-25-2011 18:07;3;0
03-25-2011 18:08;3;0
03-25-2011 18:09;163;0
03-25-2011 18:10;0;0
03-25-2011 18:11;80;0
03-25-2011 18:12;3;0
03-25-2011 18:13;0;0
03-25-2011 18:14;284;0
03-25-2011 18:15;240;0
03-25-2011 18:16;223;0
03-25-2011 18:17;100;0
03-25-2011 18:18;152;0
03-25-2011 18:19;131;0
03-25-2011 18:20;131;0
03-25-2011 18:21;73;0
03-25-2011 18:22;131;0
03-25-2011 18:23;28;0
03-25-2011 18:24;137;0
03-25-2011 18:25;38;0
03-25-2011 18:26;258;0
03-25-2011 18:27;48;0
03-25-2011 18:28;62;0
03-25-2011 18:29;80;0
03-25-2011 18:30;216;0
03-25-2011 18:31;69;0
03-25-2011 18:32;93;0
03-25-2011 18:33;66;0
03-25-2011 18:34;24;0
03-25-2011 18:35;76;0
03-25-2011 18:36;0;0
03-25-2011 18:37;182;0
03-25-2011 18:38;45;0
03-25-2011 18:39;97;0
03-25-2011 18:40;163;0
03-25-2011 18:41;249;0
03-25-2011 18:42;175;0
03-25-2011 18:43;116;0
03-25-2011 18:44;76;0
03-25-2011 18:45;232;0
03-25-2011 18:46;249;0
03-25-2011 18:47;116;0
03-25-2011 18:48;100;0
03-25-2011 18:49;17;0
03-25-2011 18:50;107;0
03-25-2011 18:51;62;0
03-25-2011 18:52;116;0
03-25-2011 18:53;31;0
03-25-2011 18:54;0;0
03-25-2011 18:55;0;0
03-25-2011 18:56;142;0
03-25-2011 18:57;21;0
03-25-2011 18:58;0;0
03-25-2011 18:59;121;0
03-25-2011 19:00;116;0
03-25-2011 19:01;410;0
03-25-2011 19:02;59;0
03-25-2011 19:03;0;0
03-25-2011 19:04;12;0
03-25-2011 19:05;202;0
03-25-2011 19:06;116;0
03-25-2011 19:07;0;0
03-25-2011 19:08;28;0
03-25-2011 19:09;3;0
03-25-2011 19:10;147;0
03-25-2011 19:11;69;0
03-25-2011 19:12;168;0
03-25-2011 19:13;5;0
03-25-2011 19:14;249;0
03-25-2011 19:15;33;0
03-25-2011 19:16;3;0
03-25-2011 19:17;35;0
03-25-2011 19:18;121;0
03-25-2011 19:19;121;0
03-25-2011 19:20;142;0
03-25-2011 19:21;182;0
03-25-2011 19:22;223;0
03-25-2011 19:23;182;0
03-25-2011 19:24;76;0
03-25-2011 19:25;62;0
03-25-2011 19:26;55;0
03-25-2011 19:27;26;0
03-25-2011 19:28;10;0
03-25-2011 19:29;0;0
03-25-2011 19:30;48;0
03-25-2011 19:31;137;0
03-25-2011 19:32;325;0
03-25-2011 19:33;483;0
03-25-2011 19:34;336;0
03-25-2011 19:35;360;0
03-25-2011 19:36;533;0
03-25-2011 19:37;438;0
03-25-2011 19:38;979;1
03-25-2011 19:39;586;1
03-25-2011 19:40;605;1
03-25-2011 19:41;758;1
03-25-2011 19:42;605;1
03-25-2011 19:43;126;0
03-25-2011 19:44;232;0
03-25-2011 19:45;396;0
03-25-2011 19:46;586;1
03-25-2011 19:47;605;1
03-25-2011 19:48;451;0
03-25-2011 19:49;550;1
03-25-2011 19:50;175;0
03-25-2011 19:51;195;0
03-25-2011 19:52;249;0
03-25-2011 19:53;396;0
03-25-2011 19:54;451;0
03-25-2011 19:55;126;0
03-25-2011 19:56;284;0
03-25-2011 19:57;645;1
03-25-2011 19:58;410;0
03-25-2011 19:59;83;0
03-25-2011 20:00;424;0
03-25-2011 20:01;396;0
03-25-2011 20:02;209;0
03-25-2011 20:03;152;0
03-25-2011 20:04;83;0
03-25-2011 20:05;111;0
03-25-2011 20:06;258;0
03-25-2011 20:07;258;0
03-25-2011 20:08;69;0
03-25-2011 20:09;40;0
03-25-2011 20:10;182;0
03-25-2011 20:11;126;0
03-25-2011 20:12;116;0
03-25-2011 20:13;209;0
03-25-2011 20:14;0;0
03-25-2011 20:15;73;0
03-25-2011 20:16;605;1
03-25-2011 20:17;223;0
03-25-2011 20:18;62;0
03-25-2011 20:19;209;0
03-25-2011 20:20;294;0
03-25-2011 20:21;24;0
03-25-2011 20:22;163;0
03-25-2011 20:23;249;0
03-25-2011 20:24;396;0
03-25-2011 20:25;396;0
03-25-2011 20:26;93;0
03-25-2011 20:27;33;0
03-25-2011 20:28;5;0
03-25-2011 20:29;3;0
03-25-2011 20:30;35;0
03-25-2011 20:31;7;0
03-25-2011 20:32;163;0
03-25-2011 20:33;93;0
03-25-2011 20:34;42;0
03-25-2011 20:35;43;0
03-25-2011 20:36;348;0
03-25-2011 20:37;54;0
03-25-2011 20:38;0;0
03-25-2011 20:39;66;0
03-25-2011 20:40;73;0
03-25-2011 20:41;0;0
03-25-2011 20:42;69;0
03-25-2011 20:43;28;0
03-25-2011 20:44;0;0
03-25-2011 20:45;0;0
03-25-2011 20:46;0;0
03-25-2011 20:47;0;0
03-25-2011 20:48;360;0
03-25-2011 20:49;142;0
03-25-2011 20:50;0;0
03-25-2011 20:51;22;0
03-25-2011 20:52;22;0
03-25-2011 20:53;0;0
03-25-2011 20:54;0;0
03-25-2011 20:55;0;0
03-25-2011 20:56;0;0
03-25-2011 20:57;33;0
03-25-2011 20:58;12;0
03-25-2011 20:59;0;0
03-25-2011 21:00;0;0
03-25-2011 21:01;0;0
03-25-2011 21:02;97;0
03-25-2011 21:03;0;0
03-25-2011 21:04;97;0
03-25-2011 21:05;168;0
03-25-2011 21:06;80;0
03-25-2011 21:07;5;0
03-25-2011 21:08;0;0
03-25-2011 21:09;0;0
03-25-2011 21:10;38;0
03-25-2011 21:11;0;0
03-25-2011 21:12;0;0
03-25-2011 21:13;0;0
03-25-2011 21:14;666;1
03-25-2011 21:15;275;0
03-25-2011 21:16;40;0
03-25-2011 21:17;0;0
03-25-2011 21:18;0;0
03-25-2011 21:19;12;0
03-25-2011 21:20;0;0
03-25-2011 21:21;0;0
03-25-2011 21:22;0;0
03-25-2011 21:23;0;0
03-25-2011 21:24;0;0
03-25-2011 21:25;0;0
03-25-2011 21:26;73;0
03-25-2011 21:27;3;0
03-25-2011 21:28;0;0
03-25-2011 21:29;605;1
03-25-2011 21:30;50;0
03-25-2011 21:31;0;0
03-25-2011 21:32;0;0
03-25-2011 21:33;157;0
03-25-2011 21:34;111;0
03-25-2011 21:35;66;0
03-25-2011 21:36;93;0
03-25-2011 21:37;22;0
03-25-2011 21:38;33;0
03-25-2011 21:39;22;0
03-25-2011 21:40;45;0
03-25-2011 21:41;195;0
03-25-2011 21:42;372;0
03-25-2011 21:43;733;1
03-25-2011 21:44;232;0
03-25-2011 21:45;189;0
03-25-2011 21:46;182;0
03-25-2011 21:47;147;0
03-25-2011 21:48;29;0
03-25-2011 21:49;3;0
03-25-2011 21:50;86;0
03-25-2011 21:51;36;0
03-25-2011 21:52;22;0
03-25-2011 21:53;55;0
03-25-2011 21:54;111;0
03-25-2011 21:55;223;0
03-25-2011 21:56;157;0
03-25-2011 21:57;121;0
03-25-2011 21:58;249;0
03-25-2011 21:59;93;0
03-25-2011 22:00;315;0
03-25-2011 22:01;157;0
03-25-2011 22:02;232;0
03-25-2011 22:03;294;0
03-25-2011 22:04;438;0
03-25-2011 22:05;249;0
03-25-2011 22:06;175;0
03-25-2011 22:07;175;0
03-25-2011 22:08;163;0
03-25-2011 22:09;175;0
03-25-2011 22:10;43;0
03-25-2011 22:11;266;0
03-25-2011 22:12;116;0
03-25-2011 22:13;0;0
03-25-2011 22:14;0;0
03-25-2011 22:15;73;0
03-25-2011 22:16;14;0
03-25-2011 22:17;209;0
03-25-2011 22:18;304;0
03-25-2011 22:19;55;0
03-25-2011 22:20;10;0
03-25-2011 22:21;52;0
03-25-2011 22:22;232;0
03-25-2011 22:23;424;0
03-25-2011 22:24;467;0
03-25-2011 22:25;294;0
03-25-2011 22:26;304;0
03-25-2011 22:27;152;0
03-25-2011 22:28;59;0
03-25-2011 22:29;266;0
03-25-2011 22:30;121;0
03-25-2011 22:31;121;0
03-25-2011 22:32;0;0
03-25-2011 22:33;0;0
03-25-2011 22:34;0;0
03-25-2011 22:35;9;0
03-25-2011 22:36;10;0
03-25-2011 22:37;152;0
03-25-2011 22:38;0;0
03-25-2011 22:39;3;0
03-25-2011 22:40;0;0
03-25-2011 22:41;0;0
03-25-2011 22:42;0;0
03-25-2011 22:43;0;0
03-25-2011 22:44;111;0
03-25-2011 22:45;7;0
03-25-2011 22:46;33;0
03-25-2011 22:47;202;0
03-25-2011 22:48;336;0
03-25-2011 22:49;758;1
03-25-2011 22:50;711;1
03-25-2011 22:51;733;1
03-25-2011 22:52;284;0
03-25-2011 22:53;36;0
03-25-2011 22:54;45;0
03-25-2011 22:55;28;0
03-25-2011 22:56;0;0
03-25-2011 22:57;10;0
03-25-2011 22:58;62;0
03-25-2011 22:59;54;0
03-25-2011 23:00;240;0
03-25-2011 23:01;223;0
03-25-2011 23:02;758;1
03-25-2011 23:03;515;0
03-25-2011 23:04;45;0
03-25-2011 23:05;275;0
03-25-2011 23:06;50;0
03-25-2011 23:07;3;0
03-25-2011 23:08;9;0
03-25-2011 23:09;66;0
03-25-2011 23:10;29;0
03-25-2011 23:11;90;0
03-25-2011 23:12;0;0
03-25-2011 23:13;384;0
03-25-2011 23:14;16;0
03-25-2011 23:15;24;0
03-25-2011 23:16;0;0
03-25-2011 23:17;19;0
03-25-2011 23:18;0;0
03-25-2011 23:19;0;0
03-25-2011 23:20;3;0
03-25-2011 23:21;0;0
03-25-2011 23:22;76;0
03-25-2011 23:23;483;0
03-25-2011 23:24;142;0
03-25-2011 23:25;157;0
03-25-2011 23:26;19;0
03-25-2011 23:27;76;0
03-25-2011 23:28;5;0
03-25-2011 23:29;157;0
03-25-2011 23:30;28;0
03-25-2011 23:31;175;0
03-25-2011 23:32;19;0
03-25-2011 23:33;0;0
03-25-2011 23:34;315;0
03-25-2011 23:35;111;0
03-25-2011 23:36;147;0
03-25-2011 23:37;33;0
03-25-2011 23:38;0;0
03-25-2011 23:39;38;0
03-25-2011 23:40;121;0
03-25-2011 23:41;107;0
03-25-2011 23:42;26;0
03-25-2011 23:43;175;0
03-25-2011 23:44;107;0
03-25-2011 23:45;45;0
03-25-2011 23:46;116;0
03-25-2011 23:47;372;0
03-25-2011 23:48;131;0
03-25-2011 23:49;59;0
03-25-2011 23:50;3;0
03-25-2011 23:51;5;0
03-25-2011 23:52;0;0
03-25-2011 23:53;0;0
03-25-2011 23:54;47;0
03-25-2011 23:55;336;0
03-25-2011 23:56;258;0
03-25-2011 23:57;240;0
03-25-2011 23:58;121;0
03-25-2011 23:59;0;0
03-26-2011 00:00;76;0
03-26-2011 00:01;175;0
03-26-2011 00:02;9;0
03-26-2011 00:03;147;0
03-26-2011 00:04;3;0
03-26-2011 00:05;0;0
03-26-2011 00:06;0;0
03-26-2011 00:07;0;0
03-26-2011 00:08;0;0
03-26-2011 00:09;0;0
03-26-2011 00:10;0;0
03-26-2011 00:11;0;0
03-26-2011 00:12;0;0
03-26-2011 00:13;0;0
03-26-2011 00:14;0;0
03-26-2011 00:15;0;0
03-26-2011 00:16;0;0
03-26-2011 00:17;0;0
03-26-2011 00:18;0;0
03-26-2011 00:19;0;0
03-26-2011 00:20;0;0
03-26-2011 00:21;0;0
03-26-2011 00:22;0;0
03-26-2011 00:23;0;0
03-26-2011 00:24;0;0
03-26-2011 00:25;0;0
03-26-2011 00:26;0;0
03-26-2011 00:27;0;0
03-26-2011 00:28;0;0
03-26-2011 00:29;0;0
03-26-2011 00:30;0;0
03-26-2011 00:31;0;0
03-26-2011 00:32;50;0
03-26-2011 00:33;0;0
03-26-2011 00:34;35;0
03-26-2011 00:35;0;0
03-26-2011 00:36;0;0
03-26-2011 00:37;0;0
03-26-2011 00:38;0;0
03-26-2011 00:39;73;0
03-26-2011 00:40;3;0
03-26-2011 00:41;0;0
03-26-2011 00:42;0;0
03-26-2011 00:43;0;0
03-26-2011 00:44;0;0
03-26-2011 00:45;0;0
03-26-2011 00:46;0;0
03-26-2011 00:47;189;0
03-26-2011 00:48;0;0
03-26-2011 00:49;116;0
03-26-2011 00:50;9;0
03-26-2011 00:51;0;0
03-26-2011 00:52;0;0
03-26-2011 00:53;0;0
03-26-2011 00:54;0;0
03-26-2011 00:55;0;0
03-26-2011 00:56;0;0
03-26-2011 00:57;0;0
03-26-2011 00:58;69;0
03-26-2011 00:59;0;0
03-26-2011 01:00;10;0
03-26-2011 01:01;284;0
03-26-2011 01:02;889;1
03-26-2011 01:03;202;0
03-26-2011 01:04;3;0
03-26-2011 01:05;0;0
03-26-2011 01:06;0;0
03-26-2011 01:07;0;0
03-26-2011 01:08;0;0
03-26-2011 01:09;0;0
03-26-2011 01:10;0;0
03-26-2011 01:11;0;0
03-26-2011 01:12;0;0
03-26-2011 01:13;0;0
03-26-2011 01:14;0;0
03-26-2011 01:15;0;0
03-26-2011 01:16;0;0
03-26-2011 01:17;0;0
03-26-2011 01:18;0;0
03-26-2011 01:19;0;0
03-26-2011 01:20;0;0
03-26-2011 01:21;0;0
03-26-2011 01:22;0;0
03-26-2011 01:23;0;0
03-26-2011 01:24;0;0
03-26-2011 01:25;55;0
03-26-2011 01:26;9;0
03-26-2011 01:27;0;0
03-26-2011 01:28;0;0
03-26-2011 01:29;0;0
03-26-2011 01:30;0;0
03-26-2011 01:31;0;0
03-26-2011 01:32;0;0
03-26-2011 01:33;0;0
03-26-2011 01:34;0;0
03-26-2011 01:35;12;0
03-26-2011 01:36;66;0
03-26-2011 01:37;22;0
03-26-2011 01:38;152;0
03-26-2011 01:39;0;0
03-26-2011 01:40;0;0
03-26-2011 01:41;0;0
03-26-2011 01:42;0;0
03-26-2011 01:43;0;0
03-26-2011 01:44;0;0
03-26-2011 01:45;0;0
03-26-2011 01:46;0;0
03-26-2011 01:47;0;0
03-26-2011 01:48;0;0
03-26-2011 01:49;0;0
03-26-2011 01:50;0;0
03-26-2011 01:51;0;0
03-26-2011 01:52;0;0
03-26-2011 01:53;0;0
03-26-2011 01:54;0;0
03-26-2011 01:55;0;0
03-26-2011 01:56;35;0
03-26-2011 01:57;0;0
03-26-2011 01:58;0;0
03-26-2011 01:59;0;0
03-26-2011 02:00;0;0
03-26-2011 02:01;0;0
03-26-2011 02:02;0;0
03-26-2011 02:03;0;0
03-26-2011 02:04;0;0
03-26-2011 02:05;0;0
03-26-2011 02:06;0;0
03-26-2011 02:07;10;0
03-26-2011 02:08;0;0
03-26-2011 02:09;0;0
03-26-2011 02:10;0;0
03-26-2011 02:11;0;0
03-26-2011 02:12;0;0
03-26-2011 02:13;3;0
03-26-2011 02:14;93;0
03-26-2011 02:15;3;0
03-26-2011 02:16;0;0
03-26-2011 02:17;0;0
03-26-2011 02:18;0;0
03-26-2011 02:19;93;0
03-26-2011 02:20;0;0
03-26-2011 02:21;3;0
03-26-2011 02:22;0;0
03-26-2011 02:23;0;0
03-26-2011 02:24;0;0
03-26-2011 02:25;0;0
03-26-2011 02:26;175;0
03-26-2011 02:27;0;0
03-26-2011 02:28;43;0
03-26-2011 02:29;19;0
03-26-2011 02:30;0;0
03-26-2011 02:31;0;0
03-26-2011 02:32;0;0
03-26-2011 02:33;73;0
03-26-2011 02:34;5;0
03-26-2011 02:35;54;0
03-26-2011 02:36;284;0
03-26-2011 02:37;126;0
03-26-2011 02:38;0;0
03-26-2011 02:39;189;0
03-26-2011 02:40;0;0
03-26-2011 02:41;0;0
03-26-2011 02:42;0;0
03-26-2011 02:43;38;0
03-26-2011 02:44;0;0
03-26-2011 02:45;0;0
03-26-2011 02:46;0;0
03-26-2011 02:47;0;0
03-26-2011 02:48;16;0
03-26-2011 02:49;0;0
03-26-2011 02:50;12;0
03-26-2011 02:51;3;0
03-26-2011 02:52;73;0
03-26-2011 02:53;189;0
03-26-2011 02:54;0;0
03-26-2011 02:55;3;0
03-26-2011 02:56;0;0
03-26-2011 02:57;55;0
03-26-2011 02:58;0;0
03-26-2011 02:59;3;0
03-26-2011 03:00;0;0
03-26-2011 03:01;0;0
03-26-2011 03:02;52;0
03-26-2011 03:03;97;0
03-26-2011 03:04;3;0
03-26-2011 03:05;0;0
03-26-2011 03:06;45;0
03-26-2011 03:07;86;0
03-26-2011 03:08;195;0
03-26-2011 03:09;216;0
03-26-2011 03:10;567;0
03-26-2011 03:11;73;0
03-26-2011 03:12;168;0
03-26-2011 03:13;384;0
03-26-2011 03:14;189;0
03-26-2011 03:15;69;0
03-26-2011 03:16;100;0
03-26-2011 03:17;50;0
03-26-2011 03:18;131;0
03-26-2011 03:19;284;0
03-26-2011 03:20;336;0
03-26-2011 03:21;266;0
03-26-2011 03:22;157;0
03-26-2011 03:23;3;0
03-26-2011 03:24;5;0
03-26-2011 03:25;76;0
03-26-2011 03:26;17;0
03-26-2011 03:27;3;0
03-26-2011 03:28;47;0
03-26-2011 03:29;3;0
03-26-2011 03:30;1110;1
03-26-2011 03:31;438;0
03-26-2011 03:32;240;0
03-26-2011 03:33;43;0
03-26-2011 03:34;31;0
03-26-2011 03:35;104;0
03-26-2011 03:36;69;0
03-26-2011 03:37;131;0
03-26-2011 03:38;232;0
03-26-2011 03:39;438;0
03-26-2011 03:40;304;0
03-26-2011 03:41;0;0
03-26-2011 03:42;0;0
03-26-2011 03:43;0;0
03-26-2011 03:44;0;0
03-26-2011 03:45;0;0
03-26-2011 03:46;0;0
03-26-2011 03:47;0;0
03-26-2011 03:48;62;0
03-26-2011 03:49;0;0
03-26-2011 03:50;0;0
03-26-2011 03:51;3;0
03-26-2011 03:52;59;0
03-26-2011 03:53;0;0
03-26-2011 03:54;0;0
03-26-2011 03:55;0;0
03-26-2011 03:56;0;0
03-26-2011 03:57;0;0
03-26-2011 03:58;0;0
03-26-2011 03:59;0;0
03-26-2011 04:00;0;0
03-26-2011 04:01;0;0
03-26-2011 04:02;0;0
03-26-2011 04:03;0;0
03-26-2011 04:04;0;0
03-26-2011 04:05;0;0
03-26-2011 04:06;0;0
03-26-2011 04:07;0;0
03-26-2011 04:08;9;0
03-26-2011 04:09;3;0
03-26-2011 04:10;5;0
03-26-2011 04:11;0;0
03-26-2011 04:12;73;0
03-26-2011 04:13;0;0
03-26-2011 04:14;9;0
03-26-2011 04:15;0;0
03-26-2011 04:16;10;0
03-26-2011 04:17;483;0
03-26-2011 04:18;315;0
03-26-2011 04:19;0;0
03-26-2011 04:20;116;0
03-26-2011 04:21;21;0
03-26-2011 04:22;10;0
03-26-2011 04:23;467;0
03-26-2011 04:24;336;0
03-26-2011 04:25;90;0
03-26-2011 04:26;152;0
03-26-2011 04:27;0;0
03-26-2011 04:28;0;0
03-26-2011 04:29;0;0
03-26-2011 04:30;0;0
03-26-2011 04:31;336;0
03-26-2011 04:32;107;0
03-26-2011 04:33;336;0
03-26-2011 04:34;666;1
03-26-2011 04:35;42;0
03-26-2011 04:36;3;0
03-26-2011 04:37;31;0
03-26-2011 04:38;31;0
03-26-2011 04:39;55;0
03-26-2011 04:40;21;0
03-26-2011 04:41;21;0
03-26-2011 04:42;12;0
03-26-2011 04:43;0;0
03-26-2011 04:44;3;0
03-26-2011 04:45;0;0
03-26-2011 04:46;3;0
03-26-2011 04:47;3;0
03-26-2011 04:48;14;0
03-26-2011 04:49;66;0
03-26-2011 04:50;9;0
03-26-2011 04:51;294;0
03-26-2011 04:52;3;0
03-26-2011 04:53;3;0
03-26-2011 04:54;3;0
03-26-2011 04:55;182;0
03-26-2011 04:56;0;0
03-26-2011 04:57;0;0
03-26-2011 04:58;0;0
03-26-2011 04:59;126;0
03-26-2011 05:00;116;0
03-26-2011 05:01;31;0
03-26-2011 05:02;83;0
03-26-2011 05:03;232;0
03-26-2011 05:04;0;0
03-26-2011 05:05;0;0
03-26-2011 05:06;0;0
03-26-2011 05:07;168;0
03-26-2011 05:08;31;0
03-26-2011 05:09;121;0
03-26-2011 05:10;209;0
03-26-2011 05:11;0;0
03-26-2011 05:12;69;0
03-26-2011 05:13;7;0
03-26-2011 05:14;97;0
03-26-2011 05:15;28;0
03-26-2011 05:16;0;0
03-26-2011 05:17;10;0
03-26-2011 05:18;3;0
03-26-2011 05:19;38;0
03-26-2011 05:20;0;0
03-26-2011 05:21;7;0
03-26-2011 05:22;0;0
03-26-2011 05:23;45;0
03-26-2011 05:24;38;0
03-26-2011 05:25;0;0
03-26-2011 05:26;0;0
03-26-2011 05:27;22;0
03-26-2011 05:28;29;0
03-26-2011 05:29;21;0
03-26-2011 05:30;26;0
03-26-2011 05:31;52;0
03-26-2011 05:32;175;0
03-26-2011 05:33;240;0
03-26-2011 05:34;163;0
03-26-2011 05:35;175;0
03-26-2011 05:36;0;0
03-26-2011 05:37;0;0
03-26-2011 05:38;47;0
03-26-2011 05:39;111;0
03-26-2011 05:40;76;0
03-26-2011 05:41;0;0
03-26-2011 05:42;202;0
03-26-2011 05:43;360;0
03-26-2011 05:44;0;0
03-26-2011 05:45;0;0
03-26-2011 05:46;0;0
03-26-2011 05:47;0;0
03-26-2011 05:48;0;0
03-26-2011 05:49;0;0
03-26-2011 05:50;0;0
03-26-2011 05:51;0;0
03-26-2011 05:52;0;0
03-26-2011 05:53;97;0
03-26-2011 05:54;0;0
03-26-2011 05:55;0;0
03-26-2011 05:56;40;0
03-26-2011 05:57;0;0
03-26-2011 05:58;0;0
03-26-2011 05:59;0;0
03-26-2011 06:00;90;0
03-26-2011 06:01;42;0
03-26-2011 06:02;59;0
03-26-2011 06:03;0;0
03-26-2011 06:04;0;0
03-26-2011 06:05;0;0
03-26-2011 06:06;0;0
03-26-2011 06:07;0;0
03-26-2011 06:08;0;0
03-26-2011 06:09;0;0
03-26-2011 06:10;0;0
03-26-2011 06:11;0;0
03-26-2011 06:12;0;0
03-26-2011 06:13;45;0
03-26-2011 06:14;0;0
03-26-2011 06:15;0;0
03-26-2011 06:16;0;0
03-26-2011 06:17;0;0
03-26-2011 06:18;0;0
03-26-2011 06:19;0;0
03-26-2011 06:20;0;0
03-26-2011 06:21;0;0
03-26-2011 06:22;0;0
03-26-2011 06:23;0;0
03-26-2011 06:24;0;0
03-26-2011 06:25;0;0
03-26-2011 06:26;0;0
03-26-2011 06:27;0;0
03-26-2011 06:28;0;0
03-26-2011 06:29;0;0
03-26-2011 06:30;0;0
03-26-2011 06:31;0;0
03-26-2011 06:32;0;0
03-26-2011 06:33;0;0
03-26-2011 06:34;0;0
03-26-2011 06:35;0;0
03-26-2011 06:36;0;0
03-26-2011 06:37;0;0
03-26-2011 06:38;0;0
03-26-2011 06:39;0;0
03-26-2011 06:40;0;0
03-26-2011 06:41;0;0
03-26-2011 06:42;0;0
03-26-2011 06:43;33;0
03-26-2011 06:44;0;0
03-26-2011 06:45;0;0
03-26-2011 06:46;0;0
03-26-2011 06:47;76;0
03-26-2011 06:48;0;0
03-26-2011 06:49;0;0
03-26-2011 06:50;0;0
03-26-2011 06:51;52;0
03-26-2011 06:52;0;0
03-26-2011 06:53;0;0
03-26-2011 06:54;10;0
03-26-2011 06:55;0;0
03-26-2011 06:56;5;0
03-26-2011 06:57;97;0
03-26-2011 06:58;86;0
03-26-2011 06:59;62;0
03-26-2011 07:00;0;0
03-26-2011 07:01;0;0
03-26-2011 07:02;62;0
03-26-2011 07:03;0;0
03-26-2011 07:04;0;0
03-26-2011 07:05;76;0
03-26-2011 07:06;0;0
03-26-2011 07:07;0;0
03-26-2011 07:08;0;0
03-26-2011 07:09;0;0
03-26-2011 07:10;47;0
03-26-2011 07:11;62;0
03-26-2011 07:12;0;0
03-26-2011 07:13;0;0
03-26-2011 07:14;0;0
03-26-2011 07:15;0;0
03-26-2011 07:16;0;0
03-26-2011 07:17;0;0
03-26-2011 07:18;0;0
03-26-2011 07:19;0;0
03-26-2011 07:20;76;0
03-26-2011 07:21;0;0
03-26-2011 07:22;0;0
03-26-2011 07:23;0;0
03-26-2011 07:24;3;0
03-26-2011 07:25;0;0
03-26-2011 07:26;0;0
03-26-2011 07:27;0;0
03-26-2011 07:28;52;0
03-26-2011 07:29;0;0
03-26-2011 07:30;38;0
03-26-2011 07:31;104;0
03-26-2011 07:32;0;0
03-26-2011 07:33;152;0
03-26-2011 07:34;14;0
03-26-2011 07:35;0;0
03-26-2011 07:36;0;0
03-26-2011 07:37;0;0
03-26-2011 07:38;0;0
03-26-2011 07:39;0;0
03-26-2011 07:40;0;0
03-26-2011 07:41;0;0
03-26-2011 07:42;0;0
03-26-2011 07:43;0;0
03-26-2011 07:44;0;0
03-26-2011 07:45;0;0
03-26-2011 07:46;0;0
03-26-2011 07:47;0;0
03-26-2011 07:48;0;0
03-26-2011 07:49;0;0
03-26-2011 07:50;0;0
03-26-2011 07:51;0;0
03-26-2011 07:52;0;0
03-26-2011 07:53;0;0
03-26-2011 07:54;0;0
03-26-2011 07:55;0;0
03-26-2011 07:56;0;0
03-26-2011 07:57;0;0
03-26-2011 07:58;0;0
03-26-2011 07:59;0;0
03-26-2011 08:00;0;0
03-26-2011 08:01;0;0
03-26-2011 08:02;0;0
03-26-2011 08:03;0;0
03-26-2011 08:04;0;0
03-26-2011 08:05;0;0
03-26-2011 08:06;0;0
03-26-2011 08:07;0;0
03-26-2011 08:08;0;0
03-26-2011 08:09;0;0
03-26-2011 08:10;0;0
03-26-2011 08:11;0;0
03-26-2011 08:12;69;0
03-26-2011 08:13;0;0
03-26-2011 08:14;0;0
03-26-2011 08:15;0;0
03-26-2011 08:16;0;0
03-26-2011 08:17;0;0
03-26-2011 08:18;0;0
03-26-2011 08:19;0;0
03-26-2011 08:20;0;0
03-26-2011 08:21;0;0
03-26-2011 08:22;0;0
03-26-2011 08:23;0;0
03-26-2011 08:24;55;0
03-26-2011 08:25;0;0
03-26-2011 08:26;0;0
03-26-2011 08:27;0;0
03-26-2011 08:28;0;0
03-26-2011 08:29;16;0
03-26-2011 08:30;3;0
03-26-2011 08:31;69;0
03-26-2011 08:32;0;0
03-26-2011 08:33;0;0
03-26-2011 08:34;3;0
03-26-2011 08:35;0;0
03-26-2011 08:36;100;0
03-26-2011 08:37;0;0
03-26-2011 08:38;59;0
03-26-2011 08:39;0;0
03-26-2011 08:40;0;0
03-26-2011 08:41;59;0
03-26-2011 08:42;17;0
03-26-2011 08:43;69;0
03-26-2011 08:44;0;0
03-26-2011 08:45;0;0
03-26-2011 08:46;0;0
03-26-2011 08:47;0;0
03-26-2011 08:48;137;0
03-26-2011 08:49;17;0
03-26-2011 08:50;223;0
03-26-2011 08:51;59;0
03-26-2011 08:52;28;0
03-26-2011 08:53;97;0
03-26-2011 08:54;3;0
03-26-2011 08:55;21;0
03-26-2011 08:56;0;0
03-26-2011 08:57;0;0
03-26-2011 08:58;0;0
03-26-2011 08:59;0;0
03-26-2011 09:00;10;0
03-26-2011 09:01;33;0
03-26-2011 09:02;14;0
03-26-2011 09:03;5;0
03-26-2011 09:04;76;0
03-26-2011 09:05;33;0
03-26-2011 09:06;50;0
03-26-2011 09:07;7;0
03-26-2011 09:08;372;0
03-26-2011 09:09;209;0
03-26-2011 09:10;97;0
03-26-2011 09:11;0;0
03-26-2011 09:12;24;0
03-26-2011 09:13;3;0
03-26-2011 09:14;12;0
03-26-2011 09:15;0;0
03-26-2011 09:16;3;0
03-26-2011 09:17;0;0
03-26-2011 09:18;22;0
03-26-2011 09:19;31;0
03-26-2011 09:20;19;0
03-26-2011 09:21;28;0
03-26-2011 09:22;14;0
03-26-2011 09:23;21;0
03-26-2011 09:24;5;0
03-26-2011 09:25;16;0
03-26-2011 09:26;47;0
03-26-2011 09:27;22;0
03-26-2011 09:28;76;0
03-26-2011 09:29;9;0
03-26-2011 09:30;93;0
03-26-2011 09:31;40;0
03-26-2011 09:32;45;0
03-26-2011 09:33;0;0
03-26-2011 09:34;0;0
03-26-2011 09:35;0;0
03-26-2011 09:36;7;0
03-26-2011 09:37;16;0
03-26-2011 09:38;3;0
03-26-2011 09:39;36;0
03-26-2011 09:40;26;0
03-26-2011 09:41;12;0
03-26-2011 09:42;10;0
03-26-2011 09:43;0;0
03-26-2011 09:44;73;0
03-26-2011 09:45;35;0
03-26-2011 09:46;12;0
03-26-2011 09:47;3;0
03-26-2011 09:48;5;0
03-26-2011 09:49;12;0
03-26-2011 09:50;16;0
03-26-2011 09:51;62;0
03-26-2011 09:52;9;0
03-26-2011 09:53;21;0
03-26-2011 09:54;0;0
03-26-2011 09:55;19;0
03-26-2011 09:56;17;0
03-26-2011 09:57;29;0
03-26-2011 09:58;9;0
03-26-2011 09:59;0;0
03-26-2011 10:00;0;0
03-26-2011 10:01;0;0
03-26-2011 10:02;3;0
03-26-2011 10:03;325;0
03-26-2011 10:04;55;0
03-26-2011 10:05;0;0
03-26-2011 10:06;111;0
03-26-2011 10:07;10;0
03-26-2011 10:08;163;0
03-26-2011 10:09;266;0
03-26-2011 10:10;284;0
03-26-2011 10:11;451;0
03-26-2011 10:12;0;0
03-26-2011 10:13;9;0
03-26-2011 10:14;55;0
03-26-2011 10:15;5;0
03-26-2011 10:16;43;0
03-26-2011 10:17;73;0
03-26-2011 10:18;73;0
03-26-2011 10:19;21;0
03-26-2011 10:20;69;0
03-26-2011 10:21;126;0
03-26-2011 10:22;131;0
03-26-2011 10:23;97;0
03-26-2011 10:24;157;0
03-26-2011 10:25;126;0
03-26-2011 10:26;16;0
03-26-2011 10:27;62;0
03-26-2011 10:28;3;0
03-26-2011 10:29;0;0
03-26-2011 10:30;9;0
03-26-2011 10:31;14;0
03-26-2011 10:32;372;0
03-26-2011 10:33;45;0
03-26-2011 10:34;83;0
03-26-2011 10:35;19;0
03-26-2011 10:36;17;0
03-26-2011 10:37;24;0
03-26-2011 10:38;195;0
03-26-2011 10:39;116;0
03-26-2011 10:40;0;0
03-26-2011 10:41;294;0
03-26-2011 10:42;189;0
03-26-2011 10:43;0;0
03-26-2011 10:44;0;0
03-26-2011 10:45;0;0
03-26-2011 10:46;0;0
03-26-2011 10:47;0;0
03-26-2011 10:48;0;0
03-26-2011 10:49;0;0
03-26-2011 10:50;21;0
03-26-2011 10:51;0;0
03-26-2011 10:52;40;0
03-26-2011 10:53;3;0
03-26-2011 10:54;0;0
03-26-2011 10:55;5;0
03-26-2011 10:56;42;0
03-26-2011 10:57;43;0
03-26-2011 10:58;0;0
03-26-2011 10:59;131;0
03-26-2011 11:00;131;0
03-26-2011 11:01;131;0
03-26-2011 11:02;137;0
03-26-2011 11:03;121;0
03-26-2011 11:04;284;0
03-26-2011 11:05;33;0
03-26-2011 11:06;515;0
03-26-2011 11:07;195;0
03-26-2011 11:08;5;0
03-26-2011 11:09;0;0
03-26-2011 11:10;54;0
03-26-2011 11:11;31;0
03-26-2011 11:12;12;0
03-26-2011 11:13;28;0
03-26-2011 11:14;12;0
03-26-2011 11:15;0;0
03-26-2011 11:16;9;0
03-26-2011 11:17;0;0
03-26-2011 11:18;29;0
03-26-2011 11:19;0;0
03-26-2011 11:20;55;0
03-26-2011 11:21;0;0
03-26-2011 11:22;42;0
03-26-2011 11:23;0;0
03-26-2011 11:24;62;0
03-26-2011 11:25;0;0
03-26-2011 11:26;55;0
03-26-2011 11:27;40;0
03-26-2011 11:28;0;0
03-26-2011 11:29;0;0
03-26-2011 11:30;50;0
03-26-2011 11:31;666;1
03-26-2011 11:32;410;0
03-26-2011 11:33;861;1
03-26-2011 11:34;304;0
03-26-2011 11:35;666;1
03-26-2011 11:36;59;0
03-26-2011 11:37;3;0
03-26-2011 11:38;0;0
03-26-2011 11:39;5;0
03-26-2011 11:40;0;0
03-26-2011 11:41;111;0
03-26-2011 11:42;216;0
03-26-2011 11:43;275;0
03-26-2011 11:44;111;0
03-26-2011 11:45;168;0
03-26-2011 11:46;137;0
03-26-2011 11:47;137;0
03-26-2011 11:48;9;0
03-26-2011 11:49;24;0
03-26-2011 11:50;152;0
03-26-2011 11:51;3;0
03-26-2011 11:52;0;0
03-26-2011 11:53;14;0
03-26-2011 11:54;19;0
03-26-2011 11:55;66;0
03-26-2011 11:56;372;0
03-26-2011 11:57;275;0
03-26-2011 11:58;14;0
03-26-2011 11:59;9;0
03-26-2011 12:00;498;0
03-26-2011 12:01;688;1
03-26-2011 12:02;1110;1
03-26-2011 12:03;304;0
03-26-2011 12:04;348;0
03-26-2011 12:05;69;0
03-26-2011 12:06;182;0
03-26-2011 12:07;45;0
03-26-2011 12:08;104;0
03-26-2011 12:09;3;0
03-26-2011 12:10;52;0
03-26-2011 12:11;80;0
03-26-2011 12:12;249;0
03-26-2011 12:13;93;0
03-26-2011 12:14;483;0
03-26-2011 12:15;451;0
03-26-2011 12:16;918;1
03-26-2011 12:17;1342;1
03-26-2011 12:18;1076;1
03-26-2011 12:19;586;1
03-26-2011 12:20;586;1
03-26-2011 12:21;758;1
03-26-2011 12:22;605;1
03-26-2011 12:23;586;1
03-26-2011 12:24;360;0
03-26-2011 12:25;384;0
03-26-2011 12:26;550;1
03-26-2011 12:27;550;1
03-26-2011 12:28;550;1
03-26-2011 12:29;533;0
03-26-2011 12:30;97;0
03-26-2011 12:31;3;0
03-26-2011 12:32;3;0
03-26-2011 12:33;5;0
03-26-2011 12:34;107;0
03-26-2011 12:35;152;0
03-26-2011 12:36;0;0
03-26-2011 12:37;62;0
03-26-2011 12:38;216;0
03-26-2011 12:39;249;0
03-26-2011 12:40;111;0
03-26-2011 12:41;586;1
03-26-2011 12:42;515;0
03-26-2011 12:43;384;0
03-26-2011 12:44;567;0
03-26-2011 12:45;137;0
03-26-2011 12:46;0;0
03-26-2011 12:47;3;0
03-26-2011 12:48;3;0
03-26-2011 12:49;16;0
03-26-2011 12:50;0;0
03-26-2011 12:51;0;0
03-26-2011 12:52;14;0
03-26-2011 12:53;3;0
03-26-2011 12:54;10;0
03-26-2011 12:55;83;0
03-26-2011 12:56;66;0
03-26-2011 12:57;22;0
03-26-2011 12:58;80;0
03-26-2011 12:59;43;0
03-26-2011 13:00;93;0
03-26-2011 13:01;16;0
03-26-2011 13:02;14;0
03-26-2011 13:03;0;0
03-26-2011 13:04;100;0
03-26-2011 13:05;31;0
03-26-2011 13:06;0;0
03-26-2011 13:07;0;0
03-26-2011 13:08;0;0
03-26-2011 13:09;76;0
03-26-2011 13:10;97;0
03-26-2011 13:11;55;0
03-26-2011 13:12;131;0
03-26-2011 13:13;249;0
03-26-2011 13:14;131;0
03-26-2011 13:15;76;0
03-26-2011 13:16;33;0
03-26-2011 13:17;336;0
03-26-2011 13:18;121;0
03-26-2011 13:19;0;0
03-26-2011 13:20;17;0
03-26-2011 13:21;0;0
03-26-2011 13:22;12;0
03-26-2011 13:23;93;0
03-26-2011 13:24;48;0
03-26-2011 13:25;209;0
03-26-2011 13:26;223;0
03-26-2011 13:27;59;0
03-26-2011 13:28;19;0
03-26-2011 13:29;54;0
03-26-2011 13:30;69;0
03-26-2011 13:31;73;0
03-26-2011 13:32;0;0
03-26-2011 13:33;9;0
03-26-2011 13:34;66;0
03-26-2011 13:35;14;0
03-26-2011 13:36;0;0
03-26-2011 13:37;9;0
03-26-2011 13:38;189;0
03-26-2011 13:39;83;0
03-26-2011 13:40;76;0
03-26-2011 13:41;131;0
03-26-2011 13:42;43;0
03-26-2011 13:43;163;0
03-26-2011 13:44;0;0
03-26-2011 13:45;31;0
03-26-2011 13:46;26;0
03-26-2011 13:47;47;0
03-26-2011 13:48;40;0
03-26-2011 13:49;76;0
03-26-2011 13:50;19;0
03-26-2011 13:51;47;0
03-26-2011 13:52;28;0
03-26-2011 13:53;28;0
03-26-2011 13:54;38;0
03-26-2011 13:55;35;0
03-26-2011 13:56;52;0
03-26-2011 13:57;31;0
03-26-2011 13:58;16;0
03-26-2011 13:59;12;0
03-26-2011 14:00;40;0
03-26-2011 14:01;55;0
03-26-2011 14:02;76;0
03-26-2011 14:03;69;0
03-26-2011 14:04;62;0
03-26-2011 14:05;232;0
03-26-2011 14:06;38;0
03-26-2011 14:07;232;0
03-26-2011 14:08;19;0
03-26-2011 14:09;0;0
03-26-2011 14:10;38;0
03-26-2011 14:11;40;0
03-26-2011 14:12;66;0
03-26-2011 14:13;76;0
03-26-2011 14:14;147;0
03-26-2011 14:15;52;0
03-26-2011 14:16;52;0
03-26-2011 14:17;59;0
03-26-2011 14:18;142;0
03-26-2011 14:19;42;0
03-26-2011 14:20;59;0
03-26-2011 14:21;12;0
03-26-2011 14:22;59;0
03-26-2011 14:23;43;0
03-26-2011 14:24;0;0
03-26-2011 14:25;76;0
03-26-2011 14:26;86;0
03-26-2011 14:27;43;0
03-26-2011 14:28;69;0
03-26-2011 14:29;19;0
03-26-2011 14:30;163;0
03-26-2011 14:31;45;0
03-26-2011 14:32;35;0
03-26-2011 14:33;107;0
03-26-2011 14:34;22;0
03-26-2011 14:35;116;0
03-26-2011 14:36;66;0
03-26-2011 14:37;223;0
03-26-2011 14:38;168;0
03-26-2011 14:39;50;0
03-26-2011 14:40;10;0
03-26-2011 14:41;19;0
03-26-2011 14:42;73;0
03-26-2011 14:43;80;0
03-26-2011 14:44;3;0
03-26-2011 14:45;38;0
03-26-2011 14:46;54;0
03-26-2011 14:47;59;0
03-26-2011 14:48;69;0
03-26-2011 14:49;10;0
03-26-2011 14:50;19;0
03-26-2011 14:51;116;0
03-26-2011 14:52;14;0
03-26-2011 14:53;36;0
03-26-2011 14:54;66;0
03-26-2011 14:55;202;0
03-26-2011 14:56;137;0
03-26-2011 14:57;38;0
03-26-2011 14:58;12;0
03-26-2011 14:59;24;0
03-26-2011 15:00;62;0
03-26-2011 15:01;48;0
03-26-2011 15:02;69;0
03-26-2011 15:03;3;0
03-26-2011 15:04;17;0
03-26-2011 15:05;19;0
03-26-2011 15:06;35;0
03-26-2011 15:07;16;0
03-26-2011 15:08;19;0
03-26-2011 15:09;360;0
03-26-2011 15:10;40;0
03-26-2011 15:11;38;0
03-26-2011 15:12;43;0
03-26-2011 15:13;28;0
03-26-2011 15:14;62;0
03-26-2011 15:15;152;0
03-26-2011 15:16;14;0
03-26-2011 15:17;0;0
03-26-2011 15:18;5;0
03-26-2011 15:19;69;0
03-26-2011 15:20;97;0
03-26-2011 15:21;42;0
03-26-2011 15:22;59;0
03-26-2011 15:23;17;0
03-26-2011 15:24;86;0
03-26-2011 15:25;3;0
03-26-2011 15:26;59;0
03-26-2011 15:27;42;0
03-26-2011 15:28;47;0
03-26-2011 15:29;107;0
03-26-2011 15:30;758;1
03-26-2011 15:31;21;0
03-26-2011 15:32;45;0
03-26-2011 15:33;36;0
03-26-2011 15:34;52;0
03-26-2011 15:35;28;0
03-26-2011 15:36;29;0
03-26-2011 15:37;31;0
03-26-2011 15:38;59;0
03-26-2011 15:39;29;0
03-26-2011 15:40;28;0
03-26-2011 15:41;195;0
03-26-2011 15:42;0;0
03-26-2011 15:43;22;0
03-26-2011 15:44;19;0
03-26-2011 15:45;9;0
03-26-2011 15:46;55;0
03-26-2011 15:47;42;0
03-26-2011 15:48;10;0
03-26-2011 15:49;29;0
03-26-2011 15:50;9;0
03-26-2011 15:51;3;0
03-26-2011 15:52;31;0
03-26-2011 15:53;76;0
03-26-2011 15:54;189;0
03-26-2011 15:55;0;0
03-26-2011 15:56;52;0
03-26-2011 15:57;90;0
03-26-2011 15:58;22;0
03-26-2011 15:59;40;0
03-26-2011 16:00;21;0
03-26-2011 16:01;189;0
03-26-2011 16:02;0;0
03-26-2011 16:03;31;0
03-26-2011 16:04;83;0
03-26-2011 16:05;0;0
03-26-2011 16:06;38;0
03-26-2011 16:07;42;0
03-26-2011 16:08;35;0
03-26-2011 16:09;33;0
03-26-2011 16:10;189;0
03-26-2011 16:11;21;0
03-26-2011 16:12;14;0
03-26-2011 16:13;17;0
03-26-2011 16:14;38;0
03-26-2011 16:15;55;0
03-26-2011 16:16;202;0
03-26-2011 16:17;26;0
03-26-2011 16:18;43;0
03-26-2011 16:19;24;0
03-26-2011 16:20;16;0
03-26-2011 16:21;107;0
03-26-2011 16:22;59;0
03-26-2011 16:23;33;0
03-26-2011 16:24;47;0
03-26-2011 16:25;38;0
03-26-2011 16:26;48;0
03-26-2011 16:27;21;0
03-26-2011 16:28;9;0
03-26-2011 16:29;0;0
03-26-2011 16:30;0;0
03-26-2011 16:31;97;0
03-26-2011 16:32;21;0
03-26-2011 16:33;62;0
03-26-2011 16:34;45;0
03-26-2011 16:35;0;0
03-26-2011 16:36;5;0
03-26-2011 16:37;258;0
03-26-2011 16:38;28;0
03-26-2011 16:39;10;0
03-26-2011 16:40;22;0
03-26-2011 16:41;93;0
03-26-2011 16:42;5;0
03-26-2011 16:43;0;0
03-26-2011 16:44;21;0
03-26-2011 16:45;48;0
03-26-2011 16:46;69;0
03-26-2011 16:47;104;0
03-26-2011 16:48;69;0
03-26-2011 16:49;209;0
03-26-2011 16:50;17;0
03-26-2011 16:51;315;0
03-26-2011 16:52;14;0
03-26-2011 16:53;3;0
03-26-2011 16:54;47;0
03-26-2011 16:55;0;0
03-26-2011 16:56;100;0
03-26-2011 16:57;29;0
03-26-2011 16:58;24;0
03-26-2011 16:59;9;0
03-26-2011 17:00;3;0
03-26-2011 17:01;31;0
03-26-2011 17:02;55;0
03-26-2011 17:03;19;0
03-26-2011 17:04;0;0
03-26-2011 17:05;3;0
03-26-2011 17:06;12;0
03-26-2011 17:07;182;0
03-26-2011 17:08;21;0
03-26-2011 17:09;294;0
03-26-2011 17:10;10;0
03-26-2011 17:11;0;0
03-26-2011 17:12;137;0
03-26-2011 17:13;86;0
03-26-2011 17:14;59;0
03-26-2011 17:15;42;0
03-26-2011 17:16;5;0
03-26-2011 17:17;111;0
03-26-2011 17:18;624;1
03-26-2011 17:19;410;0
03-26-2011 17:20;360;0
03-26-2011 17:21;918;1
03-26-2011 17:22;396;0
03-26-2011 17:23;325;0
03-26-2011 17:24;918;1
03-26-2011 17:25;645;1
03-26-2011 17:26;175;0
03-26-2011 17:27;48;0
03-26-2011 17:28;59;0
03-26-2011 17:29;19;0
03-26-2011 17:30;0;0
03-26-2011 17:31;50;0
03-26-2011 17:32;0;0
03-26-2011 17:33;3;0
03-26-2011 17:34;223;0
03-26-2011 17:35;93;0
03-26-2011 17:36;3;0
03-26-2011 17:37;26;0
03-26-2011 17:38;0;0
03-26-2011 17:39;9;0
03-26-2011 17:40;384;0
03-26-2011 17:41;498;0
03-26-2011 17:42;498;0
03-26-2011 17:43;152;0
03-26-2011 17:44;195;0
03-26-2011 17:45;258;0
03-26-2011 17:46;126;0
03-26-2011 17:47;216;0
03-26-2011 17:48;336;0
03-26-2011 17:49;483;0
03-26-2011 17:50;396;0
03-26-2011 17:51;5;0
03-26-2011 17:52;55;0
03-26-2011 17:53;59;0
03-26-2011 17:54;52;0
03-26-2011 17:55;55;0
03-26-2011 17:56;69;0
03-26-2011 17:57;240;0
03-26-2011 17:58;121;0
03-26-2011 17:59;17;0
03-26-2011 18:00;104;0
03-26-2011 18:01;152;0
03-26-2011 18:02;21;0
03-26-2011 18:03;19;0
03-26-2011 18:04;29;0
03-26-2011 18:05;29;0
03-26-2011 18:06;40;0
03-26-2011 18:07;38;0
03-26-2011 18:08;157;0
03-26-2011 18:09;83;0
03-26-2011 18:10;147;0
03-26-2011 18:11;76;0
03-26-2011 18:12;59;0
03-26-2011 18:13;83;0
03-26-2011 18:14;55;0
03-26-2011 18:15;360;0
03-26-2011 18:16;59;0
03-26-2011 18:17;38;0
03-26-2011 18:18;189;0
03-26-2011 18:19;10;0
03-26-2011 18:20;40;0
03-26-2011 18:21;45;0
03-26-2011 18:22;175;0
03-26-2011 18:23;5;0
03-26-2011 18:24;126;0
03-26-2011 18:25;28;0
03-26-2011 18:26;42;0
03-26-2011 18:27;152;0
03-26-2011 18:28;45;0
03-26-2011 18:29;100;0
03-26-2011 18:30;21;0
03-26-2011 18:31;97;0
03-26-2011 18:32;0;0
03-26-2011 18:33;3;0
03-26-2011 18:34;3;0
03-26-2011 18:35;7;0
03-26-2011 18:36;5;0
03-26-2011 18:37;42;0
03-26-2011 18:38;66;0
03-26-2011 18:39;31;0
03-26-2011 18:40;97;0
03-26-2011 18:41;80;0
03-26-2011 18:42;195;0
03-26-2011 18:43;137;0
03-26-2011 18:44;45;0
03-26-2011 18:45;275;0
03-26-2011 18:46;3;0
03-26-2011 18:47;14;0
03-26-2011 18:48;624;1
03-26-2011 18:49;808;1
03-26-2011 18:50;438;0
03-26-2011 18:51;284;0
03-26-2011 18:52;336;0
03-26-2011 18:53;240;0
03-26-2011 18:54;1221;1
03-26-2011 18:55;889;1
03-26-2011 18:56;483;0
03-26-2011 18:57;550;1
03-26-2011 18:58;1522;1
03-26-2011 18:59;1673;1
03-26-2011 19:00;1475;1
03-26-2011 19:01;1342;1
03-26-2011 19:02;1261;1
03-26-2011 19:03;1342;1
03-26-2011 19:04;1430;1
03-26-2011 19:05;1183;1
03-26-2011 19:06;1221;1
03-26-2011 19:07;645;1
03-26-2011 19:08;240;0
03-26-2011 19:09;36;0
03-26-2011 19:10;31;0
03-26-2011 19:11;66;0
03-26-2011 19:12;9;0
03-26-2011 19:13;249;0
03-26-2011 19:14;1342;1
03-26-2011 19:15;1147;1
03-26-2011 19:16;861;1
03-26-2011 19:17;1430;1
03-26-2011 19:18;567;0
03-26-2011 19:19;483;0
03-26-2011 19:20;1043;1
03-26-2011 19:21;758;1
03-26-2011 19:22;533;0
03-26-2011 19:23;567;0
03-26-2011 19:24;624;1
03-26-2011 19:25;605;1
03-26-2011 19:26;624;1
03-26-2011 19:27;688;1
03-26-2011 19:28;533;0
03-26-2011 19:29;467;0
03-26-2011 19:30;424;0
03-26-2011 19:31;438;0
03-26-2011 19:32;567;0
03-26-2011 19:33;605;1
03-26-2011 19:34;483;0
03-26-2011 19:35;533;0
03-26-2011 19:36;498;0
03-26-2011 19:37;533;0
03-26-2011 19:38;424;0
03-26-2011 19:39;438;0
03-26-2011 19:40;483;0
03-26-2011 19:41;410;0
03-26-2011 19:42;348;0
03-26-2011 19:43;240;0
03-26-2011 19:44;294;0
03-26-2011 19:45;410;0
03-26-2011 19:46;438;0
03-26-2011 19:47;424;0
03-26-2011 19:48;410;0
03-26-2011 19:49;336;0
03-26-2011 19:50;163;0
03-26-2011 19:51;14;0
03-26-2011 19:52;315;0
03-26-2011 19:53;438;0
03-26-2011 19:54;498;0
03-26-2011 19:55;567;0
03-26-2011 19:56;889;1
03-26-2011 19:57;605;1
03-26-2011 19:58;515;0
03-26-2011 19:59;483;0
03-26-2011 20:00;315;0
03-26-2011 20:01;209;0
03-26-2011 20:02;157;0
03-26-2011 20:03;69;0
03-26-2011 20:04;73;0
03-26-2011 20:05;137;0
03-26-2011 20:06;38;0
03-26-2011 20:07;0;0
03-26-2011 20:08;3;0
03-26-2011 20:09;22;0
03-26-2011 20:10;48;0
03-26-2011 20:11;24;0
03-26-2011 20:12;76;0
03-26-2011 20:13;76;0
03-26-2011 20:14;5;0
03-26-2011 20:15;14;0
03-26-2011 20:16;16;0
03-26-2011 20:17;7;0
03-26-2011 20:18;21;0
03-26-2011 20:19;131;0
03-26-2011 20:20;168;0
03-26-2011 20:21;100;0
03-26-2011 20:22;24;0
03-26-2011 20:23;62;0
03-26-2011 20:24;0;0
03-26-2011 20:25;142;0
03-26-2011 20:26;19;0
03-26-2011 20:27;5;0
03-26-2011 20:28;9;0
03-26-2011 20:29;3;0
03-26-2011 20:30;19;0
03-26-2011 20:31;66;0
03-26-2011 20:32;40;0
03-26-2011 20:33;0;0
03-26-2011 20:34;22;0
03-26-2011 20:35;266;0
03-26-2011 20:36;111;0
03-26-2011 20:37;55;0
03-26-2011 20:38;73;0
03-26-2011 20:39;195;0
03-26-2011 20:40;97;0
03-26-2011 20:41;54;0
03-26-2011 20:42;111;0
03-26-2011 20:43;86;0
03-26-2011 20:44;325;0
03-26-2011 20:45;284;0
03-26-2011 20:46;216;0
03-26-2011 20:47;121;0
03-26-2011 20:48;12;0
03-26-2011 20:49;168;0
03-26-2011 20:50;24;0
03-26-2011 20:51;52;0
03-26-2011 20:52;47;0
03-26-2011 20:53;24;0
03-26-2011 20:54;121;0
03-26-2011 20:55;175;0
03-26-2011 20:56;73;0
03-26-2011 20:57;54;0
03-26-2011 20:58;175;0
03-26-2011 20:59;182;0
03-26-2011 21:00;97;0
03-26-2011 21:01;168;0
03-26-2011 21:02;202;0
03-26-2011 21:03;111;0
03-26-2011 21:04;54;0
03-26-2011 21:05;38;0
03-26-2011 21:06;157;0
03-26-2011 21:07;90;0
03-26-2011 21:08;137;0
03-26-2011 21:09;284;0
03-26-2011 21:10;209;0
03-26-2011 21:11;396;0
03-26-2011 21:12;195;0
03-26-2011 21:13;336;0
03-26-2011 21:14;249;0
03-26-2011 21:15;533;0
03-26-2011 21:16;116;0
03-26-2011 21:17;483;0
03-26-2011 21:18;483;0
03-26-2011 21:19;304;0
03-26-2011 21:20;336;0
03-26-2011 21:21;189;0
03-26-2011 21:22;232;0
03-26-2011 21:23;163;0
03-26-2011 21:24;76;0
03-26-2011 21:25;372;0
03-26-2011 21:26;189;0
03-26-2011 21:27;50;0
03-26-2011 21:28;69;0
03-26-2011 21:29;66;0
03-26-2011 21:30;137;0
03-26-2011 21:31;69;0
03-26-2011 21:32;73;0
03-26-2011 21:33;55;0
03-26-2011 21:34;86;0
03-26-2011 21:35;12;0
03-26-2011 21:36;5;0
03-26-2011 21:37;66;0
03-26-2011 21:38;16;0
03-26-2011 21:39;168;0
03-26-2011 21:40;240;0
03-26-2011 21:41;232;0
03-26-2011 21:42;209;0
03-26-2011 21:43;223;0
03-26-2011 21:44;47;0
03-26-2011 21:45;73;0
03-26-2011 21:46;0;0
03-26-2011 21:47;107;0
03-26-2011 21:48;0;0
03-26-2011 21:49;0;0
03-26-2011 21:50;168;0
03-26-2011 21:51;73;0
03-26-2011 21:52;195;0
03-26-2011 21:53;19;0
03-26-2011 21:54;116;0
03-26-2011 21:55;131;0
03-26-2011 21:56;104;0
03-26-2011 21:57;131;0
03-26-2011 21:58;147;0
03-26-2011 21:59;59;0
03-26-2011 22:00;249;0
03-26-2011 22:01;424;0
03-26-2011 22:02;157;0
03-26-2011 22:03;107;0
03-26-2011 22:04;80;0
03-26-2011 22:05;100;0
03-26-2011 22:06;104;0
03-26-2011 22:07;163;0
03-26-2011 22:08;240;0
03-26-2011 22:09;451;0
03-26-2011 22:10;586;1
03-26-2011 22:11;396;0
03-26-2011 22:12;182;0
03-26-2011 22:13;47;0
03-26-2011 22:14;163;0
03-26-2011 22:15;209;0
03-26-2011 22:16;216;0
03-26-2011 22:17;410;0
03-26-2011 22:18;284;0
03-26-2011 22:19;410;0
03-26-2011 22:20;304;0
03-26-2011 22:21;645;1
03-26-2011 22:22;266;0
03-26-2011 22:23;31;0
03-26-2011 22:24;104;0
03-26-2011 22:25;38;0
03-26-2011 22:26;126;0
03-26-2011 22:27;111;0
03-26-2011 22:28;100;0
03-26-2011 22:29;175;0
03-26-2011 22:30;116;0
03-26-2011 22:31;21;0
03-26-2011 22:32;175;0
03-26-2011 22:33;0;0
03-26-2011 22:34;0;0
03-26-2011 22:35;0;0
03-26-2011 22:36;0;0
03-26-2011 22:37;3;0
03-26-2011 22:38;142;0
03-26-2011 22:39;42;0
03-26-2011 22:40;168;0
03-26-2011 22:41;107;0
03-26-2011 22:42;22;0
03-26-2011 22:43;66;0
03-26-2011 22:44;104;0
03-26-2011 22:45;147;0
03-26-2011 22:46;10;0
03-26-2011 22:47;66;0
03-26-2011 22:48;73;0
03-26-2011 22:49;175;0
03-26-2011 22:50;223;0
03-26-2011 22:51;249;0
03-26-2011 22:52;451;0
03-26-2011 22:53;360;0
03-26-2011 22:54;266;0
03-26-2011 22:55;104;0
03-26-2011 22:56;202;0
03-26-2011 22:57;294;0
03-26-2011 22:58;12;0
03-26-2011 22:59;28;0
03-26-2011 23:00;59;0
03-26-2011 23:01;76;0
03-26-2011 23:02;54;0
03-26-2011 23:03;24;0
03-26-2011 23:04;9;0
03-26-2011 23:05;76;0
03-26-2011 23:06;232;0
03-26-2011 23:07;216;0
03-26-2011 23:08;304;0
03-26-2011 23:09;258;0
03-26-2011 23:10;498;0
03-26-2011 23:11;410;0
03-26-2011 23:12;157;0
03-26-2011 23:13;137;0
03-26-2011 23:14;93;0
03-26-2011 23:15;294;0
03-26-2011 23:16;733;1
03-26-2011 23:17;294;0
03-26-2011 23:18;258;0
03-26-2011 23:19;240;0
03-26-2011 23:20;152;0
03-26-2011 23:21;97;0
03-26-2011 23:22;232;0
03-26-2011 23:23;325;0
03-26-2011 23:24;175;0
03-26-2011 23:25;202;0
03-26-2011 23:26;498;0
03-26-2011 23:27;275;0
03-26-2011 23:28;223;0
03-26-2011 23:29;467;0
03-26-2011 23:30;86;0
03-26-2011 23:31;131;0
03-26-2011 23:32;182;0
03-26-2011 23:33;195;0
03-26-2011 23:34;157;0
03-26-2011 23:35;126;0
03-26-2011 23:36;90;0
03-26-2011 23:37;90;0
03-26-2011 23:38;163;0
03-26-2011 23:39;104;0
03-26-2011 23:40;69;0
03-26-2011 23:41;195;0
03-26-2011 23:42;86;0
03-26-2011 23:43;33;0
03-26-2011 23:44;47;0
03-26-2011 23:45;55;0
03-26-2011 23:46;93;0
03-26-2011 23:47;62;0
03-26-2011 23:48;83;0
03-26-2011 23:49;202;0
03-26-2011 23:50;126;0
03-26-2011 23:51;50;0
03-26-2011 23:52;62;0
03-26-2011 23:53;35;0
03-26-2011 23:54;55;0
03-26-2011 23:55;325;0
03-26-2011 23:56;209;0
03-26-2011 23:57;142;0
03-26-2011 23:58;59;0
03-26-2011 23:59;223;0
03-27-2011 00:00;325;0
03-27-2011 00:01;216;0
03-27-2011 00:02;258;0
03-27-2011 00:03;163;0
03-27-2011 00:04;294;0
03-27-2011 00:05;52;0
03-27-2011 00:06;66;0
03-27-2011 00:07;55;0
03-27-2011 00:08;182;0
03-27-2011 00:09;223;0
03-27-2011 00:10;76;0
03-27-2011 00:11;19;0
03-27-2011 00:12;410;0
03-27-2011 00:13;42;0
03-27-2011 00:14;69;0
03-27-2011 00:15;223;0
03-27-2011 00:16;59;0
03-27-2011 00:17;157;0
03-27-2011 00:18;336;0
03-27-2011 00:19;48;0
03-27-2011 00:20;209;0
03-27-2011 00:21;182;0
03-27-2011 00:22;111;0
03-27-2011 00:23;157;0
03-27-2011 00:24;304;0
03-27-2011 00:25;76;0
03-27-2011 00:26;360;0
03-27-2011 00:27;121;0
03-27-2011 00:28;59;0
03-27-2011 00:29;55;0
03-27-2011 00:30;3;0
03-27-2011 00:31;62;0
03-27-2011 00:32;5;0
03-27-2011 00:33;9;0
03-27-2011 00:34;182;0
03-27-2011 00:35;384;0
03-27-2011 00:36;284;0
03-27-2011 00:37;73;0
03-27-2011 00:38;152;0
03-27-2011 00:39;336;0
03-27-2011 00:40;126;0
03-27-2011 00:41;93;0
03-27-2011 00:42;3;0
03-27-2011 00:43;3;0
03-27-2011 00:44;0;0
03-27-2011 00:45;116;0
03-27-2011 00:46;249;0
03-27-2011 00:47;348;0
03-27-2011 00:48;384;0
03-27-2011 00:49;396;0
03-27-2011 00:50;116;0
03-27-2011 00:51;3;0
03-27-2011 00:52;47;0
03-27-2011 00:53;42;0
03-27-2011 00:54;232;0
03-27-2011 00:55;73;0
03-27-2011 00:56;69;0
03-27-2011 00:57;66;0
03-27-2011 00:58;3;0
03-27-2011 00:59;104;0
03-27-2011 01:00;62;0
03-27-2011 01:01;126;0
03-27-2011 01:02;152;0
03-27-2011 01:03;410;0
03-27-2011 01:04;216;0
03-27-2011 01:05;216;0
03-27-2011 01:06;55;0
03-27-2011 01:07;31;0
03-27-2011 01:08;21;0
03-27-2011 01:09;104;0
03-27-2011 01:10;35;0
03-27-2011 01:11;28;0
03-27-2011 01:12;73;0
03-27-2011 01:13;111;0
03-27-2011 01:14;16;0
03-27-2011 01:15;76;0
03-27-2011 01:16;111;0
03-27-2011 01:17;131;0
03-27-2011 01:18;131;0
03-27-2011 01:19;26;0
03-27-2011 01:20;0;0
03-27-2011 01:21;9;0
03-27-2011 01:22;116;0
03-27-2011 01:23;116;0
03-27-2011 01:24;0;0
03-27-2011 01:25;62;0
03-27-2011 01:26;93;0
03-27-2011 01:27;104;0
03-27-2011 01:28;45;0
03-27-2011 01:29;157;0
03-27-2011 01:30;195;0
03-27-2011 01:31;195;0
03-27-2011 01:32;131;0
03-27-2011 01:33;12;0
03-27-2011 01:34;3;0
03-27-2011 01:35;14;0
03-27-2011 01:36;3;0
03-27-2011 01:37;36;0
03-27-2011 01:38;0;0
03-27-2011 01:39;0;0
03-27-2011 01:40;45;0
03-27-2011 01:41;0;0
03-27-2011 01:42;137;0
03-27-2011 01:43;45;0
03-27-2011 01:44;157;0
03-27-2011 01:45;104;0
03-27-2011 01:46;0;0
03-27-2011 01:47;111;0
03-27-2011 01:48;147;0
03-27-2011 01:49;126;0
03-27-2011 01:50;116;0
03-27-2011 01:51;40;0
03-27-2011 01:52;9;0
03-27-2011 01:53;55;0
03-27-2011 01:54;42;0
03-27-2011 01:55;16;0
03-27-2011 01:56;97;0
03-27-2011 01:57;22;0
03-27-2011 01:58;36;0
03-27-2011 01:59;182;0
03-27-2011 02:00;73;0
03-27-2011 02:01;73;0
03-27-2011 02:02;189;0
03-27-2011 02:03;80;0
03-27-2011 02:04;979;1
03-27-2011 02:05;100;0
03-27-2011 02:06;31;0
03-27-2011 02:07;294;0
03-27-2011 02:08;325;0
03-27-2011 02:09;483;0
03-27-2011 02:10;861;1
03-27-2011 02:11;550;1
03-27-2011 02:12;467;0
03-27-2011 02:13;111;0
03-27-2011 02:14;10;0
03-27-2011 02:15;121;0
03-27-2011 02:16;142;0
03-27-2011 02:17;111;0
03-27-2011 02:18;808;1
03-27-2011 02:19;948;1
03-27-2011 02:20;195;0
03-27-2011 02:21;325;0
03-27-2011 02:22;861;1
03-27-2011 02:23;69;0
03-27-2011 02:24;567;0
03-27-2011 02:25;157;0
03-27-2011 02:26;17;0
03-27-2011 02:27;9;0
03-27-2011 02:28;3;0
03-27-2011 02:29;55;0
03-27-2011 02:30;0;0
03-27-2011 02:31;0;0
03-27-2011 02:32;76;0
03-27-2011 02:33;336;0
03-27-2011 02:34;48;0
03-27-2011 02:35;157;0
03-27-2011 02:36;483;0
03-27-2011 02:37;0;0
03-27-2011 02:38;0;0
03-27-2011 02:39;0;0
03-27-2011 02:40;52;0
03-27-2011 02:41;40;0
03-27-2011 02:42;3;0
03-27-2011 02:43;116;0
03-27-2011 02:44;50;0
03-27-2011 02:45;3;0
03-27-2011 02:46;97;0
03-27-2011 02:47;45;0
03-27-2011 02:48;116;0
03-27-2011 02:49;3;0
03-27-2011 02:50;55;0
03-27-2011 02:51;157;0
03-27-2011 02:52;0;0
03-27-2011 02:53;33;0
03-27-2011 02:54;12;0
03-27-2011 02:55;152;0
03-27-2011 02:56;7;0
03-27-2011 02:57;0;0
03-27-2011 02:58;0;0
03-27-2011 02:59;189;0
03-27-2011 03:00;0;0
03-27-2011 03:01;0;0
03-27-2011 03:02;0;0
03-27-2011 03:03;0;0
03-27-2011 03:04;0;0
03-27-2011 03:05;0;0
03-27-2011 03:06;0;0
03-27-2011 03:07;0;0
03-27-2011 03:08;0;0
03-27-2011 03:09;0;0
03-27-2011 03:10;0;0
03-27-2011 03:11;0;0
03-27-2011 03:12;0;0
03-27-2011 03:13;0;0
03-27-2011 03:14;107;0
03-27-2011 03:15;0;0
03-27-2011 03:16;0;0
03-27-2011 03:17;0;0
03-27-2011 03:18;0;0
03-27-2011 03:19;0;0
03-27-2011 03:20;0;0
03-27-2011 03:21;0;0
03-27-2011 03:22;0;0
03-27-2011 03:23;0;0
03-27-2011 03:24;0;0
03-27-2011 03:25;0;0
03-27-2011 03:26;0;0
03-27-2011 03:27;0;0
03-27-2011 03:28;0;0
03-27-2011 03:29;0;0
03-27-2011 03:30;0;0
03-27-2011 03:31;0;0
03-27-2011 03:32;0;0
03-27-2011 03:33;0;0
03-27-2011 03:34;168;0
03-27-2011 03:35;0;0
03-27-2011 03:36;0;0
03-27-2011 03:37;0;0
03-27-2011 03:38;0;0
03-27-2011 03:39;0;0
03-27-2011 03:40;0;0
03-27-2011 03:41;0;0
03-27-2011 03:42;0;0
03-27-2011 03:43;0;0
03-27-2011 03:44;147;0
03-27-2011 03:45;0;0
03-27-2011 03:46;31;0
03-27-2011 03:47;66;0
03-27-2011 03:48;0;0
03-27-2011 03:49;0;0
03-27-2011 03:50;0;0
03-27-2011 03:51;182;0
03-27-2011 03:52;131;0
03-27-2011 03:53;0;0
03-27-2011 03:54;202;0
03-27-2011 03:55;3;0
03-27-2011 03:56;0;0
03-27-2011 03:57;12;0
03-27-2011 03:58;0;0
03-27-2011 03:59;0;0
03-27-2011 04:00;0;0
03-27-2011 04:01;624;1
03-27-2011 04:02;348;0
03-27-2011 04:03;0;0
03-27-2011 04:04;31;0
03-27-2011 04:05;0;0
03-27-2011 04:06;0;0
03-27-2011 04:07;62;0
03-27-2011 04:08;0;0
03-27-2011 04:09;0;0
03-27-2011 04:10;0;0
03-27-2011 04:11;0;0
03-27-2011 04:12;0;0
03-27-2011 04:13;0;0
03-27-2011 04:14;0;0
03-27-2011 04:15;0;0
03-27-2011 04:16;0;0
03-27-2011 04:17;0;0
03-27-2011 04:18;0;0
03-27-2011 04:19;0;0
03-27-2011 04:20;0;0
03-27-2011 04:21;0;0
03-27-2011 04:22;0;0
03-27-2011 04:23;0;0
03-27-2011 04:24;0;0
03-27-2011 04:25;86;0
03-27-2011 04:26;0;0
03-27-2011 04:27;0;0
03-27-2011 04:28;0;0
03-27-2011 04:29;0;0
03-27-2011 04:30;0;0
03-27-2011 04:31;0;0
03-27-2011 04:32;0;0
03-27-2011 04:33;0;0
03-27-2011 04:34;0;0
03-27-2011 04:35;0;0
03-27-2011 04:36;0;0
03-27-2011 04:37;0;0
03-27-2011 04:38;0;0
03-27-2011 04:39;0;0
03-27-2011 04:40;0;0
03-27-2011 04:41;0;0
03-27-2011 04:42;0;0
03-27-2011 04:43;0;0
03-27-2011 04:44;0;0
03-27-2011 04:45;0;0
03-27-2011 04:46;0;0
03-27-2011 04:47;0;0
03-27-2011 04:48;0;0
03-27-2011 04:49;0;0
03-27-2011 04:50;0;0
03-27-2011 04:51;55;0
03-27-2011 04:52;0;0
03-27-2011 04:53;0;0
03-27-2011 04:54;0;0
03-27-2011 04:55;0;0
03-27-2011 04:56;0;0
03-27-2011 04:57;3;0
03-27-2011 04:58;0;0
03-27-2011 04:59;116;0
03-27-2011 05:00;0;0
03-27-2011 05:01;0;0
03-27-2011 05:02;97;0
03-27-2011 05:03;808;1
03-27-2011 05:04;182;0
03-27-2011 05:05;31;0
03-27-2011 05:06;0;0
03-27-2011 05:07;0;0
03-27-2011 05:08;0;0
03-27-2011 05:09;14;0
03-27-2011 05:10;0;0
03-27-2011 05:11;0;0
03-27-2011 05:12;0;0
03-27-2011 05:13;3;0
03-27-2011 05:14;0;0
03-27-2011 05:15;168;0
03-27-2011 05:16;0;0
03-27-2011 05:17;0;0
03-27-2011 05:18;438;0
03-27-2011 05:19;515;0
03-27-2011 05:20;0;0
03-27-2011 05:21;0;0
03-27-2011 05:22;0;0
03-27-2011 05:23;189;0
03-27-2011 05:24;0;0
03-27-2011 05:25;80;0
03-27-2011 05:26;0;0
03-27-2011 05:27;0;0
03-27-2011 05:28;62;0
03-27-2011 05:29;0;0
03-27-2011 05:30;0;0
03-27-2011 05:31;0;0
03-27-2011 05:32;0;0
03-27-2011 05:33;90;0
03-27-2011 05:34;0;0
03-27-2011 05:35;0;0
03-27-2011 05:36;19;0
03-27-2011 05:37;3;0
03-27-2011 05:38;0;0
03-27-2011 05:39;45;0
03-27-2011 05:40;0;0
03-27-2011 05:41;0;0
03-27-2011 05:42;0;0
03-27-2011 05:43;0;0
03-27-2011 05:44;0;0
03-27-2011 05:45;0;0
03-27-2011 05:46;0;0
03-27-2011 05:47;0;0
03-27-2011 05:48;0;0
03-27-2011 05:49;0;0
03-27-2011 05:50;0;0
03-27-2011 05:51;0;0
03-27-2011 05:52;0;0
03-27-2011 05:53;0;0
03-27-2011 05:54;0;0
03-27-2011 05:55;0;0
03-27-2011 05:56;0;0
03-27-2011 05:57;0;0
03-27-2011 05:58;0;0
03-27-2011 05:59;0;0
03-27-2011 06:00;107;0
03-27-2011 06:01;0;0
03-27-2011 06:02;0;0
03-27-2011 06:03;0;0
03-27-2011 06:04;0;0
03-27-2011 06:05;0;0
03-27-2011 06:06;0;0
03-27-2011 06:07;0;0
03-27-2011 06:08;168;0
03-27-2011 06:09;0;0
03-27-2011 06:10;0;0
03-27-2011 06:11;0;0
03-27-2011 06:12;0;0
03-27-2011 06:13;0;0
03-27-2011 06:14;0;0
03-27-2011 06:15;0;0
03-27-2011 06:16;3;0
03-27-2011 06:17;0;0
03-27-2011 06:18;0;0
03-27-2011 06:19;0;0
03-27-2011 06:20;0;0
03-27-2011 06:21;0;0
03-27-2011 06:22;0;0
03-27-2011 06:23;0;0
03-27-2011 06:24;10;0
03-27-2011 06:25;55;0
03-27-2011 06:26;0;0
03-27-2011 06:27;0;0
03-27-2011 06:28;0;0
03-27-2011 06:29;0;0
03-27-2011 06:30;3;0
03-27-2011 06:31;66;0
03-27-2011 06:32;0;0
03-27-2011 06:33;0;0
03-27-2011 06:34;111;0
03-27-2011 06:35;19;0
03-27-2011 06:36;0;0
03-27-2011 06:37;0;0
03-27-2011 06:38;0;0
03-27-2011 06:39;126;0
03-27-2011 06:40;0;0
03-27-2011 06:41;50;0
03-27-2011 06:42;86;0
03-27-2011 06:43;3;0
03-27-2011 06:44;3;0
03-27-2011 06:45;0;0
03-27-2011 06:46;0;0
03-27-2011 06:47;0;0
03-27-2011 06:48;35;0
03-27-2011 06:49;0;0
03-27-2011 06:50;69;0
03-27-2011 06:51;0;0
03-27-2011 06:52;116;0
03-27-2011 06:53;0;0
03-27-2011 06:54;0;0
03-27-2011 06:55;3;0
03-27-2011 06:56;0;0
03-27-2011 06:57;26;0
03-27-2011 06:58;157;0
03-27-2011 06:59;0;0
03-27-2011 07:00;137;0
03-27-2011 07:01;50;0
03-27-2011 07:02;0;0
03-27-2011 07:03;0;0
03-27-2011 07:04;0;0
03-27-2011 07:05;0;0
03-27-2011 07:06;275;0
03-27-2011 07:07;9;0
03-27-2011 07:08;93;0
03-27-2011 07:09;0;0
03-27-2011 07:10;3;0
03-27-2011 07:11;121;0
03-27-2011 07:12;0;0
03-27-2011 07:13;33;0
03-27-2011 07:14;0;0
03-27-2011 07:15;0;0
03-27-2011 07:16;3;0
03-27-2011 07:17;45;0
03-27-2011 07:18;0;0
03-27-2011 07:19;0;0
03-27-2011 07:20;0;0
03-27-2011 07:21;93;0
03-27-2011 07:22;0;0
03-27-2011 07:23;0;0
03-27-2011 07:24;0;0
03-27-2011 07:25;3;0
03-27-2011 07:26;3;0
03-27-2011 07:27;0;0
03-27-2011 07:28;0;0
03-27-2011 07:29;0;0
03-27-2011 07:30;0;0
03-27-2011 07:31;0;0
03-27-2011 07:32;0;0
03-27-2011 07:33;0;0
03-27-2011 07:34;0;0
03-27-2011 07:35;0;0
03-27-2011 07:36;0;0
03-27-2011 07:37;0;0
03-27-2011 07:38;0;0
03-27-2011 07:39;0;0
03-27-2011 07:40;0;0
03-27-2011 07:41;0;0
03-27-2011 07:42;76;0
03-27-2011 07:43;0;0
03-27-2011 07:44;0;0
03-27-2011 07:45;0;0
03-27-2011 07:46;0;0
03-27-2011 07:47;0;0
03-27-2011 07:48;0;0
03-27-2011 07:49;0;0
03-27-2011 07:50;0;0
03-27-2011 07:51;0;0
03-27-2011 07:52;0;0
03-27-2011 07:53;0;0
03-27-2011 07:54;0;0
03-27-2011 07:55;0;0
03-27-2011 07:56;0;0
03-27-2011 07:57;69;0
03-27-2011 07:58;0;0
03-27-2011 07:59;80;0
03-27-2011 08:00;175;0
03-27-2011 08:01;0;0
03-27-2011 08:02;50;0
03-27-2011 08:03;0;0
03-27-2011 08:04;0;0
03-27-2011 08:05;0;0
03-27-2011 08:06;0;0
03-27-2011 08:07;0;0
03-27-2011 08:08;0;0
03-27-2011 08:09;0;0
03-27-2011 08:10;0;0
03-27-2011 08:11;0;0
03-27-2011 08:12;0;0
03-27-2011 08:13;0;0
03-27-2011 08:14;0;0
03-27-2011 08:15;0;0
03-27-2011 08:16;0;0
03-27-2011 08:17;0;0
03-27-2011 08:18;0;0
03-27-2011 08:19;0;0
03-27-2011 08:20;43;0
03-27-2011 08:21;69;0
03-27-2011 08:22;0;0
03-27-2011 08:23;76;0
03-27-2011 08:24;0;0
03-27-2011 08:25;17;0
03-27-2011 08:26;175;0
03-27-2011 08:27;73;0
03-27-2011 08:28;0;0
03-27-2011 08:29;100;0
03-27-2011 08:30;0;0
03-27-2011 08:31;0;0
03-27-2011 08:32;0;0
03-27-2011 08:33;0;0
03-27-2011 08:34;73;0
03-27-2011 08:35;3;0
03-27-2011 08:36;0;0
03-27-2011 08:37;29;0
03-27-2011 08:38;137;0
03-27-2011 08:39;0;0
03-27-2011 08:40;0;0
03-27-2011 08:41;3;0
03-27-2011 08:42;0;0
03-27-2011 08:43;0;0
03-27-2011 08:44;33;0
03-27-2011 08:45;0;0
03-27-2011 08:46;31;0
03-27-2011 08:47;152;0
03-27-2011 08:48;0;0
03-27-2011 08:49;66;0
03-27-2011 08:50;0;0
03-27-2011 08:51;0;0
03-27-2011 08:52;168;0
03-27-2011 08:53;0;0
03-27-2011 08:54;0;0
03-27-2011 08:55;175;0
03-27-2011 08:56;0;0
03-27-2011 08:57;0;0
03-27-2011 08:58;28;0
03-27-2011 08:59;249;0
03-27-2011 09:00;131;0
03-27-2011 09:01;42;0
03-27-2011 09:02;16;0
03-27-2011 09:03;14;0
03-27-2011 09:04;0;0
03-27-2011 09:05;22;0
03-27-2011 09:06;80;0
03-27-2011 09:07;48;0
03-27-2011 09:08;104;0
03-27-2011 09:09;0;0
03-27-2011 09:10;66;0
03-27-2011 09:11;47;0
03-27-2011 09:12;0;0
03-27-2011 09:13;0;0
03-27-2011 09:14;45;0
03-27-2011 09:15;152;0
03-27-2011 09:16;5;0
03-27-2011 09:17;0;0
03-27-2011 09:18;28;0
03-27-2011 09:19;21;0
03-27-2011 09:20;24;0
03-27-2011 09:21;31;0
03-27-2011 09:22;3;0
03-27-2011 09:23;21;0
03-27-2011 09:24;3;0
03-27-2011 09:25;22;0
03-27-2011 09:26;0;0
03-27-2011 09:27;59;0
03-27-2011 09:28;0;0
03-27-2011 09:29;0;0
03-27-2011 09:30;5;0
03-27-2011 09:31;31;0
03-27-2011 09:32;10;0
03-27-2011 09:33;93;0
03-27-2011 09:34;42;0
03-27-2011 09:35;38;0
03-27-2011 09:36;3;0
03-27-2011 09:37;12;0
03-27-2011 09:38;40;0
03-27-2011 09:39;5;0
03-27-2011 09:40;50;0
03-27-2011 09:41;7;0
03-27-2011 09:42;50;0
03-27-2011 09:43;76;0
03-27-2011 09:44;45;0
03-27-2011 09:45;0;0
03-27-2011 09:46;0;0
03-27-2011 09:47;55;0
03-27-2011 09:48;62;0
03-27-2011 09:49;54;0
03-27-2011 09:50;0;0
03-27-2011 09:51;0;0
03-27-2011 09:52;17;0
03-27-2011 09:53;0;0
03-27-2011 09:54;76;0
03-27-2011 09:55;152;0
03-27-2011 09:56;142;0
03-27-2011 09:57;100;0
03-27-2011 09:58;182;0
03-27-2011 09:59;294;0
03-27-2011 10:00;142;0
03-27-2011 10:01;0;0
03-27-2011 10:02;0;0
03-27-2011 10:03;3;0
03-27-2011 10:04;384;0
03-27-2011 10:05;438;0
03-27-2011 10:06;232;0
03-27-2011 10:07;861;1
03-27-2011 10:08;86;0
03-27-2011 10:09;0;0
03-27-2011 10:10;5;0
03-27-2011 10:11;0;0
03-27-2011 10:12;0;0
03-27-2011 10:13;24;0
03-27-2011 10:14;54;0
03-27-2011 10:15;0;0
03-27-2011 10:16;3;0
03-27-2011 10:17;0;0
03-27-2011 10:18;0;0
03-27-2011 10:19;0;0
03-27-2011 10:20;69;0
03-27-2011 10:21;0;0
03-27-2011 10:22;9;0
03-27-2011 10:23;0;0
03-27-2011 10:24;0;0
03-27-2011 10:25;0;0
03-27-2011 10:26;76;0
03-27-2011 10:27;35;0
03-27-2011 10:28;0;0
03-27-2011 10:29;52;0
03-27-2011 10:30;43;0
03-27-2011 10:31;29;0
03-27-2011 10:32;33;0
03-27-2011 10:33;28;0
03-27-2011 10:34;9;0
03-27-2011 10:35;36;0
03-27-2011 10:36;111;0
03-27-2011 10:37;59;0
03-27-2011 10:38;40;0
03-27-2011 10:39;163;0
03-27-2011 10:40;55;0
03-27-2011 10:41;240;0
03-27-2011 10:42;9;0
03-27-2011 10:43;0;0
03-27-2011 10:44;0;0
03-27-2011 10:45;54;0
03-27-2011 10:46;16;0
03-27-2011 10:47;0;0
03-27-2011 10:48;28;0
03-27-2011 10:49;0;0
03-27-2011 10:50;0;0
03-27-2011 10:51;0;0
03-27-2011 10:52;0;0
03-27-2011 10:53;0;0
03-27-2011 10:54;0;0
03-27-2011 10:55;0;0
03-27-2011 10:56;17;0
03-27-2011 10:57;0;0
03-27-2011 10:58;0;0
03-27-2011 10:59;3;0
03-27-2011 11:00;0;0
03-27-2011 11:01;3;0
03-27-2011 11:02;59;0
03-27-2011 11:03;28;0
03-27-2011 11:04;76;0
03-27-2011 11:05;38;0
03-27-2011 11:06;100;0
03-27-2011 11:07;240;0
03-27-2011 11:08;80;0
03-27-2011 11:09;111;0
03-27-2011 11:10;889;1
03-27-2011 11:11;1261;1
03-27-2011 11:12;515;0
03-27-2011 11:13;315;0
03-27-2011 11:14;410;0
03-27-2011 11:15;605;1
03-27-2011 11:16;688;1
03-27-2011 11:17;451;0
03-27-2011 11:18;550;1
03-27-2011 11:19;515;0
03-27-2011 11:20;189;0
03-27-2011 11:21;131;0
03-27-2011 11:22;275;0
03-27-2011 11:23;45;0
03-27-2011 11:24;21;0
03-27-2011 11:25;147;0
03-27-2011 11:26;202;0
03-27-2011 11:27;624;1
03-27-2011 11:28;304;0
03-27-2011 11:29;90;0
03-27-2011 11:30;76;0
03-27-2011 11:31;175;0
03-27-2011 11:32;284;0
03-27-2011 11:33;97;0
03-27-2011 11:34;336;0
03-27-2011 11:35;3;0
03-27-2011 11:36;157;0
03-27-2011 11:37;69;0
03-27-2011 11:38;80;0
03-27-2011 11:39;73;0
03-27-2011 11:40;80;0
03-27-2011 11:41;47;0
03-27-2011 11:42;33;0
03-27-2011 11:43;107;0
03-27-2011 11:44;0;0
03-27-2011 11:45;19;0
03-27-2011 11:46;116;0
03-27-2011 11:47;121;0
03-27-2011 11:48;10;0
03-27-2011 11:49;249;0
03-27-2011 11:50;410;0
03-27-2011 11:51;396;0
03-27-2011 11:52;550;1
03-27-2011 11:53;424;0
03-27-2011 11:54;325;0
03-27-2011 11:55;348;0
03-27-2011 11:56;424;0
03-27-2011 11:57;733;1
03-27-2011 11:58;3;0
03-27-2011 11:59;182;0
03-27-2011 12:00;0;0
03-27-2011 12:01;195;0
03-27-2011 12:02;348;0
03-27-2011 12:03;410;0
03-27-2011 12:04;294;0
03-27-2011 12:05;304;0
03-27-2011 12:06;372;0
03-27-2011 12:07;195;0
03-27-2011 12:08;90;0
03-27-2011 12:09;315;0
03-27-2011 12:10;126;0
03-27-2011 12:11;29;0
03-27-2011 12:12;202;0
03-27-2011 12:13;168;0
03-27-2011 12:14;384;0
03-27-2011 12:15;131;0
03-27-2011 12:16;889;1
03-27-2011 12:17;93;0
03-27-2011 12:18;40;0
03-27-2011 12:19;14;0
03-27-2011 12:20;35;0
03-27-2011 12:21;14;0
03-27-2011 12:22;12;0
03-27-2011 12:23;9;0
03-27-2011 12:24;22;0
03-27-2011 12:25;73;0
03-27-2011 12:26;142;0
03-27-2011 12:27;50;0
03-27-2011 12:28;121;0
03-27-2011 12:29;73;0
03-27-2011 12:30;86;0
03-27-2011 12:31;147;0
03-27-2011 12:32;142;0
03-27-2011 12:33;315;0
03-27-2011 12:34;38;0
03-27-2011 12:35;5;0
03-27-2011 12:36;0;0
03-27-2011 12:37;19;0
03-27-2011 12:38;50;0
03-27-2011 12:39;0;0
03-27-2011 12:40;7;0
03-27-2011 12:41;93;0
03-27-2011 12:42;38;0
03-27-2011 12:43;93;0
03-27-2011 12:44;55;0
03-27-2011 12:45;26;0
03-27-2011 12:46;26;0
03-27-2011 12:47;5;0
03-27-2011 12:48;9;0
03-27-2011 12:49;111;0
03-27-2011 12:50;66;0
03-27-2011 12:51;42;0
03-27-2011 12:52;21;0
03-27-2011 12:53;9;0
03-27-2011 12:54;28;0
03-27-2011 12:55;31;0
03-27-2011 12:56;29;0
03-27-2011 12:57;5;0
03-27-2011 12:58;16;0
03-27-2011 12:59;131;0
03-27-2011 13:00;35;0
03-27-2011 13:01;0;0
03-27-2011 13:02;19;0
03-27-2011 13:03;9;0
03-27-2011 13:04;28;0
03-27-2011 13:05;14;0
03-27-2011 13:06;223;0
03-27-2011 13:07;86;0
03-27-2011 13:08;10;0
03-27-2011 13:09;22;0
03-27-2011 13:10;59;0
03-27-2011 13:11;40;0
03-27-2011 13:12;12;0
03-27-2011 13:13;175;0
03-27-2011 13:14;16;0
03-27-2011 13:15;107;0
03-27-2011 13:16;90;0
03-27-2011 13:17;275;0
03-27-2011 13:18;168;0
03-27-2011 13:19;3;0
03-27-2011 13:20;7;0
03-27-2011 13:21;40;0
03-27-2011 13:22;16;0
03-27-2011 13:23;17;0
03-27-2011 13:24;24;0
03-27-2011 13:25;3;0
03-27-2011 13:26;5;0
03-27-2011 13:27;3;0
03-27-2011 13:28;52;0
03-27-2011 13:29;5;0
03-27-2011 13:30;93;0
03-27-2011 13:31;21;0
03-27-2011 13:32;28;0
03-27-2011 13:33;3;0
03-27-2011 13:34;21;0
03-27-2011 13:35;0;0
03-27-2011 13:36;10;0
03-27-2011 13:37;86;0
03-27-2011 13:38;19;0
03-27-2011 13:39;100;0
03-27-2011 13:40;9;0
03-27-2011 13:41;48;0
03-27-2011 13:42;0;0
03-27-2011 13:43;9;0
03-27-2011 13:44;80;0
03-27-2011 13:45;73;0
03-27-2011 13:46;31;0
03-27-2011 13:47;52;0
03-27-2011 13:48;157;0
03-27-2011 13:49;47;0
03-27-2011 13:50;97;0
03-27-2011 13:51;3;0
03-27-2011 13:52;80;0
03-27-2011 13:53;28;0
03-27-2011 13:54;55;0
03-27-2011 13:55;0;0
03-27-2011 13:56;62;0
03-27-2011 13:57;40;0
03-27-2011 13:58;42;0
03-27-2011 13:59;7;0
03-27-2011 14:00;189;0
03-27-2011 14:01;26;0
03-27-2011 14:02;22;0
03-27-2011 14:03;55;0
03-27-2011 14:04;189;0
03-27-2011 14:05;0;0
03-27-2011 14:06;3;0
03-27-2011 14:07;111;0
03-27-2011 14:08;66;0
03-27-2011 14:09;182;0
03-27-2011 14:10;36;0
03-27-2011 14:11;0;0
03-27-2011 14:12;40;0
03-27-2011 14:13;126;0
03-27-2011 14:14;131;0
03-27-2011 14:15;0;0
03-27-2011 14:16;22;0
03-27-2011 14:17;16;0
03-27-2011 14:18;33;0
03-27-2011 14:19;22;0
03-27-2011 14:20;12;0
03-27-2011 14:21;42;0
03-27-2011 14:22;31;0
03-27-2011 14:23;107;0
03-27-2011 14:24;5;0
03-27-2011 14:25;424;0
03-27-2011 14:26;62;0
03-27-2011 14:27;3;0
03-27-2011 14:28;9;0
03-27-2011 14:29;3;0
03-27-2011 14:30;73;0
03-27-2011 14:31;14;0
03-27-2011 14:32;47;0
03-27-2011 14:33;19;0
03-27-2011 14:34;16;0
03-27-2011 14:35;26;0
03-27-2011 14:36;0;0
03-27-2011 14:37;59;0
03-27-2011 14:38;90;0
03-27-2011 14:39;42;0
03-27-2011 14:40;0;0
03-27-2011 14:41;9;0
03-27-2011 14:42;42;0
03-27-2011 14:43;29;0
03-27-2011 14:44;48;0
03-27-2011 14:45;50;0
03-27-2011 14:46;26;0
03-27-2011 14:47;66;0
03-27-2011 14:48;33;0
03-27-2011 14:49;3;0
03-27-2011 14:50;0;0
03-27-2011 14:51;45;0
03-27-2011 14:52;9;0
03-27-2011 14:53;10;0
03-27-2011 14:54;80;0
03-27-2011 14:55;111;0
03-27-2011 14:56;195;0
03-27-2011 14:57;22;0
03-27-2011 14:58;0;0
03-27-2011 14:59;38;0
03-27-2011 15:00;31;0
03-27-2011 15:01;195;0
03-27-2011 15:02;76;0
03-27-2011 15:03;137;0
03-27-2011 15:04;73;0
03-27-2011 15:05;24;0
03-27-2011 15:06;100;0
03-27-2011 15:07;43;0
03-27-2011 15:08;48;0
03-27-2011 15:09;55;0
03-27-2011 15:10;83;0
03-27-2011 15:11;142;0
03-27-2011 15:12;31;0
03-27-2011 15:13;29;0
03-27-2011 15:14;17;0
03-27-2011 15:15;147;0
03-27-2011 15:16;54;0
03-27-2011 15:17;45;0
03-27-2011 15:18;43;0
03-27-2011 15:19;147;0
03-27-2011 15:20;142;0
03-27-2011 15:21;24;0
03-27-2011 15:22;31;0
03-27-2011 15:23;36;0
03-27-2011 15:24;3;0
03-27-2011 15:25;240;0
03-27-2011 15:26;451;0
03-27-2011 15:27;0;0
03-27-2011 15:28;16;0
03-27-2011 15:29;0;0
03-27-2011 15:30;73;0
03-27-2011 15:31;50;0
03-27-2011 15:32;19;0
03-27-2011 15:33;0;0
03-27-2011 15:34;16;0
03-27-2011 15:35;9;0
03-27-2011 15:36;12;0
03-27-2011 15:37;9;0
03-27-2011 15:38;86;0
03-27-2011 15:39;35;0
03-27-2011 15:40;31;0
03-27-2011 15:41;17;0
03-27-2011 15:42;9;0
03-27-2011 15:43;66;0
03-27-2011 15:44;28;0
03-27-2011 15:45;168;0
03-27-2011 15:46;163;0
03-27-2011 15:47;24;0
03-27-2011 15:48;24;0
03-27-2011 15:49;50;0
03-27-2011 15:50;0;0
03-27-2011 15:51;216;0
03-27-2011 15:52;50;0
03-27-2011 15:53;111;0
03-27-2011 15:54;163;0
03-27-2011 15:55;10;0
03-27-2011 15:56;232;0
03-27-2011 15:57;43;0
03-27-2011 15:58;24;0
03-27-2011 15:59;137;0
03-27-2011 16:00;83;0
03-27-2011 16:01;567;0
03-27-2011 16:02;69;0
03-27-2011 16:03;275;0
03-27-2011 16:04;54;0
03-27-2011 16:05;12;0
03-27-2011 16:06;86;0
03-27-2011 16:07;121;0
03-27-2011 16:08;29;0
03-27-2011 16:09;93;0
03-27-2011 16:10;43;0
03-27-2011 16:11;21;0
03-27-2011 16:12;48;0
03-27-2011 16:13;33;0
03-27-2011 16:14;16;0
03-27-2011 16:15;66;0
03-27-2011 16:16;3;0
03-27-2011 16:17;163;0
03-27-2011 16:18;17;0
03-27-2011 16:19;55;0
03-27-2011 16:20;33;0
03-27-2011 16:21;33;0
03-27-2011 16:22;50;0
03-27-2011 16:23;52;0
03-27-2011 16:24;40;0
03-27-2011 16:25;14;0
03-27-2011 16:26;14;0
03-27-2011 16:27;0;0
03-27-2011 16:28;80;0
03-27-2011 16:29;29;0
03-27-2011 16:30;33;0
03-27-2011 16:31;0;0
03-27-2011 16:32;0;0
03-27-2011 16:33;0;0
03-27-2011 16:34;31;0
03-27-2011 16:35;10;0
03-27-2011 16:36;83;0
03-27-2011 16:37;36;0
03-27-2011 16:38;3;0
03-27-2011 16:39;43;0
03-27-2011 16:40;35;0
03-27-2011 16:41;59;0
03-27-2011 16:42;249;0
03-27-2011 16:43;69;0
03-27-2011 16:44;38;0
03-27-2011 16:45;209;0
03-27-2011 16:46;62;0
03-27-2011 16:47;66;0
03-27-2011 16:48;16;0
03-27-2011 16:49;21;0
03-27-2011 16:50;31;0
03-27-2011 16:51;0;0
03-27-2011 16:52;22;0
03-27-2011 16:53;249;0
03-27-2011 16:54;0;0
03-27-2011 16:55;0;0
03-27-2011 16:56;35;0
03-27-2011 16:57;48;0
03-27-2011 16:58;14;0
03-27-2011 16:59;3;0
03-27-2011 17:00;47;0
03-27-2011 17:01;35;0
03-27-2011 17:02;567;0
03-27-2011 17:03;175;0
03-27-2011 17:04;116;0
03-27-2011 17:05;121;0
03-27-2011 17:06;0;0
03-27-2011 17:07;17;0
03-27-2011 17:08;0;0
03-27-2011 17:09;202;0
03-27-2011 17:10;16;0
03-27-2011 17:11;0;0
03-27-2011 17:12;152;0
03-27-2011 17:13;121;0
03-27-2011 17:14;52;0
03-27-2011 17:15;142;0
03-27-2011 17:16;104;0
03-27-2011 17:17;31;0
03-27-2011 17:18;33;0
03-27-2011 17:19;175;0
03-27-2011 17:20;384;0
03-27-2011 17:21;384;0
03-27-2011 17:22;147;0
03-27-2011 17:23;0;0
03-27-2011 17:24;90;0
03-27-2011 17:25;3;0
03-27-2011 17:26;24;0
03-27-2011 17:27;16;0
03-27-2011 17:28;22;0
03-27-2011 17:29;48;0
03-27-2011 17:30;14;0
03-27-2011 17:31;0;0
03-27-2011 17:32;3;0
03-27-2011 17:33;43;0
03-27-2011 17:34;10;0
03-27-2011 17:35;52;0
03-27-2011 17:36;0;0
03-27-2011 17:37;152;0
03-27-2011 17:38;28;0
03-27-2011 17:39;223;0
03-27-2011 17:40;294;0
03-27-2011 17:41;62;0
03-27-2011 17:42;24;0
03-27-2011 17:43;73;0
03-27-2011 17:44;24;0
03-27-2011 17:45;24;0
03-27-2011 17:46;0;0
03-27-2011 17:47;54;0
03-27-2011 17:48;0;0
03-27-2011 17:49;17;0
03-27-2011 17:50;97;0
03-27-2011 17:51;90;0
03-27-2011 17:52;0;0
03-27-2011 17:53;0;0
03-27-2011 17:54;202;0
03-27-2011 17:55;0;0
03-27-2011 17:56;54;0
03-27-2011 17:57;86;0
03-27-2011 17:58;33;0
03-27-2011 17:59;24;0
03-27-2011 18:00;48;0
03-27-2011 18:01;17;0
03-27-2011 18:02;59;0
03-27-2011 18:03;9;0
03-27-2011 18:04;69;0
03-27-2011 18:05;202;0
03-27-2011 18:06;209;0
03-27-2011 18:07;116;0
03-27-2011 18:08;232;0
03-27-2011 18:09;131;0
03-27-2011 18:10;126;0
03-27-2011 18:11;21;0
03-27-2011 18:12;168;0
03-27-2011 18:13;35;0
03-27-2011 18:14;59;0
03-27-2011 18:15;216;0
03-27-2011 18:16;19;0
03-27-2011 18:17;3;0
03-27-2011 18:18;3;0
03-27-2011 18:19;22;0
03-27-2011 18:20;59;0
03-27-2011 18:21;19;0
03-27-2011 18:22;111;0
03-27-2011 18:23;121;0
03-27-2011 18:24;47;0
03-27-2011 18:25;121;0
03-27-2011 18:26;189;0
03-27-2011 18:27;107;0
03-27-2011 18:28;62;0
03-27-2011 18:29;66;0
03-27-2011 18:30;10;0
03-27-2011 18:31;3;0
03-27-2011 18:32;189;0
03-27-2011 18:33;10;0
03-27-2011 18:34;24;0
03-27-2011 18:35;0;0
03-27-2011 18:36;3;0
03-27-2011 18:37;76;0
03-27-2011 18:38;28;0
03-27-2011 18:39;21;0
03-27-2011 18:40;9;0
03-27-2011 18:41;66;0
03-27-2011 18:42;0;0
03-27-2011 18:43;47;0
03-27-2011 18:44;62;0
03-27-2011 18:45;14;0
03-27-2011 18:46;62;0
03-27-2011 18:47;100;0
03-27-2011 18:48;76;0
03-27-2011 18:49;0;0
03-27-2011 18:50;55;0
03-27-2011 18:51;0;0
03-27-2011 18:52;21;0
03-27-2011 18:53;16;0
03-27-2011 18:54;31;0
03-27-2011 18:55;33;0
03-27-2011 18:56;100;0
03-27-2011 18:57;249;0
03-27-2011 18:58;0;0
03-27-2011 18:59;0;0
03-27-2011 19:00;104;0
03-27-2011 19:01;9;0
03-27-2011 19:02;24;0
03-27-2011 19:03;3;0
03-27-2011 19:04;189;0
03-27-2011 19:05;31;0
03-27-2011 19:06;0;0
03-27-2011 19:07;0;0
03-27-2011 19:08;0;0
03-27-2011 19:09;12;0
03-27-2011 19:10;121;0
03-27-2011 19:11;3;0
03-27-2011 19:12;28;0
03-27-2011 19:13;31;0
03-27-2011 19:14;0;0
03-27-2011 19:15;42;0
03-27-2011 19:16;189;0
03-27-2011 19:17;50;0
03-27-2011 19:18;66;0
03-27-2011 19:19;21;0
03-27-2011 19:20;10;0
03-27-2011 19:21;7;0
03-27-2011 19:22;3;0
03-27-2011 19:23;29;0
03-27-2011 19:24;40;0
03-27-2011 19:25;26;0
03-27-2011 19:26;3;0
03-27-2011 19:27;69;0
03-27-2011 19:28;59;0
03-27-2011 19:29;7;0
03-27-2011 19:30;93;0
03-27-2011 19:31;0;0
03-27-2011 19:32;14;0
03-27-2011 19:33;0;0
03-27-2011 19:34;80;0
03-27-2011 19:35;0;0
03-27-2011 19:36;76;0
03-27-2011 19:37;249;0
03-27-2011 19:38;24;0
03-27-2011 19:39;80;0
03-27-2011 19:40;126;0
03-27-2011 19:41;0;0
03-27-2011 19:42;55;0
03-27-2011 19:43;66;0
03-27-2011 19:44;315;0
03-27-2011 19:45;52;0
03-27-2011 19:46;16;0
03-27-2011 19:47;73;0
03-27-2011 19:48;16;0
03-27-2011 19:49;19;0
03-27-2011 19:50;5;0
03-27-2011 19:51;5;0
03-27-2011 19:52;3;0
03-27-2011 19:53;14;0
03-27-2011 19:54;21;0
03-27-2011 19:55;189;0
03-27-2011 19:56;97;0
03-27-2011 19:57;121;0
03-27-2011 19:58;152;0
03-27-2011 19:59;0;0
03-27-2011 20:00;107;0
03-27-2011 20:01;40;0
03-27-2011 20:02;38;0
03-27-2011 20:03;36;0
03-27-2011 20:04;26;0
03-27-2011 20:05;3;0
03-27-2011 20:06;0;0
03-27-2011 20:07;69;0
03-27-2011 20:08;62;0
03-27-2011 20:09;498;0
03-27-2011 20:10;0;0
03-27-2011 20:11;0;0
03-27-2011 20:12;3;0
03-27-2011 20:13;0;0
03-27-2011 20:14;0;0
03-27-2011 20:15;175;0
03-27-2011 20:16;16;0
03-27-2011 20:17;93;0
03-27-2011 20:18;29;0
03-27-2011 20:19;38;0
03-27-2011 20:20;42;0
03-27-2011 20:21;9;0
03-27-2011 20:22;28;0
03-27-2011 20:23;16;0
03-27-2011 20:24;50;0
03-27-2011 20:25;38;0
03-27-2011 20:26;28;0
03-27-2011 20:27;142;0
03-27-2011 20:28;10;0
03-27-2011 20:29;69;0
03-27-2011 20:30;35;0
03-27-2011 20:31;17;0
03-27-2011 20:32;10;0
03-27-2011 20:33;28;0
03-27-2011 20:34;100;0
03-27-2011 20:35;59;0
03-27-2011 20:36;76;0
03-27-2011 20:37;69;0
03-27-2011 20:38;42;0
03-27-2011 20:39;86;0
03-27-2011 20:40;10;0
03-27-2011 20:41;9;0
03-27-2011 20:42;0;0
03-27-2011 20:43;0;0
03-27-2011 20:44;0;0
03-27-2011 20:45;3;0
03-27-2011 20:46;76;0
03-27-2011 20:47;3;0
03-27-2011 20:48;3;0
03-27-2011 20:49;0;0
03-27-2011 20:50;0;0
03-27-2011 20:51;31;0
03-27-2011 20:52;73;0
03-27-2011 20:53;55;0
03-27-2011 20:54;0;0
03-27-2011 20:55;86;0
03-27-2011 20:56;10;0
03-27-2011 20:57;152;0
03-27-2011 20:58;3;0
03-27-2011 20:59;111;0
03-27-2011 21:00;10;0
03-27-2011 21:01;258;0
03-27-2011 21:02;889;1
03-27-2011 21:03;1221;1
03-27-2011 21:04;16;0
03-27-2011 21:05;0;0
03-27-2011 21:06;59;0
03-27-2011 21:07;348;0
03-27-2011 21:08;451;0
03-27-2011 21:09;605;1
03-27-2011 21:10;515;0
03-27-2011 21:11;533;0
03-27-2011 21:12;550;1
03-27-2011 21:13;624;1
03-27-2011 21:14;258;0
03-27-2011 21:15;315;0
03-27-2011 21:16;284;0
03-27-2011 21:17;438;0
03-27-2011 21:18;515;0
03-27-2011 21:19;498;0
03-27-2011 21:20;711;1
03-27-2011 21:21;711;1
03-27-2011 21:22;605;1
03-27-2011 21:23;348;0
03-27-2011 21:24;157;0
03-27-2011 21:25;586;1
03-27-2011 21:26;782;1
03-27-2011 21:27;889;1
03-27-2011 21:28;645;1
03-27-2011 21:29;157;0
03-27-2011 21:30;424;0
03-27-2011 21:31;315;0
03-27-2011 21:32;163;0
03-27-2011 21:33;83;0
03-27-2011 21:34;3;0
03-27-2011 21:35;3;0
03-27-2011 21:36;9;0
03-27-2011 21:37;17;0
03-27-2011 21:38;80;0
03-27-2011 21:39;28;0
03-27-2011 21:40;3;0
03-27-2011 21:41;0;0
03-27-2011 21:42;9;0
03-27-2011 21:43;0;0
03-27-2011 21:44;9;0
03-27-2011 21:45;10;0
03-27-2011 21:46;40;0
03-27-2011 21:47;90;0
03-27-2011 21:48;0;0
03-27-2011 21:49;0;0
03-27-2011 21:50;19;0
03-27-2011 21:51;33;0
03-27-2011 21:52;0;0
03-27-2011 21:53;73;0
03-27-2011 21:54;29;0
03-27-2011 21:55;0;0
03-27-2011 21:56;315;0
03-27-2011 21:57;325;0
03-27-2011 21:58;688;1
03-27-2011 21:59;1147;1
03-27-2011 22:00;258;0
03-27-2011 22:01;24;0
03-27-2011 22:02;29;0
03-27-2011 22:03;66;0
03-27-2011 22:04;3;0
03-27-2011 22:05;36;0
03-27-2011 22:06;7;0
03-27-2011 22:07;50;0
03-27-2011 22:08;216;0
03-27-2011 22:09;28;0
03-27-2011 22:10;0;0
03-27-2011 22:11;0;0
03-27-2011 22:12;104;0
03-27-2011 22:13;24;0
03-27-2011 22:14;9;0
03-27-2011 22:15;66;0
03-27-2011 22:16;0;0
03-27-2011 22:17;97;0
03-27-2011 22:18;7;0
03-27-2011 22:19;47;0
03-27-2011 22:20;29;0
03-27-2011 22:21;3;0
03-27-2011 22:22;90;0
03-27-2011 22:23;9;0
03-27-2011 22:24;0;0
03-27-2011 22:25;104;0
03-27-2011 22:26;73;0
03-27-2011 22:27;86;0
03-27-2011 22:28;80;0
03-27-2011 22:29;10;0
03-27-2011 22:30;3;0
03-27-2011 22:31;36;0
03-27-2011 22:32;40;0
03-27-2011 22:33;66;0
03-27-2011 22:34;86;0
03-27-2011 22:35;142;0
03-27-2011 22:36;0;0
03-27-2011 22:37;0;0
03-27-2011 22:38;16;0
03-27-2011 22:39;157;0
03-27-2011 22:40;93;0
03-27-2011 22:41;116;0
03-27-2011 22:42;42;0
03-27-2011 22:43;14;0
03-27-2011 22:44;9;0
03-27-2011 22:45;66;0
03-27-2011 22:46;40;0
03-27-2011 22:47;19;0
03-27-2011 22:48;73;0
03-27-2011 22:49;59;0
03-27-2011 22:50;73;0
03-27-2011 22:51;216;0
03-27-2011 22:52;175;0
03-27-2011 22:53;59;0
03-27-2011 22:54;304;0
03-27-2011 22:55;42;0
03-27-2011 22:56;3;0
03-27-2011 22:57;107;0
03-27-2011 22:58;0;0
03-27-2011 22:59;100;0
03-27-2011 23:00;47;0
03-27-2011 23:01;28;0
03-27-2011 23:02;223;0
03-27-2011 23:03;80;0
03-27-2011 23:04;163;0
03-27-2011 23:05;223;0
03-27-2011 23:06;360;0
03-27-2011 23:07;240;0
03-27-2011 23:08;163;0
03-27-2011 23:09;3;0
03-27-2011 23:10;0;0
03-27-2011 23:11;31;0
03-27-2011 23:12;0;0
03-27-2011 23:13;0;0
03-27-2011 23:14;86;0
03-27-2011 23:15;3;0
03-27-2011 23:16;249;0
03-27-2011 23:17;43;0
03-27-2011 23:18;107;0
03-27-2011 23:19;90;0
03-27-2011 23:20;86;0
03-27-2011 23:21;0;0
03-27-2011 23:22;19;0
03-27-2011 23:23;131;0
03-27-2011 23:24;66;0
03-27-2011 23:25;40;0
03-27-2011 23:26;0;0
03-27-2011 23:27;294;0
03-27-2011 23:28;17;0
03-27-2011 23:29;0;0
03-27-2011 23:30;121;0
03-27-2011 23:31;35;0
03-27-2011 23:32;223;0
03-27-2011 23:33;19;0
03-27-2011 23:34;45;0
03-27-2011 23:35;83;0
03-27-2011 23:36;0;0
03-27-2011 23:37;182;0
03-27-2011 23:38;40;0
03-27-2011 23:39;80;0
03-27-2011 23:40;22;0
03-27-2011 23:41;9;0
03-27-2011 23:42;42;0
03-27-2011 23:43;10;0
03-27-2011 23:44;76;0
03-27-2011 23:45;0;0
03-27-2011 23:46;0;0
03-27-2011 23:47;0;0
03-27-2011 23:48;36;0
03-27-2011 23:49;10;0
03-27-2011 23:50;66;0
03-27-2011 23:51;195;0
03-27-2011 23:52;59;0
03-27-2011 23:53;131;0
03-27-2011 23:54;28;0
03-27-2011 23:55;86;0
03-27-2011 23:56;142;0
03-27-2011 23:57;42;0
03-27-2011 23:58;104;0
03-27-2011 23:59;424;0
03-28-2011 00:00;294;0
03-28-2011 00:01;0;0
03-28-2011 00:02;10;0
03-28-2011 00:03;38;0
03-28-2011 00:04;0;0
03-28-2011 00:05;0;0
03-28-2011 00:06;43;0
03-28-2011 00:07;19;0
03-28-2011 00:08;104;0
03-28-2011 00:09;107;0
03-28-2011 00:10;73;0
03-28-2011 00:11;168;0
03-28-2011 00:12;223;0
03-28-2011 00:13;666;1
03-28-2011 00:14;189;0
03-28-2011 00:15;9;0
03-28-2011 00:16;266;0
03-28-2011 00:17;304;0
03-28-2011 00:18;515;0
03-28-2011 00:19;131;0
03-28-2011 00:20;33;0
03-28-2011 00:21;240;0
03-28-2011 00:22;0;0
03-28-2011 00:23;0;0
03-28-2011 00:24;0;0
03-28-2011 00:25;0;0
03-28-2011 00:26;0;0
03-28-2011 00:27;0;0
03-28-2011 00:28;52;0
03-28-2011 00:29;5;0
03-28-2011 00:30;0;0
03-28-2011 00:31;42;0
03-28-2011 00:32;9;0
03-28-2011 00:33;16;0
03-28-2011 00:34;202;0
03-28-2011 00:35;90;0
03-28-2011 00:36;12;0
03-28-2011 00:37;69;0
03-28-2011 00:38;0;0
03-28-2011 00:39;0;0
03-28-2011 00:40;5;0
03-28-2011 00:41;24;0
03-28-2011 00:42;69;0
03-28-2011 00:43;126;0
03-28-2011 00:44;249;0
03-28-2011 00:45;66;0
03-28-2011 00:46;86;0
03-28-2011 00:47;50;0
03-28-2011 00:48;66;0
03-28-2011 00:49;9;0
03-28-2011 00:50;116;0
03-28-2011 00:51;21;0
03-28-2011 00:52;3;0
03-28-2011 00:53;38;0
03-28-2011 00:54;69;0
03-28-2011 00:55;86;0
03-28-2011 00:56;31;0
03-28-2011 00:57;116;0
03-28-2011 00:58;73;0
03-28-2011 00:59;48;0
03-28-2011 01:00;31;0
03-28-2011 01:01;0;0
03-28-2011 01:02;0;0
03-28-2011 01:03;76;0
03-28-2011 01:04;76;0
03-28-2011 01:05;12;0
03-28-2011 01:06;28;0
03-28-2011 01:07;0;0
03-28-2011 01:08;36;0
03-28-2011 01:09;66;0
03-28-2011 01:10;0;0
03-28-2011 01:11;3;0
03-28-2011 01:12;10;0
03-28-2011 01:13;26;0
03-28-2011 01:14;0;0
03-28-2011 01:15;1010;1
03-28-2011 01:16;45;0
03-28-2011 01:17;48;0
03-28-2011 01:18;22;0
03-28-2011 01:19;258;0
03-28-2011 01:20;175;0
03-28-2011 01:21;175;0
03-28-2011 01:22;45;0
03-28-2011 01:23;275;0
03-28-2011 01:24;59;0
03-28-2011 01:25;111;0
03-28-2011 01:26;410;0
03-28-2011 01:27;498;0
03-28-2011 01:28;29;0
03-28-2011 01:29;29;0
03-28-2011 01:30;111;0
03-28-2011 01:31;424;0
03-28-2011 01:32;38;0
03-28-2011 01:33;0;0
03-28-2011 01:34;137;0
03-28-2011 01:35;152;0
03-28-2011 01:36;0;0
03-28-2011 01:37;0;0
03-28-2011 01:38;43;0
03-28-2011 01:39;3;0
03-28-2011 01:40;121;0
03-28-2011 01:41;0;0
03-28-2011 01:42;0;0
03-28-2011 01:43;0;0
03-28-2011 01:44;33;0
03-28-2011 01:45;0;0
03-28-2011 01:46;0;0
03-28-2011 01:47;24;0
03-28-2011 01:48;0;0
03-28-2011 01:49;0;0
03-28-2011 01:50;28;0
03-28-2011 01:51;0;0
03-28-2011 01:52;24;0
03-28-2011 01:53;0;0
03-28-2011 01:54;0;0
03-28-2011 01:55;0;0
03-28-2011 01:56;0;0
03-28-2011 01:57;131;0
03-28-2011 01:58;83;0
03-28-2011 01:59;0;0
03-28-2011 02:00;0;0
03-28-2011 02:01;33;0
03-28-2011 02:02;22;0
03-28-2011 02:03;33;0
03-28-2011 02:04;111;0
03-28-2011 02:05;3;0
03-28-2011 02:06;0;0
03-28-2011 02:07;0;0
03-28-2011 02:08;0;0
03-28-2011 02:09;0;0
03-28-2011 02:10;0;0
03-28-2011 02:11;83;0
03-28-2011 02:12;54;0
03-28-2011 02:13;26;0
03-28-2011 02:14;10;0
03-28-2011 02:15;36;0
03-28-2011 02:16;19;0
03-28-2011 02:17;0;0
03-28-2011 02:18;0;0
03-28-2011 02:19;209;0
03-28-2011 02:20;59;0
03-28-2011 02:21;168;0
03-28-2011 02:22;131;0
03-28-2011 02:23;111;0
03-28-2011 02:24;152;0
03-28-2011 02:25;223;0
03-28-2011 02:26;182;0
03-28-2011 02:27;62;0
03-28-2011 02:28;121;0
03-28-2011 02:29;83;0
03-28-2011 02:30;35;0
03-28-2011 02:31;83;0
03-28-2011 02:32;86;0
03-28-2011 02:33;3;0
03-28-2011 02:34;31;0
03-28-2011 02:35;93;0
03-28-2011 02:36;59;0
03-28-2011 02:37;45;0
03-28-2011 02:38;28;0
03-28-2011 02:39;26;0
03-28-2011 02:40;52;0
03-28-2011 02:41;73;0
03-28-2011 02:42;5;0
03-28-2011 02:43;0;0
03-28-2011 02:44;10;0
03-28-2011 02:45;0;0
03-28-2011 02:46;36;0
03-28-2011 02:47;55;0
03-28-2011 02:48;10;0
03-28-2011 02:49;55;0
03-28-2011 02:50;76;0
03-28-2011 02:51;107;0
03-28-2011 02:52;147;0
03-28-2011 02:53;116;0
03-28-2011 02:54;396;0
03-28-2011 02:55;93;0
03-28-2011 02:56;0;0
03-28-2011 02:57;0;0
03-28-2011 02:58;0;0
03-28-2011 02:59;0;0
03-28-2011 03:00;0;0
03-28-2011 03:01;0;0
03-28-2011 03:02;0;0
03-28-2011 03:03;0;0
03-28-2011 03:04;0;0
03-28-2011 03:05;0;0
03-28-2011 03:06;0;0
03-28-2011 03:07;0;0
03-28-2011 03:08;0;0
03-28-2011 03:09;0;0
03-28-2011 03:10;0;0
03-28-2011 03:11;0;0
03-28-2011 03:12;0;0
03-28-2011 03:13;0;0
03-28-2011 03:14;69;0
03-28-2011 03:15;209;0
03-28-2011 03:16;0;0
03-28-2011 03:17;0;0
03-28-2011 03:18;0;0
03-28-2011 03:19;0;0
03-28-2011 03:20;0;0
03-28-2011 03:21;0;0
03-28-2011 03:22;0;0
03-28-2011 03:23;0;0
03-28-2011 03:24;0;0
03-28-2011 03:25;0;0
03-28-2011 03:26;0;0
03-28-2011 03:27;0;0
03-28-2011 03:28;0;0
03-28-2011 03:29;104;0
03-28-2011 03:30;0;0
03-28-2011 03:31;0;0
03-28-2011 03:32;0;0
03-28-2011 03:33;0;0
03-28-2011 03:34;0;0
03-28-2011 03:35;0;0
03-28-2011 03:36;0;0
03-28-2011 03:37;0;0
03-28-2011 03:38;0;0
03-28-2011 03:39;0;0
03-28-2011 03:40;0;0
03-28-2011 03:41;0;0
03-28-2011 03:42;0;0
03-28-2011 03:43;0;0
03-28-2011 03:44;0;0
03-28-2011 03:45;0;0
03-28-2011 03:46;0;0
03-28-2011 03:47;0;0
03-28-2011 03:48;0;0
03-28-2011 03:49;0;0
03-28-2011 03:50;0;0
03-28-2011 03:51;0;0
03-28-2011 03:52;0;0
03-28-2011 03:53;0;0
03-28-2011 03:54;0;0
03-28-2011 03:55;17;0
03-28-2011 03:56;0;0
03-28-2011 03:57;0;0
03-28-2011 03:58;0;0
03-28-2011 03:59;0;0
03-28-2011 04:00;0;0
03-28-2011 04:01;0;0
03-28-2011 04:02;17;0
03-28-2011 04:03;31;0
03-28-2011 04:04;0;0
03-28-2011 04:05;0;0
03-28-2011 04:06;0;0
03-28-2011 04:07;0;0
03-28-2011 04:08;0;0
03-28-2011 04:09;0;0
03-28-2011 04:10;0;0
03-28-2011 04:11;0;0
03-28-2011 04:12;0;0
03-28-2011 04:13;0;0
03-28-2011 04:14;0;0
03-28-2011 04:15;0;0
03-28-2011 04:16;137;0
03-28-2011 04:17;97;0
03-28-2011 04:18;0;0
03-28-2011 04:19;0;0
03-28-2011 04:20;3;0
03-28-2011 04:21;47;0
03-28-2011 04:22;0;0
03-28-2011 04:23;0;0
03-28-2011 04:24;0;0
03-28-2011 04:25;0;0
03-28-2011 04:26;0;0
03-28-2011 04:27;0;0
03-28-2011 04:28;0;0
03-28-2011 04:29;0;0
03-28-2011 04:30;31;0
03-28-2011 04:31;86;0
03-28-2011 04:32;3;0
03-28-2011 04:33;0;0
03-28-2011 04:34;7;0
03-28-2011 04:35;0;0
03-28-2011 04:36;0;0
03-28-2011 04:37;0;0
03-28-2011 04:38;0;0
03-28-2011 04:39;0;0
03-28-2011 04:40;0;0
03-28-2011 04:41;0;0
03-28-2011 04:42;0;0
03-28-2011 04:43;0;0
03-28-2011 04:44;22;0
03-28-2011 04:45;336;0
03-28-2011 04:46;315;0
03-28-2011 04:47;0;0
03-28-2011 04:48;48;0
03-28-2011 04:49;0;0
03-28-2011 04:50;0;0
03-28-2011 04:51;0;0
03-28-2011 04:52;0;0
03-28-2011 04:53;483;0
03-28-2011 04:54;266;0
03-28-2011 04:55;0;0
03-28-2011 04:56;0;0
03-28-2011 04:57;0;0
03-28-2011 04:58;0;0
03-28-2011 04:59;0;0
03-28-2011 05:00;152;0
03-28-2011 05:01;0;0
03-28-2011 05:02;0;0
03-28-2011 05:03;0;0
03-28-2011 05:04;0;0
03-28-2011 05:05;0;0
03-28-2011 05:06;0;0
03-28-2011 05:07;0;0
03-28-2011 05:08;0;0
03-28-2011 05:09;0;0
03-28-2011 05:10;0;0
03-28-2011 05:11;0;0
03-28-2011 05:12;0;0
03-28-2011 05:13;0;0
03-28-2011 05:14;0;0
03-28-2011 05:15;0;0
03-28-2011 05:16;0;0
03-28-2011 05:17;0;0
03-28-2011 05:18;0;0
03-28-2011 05:19;0;0
03-28-2011 05:20;0;0
03-28-2011 05:21;90;0
03-28-2011 05:22;0;0
03-28-2011 05:23;0;0
03-28-2011 05:24;0;0
03-28-2011 05:25;0;0
03-28-2011 05:26;0;0
03-28-2011 05:27;152;0
03-28-2011 05:28;0;0
03-28-2011 05:29;0;0
03-28-2011 05:30;0;0
03-28-2011 05:31;0;0
03-28-2011 05:32;29;0
03-28-2011 05:33;0;0
03-28-2011 05:34;0;0
03-28-2011 05:35;0;0
03-28-2011 05:36;0;0
03-28-2011 05:37;137;0
03-28-2011 05:38;0;0
03-28-2011 05:39;137;0
03-28-2011 05:40;0;0
03-28-2011 05:41;0;0
03-28-2011 05:42;0;0
03-28-2011 05:43;0;0
03-28-2011 05:44;0;0
03-28-2011 05:45;0;0
03-28-2011 05:46;202;0
03-28-2011 05:47;16;0
03-28-2011 05:48;86;0
03-28-2011 05:49;0;0
03-28-2011 05:50;0;0
03-28-2011 05:51;0;0
03-28-2011 05:52;0;0
03-28-2011 05:53;0;0
03-28-2011 05:54;0;0
03-28-2011 05:55;0;0
03-28-2011 05:56;0;0
03-28-2011 05:57;0;0
03-28-2011 05:58;0;0
03-28-2011 05:59;0;0
03-28-2011 06:00;0;0
03-28-2011 06:01;0;0
03-28-2011 06:02;0;0
03-28-2011 06:03;0;0
03-28-2011 06:04;0;0
03-28-2011 06:05;0;0
03-28-2011 06:06;0;0
03-28-2011 06:07;0;0
03-28-2011 06:08;0;0
03-28-2011 06:09;0;0
03-28-2011 06:10;0;0
03-28-2011 06:11;223;0
03-28-2011 06:12;410;0
03-28-2011 06:13;111;0
03-28-2011 06:14;0;0
03-28-2011 06:15;0;0
03-28-2011 06:16;0;0
03-28-2011 06:17;0;0
03-28-2011 06:18;0;0
03-28-2011 06:19;0;0
03-28-2011 06:20;0;0
03-28-2011 06:21;0;0
03-28-2011 06:22;0;0
03-28-2011 06:23;0;0
03-28-2011 06:24;0;0
03-28-2011 06:25;0;0
03-28-2011 06:26;0;0
03-28-2011 06:27;80;0
03-28-2011 06:28;0;0
03-28-2011 06:29;0;0
03-28-2011 06:30;0;0
03-28-2011 06:31;0;0
03-28-2011 06:32;0;0
03-28-2011 06:33;0;0
03-28-2011 06:34;0;0
03-28-2011 06:35;0;0
03-28-2011 06:36;0;0
03-28-2011 06:37;0;0
03-28-2011 06:38;0;0
03-28-2011 06:39;73;0
03-28-2011 06:40;0;0
03-28-2011 06:41;0;0
03-28-2011 06:42;0;0
03-28-2011 06:43;0;0
03-28-2011 06:44;0;0
03-28-2011 06:45;0;0
03-28-2011 06:46;0;0
03-28-2011 06:47;0;0
03-28-2011 06:48;0;0
03-28-2011 06:49;0;0
03-28-2011 06:50;0;0
03-28-2011 06:51;0;0
03-28-2011 06:52;0;0
03-28-2011 06:53;0;0
03-28-2011 06:54;0;0
03-28-2011 06:55;0;0
03-28-2011 06:56;62;0
03-28-2011 06:57;0;0
03-28-2011 06:58;0;0
03-28-2011 06:59;0;0
03-28-2011 07:00;0;0
03-28-2011 07:01;0;0
03-28-2011 07:02;0;0
03-28-2011 07:03;0;0
03-28-2011 07:04;0;0
03-28-2011 07:05;0;0
03-28-2011 07:06;0;0
03-28-2011 07:07;0;0
03-28-2011 07:08;0;0
03-28-2011 07:09;5;0
03-28-2011 07:10;0;0
03-28-2011 07:11;0;0
03-28-2011 07:12;0;0
03-28-2011 07:13;0;0
03-28-2011 07:14;0;0
03-28-2011 07:15;142;0
03-28-2011 07:16;0;0
03-28-2011 07:17;0;0
03-28-2011 07:18;5;0
03-28-2011 07:19;0;0
03-28-2011 07:20;0;0
03-28-2011 07:21;0;0
03-28-2011 07:22;266;0
03-28-2011 07:23;0;0
03-28-2011 07:24;104;0
03-28-2011 07:25;240;0
03-28-2011 07:26;0;0
03-28-2011 07:27;0;0
03-28-2011 07:28;0;0
03-28-2011 07:29;0;0
03-28-2011 07:30;97;0
03-28-2011 07:31;24;0
03-28-2011 07:32;284;0
03-28-2011 07:33;29;0
03-28-2011 07:34;147;0
03-28-2011 07:35;126;0
03-28-2011 07:36;111;0
03-28-2011 07:37;189;0
03-28-2011 07:38;467;0
03-28-2011 07:39;1043;1
03-28-2011 07:40;1043;1
03-28-2011 07:41;733;1
03-28-2011 07:42;834;1
03-28-2011 07:43;59;0
03-28-2011 07:44;202;0
03-28-2011 07:45;711;1
03-28-2011 07:46;567;0
03-28-2011 07:47;758;1
03-28-2011 07:48;275;0
03-28-2011 07:49;315;0
03-28-2011 07:50;451;0
03-28-2011 07:51;688;1
03-28-2011 07:52;2674;1
03-28-2011 07:53;360;0
03-28-2011 07:54;861;1
03-28-2011 07:55;126;0
03-28-2011 07:56;152;0
03-28-2011 07:57;111;0
03-28-2011 07:58;223;0
03-28-2011 07:59;175;0
03-28-2011 08:00;0;0
03-28-2011 08:01;33;0
03-28-2011 08:02;19;0
03-28-2011 08:03;0;0
03-28-2011 08:04;0;0
03-28-2011 08:05;0;0
03-28-2011 08:06;3;0
03-28-2011 08:07;1076;1
03-28-2011 08:08;834;1
03-28-2011 08:09;711;1
03-28-2011 08:10;467;0
03-28-2011 08:11;147;0
03-28-2011 08:12;624;1
03-28-2011 08:13;3;0
03-28-2011 08:14;17;0
03-28-2011 08:15;5;0
03-28-2011 08:16;47;0
03-28-2011 08:17;126;0
03-28-2011 08:18;195;0
03-28-2011 08:19;666;1
03-28-2011 08:20;645;1
03-28-2011 08:21;834;1
03-28-2011 08:22;1043;1
03-28-2011 08:23;1221;1
03-28-2011 08:24;979;1
03-28-2011 08:25;315;0
03-28-2011 08:26;834;1
03-28-2011 08:27;979;1
03-28-2011 08:28;645;1
03-28-2011 08:29;758;1
03-28-2011 08:30;624;1
03-28-2011 08:31;733;1
03-28-2011 08:32;1342;1
03-28-2011 08:33;410;0
03-28-2011 08:34;182;0
03-28-2011 08:35;266;0
03-28-2011 08:36;533;0
03-28-2011 08:37;834;1
03-28-2011 08:38;666;1
03-28-2011 08:39;73;0
03-28-2011 08:40;918;1
03-28-2011 08:41;624;1
03-28-2011 08:42;533;0
03-28-2011 08:43;168;0
03-28-2011 08:44;438;0
03-28-2011 08:45;758;1
03-28-2011 08:46;666;1
03-28-2011 08:47;182;0
03-28-2011 08:48;31;0
03-28-2011 08:49;567;0
03-28-2011 08:50;758;1
03-28-2011 08:51;168;0
03-28-2011 08:52;223;0
03-28-2011 08:53;467;0
03-28-2011 08:54;533;0
03-28-2011 08:55;424;0
03-28-2011 08:56;336;0
03-28-2011 08:57;325;0
03-28-2011 08:58;424;0
03-28-2011 08:59;1147;1
03-28-2011 09:00;258;0
03-28-2011 09:01;284;0
03-28-2011 09:02;348;0
03-28-2011 09:03;240;0
03-28-2011 09:04;163;0
03-28-2011 09:05;396;0
03-28-2011 09:06;315;0
03-28-2011 09:07;372;0
03-28-2011 09:08;467;0
03-28-2011 09:09;126;0
03-28-2011 09:10;126;0
03-28-2011 09:11;275;0
03-28-2011 09:12;86;0
03-28-2011 09:13;410;0
03-28-2011 09:14;325;0
03-28-2011 09:15;567;0
03-28-2011 09:16;711;1
03-28-2011 09:17;711;1
03-28-2011 09:18;948;1
03-28-2011 09:19;711;1
03-28-2011 09:20;624;1
03-28-2011 09:21;711;1
03-28-2011 09:22;782;1
03-28-2011 09:23;1183;1
03-28-2011 09:24;1839;1
03-28-2011 09:25;1522;1
03-28-2011 09:26;1475;1
03-28-2011 09:27;1522;1
03-28-2011 09:28;1221;1
03-28-2011 09:29;1386;1
03-28-2011 09:30;424;0
03-28-2011 09:31;111;0
03-28-2011 09:32;666;1
03-28-2011 09:33;666;1
03-28-2011 09:34;948;1
03-28-2011 09:35;1183;1
03-28-2011 09:36;12;0
03-28-2011 09:37;0;0
03-28-2011 09:38;0;0
03-28-2011 09:39;0;0
03-28-2011 09:40;249;0
03-28-2011 09:41;104;0
03-28-2011 09:42;294;0
03-28-2011 09:43;147;0
03-28-2011 09:44;116;0
03-28-2011 09:45;121;0
03-28-2011 09:46;808;1
03-28-2011 09:47;1475;1
03-28-2011 09:48;1958;1
03-28-2011 09:49;1261;1
03-28-2011 09:50;14;0
03-28-2011 09:51;42;0
03-28-2011 09:52;76;0
03-28-2011 09:53;24;0
03-28-2011 09:54;16;0
03-28-2011 09:55;97;0
03-28-2011 09:56;258;0
03-28-2011 09:57;9;0
03-28-2011 09:58;834;1
03-28-2011 09:59;1010;1
03-28-2011 10:00;19;0
03-28-2011 10:01;0;0
03-28-2011 10:02;0;0
03-28-2011 10:03;0;0
03-28-2011 10:04;3;0
03-28-2011 10:05;0;0
03-28-2011 10:06;0;0
03-28-2011 10:07;3;0
03-28-2011 10:08;0;0
03-28-2011 10:09;3;0
03-28-2011 10:10;0;0
03-28-2011 10:11;0;0
03-28-2011 10:12;76;0
03-28-2011 10:13;979;1
03-28-2011 10:14;834;1
03-28-2011 10:15;666;1
03-28-2011 10:16;918;1
03-28-2011 10:17;586;1
03-28-2011 10:18;733;1
03-28-2011 10:19;605;1
03-28-2011 10:20;605;1
03-28-2011 10:21;688;1
03-28-2011 10:22;624;1
03-28-2011 10:23;758;1
03-28-2011 10:24;515;0
03-28-2011 10:25;515;0
03-28-2011 10:26;567;0
03-28-2011 10:27;758;1
03-28-2011 10:28;624;1
03-28-2011 10:29;515;0
03-28-2011 10:30;533;0
03-28-2011 10:31;348;0
03-28-2011 10:32;360;0
03-28-2011 10:33;918;1
03-28-2011 10:34;645;1
03-28-2011 10:35;948;1
03-28-2011 10:36;483;0
03-28-2011 10:37;19;0
03-28-2011 10:38;43;0
03-28-2011 10:39;62;0
03-28-2011 10:40;336;0
03-28-2011 10:41;121;0
03-28-2011 10:42;21;0
03-28-2011 10:43;62;0
03-28-2011 10:44;76;0
03-28-2011 10:45;97;0
03-28-2011 10:46;14;0
03-28-2011 10:47;59;0
03-28-2011 10:48;93;0
03-28-2011 10:49;605;1
03-28-2011 10:50;605;1
03-28-2011 10:51;52;0
03-28-2011 10:52;47;0
03-28-2011 10:53;107;0
03-28-2011 10:54;14;0
03-28-2011 10:55;9;0
03-28-2011 10:56;40;0
03-28-2011 10:57;189;0
03-28-2011 10:58;137;0
03-28-2011 10:59;137;0
03-28-2011 11:00;76;0
03-28-2011 11:01;10;0
03-28-2011 11:02;163;0
03-28-2011 11:03;12;0
03-28-2011 11:04;116;0
03-28-2011 11:05;372;0
03-28-2011 11:06;152;0
03-28-2011 11:07;14;0
03-28-2011 11:08;284;0
03-28-2011 11:09;195;0
03-28-2011 11:10;315;0
03-28-2011 11:11;0;0
03-28-2011 11:12;59;0
03-28-2011 11:13;97;0
03-28-2011 11:14;0;0
03-28-2011 11:15;93;0
03-28-2011 11:16;195;0
03-28-2011 11:17;17;0
03-28-2011 11:18;19;0
03-28-2011 11:19;111;0
03-28-2011 11:20;31;0
03-28-2011 11:21;3;0
03-28-2011 11:22;3;0
03-28-2011 11:23;0;0
03-28-2011 11:24;16;0
03-28-2011 11:25;116;0
03-28-2011 11:26;76;0
03-28-2011 11:27;86;0
03-28-2011 11:28;157;0
03-28-2011 11:29;9;0
03-28-2011 11:30;3;0
03-28-2011 11:31;24;0
03-28-2011 11:32;52;0
03-28-2011 11:33;9;0
03-28-2011 11:34;19;0
03-28-2011 11:35;14;0
03-28-2011 11:36;24;0
03-28-2011 11:37;3;0
03-28-2011 11:38;107;0
03-28-2011 11:39;550;1
03-28-2011 11:40;69;0
03-28-2011 11:41;69;0
03-28-2011 11:42;195;0
03-28-2011 11:43;40;0
03-28-2011 11:44;0;0
03-28-2011 11:45;3;0
03-28-2011 11:46;111;0
03-28-2011 11:47;3;0
03-28-2011 11:48;38;0
03-28-2011 11:49;48;0
03-28-2011 11:50;137;0
03-28-2011 11:51;111;0
03-28-2011 11:52;29;0
03-28-2011 11:53;33;0
03-28-2011 11:54;9;0
03-28-2011 11:55;3;0
03-28-2011 11:56;55;0
03-28-2011 11:57;3;0
03-28-2011 11:58;9;0
03-28-2011 11:59;3;0
03-28-2011 12:00;73;0
03-28-2011 12:01;80;0
03-28-2011 12:02;126;0
03-28-2011 12:03;76;0
03-28-2011 12:04;50;0
03-28-2011 12:05;73;0
03-28-2011 12:06;69;0
03-28-2011 12:07;38;0
03-28-2011 12:08;3;0
03-28-2011 12:09;36;0
03-28-2011 12:10;107;0
03-28-2011 12:11;0;0
03-28-2011 12:12;209;0
03-28-2011 12:13;182;0
03-28-2011 12:14;232;0
03-28-2011 12:15;195;0
03-28-2011 12:16;121;0
03-28-2011 12:17;396;0
03-28-2011 12:18;142;0
03-28-2011 12:19;168;0
03-28-2011 12:20;90;0
03-28-2011 12:21;47;0
03-28-2011 12:22;3;0
03-28-2011 12:23;0;0
03-28-2011 12:24;126;0
03-28-2011 12:25;14;0
03-28-2011 12:26;62;0
03-28-2011 12:27;55;0
03-28-2011 12:28;83;0
03-28-2011 12:29;76;0
03-28-2011 12:30;55;0
03-28-2011 12:31;157;0
03-28-2011 12:32;216;0
03-28-2011 12:33;35;0
03-28-2011 12:34;47;0
03-28-2011 12:35;116;0
03-28-2011 12:36;14;0
03-28-2011 12:37;14;0
03-28-2011 12:38;304;0
03-28-2011 12:39;47;0
03-28-2011 12:40;33;0
03-28-2011 12:41;157;0
03-28-2011 12:42;258;0
03-28-2011 12:43;336;0
03-28-2011 12:44;126;0
03-28-2011 12:45;284;0
03-28-2011 12:46;40;0
03-28-2011 12:47;182;0
03-28-2011 12:48;97;0
03-28-2011 12:49;93;0
03-28-2011 12:50;97;0
03-28-2011 12:51;48;0
03-28-2011 12:52;66;0
03-28-2011 12:53;9;0
03-28-2011 12:54;258;0
03-28-2011 12:55;12;0
03-28-2011 12:56;0;0
03-28-2011 12:57;59;0
03-28-2011 12:58;66;0
03-28-2011 12:59;142;0
03-28-2011 13:00;3;0
03-28-2011 13:01;189;0
03-28-2011 13:02;29;0
03-28-2011 13:03;42;0
03-28-2011 13:04;36;0
03-28-2011 13:05;116;0
03-28-2011 13:06;45;0
03-28-2011 13:07;202;0
03-28-2011 13:08;142;0
03-28-2011 13:09;24;0
03-28-2011 13:10;73;0
03-28-2011 13:11;131;0
03-28-2011 13:12;126;0
03-28-2011 13:13;126;0
03-28-2011 13:14;111;0
03-28-2011 13:15;26;0
03-28-2011 13:16;28;0
03-28-2011 13:17;10;0
03-28-2011 13:18;59;0
03-28-2011 13:19;26;0
03-28-2011 13:20;31;0
03-28-2011 13:21;26;0
03-28-2011 13:22;126;0
03-28-2011 13:23;0;0
03-28-2011 13:24;3;0
03-28-2011 13:25;97;0
03-28-2011 13:26;5;0
03-28-2011 13:27;0;0
03-28-2011 13:28;0;0
03-28-2011 13:29;24;0
03-28-2011 13:30;48;0
03-28-2011 13:31;66;0
03-28-2011 13:32;73;0
03-28-2011 13:33;24;0
03-28-2011 13:34;36;0
03-28-2011 13:35;47;0
03-28-2011 13:36;73;0
03-28-2011 13:37;33;0
03-28-2011 13:38;111;0
03-28-2011 13:39;86;0
03-28-2011 13:40;189;0
03-28-2011 13:41;33;0
03-28-2011 13:42;55;0
03-28-2011 13:43;12;0
03-28-2011 13:44;76;0
03-28-2011 13:45;38;0
03-28-2011 13:46;50;0
03-28-2011 13:47;29;0
03-28-2011 13:48;275;0
03-28-2011 13:49;33;0
03-28-2011 13:50;59;0
03-28-2011 13:51;137;0
03-28-2011 13:52;152;0
03-28-2011 13:53;111;0
03-28-2011 13:54;59;0
03-28-2011 13:55;116;0
03-28-2011 13:56;73;0
03-28-2011 13:57;202;0
03-28-2011 13:58;29;0
03-28-2011 13:59;17;0
03-28-2011 14:00;80;0
03-28-2011 14:01;19;0
03-28-2011 14:02;10;0
03-28-2011 14:03;21;0
03-28-2011 14:04;93;0
03-28-2011 14:05;16;0
03-28-2011 14:06;40;0
03-28-2011 14:07;0;0
03-28-2011 14:08;43;0
03-28-2011 14:09;66;0
03-28-2011 14:10;33;0
03-28-2011 14:11;0;0
03-28-2011 14:12;0;0
03-28-2011 14:13;54;0
03-28-2011 14:14;182;0
03-28-2011 14:15;83;0
03-28-2011 14:16;59;0
03-28-2011 14:17;45;0
03-28-2011 14:18;38;0
03-28-2011 14:19;152;0
03-28-2011 14:20;22;0
03-28-2011 14:21;66;0
03-28-2011 14:22;16;0
03-28-2011 14:23;59;0
03-28-2011 14:24;16;0
03-28-2011 14:25;26;0
03-28-2011 14:26;410;0
03-28-2011 14:27;195;0
03-28-2011 14:28;142;0
03-28-2011 14:29;195;0
03-28-2011 14:30;0;0
03-28-2011 14:31;12;0
03-28-2011 14:32;83;0
03-28-2011 14:33;104;0
03-28-2011 14:34;182;0
03-28-2011 14:35;104;0
03-28-2011 14:36;76;0
03-28-2011 14:37;66;0
03-28-2011 14:38;100;0
03-28-2011 14:39;315;0
03-28-2011 14:40;168;0
03-28-2011 14:41;21;0
03-28-2011 14:42;48;0
03-28-2011 14:43;202;0
03-28-2011 14:44;83;0
03-28-2011 14:45;21;0
03-28-2011 14:46;93;0
03-28-2011 14:47;240;0
03-28-2011 14:48;249;0
03-28-2011 14:49;0;0
03-28-2011 14:50;240;0
03-28-2011 14:51;498;0
03-28-2011 14:52;189;0
03-28-2011 14:53;175;0
03-28-2011 14:54;17;0
03-28-2011 14:55;66;0
03-28-2011 14:56;182;0
03-28-2011 14:57;86;0
03-28-2011 14:58;116;0
03-28-2011 14:59;22;0
03-28-2011 15:00;116;0
03-28-2011 15:01;152;0
03-28-2011 15:02;111;0
03-28-2011 15:03;76;0
03-28-2011 15:04;62;0
03-28-2011 15:05;147;0
03-28-2011 15:06;90;0
03-28-2011 15:07;275;0
03-28-2011 15:08;275;0
03-28-2011 15:09;195;0
03-28-2011 15:10;438;0
03-28-2011 15:11;168;0
03-28-2011 15:12;9;0
03-28-2011 15:13;157;0
03-28-2011 15:14;50;0
03-28-2011 15:15;100;0
03-28-2011 15:16;111;0
03-28-2011 15:17;3;0
03-28-2011 15:18;45;0
03-28-2011 15:19;17;0
03-28-2011 15:20;55;0
03-28-2011 15:21;90;0
03-28-2011 15:22;26;0
03-28-2011 15:23;90;0
03-28-2011 15:24;80;0
03-28-2011 15:25;157;0
03-28-2011 15:26;80;0
03-28-2011 15:27;33;0
03-28-2011 15:28;69;0
03-28-2011 15:29;240;0
03-28-2011 15:30;28;0
03-28-2011 15:31;284;0
03-28-2011 15:32;80;0
03-28-2011 15:33;10;0
03-28-2011 15:34;240;0
03-28-2011 15:35;498;0
03-28-2011 15:36;0;0
03-28-2011 15:37;533;0
03-28-2011 15:38;483;0
03-28-2011 15:39;834;1
03-28-2011 15:40;325;0
03-28-2011 15:41;80;0
03-28-2011 15:42;111;0
03-28-2011 15:43;202;0
03-28-2011 15:44;40;0
03-28-2011 15:45;111;0
03-28-2011 15:46;168;0
03-28-2011 15:47;62;0
03-28-2011 15:48;5;0
03-28-2011 15:49;100;0
03-28-2011 15:50;24;0
03-28-2011 15:51;38;0
03-28-2011 15:52;100;0
03-28-2011 15:53;52;0
03-28-2011 15:54;3;0
03-28-2011 15:55;16;0
03-28-2011 15:56;232;0
03-28-2011 15:57;43;0
03-28-2011 15:58;76;0
03-28-2011 15:59;26;0
03-28-2011 16:00;175;0
03-28-2011 16:01;21;0
03-28-2011 16:02;22;0
03-28-2011 16:03;0;0
03-28-2011 16:04;121;0
03-28-2011 16:05;147;0
03-28-2011 16:06;19;0
03-28-2011 16:07;80;0
03-28-2011 16:08;43;0
03-28-2011 16:09;62;0
03-28-2011 16:10;3;0
03-28-2011 16:11;157;0
03-28-2011 16:12;66;0
03-28-2011 16:13;126;0
03-28-2011 16:14;168;0
03-28-2011 16:15;69;0
03-28-2011 16:16;66;0
03-28-2011 16:17;152;0
03-28-2011 16:18;147;0
03-28-2011 16:19;182;0
03-28-2011 16:20;223;0
03-28-2011 16:21;116;0
03-28-2011 16:22;93;0
03-28-2011 16:23;195;0
03-28-2011 16:24;116;0
03-28-2011 16:25;396;0
03-28-2011 16:26;240;0
03-28-2011 16:27;111;0
03-28-2011 16:28;249;0
03-28-2011 16:29;209;0
03-28-2011 16:30;142;0
03-28-2011 16:31;116;0
03-28-2011 16:32;182;0
03-28-2011 16:33;147;0
03-28-2011 16:34;107;0
03-28-2011 16:35;83;0
03-28-2011 16:36;97;0
03-28-2011 16:37;0;0
03-28-2011 16:38;189;0
03-28-2011 16:39;69;0
03-28-2011 16:40;73;0
03-28-2011 16:41;73;0
03-28-2011 16:42;47;0
03-28-2011 16:43;59;0
03-28-2011 16:44;69;0
03-28-2011 16:45;59;0
03-28-2011 16:46;107;0
03-28-2011 16:47;83;0
03-28-2011 16:48;66;0
03-28-2011 16:49;38;0
03-28-2011 16:50;19;0
03-28-2011 16:51;97;0
03-28-2011 16:52;121;0
03-28-2011 16:53;1010;1
03-28-2011 16:54;1571;1
03-28-2011 16:55;232;0
03-28-2011 16:56;55;0
03-28-2011 16:57;605;1
03-28-2011 16:58;424;0
03-28-2011 16:59;533;0
03-28-2011 17:00;360;0
03-28-2011 17:01;294;0
03-28-2011 17:02;498;0
03-28-2011 17:03;498;0
03-28-2011 17:04;240;0
03-28-2011 17:05;498;0
03-28-2011 17:06;733;1
03-28-2011 17:07;979;1
03-28-2011 17:08;360;0
03-28-2011 17:09;19;0
03-28-2011 17:10;195;0
03-28-2011 17:11;111;0
03-28-2011 17:12;918;1
03-28-2011 17:13;424;0
03-28-2011 17:14;168;0
03-28-2011 17:15;100;0
03-28-2011 17:16;33;0
03-28-2011 17:17;396;0
03-28-2011 17:18;111;0
03-28-2011 17:19;59;0
03-28-2011 17:20;152;0
03-28-2011 17:21;42;0
03-28-2011 17:22;467;0
03-28-2011 17:23;533;0
03-28-2011 17:24;284;0
03-28-2011 17:25;1475;1
03-28-2011 17:26;498;0
03-28-2011 17:27;451;0
03-28-2011 17:28;209;0
03-28-2011 17:29;121;0
03-28-2011 17:30;116;0
03-28-2011 17:31;80;0
03-28-2011 17:32;33;0
03-28-2011 17:33;62;0
03-28-2011 17:34;97;0
03-28-2011 17:35;93;0
03-28-2011 17:36;86;0
03-28-2011 17:37;35;0
03-28-2011 17:38;80;0
03-28-2011 17:39;16;0
03-28-2011 17:40;26;0
03-28-2011 17:41;90;0
03-28-2011 17:42;121;0
03-28-2011 17:43;0;0
03-28-2011 17:44;0;0
03-28-2011 17:45;126;0
03-28-2011 17:46;35;0
03-28-2011 17:47;0;0
03-28-2011 17:48;384;0
03-28-2011 17:49;451;0
03-28-2011 17:50;533;0
03-28-2011 17:51;645;1
03-28-2011 17:52;483;0
03-28-2011 17:53;424;0
03-28-2011 17:54;266;0
03-28-2011 17:55;0;0
03-28-2011 17:56;29;0
03-28-2011 17:57;22;0
03-28-2011 17:58;38;0
03-28-2011 17:59;202;0
03-28-2011 18:00;66;0
03-28-2011 18:01;0;0
03-28-2011 18:02;76;0
03-28-2011 18:03;168;0
03-28-2011 18:04;0;0
03-28-2011 18:05;0;0
03-28-2011 18:06;7;0
03-28-2011 18:07;336;0
03-28-2011 18:08;17;0
03-28-2011 18:09;131;0
03-28-2011 18:10;0;0
03-28-2011 18:11;83;0
03-28-2011 18:12;0;0
03-28-2011 18:13;0;0
03-28-2011 18:14;0;0
03-28-2011 18:15;0;0
03-28-2011 18:16;0;0
03-28-2011 18:17;0;0
03-28-2011 18:18;12;0
03-28-2011 18:19;0;0
03-28-2011 18:20;0;0
03-28-2011 18:21;0;0
03-28-2011 18:22;0;0
03-28-2011 18:23;0;0
03-28-2011 18:24;0;0
03-28-2011 18:25;0;0
03-28-2011 18:26;0;0
03-28-2011 18:27;0;0
03-28-2011 18:28;0;0
03-28-2011 18:29;0;0
03-28-2011 18:30;0;0
03-28-2011 18:31;0;0
03-28-2011 18:32;0;0
03-28-2011 18:33;0;0
03-28-2011 18:34;0;0
03-28-2011 18:35;0;0
03-28-2011 18:36;142;0
03-28-2011 18:37;0;0
03-28-2011 18:38;0;0
03-28-2011 18:39;0;0
03-28-2011 18:40;0;0
03-28-2011 18:41;0;0
03-28-2011 18:42;17;0
03-28-2011 18:43;0;0
03-28-2011 18:44;0;0
03-28-2011 18:45;0;0
03-28-2011 18:46;0;0
03-28-2011 18:47;0;0
03-28-2011 18:48;0;0
03-28-2011 18:49;0;0
03-28-2011 18:50;0;0
03-28-2011 18:51;0;0
03-28-2011 18:52;0;0
03-28-2011 18:53;33;0
03-28-2011 18:54;59;0
03-28-2011 18:55;0;0
03-28-2011 18:56;36;0
03-28-2011 18:57;0;0
03-28-2011 18:58;157;0
03-28-2011 18:59;0;0
03-28-2011 19:00;0;0
03-28-2011 19:01;0;0
03-28-2011 19:02;0;0
03-28-2011 19:03;0;0
03-28-2011 19:04;0;0
03-28-2011 19:05;0;0
03-28-2011 19:06;0;0
03-28-2011 19:07;0;0
03-28-2011 19:08;0;0
03-28-2011 19:09;0;0
03-28-2011 19:10;0;0
03-28-2011 19:11;0;0
03-28-2011 19:12;52;0
03-28-2011 19:13;36;0
03-28-2011 19:14;0;0
03-28-2011 19:15;294;0
03-28-2011 19:16;31;0
03-28-2011 19:17;131;0
03-28-2011 19:18;275;0
03-28-2011 19:19;12;0
03-28-2011 19:20;43;0
03-28-2011 19:21;9;0
03-28-2011 19:22;0;0
03-28-2011 19:23;0;0
03-28-2011 19:24;0;0
03-28-2011 19:25;0;0
03-28-2011 19:26;0;0
03-28-2011 19:27;0;0
03-28-2011 19:28;0;0
03-28-2011 19:29;97;0
03-28-2011 19:30;918;1
03-28-2011 19:31;483;0
03-28-2011 19:32;266;0
03-28-2011 19:33;163;0
03-28-2011 19:34;168;0
03-28-2011 19:35;223;0
03-28-2011 19:36;315;0
03-28-2011 19:37;86;0
03-28-2011 19:38;758;1
03-28-2011 19:39;216;0
03-28-2011 19:40;195;0
03-28-2011 19:41;372;0
03-28-2011 19:42;216;0
03-28-2011 19:43;157;0
03-28-2011 19:44;325;0
03-28-2011 19:45;533;0
03-28-2011 19:46;142;0
03-28-2011 19:47;258;0
03-28-2011 19:48;325;0
03-28-2011 19:49;336;0
03-28-2011 19:50;19;0
03-28-2011 19:51;90;0
03-28-2011 19:52;76;0
03-28-2011 19:53;5;0
03-28-2011 19:54;107;0
03-28-2011 19:55;24;0
03-28-2011 19:56;0;0
03-28-2011 19:57;3;0
03-28-2011 19:58;9;0
03-28-2011 19:59;360;0
03-28-2011 20:00;304;0
03-28-2011 20:01;567;0
03-28-2011 20:02;97;0
03-28-2011 20:03;33;0
03-28-2011 20:04;66;0
03-28-2011 20:05;0;0
03-28-2011 20:06;12;0
03-28-2011 20:07;19;0
03-28-2011 20:08;36;0
03-28-2011 20:09;9;0
03-28-2011 20:10;19;0
03-28-2011 20:11;294;0
03-28-2011 20:12;121;0
03-28-2011 20:13;126;0
03-28-2011 20:14;275;0
03-28-2011 20:15;100;0
03-28-2011 20:16;42;0
03-28-2011 20:17;3;0
03-28-2011 20:18;163;0
03-28-2011 20:19;62;0
03-28-2011 20:20;107;0
03-28-2011 20:21;55;0
03-28-2011 20:22;209;0
03-28-2011 20:23;97;0
03-28-2011 20:24;3;0
03-28-2011 20:25;175;0
03-28-2011 20:26;275;0
03-28-2011 20:27;550;1
03-28-2011 20:28;54;0
03-28-2011 20:29;121;0
03-28-2011 20:30;645;1
03-28-2011 20:31;360;0
03-28-2011 20:32;258;0
03-28-2011 20:33;360;0
03-28-2011 20:34;645;1
03-28-2011 20:35;0;0
03-28-2011 20:36;410;0
03-28-2011 20:37;126;0
03-28-2011 20:38;232;0
03-28-2011 20:39;451;0
03-28-2011 20:40;0;0
03-28-2011 20:41;0;0
03-28-2011 20:42;0;0
03-28-2011 20:43;62;0
03-28-2011 20:44;0;0
03-28-2011 20:45;29;0
03-28-2011 20:46;3;0
03-28-2011 20:47;10;0
03-28-2011 20:48;59;0
03-28-2011 20:49;55;0
03-28-2011 20:50;36;0
03-28-2011 20:51;22;0
03-28-2011 20:52;16;0
03-28-2011 20:53;35;0
03-28-2011 20:54;36;0
03-28-2011 20:55;12;0
03-28-2011 20:56;29;0
03-28-2011 20:57;24;0
03-28-2011 20:58;0;0
03-28-2011 20:59;0;0
03-28-2011 21:00;76;0
03-28-2011 21:01;0;0
03-28-2011 21:02;5;0
03-28-2011 21:03;21;0
03-28-2011 21:04;3;0
03-28-2011 21:05;0;0
03-28-2011 21:06;17;0
03-28-2011 21:07;0;0
03-28-2011 21:08;126;0
03-28-2011 21:09;12;0
03-28-2011 21:10;76;0
03-28-2011 21:11;137;0
03-28-2011 21:12;0;0
03-28-2011 21:13;0;0
03-28-2011 21:14;0;0
03-28-2011 21:15;66;0
03-28-2011 21:16;216;0
03-28-2011 21:17;567;0
03-28-2011 21:18;35;0
03-28-2011 21:19;0;0
03-28-2011 21:20;1147;1
03-28-2011 21:21;275;0
03-28-2011 21:22;3;0
03-28-2011 21:23;0;0
03-28-2011 21:24;83;0
03-28-2011 21:25;0;0
03-28-2011 21:26;22;0
03-28-2011 21:27;22;0
03-28-2011 21:28;0;0
03-28-2011 21:29;0;0
03-28-2011 21:30;7;0
03-28-2011 21:31;73;0
03-28-2011 21:32;360;0
03-28-2011 21:33;157;0
03-28-2011 21:34;121;0
03-28-2011 21:35;38;0
03-28-2011 21:36;31;0
03-28-2011 21:37;3;0
03-28-2011 21:38;16;0
03-28-2011 21:39;3;0
03-28-2011 21:40;0;0
03-28-2011 21:41;22;0
03-28-2011 21:42;22;0
03-28-2011 21:43;55;0
03-28-2011 21:44;0;0
03-28-2011 21:45;55;0
03-28-2011 21:46;498;0
03-28-2011 21:47;76;0
03-28-2011 21:48;90;0
03-28-2011 21:49;16;0
03-28-2011 21:50;24;0
03-28-2011 21:51;24;0
03-28-2011 21:52;0;0
03-28-2011 21:53;29;0
03-28-2011 21:54;42;0
03-28-2011 21:55;10;0
03-28-2011 21:56;315;0
03-28-2011 21:57;467;0
03-28-2011 21:58;258;0
03-28-2011 21:59;45;0
03-28-2011 22:00;111;0
03-28-2011 22:01;14;0
03-28-2011 22:02;40;0
03-28-2011 22:03;31;0
03-28-2011 22:04;59;0
03-28-2011 22:05;0;0
03-28-2011 22:06;59;0
03-28-2011 22:07;40;0
03-28-2011 22:08;0;0
03-28-2011 22:09;0;0
03-28-2011 22:10;36;0
03-28-2011 22:11;0;0
03-28-2011 22:12;48;0
03-28-2011 22:13;3;0
03-28-2011 22:14;48;0
03-28-2011 22:15;69;0
03-28-2011 22:16;33;0
03-28-2011 22:17;175;0
03-28-2011 22:18;97;0
03-28-2011 22:19;142;0
03-28-2011 22:20;168;0
03-28-2011 22:21;223;0
03-28-2011 22:22;157;0
03-28-2011 22:23;147;0
03-28-2011 22:24;0;0
03-28-2011 22:25;147;0
03-28-2011 22:26;126;0
03-28-2011 22:27;76;0
03-28-2011 22:28;121;0
03-28-2011 22:29;76;0
03-28-2011 22:30;31;0
03-28-2011 22:31;69;0
03-28-2011 22:32;12;0
03-28-2011 22:33;0;0
03-28-2011 22:34;3;0
03-28-2011 22:35;3;0
03-28-2011 22:36;17;0
03-28-2011 22:37;55;0
03-28-2011 22:38;21;0
03-28-2011 22:39;0;0
03-28-2011 22:40;16;0
03-28-2011 22:41;9;0
03-28-2011 22:42;22;0
03-28-2011 22:43;16;0
03-28-2011 22:44;3;0
03-28-2011 22:45;52;0
03-28-2011 22:46;76;0
03-28-2011 22:47;202;0
03-28-2011 22:48;336;0
03-28-2011 22:49;645;1
03-28-2011 22:50;182;0
03-28-2011 22:51;29;0
03-28-2011 22:52;9;0
03-28-2011 22:53;3;0
03-28-2011 22:54;38;0
03-28-2011 22:55;28;0
03-28-2011 22:56;66;0
03-28-2011 22:57;0;0
03-28-2011 22:58;36;0
03-28-2011 22:59;28;0
03-28-2011 23:00;3;0
03-28-2011 23:01;0;0
03-28-2011 23:02;59;0
03-28-2011 23:03;9;0
03-28-2011 23:04;31;0
03-28-2011 23:05;47;0
03-28-2011 23:06;3;0
03-28-2011 23:07;3;0
03-28-2011 23:08;5;0
03-28-2011 23:09;33;0
03-28-2011 23:10;16;0
03-28-2011 23:11;3;0
03-28-2011 23:12;59;0
03-28-2011 23:13;86;0
03-28-2011 23:14;55;0
03-28-2011 23:15;62;0
03-28-2011 23:16;76;0
03-28-2011 23:17;0;0
03-28-2011 23:18;3;0
03-28-2011 23:19;142;0
03-28-2011 23:20;90;0
03-28-2011 23:21;168;0
03-28-2011 23:22;33;0
03-28-2011 23:23;48;0
03-28-2011 23:24;31;0
03-28-2011 23:25;66;0
03-28-2011 23:26;157;0
03-28-2011 23:27;266;0
03-28-2011 23:28;80;0
03-28-2011 23:29;62;0
03-28-2011 23:30;3;0
03-28-2011 23:31;36;0
03-28-2011 23:32;0;0
03-28-2011 23:33;7;0
03-28-2011 23:34;90;0
03-28-2011 23:35;90;0
03-28-2011 23:36;240;0
03-28-2011 23:37;73;0
03-28-2011 23:38;232;0
03-28-2011 23:39;223;0
03-28-2011 23:40;163;0
03-28-2011 23:41;275;0
03-28-2011 23:42;83;0
03-28-2011 23:43;240;0
03-28-2011 23:44;189;0
03-28-2011 23:45;59;0
03-28-2011 23:46;62;0
03-28-2011 23:47;33;0
03-28-2011 23:48;147;0
03-28-2011 23:49;121;0
03-28-2011 23:50;451;0
03-28-2011 23:51;55;0
03-28-2011 23:52;336;0
03-28-2011 23:53;258;0
03-28-2011 23:54;157;0
03-28-2011 23:55;157;0
03-28-2011 23:56;325;0
03-28-2011 23:57;42;0
03-28-2011 23:58;0;0
03-28-2011 23:59;0;0
03-29-2011 00:00;0;0
03-29-2011 00:01;31;0
03-29-2011 00:02;43;0
03-29-2011 00:03;0;0
03-29-2011 00:04;62;0
03-29-2011 00:05;0;0
03-29-2011 00:06;0;0
03-29-2011 00:07;0;0
03-29-2011 00:08;0;0
03-29-2011 00:09;0;0
03-29-2011 00:10;0;0
03-29-2011 00:11;0;0
03-29-2011 00:12;0;0
03-29-2011 00:13;0;0
03-29-2011 00:14;0;0
03-29-2011 00:15;0;0
03-29-2011 00:16;48;0
03-29-2011 00:17;0;0
03-29-2011 00:18;0;0
03-29-2011 00:19;7;0
03-29-2011 00:20;0;0
03-29-2011 00:21;36;0
03-29-2011 00:22;0;0
03-29-2011 00:23;0;0
03-29-2011 00:24;0;0
03-29-2011 00:25;0;0
03-29-2011 00:26;0;0
03-29-2011 00:27;0;0
03-29-2011 00:28;0;0
03-29-2011 00:29;0;0
03-29-2011 00:30;0;0
03-29-2011 00:31;0;0
03-29-2011 00:32;0;0
03-29-2011 00:33;0;0
03-29-2011 00:34;0;0
03-29-2011 00:35;0;0
03-29-2011 00:36;0;0
03-29-2011 00:37;47;0
03-29-2011 00:38;0;0
03-29-2011 00:39;0;0
03-29-2011 00:40;0;0
03-29-2011 00:41;0;0
03-29-2011 00:42;0;0
03-29-2011 00:43;0;0
03-29-2011 00:44;0;0
03-29-2011 00:45;0;0
03-29-2011 00:46;0;0
03-29-2011 00:47;0;0
03-29-2011 00:48;0;0
03-29-2011 00:49;0;0
03-29-2011 00:50;0;0
03-29-2011 00:51;0;0
03-29-2011 00:52;0;0
03-29-2011 00:53;0;0
03-29-2011 00:54;0;0
03-29-2011 00:55;59;0
03-29-2011 00:56;0;0
03-29-2011 00:57;0;0
03-29-2011 00:58;0;0
03-29-2011 00:59;0;0
03-29-2011 01:00;0;0
03-29-2011 01:01;0;0
03-29-2011 01:02;0;0
03-29-2011 01:03;0;0
03-29-2011 01:04;0;0
03-29-2011 01:05;0;0
03-29-2011 01:06;0;0
03-29-2011 01:07;66;0
03-29-2011 01:08;22;0
03-29-2011 01:09;80;0
03-29-2011 01:10;0;0
03-29-2011 01:11;0;0
03-29-2011 01:12;0;0
03-29-2011 01:13;0;0
03-29-2011 01:14;0;0
03-29-2011 01:15;0;0
03-29-2011 01:16;10;0
03-29-2011 01:17;175;0
03-29-2011 01:18;360;0
03-29-2011 01:19;0;0
03-29-2011 01:20;360;0
03-29-2011 01:21;240;0
03-29-2011 01:22;0;0
03-29-2011 01:23;0;0
03-29-2011 01:24;0;0
03-29-2011 01:25;0;0
03-29-2011 01:26;73;0
03-29-2011 01:27;0;0
03-29-2011 01:28;33;0
03-29-2011 01:29;0;0
03-29-2011 01:30;0;0
03-29-2011 01:31;66;0
03-29-2011 01:32;35;0
03-29-2011 01:33;76;0
03-29-2011 01:34;0;0
03-29-2011 01:35;0;0
03-29-2011 01:36;0;0
03-29-2011 01:37;396;0
03-29-2011 01:38;43;0
03-29-2011 01:39;0;0
03-29-2011 01:40;0;0
03-29-2011 01:41;29;0
03-29-2011 01:42;0;0
03-29-2011 01:43;0;0
03-29-2011 01:44;0;0
03-29-2011 01:45;168;0
03-29-2011 01:46;0;0
03-29-2011 01:47;55;0
03-29-2011 01:48;0;0
03-29-2011 01:49;0;0
03-29-2011 01:50;0;0
03-29-2011 01:51;0;0
03-29-2011 01:52;0;0
03-29-2011 01:53;0;0
03-29-2011 01:54;38;0
03-29-2011 01:55;0;0
03-29-2011 01:56;0;0
03-29-2011 01:57;0;0
03-29-2011 01:58;0;0
03-29-2011 01:59;0;0
03-29-2011 02:00;0;0
03-29-2011 02:01;62;0
03-29-2011 02:02;189;0
03-29-2011 02:03;0;0
03-29-2011 02:04;0;0
03-29-2011 02:05;0;0
03-29-2011 02:06;0;0
03-29-2011 02:07;0;0
03-29-2011 02:08;0;0
03-29-2011 02:09;202;0
03-29-2011 02:10;0;0
03-29-2011 02:11;29;0
03-29-2011 02:12;0;0
03-29-2011 02:13;0;0
03-29-2011 02:14;0;0
03-29-2011 02:15;0;0
03-29-2011 02:16;0;0
03-29-2011 02:17;0;0
03-29-2011 02:18;0;0
03-29-2011 02:19;0;0
03-29-2011 02:20;0;0
03-29-2011 02:21;0;0
03-29-2011 02:22;0;0
03-29-2011 02:23;0;0
03-29-2011 02:24;0;0
03-29-2011 02:25;0;0
03-29-2011 02:26;0;0
03-29-2011 02:27;66;0
03-29-2011 02:28;0;0
03-29-2011 02:29;0;0
03-29-2011 02:30;0;0
03-29-2011 02:31;0;0
03-29-2011 02:32;0;0
03-29-2011 02:33;0;0
03-29-2011 02:34;0;0
03-29-2011 02:35;0;0
03-29-2011 02:36;0;0
03-29-2011 02:37;0;0
03-29-2011 02:38;0;0
03-29-2011 02:39;0;0
03-29-2011 02:40;0;0
03-29-2011 02:41;0;0
03-29-2011 02:42;0;0
03-29-2011 02:43;0;0
03-29-2011 02:44;0;0
03-29-2011 02:45;54;0
03-29-2011 02:46;0;0
03-29-2011 02:47;0;0
03-29-2011 02:48;0;0
03-29-2011 02:49;0;0
03-29-2011 02:50;0;0
03-29-2011 02:51;0;0
03-29-2011 02:52;0;0
03-29-2011 02:53;0;0
03-29-2011 02:54;0;0
03-29-2011 02:55;0;0
03-29-2011 02:56;55;0
03-29-2011 02:57;29;0
03-29-2011 02:58;0;0
03-29-2011 02:59;0;0
03-29-2011 03:00;0;0
03-29-2011 03:01;0;0
03-29-2011 03:02;0;0
03-29-2011 03:03;0;0
03-29-2011 03:04;0;0
03-29-2011 03:05;0;0
03-29-2011 03:06;0;0
03-29-2011 03:07;0;0
03-29-2011 03:08;0;0
03-29-2011 03:09;0;0
03-29-2011 03:10;62;0
03-29-2011 03:11;0;0
03-29-2011 03:12;12;0
03-29-2011 03:13;59;0
03-29-2011 03:14;0;0
03-29-2011 03:15;0;0
03-29-2011 03:16;0;0
03-29-2011 03:17;0;0
03-29-2011 03:18;0;0
03-29-2011 03:19;0;0
03-29-2011 03:20;0;0
03-29-2011 03:21;14;0
03-29-2011 03:22;0;0
03-29-2011 03:23;19;0
03-29-2011 03:24;17;0
03-29-2011 03:25;0;0
03-29-2011 03:26;0;0
03-29-2011 03:27;66;0
03-29-2011 03:28;0;0
03-29-2011 03:29;0;0
03-29-2011 03:30;0;0
03-29-2011 03:31;0;0
03-29-2011 03:32;0;0
03-29-2011 03:33;0;0
03-29-2011 03:34;35;0
03-29-2011 03:35;0;0
03-29-2011 03:36;0;0
03-29-2011 03:37;22;0
03-29-2011 03:38;0;0
03-29-2011 03:39;0;0
03-29-2011 03:40;0;0
03-29-2011 03:41;54;0
03-29-2011 03:42;0;0
03-29-2011 03:43;0;0
03-29-2011 03:44;0;0
03-29-2011 03:45;0;0
03-29-2011 03:46;0;0
03-29-2011 03:47;0;0
03-29-2011 03:48;0;0
03-29-2011 03:49;42;0
03-29-2011 03:50;17;0
03-29-2011 03:51;83;0
03-29-2011 03:52;0;0
03-29-2011 03:53;0;0
03-29-2011 03:54;0;0
03-29-2011 03:55;0;0
03-29-2011 03:56;0;0
03-29-2011 03:57;0;0
03-29-2011 03:58;0;0
03-29-2011 03:59;0;0
03-29-2011 04:00;0;0
03-29-2011 04:01;0;0
03-29-2011 04:02;0;0
03-29-2011 04:03;0;0
03-29-2011 04:04;0;0
03-29-2011 04:05;0;0
03-29-2011 04:06;0;0
03-29-2011 04:07;0;0
03-29-2011 04:08;0;0
03-29-2011 04:09;93;0
03-29-2011 04:10;0;0
03-29-2011 04:11;223;0
03-29-2011 04:12;0;0
03-29-2011 04:13;76;0
03-29-2011 04:14;0;0
03-29-2011 04:15;0;0
03-29-2011 04:16;0;0
03-29-2011 04:17;0;0
03-29-2011 04:18;0;0
03-29-2011 04:19;0;0
03-29-2011 04:20;0;0
03-29-2011 04:21;0;0
03-29-2011 04:22;0;0
03-29-2011 04:23;0;0
03-29-2011 04:24;0;0
03-29-2011 04:25;0;0
03-29-2011 04:26;0;0
03-29-2011 04:27;0;0
03-29-2011 04:28;33;0
03-29-2011 04:29;100;0
03-29-2011 04:30;0;0
03-29-2011 04:31;0;0
03-29-2011 04:32;0;0
03-29-2011 04:33;0;0
03-29-2011 04:34;0;0
03-29-2011 04:35;0;0
03-29-2011 04:36;0;0
03-29-2011 04:37;0;0
03-29-2011 04:38;0;0
03-29-2011 04:39;0;0
03-29-2011 04:40;0;0
03-29-2011 04:41;0;0
03-29-2011 04:42;0;0
03-29-2011 04:43;0;0
03-29-2011 04:44;0;0
03-29-2011 04:45;0;0
03-29-2011 04:46;0;0
03-29-2011 04:47;0;0
03-29-2011 04:48;0;0
03-29-2011 04:49;0;0
03-29-2011 04:50;73;0
03-29-2011 04:51;0;0
03-29-2011 04:52;0;0
03-29-2011 04:53;0;0
03-29-2011 04:54;0;0
03-29-2011 04:55;0;0
03-29-2011 04:56;0;0
03-29-2011 04:57;0;0
03-29-2011 04:58;0;0
03-29-2011 04:59;0;0
03-29-2011 05:00;0;0
03-29-2011 05:01;111;0
03-29-2011 05:02;0;0
03-29-2011 05:03;12;0
03-29-2011 05:04;0;0
03-29-2011 05:05;0;0
03-29-2011 05:06;0;0
03-29-2011 05:07;3;0
03-29-2011 05:08;0;0
03-29-2011 05:09;0;0
03-29-2011 05:10;0;0
03-29-2011 05:11;0;0
03-29-2011 05:12;0;0
03-29-2011 05:13;0;0
03-29-2011 05:14;360;0
03-29-2011 05:15;0;0
03-29-2011 05:16;0;0
03-29-2011 05:17;0;0
03-29-2011 05:18;62;0
03-29-2011 05:19;0;0
03-29-2011 05:20;0;0
03-29-2011 05:21;168;0
03-29-2011 05:22;0;0
03-29-2011 05:23;0;0
03-29-2011 05:24;29;0
03-29-2011 05:25;0;0
03-29-2011 05:26;24;0
03-29-2011 05:27;54;0
03-29-2011 05:28;0;0
03-29-2011 05:29;498;0
03-29-2011 05:30;195;0
03-29-2011 05:31;48;0
03-29-2011 05:32;163;0
03-29-2011 05:33;93;0
03-29-2011 05:34;157;0
03-29-2011 05:35;121;0
03-29-2011 05:36;69;0
03-29-2011 05:37;3;0
03-29-2011 05:38;9;0
03-29-2011 05:39;10;0
03-29-2011 05:40;3;0
03-29-2011 05:41;0;0
03-29-2011 05:42;0;0
03-29-2011 05:43;97;0
03-29-2011 05:44;31;0
03-29-2011 05:45;42;0
03-29-2011 05:46;216;0
03-29-2011 05:47;372;0
03-29-2011 05:48;1301;1
03-29-2011 05:49;107;0
03-29-2011 05:50;0;0
03-29-2011 05:51;21;0
03-29-2011 05:52;21;0
03-29-2011 05:53;0;0
03-29-2011 05:54;0;0
03-29-2011 05:55;33;0
03-29-2011 05:56;19;0
03-29-2011 05:57;9;0
03-29-2011 05:58;0;0
03-29-2011 05:59;40;0
03-29-2011 06:00;0;0
03-29-2011 06:01;45;0
03-29-2011 06:02;86;0
03-29-2011 06:03;50;0
03-29-2011 06:04;0;0
03-29-2011 06:05;3;0
03-29-2011 06:06;76;0
03-29-2011 06:07;116;0
03-29-2011 06:08;35;0
03-29-2011 06:09;3;0
03-29-2011 06:10;52;0
03-29-2011 06:11;59;0
03-29-2011 06:12;93;0
03-29-2011 06:13;93;0
03-29-2011 06:14;137;0
03-29-2011 06:15;76;0
03-29-2011 06:16;126;0
03-29-2011 06:17;86;0
03-29-2011 06:18;0;0
03-29-2011 06:19;182;0
03-29-2011 06:20;137;0
03-29-2011 06:21;209;0
03-29-2011 06:22;121;0
03-29-2011 06:23;62;0
03-29-2011 06:24;121;0
03-29-2011 06:25;42;0
03-29-2011 06:26;0;0
03-29-2011 06:27;0;0
03-29-2011 06:28;0;0
03-29-2011 06:29;0;0
03-29-2011 06:30;0;0
03-29-2011 06:31;0;0
03-29-2011 06:32;0;0
03-29-2011 06:33;0;0
03-29-2011 06:34;0;0
03-29-2011 06:35;0;0
03-29-2011 06:36;0;0
03-29-2011 06:37;0;0
03-29-2011 06:38;0;0
03-29-2011 06:39;0;0
03-29-2011 06:40;3;0
03-29-2011 06:41;0;0
03-29-2011 06:42;3;0
03-29-2011 06:43;3;0
03-29-2011 06:44;275;0
03-29-2011 06:45;0;0
03-29-2011 06:46;0;0
03-29-2011 06:47;0;0
03-29-2011 06:48;0;0
03-29-2011 06:49;0;0
03-29-2011 06:50;116;0
03-29-2011 06:51;0;0
03-29-2011 06:52;0;0
03-29-2011 06:53;0;0
03-29-2011 06:54;0;0
03-29-2011 06:55;59;0
03-29-2011 06:56;0;0
03-29-2011 06:57;0;0
03-29-2011 06:58;0;0
03-29-2011 06:59;0;0
03-29-2011 07:00;9;0
03-29-2011 07:01;5;0
03-29-2011 07:02;5;0
03-29-2011 07:03;147;0
03-29-2011 07:04;50;0
03-29-2011 07:05;50;0
03-29-2011 07:06;0;0
03-29-2011 07:07;40;0
03-29-2011 07:08;26;0
03-29-2011 07:09;31;0
03-29-2011 07:10;29;0
03-29-2011 07:11;223;0
03-29-2011 07:12;808;1
03-29-2011 07:13;1522;1
03-29-2011 07:14;515;0
03-29-2011 07:15;733;1
03-29-2011 07:16;336;0
03-29-2011 07:17;1010;1
03-29-2011 07:18;979;1
03-29-2011 07:19;918;1
03-29-2011 07:20;1076;1
03-29-2011 07:21;834;1
03-29-2011 07:22;834;1
03-29-2011 07:23;918;1
03-29-2011 07:24;22;0
03-29-2011 07:25;733;1
03-29-2011 07:26;498;0
03-29-2011 07:27;808;1
03-29-2011 07:28;733;1
03-29-2011 07:29;733;1
03-29-2011 07:30;498;0
03-29-2011 07:31;275;0
03-29-2011 07:32;189;0
03-29-2011 07:33;266;0
03-29-2011 07:34;157;0
03-29-2011 07:35;59;0
03-29-2011 07:36;410;0
03-29-2011 07:37;55;0
03-29-2011 07:38;121;0
03-29-2011 07:39;861;1
03-29-2011 07:40;666;1
03-29-2011 07:41;498;0
03-29-2011 07:42;1301;1
03-29-2011 07:43;1043;1
03-29-2011 07:44;688;1
03-29-2011 07:45;889;1
03-29-2011 07:46;396;0
03-29-2011 07:47;808;1
03-29-2011 07:48;182;0
03-29-2011 07:49;758;1
03-29-2011 07:50;733;1
03-29-2011 07:51;533;0
03-29-2011 07:52;688;1
03-29-2011 07:53;758;1
03-29-2011 07:54;889;1
03-29-2011 07:55;645;1
03-29-2011 07:56;325;0
03-29-2011 07:57;550;1
03-29-2011 07:58;645;1
03-29-2011 07:59;315;0
03-29-2011 08:00;550;1
03-29-2011 08:01;24;0
03-29-2011 08:02;3;0
03-29-2011 08:03;195;0
03-29-2011 08:04;782;1
03-29-2011 08:05;5;0
03-29-2011 08:06;498;0
03-29-2011 08:07;645;1
03-29-2011 08:08;550;1
03-29-2011 08:09;360;0
03-29-2011 08:10;294;0
03-29-2011 08:11;550;1
03-29-2011 08:12;688;1
03-29-2011 08:13;384;0
03-29-2011 08:14;861;1
03-29-2011 08:15;360;0
03-29-2011 08:16;808;1
03-29-2011 08:17;451;0
03-29-2011 08:18;586;1
03-29-2011 08:19;498;0
03-29-2011 08:20;758;1
03-29-2011 08:21;336;0
03-29-2011 08:22;624;1
03-29-2011 08:23;304;0
03-29-2011 08:24;605;1
03-29-2011 08:25;1010;1
03-29-2011 08:26;733;1
03-29-2011 08:27;240;0
03-29-2011 08:28;424;0
03-29-2011 08:29;861;1
03-29-2011 08:30;111;0
03-29-2011 08:31;325;0
03-29-2011 08:32;733;1
03-29-2011 08:33;396;0
03-29-2011 08:34;384;0
03-29-2011 08:35;711;1
03-29-2011 08:36;782;1
03-29-2011 08:37;336;0
03-29-2011 08:38;182;0
03-29-2011 08:39;42;0
03-29-2011 08:40;182;0
03-29-2011 08:41;758;1
03-29-2011 08:42;360;0
03-29-2011 08:43;126;0
03-29-2011 08:44;209;0
03-29-2011 08:45;624;1
03-29-2011 08:46;223;0
03-29-2011 08:47;107;0
03-29-2011 08:48;645;1
03-29-2011 08:49;666;1
03-29-2011 08:50;688;1
03-29-2011 08:51;9;0
03-29-2011 08:52;3;0
03-29-2011 08:53;3;0
03-29-2011 08:54;3;0
03-29-2011 08:55;3;0
03-29-2011 08:56;3;0
03-29-2011 08:57;3;0
03-29-2011 08:58;0;0
03-29-2011 08:59;9;0
03-29-2011 09:00;131;0
03-29-2011 09:01;249;0
03-29-2011 09:02;116;0
03-29-2011 09:03;175;0
03-29-2011 09:04;733;1
03-29-2011 09:05;979;1
03-29-2011 09:06;372;0
03-29-2011 09:07;515;0
03-29-2011 09:08;2288;1
03-29-2011 09:09;1183;1
03-29-2011 09:10;36;0
03-29-2011 09:11;22;0
03-29-2011 09:12;19;0
03-29-2011 09:13;9;0
03-29-2011 09:14;9;0
03-29-2011 09:15;0;0
03-29-2011 09:16;21;0
03-29-2011 09:17;5;0
03-29-2011 09:18;16;0
03-29-2011 09:19;9;0
03-29-2011 09:20;43;0
03-29-2011 09:21;336;0
03-29-2011 09:22;808;1
03-29-2011 09:23;782;1
03-29-2011 09:24;73;0
03-29-2011 09:25;152;0
03-29-2011 09:26;137;0
03-29-2011 09:27;45;0
03-29-2011 09:28;189;0
03-29-2011 09:29;73;0
03-29-2011 09:30;5;0
03-29-2011 09:31;182;0
03-29-2011 09:32;19;0
03-29-2011 09:33;0;0
03-29-2011 09:34;3;0
03-29-2011 09:35;3;0
03-29-2011 09:36;9;0
03-29-2011 09:37;33;0
03-29-2011 09:38;19;0
03-29-2011 09:39;22;0
03-29-2011 09:40;195;0
03-29-2011 09:41;202;0
03-29-2011 09:42;126;0
03-29-2011 09:43;12;0
03-29-2011 09:44;21;0
03-29-2011 09:45;10;0
03-29-2011 09:46;9;0
03-29-2011 09:47;3;0
03-29-2011 09:48;3;0
03-29-2011 09:49;26;0
03-29-2011 09:50;16;0
03-29-2011 09:51;31;0
03-29-2011 09:52;0;0
03-29-2011 09:53;258;0
03-29-2011 09:54;163;0
03-29-2011 09:55;275;0
03-29-2011 09:56;336;0
03-29-2011 09:57;325;0
03-29-2011 09:58;12;0
03-29-2011 09:59;12;0
03-29-2011 10:00;0;0
03-29-2011 10:01;0;0
03-29-2011 10:02;12;0
03-29-2011 10:03;0;0
03-29-2011 10:04;0;0
03-29-2011 10:05;0;0
03-29-2011 10:06;0;0
03-29-2011 10:07;240;0
03-29-2011 10:08;209;0
03-29-2011 10:09;9;0
03-29-2011 10:10;3;0
03-29-2011 10:11;0;0
03-29-2011 10:12;0;0
03-29-2011 10:13;12;0
03-29-2011 10:14;22;0
03-29-2011 10:15;0;0
03-29-2011 10:16;5;0
03-29-2011 10:17;26;0
03-29-2011 10:18;0;0
03-29-2011 10:19;0;0
03-29-2011 10:20;5;0
03-29-2011 10:21;0;0
03-29-2011 10:22;0;0
03-29-2011 10:23;0;0
03-29-2011 10:24;137;0
03-29-2011 10:25;515;0
03-29-2011 10:26;35;0
03-29-2011 10:27;275;0
03-29-2011 10:28;284;0
03-29-2011 10:29;90;0
03-29-2011 10:30;240;0
03-29-2011 10:31;0;0
03-29-2011 10:32;0;0
03-29-2011 10:33;0;0
03-29-2011 10:34;0;0
03-29-2011 10:35;0;0
03-29-2011 10:36;9;0
03-29-2011 10:37;9;0
03-29-2011 10:38;16;0
03-29-2011 10:39;16;0
03-29-2011 10:40;0;0
03-29-2011 10:41;0;0
03-29-2011 10:42;5;0
03-29-2011 10:43;0;0
03-29-2011 10:44;3;0
03-29-2011 10:45;0;0
03-29-2011 10:46;0;0
03-29-2011 10:47;0;0
03-29-2011 10:48;38;0
03-29-2011 10:49;232;0
03-29-2011 10:50;157;0
03-29-2011 10:51;40;0
03-29-2011 10:52;0;0
03-29-2011 10:53;0;0
03-29-2011 10:54;0;0
03-29-2011 10:55;0;0
03-29-2011 10:56;0;0
03-29-2011 10:57;5;0
03-29-2011 10:58;9;0
03-29-2011 10:59;7;0
03-29-2011 11:00;116;0
03-29-2011 11:01;0;0
03-29-2011 11:02;0;0
03-29-2011 11:03;3;0
03-29-2011 11:04;9;0
03-29-2011 11:05;9;0
03-29-2011 11:06;3;0
03-29-2011 11:07;12;0
03-29-2011 11:08;0;0
03-29-2011 11:09;3;0
03-29-2011 11:10;0;0
03-29-2011 11:11;175;0
03-29-2011 11:12;315;0
03-29-2011 11:13;168;0
03-29-2011 11:14;223;0
03-29-2011 11:15;384;0
03-29-2011 11:16;294;0
03-29-2011 11:17;384;0
03-29-2011 11:18;104;0
03-29-2011 11:19;0;0
03-29-2011 11:20;0;0
03-29-2011 11:21;47;0
03-29-2011 11:22;0;0
03-29-2011 11:23;0;0
03-29-2011 11:24;0;0
03-29-2011 11:25;0;0
03-29-2011 11:26;624;1
03-29-2011 11:27;567;0
03-29-2011 11:28;175;0
03-29-2011 11:29;107;0
03-29-2011 11:30;202;0
03-29-2011 11:31;195;0
03-29-2011 11:32;216;0
03-29-2011 11:33;142;0
03-29-2011 11:34;40;0
03-29-2011 11:35;258;0
03-29-2011 11:36;808;1
03-29-2011 11:37;1183;1
03-29-2011 11:38;782;1
03-29-2011 11:39;605;1
03-29-2011 11:40;467;0
03-29-2011 11:41;294;0
03-29-2011 11:42;111;0
03-29-2011 11:43;116;0
03-29-2011 11:44;533;0
03-29-2011 11:45;396;0
03-29-2011 11:46;137;0
03-29-2011 11:47;48;0
03-29-2011 11:48;284;0
03-29-2011 11:49;782;1
03-29-2011 11:50;948;1
03-29-2011 11:51;758;1
03-29-2011 11:52;782;1
03-29-2011 11:53;19;0
03-29-2011 11:54;38;0
03-29-2011 11:55;33;0
03-29-2011 11:56;17;0
03-29-2011 11:57;1110;1
03-29-2011 11:58;483;0
03-29-2011 11:59;624;1
03-29-2011 12:00;567;0
03-29-2011 12:01;498;0
03-29-2011 12:02;9;0
03-29-2011 12:03;9;0
03-29-2011 12:04;62;0
03-29-2011 12:05;0;0
03-29-2011 12:06;80;0
03-29-2011 12:07;834;1
03-29-2011 12:08;1183;1
03-29-2011 12:09;733;1
03-29-2011 12:10;384;0
03-29-2011 12:11;3;0
03-29-2011 12:12;0;0
03-29-2011 12:13;0;0
03-29-2011 12:14;0;0
03-29-2011 12:15;0;0
03-29-2011 12:16;0;0
03-29-2011 12:17;9;0
03-29-2011 12:18;3;0
03-29-2011 12:19;0;0
03-29-2011 12:20;59;0
03-29-2011 12:21;223;0
03-29-2011 12:22;35;0
03-29-2011 12:23;19;0
03-29-2011 12:24;73;0
03-29-2011 12:25;152;0
03-29-2011 12:26;9;0
03-29-2011 12:27;232;0
03-29-2011 12:28;104;0
03-29-2011 12:29;216;0
03-29-2011 12:30;137;0
03-29-2011 12:31;55;0
03-29-2011 12:32;126;0
03-29-2011 12:33;69;0
03-29-2011 12:34;38;0
03-29-2011 12:35;111;0
03-29-2011 12:36;142;0
03-29-2011 12:37;372;0
03-29-2011 12:38;38;0
03-29-2011 12:39;42;0
03-29-2011 12:40;9;0
03-29-2011 12:41;3;0
03-29-2011 12:42;137;0
03-29-2011 12:43;47;0
03-29-2011 12:44;121;0
03-29-2011 12:45;47;0
03-29-2011 12:46;202;0
03-29-2011 12:47;152;0
03-29-2011 12:48;182;0
03-29-2011 12:49;258;0
03-29-2011 12:50;142;0
03-29-2011 12:51;3;0
03-29-2011 12:52;3;0
03-29-2011 12:53;223;0
03-29-2011 12:54;69;0
03-29-2011 12:55;17;0
03-29-2011 12:56;0;0
03-29-2011 12:57;66;0
03-29-2011 12:58;0;0
03-29-2011 12:59;0;0
03-29-2011 13:00;69;0
03-29-2011 13:01;157;0
03-29-2011 13:02;90;0
03-29-2011 13:03;66;0
03-29-2011 13:04;10;0
03-29-2011 13:05;189;0
03-29-2011 13:06;97;0
03-29-2011 13:07;126;0
03-29-2011 13:08;121;0
03-29-2011 13:09;76;0
03-29-2011 13:10;55;0
03-29-2011 13:11;33;0
03-29-2011 13:12;126;0
03-29-2011 13:13;0;0
03-29-2011 13:14;137;0
03-29-2011 13:15;90;0
03-29-2011 13:16;189;0
03-29-2011 13:17;93;0
03-29-2011 13:18;55;0
03-29-2011 13:19;26;0
03-29-2011 13:20;16;0
03-29-2011 13:21;66;0
03-29-2011 13:22;93;0
03-29-2011 13:23;36;0
03-29-2011 13:24;121;0
03-29-2011 13:25;533;0
03-29-2011 13:26;202;0
03-29-2011 13:27;861;1
03-29-2011 13:28;275;0
03-29-2011 13:29;14;0
03-29-2011 13:30;50;0
03-29-2011 13:31;28;0
03-29-2011 13:32;10;0
03-29-2011 13:33;168;0
03-29-2011 13:34;59;0
03-29-2011 13:35;325;0
03-29-2011 13:36;66;0
03-29-2011 13:37;73;0
03-29-2011 13:38;26;0
03-29-2011 13:39;26;0
03-29-2011 13:40;12;0
03-29-2011 13:41;142;0
03-29-2011 13:42;69;0
03-29-2011 13:43;36;0
03-29-2011 13:44;21;0
03-29-2011 13:45;0;0
03-29-2011 13:46;9;0
03-29-2011 13:47;35;0
03-29-2011 13:48;66;0
03-29-2011 13:49;54;0
03-29-2011 13:50;33;0
03-29-2011 13:51;43;0
03-29-2011 13:52;14;0
03-29-2011 13:53;42;0
03-29-2011 13:54;107;0
03-29-2011 13:55;86;0
03-29-2011 13:56;116;0
03-29-2011 13:57;48;0
03-29-2011 13:58;17;0
03-29-2011 13:59;40;0
03-29-2011 14:00;54;0
03-29-2011 14:01;195;0
03-29-2011 14:02;62;0
03-29-2011 14:03;40;0
03-29-2011 14:04;54;0
03-29-2011 14:05;14;0
03-29-2011 14:06;3;0
03-29-2011 14:07;29;0
03-29-2011 14:08;42;0
03-29-2011 14:09;14;0
03-29-2011 14:10;3;0
03-29-2011 14:11;7;0
03-29-2011 14:12;90;0
03-29-2011 14:13;16;0
03-29-2011 14:14;59;0
03-29-2011 14:15;31;0
03-29-2011 14:16;9;0
03-29-2011 14:17;31;0
03-29-2011 14:18;29;0
03-29-2011 14:19;48;0
03-29-2011 14:20;0;0
03-29-2011 14:21;16;0
03-29-2011 14:22;55;0
03-29-2011 14:23;62;0
03-29-2011 14:24;10;0
03-29-2011 14:25;195;0
03-29-2011 14:26;76;0
03-29-2011 14:27;73;0
03-29-2011 14:28;24;0
03-29-2011 14:29;86;0
03-29-2011 14:30;86;0
03-29-2011 14:31;189;0
03-29-2011 14:32;142;0
03-29-2011 14:33;5;0
03-29-2011 14:34;275;0
03-29-2011 14:35;76;0
03-29-2011 14:36;175;0
03-29-2011 14:37;3;0
03-29-2011 14:38;69;0
03-29-2011 14:39;0;0
03-29-2011 14:40;17;0
03-29-2011 14:41;0;0
03-29-2011 14:42;3;0
03-29-2011 14:43;100;0
03-29-2011 14:44;66;0
03-29-2011 14:45;45;0
03-29-2011 14:46;26;0
03-29-2011 14:47;33;0
03-29-2011 14:48;48;0
03-29-2011 14:49;16;0
03-29-2011 14:50;73;0
03-29-2011 14:51;21;0
03-29-2011 14:52;3;0
03-29-2011 14:53;175;0
03-29-2011 14:54;3;0
03-29-2011 14:55;3;0
03-29-2011 14:56;0;0
03-29-2011 14:57;42;0
03-29-2011 14:58;17;0
03-29-2011 14:59;19;0
03-29-2011 15:00;0;0
03-29-2011 15:01;116;0
03-29-2011 15:02;52;0
03-29-2011 15:03;137;0
03-29-2011 15:04;14;0
03-29-2011 15:05;0;0
03-29-2011 15:06;10;0
03-29-2011 15:07;35;0
03-29-2011 15:08;83;0
03-29-2011 15:09;47;0
03-29-2011 15:10;147;0
03-29-2011 15:11;121;0
03-29-2011 15:12;52;0
03-29-2011 15:13;14;0
03-29-2011 15:14;62;0
03-29-2011 15:15;76;0
03-29-2011 15:16;0;0
03-29-2011 15:17;10;0
03-29-2011 15:18;86;0
03-29-2011 15:19;90;0
03-29-2011 15:20;0;0
03-29-2011 15:21;40;0
03-29-2011 15:22;97;0
03-29-2011 15:23;29;0
03-29-2011 15:24;0;0
03-29-2011 15:25;48;0
03-29-2011 15:26;62;0
03-29-2011 15:27;35;0
03-29-2011 15:28;40;0
03-29-2011 15:29;97;0
03-29-2011 15:30;38;0
03-29-2011 15:31;10;0
03-29-2011 15:32;55;0
03-29-2011 15:33;73;0
03-29-2011 15:34;0;0
03-29-2011 15:35;0;0
03-29-2011 15:36;38;0
03-29-2011 15:37;0;0
03-29-2011 15:38;90;0
03-29-2011 15:39;35;0
03-29-2011 15:40;24;0
03-29-2011 15:41;16;0
03-29-2011 15:42;3;0
03-29-2011 15:43;9;0
03-29-2011 15:44;29;0
03-29-2011 15:45;66;0
03-29-2011 15:46;33;0
03-29-2011 15:47;55;0
03-29-2011 15:48;3;0
03-29-2011 15:49;131;0
03-29-2011 15:50;48;0
03-29-2011 15:51;69;0
03-29-2011 15:52;76;0
03-29-2011 15:53;33;0
03-29-2011 15:54;36;0
03-29-2011 15:55;62;0
03-29-2011 15:56;152;0
03-29-2011 15:57;3;0
03-29-2011 15:58;175;0
03-29-2011 15:59;54;0
03-29-2011 16:00;26;0
03-29-2011 16:01;86;0
03-29-2011 16:02;80;0
03-29-2011 16:03;62;0
03-29-2011 16:04;48;0
03-29-2011 16:05;76;0
03-29-2011 16:06;48;0
03-29-2011 16:07;97;0
03-29-2011 16:08;104;0
03-29-2011 16:09;54;0
03-29-2011 16:10;107;0
03-29-2011 16:11;142;0
03-29-2011 16:12;45;0
03-29-2011 16:13;275;0
03-29-2011 16:14;249;0
03-29-2011 16:15;147;0
03-29-2011 16:16;33;0
03-29-2011 16:17;33;0
03-29-2011 16:18;16;0
03-29-2011 16:19;76;0
03-29-2011 16:20;52;0
03-29-2011 16:21;0;0
03-29-2011 16:22;76;0
03-29-2011 16:23;97;0
03-29-2011 16:24;73;0
03-29-2011 16:25;209;0
03-29-2011 16:26;10;0
03-29-2011 16:27;55;0
03-29-2011 16:28;104;0
03-29-2011 16:29;69;0
03-29-2011 16:30;182;0
03-29-2011 16:31;90;0
03-29-2011 16:32;36;0
03-29-2011 16:33;147;0
03-29-2011 16:34;360;0
03-29-2011 16:35;372;0
03-29-2011 16:36;131;0
03-29-2011 16:37;189;0
03-29-2011 16:38;142;0
03-29-2011 16:39;35;0
03-29-2011 16:40;104;0
03-29-2011 16:41;55;0
03-29-2011 16:42;62;0
03-29-2011 16:43;50;0
03-29-2011 16:44;66;0
03-29-2011 16:45;62;0
03-29-2011 16:46;152;0
03-29-2011 16:47;86;0
03-29-2011 16:48;209;0
03-29-2011 16:49;45;0
03-29-2011 16:50;22;0
03-29-2011 16:51;0;0
03-29-2011 16:52;35;0
03-29-2011 16:53;111;0
03-29-2011 16:54;9;0
03-29-2011 16:55;202;0
03-29-2011 16:56;45;0
03-29-2011 16:57;52;0
03-29-2011 16:58;97;0
03-29-2011 16:59;142;0
03-29-2011 17:00;100;0
03-29-2011 17:01;45;0
03-29-2011 17:02;126;0
03-29-2011 17:03;3;0
03-29-2011 17:04;9;0
03-29-2011 17:05;83;0
03-29-2011 17:06;9;0
03-29-2011 17:07;35;0
03-29-2011 17:08;26;0
03-29-2011 17:09;111;0
03-29-2011 17:10;116;0
03-29-2011 17:11;62;0
03-29-2011 17:12;126;0
03-29-2011 17:13;104;0
03-29-2011 17:14;0;0
03-29-2011 17:15;0;0
03-29-2011 17:16;157;0
03-29-2011 17:17;48;0
03-29-2011 17:18;40;0
03-29-2011 17:19;182;0
03-29-2011 17:20;17;0
03-29-2011 17:21;0;0
03-29-2011 17:22;21;0
03-29-2011 17:23;0;0
03-29-2011 17:24;0;0
03-29-2011 17:25;42;0
03-29-2011 17:26;31;0
03-29-2011 17:27;5;0
03-29-2011 17:28;33;0
03-29-2011 17:29;12;0
03-29-2011 17:30;0;0
03-29-2011 17:31;36;0
03-29-2011 17:32;107;0
03-29-2011 17:33;83;0
03-29-2011 17:34;258;0
03-29-2011 17:35;26;0
03-29-2011 17:36;80;0
03-29-2011 17:37;47;0
03-29-2011 17:38;21;0
03-29-2011 17:39;0;0
03-29-2011 17:40;0;0
03-29-2011 17:41;16;0
03-29-2011 17:42;93;0
03-29-2011 17:43;10;0
03-29-2011 17:44;9;0
03-29-2011 17:45;0;0
03-29-2011 17:46;137;0
03-29-2011 17:47;189;0
03-29-2011 17:48;5;0
03-29-2011 17:49;26;0
03-29-2011 17:50;40;0
03-29-2011 17:51;0;0
03-29-2011 17:52;17;0
03-29-2011 17:53;24;0
03-29-2011 17:54;189;0
03-29-2011 17:55;147;0
03-29-2011 17:56;28;0
03-29-2011 17:57;55;0
03-29-2011 17:58;26;0
03-29-2011 17:59;131;0
03-29-2011 18:00;59;0
03-29-2011 18:01;12;0
03-29-2011 18:02;33;0
03-29-2011 18:03;14;0
03-29-2011 18:04;104;0
03-29-2011 18:05;126;0
03-29-2011 18:06;0;0
03-29-2011 18:07;0;0
03-29-2011 18:08;147;0
03-29-2011 18:09;16;0
03-29-2011 18:10;50;0
03-29-2011 18:11;24;0
03-29-2011 18:12;93;0
03-29-2011 18:13;121;0
03-29-2011 18:14;80;0
03-29-2011 18:15;216;0
03-29-2011 18:16;567;0
03-29-2011 18:17;152;0
03-29-2011 18:18;209;0
03-29-2011 18:19;216;0
03-29-2011 18:20;100;0
03-29-2011 18:21;35;0
03-29-2011 18:22;36;0
03-29-2011 18:23;107;0
03-29-2011 18:24;76;0
03-29-2011 18:25;104;0
03-29-2011 18:26;62;0
03-29-2011 18:27;28;0
03-29-2011 18:28;100;0
03-29-2011 18:29;336;0
03-29-2011 18:30;249;0
03-29-2011 18:31;83;0
03-29-2011 18:32;26;0
03-29-2011 18:33;93;0
03-29-2011 18:34;0;0
03-29-2011 18:35;52;0
03-29-2011 18:36;43;0
03-29-2011 18:37;0;0
03-29-2011 18:38;55;0
03-29-2011 18:39;163;0
03-29-2011 18:40;438;0
03-29-2011 18:41;182;0
03-29-2011 18:42;24;0
03-29-2011 18:43;48;0
03-29-2011 18:44;107;0
03-29-2011 18:45;163;0
03-29-2011 18:46;3;0
03-29-2011 18:47;126;0
03-29-2011 18:48;107;0
03-29-2011 18:49;12;0
03-29-2011 18:50;17;0
03-29-2011 18:51;48;0
03-29-2011 18:52;202;0
03-29-2011 18:53;62;0
03-29-2011 18:54;62;0
03-29-2011 18:55;116;0
03-29-2011 18:56;24;0
03-29-2011 18:57;35;0
03-29-2011 18:58;107;0
03-29-2011 18:59;137;0
03-29-2011 19:00;73;0
03-29-2011 19:01;3;0
03-29-2011 19:02;0;0
03-29-2011 19:03;100;0
03-29-2011 19:04;80;0
03-29-2011 19:05;157;0
03-29-2011 19:06;22;0
03-29-2011 19:07;21;0
03-29-2011 19:08;90;0
03-29-2011 19:09;62;0
03-29-2011 19:10;29;0
03-29-2011 19:11;0;0
03-29-2011 19:12;0;0
03-29-2011 19:13;0;0
03-29-2011 19:14;17;0
03-29-2011 19:15;52;0
03-29-2011 19:16;31;0
03-29-2011 19:17;175;0
03-29-2011 19:18;55;0
03-29-2011 19:19;0;0
03-29-2011 19:20;0;0
03-29-2011 19:21;0;0
03-29-2011 19:22;0;0
03-29-2011 19:23;55;0
03-29-2011 19:24;0;0
03-29-2011 19:25;0;0
03-29-2011 19:26;163;0
03-29-2011 19:27;29;0
03-29-2011 19:28;35;0
03-29-2011 19:29;0;0
03-29-2011 19:30;45;0
03-29-2011 19:31;35;0
03-29-2011 19:32;29;0
03-29-2011 19:33;76;0
03-29-2011 19:34;59;0
03-29-2011 19:35;107;0
03-29-2011 19:36;0;0
03-29-2011 19:37;182;0
03-29-2011 19:38;223;0
03-29-2011 19:39;21;0
03-29-2011 19:40;202;0
03-29-2011 19:41;182;0
03-29-2011 19:42;97;0
03-29-2011 19:43;175;0
03-29-2011 19:44;147;0
03-29-2011 19:45;40;0
03-29-2011 19:46;90;0
03-29-2011 19:47;73;0
03-29-2011 19:48;111;0
03-29-2011 19:49;66;0
03-29-2011 19:50;758;1
03-29-2011 19:51;1342;1
03-29-2011 19:52;533;0
03-29-2011 19:53;467;0
03-29-2011 19:54;424;0
03-29-2011 19:55;889;1
03-29-2011 19:56;711;1
03-29-2011 19:57;336;0
03-29-2011 19:58;451;0
03-29-2011 19:59;515;0
03-29-2011 20:00;424;0
03-29-2011 20:01;137;0
03-29-2011 20:02;10;0
03-29-2011 20:03;14;0
03-29-2011 20:04;14;0
03-29-2011 20:05;9;0
03-29-2011 20:06;10;0
03-29-2011 20:07;73;0
03-29-2011 20:08;55;0
03-29-2011 20:09;111;0
03-29-2011 20:10;28;0
03-29-2011 20:11;86;0
03-29-2011 20:12;107;0
03-29-2011 20:13;26;0
03-29-2011 20:14;62;0
03-29-2011 20:15;0;0
03-29-2011 20:16;3;0
03-29-2011 20:17;36;0
03-29-2011 20:18;396;0
03-29-2011 20:19;26;0
03-29-2011 20:20;3;0
03-29-2011 20:21;294;0
03-29-2011 20:22;1076;1
03-29-2011 20:23;360;0
03-29-2011 20:24;202;0
03-29-2011 20:25;142;0
03-29-2011 20:26;147;0
03-29-2011 20:27;202;0
03-29-2011 20:28;438;0
03-29-2011 20:29;147;0
03-29-2011 20:30;36;0
03-29-2011 20:31;0;0
03-29-2011 20:32;0;0
03-29-2011 20:33;0;0
03-29-2011 20:34;0;0
03-29-2011 20:35;304;0
03-29-2011 20:36;175;0
03-29-2011 20:37;80;0
03-29-2011 20:38;126;0
03-29-2011 20:39;86;0
03-29-2011 20:40;182;0
03-29-2011 20:41;284;0
03-29-2011 20:42;605;1
03-29-2011 20:43;1430;1
03-29-2011 20:44;711;1
03-29-2011 20:45;782;1
03-29-2011 20:46;1043;1
03-29-2011 20:47;782;1
03-29-2011 20:48;758;1
03-29-2011 20:49;645;1
03-29-2011 20:50;624;1
03-29-2011 20:51;861;1
03-29-2011 20:52;1147;1
03-29-2011 20:53;1010;1
03-29-2011 20:54;438;0
03-29-2011 20:55;605;1
03-29-2011 20:56;372;0
03-29-2011 20:57;533;0
03-29-2011 20:58;567;0
03-29-2011 20:59;758;1
03-29-2011 21:00;567;0
03-29-2011 21:01;55;0
03-29-2011 21:02;202;0
03-29-2011 21:03;38;0
03-29-2011 21:04;76;0
03-29-2011 21:05;93;0
03-29-2011 21:06;43;0
03-29-2011 21:07;3;0
03-29-2011 21:08;33;0
03-29-2011 21:09;152;0
03-29-2011 21:10;202;0
03-29-2011 21:11;40;0
03-29-2011 21:12;24;0
03-29-2011 21:13;14;0
03-29-2011 21:14;0;0
03-29-2011 21:15;0;0
03-29-2011 21:16;0;0
03-29-2011 21:17;0;0
03-29-2011 21:18;104;0
03-29-2011 21:19;83;0
03-29-2011 21:20;147;0
03-29-2011 21:21;0;0
03-29-2011 21:22;3;0
03-29-2011 21:23;0;0
03-29-2011 21:24;0;0
03-29-2011 21:25;83;0
03-29-2011 21:26;336;0
03-29-2011 21:27;605;1
03-29-2011 21:28;348;0
03-29-2011 21:29;9;0
03-29-2011 21:30;0;0
03-29-2011 21:31;3;0
03-29-2011 21:32;31;0
03-29-2011 21:33;12;0
03-29-2011 21:34;9;0
03-29-2011 21:35;9;0
03-29-2011 21:36;54;0
03-29-2011 21:37;28;0
03-29-2011 21:38;0;0
03-29-2011 21:39;54;0
03-29-2011 21:40;3;0
03-29-2011 21:41;0;0
03-29-2011 21:42;14;0
03-29-2011 21:43;0;0
03-29-2011 21:44;83;0
03-29-2011 21:45;76;0
03-29-2011 21:46;7;0
03-29-2011 21:47;0;0
03-29-2011 21:48;0;0
03-29-2011 21:49;121;0
03-29-2011 21:50;137;0
03-29-2011 21:51;157;0
03-29-2011 21:52;121;0
03-29-2011 21:53;33;0
03-29-2011 21:54;43;0
03-29-2011 21:55;0;0
03-29-2011 21:56;0;0
03-29-2011 21:57;0;0
03-29-2011 21:58;0;0
03-29-2011 21:59;0;0
03-29-2011 22:00;0;0
03-29-2011 22:01;3;0
03-29-2011 22:02;0;0
03-29-2011 22:03;0;0
03-29-2011 22:04;3;0
03-29-2011 22:05;0;0
03-29-2011 22:06;21;0
03-29-2011 22:07;93;0
03-29-2011 22:08;137;0
03-29-2011 22:09;116;0
03-29-2011 22:10;43;0
03-29-2011 22:11;3;0
03-29-2011 22:12;36;0
03-29-2011 22:13;21;0
03-29-2011 22:14;69;0
03-29-2011 22:15;55;0
03-29-2011 22:16;36;0
03-29-2011 22:17;40;0
03-29-2011 22:18;7;0
03-29-2011 22:19;202;0
03-29-2011 22:20;567;0
03-29-2011 22:21;189;0
03-29-2011 22:22;16;0
03-29-2011 22:23;157;0
03-29-2011 22:24;304;0
03-29-2011 22:25;424;0
03-29-2011 22:26;40;0
03-29-2011 22:27;24;0
03-29-2011 22:28;48;0
03-29-2011 22:29;5;0
03-29-2011 22:30;0;0
03-29-2011 22:31;12;0
03-29-2011 22:32;33;0
03-29-2011 22:33;0;0
03-29-2011 22:34;93;0
03-29-2011 22:35;3;0
03-29-2011 22:36;10;0
03-29-2011 22:37;9;0
03-29-2011 22:38;175;0
03-29-2011 22:39;121;0
03-29-2011 22:40;54;0
03-29-2011 22:41;0;0
03-29-2011 22:42;73;0
03-29-2011 22:43;35;0
03-29-2011 22:44;90;0
03-29-2011 22:45;142;0
03-29-2011 22:46;216;0
03-29-2011 22:47;147;0
03-29-2011 22:48;157;0
03-29-2011 22:49;31;0
03-29-2011 22:50;14;0
03-29-2011 22:51;38;0
03-29-2011 22:52;0;0
03-29-2011 22:53;0;0
03-29-2011 22:54;62;0
03-29-2011 22:55;0;0
03-29-2011 22:56;59;0
03-29-2011 22:57;0;0
03-29-2011 22:58;26;0
03-29-2011 22:59;0;0
03-29-2011 23:00;10;0
03-29-2011 23:01;59;0
03-29-2011 23:02;52;0
03-29-2011 23:03;0;0
03-29-2011 23:04;19;0
03-29-2011 23:05;0;0
03-29-2011 23:06;195;0
03-29-2011 23:07;258;0
03-29-2011 23:08;97;0
03-29-2011 23:09;195;0
03-29-2011 23:10;223;0
03-29-2011 23:11;19;0
03-29-2011 23:12;147;0
03-29-2011 23:13;0;0
03-29-2011 23:14;0;0
03-29-2011 23:15;0;0
03-29-2011 23:16;195;0
03-29-2011 23:17;711;1
03-29-2011 23:18;232;0
03-29-2011 23:19;266;0
03-29-2011 23:20;325;0
03-29-2011 23:21;645;1
03-29-2011 23:22;979;1
03-29-2011 23:23;1147;1
03-29-2011 23:24;533;0
03-29-2011 23:25;73;0
03-29-2011 23:26;1522;1
03-29-2011 23:27;24;0
03-29-2011 23:28;45;0
03-29-2011 23:29;62;0
03-29-2011 23:30;372;0
03-29-2011 23:31;189;0
03-29-2011 23:32;258;0
03-29-2011 23:33;918;1
03-29-2011 23:34;116;0
03-29-2011 23:35;979;1
03-29-2011 23:36;294;0
03-29-2011 23:37;3;0
03-29-2011 23:38;0;0
03-29-2011 23:39;0;0
03-29-2011 23:40;240;0
03-29-2011 23:41;0;0
03-29-2011 23:42;55;0
03-29-2011 23:43;48;0
03-29-2011 23:44;0;0
03-29-2011 23:45;50;0
03-29-2011 23:46;0;0
03-29-2011 23:47;35;0
03-29-2011 23:48;50;0
03-29-2011 23:49;26;0
03-29-2011 23:50;28;0
03-29-2011 23:51;28;0
03-29-2011 23:52;0;0
03-29-2011 23:53;0;0
03-29-2011 23:54;29;0
03-29-2011 23:55;0;0
03-29-2011 23:56;86;0
03-29-2011 23:57;14;0
03-29-2011 23:58;3;0
03-29-2011 23:59;22;0
03-30-2011 00:00;240;0
03-30-2011 00:01;31;0
03-30-2011 00:02;0;0
03-30-2011 00:03;121;0
03-30-2011 00:04;3;0
03-30-2011 00:05;0;0
03-30-2011 00:06;111;0
03-30-2011 00:07;182;0
03-30-2011 00:08;36;0
03-30-2011 00:09;142;0
03-30-2011 00:10;3;0
03-30-2011 00:11;0;0
03-30-2011 00:12;111;0
03-30-2011 00:13;0;0
03-30-2011 00:14;189;0
03-30-2011 00:15;43;0
03-30-2011 00:16;66;0
03-30-2011 00:17;3;0
03-30-2011 00:18;294;0
03-30-2011 00:19;467;0
03-30-2011 00:20;0;0
03-30-2011 00:21;62;0
03-30-2011 00:22;0;0
03-30-2011 00:23;5;0
03-30-2011 00:24;3;0
03-30-2011 00:25;0;0
03-30-2011 00:26;38;0
03-30-2011 00:27;0;0
03-30-2011 00:28;0;0
03-30-2011 00:29;9;0
03-30-2011 00:30;0;0
03-30-2011 00:31;0;0
03-30-2011 00:32;10;0
03-30-2011 00:33;0;0
03-30-2011 00:34;0;0
03-30-2011 00:35;5;0
03-30-2011 00:36;0;0
03-30-2011 00:37;0;0
03-30-2011 00:38;0;0
03-30-2011 00:39;0;0
03-30-2011 00:40;0;0
03-30-2011 00:41;0;0
03-30-2011 00:42;0;0
03-30-2011 00:43;0;0
03-30-2011 00:44;9;0
03-30-2011 00:45;0;0
03-30-2011 00:46;0;0
03-30-2011 00:47;0;0
03-30-2011 00:48;0;0
03-30-2011 00:49;0;0
03-30-2011 00:50;0;0
03-30-2011 00:51;0;0
03-30-2011 00:52;0;0
03-30-2011 00:53;0;0
03-30-2011 00:54;0;0
03-30-2011 00:55;0;0
03-30-2011 00:56;0;0
03-30-2011 00:57;0;0
03-30-2011 00:58;0;0
03-30-2011 00:59;0;0
03-30-2011 01:00;0;0
03-30-2011 01:01;0;0
03-30-2011 01:02;137;0
03-30-2011 01:03;0;0
03-30-2011 01:04;0;0
03-30-2011 01:05;0;0
03-30-2011 01:06;0;0
03-30-2011 01:07;0;0
03-30-2011 01:08;0;0
03-30-2011 01:09;0;0
03-30-2011 01:10;62;0
03-30-2011 01:11;0;0
03-30-2011 01:12;0;0
03-30-2011 01:13;76;0
03-30-2011 01:14;0;0
03-30-2011 01:15;54;0
03-30-2011 01:16;0;0
03-30-2011 01:17;0;0
03-30-2011 01:18;36;0
03-30-2011 01:19;336;0
03-30-2011 01:20;0;0
03-30-2011 01:21;0;0
03-30-2011 01:22;0;0
03-30-2011 01:23;42;0
03-30-2011 01:24;0;0
03-30-2011 01:25;19;0
03-30-2011 01:26;0;0
03-30-2011 01:27;0;0
03-30-2011 01:28;0;0
03-30-2011 01:29;3;0
03-30-2011 01:30;76;0
03-30-2011 01:31;0;0
03-30-2011 01:32;66;0
03-30-2011 01:33;69;0
03-30-2011 01:34;0;0
03-30-2011 01:35;0;0
03-30-2011 01:36;142;0
03-30-2011 01:37;0;0
03-30-2011 01:38;0;0
03-30-2011 01:39;0;0
03-30-2011 01:40;76;0
03-30-2011 01:41;0;0
03-30-2011 01:42;0;0
03-30-2011 01:43;0;0
03-30-2011 01:44;0;0
03-30-2011 01:45;0;0
03-30-2011 01:46;69;0
03-30-2011 01:47;0;0
03-30-2011 01:48;0;0
03-30-2011 01:49;0;0
03-30-2011 01:50;0;0
03-30-2011 01:51;0;0
03-30-2011 01:52;0;0
03-30-2011 01:53;0;0
03-30-2011 01:54;0;0
03-30-2011 01:55;0;0
03-30-2011 01:56;0;0
03-30-2011 01:57;0;0
03-30-2011 01:58;0;0
03-30-2011 01:59;0;0
03-30-2011 02:00;0;0
03-30-2011 02:01;0;0
03-30-2011 02:02;0;0
03-30-2011 02:03;0;0
03-30-2011 02:04;0;0
03-30-2011 02:05;0;0
03-30-2011 02:06;0;0
03-30-2011 02:07;0;0
03-30-2011 02:08;0;0
03-30-2011 02:09;0;0
03-30-2011 02:10;0;0
03-30-2011 02:11;0;0
03-30-2011 02:12;0;0
03-30-2011 02:13;0;0
03-30-2011 02:14;0;0
03-30-2011 02:15;0;0
03-30-2011 02:16;0;0
03-30-2011 02:17;0;0
03-30-2011 02:18;0;0
03-30-2011 02:19;0;0
03-30-2011 02:20;0;0
03-30-2011 02:21;0;0
03-30-2011 02:22;0;0
03-30-2011 02:23;0;0
03-30-2011 02:24;0;0
03-30-2011 02:25;0;0
03-30-2011 02:26;0;0
03-30-2011 02:27;0;0
03-30-2011 02:28;0;0
03-30-2011 02:29;62;0
03-30-2011 02:30;0;0
03-30-2011 02:31;0;0
03-30-2011 02:32;0;0
03-30-2011 02:33;0;0
03-30-2011 02:34;0;0
03-30-2011 02:35;0;0
03-30-2011 02:36;0;0
03-30-2011 02:37;0;0
03-30-2011 02:38;0;0
03-30-2011 02:39;0;0
03-30-2011 02:40;0;0
03-30-2011 02:41;0;0
03-30-2011 02:42;0;0
03-30-2011 02:43;0;0
03-30-2011 02:44;0;0
03-30-2011 02:45;0;0
03-30-2011 02:46;0;0
03-30-2011 02:47;0;0
03-30-2011 02:48;0;0
03-30-2011 02:49;0;0
03-30-2011 02:50;0;0
03-30-2011 02:51;0;0
03-30-2011 02:52;0;0
03-30-2011 02:53;0;0
03-30-2011 02:54;0;0
03-30-2011 02:55;69;0
03-30-2011 02:56;0;0
03-30-2011 02:57;0;0
03-30-2011 02:58;0;0
03-30-2011 02:59;182;0
03-30-2011 03:00;0;0
03-30-2011 03:01;0;0
03-30-2011 03:02;467;0
03-30-2011 03:03;284;0
03-30-2011 03:04;0;0
03-30-2011 03:05;0;0
03-30-2011 03:06;0;0
03-30-2011 03:07;0;0
03-30-2011 03:08;0;0
03-30-2011 03:09;0;0
03-30-2011 03:10;0;0
03-30-2011 03:11;0;0
03-30-2011 03:12;0;0
03-30-2011 03:13;0;0
03-30-2011 03:14;0;0
03-30-2011 03:15;0;0
03-30-2011 03:16;0;0
03-30-2011 03:17;0;0
03-30-2011 03:18;0;0
03-30-2011 03:19;0;0
03-30-2011 03:20;0;0
03-30-2011 03:21;3;0
03-30-2011 03:22;47;0
03-30-2011 03:23;0;0
03-30-2011 03:24;0;0
03-30-2011 03:25;0;0
03-30-2011 03:26;152;0
03-30-2011 03:27;0;0
03-30-2011 03:28;0;0
03-30-2011 03:29;0;0
03-30-2011 03:30;0;0
03-30-2011 03:31;3;0
03-30-2011 03:32;0;0
03-30-2011 03:33;3;0
03-30-2011 03:34;0;0
03-30-2011 03:35;0;0
03-30-2011 03:36;0;0
03-30-2011 03:37;3;0
03-30-2011 03:38;0;0
03-30-2011 03:39;76;0
03-30-2011 03:40;0;0
03-30-2011 03:41;0;0
03-30-2011 03:42;5;0
03-30-2011 03:43;0;0
03-30-2011 03:44;0;0
03-30-2011 03:45;0;0
03-30-2011 03:46;0;0
03-30-2011 03:47;0;0
03-30-2011 03:48;3;0
03-30-2011 03:49;0;0
03-30-2011 03:50;0;0
03-30-2011 03:51;0;0
03-30-2011 03:52;0;0
03-30-2011 03:53;0;0
03-30-2011 03:54;0;0
03-30-2011 03:55;0;0
03-30-2011 03:56;0;0
03-30-2011 03:57;3;0
03-30-2011 03:58;0;0
03-30-2011 03:59;0;0
03-30-2011 04:00;50;0
03-30-2011 04:01;21;0
03-30-2011 04:02;10;0
03-30-2011 04:03;24;0
03-30-2011 04:04;0;0
03-30-2011 04:05;0;0
03-30-2011 04:06;0;0
03-30-2011 04:07;182;0
03-30-2011 04:08;0;0
03-30-2011 04:09;0;0
03-30-2011 04:10;284;0
03-30-2011 04:11;0;0
03-30-2011 04:12;0;0
03-30-2011 04:13;0;0
03-30-2011 04:14;121;0
03-30-2011 04:15;10;0
03-30-2011 04:16;3;0
03-30-2011 04:17;0;0
03-30-2011 04:18;0;0
03-30-2011 04:19;147;0
03-30-2011 04:20;0;0
03-30-2011 04:21;0;0
03-30-2011 04:22;0;0
03-30-2011 04:23;0;0
03-30-2011 04:24;0;0
03-30-2011 04:25;29;0
03-30-2011 04:26;48;0
03-30-2011 04:27;284;0
03-30-2011 04:28;0;0
03-30-2011 04:29;0;0
03-30-2011 04:30;0;0
03-30-2011 04:31;0;0
03-30-2011 04:32;0;0
03-30-2011 04:33;0;0
03-30-2011 04:34;0;0
03-30-2011 04:35;209;0
03-30-2011 04:36;0;0
03-30-2011 04:37;175;0
03-30-2011 04:38;0;0
03-30-2011 04:39;0;0
03-30-2011 04:40;0;0
03-30-2011 04:41;0;0
03-30-2011 04:42;0;0
03-30-2011 04:43;0;0
03-30-2011 04:44;0;0
03-30-2011 04:45;0;0
03-30-2011 04:46;0;0
03-30-2011 04:47;0;0
03-30-2011 04:48;0;0
03-30-2011 04:49;0;0
03-30-2011 04:50;0;0
03-30-2011 04:51;0;0
03-30-2011 04:52;0;0
03-30-2011 04:53;0;0
03-30-2011 04:54;9;0
03-30-2011 04:55;0;0
03-30-2011 04:56;0;0
03-30-2011 04:57;0;0
03-30-2011 04:58;0;0
03-30-2011 04:59;0;0
03-30-2011 05:00;0;0
03-30-2011 05:01;5;0
03-30-2011 05:02;0;0
03-30-2011 05:03;0;0
03-30-2011 05:04;0;0
03-30-2011 05:05;0;0
03-30-2011 05:06;0;0
03-30-2011 05:07;3;0
03-30-2011 05:08;21;0
03-30-2011 05:09;0;0
03-30-2011 05:10;0;0
03-30-2011 05:11;0;0
03-30-2011 05:12;0;0
03-30-2011 05:13;0;0
03-30-2011 05:14;0;0
03-30-2011 05:15;0;0
03-30-2011 05:16;0;0
03-30-2011 05:17;0;0
03-30-2011 05:18;0;0
03-30-2011 05:19;0;0
03-30-2011 05:20;0;0
03-30-2011 05:21;0;0
03-30-2011 05:22;0;0
03-30-2011 05:23;0;0
03-30-2011 05:24;0;0
03-30-2011 05:25;0;0
03-30-2011 05:26;28;0
03-30-2011 05:27;0;0
03-30-2011 05:28;0;0
03-30-2011 05:29;0;0
03-30-2011 05:30;0;0
03-30-2011 05:31;0;0
03-30-2011 05:32;0;0
03-30-2011 05:33;202;0
03-30-2011 05:34;0;0
03-30-2011 05:35;0;0
03-30-2011 05:36;10;0
03-30-2011 05:37;0;0
03-30-2011 05:38;10;0
03-30-2011 05:39;0;0
03-30-2011 05:40;126;0
03-30-2011 05:41;45;0
03-30-2011 05:42;0;0
03-30-2011 05:43;168;0
03-30-2011 05:44;3;0
03-30-2011 05:45;0;0
03-30-2011 05:46;73;0
03-30-2011 05:47;0;0
03-30-2011 05:48;0;0
03-30-2011 05:49;40;0
03-30-2011 05:50;80;0
03-30-2011 05:51;0;0
03-30-2011 05:52;0;0
03-30-2011 05:53;0;0
03-30-2011 05:54;0;0
03-30-2011 05:55;12;0
03-30-2011 05:56;3;0
03-30-2011 05:57;0;0
03-30-2011 05:58;0;0
03-30-2011 05:59;0;0
03-30-2011 06:00;0;0
03-30-2011 06:01;3;0
03-30-2011 06:02;0;0
03-30-2011 06:03;0;0
03-30-2011 06:04;0;0
03-30-2011 06:05;40;0
03-30-2011 06:06;0;0
03-30-2011 06:07;0;0
03-30-2011 06:08;0;0
03-30-2011 06:09;0;0
03-30-2011 06:10;0;0
03-30-2011 06:11;33;0
03-30-2011 06:12;189;0
03-30-2011 06:13;0;0
03-30-2011 06:14;28;0
03-30-2011 06:15;0;0
03-30-2011 06:16;0;0
03-30-2011 06:17;0;0
03-30-2011 06:18;24;0
03-30-2011 06:19;126;0
03-30-2011 06:20;0;0
03-30-2011 06:21;5;0
03-30-2011 06:22;550;1
03-30-2011 06:23;567;0
03-30-2011 06:24;90;0
03-30-2011 06:25;100;0
03-30-2011 06:26;90;0
03-30-2011 06:27;73;0
03-30-2011 06:28;73;0
03-30-2011 06:29;384;0
03-30-2011 06:30;202;0
03-30-2011 06:31;0;0
03-30-2011 06:32;0;0
03-30-2011 06:33;35;0
03-30-2011 06:34;52;0
03-30-2011 06:35;0;0
03-30-2011 06:36;0;0
03-30-2011 06:37;0;0
03-30-2011 06:38;0;0
03-30-2011 06:39;35;0
03-30-2011 06:40;26;0
03-30-2011 06:41;0;0
03-30-2011 06:42;26;0
03-30-2011 06:43;90;0
03-30-2011 06:44;33;0
03-30-2011 06:45;66;0
03-30-2011 06:46;21;0
03-30-2011 06:47;168;0
03-30-2011 06:48;202;0
03-30-2011 06:49;86;0
03-30-2011 06:50;126;0
03-30-2011 06:51;31;0
03-30-2011 06:52;126;0
03-30-2011 06:53;157;0
03-30-2011 06:54;567;0
03-30-2011 06:55;515;0
03-30-2011 06:56;266;0
03-30-2011 06:57;33;0
03-30-2011 06:58;0;0
03-30-2011 06:59;0;0
03-30-2011 07:00;3;0
03-30-2011 07:01;0;0
03-30-2011 07:02;12;0
03-30-2011 07:03;0;0
03-30-2011 07:04;62;0
03-30-2011 07:05;3;0
03-30-2011 07:06;0;0
03-30-2011 07:07;40;0
03-30-2011 07:08;0;0
03-30-2011 07:09;3;0
03-30-2011 07:10;16;0
03-30-2011 07:11;73;0
03-30-2011 07:12;62;0
03-30-2011 07:13;0;0
03-30-2011 07:14;10;0
03-30-2011 07:15;3;0
03-30-2011 07:16;9;0
03-30-2011 07:17;59;0
03-30-2011 07:18;24;0
03-30-2011 07:19;12;0
03-30-2011 07:20;21;0
03-30-2011 07:21;59;0
03-30-2011 07:22;29;0
03-30-2011 07:23;3;0
03-30-2011 07:24;3;0
03-30-2011 07:25;31;0
03-30-2011 07:26;16;0
03-30-2011 07:27;10;0
03-30-2011 07:28;12;0
03-30-2011 07:29;0;0
03-30-2011 07:30;3;0
03-30-2011 07:31;1147;1
03-30-2011 07:32;348;0
03-30-2011 07:33;249;0
03-30-2011 07:34;284;0
03-30-2011 07:35;424;0
03-30-2011 07:36;861;1
03-30-2011 07:37;948;1
03-30-2011 07:38;498;0
03-30-2011 07:39;9;0
03-30-2011 07:40;3;0
03-30-2011 07:41;3;0
03-30-2011 07:42;19;0
03-30-2011 07:43;3;0
03-30-2011 07:44;0;0
03-30-2011 07:45;55;0
03-30-2011 07:46;43;0
03-30-2011 07:47;396;0
03-30-2011 07:48;711;1
03-30-2011 07:49;711;1
03-30-2011 07:50;586;1
03-30-2011 07:51;209;0
03-30-2011 07:52;31;0
03-30-2011 07:53;116;0
03-30-2011 07:54;137;0
03-30-2011 07:55;498;0
03-30-2011 07:56;567;0
03-30-2011 07:57;467;0
03-30-2011 07:58;62;0
03-30-2011 07:59;80;0
03-30-2011 08:00;76;0
03-30-2011 08:01;104;0
03-30-2011 08:02;97;0
03-30-2011 08:03;9;0
03-30-2011 08:04;9;0
03-30-2011 08:05;14;0
03-30-2011 08:06;9;0
03-30-2011 08:07;0;0
03-30-2011 08:08;624;1
03-30-2011 08:09;688;1
03-30-2011 08:10;483;0
03-30-2011 08:11;157;0
03-30-2011 08:12;240;0
03-30-2011 08:13;202;0
03-30-2011 08:14;550;1
03-30-2011 08:15;438;0
03-30-2011 08:16;550;1
03-30-2011 08:17;209;0
03-30-2011 08:18;515;0
03-30-2011 08:19;467;0
03-30-2011 08:20;451;0
03-30-2011 08:21;645;1
03-30-2011 08:22;1430;1
03-30-2011 08:23;1221;1
03-30-2011 08:24;1183;1
03-30-2011 08:25;424;0
03-30-2011 08:26;515;0
03-30-2011 08:27;605;1
03-30-2011 08:28;1076;1
03-30-2011 08:29;688;1
03-30-2011 08:30;889;1
03-30-2011 08:31;515;0
03-30-2011 08:32;1183;1
03-30-2011 08:33;483;0
03-30-2011 08:34;861;1
03-30-2011 08:35;688;1
03-30-2011 08:36;918;1
03-30-2011 08:37;515;0
03-30-2011 08:38;586;1
03-30-2011 08:39;550;1
03-30-2011 08:40;315;0
03-30-2011 08:41;586;1
03-30-2011 08:42;586;1
03-30-2011 08:43;424;0
03-30-2011 08:44;438;0
03-30-2011 08:45;175;0
03-30-2011 08:46;66;0
03-30-2011 08:47;202;0
03-30-2011 08:48;76;0
03-30-2011 08:49;40;0
03-30-2011 08:50;33;0
03-30-2011 08:51;3;0
03-30-2011 08:52;35;0
03-30-2011 08:53;107;0
03-30-2011 08:54;116;0
03-30-2011 08:55;76;0
03-30-2011 08:56;35;0
03-30-2011 08:57;50;0
03-30-2011 08:58;55;0
03-30-2011 08:59;116;0
03-30-2011 09:00;304;0
03-30-2011 09:01;782;1
03-30-2011 09:02;304;0
03-30-2011 09:03;758;1
03-30-2011 09:04;451;0
03-30-2011 09:05;567;0
03-30-2011 09:06;645;1
03-30-2011 09:07;384;0
03-30-2011 09:08;1571;1
03-30-2011 09:09;3;0
03-30-2011 09:10;0;0
03-30-2011 09:11;21;0
03-30-2011 09:12;3;0
03-30-2011 09:13;0;0
03-30-2011 09:14;0;0
03-30-2011 09:15;0;0
03-30-2011 09:16;0;0
03-30-2011 09:17;0;0
03-30-2011 09:18;0;0
03-30-2011 09:19;0;0
03-30-2011 09:20;3;0
03-30-2011 09:21;5;0
03-30-2011 09:22;384;0
03-30-2011 09:23;1571;1
03-30-2011 09:24;1076;1
03-30-2011 09:25;605;1
03-30-2011 09:26;645;1
03-30-2011 09:27;979;1
03-30-2011 09:28;97;0
03-30-2011 09:29;52;0
03-30-2011 09:30;131;0
03-30-2011 09:31;567;0
03-30-2011 09:32;325;0
03-30-2011 09:33;567;0
03-30-2011 09:34;294;0
03-30-2011 09:35;189;0
03-30-2011 09:36;121;0
03-30-2011 09:37;62;0
03-30-2011 09:38;59;0
03-30-2011 09:39;73;0
03-30-2011 09:40;66;0
03-30-2011 09:41;69;0
03-30-2011 09:42;189;0
03-30-2011 09:43;121;0
03-30-2011 09:44;17;0
03-30-2011 09:45;16;0
03-30-2011 09:46;48;0
03-30-2011 09:47;163;0
03-30-2011 09:48;126;0
03-30-2011 09:49;515;0
03-30-2011 09:50;336;0
03-30-2011 09:51;438;0
03-30-2011 09:52;372;0
03-30-2011 09:53;147;0
03-30-2011 09:54;258;0
03-30-2011 09:55;275;0
03-30-2011 09:56;131;0
03-30-2011 09:57;304;0
03-30-2011 09:58;336;0
03-30-2011 09:59;258;0
03-30-2011 10:00;304;0
03-30-2011 10:01;410;0
03-30-2011 10:02;861;1
03-30-2011 10:03;55;0
03-30-2011 10:04;266;0
03-30-2011 10:05;202;0
03-30-2011 10:06;284;0
03-30-2011 10:07;258;0
03-30-2011 10:08;195;0
03-30-2011 10:09;152;0
03-30-2011 10:10;410;0
03-30-2011 10:11;232;0
03-30-2011 10:12;10;0
03-30-2011 10:13;107;0
03-30-2011 10:14;360;0
03-30-2011 10:15;438;0
03-30-2011 10:16;45;0
03-30-2011 10:17;73;0
03-30-2011 10:18;168;0
03-30-2011 10:19;216;0
03-30-2011 10:20;284;0
03-30-2011 10:21;275;0
03-30-2011 10:22;163;0
03-30-2011 10:23;83;0
03-30-2011 10:24;498;0
03-30-2011 10:25;294;0
03-30-2011 10:26;533;0
03-30-2011 10:27;550;1
03-30-2011 10:28;624;1
03-30-2011 10:29;396;0
03-30-2011 10:30;410;0
03-30-2011 10:31;567;0
03-30-2011 10:32;808;1
03-30-2011 10:33;498;0
03-30-2011 10:34;834;1
03-30-2011 10:35;624;1
03-30-2011 10:36;758;1
03-30-2011 10:37;782;1
03-30-2011 10:38;586;1
03-30-2011 10:39;1010;1
03-30-2011 10:40;861;1
03-30-2011 10:41;918;1
03-30-2011 10:42;1475;1
03-30-2011 10:43;918;1
03-30-2011 10:44;645;1
03-30-2011 10:45;550;1
03-30-2011 10:46;834;1
03-30-2011 10:47;979;1
03-30-2011 10:48;948;1
03-30-2011 10:49;979;1
03-30-2011 10:50;782;1
03-30-2011 10:51;861;1
03-30-2011 10:52;808;1
03-30-2011 10:53;782;1
03-30-2011 10:54;688;1
03-30-2011 10:55;782;1
03-30-2011 10:56;1076;1
03-30-2011 10:57;758;1
03-30-2011 10:58;223;0
03-30-2011 10:59;232;0
03-30-2011 11:00;142;0
03-30-2011 11:01;195;0
03-30-2011 11:02;304;0
03-30-2011 11:03;182;0
03-30-2011 11:04;189;0
03-30-2011 11:05;232;0
03-30-2011 11:06;28;0
03-30-2011 11:07;3;0
03-30-2011 11:08;0;0
03-30-2011 11:09;36;0
03-30-2011 11:10;16;0
03-30-2011 11:11;76;0
03-30-2011 11:12;240;0
03-30-2011 11:13;90;0
03-30-2011 11:14;202;0
03-30-2011 11:15;396;0
03-30-2011 11:16;438;0
03-30-2011 11:17;137;0
03-30-2011 11:18;80;0
03-30-2011 11:19;31;0
03-30-2011 11:20;232;0
03-30-2011 11:21;76;0
03-30-2011 11:22;100;0
03-30-2011 11:23;175;0
03-30-2011 11:24;45;0
03-30-2011 11:25;216;0
03-30-2011 11:26;90;0
03-30-2011 11:27;163;0
03-30-2011 11:28;12;0
03-30-2011 11:29;104;0
03-30-2011 11:30;33;0
03-30-2011 11:31;111;0
03-30-2011 11:32;152;0
03-30-2011 11:33;90;0
03-30-2011 11:34;47;0
03-30-2011 11:35;54;0
03-30-2011 11:36;80;0
03-30-2011 11:37;147;0
03-30-2011 11:38;147;0
03-30-2011 11:39;69;0
03-30-2011 11:40;80;0
03-30-2011 11:41;121;0
03-30-2011 11:42;97;0
03-30-2011 11:43;223;0
03-30-2011 11:44;83;0
03-30-2011 11:45;14;0
03-30-2011 11:46;131;0
03-30-2011 11:47;12;0
03-30-2011 11:48;38;0
03-30-2011 11:49;48;0
03-30-2011 11:50;55;0
03-30-2011 11:51;116;0
03-30-2011 11:52;10;0
03-30-2011 11:53;0;0
03-30-2011 11:54;0;0
03-30-2011 11:55;0;0
03-30-2011 11:56;29;0
03-30-2011 11:57;100;0
03-30-2011 11:58;76;0
03-30-2011 11:59;24;0
03-30-2011 12:00;3;0
03-30-2011 12:01;76;0
03-30-2011 12:02;50;0
03-30-2011 12:03;3;0
03-30-2011 12:04;83;0
03-30-2011 12:05;17;0
03-30-2011 12:06;3;0
03-30-2011 12:07;315;0
03-30-2011 12:08;325;0
03-30-2011 12:09;533;0
03-30-2011 12:10;1076;1
03-30-2011 12:11;396;0
03-30-2011 12:12;121;0
03-30-2011 12:13;29;0
03-30-2011 12:14;147;0
03-30-2011 12:15;111;0
03-30-2011 12:16;33;0
03-30-2011 12:17;104;0
03-30-2011 12:18;9;0
03-30-2011 12:19;152;0
03-30-2011 12:20;48;0
03-30-2011 12:21;42;0
03-30-2011 12:22;3;0
03-30-2011 12:23;126;0
03-30-2011 12:24;50;0
03-30-2011 12:25;26;0
03-30-2011 12:26;3;0
03-30-2011 12:27;21;0
03-30-2011 12:28;62;0
03-30-2011 12:29;80;0
03-30-2011 12:30;111;0
03-30-2011 12:31;36;0
03-30-2011 12:32;73;0
03-30-2011 12:33;10;0
03-30-2011 12:34;9;0
03-30-2011 12:35;111;0
03-30-2011 12:36;66;0
03-30-2011 12:37;54;0
03-30-2011 12:38;55;0
03-30-2011 12:39;40;0
03-30-2011 12:40;54;0
03-30-2011 12:41;10;0
03-30-2011 12:42;0;0
03-30-2011 12:43;0;0
03-30-2011 12:44;17;0
03-30-2011 12:45;100;0
03-30-2011 12:46;384;0
03-30-2011 12:47;14;0
03-30-2011 12:48;14;0
03-30-2011 12:49;54;0
03-30-2011 12:50;35;0
03-30-2011 12:51;0;0
03-30-2011 12:52;21;0
03-30-2011 12:53;175;0
03-30-2011 12:54;33;0
03-30-2011 12:55;131;0
03-30-2011 12:56;83;0
03-30-2011 12:57;50;0
03-30-2011 12:58;175;0
03-30-2011 12:59;93;0
03-30-2011 13:00;483;0
03-30-2011 13:01;35;0
03-30-2011 13:02;157;0
03-30-2011 13:03;22;0
03-30-2011 13:04;0;0
03-30-2011 13:05;0;0
03-30-2011 13:06;111;0
03-30-2011 13:07;76;0
03-30-2011 13:08;0;0
03-30-2011 13:09;19;0
03-30-2011 13:10;16;0
03-30-2011 13:11;31;0
03-30-2011 13:12;438;0
03-30-2011 13:13;711;1
03-30-2011 13:14;666;1
03-30-2011 13:15;808;1
03-30-2011 13:16;586;1
03-30-2011 13:17;384;0
03-30-2011 13:18;515;0
03-30-2011 13:19;137;0
03-30-2011 13:20;131;0
03-30-2011 13:21;157;0
03-30-2011 13:22;126;0
03-30-2011 13:23;567;0
03-30-2011 13:24;438;0
03-30-2011 13:25;93;0
03-30-2011 13:26;223;0
03-30-2011 13:27;666;1
03-30-2011 13:28;348;0
03-30-2011 13:29;567;0
03-30-2011 13:30;624;1
03-30-2011 13:31;979;1
03-30-2011 13:32;294;0
03-30-2011 13:33;111;0
03-30-2011 13:34;116;0
03-30-2011 13:35;12;0
03-30-2011 13:36;54;0
03-30-2011 13:37;52;0
03-30-2011 13:38;80;0
03-30-2011 13:39;26;0
03-30-2011 13:40;90;0
03-30-2011 13:41;26;0
03-30-2011 13:42;59;0
03-30-2011 13:43;16;0
03-30-2011 13:44;0;0
03-30-2011 13:45;73;0
03-30-2011 13:46;126;0
03-30-2011 13:47;54;0
03-30-2011 13:48;10;0
03-30-2011 13:49;3;0
03-30-2011 13:50;157;0
03-30-2011 13:51;73;0
03-30-2011 13:52;86;0
03-30-2011 13:53;59;0
03-30-2011 13:54;59;0
03-30-2011 13:55;111;0
03-30-2011 13:56;59;0
03-30-2011 13:57;38;0
03-30-2011 13:58;80;0
03-30-2011 13:59;0;0
03-30-2011 14:00;137;0
03-30-2011 14:01;202;0
03-30-2011 14:02;22;0
03-30-2011 14:03;189;0
03-30-2011 14:04;52;0
03-30-2011 14:05;16;0
03-30-2011 14:06;216;0
03-30-2011 14:07;202;0
03-30-2011 14:08;62;0
03-30-2011 14:09;80;0
03-30-2011 14:10;17;0
03-30-2011 14:11;0;0
03-30-2011 14:12;59;0
03-30-2011 14:13;0;0
03-30-2011 14:14;24;0
03-30-2011 14:15;0;0
03-30-2011 14:16;19;0
03-30-2011 14:17;17;0
03-30-2011 14:18;10;0
03-30-2011 14:19;66;0
03-30-2011 14:20;9;0
03-30-2011 14:21;80;0
03-30-2011 14:22;42;0
03-30-2011 14:23;14;0
03-30-2011 14:24;59;0
03-30-2011 14:25;59;0
03-30-2011 14:26;152;0
03-30-2011 14:27;45;0
03-30-2011 14:28;35;0
03-30-2011 14:29;31;0
03-30-2011 14:30;31;0
03-30-2011 14:31;0;0
03-30-2011 14:32;66;0
03-30-2011 14:33;137;0
03-30-2011 14:34;202;0
03-30-2011 14:35;40;0
03-30-2011 14:36;62;0
03-30-2011 14:37;111;0
03-30-2011 14:38;14;0
03-30-2011 14:39;16;0
03-30-2011 14:40;24;0
03-30-2011 14:41;131;0
03-30-2011 14:42;22;0
03-30-2011 14:43;31;0
03-30-2011 14:44;83;0
03-30-2011 14:45;0;0
03-30-2011 14:46;0;0
03-30-2011 14:47;16;0
03-30-2011 14:48;14;0
03-30-2011 14:49;22;0
03-30-2011 14:50;90;0
03-30-2011 14:51;216;0
03-30-2011 14:52;104;0
03-30-2011 14:53;0;0
03-30-2011 14:54;424;0
03-30-2011 14:55;137;0
03-30-2011 14:56;93;0
03-30-2011 14:57;69;0
03-30-2011 14:58;36;0
03-30-2011 14:59;147;0
03-30-2011 15:00;131;0
03-30-2011 15:01;116;0
03-30-2011 15:02;157;0
03-30-2011 15:03;0;0
03-30-2011 15:04;33;0
03-30-2011 15:05;202;0
03-30-2011 15:06;22;0
03-30-2011 15:07;29;0
03-30-2011 15:08;69;0
03-30-2011 15:09;33;0
03-30-2011 15:10;29;0
03-30-2011 15:11;40;0
03-30-2011 15:12;59;0
03-30-2011 15:13;19;0
03-30-2011 15:14;12;0
03-30-2011 15:15;33;0
03-30-2011 15:16;16;0
03-30-2011 15:17;240;0
03-30-2011 15:18;62;0
03-30-2011 15:19;43;0
03-30-2011 15:20;12;0
03-30-2011 15:21;40;0
03-30-2011 15:22;69;0
03-30-2011 15:23;24;0
03-30-2011 15:24;216;0
03-30-2011 15:25;22;0
03-30-2011 15:26;35;0
03-30-2011 15:27;59;0
03-30-2011 15:28;195;0
03-30-2011 15:29;19;0
03-30-2011 15:30;137;0
03-30-2011 15:31;325;0
03-30-2011 15:32;121;0
03-30-2011 15:33;21;0
03-30-2011 15:34;0;0
03-30-2011 15:35;28;0
03-30-2011 15:36;55;0
03-30-2011 15:37;28;0
03-30-2011 15:38;86;0
03-30-2011 15:39;86;0
03-30-2011 15:40;116;0
03-30-2011 15:41;121;0
03-30-2011 15:42;515;0
03-30-2011 15:43;175;0
03-30-2011 15:44;137;0
03-30-2011 15:45;147;0
03-30-2011 15:46;62;0
03-30-2011 15:47;116;0
03-30-2011 15:48;107;0
03-30-2011 15:49;0;0
03-30-2011 15:50;175;0
03-30-2011 15:51;223;0
03-30-2011 15:52;202;0
03-30-2011 15:53;55;0
03-30-2011 15:54;100;0
03-30-2011 15:55;0;0
03-30-2011 15:56;100;0
03-30-2011 15:57;147;0
03-30-2011 15:58;384;0
03-30-2011 15:59;163;0
03-30-2011 16:00;223;0
03-30-2011 16:01;147;0
03-30-2011 16:02;240;0
03-30-2011 16:03;189;0
03-30-2011 16:04;216;0
03-30-2011 16:05;175;0
03-30-2011 16:06;163;0
03-30-2011 16:07;284;0
03-30-2011 16:08;35;0
03-30-2011 16:09;16;0
03-30-2011 16:10;9;0
03-30-2011 16:11;47;0
03-30-2011 16:12;21;0
03-30-2011 16:13;33;0
03-30-2011 16:14;42;0
03-30-2011 16:15;31;0
03-30-2011 16:16;40;0
03-30-2011 16:17;111;0
03-30-2011 16:18;28;0
03-30-2011 16:19;16;0
03-30-2011 16:20;48;0
03-30-2011 16:21;43;0
03-30-2011 16:22;116;0
03-30-2011 16:23;3;0
03-30-2011 16:24;9;0
03-30-2011 16:25;42;0
03-30-2011 16:26;19;0
03-30-2011 16:27;189;0
03-30-2011 16:28;168;0
03-30-2011 16:29;29;0
03-30-2011 16:30;36;0
03-30-2011 16:31;26;0
03-30-2011 16:32;7;0
03-30-2011 16:33;168;0
03-30-2011 16:34;152;0
03-30-2011 16:35;152;0
03-30-2011 16:36;28;0
03-30-2011 16:37;0;0
03-30-2011 16:38;47;0
03-30-2011 16:39;52;0
03-30-2011 16:40;22;0
03-30-2011 16:41;62;0
03-30-2011 16:42;83;0
03-30-2011 16:43;26;0
03-30-2011 16:44;43;0
03-30-2011 16:45;73;0
03-30-2011 16:46;137;0
03-30-2011 16:47;42;0
03-30-2011 16:48;7;0
03-30-2011 16:49;0;0
03-30-2011 16:50;76;0
03-30-2011 16:51;0;0
03-30-2011 16:52;5;0
03-30-2011 16:53;86;0
03-30-2011 16:54;33;0
03-30-2011 16:55;100;0
03-30-2011 16:56;59;0
03-30-2011 16:57;66;0
03-30-2011 16:58;73;0
03-30-2011 16:59;3;0
03-30-2011 17:00;10;0
03-30-2011 17:01;97;0
03-30-2011 17:02;90;0
03-30-2011 17:03;33;0
03-30-2011 17:04;29;0
03-30-2011 17:05;131;0
03-30-2011 17:06;861;1
03-30-2011 17:07;861;1
03-30-2011 17:08;624;1
03-30-2011 17:09;889;1
03-30-2011 17:10;258;0
03-30-2011 17:11;733;1
03-30-2011 17:12;157;0
03-30-2011 17:13;10;0
03-30-2011 17:14;223;0
03-30-2011 17:15;533;0
03-30-2011 17:16;384;0
03-30-2011 17:17;360;0
03-30-2011 17:18;498;0
03-30-2011 17:19;232;0
03-30-2011 17:20;586;1
03-30-2011 17:21;666;1
03-30-2011 17:22;396;0
03-30-2011 17:23;533;0
03-30-2011 17:24;223;0
03-30-2011 17:25;266;0
03-30-2011 17:26;624;1
03-30-2011 17:27;97;0
03-30-2011 17:28;76;0
03-30-2011 17:29;733;1
03-30-2011 17:30;137;0
03-30-2011 17:31;83;0
03-30-2011 17:32;384;0
03-30-2011 17:33;266;0
03-30-2011 17:34;533;0
03-30-2011 17:35;73;0
03-30-2011 17:36;410;0
03-30-2011 17:37;10;0
03-30-2011 17:38;21;0
03-30-2011 17:39;35;0
03-30-2011 17:40;83;0
03-30-2011 17:41;396;0
03-30-2011 17:42;1183;1
03-30-2011 17:43;275;0
03-30-2011 17:44;223;0
03-30-2011 17:45;43;0
03-30-2011 17:46;14;0
03-30-2011 17:47;22;0
03-30-2011 17:48;10;0
03-30-2011 17:49;48;0
03-30-2011 17:50;14;0
03-30-2011 17:51;0;0
03-30-2011 17:52;325;0
03-30-2011 17:53;66;0
03-30-2011 17:54;97;0
03-30-2011 17:55;605;1
03-30-2011 17:56;438;0
03-30-2011 17:57;533;0
03-30-2011 17:58;483;0
03-30-2011 17:59;266;0
03-30-2011 18:00;121;0
03-30-2011 18:01;336;0
03-30-2011 18:02;80;0
03-30-2011 18:03;0;0
03-30-2011 18:04;24;0
03-30-2011 18:05;93;0
03-30-2011 18:06;116;0
03-30-2011 18:07;189;0
03-30-2011 18:08;223;0
03-30-2011 18:09;0;0
03-30-2011 18:10;0;0
03-30-2011 18:11;0;0
03-30-2011 18:12;0;0
03-30-2011 18:13;0;0
03-30-2011 18:14;0;0
03-30-2011 18:15;0;0
03-30-2011 18:16;0;0
03-30-2011 18:17;152;0
03-30-2011 18:18;240;0
03-30-2011 18:19;195;0
03-30-2011 18:20;0;0
03-30-2011 18:21;7;0
03-30-2011 18:22;0;0
03-30-2011 18:23;21;0
03-30-2011 18:24;26;0
03-30-2011 18:25;0;0
03-30-2011 18:26;0;0
03-30-2011 18:27;0;0
03-30-2011 18:28;0;0
03-30-2011 18:29;0;0
03-30-2011 18:30;0;0
03-30-2011 18:31;24;0
03-30-2011 18:32;3;0
03-30-2011 18:33;0;0
03-30-2011 18:34;43;0
03-30-2011 18:35;0;0
03-30-2011 18:36;14;0
03-30-2011 18:37;147;0
03-30-2011 18:38;275;0
03-30-2011 18:39;410;0
03-30-2011 18:40;0;0
03-30-2011 18:41;284;0
03-30-2011 18:42;275;0
03-30-2011 18:43;55;0
03-30-2011 18:44;209;0
03-30-2011 18:45;424;0
03-30-2011 18:46;483;0
03-30-2011 18:47;979;1
03-30-2011 18:48;189;0
03-30-2011 18:49;294;0
03-30-2011 18:50;216;0
03-30-2011 18:51;195;0
03-30-2011 18:52;451;0
03-30-2011 18:53;33;0
03-30-2011 18:54;142;0
03-30-2011 18:55;80;0
03-30-2011 18:56;50;0
03-30-2011 18:57;111;0
03-30-2011 18:58;26;0
03-30-2011 18:59;0;0
03-30-2011 19:00;116;0
03-30-2011 19:01;116;0
03-30-2011 19:02;3;0
03-30-2011 19:03;0;0
03-30-2011 19:04;86;0
03-30-2011 19:05;47;0
03-30-2011 19:06;40;0
03-30-2011 19:07;9;0
03-30-2011 19:08;31;0
03-30-2011 19:09;33;0
03-30-2011 19:10;22;0
03-30-2011 19:11;0;0
03-30-2011 19:12;54;0
03-30-2011 19:13;0;0
03-30-2011 19:14;0;0
03-30-2011 19:15;17;0
03-30-2011 19:16;36;0
03-30-2011 19:17;0;0
03-30-2011 19:18;31;0
03-30-2011 19:19;3;0
03-30-2011 19:20;147;0
03-30-2011 19:21;232;0
03-30-2011 19:22;9;0
03-30-2011 19:23;0;0
03-30-2011 19:24;0;0
03-30-2011 19:25;0;0
03-30-2011 19:26;3;0
03-30-2011 19:27;0;0
03-30-2011 19:28;55;0
03-30-2011 19:29;16;0
03-30-2011 19:30;240;0
03-30-2011 19:31;688;1
03-30-2011 19:32;624;1
03-30-2011 19:33;645;1
03-30-2011 19:34;304;0
03-30-2011 19:35;266;0
03-30-2011 19:36;202;0
03-30-2011 19:37;147;0
03-30-2011 19:38;284;0
03-30-2011 19:39;111;0
03-30-2011 19:40;100;0
03-30-2011 19:41;168;0
03-30-2011 19:42;325;0
03-30-2011 19:43;26;0
03-30-2011 19:44;498;0
03-30-2011 19:45;240;0
03-30-2011 19:46;410;0
03-30-2011 19:47;782;1
03-30-2011 19:48;284;0
03-30-2011 19:49;111;0
03-30-2011 19:50;624;1
03-30-2011 19:51;1147;1
03-30-2011 19:52;1342;1
03-30-2011 19:53;1076;1
03-30-2011 19:54;605;1
03-30-2011 19:55;782;1
03-30-2011 19:56;483;0
03-30-2011 19:57;168;0
03-30-2011 19:58;163;0
03-30-2011 19:59;209;0
03-30-2011 20:00;348;0
03-30-2011 20:01;66;0
03-30-2011 20:02;31;0
03-30-2011 20:03;515;0
03-30-2011 20:04;73;0
03-30-2011 20:05;182;0
03-30-2011 20:06;240;0
03-30-2011 20:07;47;0
03-30-2011 20:08;157;0
03-30-2011 20:09;86;0
03-30-2011 20:10;55;0
03-30-2011 20:11;35;0
03-30-2011 20:12;35;0
03-30-2011 20:13;42;0
03-30-2011 20:14;62;0
03-30-2011 20:15;152;0
03-30-2011 20:16;451;0
03-30-2011 20:17;275;0
03-30-2011 20:18;9;0
03-30-2011 20:19;232;0
03-30-2011 20:20;711;1
03-30-2011 20:21;116;0
03-30-2011 20:22;258;0
03-30-2011 20:23;438;0
03-30-2011 20:24;232;0
03-30-2011 20:25;126;0
03-30-2011 20:26;97;0
03-30-2011 20:27;157;0
03-30-2011 20:28;137;0
03-30-2011 20:29;147;0
03-30-2011 20:30;284;0
03-30-2011 20:31;360;0
03-30-2011 20:32;189;0
03-30-2011 20:33;372;0
03-30-2011 20:34;147;0
03-30-2011 20:35;69;0
03-30-2011 20:36;28;0
03-30-2011 20:37;73;0
03-30-2011 20:38;808;1
03-30-2011 20:39;45;0
03-30-2011 20:40;80;0
03-30-2011 20:41;59;0
03-30-2011 20:42;163;0
03-30-2011 20:43;17;0
03-30-2011 20:44;9;0
03-30-2011 20:45;100;0
03-30-2011 20:46;121;0
03-30-2011 20:47;47;0
03-30-2011 20:48;336;0
03-30-2011 20:49;33;0
03-30-2011 20:50;304;0
03-30-2011 20:51;348;0
03-30-2011 20:52;266;0
03-30-2011 20:53;451;0
03-30-2011 20:54;175;0
03-30-2011 20:55;131;0
03-30-2011 20:56;624;1
03-30-2011 20:57;189;0
03-30-2011 20:58;55;0
03-30-2011 20:59;258;0
03-30-2011 21:00;384;0
03-30-2011 21:01;73;0
03-30-2011 21:02;16;0
03-30-2011 21:03;73;0
03-30-2011 21:04;26;0
03-30-2011 21:05;29;0
03-30-2011 21:06;0;0
03-30-2011 21:07;688;1
03-30-2011 21:08;97;0
03-30-2011 21:09;31;0
03-30-2011 21:10;202;0
03-30-2011 21:11;90;0
03-30-2011 21:12;0;0
03-30-2011 21:13;31;0
03-30-2011 21:14;168;0
03-30-2011 21:15;348;0
03-30-2011 21:16;294;0
03-30-2011 21:17;147;0
03-30-2011 21:18;121;0
03-30-2011 21:19;29;0
03-30-2011 21:20;17;0
03-30-2011 21:21;0;0
03-30-2011 21:22;93;0
03-30-2011 21:23;97;0
03-30-2011 21:24;3;0
03-30-2011 21:25;40;0
03-30-2011 21:26;182;0
03-30-2011 21:27;14;0
03-30-2011 21:28;22;0
03-30-2011 21:29;7;0
03-30-2011 21:30;33;0
03-30-2011 21:31;240;0
03-30-2011 21:32;97;0
03-30-2011 21:33;0;0
03-30-2011 21:34;142;0
03-30-2011 21:35;55;0
03-30-2011 21:36;175;0
03-30-2011 21:37;93;0
03-30-2011 21:38;147;0
03-30-2011 21:39;26;0
03-30-2011 21:40;182;0
03-30-2011 21:41;137;0
03-30-2011 21:42;131;0
03-30-2011 21:43;147;0
03-30-2011 21:44;86;0
03-30-2011 21:45;216;0
03-30-2011 21:46;62;0
03-30-2011 21:47;0;0
03-30-2011 21:48;0;0
03-30-2011 21:49;21;0
03-30-2011 21:50;42;0
03-30-2011 21:51;0;0
03-30-2011 21:52;0;0
03-30-2011 21:53;0;0
03-30-2011 21:54;31;0
03-30-2011 21:55;83;0
03-30-2011 21:56;66;0
03-30-2011 21:57;498;0
03-30-2011 21:58;152;0
03-30-2011 21:59;808;1
03-30-2011 22:00;624;1
03-30-2011 22:01;782;1
03-30-2011 22:02;782;1
03-30-2011 22:03;758;1
03-30-2011 22:04;38;0
03-30-2011 22:05;69;0
03-30-2011 22:06;195;0
03-30-2011 22:07;126;0
03-30-2011 22:08;3;0
03-30-2011 22:09;22;0
03-30-2011 22:10;47;0
03-30-2011 22:11;304;0
03-30-2011 22:12;711;1
03-30-2011 22:13;315;0
03-30-2011 22:14;275;0
03-30-2011 22:15;157;0
03-30-2011 22:16;325;0
03-30-2011 22:17;189;0
03-30-2011 22:18;59;0
03-30-2011 22:19;240;0
03-30-2011 22:20;438;0
03-30-2011 22:21;688;1
03-30-2011 22:22;73;0
03-30-2011 22:23;93;0
03-30-2011 22:24;294;0
03-30-2011 22:25;315;0
03-30-2011 22:26;451;0
03-30-2011 22:27;284;0
03-30-2011 22:28;142;0
03-30-2011 22:29;137;0
03-30-2011 22:30;216;0
03-30-2011 22:31;0;0
03-30-2011 22:32;0;0
03-30-2011 22:33;9;0
03-30-2011 22:34;55;0
03-30-2011 22:35;10;0
03-30-2011 22:36;31;0
03-30-2011 22:37;47;0
03-30-2011 22:38;66;0
03-30-2011 22:39;59;0
03-30-2011 22:40;16;0
03-30-2011 22:41;21;0
03-30-2011 22:42;76;0
03-30-2011 22:43;142;0
03-30-2011 22:44;97;0
03-30-2011 22:45;80;0
03-30-2011 22:46;26;0
03-30-2011 22:47;43;0
03-30-2011 22:48;336;0
03-30-2011 22:49;605;1
03-30-2011 22:50;979;1
03-30-2011 22:51;147;0
03-30-2011 22:52;372;0
03-30-2011 22:53;36;0
03-30-2011 22:54;0;0
03-30-2011 22:55;0;0
03-30-2011 22:56;0;0
03-30-2011 22:57;31;0
03-30-2011 22:58;50;0
03-30-2011 22:59;116;0
03-30-2011 23:00;24;0
03-30-2011 23:01;121;0
03-30-2011 23:02;410;0
03-30-2011 23:03;258;0
03-30-2011 23:04;294;0
03-30-2011 23:05;137;0
03-30-2011 23:06;121;0
03-30-2011 23:07;21;0
03-30-2011 23:08;0;0
03-30-2011 23:09;0;0
03-30-2011 23:10;10;0
03-30-2011 23:11;14;0
03-30-2011 23:12;47;0
03-30-2011 23:13;0;0
03-30-2011 23:14;0;0
03-30-2011 23:15;55;0
03-30-2011 23:16;9;0
03-30-2011 23:17;0;0
03-30-2011 23:18;0;0
03-30-2011 23:19;0;0
03-30-2011 23:20;0;0
03-30-2011 23:21;0;0
03-30-2011 23:22;0;0
03-30-2011 23:23;0;0
03-30-2011 23:24;0;0
03-30-2011 23:25;10;0
03-30-2011 23:26;0;0
03-30-2011 23:27;0;0
03-30-2011 23:28;10;0
03-30-2011 23:29;0;0
03-30-2011 23:30;147;0
03-30-2011 23:31;0;0
03-30-2011 23:32;0;0
03-30-2011 23:33;0;0
03-30-2011 23:34;0;0
03-30-2011 23:35;0;0
03-30-2011 23:36;0;0
03-30-2011 23:37;0;0
03-30-2011 23:38;0;0
03-30-2011 23:39;0;0
03-30-2011 23:40;0;0
03-30-2011 23:41;35;0
03-30-2011 23:42;0;0
03-30-2011 23:43;0;0
03-30-2011 23:44;0;0
03-30-2011 23:45;0;0
03-30-2011 23:46;0;0
03-30-2011 23:47;0;0
03-30-2011 23:48;0;0
03-30-2011 23:49;0;0
03-30-2011 23:50;0;0
03-30-2011 23:51;0;0
03-30-2011 23:52;0;0
03-30-2011 23:53;0;0
03-30-2011 23:54;0;0
03-30-2011 23:55;0;0
03-30-2011 23:56;0;0
03-30-2011 23:57;0;0
03-30-2011 23:58;0;0
03-30-2011 23:59;0;0
03-31-2011 00:00;0;0
03-31-2011 00:01;0;0
03-31-2011 00:02;0;0
03-31-2011 00:03;0;0
03-31-2011 00:04;0;0
03-31-2011 00:05;14;0
03-31-2011 00:06;0;0
03-31-2011 00:07;0;0
03-31-2011 00:08;0;0
03-31-2011 00:09;45;0
03-31-2011 00:10;52;0
03-31-2011 00:11;137;0
03-31-2011 00:12;0;0
03-31-2011 00:13;0;0
03-31-2011 00:14;0;0
03-31-2011 00:15;0;0
03-31-2011 00:16;0;0
03-31-2011 00:17;0;0
03-31-2011 00:18;43;0
03-31-2011 00:19;7;0
03-31-2011 00:20;0;0
03-31-2011 00:21;0;0
03-31-2011 00:22;0;0
03-31-2011 00:23;0;0
03-31-2011 00:24;107;0
03-31-2011 00:25;0;0
03-31-2011 00:26;40;0
03-31-2011 00:27;104;0
03-31-2011 00:28;0;0
03-31-2011 00:29;0;0
03-31-2011 00:30;0;0
03-31-2011 00:31;0;0
03-31-2011 00:32;0;0
03-31-2011 00:33;0;0
03-31-2011 00:34;0;0
03-31-2011 00:35;0;0
03-31-2011 00:36;0;0
03-31-2011 00:37;21;0
03-31-2011 00:38;0;0
03-31-2011 00:39;0;0
03-31-2011 00:40;0;0
03-31-2011 00:41;0;0
03-31-2011 00:42;47;0
03-31-2011 00:43;0;0
03-31-2011 00:44;0;0
03-31-2011 00:45;0;0
03-31-2011 00:46;3;0
03-31-2011 00:47;0;0
03-31-2011 00:48;0;0
03-31-2011 00:49;0;0
03-31-2011 00:50;0;0
03-31-2011 00:51;0;0
03-31-2011 00:52;0;0
03-31-2011 00:53;0;0
03-31-2011 00:54;0;0
03-31-2011 00:55;0;0
03-31-2011 00:56;0;0
03-31-2011 00:57;0;0
03-31-2011 00:58;0;0
03-31-2011 00:59;0;0
03-31-2011 01:00;0;0
03-31-2011 01:01;0;0
03-31-2011 01:02;0;0
03-31-2011 01:03;0;0
03-31-2011 01:04;0;0
03-31-2011 01:05;0;0
03-31-2011 01:06;0;0
03-31-2011 01:07;0;0
03-31-2011 01:08;0;0
03-31-2011 01:09;0;0
03-31-2011 01:10;0;0
03-31-2011 01:11;0;0
03-31-2011 01:12;0;0
03-31-2011 01:13;0;0
03-31-2011 01:14;0;0
03-31-2011 01:15;0;0
03-31-2011 01:16;0;0
03-31-2011 01:17;0;0
03-31-2011 01:18;0;0
03-31-2011 01:19;10;0
03-31-2011 01:20;0;0
03-31-2011 01:21;0;0
03-31-2011 01:22;0;0
03-31-2011 01:23;0;0
03-31-2011 01:24;0;0
03-31-2011 01:25;0;0
03-31-2011 01:26;0;0
03-31-2011 01:27;0;0
03-31-2011 01:28;0;0
03-31-2011 01:29;0;0
03-31-2011 01:30;86;0
03-31-2011 01:31;19;0
03-31-2011 01:32;0;0
03-31-2011 01:33;33;0
03-31-2011 01:34;111;0
03-31-2011 01:35;0;0
03-31-2011 01:36;0;0
03-31-2011 01:37;0;0
03-31-2011 01:38;0;0
03-31-2011 01:39;0;0
03-31-2011 01:40;0;0
03-31-2011 01:41;38;0
03-31-2011 01:42;86;0
03-31-2011 01:43;0;0
03-31-2011 01:44;47;0
03-31-2011 01:45;0;0
03-31-2011 01:46;0;0
03-31-2011 01:47;0;0
03-31-2011 01:48;0;0
03-31-2011 01:49;0;0
03-31-2011 01:50;294;0
03-31-2011 01:51;29;0
03-31-2011 01:52;0;0
03-31-2011 01:53;5;0
03-31-2011 01:54;275;0
03-31-2011 01:55;372;0
03-31-2011 01:56;0;0
03-31-2011 01:57;0;0
03-31-2011 01:58;0;0
03-31-2011 01:59;0;0
03-31-2011 02:00;0;0
03-31-2011 02:01;0;0
03-31-2011 02:02;26;0
03-31-2011 02:03;0;0
03-31-2011 02:04;0;0
03-31-2011 02:05;0;0
03-31-2011 02:06;0;0
03-31-2011 02:07;0;0
03-31-2011 02:08;0;0
03-31-2011 02:09;0;0
03-31-2011 02:10;0;0
03-31-2011 02:11;0;0
03-31-2011 02:12;0;0
03-31-2011 02:13;0;0
03-31-2011 02:14;0;0
03-31-2011 02:15;0;0
03-31-2011 02:16;0;0
03-31-2011 02:17;0;0
03-31-2011 02:18;0;0
03-31-2011 02:19;0;0
03-31-2011 02:20;0;0
03-31-2011 02:21;0;0
03-31-2011 02:22;0;0
03-31-2011 02:23;126;0
03-31-2011 02:24;0;0
03-31-2011 02:25;0;0
03-31-2011 02:26;0;0
03-31-2011 02:27;0;0
03-31-2011 02:28;0;0
03-31-2011 02:29;0;0
03-31-2011 02:30;0;0
03-31-2011 02:31;0;0
03-31-2011 02:32;0;0
03-31-2011 02:33;0;0
03-31-2011 02:34;0;0
03-31-2011 02:35;0;0
03-31-2011 02:36;0;0
03-31-2011 02:37;0;0
03-31-2011 02:38;0;0
03-31-2011 02:39;0;0
03-31-2011 02:40;29;0
03-31-2011 02:41;0;0
03-31-2011 02:42;0;0
03-31-2011 02:43;0;0
03-31-2011 02:44;0;0
03-31-2011 02:45;0;0
03-31-2011 02:46;0;0
03-31-2011 02:47;0;0
03-31-2011 02:48;0;0
03-31-2011 02:49;0;0
03-31-2011 02:50;10;0
03-31-2011 02:51;0;0
03-31-2011 02:52;0;0
03-31-2011 02:53;29;0
03-31-2011 02:54;0;0
03-31-2011 02:55;0;0
03-31-2011 02:56;424;0
03-31-2011 02:57;0;0
03-31-2011 02:58;258;0
03-31-2011 02:59;348;0
03-31-2011 03:00;0;0
03-31-2011 03:01;0;0
03-31-2011 03:02;0;0
03-31-2011 03:03;50;0
03-31-2011 03:04;0;0
03-31-2011 03:05;315;0
03-31-2011 03:06;0;0
03-31-2011 03:07;0;0
03-31-2011 03:08;0;0
03-31-2011 03:09;0;0
03-31-2011 03:10;0;0
03-31-2011 03:11;0;0
03-31-2011 03:12;3;0
03-31-2011 03:13;131;0
03-31-2011 03:14;0;0
03-31-2011 03:15;73;0
03-31-2011 03:16;232;0
03-31-2011 03:17;0;0
03-31-2011 03:18;0;0
03-31-2011 03:19;0;0
03-31-2011 03:20;0;0
03-31-2011 03:21;83;0
03-31-2011 03:22;0;0
03-31-2011 03:23;0;0
03-31-2011 03:24;0;0
03-31-2011 03:25;0;0
03-31-2011 03:26;0;0
03-31-2011 03:27;0;0
03-31-2011 03:28;0;0
03-31-2011 03:29;3;0
03-31-2011 03:30;111;0
03-31-2011 03:31;0;0
03-31-2011 03:32;0;0
03-31-2011 03:33;0;0
03-31-2011 03:34;0;0
03-31-2011 03:35;0;0
03-31-2011 03:36;0;0
03-31-2011 03:37;97;0
03-31-2011 03:38;0;0
03-31-2011 03:39;0;0
03-31-2011 03:40;0;0
03-31-2011 03:41;0;0
03-31-2011 03:42;0;0
03-31-2011 03:43;0;0
03-31-2011 03:44;14;0
03-31-2011 03:45;0;0
03-31-2011 03:46;0;0
03-31-2011 03:47;0;0
03-31-2011 03:48;0;0
03-31-2011 03:49;0;0
03-31-2011 03:50;0;0
03-31-2011 03:51;0;0
03-31-2011 03:52;0;0
03-31-2011 03:53;0;0
03-31-2011 03:54;0;0
03-31-2011 03:55;0;0
03-31-2011 03:56;0;0
03-31-2011 03:57;0;0
03-31-2011 03:58;0;0
03-31-2011 03:59;0;0
03-31-2011 04:00;0;0
03-31-2011 04:01;0;0
03-31-2011 04:02;116;0
03-31-2011 04:03;0;0
03-31-2011 04:04;0;0
03-31-2011 04:05;0;0
03-31-2011 04:06;0;0
03-31-2011 04:07;0;0
03-31-2011 04:08;0;0
03-31-2011 04:09;55;0
03-31-2011 04:10;0;0
03-31-2011 04:11;59;0
03-31-2011 04:12;0;0
03-31-2011 04:13;52;0
03-31-2011 04:14;0;0
03-31-2011 04:15;0;0
03-31-2011 04:16;0;0
03-31-2011 04:17;0;0
03-31-2011 04:18;0;0
03-31-2011 04:19;0;0
03-31-2011 04:20;0;0
03-31-2011 04:21;17;0
03-31-2011 04:22;0;0
03-31-2011 04:23;0;0
03-31-2011 04:24;0;0
03-31-2011 04:25;0;0
03-31-2011 04:26;0;0
03-31-2011 04:27;0;0
03-31-2011 04:28;0;0
03-31-2011 04:29;0;0
03-31-2011 04:30;0;0
03-31-2011 04:31;0;0
03-31-2011 04:32;0;0
03-31-2011 04:33;0;0
03-31-2011 04:34;0;0
03-31-2011 04:35;0;0
03-31-2011 04:36;0;0
03-31-2011 04:37;0;0
03-31-2011 04:38;0;0
03-31-2011 04:39;0;0
03-31-2011 04:40;0;0
03-31-2011 04:41;0;0
03-31-2011 04:42;0;0
03-31-2011 04:43;0;0
03-31-2011 04:44;0;0
03-31-2011 04:45;0;0
03-31-2011 04:46;0;0
03-31-2011 04:47;0;0
03-31-2011 04:48;0;0
03-31-2011 04:49;0;0
03-31-2011 04:50;0;0
03-31-2011 04:51;0;0
03-31-2011 04:52;0;0
03-31-2011 04:53;0;0
03-31-2011 04:54;0;0
03-31-2011 04:55;0;0
03-31-2011 04:56;0;0
03-31-2011 04:57;0;0
03-31-2011 04:58;0;0
03-31-2011 04:59;3;0
03-31-2011 05:00;0;0
03-31-2011 05:01;0;0
03-31-2011 05:02;76;0
03-31-2011 05:03;42;0
03-31-2011 05:04;0;0
03-31-2011 05:05;0;0
03-31-2011 05:06;0;0
03-31-2011 05:07;47;0
03-31-2011 05:08;0;0
03-31-2011 05:09;0;0
03-31-2011 05:10;0;0
03-31-2011 05:11;0;0
03-31-2011 05:12;0;0
03-31-2011 05:13;0;0
03-31-2011 05:14;0;0
03-31-2011 05:15;0;0
03-31-2011 05:16;52;0
03-31-2011 05:17;116;0
03-31-2011 05:18;0;0
03-31-2011 05:19;0;0
03-31-2011 05:20;107;0
03-31-2011 05:21;0;0
03-31-2011 05:22;0;0
03-31-2011 05:23;90;0
03-31-2011 05:24;90;0
03-31-2011 05:25;266;0
03-31-2011 05:26;0;0
03-31-2011 05:27;3;0
03-31-2011 05:28;0;0
03-31-2011 05:29;19;0
03-31-2011 05:30;0;0
03-31-2011 05:31;50;0
03-31-2011 05:32;0;0
03-31-2011 05:33;0;0
03-31-2011 05:34;21;0
03-31-2011 05:35;258;0
03-31-2011 05:36;86;0
03-31-2011 05:37;0;0
03-31-2011 05:38;26;0
03-31-2011 05:39;3;0
03-31-2011 05:40;40;0
03-31-2011 05:41;111;0
03-31-2011 05:42;5;0
03-31-2011 05:43;0;0
03-31-2011 05:44;19;0
03-31-2011 05:45;10;0
03-31-2011 05:46;3;0
03-31-2011 05:47;100;0
03-31-2011 05:48;7;0
03-31-2011 05:49;19;0
03-31-2011 05:50;22;0
03-31-2011 05:51;9;0
03-31-2011 05:52;69;0
03-31-2011 05:53;24;0
03-31-2011 05:54;5;0
03-31-2011 05:55;10;0
03-31-2011 05:56;9;0
03-31-2011 05:57;0;0
03-31-2011 05:58;48;0
03-31-2011 05:59;9;0
03-31-2011 06:00;29;0
03-31-2011 06:01;62;0
03-31-2011 06:02;90;0
03-31-2011 06:03;76;0
03-31-2011 06:04;0;0
03-31-2011 06:05;152;0
03-31-2011 06:06;232;0
03-31-2011 06:07;258;0
03-31-2011 06:08;0;0
03-31-2011 06:09;0;0
03-31-2011 06:10;9;0
03-31-2011 06:11;12;0
03-31-2011 06:12;121;0
03-31-2011 06:13;47;0
03-31-2011 06:14;163;0
03-31-2011 06:15;147;0
03-31-2011 06:16;19;0
03-31-2011 06:17;73;0
03-31-2011 06:18;0;0
03-31-2011 06:19;3;0
03-31-2011 06:20;0;0
03-31-2011 06:21;5;0
03-31-2011 06:22;3;0
03-31-2011 06:23;52;0
03-31-2011 06:24;0;0
03-31-2011 06:25;47;0
03-31-2011 06:26;16;0
03-31-2011 06:27;26;0
03-31-2011 06:28;3;0
03-31-2011 06:29;22;0
03-31-2011 06:30;17;0
03-31-2011 06:31;3;0
03-31-2011 06:32;83;0
03-31-2011 06:33;73;0
03-31-2011 06:34;29;0
03-31-2011 06:35;62;0
03-31-2011 06:36;24;0
03-31-2011 06:37;3;0
03-31-2011 06:38;0;0
03-31-2011 06:39;97;0
03-31-2011 06:40;249;0
03-31-2011 06:41;116;0
03-31-2011 06:42;348;0
03-31-2011 06:43;59;0
03-31-2011 06:44;0;0
03-31-2011 06:45;45;0
03-31-2011 06:46;54;0
03-31-2011 06:47;688;1
03-31-2011 06:48;216;0
03-31-2011 06:49;1147;1
03-31-2011 06:50;645;1
03-31-2011 06:51;266;0
03-31-2011 06:52;240;0
03-31-2011 06:53;80;0
03-31-2011 06:54;209;0
03-31-2011 06:55;33;0
03-31-2011 06:56;266;0
03-31-2011 06:57;50;0
03-31-2011 06:58;152;0
03-31-2011 06:59;104;0
03-31-2011 07:00;202;0
03-31-2011 07:01;43;0
03-31-2011 07:02;121;0
03-31-2011 07:03;116;0
03-31-2011 07:04;9;0
03-31-2011 07:05;45;0
03-31-2011 07:06;315;0
03-31-2011 07:07;31;0
03-31-2011 07:08;315;0
03-31-2011 07:09;147;0
03-31-2011 07:10;73;0
03-31-2011 07:11;126;0
03-31-2011 07:12;175;0
03-31-2011 07:13;182;0
03-31-2011 07:14;121;0
03-31-2011 07:15;666;1
03-31-2011 07:16;483;0
03-31-2011 07:17;294;0
03-31-2011 07:18;624;1
03-31-2011 07:19;483;0
03-31-2011 07:20;451;0
03-31-2011 07:21;372;0
03-31-2011 07:22;586;1
03-31-2011 07:23;1386;1
03-31-2011 07:24;1076;1
03-31-2011 07:25;498;0
03-31-2011 07:26;624;1
03-31-2011 07:27;1183;1
03-31-2011 07:28;1261;1
03-31-2011 07:29;1342;1
03-31-2011 07:30;1342;1
03-31-2011 07:31;1342;1
03-31-2011 07:32;1301;1
03-31-2011 07:33;1430;1
03-31-2011 07:34;1430;1
03-31-2011 07:35;1010;1
03-31-2011 07:36;438;0
03-31-2011 07:37;733;1
03-31-2011 07:38;567;0
03-31-2011 07:39;467;0
03-31-2011 07:40;515;0
03-31-2011 07:41;733;1
03-31-2011 07:42;275;0
03-31-2011 07:43;9;0
03-31-2011 07:44;3;0
03-31-2011 07:45;9;0
03-31-2011 07:46;3;0
03-31-2011 07:47;3;0
03-31-2011 07:48;3;0
03-31-2011 07:49;3;0
03-31-2011 07:50;3;0
03-31-2011 07:51;5;0
03-31-2011 07:52;45;0
03-31-2011 07:53;104;0
03-31-2011 07:54;168;0
03-31-2011 07:55;35;0
03-31-2011 07:56;3;0
03-31-2011 07:57;126;0
03-31-2011 07:58;26;0
03-31-2011 07:59;86;0
03-31-2011 08:00;266;0
03-31-2011 08:01;24;0
03-31-2011 08:02;121;0
03-31-2011 08:03;0;0
03-31-2011 08:04;147;0
03-31-2011 08:05;36;0
03-31-2011 08:06;3;0
03-31-2011 08:07;59;0
03-31-2011 08:08;33;0
03-31-2011 08:09;28;0
03-31-2011 08:10;104;0
03-31-2011 08:11;14;0
03-31-2011 08:12;97;0
03-31-2011 08:13;24;0
03-31-2011 08:14;55;0
03-31-2011 08:15;83;0
03-31-2011 08:16;52;0
03-31-2011 08:17;93;0
03-31-2011 08:18;38;0
03-31-2011 08:19;73;0
03-31-2011 08:20;54;0
03-31-2011 08:21;31;0
03-31-2011 08:22;9;0
03-31-2011 08:23;104;0
03-31-2011 08:24;7;0
03-31-2011 08:25;142;0
03-31-2011 08:26;182;0
03-31-2011 08:27;0;0
03-31-2011 08:28;438;0
03-31-2011 08:29;59;0
03-31-2011 08:30;325;0
03-31-2011 08:31;249;0
03-31-2011 08:32;163;0
03-31-2011 08:33;157;0
03-31-2011 08:34;275;0
03-31-2011 08:35;304;0
03-31-2011 08:36;304;0
03-31-2011 08:37;50;0
03-31-2011 08:38;107;0
03-31-2011 08:39;86;0
03-31-2011 08:40;21;0
03-31-2011 08:41;100;0
03-31-2011 08:42;54;0
03-31-2011 08:43;43;0
03-31-2011 08:44;121;0
03-31-2011 08:45;38;0
03-31-2011 08:46;35;0
03-31-2011 08:47;26;0
03-31-2011 08:48;45;0
03-31-2011 08:49;45;0
03-31-2011 08:50;33;0
03-31-2011 08:51;62;0
03-31-2011 08:52;14;0
03-31-2011 08:53;3;0
03-31-2011 08:54;93;0
03-31-2011 08:55;26;0
03-31-2011 08:56;10;0
03-31-2011 08:57;55;0
03-31-2011 08:58;38;0
03-31-2011 08:59;35;0
03-31-2011 09:00;66;0
03-31-2011 09:01;182;0
03-31-2011 09:02;33;0
03-31-2011 09:03;36;0
03-31-2011 09:04;100;0
03-31-2011 09:05;325;0
03-31-2011 09:06;26;0
03-31-2011 09:07;9;0
03-31-2011 09:08;17;0
03-31-2011 09:09;17;0
03-31-2011 09:10;19;0
03-31-2011 09:11;7;0
03-31-2011 09:12;93;0
03-31-2011 09:13;50;0
03-31-2011 09:14;52;0
03-31-2011 09:15;240;0
03-31-2011 09:16;294;0
03-31-2011 09:17;275;0
03-31-2011 09:18;157;0
03-31-2011 09:19;3;0
03-31-2011 09:20;33;0
03-31-2011 09:21;232;0
03-31-2011 09:22;93;0
03-31-2011 09:23;69;0
03-31-2011 09:24;22;0
03-31-2011 09:25;0;0
03-31-2011 09:26;90;0
03-31-2011 09:27;52;0
03-31-2011 09:28;47;0
03-31-2011 09:29;10;0
03-31-2011 09:30;55;0
03-31-2011 09:31;22;0
03-31-2011 09:32;9;0
03-31-2011 09:33;47;0
03-31-2011 09:34;152;0
03-31-2011 09:35;55;0
03-31-2011 09:36;22;0
03-31-2011 09:37;50;0
03-31-2011 09:38;121;0
03-31-2011 09:39;0;0
03-31-2011 09:40;240;0
03-31-2011 09:41;16;0
03-31-2011 09:42;26;0
03-31-2011 09:43;93;0
03-31-2011 09:44;86;0
03-31-2011 09:45;83;0
03-31-2011 09:46;45;0
03-31-2011 09:47;666;1
03-31-2011 09:48;0;0
03-31-2011 09:49;3;0
03-31-2011 09:50;45;0
03-31-2011 09:51;9;0
03-31-2011 09:52;0;0
03-31-2011 09:53;0;0
03-31-2011 09:54;182;0
03-31-2011 09:55;16;0
03-31-2011 09:56;83;0
03-31-2011 09:57;21;0
03-31-2011 09:58;40;0
03-31-2011 09:59;0;0
03-31-2011 10:00;100;0
03-31-2011 10:01;35;0
03-31-2011 10:02;26;0
03-31-2011 10:03;90;0
03-31-2011 10:04;0;0
03-31-2011 10:05;19;0
03-31-2011 10:06;0;0
03-31-2011 10:07;0;0
03-31-2011 10:08;0;0
03-31-2011 10:09;86;0
03-31-2011 10:10;168;0
03-31-2011 10:11;28;0
03-31-2011 10:12;0;0
03-31-2011 10:13;0;0
03-31-2011 10:14;54;0
03-31-2011 10:15;249;0
03-31-2011 10:16;26;0
03-31-2011 10:17;73;0
03-31-2011 10:18;35;0
03-31-2011 10:19;29;0
03-31-2011 10:20;275;0
03-31-2011 10:21;223;0
03-31-2011 10:22;116;0
03-31-2011 10:23;86;0
03-31-2011 10:24;294;0
03-31-2011 10:25;182;0
03-31-2011 10:26;182;0
03-31-2011 10:27;216;0
03-31-2011 10:28;52;0
03-31-2011 10:29;147;0
03-31-2011 10:30;36;0
03-31-2011 10:31;116;0
03-31-2011 10:32;62;0
03-31-2011 10:33;31;0
03-31-2011 10:34;3;0
03-31-2011 10:35;26;0
03-31-2011 10:36;216;0
03-31-2011 10:37;100;0
03-31-2011 10:38;38;0
03-31-2011 10:39;29;0
03-31-2011 10:40;66;0
03-31-2011 10:41;202;0
03-31-2011 10:42;3;0
03-31-2011 10:43;0;0
03-31-2011 10:44;111;0
03-31-2011 10:45;152;0
03-31-2011 10:46;3;0
03-31-2011 10:47;69;0
03-31-2011 10:48;104;0
03-31-2011 10:49;157;0
03-31-2011 10:50;232;0
03-31-2011 10:51;189;0
03-31-2011 10:52;93;0
03-31-2011 10:53;131;0
03-31-2011 10:54;249;0
03-31-2011 10:55;175;0
03-31-2011 10:56;223;0
03-31-2011 10:57;35;0
03-31-2011 10:58;35;0
03-31-2011 10:59;348;0
03-31-2011 11:00;232;0
03-31-2011 11:01;45;0
03-31-2011 11:02;107;0
03-31-2011 11:03;240;0
03-31-2011 11:04;372;0
03-31-2011 11:05;59;0
03-31-2011 11:06;62;0
03-31-2011 11:07;29;0
03-31-2011 11:08;266;0
03-31-2011 11:09;163;0
03-31-2011 11:10;249;0
03-31-2011 11:11;258;0
03-31-2011 11:12;284;0
03-31-2011 11:13;284;0
03-31-2011 11:14;223;0
03-31-2011 11:15;111;0
03-31-2011 11:16;0;0
03-31-2011 11:17;142;0
03-31-2011 11:18;76;0
03-31-2011 11:19;48;0
03-31-2011 11:20;275;0
03-31-2011 11:21;163;0
03-31-2011 11:22;304;0
03-31-2011 11:23;126;0
03-31-2011 11:24;0;0
03-31-2011 11:25;14;0
03-31-2011 11:26;209;0
03-31-2011 11:27;83;0
03-31-2011 11:28;195;0
03-31-2011 11:29;21;0
03-31-2011 11:30;258;0
03-31-2011 11:31;80;0
03-31-2011 11:32;76;0
03-31-2011 11:33;55;0
03-31-2011 11:34;12;0
03-31-2011 11:35;152;0
03-31-2011 11:36;223;0
03-31-2011 11:37;59;0
03-31-2011 11:38;152;0
03-31-2011 11:39;0;0
03-31-2011 11:40;47;0
03-31-2011 11:41;36;0
03-31-2011 11:42;93;0
03-31-2011 11:43;36;0
03-31-2011 11:44;131;0
03-31-2011 11:45;54;0
03-31-2011 11:46;52;0
03-31-2011 11:47;73;0
03-31-2011 11:48;80;0
03-31-2011 11:49;5;0
03-31-2011 11:50;116;0
03-31-2011 11:51;157;0
03-31-2011 11:52;216;0
03-31-2011 11:53;396;0
03-31-2011 11:54;266;0
03-31-2011 11:55;80;0
03-31-2011 11:56;47;0
03-31-2011 11:57;55;0
03-31-2011 11:58;3;0
03-31-2011 11:59;0;0
03-31-2011 12:00;42;0
03-31-2011 12:01;0;0
03-31-2011 12:02;284;0
03-31-2011 12:03;10;0
03-31-2011 12:04;360;0
03-31-2011 12:05;258;0
03-31-2011 12:06;69;0
03-31-2011 12:07;0;0
03-31-2011 12:08;0;0
03-31-2011 12:09;97;0
03-31-2011 12:10;0;0
03-31-2011 12:11;195;0
03-31-2011 12:12;216;0
03-31-2011 12:13;182;0
03-31-2011 12:14;410;0
03-31-2011 12:15;182;0
03-31-2011 12:16;111;0
03-31-2011 12:17;26;0
03-31-2011 12:18;3;0
03-31-2011 12:19;0;0
03-31-2011 12:20;12;0
03-31-2011 12:21;175;0
03-31-2011 12:22;62;0
03-31-2011 12:23;26;0
03-31-2011 12:24;55;0
03-31-2011 12:25;73;0
03-31-2011 12:26;0;0
03-31-2011 12:27;31;0
03-31-2011 12:28;35;0
03-31-2011 12:29;40;0
03-31-2011 12:30;137;0
03-31-2011 12:31;73;0
03-31-2011 12:32;163;0
03-31-2011 12:33;232;0
03-31-2011 12:34;111;0
03-31-2011 12:35;31;0
03-31-2011 12:36;93;0
03-31-2011 12:37;45;0
03-31-2011 12:38;142;0
03-31-2011 12:39;9;0
03-31-2011 12:40;104;0
03-31-2011 12:41;175;0
03-31-2011 12:42;131;0
03-31-2011 12:43;3;0
03-31-2011 12:44;666;1
03-31-2011 12:45;834;1
03-31-2011 12:46;624;1
03-31-2011 12:47;424;0
03-31-2011 12:48;16;0
03-31-2011 12:49;384;0
03-31-2011 12:50;304;0
03-31-2011 12:51;424;0
03-31-2011 12:52;605;1
03-31-2011 12:53;1301;1
03-31-2011 12:54;733;1
03-31-2011 12:55;624;1
03-31-2011 12:56;688;1
03-31-2011 12:57;567;0
03-31-2011 12:58;586;1
03-31-2011 12:59;550;1
03-31-2011 13:00;688;1
03-31-2011 13:01;688;1
03-31-2011 13:02;533;0
03-31-2011 13:03;624;1
03-31-2011 13:04;533;0
03-31-2011 13:05;325;0
03-31-2011 13:06;223;0
03-31-2011 13:07;147;0
03-31-2011 13:08;195;0
03-31-2011 13:09;438;0
03-31-2011 13:10;782;1
03-31-2011 13:11;360;0
03-31-2011 13:12;202;0
03-31-2011 13:13;90;0
03-31-2011 13:14;83;0
03-31-2011 13:15;111;0
03-31-2011 13:16;17;0
03-31-2011 13:17;59;0
03-31-2011 13:18;54;0
03-31-2011 13:19;10;0
03-31-2011 13:20;142;0
03-31-2011 13:21;31;0
03-31-2011 13:22;54;0
03-31-2011 13:23;605;1
03-31-2011 13:24;711;1
03-31-2011 13:25;624;1
03-31-2011 13:26;348;0
03-31-2011 13:27;284;0
03-31-2011 13:28;315;0
03-31-2011 13:29;14;0
03-31-2011 13:30;29;0
03-31-2011 13:31;3;0
03-31-2011 13:32;3;0
03-31-2011 13:33;3;0
03-31-2011 13:34;3;0
03-31-2011 13:35;3;0
03-31-2011 13:36;3;0
03-31-2011 13:37;3;0
03-31-2011 13:38;189;0
03-31-2011 13:39;0;0
03-31-2011 13:40;9;0
03-31-2011 13:41;42;0
03-31-2011 13:42;0;0
03-31-2011 13:43;0;0
03-31-2011 13:44;0;0
03-31-2011 13:45;0;0
03-31-2011 13:46;0;0
03-31-2011 13:47;3;0
03-31-2011 13:48;0;0
03-31-2011 13:49;0;0
03-31-2011 13:50;0;0
03-31-2011 13:51;24;0
03-31-2011 13:52;5;0
03-31-2011 13:53;3;0
03-31-2011 13:54;0;0
03-31-2011 13:55;0;0
03-31-2011 13:56;0;0
03-31-2011 13:57;0;0
03-31-2011 13:58;0;0
03-31-2011 13:59;0;0
03-31-2011 14:00;0;0
03-31-2011 14:01;0;0
03-31-2011 14:02;0;0
03-31-2011 14:03;5;0
03-31-2011 14:04;0;0
03-31-2011 14:05;0;0
03-31-2011 14:06;0;0
03-31-2011 14:07;66;0
03-31-2011 14:08;0;0
03-31-2011 14:09;0;0
03-31-2011 14:10;33;0
03-31-2011 14:11;137;0
03-31-2011 14:12;0;0
03-31-2011 14:13;0;0
03-31-2011 14:14;0;0
03-31-2011 14:15;0;0
03-31-2011 14:16;3;0
03-31-2011 14:17;0;0
03-31-2011 14:18;0;0
03-31-2011 14:19;0;0
03-31-2011 14:20;3;0
03-31-2011 14:21;0;0
03-31-2011 14:22;10;0
03-31-2011 14:23;40;0
03-31-2011 14:24;31;0
03-31-2011 14:25;66;0
03-31-2011 14:26;83;0
03-31-2011 14:27;0;0
03-31-2011 14:28;3;0
03-31-2011 14:29;83;0
03-31-2011 14:30;142;0
03-31-2011 14:31;195;0
03-31-2011 14:32;137;0
03-31-2011 14:33;83;0
03-31-2011 14:34;0;0
03-31-2011 14:35;0;0
03-31-2011 14:36;0;0
03-31-2011 14:37;0;0
03-31-2011 14:38;0;0
03-31-2011 14:39;0;0
03-31-2011 14:40;3;0
03-31-2011 14:41;16;0
03-31-2011 14:42;104;0
03-31-2011 14:43;483;0
03-31-2011 14:44;515;0
03-31-2011 14:45;3;0
03-31-2011 14:46;0;0
03-31-2011 14:47;438;0
03-31-2011 14:48;232;0
03-31-2011 14:49;104;0
03-31-2011 14:50;121;0
03-31-2011 14:51;66;0
03-31-2011 14:52;121;0
03-31-2011 14:53;80;0
03-31-2011 14:54;223;0
03-31-2011 14:55;142;0
03-31-2011 14:56;93;0
03-31-2011 14:57;182;0
03-31-2011 14:58;182;0
03-31-2011 14:59;80;0
03-31-2011 15:00;223;0
03-31-2011 15:01;126;0
03-31-2011 15:02;3;0
03-31-2011 15:03;0;0
03-31-2011 15:04;0;0
03-31-2011 15:05;0;0
03-31-2011 15:06;5;0
03-31-2011 15:07;66;0
03-31-2011 15:08;66;0
03-31-2011 15:09;0;0
03-31-2011 15:10;0;0
03-31-2011 15:11;0;0
03-31-2011 15:12;0;0
03-31-2011 15:13;0;0
03-31-2011 15:14;14;0
03-31-2011 15:15;16;0
03-31-2011 15:16;29;0
03-31-2011 15:17;0;0
03-31-2011 15:18;66;0
03-31-2011 15:19;33;0
03-31-2011 15:20;0;0
03-31-2011 15:21;42;0
03-31-2011 15:22;80;0
03-31-2011 15:23;45;0
03-31-2011 15:24;47;0
03-31-2011 15:25;3;0
03-31-2011 15:26;111;0
03-31-2011 15:27;93;0
03-31-2011 15:28;48;0
03-31-2011 15:29;26;0
03-31-2011 15:30;5;0
03-31-2011 15:31;21;0
03-31-2011 15:32;5;0
03-31-2011 15:33;80;0
03-31-2011 15:34;16;0
03-31-2011 15:35;93;0
03-31-2011 15:36;175;0
03-31-2011 15:37;152;0
03-31-2011 15:38;240;0
03-31-2011 15:39;175;0
03-31-2011 15:40;0;0
03-31-2011 15:41;0;0
03-31-2011 15:42;0;0
03-31-2011 15:43;152;0
03-31-2011 15:44;17;0
03-31-2011 15:45;0;0
03-31-2011 15:46;137;0
03-31-2011 15:47;258;0
03-31-2011 15:48;0;0
03-31-2011 15:49;97;0
03-31-2011 15:50;26;0
03-31-2011 15:51;137;0
03-31-2011 15:52;45;0
03-31-2011 15:53;0;0
03-31-2011 15:54;0;0
03-31-2011 15:55;163;0
03-31-2011 15:56;0;0
03-31-2011 15:57;0;0
03-31-2011 15:58;3;0
03-31-2011 15:59;3;0
03-31-2011 16:00;0;0
03-31-2011 16:01;0;0
03-31-2011 16:02;0;0
03-31-2011 16:03;93;0
03-31-2011 16:04;0;0
03-31-2011 16:05;73;0
03-31-2011 16:06;31;0
03-31-2011 16:07;21;0
03-31-2011 16:08;126;0
03-31-2011 16:09;0;0
03-31-2011 16:10;0;0
03-31-2011 16:11;0;0
03-31-2011 16:12;0;0
03-31-2011 16:13;0;0
03-31-2011 16:14;3;0
03-31-2011 16:15;0;0
03-31-2011 16:16;17;0
03-31-2011 16:17;59;0
03-31-2011 16:18;0;0
03-31-2011 16:19;0;0
03-31-2011 16:20;100;0
03-31-2011 16:21;0;0
03-31-2011 16:22;48;0
03-31-2011 16:23;21;0
03-31-2011 16:24;69;0
03-31-2011 16:25;126;0
03-31-2011 16:26;0;0
03-31-2011 16:27;0;0
03-31-2011 16:28;240;0
03-31-2011 16:29;38;0
03-31-2011 16:30;0;0
03-31-2011 16:31;0;0
03-31-2011 16:32;76;0
03-31-2011 16:33;12;0
03-31-2011 16:34;47;0
03-31-2011 16:35;216;0
03-31-2011 16:36;121;0
03-31-2011 16:37;232;0
03-31-2011 16:38;80;0
03-31-2011 16:39;0;0
03-31-2011 16:40;0;0
03-31-2011 16:41;0;0
03-31-2011 16:42;0;0
03-31-2011 16:43;19;0
03-31-2011 16:44;29;0
03-31-2011 16:45;76;0
03-31-2011 16:46;97;0
03-31-2011 16:47;152;0
03-31-2011 16:48;189;0
03-31-2011 16:49;451;0
03-31-2011 16:50;645;1
03-31-2011 16:51;410;0
03-31-2011 16:52;249;0
03-31-2011 16:53;73;0
03-31-2011 16:54;325;0
03-31-2011 16:55;182;0
03-31-2011 16:56;189;0
03-31-2011 16:57;40;0
03-31-2011 16:58;336;0
03-31-2011 16:59;711;1
03-31-2011 17:00;451;0
03-31-2011 17:01;624;1
03-31-2011 17:02;116;0
03-31-2011 17:03;266;0
03-31-2011 17:04;1110;1
03-31-2011 17:05;304;0
03-31-2011 17:06;249;0
03-31-2011 17:07;142;0
03-31-2011 17:08;550;1
03-31-2011 17:09;202;0
03-31-2011 17:10;35;0
03-31-2011 17:11;21;0
03-31-2011 17:12;111;0
03-31-2011 17:13;86;0
03-31-2011 17:14;348;0
03-31-2011 17:15;733;1
03-31-2011 17:16;533;0
03-31-2011 17:17;438;0
03-31-2011 17:18;195;0
03-31-2011 17:19;315;0
03-31-2011 17:20;16;0
03-31-2011 17:21;111;0
03-31-2011 17:22;202;0
03-31-2011 17:23;315;0
03-31-2011 17:24;157;0
03-31-2011 17:25;209;0
03-31-2011 17:26;348;0
03-31-2011 17:27;645;1
03-31-2011 17:28;605;1
03-31-2011 17:29;223;0
03-31-2011 17:30;266;0
03-31-2011 17:31;90;0
03-31-2011 17:32;107;0
03-31-2011 17:33;498;0
03-31-2011 17:34;304;0
03-31-2011 17:35;90;0
03-31-2011 17:36;3;0
03-31-2011 17:37;86;0
03-31-2011 17:38;83;0
03-31-2011 17:39;3;0
03-31-2011 17:40;48;0
03-31-2011 17:41;38;0
03-31-2011 17:42;0;0
03-31-2011 17:43;42;0
03-31-2011 17:44;175;0
03-31-2011 17:45;232;0
03-31-2011 17:46;116;0
03-31-2011 17:47;0;0
03-31-2011 17:48;48;0
03-31-2011 17:49;19;0
03-31-2011 17:50;36;0
03-31-2011 17:51;55;0
03-31-2011 17:52;733;1
03-31-2011 17:53;498;0
03-31-2011 17:54;223;0
03-31-2011 17:55;360;0
03-31-2011 17:56;567;0
03-31-2011 17:57;782;1
03-31-2011 17:58;711;1
03-31-2011 17:59;498;0
03-31-2011 18:00;1301;1
03-31-2011 18:01;275;0
03-31-2011 18:02;498;0
03-31-2011 18:03;66;0
03-31-2011 18:04;76;0
03-31-2011 18:05;360;0
03-31-2011 18:06;336;0
03-31-2011 18:07;97;0
03-31-2011 18:08;107;0
03-31-2011 18:09;232;0
03-31-2011 18:10;240;0
03-31-2011 18:11;384;0
03-31-2011 18:12;348;0
03-31-2011 18:13;73;0
03-31-2011 18:14;284;0
03-31-2011 18:15;48;0
03-31-2011 18:16;189;0
03-31-2011 18:17;131;0
03-31-2011 18:18;0;0
03-31-2011 18:19;9;0
03-31-2011 18:20;0;0
03-31-2011 18:21;73;0
03-31-2011 18:22;0;0
03-31-2011 18:23;42;0
03-31-2011 18:24;100;0
03-31-2011 18:25;66;0
03-31-2011 18:26;0;0
03-31-2011 18:27;42;0
03-31-2011 18:28;76;0
03-31-2011 18:29;0;0
03-31-2011 18:30;111;0
03-31-2011 18:31;9;0
03-31-2011 18:32;10;0
03-31-2011 18:33;50;0
03-31-2011 18:34;35;0
03-31-2011 18:35;275;0
03-31-2011 18:36;104;0
03-31-2011 18:37;0;0
03-31-2011 18:38;3;0
03-31-2011 18:39;7;0
03-31-2011 18:40;3;0
03-31-2011 18:41;0;0
03-31-2011 18:42;0;0
03-31-2011 18:43;0;0
03-31-2011 18:44;0;0
03-31-2011 18:45;0;0
03-31-2011 18:46;0;0
03-31-2011 18:47;0;0
03-31-2011 18:48;0;0
03-31-2011 18:49;97;0
03-31-2011 18:50;0;0
03-31-2011 18:51;0;0
03-31-2011 18:52;36;0
03-31-2011 18:53;0;0
03-31-2011 18:54;3;0
03-31-2011 18:55;3;0
03-31-2011 18:56;0;0
03-31-2011 18:57;0;0
03-31-2011 18:58;275;0
03-31-2011 18:59;0;0
03-31-2011 19:00;0;0
03-31-2011 19:01;0;0
03-31-2011 19:02;0;0
03-31-2011 19:03;12;0
03-31-2011 19:04;0;0
03-31-2011 19:05;14;0
03-31-2011 19:06;0;0
03-31-2011 19:07;0;0
03-31-2011 19:08;0;0
03-31-2011 19:09;0;0
03-31-2011 19:10;38;0
03-31-2011 19:11;69;0
03-31-2011 19:12;3;0
03-31-2011 19:13;73;0
03-31-2011 19:14;240;0
03-31-2011 19:15;3;0
03-31-2011 19:16;121;0
03-31-2011 19:17;26;0
03-31-2011 19:18;38;0
03-31-2011 19:19;567;0
03-31-2011 19:20;0;0
03-31-2011 19:21;3;0
03-31-2011 19:22;0;0
03-31-2011 19:23;0;0
03-31-2011 19:24;21;0
03-31-2011 19:25;93;0
03-31-2011 19:26;0;0
03-31-2011 19:27;0;0
03-31-2011 19:28;5;0
03-31-2011 19:29;0;0
03-31-2011 19:30;0;0
03-31-2011 19:31;47;0
03-31-2011 19:32;5;0
03-31-2011 19:33;69;0
03-31-2011 19:34;605;1
03-31-2011 19:35;21;0
03-31-2011 19:36;100;0
03-31-2011 19:37;9;0
03-31-2011 19:38;0;0
03-31-2011 19:39;0;0
03-31-2011 19:40;0;0
03-31-2011 19:41;372;0
03-31-2011 19:42;42;0
03-31-2011 19:43;0;0
03-31-2011 19:44;438;0
03-31-2011 19:45;182;0
03-31-2011 19:46;90;0
03-31-2011 19:47;73;0
03-31-2011 19:48;9;0
03-31-2011 19:49;0;0
03-31-2011 19:50;0;0
03-31-2011 19:51;45;0
03-31-2011 19:52;5;0
03-31-2011 19:53;97;0
03-31-2011 19:54;147;0
03-31-2011 19:55;69;0
03-31-2011 19:56;157;0
03-31-2011 19:57;45;0
03-31-2011 19:58;45;0
03-31-2011 19:59;62;0
03-31-2011 20:00;42;0
03-31-2011 20:01;5;0
03-31-2011 20:02;0;0
03-31-2011 20:03;0;0
03-31-2011 20:04;0;0
03-31-2011 20:05;0;0
03-31-2011 20:06;10;0
03-31-2011 20:07;0;0
03-31-2011 20:08;52;0
03-31-2011 20:09;3;0
03-31-2011 20:10;0;0
03-31-2011 20:11;3;0
03-31-2011 20:12;0;0
03-31-2011 20:13;0;0
03-31-2011 20:14;9;0
03-31-2011 20:15;31;0
03-31-2011 20:16;0;0
03-31-2011 20:17;12;0
03-31-2011 20:18;3;0
03-31-2011 20:19;0;0
03-31-2011 20:20;7;0
03-31-2011 20:21;0;0
03-31-2011 20:22;0;0
03-31-2011 20:23;195;0
03-31-2011 20:24;202;0
03-31-2011 20:25;168;0
03-31-2011 20:26;80;0
03-31-2011 20:27;232;0
03-31-2011 20:28;163;0
03-31-2011 20:29;59;0
03-31-2011 20:30;7;0
03-31-2011 20:31;100;0
03-31-2011 20:32;209;0
03-31-2011 20:33;0;0
03-31-2011 20:34;438;0
03-31-2011 20:35;126;0
03-31-2011 20:36;624;1
03-31-2011 20:37;43;0
03-31-2011 20:38;100;0
03-31-2011 20:39;52;0
03-31-2011 20:40;59;0
03-31-2011 20:41;12;0
03-31-2011 20:42;10;0
03-31-2011 20:43;0;0
03-31-2011 20:44;0;0
03-31-2011 20:45;42;0
03-31-2011 20:46;90;0
03-31-2011 20:47;0;0
03-31-2011 20:48;0;0
03-31-2011 20:49;0;0
03-31-2011 20:50;131;0
03-31-2011 20:51;16;0
03-31-2011 20:52;3;0
03-31-2011 20:53;0;0
03-31-2011 20:54;0;0
03-31-2011 20:55;12;0
03-31-2011 20:56;107;0
03-31-2011 20:57;0;0
03-31-2011 20:58;3;0
03-31-2011 20:59;131;0
03-31-2011 21:00;90;0
03-31-2011 21:01;36;0
03-31-2011 21:02;28;0
03-31-2011 21:03;3;0
03-31-2011 21:04;0;0
03-31-2011 21:05;97;0
03-31-2011 21:06;31;0
03-31-2011 21:07;126;0
03-31-2011 21:08;189;0
03-31-2011 21:09;384;0
03-31-2011 21:10;163;0
03-31-2011 21:11;121;0
03-31-2011 21:12;223;0
03-31-2011 21:13;232;0
03-31-2011 21:14;29;0
03-31-2011 21:15;29;0
03-31-2011 21:16;137;0
03-31-2011 21:17;47;0
03-31-2011 21:18;131;0
03-31-2011 21:19;76;0
03-31-2011 21:20;195;0
03-31-2011 21:21;182;0
03-31-2011 21:22;152;0
03-31-2011 21:23;111;0
03-31-2011 21:24;19;0
03-31-2011 21:25;104;0
03-31-2011 21:26;62;0
03-31-2011 21:27;410;0
03-31-2011 21:28;467;0
03-31-2011 21:29;152;0
03-31-2011 21:30;5;0
03-31-2011 21:31;5;0
03-31-2011 21:32;0;0
03-31-2011 21:33;216;0
03-31-2011 21:34;889;1
03-31-2011 21:35;372;0
03-31-2011 21:36;157;0
03-31-2011 21:37;157;0
03-31-2011 21:38;73;0
03-31-2011 21:39;33;0
03-31-2011 21:40;232;0
03-31-2011 21:41;47;0
03-31-2011 21:42;21;0
03-31-2011 21:43;86;0
03-31-2011 21:44;54;0
03-31-2011 21:45;21;0
03-31-2011 21:46;43;0
03-31-2011 21:47;3;0
03-31-2011 21:48;90;0
03-31-2011 21:49;3;0
03-31-2011 21:50;48;0
03-31-2011 21:51;104;0
03-31-2011 21:52;315;0
03-31-2011 21:53;266;0
03-31-2011 21:54;107;0
03-31-2011 21:55;168;0
03-31-2011 21:56;14;0
03-31-2011 21:57;24;0
03-31-2011 21:58;16;0
03-31-2011 21:59;54;0
03-31-2011 22:00;22;0
03-31-2011 22:01;0;0
03-31-2011 22:02;12;0
03-31-2011 22:03;10;0
03-31-2011 22:04;0;0
03-31-2011 22:05;0;0
03-31-2011 22:06;0;0
03-31-2011 22:07;0;0
03-31-2011 22:08;0;0
03-31-2011 22:09;0;0
03-31-2011 22:10;50;0
03-31-2011 22:11;48;0
03-31-2011 22:12;3;0
03-31-2011 22:13;189;0
03-31-2011 22:14;3;0
03-31-2011 22:15;0;0
03-31-2011 22:16;0;0
03-31-2011 22:17;3;0
03-31-2011 22:18;24;0
03-31-2011 22:19;14;0
03-31-2011 22:20;16;0
03-31-2011 22:21;3;0
03-31-2011 22:22;0;0
03-31-2011 22:23;0;0
03-31-2011 22:24;0;0
03-31-2011 22:25;22;0
03-31-2011 22:26;62;0
03-31-2011 22:27;0;0
03-31-2011 22:28;3;0
03-31-2011 22:29;0;0
03-31-2011 22:30;62;0
03-31-2011 22:31;0;0
03-31-2011 22:32;0;0
03-31-2011 22:33;47;0
03-31-2011 22:34;47;0
03-31-2011 22:35;0;0
03-31-2011 22:36;66;0
03-31-2011 22:37;195;0
03-31-2011 22:38;50;0
03-31-2011 22:39;97;0
03-31-2011 22:40;52;0
03-31-2011 22:41;14;0
03-31-2011 22:42;182;0
03-31-2011 22:43;69;0
03-31-2011 22:44;3;0
03-31-2011 22:45;73;0
03-31-2011 22:46;0;0
03-31-2011 22:47;22;0
03-31-2011 22:48;116;0
03-31-2011 22:49;168;0
03-31-2011 22:50;69;0
03-31-2011 22:51;36;0
03-31-2011 22:52;90;0
03-31-2011 22:53;10;0
03-31-2011 22:54;17;0
03-31-2011 22:55;16;0
03-31-2011 22:56;14;0
03-31-2011 22:57;54;0
03-31-2011 22:58;19;0
03-31-2011 22:59;107;0
03-31-2011 23:00;24;0
03-31-2011 23:01;0;0
03-31-2011 23:02;33;0
03-31-2011 23:03;66;0
03-31-2011 23:04;0;0
03-31-2011 23:05;0;0
03-31-2011 23:06;121;0
03-31-2011 23:07;0;0
03-31-2011 23:08;0;0
03-31-2011 23:09;0;0
03-31-2011 23:10;0;0
03-31-2011 23:11;0;0
03-31-2011 23:12;0;0
03-31-2011 23:13;0;0
03-31-2011 23:14;0;0
03-31-2011 23:15;0;0
03-31-2011 23:16;0;0
03-31-2011 23:17;0;0
03-31-2011 23:18;0;0
03-31-2011 23:19;0;0
03-31-2011 23:20;0;0
03-31-2011 23:21;0;0
03-31-2011 23:22;0;0
03-31-2011 23:23;35;0
03-31-2011 23:24;0;0
03-31-2011 23:25;0;0
03-31-2011 23:26;0;0
03-31-2011 23:27;0;0
03-31-2011 23:28;0;0
03-31-2011 23:29;0;0
03-31-2011 23:30;0;0
03-31-2011 23:31;0;0
03-31-2011 23:32;0;0
03-31-2011 23:33;0;0
03-31-2011 23:34;0;0
03-31-2011 23:35;104;0
03-31-2011 23:36;0;0
03-31-2011 23:37;0;0
03-31-2011 23:38;0;0
03-31-2011 23:39;0;0
03-31-2011 23:40;0;0
03-31-2011 23:41;0;0
03-31-2011 23:42;0;0
03-31-2011 23:43;0;0
03-31-2011 23:44;0;0
03-31-2011 23:45;0;0
03-31-2011 23:46;0;0
03-31-2011 23:47;0;0
03-31-2011 23:48;0;0
03-31-2011 23:49;0;0
03-31-2011 23:50;0;0
03-31-2011 23:51;12;0
03-31-2011 23:52;48;0
03-31-2011 23:53;0;0
03-31-2011 23:54;0;0
03-31-2011 23:55;62;0
03-31-2011 23:56;0;0
03-31-2011 23:57;0;0
03-31-2011 23:58;0;0
03-31-2011 23:59;0;0
04-01-2011 00:00;76;0
04-01-2011 00:01;45;0
04-01-2011 00:02;0;0
04-01-2011 00:03;35;0
04-01-2011 00:04;0;0
04-01-2011 00:05;16;0
04-01-2011 00:06;43;0
04-01-2011 00:07;3;0
04-01-2011 00:08;9;0
04-01-2011 00:09;17;0
04-01-2011 00:10;202;0
04-01-2011 00:11;0;0
04-01-2011 00:12;0;0
04-01-2011 00:13;0;0
04-01-2011 00:14;0;0
04-01-2011 00:15;0;0
04-01-2011 00:16;0;0
04-01-2011 00:17;0;0
04-01-2011 00:18;0;0
04-01-2011 00:19;0;0
04-01-2011 00:20;50;0
04-01-2011 00:21;0;0
04-01-2011 00:22;0;0
04-01-2011 00:23;0;0
04-01-2011 00:24;0;0
04-01-2011 00:25;0;0
04-01-2011 00:26;66;0
04-01-2011 00:27;0;0
04-01-2011 00:28;5;0
04-01-2011 00:29;93;0
04-01-2011 00:30;0;0
04-01-2011 00:31;0;0
04-01-2011 00:32;0;0
04-01-2011 00:33;0;0
04-01-2011 00:34;0;0
04-01-2011 00:35;0;0
04-01-2011 00:36;0;0
04-01-2011 00:37;0;0
04-01-2011 00:38;21;0
04-01-2011 00:39;0;0
04-01-2011 00:40;19;0
04-01-2011 00:41;14;0
04-01-2011 00:42;0;0
04-01-2011 00:43;22;0
04-01-2011 00:44;0;0
04-01-2011 00:45;22;0
04-01-2011 00:46;7;0
04-01-2011 00:47;0;0
04-01-2011 00:48;0;0
04-01-2011 00:49;0;0
04-01-2011 00:50;0;0
04-01-2011 00:51;0;0
04-01-2011 00:52;0;0
04-01-2011 00:53;0;0
04-01-2011 00:54;0;0
04-01-2011 00:55;0;0
04-01-2011 00:56;0;0
04-01-2011 00:57;62;0
04-01-2011 00:58;0;0
04-01-2011 00:59;0;0
04-01-2011 01:00;0;0
04-01-2011 01:01;0;0
04-01-2011 01:02;0;0
04-01-2011 01:03;0;0
04-01-2011 01:04;0;0
04-01-2011 01:05;0;0
04-01-2011 01:06;0;0
04-01-2011 01:07;0;0
04-01-2011 01:08;0;0
04-01-2011 01:09;0;0
04-01-2011 01:10;0;0
04-01-2011 01:11;0;0
04-01-2011 01:12;0;0
04-01-2011 01:13;0;0
04-01-2011 01:14;0;0
04-01-2011 01:15;0;0
04-01-2011 01:16;0;0
04-01-2011 01:17;0;0
04-01-2011 01:18;0;0
04-01-2011 01:19;0;0
04-01-2011 01:20;0;0
04-01-2011 01:21;0;0
04-01-2011 01:22;73;0
04-01-2011 01:23;0;0
04-01-2011 01:24;0;0
04-01-2011 01:25;0;0
04-01-2011 01:26;0;0
04-01-2011 01:27;111;0
04-01-2011 01:28;0;0
04-01-2011 01:29;0;0
04-01-2011 01:30;0;0
04-01-2011 01:31;0;0
04-01-2011 01:32;80;0
04-01-2011 01:33;54;0
04-01-2011 01:34;0;0
04-01-2011 01:35;0;0
04-01-2011 01:36;0;0
04-01-2011 01:37;0;0
04-01-2011 01:38;0;0
04-01-2011 01:39;0;0
04-01-2011 01:40;0;0
04-01-2011 01:41;0;0
04-01-2011 01:42;0;0
04-01-2011 01:43;0;0
04-01-2011 01:44;0;0
04-01-2011 01:45;0;0
04-01-2011 01:46;0;0
04-01-2011 01:47;0;0
04-01-2011 01:48;0;0
04-01-2011 01:49;0;0
04-01-2011 01:50;0;0
04-01-2011 01:51;0;0
04-01-2011 01:52;0;0
04-01-2011 01:53;0;0
04-01-2011 01:54;0;0
04-01-2011 01:55;0;0
04-01-2011 01:56;0;0
04-01-2011 01:57;0;0
04-01-2011 01:58;0;0
04-01-2011 01:59;0;0
04-01-2011 02:00;0;0
04-01-2011 02:01;0;0
04-01-2011 02:02;0;0
04-01-2011 02:03;0;0
04-01-2011 02:04;0;0
04-01-2011 02:05;0;0
04-01-2011 02:06;0;0
04-01-2011 02:07;121;0
04-01-2011 02:08;0;0
04-01-2011 02:09;0;0
04-01-2011 02:10;0;0
04-01-2011 02:11;0;0
04-01-2011 02:12;0;0
04-01-2011 02:13;59;0
04-01-2011 02:14;3;0
04-01-2011 02:15;0;0
04-01-2011 02:16;0;0
04-01-2011 02:17;0;0
04-01-2011 02:18;0;0
04-01-2011 02:19;0;0
04-01-2011 02:20;163;0
04-01-2011 02:21;0;0
04-01-2011 02:22;5;0
04-01-2011 02:23;0;0
04-01-2011 02:24;0;0
04-01-2011 02:25;14;0
04-01-2011 02:26;0;0
04-01-2011 02:27;0;0
04-01-2011 02:28;16;0
04-01-2011 02:29;10;0
04-01-2011 02:30;16;0
04-01-2011 02:31;0;0
04-01-2011 02:32;0;0
04-01-2011 02:33;175;0
04-01-2011 02:34;16;0
04-01-2011 02:35;0;0
04-01-2011 02:36;0;0
04-01-2011 02:37;0;0
04-01-2011 02:38;126;0
04-01-2011 02:39;33;0
04-01-2011 02:40;0;0
04-01-2011 02:41;0;0
04-01-2011 02:42;0;0
04-01-2011 02:43;0;0
04-01-2011 02:44;142;0
04-01-2011 02:45;3;0
04-01-2011 02:46;0;0
04-01-2011 02:47;0;0
04-01-2011 02:48;97;0
04-01-2011 02:49;0;0
04-01-2011 02:50;5;0
04-01-2011 02:51;0;0
04-01-2011 02:52;0;0
04-01-2011 02:53;0;0
04-01-2011 02:54;80;0
04-01-2011 02:55;7;0
04-01-2011 02:56;55;0
04-01-2011 02:57;0;0
04-01-2011 02:58;0;0
04-01-2011 02:59;0;0
04-01-2011 03:00;0;0
04-01-2011 03:01;0;0
04-01-2011 03:02;86;0
04-01-2011 03:03;0;0
04-01-2011 03:04;0;0
04-01-2011 03:05;0;0
04-01-2011 03:06;0;0
04-01-2011 03:07;0;0
04-01-2011 03:08;111;0
04-01-2011 03:09;40;0
04-01-2011 03:10;36;0
04-01-2011 03:11;0;0
04-01-2011 03:12;0;0
04-01-2011 03:13;0;0
04-01-2011 03:14;0;0
04-01-2011 03:15;0;0
04-01-2011 03:16;0;0
04-01-2011 03:17;0;0
04-01-2011 03:18;0;0
04-01-2011 03:19;0;0
04-01-2011 03:20;0;0
04-01-2011 03:21;0;0
04-01-2011 03:22;0;0
04-01-2011 03:23;0;0
04-01-2011 03:24;0;0
04-01-2011 03:25;0;0
04-01-2011 03:26;0;0
04-01-2011 03:27;0;0
04-01-2011 03:28;0;0
04-01-2011 03:29;0;0
04-01-2011 03:30;0;0
04-01-2011 03:31;0;0
04-01-2011 03:32;0;0
04-01-2011 03:33;0;0
04-01-2011 03:34;0;0
04-01-2011 03:35;0;0
04-01-2011 03:36;0;0
04-01-2011 03:37;66;0
04-01-2011 03:38;12;0
04-01-2011 03:39;0;0
04-01-2011 03:40;0;0
04-01-2011 03:41;0;0
04-01-2011 03:42;55;0
04-01-2011 03:43;0;0
04-01-2011 03:44;0;0
04-01-2011 03:45;0;0
04-01-2011 03:46;0;0
04-01-2011 03:47;0;0
04-01-2011 03:48;0;0
04-01-2011 03:49;0;0
04-01-2011 03:50;0;0
04-01-2011 03:51;0;0
04-01-2011 03:52;0;0
04-01-2011 03:53;0;0
04-01-2011 03:54;0;0
04-01-2011 03:55;0;0
04-01-2011 03:56;0;0
04-01-2011 03:57;0;0
04-01-2011 03:58;0;0
04-01-2011 03:59;0;0
04-01-2011 04:00;0;0
04-01-2011 04:01;0;0
04-01-2011 04:02;0;0
04-01-2011 04:03;0;0
04-01-2011 04:04;0;0
04-01-2011 04:05;0;0
04-01-2011 04:06;0;0
04-01-2011 04:07;0;0
04-01-2011 04:08;0;0
04-01-2011 04:09;0;0
04-01-2011 04:10;80;0
04-01-2011 04:11;3;0
04-01-2011 04:12;104;0
04-01-2011 04:13;0;0
04-01-2011 04:14;0;0
04-01-2011 04:15;0;0
04-01-2011 04:16;0;0
04-01-2011 04:17;76;0
04-01-2011 04:18;0;0
04-01-2011 04:19;0;0
04-01-2011 04:20;0;0
04-01-2011 04:21;0;0
04-01-2011 04:22;0;0
04-01-2011 04:23;336;0
04-01-2011 04:24;104;0
04-01-2011 04:25;438;0
04-01-2011 04:26;0;0
04-01-2011 04:27;0;0
04-01-2011 04:28;3;0
04-01-2011 04:29;0;0
04-01-2011 04:30;3;0
04-01-2011 04:31;0;0
04-01-2011 04:32;0;0
04-01-2011 04:33;76;0
04-01-2011 04:34;0;0
04-01-2011 04:35;0;0
04-01-2011 04:36;240;0
04-01-2011 04:37;31;0
04-01-2011 04:38;0;0
04-01-2011 04:39;38;0
04-01-2011 04:40;0;0
04-01-2011 04:41;54;0
04-01-2011 04:42;0;0
04-01-2011 04:43;0;0
04-01-2011 04:44;3;0
04-01-2011 04:45;0;0
04-01-2011 04:46;3;0
04-01-2011 04:47;0;0
04-01-2011 04:48;0;0
04-01-2011 04:49;42;0
04-01-2011 04:50;22;0
04-01-2011 04:51;100;0
04-01-2011 04:52;147;0
04-01-2011 04:53;175;0
04-01-2011 04:54;240;0
04-01-2011 04:55;195;0
04-01-2011 04:56;451;0
04-01-2011 04:57;9;0
04-01-2011 04:58;0;0
04-01-2011 04:59;0;0
04-01-2011 05:00;10;0
04-01-2011 05:01;0;0
04-01-2011 05:02;0;0
04-01-2011 05:03;62;0
04-01-2011 05:04;0;0
04-01-2011 05:05;0;0
04-01-2011 05:06;0;0
04-01-2011 05:07;38;0
04-01-2011 05:08;35;0
04-01-2011 05:09;3;0
04-01-2011 05:10;0;0
04-01-2011 05:11;3;0
04-01-2011 05:12;21;0
04-01-2011 05:13;0;0
04-01-2011 05:14;0;0
04-01-2011 05:15;0;0
04-01-2011 05:16;3;0
04-01-2011 05:17;3;0
04-01-2011 05:18;24;0
04-01-2011 05:19;3;0
04-01-2011 05:20;0;0
04-01-2011 05:21;55;0
04-01-2011 05:22;40;0
04-01-2011 05:23;5;0
04-01-2011 05:24;3;0
04-01-2011 05:25;14;0
04-01-2011 05:26;3;0
04-01-2011 05:27;5;0
04-01-2011 05:28;5;0
04-01-2011 05:29;26;0
04-01-2011 05:30;55;0
04-01-2011 05:31;0;0
04-01-2011 05:32;0;0
04-01-2011 05:33;40;0
04-01-2011 05:34;26;0
04-01-2011 05:35;43;0
04-01-2011 05:36;21;0
04-01-2011 05:37;0;0
04-01-2011 05:38;10;0
04-01-2011 05:39;29;0
04-01-2011 05:40;0;0
04-01-2011 05:41;3;0
04-01-2011 05:42;90;0
04-01-2011 05:43;86;0
04-01-2011 05:44;14;0
04-01-2011 05:45;17;0
04-01-2011 05:46;360;0
04-01-2011 05:47;0;0
04-01-2011 05:48;0;0
04-01-2011 05:49;0;0
04-01-2011 05:50;0;0
04-01-2011 05:51;14;0
04-01-2011 05:52;73;0
04-01-2011 05:53;14;0
04-01-2011 05:54;24;0
04-01-2011 05:55;3;0
04-01-2011 05:56;59;0
04-01-2011 05:57;100;0
04-01-2011 05:58;21;0
04-01-2011 05:59;0;0
04-01-2011 06:00;42;0
04-01-2011 06:01;12;0
04-01-2011 06:02;28;0
04-01-2011 06:03;7;0
04-01-2011 06:04;3;0
04-01-2011 06:05;10;0
04-01-2011 06:06;45;0
04-01-2011 06:07;54;0
04-01-2011 06:08;0;0
04-01-2011 06:09;54;0
04-01-2011 06:10;52;0
04-01-2011 06:11;12;0
04-01-2011 06:12;0;0
04-01-2011 06:13;14;0
04-01-2011 06:14;83;0
04-01-2011 06:15;33;0
04-01-2011 06:16;24;0
04-01-2011 06:17;31;0
04-01-2011 06:18;3;0
04-01-2011 06:19;3;0
04-01-2011 06:20;16;0
04-01-2011 06:21;410;0
04-01-2011 06:22;137;0
04-01-2011 06:23;782;1
04-01-2011 06:24;209;0
04-01-2011 06:25;605;1
04-01-2011 06:26;249;0
04-01-2011 06:27;12;0
04-01-2011 06:28;3;0
04-01-2011 06:29;26;0
04-01-2011 06:30;42;0
04-01-2011 06:31;3;0
04-01-2011 06:32;38;0
04-01-2011 06:33;3;0
04-01-2011 06:34;3;0
04-01-2011 06:35;3;0
04-01-2011 06:36;21;0
04-01-2011 06:37;9;0
04-01-2011 06:38;111;0
04-01-2011 06:39;47;0
04-01-2011 06:40;3;0
04-01-2011 06:41;0;0
04-01-2011 06:42;3;0
04-01-2011 06:43;26;0
04-01-2011 06:44;3;0
04-01-2011 06:45;3;0
04-01-2011 06:46;31;0
04-01-2011 06:47;90;0
04-01-2011 06:48;3;0
04-01-2011 06:49;16;0
04-01-2011 06:50;10;0
04-01-2011 06:51;9;0
04-01-2011 06:52;19;0
04-01-2011 06:53;0;0
04-01-2011 06:54;9;0
04-01-2011 06:55;0;0
04-01-2011 06:56;24;0
04-01-2011 06:57;33;0
04-01-2011 06:58;3;0
04-01-2011 06:59;40;0
04-01-2011 07:00;35;0
04-01-2011 07:01;80;0
04-01-2011 07:02;168;0
04-01-2011 07:03;0;0
04-01-2011 07:04;3;0
04-01-2011 07:05;73;0
04-01-2011 07:06;189;0
04-01-2011 07:07;304;0
04-01-2011 07:08;33;0
04-01-2011 07:09;0;0
04-01-2011 07:10;0;0
04-01-2011 07:11;0;0
04-01-2011 07:12;0;0
04-01-2011 07:13;0;0
04-01-2011 07:14;0;0
04-01-2011 07:15;0;0
04-01-2011 07:16;0;0
04-01-2011 07:17;10;0
04-01-2011 07:18;9;0
04-01-2011 07:19;0;0
04-01-2011 07:20;0;0
04-01-2011 07:21;0;0
04-01-2011 07:22;0;0
04-01-2011 07:23;0;0
04-01-2011 07:24;0;0
04-01-2011 07:25;0;0
04-01-2011 07:26;3;0
04-01-2011 07:27;0;0
04-01-2011 07:28;0;0
04-01-2011 07:29;147;0
04-01-2011 07:30;0;0
04-01-2011 07:31;0;0
04-01-2011 07:32;0;0
04-01-2011 07:33;0;0
04-01-2011 07:34;55;0
04-01-2011 07:35;0;0
04-01-2011 07:36;80;0
04-01-2011 07:37;0;0
04-01-2011 07:38;0;0
04-01-2011 07:39;0;0
04-01-2011 07:40;0;0
04-01-2011 07:41;0;0
04-01-2011 07:42;0;0
04-01-2011 07:43;0;0
04-01-2011 07:44;126;0
04-01-2011 07:45;55;0
04-01-2011 07:46;0;0
04-01-2011 07:47;0;0
04-01-2011 07:48;0;0
04-01-2011 07:49;0;0
04-01-2011 07:50;0;0
04-01-2011 07:51;0;0
04-01-2011 07:52;3;0
04-01-2011 07:53;0;0
04-01-2011 07:54;0;0
04-01-2011 07:55;0;0
04-01-2011 07:56;0;0
04-01-2011 07:57;0;0
04-01-2011 07:58;0;0
04-01-2011 07:59;0;0
04-01-2011 08:00;0;0
04-01-2011 08:01;0;0
04-01-2011 08:02;17;0
04-01-2011 08:03;0;0
04-01-2011 08:04;0;0
04-01-2011 08:05;0;0
04-01-2011 08:06;0;0
04-01-2011 08:07;0;0
04-01-2011 08:08;0;0
04-01-2011 08:09;7;0
04-01-2011 08:10;47;0
04-01-2011 08:11;0;0
04-01-2011 08:12;0;0
04-01-2011 08:13;0;0
04-01-2011 08:14;0;0
04-01-2011 08:15;0;0
04-01-2011 08:16;0;0
04-01-2011 08:17;0;0
04-01-2011 08:18;3;0
04-01-2011 08:19;0;0
04-01-2011 08:20;0;0
04-01-2011 08:21;0;0
04-01-2011 08:22;14;0
04-01-2011 08:23;0;0
04-01-2011 08:24;0;0
04-01-2011 08:25;0;0
04-01-2011 08:26;0;0
04-01-2011 08:27;0;0
04-01-2011 08:28;0;0
04-01-2011 08:29;0;0
04-01-2011 08:30;0;0
04-01-2011 08:31;0;0
04-01-2011 08:32;0;0
04-01-2011 08:33;0;0
04-01-2011 08:34;0;0
04-01-2011 08:35;0;0
04-01-2011 08:36;189;0
04-01-2011 08:37;0;0
04-01-2011 08:38;0;0
04-01-2011 08:39;36;0
04-01-2011 08:40;0;0
04-01-2011 08:41;0;0
04-01-2011 08:42;62;0
04-01-2011 08:43;0;0
04-01-2011 08:44;0;0
04-01-2011 08:45;147;0
04-01-2011 08:46;0;0
04-01-2011 08:47;0;0
04-01-2011 08:48;0;0
04-01-2011 08:49;0;0
04-01-2011 08:50;0;0
04-01-2011 08:51;0;0
04-01-2011 08:52;26;0
04-01-2011 08:53;0;0
04-01-2011 08:54;0;0
04-01-2011 08:55;0;0
04-01-2011 08:56;100;0
04-01-2011 08:57;0;0
04-01-2011 08:58;0;0
04-01-2011 08:59;0;0
04-01-2011 09:00;0;0
04-01-2011 09:01;5;0
04-01-2011 09:02;147;0
04-01-2011 09:03;0;0
04-01-2011 09:04;0;0
04-01-2011 09:05;0;0
04-01-2011 09:06;0;0
04-01-2011 09:07;0;0
04-01-2011 09:08;0;0
04-01-2011 09:09;0;0
04-01-2011 09:10;52;0
04-01-2011 09:11;3;0
04-01-2011 09:12;142;0
04-01-2011 09:13;131;0
04-01-2011 09:14;0;0
04-01-2011 09:15;9;0
04-01-2011 09:16;29;0
04-01-2011 09:17;24;0
04-01-2011 09:18;42;0
04-01-2011 09:19;62;0
04-01-2011 09:20;14;0
04-01-2011 09:21;0;0
04-01-2011 09:22;3;0
04-01-2011 09:23;90;0
04-01-2011 09:24;80;0
04-01-2011 09:25;45;0
04-01-2011 09:26;126;0
04-01-2011 09:27;33;0
04-01-2011 09:28;73;0
04-01-2011 09:29;48;0
04-01-2011 09:30;48;0
04-01-2011 09:31;14;0
04-01-2011 09:32;24;0
04-01-2011 09:33;0;0
04-01-2011 09:34;22;0
04-01-2011 09:35;66;0
04-01-2011 09:36;10;0
04-01-2011 09:37;175;0
04-01-2011 09:38;3;0
04-01-2011 09:39;3;0
04-01-2011 09:40;3;0
04-01-2011 09:41;3;0
04-01-2011 09:42;3;0
04-01-2011 09:43;3;0
04-01-2011 09:44;3;0
04-01-2011 09:45;0;0
04-01-2011 09:46;121;0
04-01-2011 09:47;14;0
04-01-2011 09:48;55;0
04-01-2011 09:49;31;0
04-01-2011 09:50;19;0
04-01-2011 09:51;17;0
04-01-2011 09:52;3;0
04-01-2011 09:53;14;0
04-01-2011 09:54;3;0
04-01-2011 09:55;3;0
04-01-2011 09:56;76;0
04-01-2011 09:57;195;0
04-01-2011 09:58;157;0
04-01-2011 09:59;10;0
04-01-2011 10:00;1183;1
04-01-2011 10:01;948;1
04-01-2011 10:02;1342;1
04-01-2011 10:03;808;1
04-01-2011 10:04;889;1
04-01-2011 10:05;1043;1
04-01-2011 10:06;451;0
04-01-2011 10:07;168;0
04-01-2011 10:08;325;0
04-01-2011 10:09;195;0
04-01-2011 10:10;202;0
04-01-2011 10:11;137;0
04-01-2011 10:12;467;0
04-01-2011 10:13;424;0
04-01-2011 10:14;73;0
04-01-2011 10:15;498;0
04-01-2011 10:16;861;1
04-01-2011 10:17;645;1
04-01-2011 10:18;121;0
04-01-2011 10:19;240;0
04-01-2011 10:20;240;0
04-01-2011 10:21;55;0
04-01-2011 10:22;29;0
04-01-2011 10:23;10;0
04-01-2011 10:24;76;0
04-01-2011 10:25;195;0
04-01-2011 10:26;782;1
04-01-2011 10:27;624;1
04-01-2011 10:28;808;1
04-01-2011 10:29;1147;1
04-01-2011 10:30;1076;1
04-01-2011 10:31;1010;1
04-01-2011 10:32;711;1
04-01-2011 10:33;424;0
04-01-2011 10:34;1221;1
04-01-2011 10:35;2845;1
04-01-2011 10:36;605;1
04-01-2011 10:37;325;0
04-01-2011 10:38;515;0
04-01-2011 10:39;533;0
04-01-2011 10:40;711;1
04-01-2011 10:41;483;0
04-01-2011 10:42;304;0
04-01-2011 10:43;586;1
04-01-2011 10:44;498;0
04-01-2011 10:45;384;0
04-01-2011 10:46;567;0
04-01-2011 10:47;304;0
04-01-2011 10:48;467;0
04-01-2011 10:49;360;0
04-01-2011 10:50;438;0
04-01-2011 10:51;137;0
04-01-2011 10:52;424;0
04-01-2011 10:53;550;1
04-01-2011 10:54;498;0
04-01-2011 10:55;666;1
04-01-2011 10:56;336;0
04-01-2011 10:57;567;0
04-01-2011 10:58;249;0
04-01-2011 10:59;410;0
04-01-2011 11:00;666;1
04-01-2011 11:01;483;0
04-01-2011 11:02;304;0
04-01-2011 11:03;451;0
04-01-2011 11:04;451;0
04-01-2011 11:05;384;0
04-01-2011 11:06;121;0
04-01-2011 11:07;223;0
04-01-2011 11:08;384;0
04-01-2011 11:09;284;0
04-01-2011 11:10;249;0
04-01-2011 11:11;86;0
04-01-2011 11:12;348;0
04-01-2011 11:13;360;0
04-01-2011 11:14;360;0
04-01-2011 11:15;711;1
04-01-2011 11:16;69;0
04-01-2011 11:17;48;0
04-01-2011 11:18;216;0
04-01-2011 11:19;758;1
04-01-2011 11:20;294;0
04-01-2011 11:21;666;1
04-01-2011 11:22;438;0
04-01-2011 11:23;360;0
04-01-2011 11:24;467;0
04-01-2011 11:25;384;0
04-01-2011 11:26;688;1
04-01-2011 11:27;498;0
04-01-2011 11:28;918;1
04-01-2011 11:29;979;1
04-01-2011 11:30;1076;1
04-01-2011 11:31;35;0
04-01-2011 11:32;0;0
04-01-2011 11:33;3;0
04-01-2011 11:34;498;0
04-01-2011 11:35;0;0
04-01-2011 11:36;1301;1
04-01-2011 11:37;1301;1
04-01-2011 11:38;2020;1
04-01-2011 11:39;1110;1
04-01-2011 11:40;1110;1
04-01-2011 11:41;733;1
04-01-2011 11:42;483;0
04-01-2011 11:43;550;1
04-01-2011 11:44;605;1
04-01-2011 11:45;758;1
04-01-2011 11:46;396;0
04-01-2011 11:47;336;0
04-01-2011 11:48;360;0
04-01-2011 11:49;258;0
04-01-2011 11:50;80;0
04-01-2011 11:51;47;0
04-01-2011 11:52;54;0
04-01-2011 11:53;86;0
04-01-2011 11:54;55;0
04-01-2011 11:55;131;0
04-01-2011 11:56;163;0
04-01-2011 11:57;42;0
04-01-2011 11:58;175;0
04-01-2011 11:59;93;0
04-01-2011 12:00;42;0
04-01-2011 12:01;410;0
04-01-2011 12:02;336;0
04-01-2011 12:03;533;0
04-01-2011 12:04;711;1
04-01-2011 12:05;1221;1
04-01-2011 12:06;645;1
04-01-2011 12:07;424;0
04-01-2011 12:08;284;0
04-01-2011 12:09;157;0
04-01-2011 12:10;10;0
04-01-2011 12:11;3;0
04-01-2011 12:12;3;0
04-01-2011 12:13;223;0
04-01-2011 12:14;498;0
04-01-2011 12:15;249;0
04-01-2011 12:16;348;0
04-01-2011 12:17;467;0
04-01-2011 12:18;360;0
04-01-2011 12:19;533;0
04-01-2011 12:20;240;0
04-01-2011 12:21;336;0
04-01-2011 12:22;240;0
04-01-2011 12:23;567;0
04-01-2011 12:24;182;0
04-01-2011 12:25;216;0
04-01-2011 12:26;168;0
04-01-2011 12:27;275;0
04-01-2011 12:28;266;0
04-01-2011 12:29;336;0
04-01-2011 12:30;315;0
04-01-2011 12:31;275;0
04-01-2011 12:32;147;0
04-01-2011 12:33;223;0
04-01-2011 12:34;223;0
04-01-2011 12:35;336;0
04-01-2011 12:36;142;0
04-01-2011 12:37;294;0
04-01-2011 12:38;438;0
04-01-2011 12:39;483;0
04-01-2011 12:40;360;0
04-01-2011 12:41;410;0
04-01-2011 12:42;424;0
04-01-2011 12:43;16;0
04-01-2011 12:44;372;0
04-01-2011 12:45;137;0
04-01-2011 12:46;550;1
04-01-2011 12:47;284;0
04-01-2011 12:48;467;0
04-01-2011 12:49;384;0
04-01-2011 12:50;451;0
04-01-2011 12:51;240;0
04-01-2011 12:52;266;0
04-01-2011 12:53;360;0
04-01-2011 12:54;69;0
04-01-2011 12:55;21;0
04-01-2011 12:56;294;0
04-01-2011 12:57;66;0
04-01-2011 12:58;240;0
04-01-2011 12:59;666;1
04-01-2011 13:00;451;0
04-01-2011 13:01;515;0
04-01-2011 13:02;645;1
04-01-2011 13:03;38;0
04-01-2011 13:04;29;0
04-01-2011 13:05;121;0
04-01-2011 13:06;396;0
04-01-2011 13:07;66;0
04-01-2011 13:08;31;0
04-01-2011 13:09;0;0
04-01-2011 13:10;33;0
04-01-2011 13:11;17;0
04-01-2011 13:12;38;0
04-01-2011 13:13;19;0
04-01-2011 13:14;40;0
04-01-2011 13:15;43;0
04-01-2011 13:16;22;0
04-01-2011 13:17;76;0
04-01-2011 13:18;43;0
04-01-2011 13:19;14;0
04-01-2011 13:20;55;0
04-01-2011 13:21;54;0
04-01-2011 13:22;168;0
04-01-2011 13:23;19;0
04-01-2011 13:24;29;0
04-01-2011 13:25;0;0
04-01-2011 13:26;80;0
04-01-2011 13:27;31;0
04-01-2011 13:28;31;0
04-01-2011 13:29;40;0
04-01-2011 13:30;21;0
04-01-2011 13:31;0;0
04-01-2011 13:32;80;0
04-01-2011 13:33;29;0
04-01-2011 13:34;31;0
04-01-2011 13:35;97;0
04-01-2011 13:36;168;0
04-01-2011 13:37;24;0
04-01-2011 13:38;3;0
04-01-2011 13:39;0;0
04-01-2011 13:40;26;0
04-01-2011 13:41;147;0
04-01-2011 13:42;100;0
04-01-2011 13:43;137;0
04-01-2011 13:44;76;0
04-01-2011 13:45;43;0
04-01-2011 13:46;152;0
04-01-2011 13:47;142;0
04-01-2011 13:48;0;0
04-01-2011 13:49;126;0
04-01-2011 13:50;126;0
04-01-2011 13:51;360;0
04-01-2011 13:52;126;0
04-01-2011 13:53;14;0
04-01-2011 13:54;126;0
04-01-2011 13:55;3;0
04-01-2011 13:56;116;0
04-01-2011 13:57;7;0
04-01-2011 13:58;24;0
04-01-2011 13:59;50;0
04-01-2011 14:00;21;0
04-01-2011 14:01;42;0
04-01-2011 14:02;131;0
04-01-2011 14:03;152;0
04-01-2011 14:04;116;0
04-01-2011 14:05;76;0
04-01-2011 14:06;384;0
04-01-2011 14:07;31;0
04-01-2011 14:08;73;0
04-01-2011 14:09;137;0
04-01-2011 14:10;116;0
04-01-2011 14:11;24;0
04-01-2011 14:12;42;0
04-01-2011 14:13;142;0
04-01-2011 14:14;69;0
04-01-2011 14:15;55;0
04-01-2011 14:16;142;0
04-01-2011 14:17;157;0
04-01-2011 14:18;175;0
04-01-2011 14:19;163;0
04-01-2011 14:20;111;0
04-01-2011 14:21;137;0
04-01-2011 14:22;83;0
04-01-2011 14:23;152;0
04-01-2011 14:24;3;0
04-01-2011 14:25;69;0
04-01-2011 14:26;73;0
04-01-2011 14:27;43;0
04-01-2011 14:28;121;0
04-01-2011 14:29;66;0
04-01-2011 14:30;168;0
04-01-2011 14:31;142;0
04-01-2011 14:32;38;0
04-01-2011 14:33;97;0
04-01-2011 14:34;157;0
04-01-2011 14:35;107;0
04-01-2011 14:36;62;0
04-01-2011 14:37;73;0
04-01-2011 14:38;14;0
04-01-2011 14:39;40;0
04-01-2011 14:40;22;0
04-01-2011 14:41;42;0
04-01-2011 14:42;83;0
04-01-2011 14:43;116;0
04-01-2011 14:44;50;0
04-01-2011 14:45;83;0
04-01-2011 14:46;76;0
04-01-2011 14:47;157;0
04-01-2011 14:48;86;0
04-01-2011 14:49;50;0
04-01-2011 14:50;16;0
04-01-2011 14:51;202;0
04-01-2011 14:52;26;0
04-01-2011 14:53;3;0
04-01-2011 14:54;16;0
04-01-2011 14:55;14;0
04-01-2011 14:56;16;0
04-01-2011 14:57;69;0
04-01-2011 14:58;17;0
04-01-2011 14:59;294;0
04-01-2011 15:00;38;0
04-01-2011 15:01;325;0
04-01-2011 15:02;62;0
04-01-2011 15:03;38;0
04-01-2011 15:04;24;0
04-01-2011 15:05;3;0
04-01-2011 15:06;19;0
04-01-2011 15:07;5;0
04-01-2011 15:08;0;0
04-01-2011 15:09;66;0
04-01-2011 15:10;66;0
04-01-2011 15:11;66;0
04-01-2011 15:12;52;0
04-01-2011 15:13;80;0
04-01-2011 15:14;40;0
04-01-2011 15:15;38;0
04-01-2011 15:16;66;0
04-01-2011 15:17;240;0
04-01-2011 15:18;137;0
04-01-2011 15:19;9;0
04-01-2011 15:20;121;0
04-01-2011 15:21;36;0
04-01-2011 15:22;9;0
04-01-2011 15:23;38;0
04-01-2011 15:24;258;0
04-01-2011 15:25;384;0
04-01-2011 15:26;451;0
04-01-2011 15:27;348;0
04-01-2011 15:28;304;0
04-01-2011 15:29;451;0
04-01-2011 15:30;232;0
04-01-2011 15:31;36;0
04-01-2011 15:32;59;0
04-01-2011 15:33;17;0
04-01-2011 15:34;0;0
04-01-2011 15:35;284;0
04-01-2011 15:36;216;0
04-01-2011 15:37;9;0
04-01-2011 15:38;3;0
04-01-2011 15:39;19;0
04-01-2011 15:40;10;0
04-01-2011 15:41;14;0
04-01-2011 15:42;3;0
04-01-2011 15:43;0;0
04-01-2011 15:44;19;0
04-01-2011 15:45;3;0
04-01-2011 15:46;10;0
04-01-2011 15:47;9;0
04-01-2011 15:48;0;0
04-01-2011 15:49;147;0
04-01-2011 15:50;195;0
04-01-2011 15:51;40;0
04-01-2011 15:52;137;0
04-01-2011 15:53;0;0
04-01-2011 15:54;17;0
04-01-2011 15:55;410;0
04-01-2011 15:56;0;0
04-01-2011 15:57;0;0
04-01-2011 15:58;45;0
04-01-2011 15:59;12;0
04-01-2011 16:00;52;0
04-01-2011 16:01;69;0
04-01-2011 16:02;107;0
04-01-2011 16:03;152;0
04-01-2011 16:04;97;0
04-01-2011 16:05;33;0
04-01-2011 16:06;47;0
04-01-2011 16:07;55;0
04-01-2011 16:08;147;0
04-01-2011 16:09;410;0
04-01-2011 16:10;372;0
04-01-2011 16:11;137;0
04-01-2011 16:12;182;0
04-01-2011 16:13;100;0
04-01-2011 16:14;396;0
04-01-2011 16:15;315;0
04-01-2011 16:16;116;0
04-01-2011 16:17;266;0
04-01-2011 16:18;202;0
04-01-2011 16:19;147;0
04-01-2011 16:20;86;0
04-01-2011 16:21;90;0
04-01-2011 16:22;182;0
04-01-2011 16:23;284;0
04-01-2011 16:24;90;0
04-01-2011 16:25;304;0
04-01-2011 16:26;240;0
04-01-2011 16:27;451;0
04-01-2011 16:28;372;0
04-01-2011 16:29;52;0
04-01-2011 16:30;142;0
04-01-2011 16:31;97;0
04-01-2011 16:32;195;0
04-01-2011 16:33;59;0
04-01-2011 16:34;116;0
04-01-2011 16:35;97;0
04-01-2011 16:36;126;0
04-01-2011 16:37;586;1
04-01-2011 16:38;209;0
04-01-2011 16:39;121;0
04-01-2011 16:40;189;0
04-01-2011 16:41;80;0
04-01-2011 16:42;232;0
04-01-2011 16:43;275;0
04-01-2011 16:44;62;0
04-01-2011 16:45;168;0
04-01-2011 16:46;40;0
04-01-2011 16:47;22;0
04-01-2011 16:48;137;0
04-01-2011 16:49;100;0
04-01-2011 16:50;80;0
04-01-2011 16:51;0;0
04-01-2011 16:52;157;0
04-01-2011 16:53;73;0
04-01-2011 16:54;62;0
04-01-2011 16:55;14;0
04-01-2011 16:56;86;0
04-01-2011 16:57;69;0
04-01-2011 16:58;36;0
04-01-2011 16:59;59;0
04-01-2011 17:00;249;0
04-01-2011 17:01;76;0
04-01-2011 17:02;59;0
04-01-2011 17:03;40;0
04-01-2011 17:04;189;0
04-01-2011 17:05;107;0
04-01-2011 17:06;28;0
04-01-2011 17:07;55;0
04-01-2011 17:08;76;0
04-01-2011 17:09;336;0
04-01-2011 17:10;336;0
04-01-2011 17:11;438;0
04-01-2011 17:12;249;0
04-01-2011 17:13;142;0
04-01-2011 17:14;223;0
04-01-2011 17:15;163;0
04-01-2011 17:16;12;0
04-01-2011 17:17;90;0
04-01-2011 17:18;121;0
04-01-2011 17:19;83;0
04-01-2011 17:20;232;0
04-01-2011 17:21;29;0
04-01-2011 17:22;26;0
04-01-2011 17:23;0;0
04-01-2011 17:24;24;0
04-01-2011 17:25;107;0
04-01-2011 17:26;50;0
04-01-2011 17:27;182;0
04-01-2011 17:28;90;0
04-01-2011 17:29;17;0
04-01-2011 17:30;73;0
04-01-2011 17:31;80;0
04-01-2011 17:32;26;0
04-01-2011 17:33;50;0
04-01-2011 17:34;152;0
04-01-2011 17:35;28;0
04-01-2011 17:36;16;0
04-01-2011 17:37;52;0
04-01-2011 17:38;17;0
04-01-2011 17:39;42;0
04-01-2011 17:40;42;0
04-01-2011 17:41;31;0
04-01-2011 17:42;9;0
04-01-2011 17:43;0;0
04-01-2011 17:44;80;0
04-01-2011 17:45;50;0
04-01-2011 17:46;55;0
04-01-2011 17:47;54;0
04-01-2011 17:48;48;0
04-01-2011 17:49;73;0
04-01-2011 17:50;55;0
04-01-2011 17:51;50;0
04-01-2011 17:52;28;0
04-01-2011 17:53;116;0
04-01-2011 17:54;533;0
04-01-2011 17:55;266;0
04-01-2011 17:56;83;0
04-01-2011 17:57;22;0
04-01-2011 17:58;0;0
04-01-2011 17:59;62;0
04-01-2011 18:00;69;0
04-01-2011 18:01;121;0
04-01-2011 18:02;483;0
04-01-2011 18:03;240;0
04-01-2011 18:04;451;0
04-01-2011 18:05;266;0
04-01-2011 18:06;209;0
04-01-2011 18:07;384;0
04-01-2011 18:08;104;0
04-01-2011 18:09;29;0
04-01-2011 18:10;52;0
04-01-2011 18:11;24;0
04-01-2011 18:12;29;0
04-01-2011 18:13;90;0
04-01-2011 18:14;209;0
04-01-2011 18:15;216;0
04-01-2011 18:16;152;0
04-01-2011 18:17;29;0
04-01-2011 18:18;147;0
04-01-2011 18:19;40;0
04-01-2011 18:20;0;0
04-01-2011 18:21;3;0
04-01-2011 18:22;97;0
04-01-2011 18:23;111;0
04-01-2011 18:24;100;0
04-01-2011 18:25;0;0
04-01-2011 18:26;43;0
04-01-2011 18:27;152;0
04-01-2011 18:28;93;0
04-01-2011 18:29;240;0
04-01-2011 18:30;59;0
04-01-2011 18:31;55;0
04-01-2011 18:32;116;0
04-01-2011 18:33;93;0
04-01-2011 18:34;12;0
04-01-2011 18:35;42;0
04-01-2011 18:36;0;0
04-01-2011 18:37;24;0
04-01-2011 18:38;33;0
04-01-2011 18:39;0;0
04-01-2011 18:40;182;0
04-01-2011 18:41;315;0
04-01-2011 18:42;36;0
04-01-2011 18:43;0;0
04-01-2011 18:44;209;0
04-01-2011 18:45;66;0
04-01-2011 18:46;38;0
04-01-2011 18:47;0;0
04-01-2011 18:48;121;0
04-01-2011 18:49;29;0
04-01-2011 18:50;0;0
04-01-2011 18:51;0;0
04-01-2011 18:52;104;0
04-01-2011 18:53;35;0
04-01-2011 18:54;38;0
04-01-2011 18:55;0;0
04-01-2011 18:56;157;0
04-01-2011 18:57;294;0
04-01-2011 18:58;66;0
04-01-2011 18:59;195;0
04-01-2011 19:00;9;0
04-01-2011 19:01;152;0
04-01-2011 19:02;22;0
04-01-2011 19:03;31;0
04-01-2011 19:04;3;0
04-01-2011 19:05;80;0
04-01-2011 19:06;21;0
04-01-2011 19:07;80;0
04-01-2011 19:08;28;0
04-01-2011 19:09;733;1
04-01-2011 19:10;348;0
04-01-2011 19:11;59;0
04-01-2011 19:12;624;1
04-01-2011 19:13;467;0
04-01-2011 19:14;40;0
04-01-2011 19:15;42;0
04-01-2011 19:16;62;0
04-01-2011 19:17;16;0
04-01-2011 19:18;55;0
04-01-2011 19:19;26;0
04-01-2011 19:20;275;0
04-01-2011 19:21;424;0
04-01-2011 19:22;1110;1
04-01-2011 19:23;372;0
04-01-2011 19:24;284;0
04-01-2011 19:25;266;0
04-01-2011 19:26;467;0
04-01-2011 19:27;396;0
04-01-2011 19:28;100;0
04-01-2011 19:29;348;0
04-01-2011 19:30;515;0
04-01-2011 19:31;372;0
04-01-2011 19:32;36;0
04-01-2011 19:33;107;0
04-01-2011 19:34;76;0
04-01-2011 19:35;45;0
04-01-2011 19:36;0;0
04-01-2011 19:37;137;0
04-01-2011 19:38;28;0
04-01-2011 19:39;83;0
04-01-2011 19:40;69;0
04-01-2011 19:41;76;0
04-01-2011 19:42;76;0
04-01-2011 19:43;66;0
04-01-2011 19:44;223;0
04-01-2011 19:45;40;0
04-01-2011 19:46;3;0
04-01-2011 19:47;216;0
04-01-2011 19:48;80;0
04-01-2011 19:49;126;0
04-01-2011 19:50;147;0
04-01-2011 19:51;54;0
04-01-2011 19:52;157;0
04-01-2011 19:53;83;0
04-01-2011 19:54;28;0
04-01-2011 19:55;40;0
04-01-2011 19:56;62;0
04-01-2011 19:57;12;0
04-01-2011 19:58;33;0
04-01-2011 19:59;21;0
04-01-2011 20:00;3;0
04-01-2011 20:01;116;0
04-01-2011 20:02;100;0
04-01-2011 20:03;121;0
04-01-2011 20:04;80;0
04-01-2011 20:05;216;0
04-01-2011 20:06;100;0
04-01-2011 20:07;0;0
04-01-2011 20:08;0;0
04-01-2011 20:09;372;0
04-01-2011 20:10;202;0
04-01-2011 20:11;360;0
04-01-2011 20:12;438;0
04-01-2011 20:13;209;0
04-01-2011 20:14;111;0
04-01-2011 20:15;137;0
04-01-2011 20:16;175;0
04-01-2011 20:17;10;0
04-01-2011 20:18;0;0
04-01-2011 20:19;0;0
04-01-2011 20:20;0;0
04-01-2011 20:21;116;0
04-01-2011 20:22;19;0
04-01-2011 20:23;38;0
04-01-2011 20:24;59;0
04-01-2011 20:25;0;0
04-01-2011 20:26;0;0
04-01-2011 20:27;17;0
04-01-2011 20:28;121;0
04-01-2011 20:29;0;0
04-01-2011 20:30;26;0
04-01-2011 20:31;249;0
04-01-2011 20:32;93;0
04-01-2011 20:33;152;0
04-01-2011 20:34;137;0
04-01-2011 20:35;17;0
04-01-2011 20:36;275;0
04-01-2011 20:37;59;0
04-01-2011 20:38;36;0
04-01-2011 20:39;17;0
04-01-2011 20:40;19;0
04-01-2011 20:41;284;0
04-01-2011 20:42;73;0
04-01-2011 20:43;168;0
04-01-2011 20:44;121;0
04-01-2011 20:45;50;0
04-01-2011 20:46;325;0
04-01-2011 20:47;360;0
04-01-2011 20:48;605;1
04-01-2011 20:49;861;1
04-01-2011 20:50;550;1
04-01-2011 20:51;111;0
04-01-2011 20:52;111;0
04-01-2011 20:53;182;0
04-01-2011 20:54;336;0
04-01-2011 20:55;384;0
04-01-2011 20:56;666;1
04-01-2011 20:57;202;0
04-01-2011 20:58;152;0
04-01-2011 20:59;100;0
04-01-2011 21:00;861;1
04-01-2011 21:01;666;1
04-01-2011 21:02;360;0
04-01-2011 21:03;666;1
04-01-2011 21:04;467;0
04-01-2011 21:05;9;0
04-01-2011 21:06;10;0
04-01-2011 21:07;0;0
04-01-2011 21:08;0;0
04-01-2011 21:09;14;0
04-01-2011 21:10;3;0
04-01-2011 21:11;21;0
04-01-2011 21:12;163;0
04-01-2011 21:13;40;0
04-01-2011 21:14;0;0
04-01-2011 21:15;22;0
04-01-2011 21:16;372;0
04-01-2011 21:17;45;0
04-01-2011 21:18;3;0
04-01-2011 21:19;232;0
04-01-2011 21:20;567;0
04-01-2011 21:21;294;0
04-01-2011 21:22;21;0
04-01-2011 21:23;0;0
04-01-2011 21:24;31;0
04-01-2011 21:25;0;0
04-01-2011 21:26;3;0
04-01-2011 21:27;38;0
04-01-2011 21:28;24;0
04-01-2011 21:29;12;0
04-01-2011 21:30;0;0
04-01-2011 21:31;0;0
04-01-2011 21:32;0;0
04-01-2011 21:33;104;0
04-01-2011 21:34;284;0
04-01-2011 21:35;360;0
04-01-2011 21:36;137;0
04-01-2011 21:37;258;0
04-01-2011 21:38;424;0
04-01-2011 21:39;515;0
04-01-2011 21:40;688;1
04-01-2011 21:41;645;1
04-01-2011 21:42;182;0
04-01-2011 21:43;9;0
04-01-2011 21:44;80;0
04-01-2011 21:45;38;0
04-01-2011 21:46;0;0
04-01-2011 21:47;3;0
04-01-2011 21:48;0;0
04-01-2011 21:49;19;0
04-01-2011 21:50;62;0
04-01-2011 21:51;0;0
04-01-2011 21:52;12;0
04-01-2011 21:53;10;0
04-01-2011 21:54;3;0
04-01-2011 21:55;33;0
04-01-2011 21:56;0;0
04-01-2011 21:57;24;0
04-01-2011 21:58;0;0
04-01-2011 21:59;3;0
04-01-2011 22:00;5;0
04-01-2011 22:01;0;0
04-01-2011 22:02;19;0
04-01-2011 22:03;0;0
04-01-2011 22:04;9;0
04-01-2011 22:05;36;0
04-01-2011 22:06;52;0
04-01-2011 22:07;0;0
04-01-2011 22:08;131;0
04-01-2011 22:09;152;0
04-01-2011 22:10;384;0
04-01-2011 22:11;175;0
04-01-2011 22:12;17;0
04-01-2011 22:13;107;0
04-01-2011 22:14;73;0
04-01-2011 22:15;5;0
04-01-2011 22:16;0;0
04-01-2011 22:17;93;0
04-01-2011 22:18;258;0
04-01-2011 22:19;19;0
04-01-2011 22:20;36;0
04-01-2011 22:21;116;0
04-01-2011 22:22;66;0
04-01-2011 22:23;73;0
04-01-2011 22:24;80;0
04-01-2011 22:25;157;0
04-01-2011 22:26;157;0
04-01-2011 22:27;40;0
04-01-2011 22:28;0;0
04-01-2011 22:29;73;0
04-01-2011 22:30;189;0
04-01-2011 22:31;62;0
04-01-2011 22:32;38;0
04-01-2011 22:33;163;0
04-01-2011 22:34;0;0
04-01-2011 22:35;0;0
