TIMESTAMP;ACTIVITY;ANOMALY
05-11-2010 14:15;0;0
05-11-2010 14:16;225;0
05-11-2010 14:17;132;0
05-11-2010 14:18;354;0
05-11-2010 14:19;365;0
05-11-2010 14:20;590;0
05-11-2010 14:21;69;0
05-11-2010 14:22;342;0
05-11-2010 14:23;283;0
05-11-2010 14:24;590;0
05-11-2010 14:25;415;0
05-11-2010 14:26;83;0
05-11-2010 14:27;34;0
05-11-2010 14:28;342;0
05-11-2010 14:29;365;0
05-11-2010 14:30;377;0
05-11-2010 14:31;691;0
05-11-2010 14:32;321;0
05-11-2010 14:33;487;0
05-11-2010 14:34;759;0
05-11-2010 14:35;11;0
05-11-2010 14:36;46;0
05-11-2010 14:37;46;0
05-11-2010 14:38;55;0
05-11-2010 14:39;11;0
05-11-2010 14:40;167;0
05-11-2010 14:41;30;0
05-11-2010 14:42;64;0
05-11-2010 14:43;18;0
05-11-2010 14:44;64;0
05-11-2010 14:45;669;0
05-11-2010 14:46;888;0
05-11-2010 14:47;917;0
05-11-2010 14:48;1073;1
05-11-2010 14:49;946;0
05-11-2010 14:50;1179;1
05-11-2010 14:51;861;0
05-11-2010 14:52;1040;0
05-11-2010 14:53;713;0
05-11-2010 14:54;888;0
05-11-2010 14:55;669;0
05-11-2010 14:56;759;0
05-11-2010 14:57;173;0
05-11-2010 14:58;197;0
05-11-2010 14:59;61;0
05-11-2010 15:00;0;0
05-11-2010 15:01;107;0
05-11-2010 15:02;0;0
05-11-2010 15:03;30;0
05-11-2010 15:04;89;0
05-11-2010 15:05;64;0
05-11-2010 15:06;210;0
05-11-2010 15:07;178;0
05-11-2010 15:08;415;0
05-11-2010 15:09;321;0
05-11-2010 15:10;127;0
05-11-2010 15:11;161;0
05-11-2010 15:12;572;0
05-11-2010 15:13;946;0
05-11-2010 15:14;1179;1
05-11-2010 15:15;809;0
05-11-2010 15:16;13;0
05-11-2010 15:17;1179;1
05-11-2010 15:18;917;0
05-11-2010 15:19;784;0
05-11-2010 15:20;834;0
05-11-2010 15:21;917;0
05-11-2010 15:22;1073;1
05-11-2010 15:23;572;0
05-11-2010 15:24;415;0
05-11-2010 15:25;669;0
05-11-2010 15:26;713;0
05-11-2010 15:27;554;0
05-11-2010 15:28;554;0
05-11-2010 15:29;457;0
05-11-2010 15:30;283;0
05-11-2010 15:31;917;0
05-11-2010 15:32;1179;1
05-11-2010 15:33;554;0
05-11-2010 15:34;92;0
05-11-2010 15:35;256;0
05-11-2010 15:36;572;0
05-11-2010 15:37;204;0
05-11-2010 15:38;0;0
05-11-2010 15:39;0;0
05-11-2010 15:40;0;0
05-11-2010 15:41;0;0
05-11-2010 15:42;0;0
05-11-2010 15:43;0;0
05-11-2010 15:44;0;0
05-11-2010 15:45;0;0
05-11-2010 15:46;64;0
05-11-2010 15:47;321;0
05-11-2010 15:48;402;0
05-11-2010 15:49;64;0
05-11-2010 15:50;115;0
05-11-2010 15:51;377;0
05-11-2010 15:52;119;0
05-11-2010 15:53;0;0
05-11-2010 15:54;0;0
05-11-2010 15:55;265;0
05-11-2010 15:56;240;0
05-11-2010 15:57;127;0
05-11-2010 15:58;96;0
05-11-2010 15:59;89;0
05-11-2010 16:00;151;0
05-11-2010 16:01;122;0
05-11-2010 16:02;0;0
05-11-2010 16:03;0;0
05-11-2010 16:04;53;0
05-11-2010 16:05;232;0
05-11-2010 16:06;1107;1
05-11-2010 16:07;834;0
05-11-2010 16:08;487;0
05-11-2010 16:09;210;0
05-11-2010 16:10;204;0
05-11-2010 16:11;390;0
05-11-2010 16:12;342;0
05-11-2010 16:13;572;0
05-11-2010 16:14;537;0
05-11-2010 16:15;429;0
05-11-2010 16:16;141;0
05-11-2010 16:17;178;0
05-11-2010 16:18;53;0
05-11-2010 16:19;146;0
05-11-2010 16:20;146;0
05-11-2010 16:21;155;0
05-11-2010 16:22;55;0
05-11-2010 16:23;86;0
05-11-2010 16:24;292;0
05-11-2010 16:25;283;0
05-11-2010 16:26;292;0
05-11-2010 16:27;415;0
05-11-2010 16:28;736;0
05-11-2010 16:29;784;0
05-11-2010 16:30;609;0
05-11-2010 16:31;759;0
05-11-2010 16:32;629;0
05-11-2010 16:33;977;0
05-11-2010 16:34;759;0
05-11-2010 16:35;554;0
05-11-2010 16:36;191;0
05-11-2010 16:37;57;0
05-11-2010 16:38;5;0
05-11-2010 16:39;0;0
05-11-2010 16:40;122;0
05-11-2010 16:41;292;0
05-11-2010 16:42;354;0
05-11-2010 16:43;217;0
05-11-2010 16:44;119;0
05-11-2010 16:45;240;0
05-11-2010 16:46;247;0
05-11-2010 16:47;137;0
05-11-2010 16:48;72;0
05-11-2010 16:49;61;0
05-11-2010 16:50;86;0
05-11-2010 16:51;265;0
05-11-2010 16:52;402;0
05-11-2010 16:53;377;0
05-11-2010 16:54;283;0
05-11-2010 16:55;19;0
05-11-2010 16:56;100;0
05-11-2010 16:57;17;0
05-11-2010 16:58;46;0
05-11-2010 16:59;265;0
05-11-2010 17:00;472;0
05-11-2010 17:01;487;0
05-11-2010 17:02;173;0
05-11-2010 17:03;240;0
05-11-2010 17:04;111;0
05-11-2010 17:05;59;0
05-11-2010 17:06;240;0
05-11-2010 17:07;332;0
05-11-2010 17:08;629;0
05-11-2010 17:09;332;0
05-11-2010 17:10;669;0
05-11-2010 17:11;649;0
05-11-2010 17:12;691;0
05-11-2010 17:13;487;0
05-11-2010 17:14;572;0
05-11-2010 17:15;736;0
05-11-2010 17:16;1294;1
05-11-2010 17:17;1660;1
05-11-2010 17:18;1008;0
05-11-2010 17:19;390;0
05-11-2010 17:20;1107;1
05-11-2010 17:21;759;0
05-11-2010 17:22;443;0
05-11-2010 17:23;415;0
05-11-2010 17:24;736;0
05-11-2010 17:25;946;0
05-11-2010 17:26;1421;1
05-11-2010 17:27;1512;1
05-11-2010 17:28;1040;0
05-11-2010 17:29;0;0
05-11-2010 17:30;155;0
05-11-2010 17:31;0;0
05-11-2010 17:32;429;0
05-11-2010 17:33;2;0
05-11-2010 17:34;5;0
05-11-2010 17:35;0;0
05-11-2010 17:36;46;0
05-11-2010 17:37;46;0
05-11-2010 17:38;34;0
05-11-2010 17:39;217;0
05-11-2010 17:40;0;0
05-11-2010 17:41;2;0
05-11-2010 17:42;0;0
05-11-2010 17:43;0;0
05-11-2010 17:44;0;0
05-11-2010 17:45;103;0
05-11-2010 17:46;0;0
05-11-2010 17:47;0;0
05-11-2010 17:48;0;0
05-11-2010 17:49;0;0
05-11-2010 17:50;86;0
05-11-2010 17:51;0;0
05-11-2010 17:52;0;0
05-11-2010 17:53;0;0
05-11-2010 17:54;0;0
05-11-2010 17:55;0;0
05-11-2010 17:56;81;0
05-11-2010 17:57;141;0
05-11-2010 17:58;321;0
05-11-2010 17:59;107;0
05-11-2010 18:00;354;0
05-11-2010 18:01;365;0
05-11-2010 18:02;629;0
05-11-2010 18:03;888;0
05-11-2010 18:04;167;0
05-11-2010 18:05;7;0
05-11-2010 18:06;191;0
05-11-2010 18:07;15;0
05-11-2010 18:08;122;0
05-11-2010 18:09;365;0
05-11-2010 18:10;977;0
05-11-2010 18:11;736;0
05-11-2010 18:12;1294;1
05-11-2010 18:13;946;0
05-11-2010 18:14;649;0
05-11-2010 18:15;861;0
05-11-2010 18:16;946;0
05-11-2010 18:17;691;0
05-11-2010 18:18;946;0
05-11-2010 18:19;1179;1
05-11-2010 18:20;1073;1
05-11-2010 18:21;1179;1
05-11-2010 18:22;809;0
05-11-2010 18:23;977;0
05-11-2010 18:24;1421;1
05-11-2010 18:25;946;0
05-11-2010 18:26;1335;1
05-11-2010 18:27;1466;1
05-11-2010 18:28;888;0
05-11-2010 18:29;1008;0
05-11-2010 18:30;1335;1
05-11-2010 18:31;1073;1
05-11-2010 18:32;917;0
05-11-2010 18:33;946;0
05-11-2010 18:34;629;0
05-11-2010 18:35;736;0
05-11-2010 18:36;1378;1
05-11-2010 18:37;1040;0
05-11-2010 18:38;1040;0
05-11-2010 18:39;132;0
05-11-2010 18:40;0;0
05-11-2010 18:41;0;0
05-11-2010 18:42;0;0
05-11-2010 18:43;0;0
05-11-2010 18:44;0;0
05-11-2010 18:45;0;0
05-11-2010 18:46;0;0
05-11-2010 18:47;0;0
05-11-2010 18:48;0;0
05-11-2010 18:49;0;0
05-11-2010 18:50;0;0
05-11-2010 18:51;0;0
05-11-2010 18:52;0;0
05-11-2010 18:53;0;0
05-11-2010 18:54;0;0
05-11-2010 18:55;0;0
05-11-2010 18:56;0;0
05-11-2010 18:57;0;0
05-11-2010 18:58;0;0
05-11-2010 18:59;0;0
05-11-2010 19:00;0;0
05-11-2010 19:01;0;0
05-11-2010 19:02;0;0
05-11-2010 19:03;0;0
05-11-2010 19:04;0;0
05-11-2010 19:05;0;0
05-11-2010 19:06;0;0
05-11-2010 19:07;0;0
05-11-2010 19:08;0;0
05-11-2010 19:09;0;0
05-11-2010 19:10;0;0
05-11-2010 19:11;0;0
05-11-2010 19:12;0;0
05-11-2010 19:13;0;0
05-11-2010 19:14;0;0
05-11-2010 19:15;0;0
05-11-2010 19:16;0;0
05-11-2010 19:17;0;0
05-11-2010 19:18;0;0
05-11-2010 19:19;0;0
05-11-2010 19:20;0;0
05-11-2010 19:21;0;0
05-11-2010 19:22;0;0
05-11-2010 19:23;0;0
05-11-2010 19:24;0;0
05-11-2010 19:25;0;0
05-11-2010 19:26;0;0
05-11-2010 19:27;0;0
05-11-2010 19:28;0;0
05-11-2010 19:29;0;0
05-11-2010 19:30;0;0
05-11-2010 19:31;0;0
05-11-2010 19:32;0;0
05-11-2010 19:33;0;0
05-11-2010 19:34;0;0
05-11-2010 19:35;0;0
05-11-2010 19:36;0;0
05-11-2010 19:37;0;0
05-11-2010 19:38;0;0
05-11-2010 19:39;0;0
05-11-2010 19:40;0;0
05-11-2010 19:41;0;0
05-11-2010 19:42;0;0
05-11-2010 19:43;0;0
05-11-2010 19:44;0;0
05-11-2010 19:45;0;0
05-11-2010 19:46;0;0
05-11-2010 19:47;0;0
05-11-2010 19:48;0;0
05-11-2010 19:49;0;0
05-11-2010 19:50;0;0
05-11-2010 19:51;0;0
05-11-2010 19:52;0;0
05-11-2010 19:53;4;0
05-11-2010 19:54;0;0
05-11-2010 19:55;0;0
05-11-2010 19:56;0;0
05-11-2010 19:57;0;0
05-11-2010 19:58;0;0
05-11-2010 19:59;0;0
05-11-2010 20:00;0;0
05-11-2010 20:01;0;0
05-11-2010 20:02;0;0
05-11-2010 20:03;0;0
05-11-2010 20:04;0;0
05-11-2010 20:05;0;0
05-11-2010 20:06;0;0
05-11-2010 20:07;0;0
05-11-2010 20:08;0;0
05-11-2010 20:09;0;0
05-11-2010 20:10;0;0
05-11-2010 20:11;0;0
05-11-2010 20:12;0;0
05-11-2010 20:13;0;0
05-11-2010 20:14;0;0
05-11-2010 20:15;0;0
05-11-2010 20:16;0;0
05-11-2010 20:17;0;0
05-11-2010 20:18;0;0
05-11-2010 20:19;0;0
05-11-2010 20:20;0;0
05-11-2010 20:21;0;0
05-11-2010 20:22;0;0
05-11-2010 20:23;0;0
05-11-2010 20:24;0;0
05-11-2010 20:25;0;0
05-11-2010 20:26;0;0
05-11-2010 20:27;0;0
05-11-2010 20:28;0;0
05-11-2010 20:29;0;0
05-11-2010 20:30;0;0
05-11-2010 20:31;0;0
05-11-2010 20:32;0;0
05-11-2010 20:33;0;0
05-11-2010 20:34;0;0
05-11-2010 20:35;0;0
05-11-2010 20:36;0;0
05-11-2010 20:37;0;0
05-11-2010 20:38;0;0
05-11-2010 20:39;0;0
05-11-2010 20:40;0;0
05-11-2010 20:41;0;0
05-11-2010 20:42;0;0
05-11-2010 20:43;0;0
05-11-2010 20:44;0;0
05-11-2010 20:45;0;0
05-11-2010 20:46;0;0
05-11-2010 20:47;0;0
05-11-2010 20:48;0;0
05-11-2010 20:49;0;0
05-11-2010 20:50;0;0
05-11-2010 20:51;0;0
05-11-2010 20:52;0;0
05-11-2010 20:53;0;0
05-11-2010 20:54;0;0
05-11-2010 20:55;0;0
05-11-2010 20:56;0;0
05-11-2010 20:57;0;0
05-11-2010 20:58;0;0
05-11-2010 20:59;0;0
05-11-2010 21:00;0;0
05-11-2010 21:01;0;0
05-11-2010 21:02;0;0
05-11-2010 21:03;0;0
05-11-2010 21:04;0;0
05-11-2010 21:05;0;0
05-11-2010 21:06;3;0
05-11-2010 21:07;0;0
05-11-2010 21:08;0;0
05-11-2010 21:09;0;0
05-11-2010 21:10;0;0
05-11-2010 21:11;0;0
05-11-2010 21:12;0;0
05-11-2010 21:13;0;0
05-11-2010 21:14;0;0
05-11-2010 21:15;0;0
05-11-2010 21:16;0;0
05-11-2010 21:17;0;0
05-11-2010 21:18;0;0
05-11-2010 21:19;0;0
05-11-2010 21:20;0;0
05-11-2010 21:21;0;0
05-11-2010 21:22;0;0
05-11-2010 21:23;0;0
05-11-2010 21:24;0;0
05-11-2010 21:25;0;0
05-11-2010 21:26;0;0
05-11-2010 21:27;0;0
05-11-2010 21:28;0;0
05-11-2010 21:29;0;0
05-11-2010 21:30;0;0
05-11-2010 21:31;0;0
05-11-2010 21:32;0;0
05-11-2010 21:33;0;0
05-11-2010 21:34;0;0
05-11-2010 21:35;0;0
05-11-2010 21:36;0;0
05-11-2010 21:37;0;0
05-11-2010 21:38;0;0
05-11-2010 21:39;0;0
05-11-2010 21:40;0;0
05-11-2010 21:41;0;0
05-11-2010 21:42;0;0
05-11-2010 21:43;0;0
05-11-2010 21:44;0;0
05-11-2010 21:45;0;0
05-11-2010 21:46;0;0
05-11-2010 21:47;0;0
05-11-2010 21:48;0;0
05-11-2010 21:49;0;0
05-11-2010 21:50;0;0
05-11-2010 21:51;0;0
05-11-2010 21:52;0;0
05-11-2010 21:53;0;0
05-11-2010 21:54;0;0
05-11-2010 21:55;0;0
05-11-2010 21:56;0;0
05-11-2010 21:57;0;0
05-11-2010 21:58;0;0
05-11-2010 21:59;0;0
05-11-2010 22:00;0;0
05-11-2010 22:01;0;0
05-11-2010 22:02;0;0
05-11-2010 22:03;0;0
05-11-2010 22:04;0;0
05-11-2010 22:05;0;0
05-11-2010 22:06;0;0
05-11-2010 22:07;0;0
05-11-2010 22:08;0;0
05-11-2010 22:09;0;0
05-11-2010 22:10;0;0
05-11-2010 22:11;0;0
05-11-2010 22:12;0;0
05-11-2010 22:13;0;0
05-11-2010 22:14;0;0
05-11-2010 22:15;0;0
05-11-2010 22:16;0;0
05-11-2010 22:17;0;0
05-11-2010 22:18;0;0
05-11-2010 22:19;0;0
05-11-2010 22:20;0;0
05-11-2010 22:21;0;0
05-11-2010 22:22;0;0
05-11-2010 22:23;0;0
05-11-2010 22:24;0;0
05-11-2010 22:25;0;0
05-11-2010 22:26;0;0
05-11-2010 22:27;0;0
05-11-2010 22:28;0;0
05-11-2010 22:29;0;0
05-11-2010 22:30;0;0
05-11-2010 22:31;0;0
05-11-2010 22:32;0;0
05-11-2010 22:33;0;0
05-11-2010 22:34;0;0
05-11-2010 22:35;0;0
05-11-2010 22:36;0;0
05-11-2010 22:37;0;0
05-11-2010 22:38;0;0
05-11-2010 22:39;0;0
05-11-2010 22:40;0;0
05-11-2010 22:41;0;0
05-11-2010 22:42;0;0
05-11-2010 22:43;0;0
05-11-2010 22:44;0;0
05-11-2010 22:45;0;0
05-11-2010 22:46;0;0
05-11-2010 22:47;0;0
05-11-2010 22:48;0;0
05-11-2010 22:49;0;0
05-11-2010 22:50;0;0
05-11-2010 22:51;0;0
05-11-2010 22:52;0;0
05-11-2010 22:53;0;0
05-11-2010 22:54;0;0
05-11-2010 22:55;0;0
05-11-2010 22:56;0;0
05-11-2010 22:57;0;0
05-11-2010 22:58;0;0
05-11-2010 22:59;0;0
05-11-2010 23:00;0;0
05-11-2010 23:01;0;0
05-11-2010 23:02;0;0
05-11-2010 23:03;0;0
05-11-2010 23:04;0;0
05-11-2010 23:05;0;0
05-11-2010 23:06;0;0
05-11-2010 23:07;0;0
05-11-2010 23:08;0;0
05-11-2010 23:09;0;0
05-11-2010 23:10;554;0
05-11-2010 23:11;184;0
05-11-2010 23:12;204;0
05-11-2010 23:13;69;0
05-11-2010 23:14;0;0
05-11-2010 23:15;0;0
05-11-2010 23:16;161;0
05-11-2010 23:17;2;0
05-11-2010 23:18;40;0
05-11-2010 23:19;191;0
05-11-2010 23:20;57;0
05-11-2010 23:21;0;0
05-11-2010 23:22;0;0
05-11-2010 23:23;0;0
05-11-2010 23:24;0;0
05-11-2010 23:25;0;0
05-11-2010 23:26;0;0
05-11-2010 23:27;0;0
05-11-2010 23:28;0;0
05-11-2010 23:29;0;0
05-11-2010 23:30;0;0
05-11-2010 23:31;2;0
05-11-2010 23:32;0;0
05-11-2010 23:33;0;0
05-11-2010 23:34;53;0
05-11-2010 23:35;17;0
05-11-2010 23:36;0;0
05-11-2010 23:37;0;0
05-11-2010 23:38;0;0
05-11-2010 23:39;0;0
05-11-2010 23:40;0;0
05-11-2010 23:41;0;0
05-11-2010 23:42;0;0
05-11-2010 23:43;0;0
05-11-2010 23:44;2;0
05-11-2010 23:45;0;0
05-11-2010 23:46;10;0
05-11-2010 23:47;0;0
05-11-2010 23:48;57;0
05-11-2010 23:49;10;0
05-11-2010 23:50;0;0
05-11-2010 23:51;92;0
05-11-2010 23:52;917;0
05-11-2010 23:53;691;0
05-11-2010 23:54;888;0
05-11-2010 23:55;784;0
05-11-2010 23:56;609;0
05-11-2010 23:57;691;0
05-11-2010 23:58;520;0
05-11-2010 23:59;24;0
05-12-2010 00:00;0;0
05-12-2010 00:01;86;0
05-12-2010 00:02;256;0
05-12-2010 00:03;0;0
05-12-2010 00:04;2;0
05-12-2010 00:05;2;0
05-12-2010 00:06;0;0
05-12-2010 00:07;0;0
05-12-2010 00:08;0;0
05-12-2010 00:09;2;0
05-12-2010 00:10;0;0
05-12-2010 00:11;0;0
05-12-2010 00:12;0;0
05-12-2010 00:13;22;0
05-12-2010 00:14;6;0
05-12-2010 00:15;47;0
05-12-2010 00:16;0;0
05-12-2010 00:17;2;0
05-12-2010 00:18;0;0
05-12-2010 00:19;0;0
05-12-2010 00:20;0;0
05-12-2010 00:21;0;0
05-12-2010 00:22;0;0
05-12-2010 00:23;0;0
05-12-2010 00:24;0;0
05-12-2010 00:25;0;0
05-12-2010 00:26;0;0
05-12-2010 00:27;0;0
05-12-2010 00:28;0;0
05-12-2010 00:29;0;0
05-12-2010 00:30;0;0
05-12-2010 00:31;0;0
05-12-2010 00:32;0;0
05-12-2010 00:33;0;0
05-12-2010 00:34;0;0
05-12-2010 00:35;0;0
05-12-2010 00:36;0;0
05-12-2010 00:37;0;0
05-12-2010 00:38;0;0
05-12-2010 00:39;0;0
05-12-2010 00:40;0;0
05-12-2010 00:41;0;0
05-12-2010 00:42;132;0
05-12-2010 00:43;0;0
05-12-2010 00:44;0;0
05-12-2010 00:45;16;0
05-12-2010 00:46;0;0
05-12-2010 00:47;57;0
05-12-2010 00:48;0;0
05-12-2010 00:49;0;0
05-12-2010 00:50;0;0
05-12-2010 00:51;0;0
05-12-2010 00:52;0;0
05-12-2010 00:53;0;0
05-12-2010 00:54;0;0
05-12-2010 00:55;0;0
05-12-2010 00:56;0;0
05-12-2010 00:57;0;0
05-12-2010 00:58;0;0
05-12-2010 00:59;0;0
05-12-2010 01:00;0;0
05-12-2010 01:01;6;0
05-12-2010 01:02;0;0
05-12-2010 01:03;0;0
05-12-2010 01:04;0;0
05-12-2010 01:05;0;0
05-12-2010 01:06;0;0
05-12-2010 01:07;0;0
05-12-2010 01:08;0;0
05-12-2010 01:09;0;0
05-12-2010 01:10;0;0
05-12-2010 01:11;0;0
05-12-2010 01:12;0;0
05-12-2010 01:13;0;0
05-12-2010 01:14;0;0
05-12-2010 01:15;0;0
05-12-2010 01:16;96;0
05-12-2010 01:17;0;0
05-12-2010 01:18;4;0
05-12-2010 01:19;0;0
05-12-2010 01:20;332;0
05-12-2010 01:21;184;0
05-12-2010 01:22;0;0
05-12-2010 01:23;0;0
05-12-2010 01:24;0;0
05-12-2010 01:25;0;0
05-12-2010 01:26;0;0
05-12-2010 01:27;26;0
05-12-2010 01:28;0;0
05-12-2010 01:29;0;0
05-12-2010 01:30;0;0
05-12-2010 01:31;0;0
05-12-2010 01:32;0;0
05-12-2010 01:33;0;0
05-12-2010 01:34;0;0
05-12-2010 01:35;0;0
05-12-2010 01:36;0;0
05-12-2010 01:37;0;0
05-12-2010 01:38;0;0
05-12-2010 01:39;0;0
05-12-2010 01:40;0;0
05-12-2010 01:41;0;0
05-12-2010 01:42;0;0
05-12-2010 01:43;0;0
05-12-2010 01:44;0;0
05-12-2010 01:45;0;0
05-12-2010 01:46;0;0
05-12-2010 01:47;10;0
05-12-2010 01:48;0;0
05-12-2010 01:49;0;0
05-12-2010 01:50;0;0
05-12-2010 01:51;0;0
05-12-2010 01:52;0;0
05-12-2010 01:53;0;0
05-12-2010 01:54;0;0
05-12-2010 01:55;0;0
05-12-2010 01:56;0;0
05-12-2010 01:57;0;0
05-12-2010 01:58;0;0
05-12-2010 01:59;0;0
05-12-2010 02:00;0;0
05-12-2010 02:01;3;0
05-12-2010 02:02;96;0
05-12-2010 02:03;0;0
05-12-2010 02:04;0;0
05-12-2010 02:05;0;0
05-12-2010 02:06;0;0
05-12-2010 02:07;0;0
05-12-2010 02:08;0;0
05-12-2010 02:09;0;0
05-12-2010 02:10;0;0
05-12-2010 02:11;0;0
05-12-2010 02:12;0;0
05-12-2010 02:13;0;0
05-12-2010 02:14;0;0
05-12-2010 02:15;0;0
05-12-2010 02:16;0;0
05-12-2010 02:17;0;0
05-12-2010 02:18;26;0
05-12-2010 02:19;0;0
05-12-2010 02:20;3;0
05-12-2010 02:21;13;0
05-12-2010 02:22;0;0
05-12-2010 02:23;0;0
05-12-2010 02:24;0;0
05-12-2010 02:25;0;0
05-12-2010 02:26;0;0
05-12-2010 02:27;0;0
05-12-2010 02:28;0;0
05-12-2010 02:29;0;0
05-12-2010 02:30;0;0
05-12-2010 02:31;0;0
05-12-2010 02:32;0;0
05-12-2010 02:33;0;0
05-12-2010 02:34;0;0
05-12-2010 02:35;0;0
05-12-2010 02:36;0;0
05-12-2010 02:37;0;0
05-12-2010 02:38;0;0
05-12-2010 02:39;0;0
05-12-2010 02:40;0;0
05-12-2010 02:41;0;0
05-12-2010 02:42;0;0
05-12-2010 02:43;0;0
05-12-2010 02:44;0;0
05-12-2010 02:45;0;0
05-12-2010 02:46;0;0
05-12-2010 02:47;0;0
05-12-2010 02:48;0;0
05-12-2010 02:49;0;0
05-12-2010 02:50;0;0
05-12-2010 02:51;0;0
05-12-2010 02:52;0;0
05-12-2010 02:53;111;0
05-12-2010 02:54;127;0
05-12-2010 02:55;0;0
05-12-2010 02:56;0;0
05-12-2010 02:57;0;0
05-12-2010 02:58;21;0
05-12-2010 02:59;0;0
05-12-2010 03:00;0;0
05-12-2010 03:01;42;0
05-12-2010 03:02;0;0
05-12-2010 03:03;0;0
05-12-2010 03:04;0;0
05-12-2010 03:05;0;0
05-12-2010 03:06;49;0
05-12-2010 03:07;0;0
05-12-2010 03:08;21;0
05-12-2010 03:09;9;0
05-12-2010 03:10;0;0
05-12-2010 03:11;0;0
05-12-2010 03:12;0;0
05-12-2010 03:13;51;0
05-12-2010 03:14;0;0
05-12-2010 03:15;0;0
05-12-2010 03:16;89;0
05-12-2010 03:17;283;0
05-12-2010 03:18;0;0
05-12-2010 03:19;0;0
05-12-2010 03:20;0;0
05-12-2010 03:21;0;0
05-12-2010 03:22;66;0
05-12-2010 03:23;0;0
05-12-2010 03:24;0;0
05-12-2010 03:25;0;0
05-12-2010 03:26;0;0
05-12-2010 03:27;0;0
05-12-2010 03:28;0;0
05-12-2010 03:29;0;0
05-12-2010 03:30;0;0
05-12-2010 03:31;0;0
05-12-2010 03:32;0;0
05-12-2010 03:33;0;0
05-12-2010 03:34;0;0
05-12-2010 03:35;0;0
05-12-2010 03:36;0;0
05-12-2010 03:37;0;0
05-12-2010 03:38;0;0
05-12-2010 03:39;0;0
05-12-2010 03:40;0;0
05-12-2010 03:41;0;0
05-12-2010 03:42;0;0
05-12-2010 03:43;0;0
05-12-2010 03:44;0;0
05-12-2010 03:45;0;0
05-12-2010 03:46;0;0
05-12-2010 03:47;0;0
05-12-2010 03:48;0;0
05-12-2010 03:49;0;0
05-12-2010 03:50;0;0
05-12-2010 03:51;0;0
05-12-2010 03:52;0;0
05-12-2010 03:53;0;0
05-12-2010 03:54;0;0
05-12-2010 03:55;0;0
05-12-2010 03:56;0;0
05-12-2010 03:57;0;0
05-12-2010 03:58;0;0
05-12-2010 03:59;0;0
05-12-2010 04:00;0;0
05-12-2010 04:01;0;0
05-12-2010 04:02;69;0
05-12-2010 04:03;0;0
05-12-2010 04:04;0;0
05-12-2010 04:05;0;0
05-12-2010 04:06;0;0
05-12-2010 04:07;0;0
05-12-2010 04:08;0;0
05-12-2010 04:09;0;0
05-12-2010 04:10;0;0
05-12-2010 04:11;0;0
05-12-2010 04:12;0;0
05-12-2010 04:13;0;0
05-12-2010 04:14;0;0
05-12-2010 04:15;0;0
05-12-2010 04:16;0;0
05-12-2010 04:17;0;0
05-12-2010 04:18;0;0
05-12-2010 04:19;83;0
05-12-2010 04:20;0;0
05-12-2010 04:21;0;0
05-12-2010 04:22;0;0
05-12-2010 04:23;0;0
05-12-2010 04:24;0;0
05-12-2010 04:25;0;0
05-12-2010 04:26;2;0
05-12-2010 04:27;0;0
05-12-2010 04:28;0;0
05-12-2010 04:29;16;0
05-12-2010 04:30;0;0
05-12-2010 04:31;100;0
05-12-2010 04:32;100;0
05-12-2010 04:33;0;0
05-12-2010 04:34;0;0
05-12-2010 04:35;19;0
05-12-2010 04:36;0;0
05-12-2010 04:37;0;0
05-12-2010 04:38;0;0
05-12-2010 04:39;2;0
05-12-2010 04:40;0;0
05-12-2010 04:41;32;0
05-12-2010 04:42;30;0
05-12-2010 04:43;4;0
05-12-2010 04:44;0;0
05-12-2010 04:45;0;0
05-12-2010 04:46;30;0
05-12-2010 04:47;9;0
05-12-2010 04:48;0;0
05-12-2010 04:49;0;0
05-12-2010 04:50;0;0
05-12-2010 04:51;72;0
05-12-2010 04:52;0;0
05-12-2010 04:53;0;0
05-12-2010 04:54;0;0
05-12-2010 04:55;0;0
05-12-2010 04:56;0;0
05-12-2010 04:57;0;0
05-12-2010 04:58;27;0
05-12-2010 04:59;0;0
05-12-2010 05:00;0;0
05-12-2010 05:01;0;0
05-12-2010 05:02;0;0
05-12-2010 05:03;0;0
05-12-2010 05:04;0;0
05-12-2010 05:05;0;0
05-12-2010 05:06;0;0
05-12-2010 05:07;0;0
05-12-2010 05:08;0;0
05-12-2010 05:09;2;0
05-12-2010 05:10;0;0
05-12-2010 05:11;0;0
05-12-2010 05:12;0;0
05-12-2010 05:13;2;0
05-12-2010 05:14;0;0
05-12-2010 05:15;0;0
05-12-2010 05:16;0;0
05-12-2010 05:17;0;0
05-12-2010 05:18;0;0
05-12-2010 05:19;0;0
05-12-2010 05:20;32;0
05-12-2010 05:21;0;0
05-12-2010 05:22;0;0
05-12-2010 05:23;0;0
05-12-2010 05:24;0;0
05-12-2010 05:25;0;0
05-12-2010 05:26;0;0
05-12-2010 05:27;210;0
05-12-2010 05:28;151;0
05-12-2010 05:29;0;0
05-12-2010 05:30;0;0
05-12-2010 05:31;0;0
05-12-2010 05:32;0;0
05-12-2010 05:33;44;0
05-12-2010 05:34;0;0
05-12-2010 05:35;0;0
05-12-2010 05:36;0;0
05-12-2010 05:37;13;0
05-12-2010 05:38;0;0
05-12-2010 05:39;0;0
05-12-2010 05:40;0;0
05-12-2010 05:41;0;0
05-12-2010 05:42;0;0
05-12-2010 05:43;0;0
05-12-2010 05:44;0;0
05-12-2010 05:45;0;0
05-12-2010 05:46;0;0
05-12-2010 05:47;2;0
05-12-2010 05:48;9;0
05-12-2010 05:49;0;0
05-12-2010 05:50;0;0
05-12-2010 05:51;0;0
05-12-2010 05:52;0;0
05-12-2010 05:53;0;0
05-12-2010 05:54;0;0
05-12-2010 05:55;0;0
05-12-2010 05:56;0;0
05-12-2010 05:57;0;0
05-12-2010 05:58;0;0
05-12-2010 05:59;0;0
05-12-2010 06:00;311;0
05-12-2010 06:01;0;0
05-12-2010 06:02;78;0
05-12-2010 06:03;0;0
05-12-2010 06:04;0;0
05-12-2010 06:05;0;0
05-12-2010 06:06;0;0
05-12-2010 06:07;0;0
05-12-2010 06:08;0;0
05-12-2010 06:09;0;0
05-12-2010 06:10;0;0
05-12-2010 06:11;2;0
05-12-2010 06:12;0;0
05-12-2010 06:13;0;0
05-12-2010 06:14;22;0
05-12-2010 06:15;0;0
05-12-2010 06:16;0;0
05-12-2010 06:17;0;0
05-12-2010 06:18;0;0
05-12-2010 06:19;0;0
05-12-2010 06:20;0;0
05-12-2010 06:21;0;0
05-12-2010 06:22;0;0
05-12-2010 06:23;0;0
05-12-2010 06:24;0;0
05-12-2010 06:25;0;0
05-12-2010 06:26;0;0
05-12-2010 06:27;0;0
05-12-2010 06:28;0;0
05-12-2010 06:29;44;0
05-12-2010 06:30;0;0
05-12-2010 06:31;0;0
05-12-2010 06:32;0;0
05-12-2010 06:33;0;0
05-12-2010 06:34;0;0
05-12-2010 06:35;0;0
05-12-2010 06:36;0;0
05-12-2010 06:37;0;0
05-12-2010 06:38;0;0
05-12-2010 06:39;0;0
05-12-2010 06:40;0;0
05-12-2010 06:41;0;0
05-12-2010 06:42;0;0
05-12-2010 06:43;0;0
05-12-2010 06:44;0;0
05-12-2010 06:45;0;0
05-12-2010 06:46;0;0
05-12-2010 06:47;0;0
05-12-2010 06:48;0;0
05-12-2010 06:49;25;0
05-12-2010 06:50;0;0
05-12-2010 06:51;0;0
05-12-2010 06:52;0;0
05-12-2010 06:53;0;0
05-12-2010 06:54;21;0
05-12-2010 06:55;0;0
05-12-2010 06:56;0;0
05-12-2010 06:57;0;0
05-12-2010 06:58;0;0
05-12-2010 06:59;0;0
05-12-2010 07:00;0;0
05-12-2010 07:01;0;0
05-12-2010 07:02;0;0
05-12-2010 07:03;0;0
05-12-2010 07:04;0;0
05-12-2010 07:05;0;0
05-12-2010 07:06;0;0
05-12-2010 07:07;92;0
05-12-2010 07:08;0;0
05-12-2010 07:09;92;0
05-12-2010 07:10;0;0
05-12-2010 07:11;415;0
05-12-2010 07:12;146;0
05-12-2010 07:13;64;0
05-12-2010 07:14;28;0
05-12-2010 07:15;83;0
05-12-2010 07:16;42;0
05-12-2010 07:17;232;0
05-12-2010 07:18;429;0
05-12-2010 07:19;265;0
05-12-2010 07:20;520;0
05-12-2010 07:21;590;0
05-12-2010 07:22;472;0
05-12-2010 07:23;503;0
05-12-2010 07:24;537;0
05-12-2010 07:25;649;0
05-12-2010 07:26;184;0
05-12-2010 07:27;1660;1
05-12-2010 07:28;946;0
05-12-2010 07:29;590;0
05-12-2010 07:30;1294;1
05-12-2010 07:31;457;0
05-12-2010 07:32;629;0
05-12-2010 07:33;0;0
05-12-2010 07:34;0;0
05-12-2010 07:35;0;0
05-12-2010 07:36;0;0
05-12-2010 07:37;0;0
05-12-2010 07:38;0;0
05-12-2010 07:39;0;0
05-12-2010 07:40;0;0
05-12-2010 07:41;472;0
05-12-2010 07:42;809;0
05-12-2010 07:43;784;0
05-12-2010 07:44;1378;1
05-12-2010 07:45;1143;1
05-12-2010 07:46;649;0
05-12-2010 07:47;809;0
05-12-2010 07:48;1466;1
05-12-2010 07:49;977;0
05-12-2010 07:50;1008;0
05-12-2010 07:51;443;0
05-12-2010 07:52;861;0
05-12-2010 07:53;609;0
05-12-2010 07:54;1216;1
05-12-2010 07:55;759;0
05-12-2010 07:56;946;0
05-12-2010 07:57;1766;1
05-12-2010 07:58;1179;1
05-12-2010 07:59;736;0
05-12-2010 08:00;917;0
05-12-2010 08:01;1254;1
05-12-2010 08:02;1143;1
05-12-2010 08:03;691;0
05-12-2010 08:04;1712;1
05-12-2010 08:05;1712;1
05-12-2010 08:06;1143;1
05-12-2010 08:07;977;0
05-12-2010 08:08;1008;0
05-12-2010 08:09;834;0
05-12-2010 08:10;784;0
05-12-2010 08:11;609;0
05-12-2010 08:12;537;0
05-12-2010 08:13;629;0
05-12-2010 08:14;1107;1
05-12-2010 08:15;1073;1
05-12-2010 08:16;888;0
05-12-2010 08:17;917;0
05-12-2010 08:18;834;0
05-12-2010 08:19;554;0
05-12-2010 08:20;256;0
05-12-2010 08:21;49;0
05-12-2010 08:22;0;0
05-12-2010 08:23;0;0
05-12-2010 08:24;0;0
05-12-2010 08:25;0;0
05-12-2010 08:26;0;0
05-12-2010 08:27;64;0
05-12-2010 08:28;273;0
05-12-2010 08:29;0;0
05-12-2010 08:30;0;0
05-12-2010 08:31;0;0
05-12-2010 08:32;0;0
05-12-2010 08:33;3;0
05-12-2010 08:34;0;0
05-12-2010 08:35;0;0
05-12-2010 08:36;0;0
05-12-2010 08:37;302;0
05-12-2010 08:38;520;0
05-12-2010 08:39;232;0
05-12-2010 08:40;390;0
05-12-2010 08:41;302;0
05-12-2010 08:42;365;0
05-12-2010 08:43;342;0
05-12-2010 08:44;217;0
05-12-2010 08:45;311;0
05-12-2010 08:46;472;0
05-12-2010 08:47;122;0
05-12-2010 08:48;590;0
05-12-2010 08:49;759;0
05-12-2010 08:50;861;0
05-12-2010 08:51;1378;1
05-12-2010 08:52;759;0
05-12-2010 08:53;1179;1
05-12-2010 08:54;1179;1
05-12-2010 08:55;946;0
05-12-2010 08:56;1008;0
05-12-2010 08:57;1560;1
05-12-2010 08:58;3712;1
05-12-2010 08:59;2062;1
05-12-2010 09:00;1143;1
05-12-2010 09:01;1216;1
05-12-2010 09:02;415;0
05-12-2010 09:03;342;0
05-12-2010 09:04;443;0
05-12-2010 09:05;256;0
05-12-2010 09:06;89;0
05-12-2010 09:07;161;0
05-12-2010 09:08;225;0
05-12-2010 09:09;178;0
05-12-2010 09:10;365;0
05-12-2010 09:11;47;0
05-12-2010 09:12;89;0
05-12-2010 09:13;81;0
05-12-2010 09:14;265;0
05-12-2010 09:15;283;0
05-12-2010 09:16;178;0
05-12-2010 09:17;96;0
05-12-2010 09:18;354;0
05-12-2010 09:19;100;0
05-12-2010 09:20;44;0
05-12-2010 09:21;273;0
05-12-2010 09:22;151;0
05-12-2010 09:23;197;0
05-12-2010 09:24;25;0
05-12-2010 09:25;302;0
05-12-2010 09:26;240;0
05-12-2010 09:27;38;0
05-12-2010 09:28;47;0
05-12-2010 09:29;273;0
05-12-2010 09:30;34;0
05-12-2010 09:31;0;0
05-12-2010 09:32;59;0
05-12-2010 09:33;19;0
05-12-2010 09:34;155;0
05-12-2010 09:35;472;0
05-12-2010 09:36;86;0
05-12-2010 09:37;377;0
05-12-2010 09:38;46;0
05-12-2010 09:39;247;0
05-12-2010 09:40;167;0
05-12-2010 09:41;204;0
05-12-2010 09:42;402;0
05-12-2010 09:43;5;0
05-12-2010 09:44;2;0
05-12-2010 09:45;69;0
05-12-2010 09:46;141;0
05-12-2010 09:47;64;0
05-12-2010 09:48;240;0
05-12-2010 09:49;151;0
05-12-2010 09:50;265;0
05-12-2010 09:51;713;0
05-12-2010 09:52;167;0
05-12-2010 09:53;256;0
05-12-2010 09:54;141;0
05-12-2010 09:55;81;0
05-12-2010 09:56;503;0
05-12-2010 09:57;861;0
05-12-2010 09:58;1143;1
05-12-2010 09:59;1880;1
05-12-2010 10:00;1822;1
05-12-2010 10:01;1107;1
05-12-2010 10:02;809;0
05-12-2010 10:03;1512;1
05-12-2010 10:04;1466;1
05-12-2010 10:05;1294;1
05-12-2010 10:06;736;0
05-12-2010 10:07;1040;0
05-12-2010 10:08;784;0
05-12-2010 10:09;861;0
05-12-2010 10:10;590;0
05-12-2010 10:11;917;0
05-12-2010 10:12;977;0
05-12-2010 10:13;713;0
05-12-2010 10:14;784;0
05-12-2010 10:15;691;0
05-12-2010 10:16;977;0
05-12-2010 10:17;292;0
05-12-2010 10:18;232;0
05-12-2010 10:19;283;0
05-12-2010 10:20;191;0
05-12-2010 10:21;0;0
05-12-2010 10:22;2;0
05-12-2010 10:23;0;0
05-12-2010 10:24;2;0
05-12-2010 10:25;0;0
05-12-2010 10:26;0;0
05-12-2010 10:27;86;0
05-12-2010 10:28;83;0
05-12-2010 10:29;127;0
05-12-2010 10:30;204;0
05-12-2010 10:31;247;0
05-12-2010 10:32;332;0
05-12-2010 10:33;3;0
05-12-2010 10:34;0;0
05-12-2010 10:35;0;0
05-12-2010 10:36;0;0
05-12-2010 10:37;0;0
05-12-2010 10:38;2;0
05-12-2010 10:39;0;0
05-12-2010 10:40;0;0
05-12-2010 10:41;6;0
05-12-2010 10:42;2;0
05-12-2010 10:43;12;0
05-12-2010 10:44;0;0
05-12-2010 10:45;0;0
05-12-2010 10:46;2;0
05-12-2010 10:47;2;0
05-12-2010 10:48;5;0
05-12-2010 10:49;0;0
05-12-2010 10:50;2;0
05-12-2010 10:51;100;0
05-12-2010 10:52;342;0
05-12-2010 10:53;472;0
05-12-2010 10:54;402;0
05-12-2010 10:55;321;0
05-12-2010 10:56;210;0
05-12-2010 10:57;155;0
05-12-2010 10:58;537;0
05-12-2010 10:59;629;0
05-12-2010 11:00;232;0
05-12-2010 11:01;161;0
05-12-2010 11:02;415;0
05-12-2010 11:03;86;0
05-12-2010 11:04;122;0
05-12-2010 11:05;184;0
05-12-2010 11:06;225;0
05-12-2010 11:07;141;0
05-12-2010 11:08;537;0
05-12-2010 11:09;354;0
05-12-2010 11:10;51;0
05-12-2010 11:11;0;0
05-12-2010 11:12;0;0
05-12-2010 11:13;0;0
05-12-2010 11:14;256;0
05-12-2010 11:15;240;0
05-12-2010 11:16;8;0
05-12-2010 11:17;9;0
05-12-2010 11:18;5;0
05-12-2010 11:19;75;0
05-12-2010 11:20;24;0
05-12-2010 11:21;15;0
05-12-2010 11:22;15;0
05-12-2010 11:23;69;0
05-12-2010 11:24;167;0
05-12-2010 11:25;146;0
05-12-2010 11:26;122;0
05-12-2010 11:27;184;0
05-12-2010 11:28;137;0
05-12-2010 11:29;167;0
05-12-2010 11:30;167;0
05-12-2010 11:31;119;0
05-12-2010 11:32;247;0
05-12-2010 11:33;487;0
05-12-2010 11:34;232;0
05-12-2010 11:35;103;0
05-12-2010 11:36;3;0
05-12-2010 11:37;204;0
05-12-2010 11:38;141;0
05-12-2010 11:39;26;0
05-12-2010 11:40;2;0
05-12-2010 11:41;92;0
05-12-2010 11:42;302;0
05-12-2010 11:43;240;0
05-12-2010 11:44;53;0
05-12-2010 11:45;0;0
05-12-2010 11:46;0;0
05-12-2010 11:47;96;0
05-12-2010 11:48;55;0
05-12-2010 11:49;759;0
05-12-2010 11:50;390;0
05-12-2010 11:51;247;0
05-12-2010 11:52;40;0
05-12-2010 11:53;122;0
05-12-2010 11:54;49;0
05-12-2010 11:55;232;0
05-12-2010 11:56;332;0
05-12-2010 11:57;472;0
05-12-2010 11:58;669;0
05-12-2010 11:59;75;0
05-12-2010 12:00;0;0
05-12-2010 12:01;784;0
05-12-2010 12:02;691;0
05-12-2010 12:03;736;0
05-12-2010 12:04;342;0
05-12-2010 12:05;132;0
05-12-2010 12:06;122;0
05-12-2010 12:07;311;0
05-12-2010 12:08;122;0
05-12-2010 12:09;888;0
05-12-2010 12:10;736;0
05-12-2010 12:11;415;0
05-12-2010 12:12;127;0
05-12-2010 12:13;161;0
05-12-2010 12:14;184;0
05-12-2010 12:15;141;0
05-12-2010 12:16;100;0
05-12-2010 12:17;75;0
05-12-2010 12:18;100;0
05-12-2010 12:19;34;0
05-12-2010 12:20;78;0
05-12-2010 12:21;69;0
05-12-2010 12:22;283;0
05-12-2010 12:23;311;0
05-12-2010 12:24;390;0
05-12-2010 12:25;457;0
05-12-2010 12:26;46;0
05-12-2010 12:27;629;0
05-12-2010 12:28;273;0
05-12-2010 12:29;232;0
05-12-2010 12:30;217;0
05-12-2010 12:31;92;0
05-12-2010 12:32;23;0
05-12-2010 12:33;302;0
05-12-2010 12:34;247;0
05-12-2010 12:35;36;0
05-12-2010 12:36;53;0
05-12-2010 12:37;225;0
05-12-2010 12:38;178;0
05-12-2010 12:39;225;0
05-12-2010 12:40;86;0
05-12-2010 12:41;256;0
05-12-2010 12:42;167;0
05-12-2010 12:43;191;0
05-12-2010 12:44;38;0
05-12-2010 12:45;89;0
05-12-2010 12:46;178;0
05-12-2010 12:47;32;0
05-12-2010 12:48;210;0
05-12-2010 12:49;204;0
05-12-2010 12:50;265;0
05-12-2010 12:51;225;0
05-12-2010 12:52;122;0
05-12-2010 12:53;191;0
05-12-2010 12:54;178;0
05-12-2010 12:55;103;0
05-12-2010 12:56;44;0
05-12-2010 12:57;217;0
05-12-2010 12:58;55;0
05-12-2010 12:59;59;0
05-12-2010 13:00;29;0
05-12-2010 13:01;47;0
05-12-2010 13:02;75;0
05-12-2010 13:03;51;0
05-12-2010 13:04;0;0
05-12-2010 13:05;146;0
05-12-2010 13:06;127;0
05-12-2010 13:07;115;0
05-12-2010 13:08;127;0
05-12-2010 13:09;32;0
05-12-2010 13:10;26;0
05-12-2010 13:11;40;0
05-12-2010 13:12;572;0
05-12-2010 13:13;146;0
05-12-2010 13:14;44;0
05-12-2010 13:15;178;0
05-12-2010 13:16;232;0
05-12-2010 13:17;191;0
05-12-2010 13:18;184;0
05-12-2010 13:19;204;0
05-12-2010 13:20;66;0
05-12-2010 13:21;0;0
05-12-2010 13:22;57;0
05-12-2010 13:23;146;0
05-12-2010 13:24;92;0
05-12-2010 13:25;66;0
05-12-2010 13:26;225;0
05-12-2010 13:27;191;0
05-12-2010 13:28;141;0
05-12-2010 13:29;47;0
05-12-2010 13:30;225;0
05-12-2010 13:31;184;0
05-12-2010 13:32;173;0
05-12-2010 13:33;332;0
05-12-2010 13:34;443;0
05-12-2010 13:35;292;0
05-12-2010 13:36;225;0
05-12-2010 13:37;537;0
05-12-2010 13:38;429;0
05-12-2010 13:39;1254;1
05-12-2010 13:40;9;0
05-12-2010 13:41;2;0
05-12-2010 13:42;20;0
05-12-2010 13:43;10;0
05-12-2010 13:44;12;0
05-12-2010 13:45;2;0
05-12-2010 13:46;72;0
05-12-2010 13:47;0;0
05-12-2010 13:48;92;0
05-12-2010 13:49;472;0
05-12-2010 13:50;283;0
05-12-2010 13:51;354;0
05-12-2010 13:52;377;0
05-12-2010 13:53;472;0
05-12-2010 13:54;141;0
05-12-2010 13:55;173;0
05-12-2010 13:56;12;0
05-12-2010 13:57;0;0
05-12-2010 13:58;146;0
05-12-2010 13:59;155;0
05-12-2010 14:00;119;0
05-12-2010 14:01;64;0
05-12-2010 14:02;0;0
05-12-2010 14:03;0;0
05-12-2010 14:04;232;0
05-12-2010 14:05;137;0
05-12-2010 14:06;122;0
05-12-2010 14:07;204;0
05-12-2010 14:08;72;0
05-12-2010 14:09;127;0
05-12-2010 14:10;311;0
05-12-2010 14:11;89;0
05-12-2010 14:12;61;0
05-12-2010 14:13;19;0
05-12-2010 14:14;81;0
05-12-2010 14:15;402;0
05-12-2010 14:16;0;0
05-12-2010 14:17;713;0
05-12-2010 14:18;713;0
05-12-2010 14:19;20;0
05-12-2010 14:20;2;0
05-12-2010 14:21;5;0
05-12-2010 14:22;365;0
05-12-2010 14:23;520;0
05-12-2010 14:24;342;0
05-12-2010 14:25;115;0
05-12-2010 14:26;96;0
05-12-2010 14:27;390;0
05-12-2010 14:28;32;0
05-12-2010 14:29;27;0
05-12-2010 14:30;64;0
05-12-2010 14:31;0;0
05-12-2010 14:32;321;0
05-12-2010 14:33;520;0
05-12-2010 14:34;365;0
05-12-2010 14:35;609;0
05-12-2010 14:36;487;0
05-12-2010 14:37;487;0
05-12-2010 14:38;457;0
05-12-2010 14:39;487;0
05-12-2010 14:40;247;0
05-12-2010 14:41;127;0
05-12-2010 14:42;365;0
05-12-2010 14:43;78;0
05-12-2010 14:44;111;0
05-12-2010 14:45;520;0
05-12-2010 14:46;503;0
05-12-2010 14:47;520;0
05-12-2010 14:48;443;0
05-12-2010 14:49;311;0
05-12-2010 14:50;311;0
05-12-2010 14:51;107;0
05-12-2010 14:52;69;0
05-12-2010 14:53;321;0
05-12-2010 14:54;22;0
05-12-2010 14:55;49;0
05-12-2010 14:56;8;0
05-12-2010 14:57;0;0
05-12-2010 14:58;0;0
05-12-2010 14:59;0;0
05-12-2010 15:00;0;0
05-12-2010 15:01;0;0
05-12-2010 15:02;0;0
05-12-2010 15:03;0;0
05-12-2010 15:04;0;0
05-12-2010 15:05;0;0
05-12-2010 15:06;49;0
05-12-2010 15:07;0;0
05-12-2010 15:08;173;0
05-12-2010 15:09;46;0
05-12-2010 15:10;19;0
05-12-2010 15:11;173;0
05-12-2010 15:12;0;0
05-12-2010 15:13;47;0
05-12-2010 15:14;66;0
05-12-2010 15:15;0;0
05-12-2010 15:16;107;0
05-12-2010 15:17;57;0
05-12-2010 15:18;0;0
05-12-2010 15:19;0;0
05-12-2010 15:20;0;0
05-12-2010 15:21;0;0
05-12-2010 15:22;0;0
05-12-2010 15:23;0;0
05-12-2010 15:24;0;0
05-12-2010 15:25;0;0
05-12-2010 15:26;0;0
05-12-2010 15:27;0;0
05-12-2010 15:28;0;0
05-12-2010 15:29;49;0
05-12-2010 15:30;283;0
05-12-2010 15:31;0;0
05-12-2010 15:32;44;0
05-12-2010 15:33;0;0
05-12-2010 15:34;0;0
05-12-2010 15:35;572;0
05-12-2010 15:36;354;0
05-12-2010 15:37;321;0
05-12-2010 15:38;332;0
05-12-2010 15:39;784;0
05-12-2010 15:40;457;0
05-12-2010 15:41;415;0
05-12-2010 15:42;487;0
05-12-2010 15:43;503;0
05-12-2010 15:44;332;0
05-12-2010 15:45;92;0
05-12-2010 15:46;247;0
05-12-2010 15:47;759;0
05-12-2010 15:48;332;0
05-12-2010 15:49;520;0
05-12-2010 15:50;342;0
05-12-2010 15:51;321;0
05-12-2010 15:52;669;0
05-12-2010 15:53;609;0
05-12-2010 15:54;204;0
05-12-2010 15:55;443;0
05-12-2010 15:56;520;0
05-12-2010 15:57;146;0
05-12-2010 15:58;415;0
05-12-2010 15:59;472;0
05-12-2010 16:00;443;0
05-12-2010 16:01;247;0
05-12-2010 16:02;520;0
05-12-2010 16:03;629;0
05-12-2010 16:04;457;0
05-12-2010 16:05;503;0
05-12-2010 16:06;457;0
05-12-2010 16:07;390;0
05-12-2010 16:08;402;0
05-12-2010 16:09;354;0
05-12-2010 16:10;759;0
05-12-2010 16:11;736;0
05-12-2010 16:12;1294;1
05-12-2010 16:13;1073;1
05-12-2010 16:14;1040;0
05-12-2010 16:15;736;0
05-12-2010 16:16;1254;1
05-12-2010 16:17;1008;0
05-12-2010 16:18;861;0
05-12-2010 16:19;1040;0
05-12-2010 16:20;1294;1
05-12-2010 16:21;1335;1
05-12-2010 16:22;1880;1
05-12-2010 16:23;1008;0
05-12-2010 16:24;1216;1
05-12-2010 16:25;1335;1
05-12-2010 16:26;1073;1
05-12-2010 16:27;834;0
05-12-2010 16:28;1008;0
05-12-2010 16:29;537;0
05-12-2010 16:30;1179;1
05-12-2010 16:31;1179;1
05-12-2010 16:32;1560;1
05-12-2010 16:33;1073;1
05-12-2010 16:34;888;0
05-12-2010 16:35;977;0
05-12-2010 16:36;917;0
05-12-2010 16:37;1609;1
05-12-2010 16:38;1143;1
05-12-2010 16:39;834;0
05-12-2010 16:40;736;0
05-12-2010 16:41;917;0
05-12-2010 16:42;1073;1
05-12-2010 16:43;1378;1
05-12-2010 16:44;1040;0
05-12-2010 16:45;784;0
05-12-2010 16:46;691;0
05-12-2010 16:47;342;0
05-12-2010 16:48;232;0
05-12-2010 16:49;402;0
05-12-2010 16:50;554;0
05-12-2010 16:51;554;0
05-12-2010 16:52;1073;1
05-12-2010 16:53;590;0
05-12-2010 16:54;888;0
05-12-2010 16:55;197;0
05-12-2010 16:56;1107;1
05-12-2010 16:57;784;0
05-12-2010 16:58;377;0
05-12-2010 16:59;354;0
05-12-2010 17:00;629;0
05-12-2010 17:01;629;0
05-12-2010 17:02;390;0
05-12-2010 17:03;247;0
05-12-2010 17:04;225;0
05-12-2010 17:05;132;0
05-12-2010 17:06;103;0
05-12-2010 17:07;232;0
05-12-2010 17:08;122;0
05-12-2010 17:09;151;0
05-12-2010 17:10;155;0
05-12-2010 17:11;103;0
05-12-2010 17:12;173;0
05-12-2010 17:13;429;0
05-12-2010 17:14;691;0
05-12-2010 17:15;354;0
05-12-2010 17:16;487;0
05-12-2010 17:17;443;0
05-12-2010 17:18;151;0
05-12-2010 17:19;141;0
05-12-2010 17:20;132;0
05-12-2010 17:21;210;0
05-12-2010 17:22;7;0
05-12-2010 17:23;197;0
05-12-2010 17:24;191;0
05-12-2010 17:25;402;0
05-12-2010 17:26;429;0
05-12-2010 17:27;759;0
05-12-2010 17:28;292;0
05-12-2010 17:29;503;0
05-12-2010 17:30;457;0
05-12-2010 17:31;457;0
05-12-2010 17:32;649;0
05-12-2010 17:33;888;0
05-12-2010 17:34;390;0
05-12-2010 17:35;590;0
05-12-2010 17:36;946;0
05-12-2010 17:37;888;0
05-12-2010 17:38;283;0
05-12-2010 17:39;49;0
05-12-2010 17:40;64;0
05-12-2010 17:41;42;0
05-12-2010 17:42;38;0
05-12-2010 17:43;51;0
05-12-2010 17:44;30;0
05-12-2010 17:45;30;0
05-12-2010 17:46;92;0
05-12-2010 17:47;44;0
05-12-2010 17:48;86;0
05-12-2010 17:49;51;0
05-12-2010 17:50;107;0
05-12-2010 17:51;161;0
05-12-2010 17:52;46;0
05-12-2010 17:53;69;0
05-12-2010 17:54;49;0
05-12-2010 17:55;81;0
05-12-2010 17:56;273;0
05-12-2010 17:57;629;0
05-12-2010 17:58;609;0
05-12-2010 17:59;402;0
05-12-2010 18:00;629;0
05-12-2010 18:01;977;0
05-12-2010 18:02;1107;1
05-12-2010 18:03;457;0
05-12-2010 18:04;83;0
05-12-2010 18:05;0;0
05-12-2010 18:06;75;0
05-12-2010 18:07;100;0
05-12-2010 18:08;0;0
05-12-2010 18:09;61;0
05-12-2010 18:10;59;0
05-12-2010 18:11;167;0
05-12-2010 18:12;12;0
05-12-2010 18:13;0;0
05-12-2010 18:14;0;0
05-12-2010 18:15;141;0
05-12-2010 18:16;100;0
05-12-2010 18:17;107;0
05-12-2010 18:18;75;0
05-12-2010 18:19;13;0
05-12-2010 18:20;13;0
05-12-2010 18:21;0;0
05-12-2010 18:22;61;0
05-12-2010 18:23;0;0
05-12-2010 18:24;0;0
05-12-2010 18:25;30;0
05-12-2010 18:26;210;0
05-12-2010 18:27;0;0
05-12-2010 18:28;0;0
05-12-2010 18:29;178;0
05-12-2010 18:30;0;0
05-12-2010 18:31;46;0
05-12-2010 18:32;0;0
05-12-2010 18:33;47;0
05-12-2010 18:34;2;0
05-12-2010 18:35;32;0
05-12-2010 18:36;36;0
05-12-2010 18:37;321;0
05-12-2010 18:38;66;0
05-12-2010 18:39;0;0
05-12-2010 18:40;0;0
05-12-2010 18:41;0;0
05-12-2010 18:42;2;0
05-12-2010 18:43;0;0
05-12-2010 18:44;2;0
05-12-2010 18:45;0;0
05-12-2010 18:46;0;0
05-12-2010 18:47;0;0
05-12-2010 18:48;0;0
05-12-2010 18:49;61;0
05-12-2010 18:50;49;0
05-12-2010 18:51;155;0
05-12-2010 18:52;89;0
05-12-2010 18:53;0;0
05-12-2010 18:54;11;0
05-12-2010 18:55;0;0
05-12-2010 18:56;0;0
05-12-2010 18:57;57;0
05-12-2010 18:58;0;0
05-12-2010 18:59;0;0
05-12-2010 19:00;0;0
05-12-2010 19:01;0;0
05-12-2010 19:02;0;0
05-12-2010 19:03;0;0
05-12-2010 19:04;0;0
05-12-2010 19:05;0;0
05-12-2010 19:06;0;0
05-12-2010 19:07;736;0
05-12-2010 19:08;1335;1
05-12-2010 19:09;3;0
05-12-2010 19:10;2;0
05-12-2010 19:11;0;0
05-12-2010 19:12;0;0
05-12-2010 19:13;0;0
05-12-2010 19:14;0;0
05-12-2010 19:15;0;0
05-12-2010 19:16;0;0
05-12-2010 19:17;0;0
05-12-2010 19:18;0;0
05-12-2010 19:19;0;0
05-12-2010 19:20;0;0
05-12-2010 19:21;0;0
05-12-2010 19:22;0;0
05-12-2010 19:23;0;0
05-12-2010 19:24;0;0
05-12-2010 19:25;713;0
05-12-2010 19:26;1179;1
05-12-2010 19:27;977;0
05-12-2010 19:28;649;0
05-12-2010 19:29;472;0
05-12-2010 19:30;572;0
05-12-2010 19:31;354;0
05-12-2010 19:32;977;0
05-12-2010 19:33;402;0
05-12-2010 19:34;977;0
05-12-2010 19:35;265;0
05-12-2010 19:36;256;0
05-12-2010 19:37;132;0
05-12-2010 19:38;119;0
05-12-2010 19:39;809;0
05-12-2010 19:40;917;0
05-12-2010 19:41;1143;1
05-12-2010 19:42;1254;1
05-12-2010 19:43;1216;1
05-12-2010 19:44;977;0
05-12-2010 19:45;1008;0
05-12-2010 19:46;1008;0
05-12-2010 19:47;1073;1
05-12-2010 19:48;629;0
05-12-2010 19:49;888;0
05-12-2010 19:50;669;0
05-12-2010 19:51;809;0
05-12-2010 19:52;809;0
05-12-2010 19:53;834;0
05-12-2010 19:54;784;0
05-12-2010 19:55;649;0
05-12-2010 19:56;977;0
05-12-2010 19:57;572;0
05-12-2010 19:58;283;0
05-12-2010 19:59;365;0
05-12-2010 20:00;691;0
05-12-2010 20:01;759;0
05-12-2010 20:02;713;0
05-12-2010 20:03;1179;1
05-12-2010 20:04;332;0
05-12-2010 20:05;204;0
05-12-2010 20:06;354;0
05-12-2010 20:07;0;0
05-12-2010 20:08;225;0
05-12-2010 20:09;42;0
05-12-2010 20:10;321;0
05-12-2010 20:11;0;0
05-12-2010 20:12;44;0
05-12-2010 20:13;47;0
05-12-2010 20:14;137;0
05-12-2010 20:15;72;0
05-12-2010 20:16;292;0
05-12-2010 20:17;0;0
05-12-2010 20:18;0;0
05-12-2010 20:19;0;0
05-12-2010 20:20;146;0
05-12-2010 20:21;115;0
05-12-2010 20:22;161;0
05-12-2010 20:23;141;0
05-12-2010 20:24;16;0
05-12-2010 20:25;21;0
05-12-2010 20:26;30;0
05-12-2010 20:27;86;0
05-12-2010 20:28;92;0
05-12-2010 20:29;184;0
05-12-2010 20:30;64;0
05-12-2010 20:31;273;0
05-12-2010 20:32;66;0
05-12-2010 20:33;0;0
05-12-2010 20:34;0;0
05-12-2010 20:35;0;0
05-12-2010 20:36;146;0
05-12-2010 20:37;26;0
05-12-2010 20:38;78;0
05-12-2010 20:39;365;0
05-12-2010 20:40;256;0
05-12-2010 20:41;204;0
05-12-2010 20:42;151;0
05-12-2010 20:43;75;0
05-12-2010 20:44;155;0
05-12-2010 20:45;292;0
05-12-2010 20:46;89;0
05-12-2010 20:47;10;0
05-12-2010 20:48;122;0
05-12-2010 20:49;137;0
05-12-2010 20:50;21;0
05-12-2010 20:51;32;0
05-12-2010 20:52;6;0
05-12-2010 20:53;265;0
05-12-2010 20:54;111;0
05-12-2010 20:55;111;0
05-12-2010 20:56;0;0
05-12-2010 20:57;69;0
05-12-2010 20:58;8;0
05-12-2010 20:59;24;0
05-12-2010 21:00;302;0
05-12-2010 21:01;103;0
05-12-2010 21:02;0;0
05-12-2010 21:03;321;0
05-12-2010 21:04;161;0
05-12-2010 21:05;61;0
05-12-2010 21:06;55;0
05-12-2010 21:07;46;0
05-12-2010 21:08;55;0
05-12-2010 21:09;15;0
05-12-2010 21:10;44;0
05-12-2010 21:11;3;0
05-12-2010 21:12;30;0
05-12-2010 21:13;5;0
05-12-2010 21:14;66;0
05-12-2010 21:15;377;0
05-12-2010 21:16;0;0
05-12-2010 21:17;0;0
05-12-2010 21:18;457;0
05-12-2010 21:19;146;0
05-12-2010 21:20;0;0
05-12-2010 21:21;0;0
05-12-2010 21:22;107;0
05-12-2010 21:23;83;0
05-12-2010 21:24;2;0
05-12-2010 21:25;36;0
05-12-2010 21:26;0;0
05-12-2010 21:27;0;0
05-12-2010 21:28;0;0
05-12-2010 21:29;49;0
05-12-2010 21:30;26;0
05-12-2010 21:31;0;0
05-12-2010 21:32;354;0
05-12-2010 21:33;649;0
05-12-2010 21:34;115;0
05-12-2010 21:35;0;0
05-12-2010 21:36;520;0
05-12-2010 21:37;240;0
05-12-2010 21:38;155;0
05-12-2010 21:39;61;0
05-12-2010 21:40;72;0
05-12-2010 21:41;96;0
05-12-2010 21:42;78;0
05-12-2010 21:43;19;0
05-12-2010 21:44;173;0
05-12-2010 21:45;184;0
05-12-2010 21:46;17;0
05-12-2010 21:47;103;0
05-12-2010 21:48;89;0
05-12-2010 21:49;42;0
05-12-2010 21:50;111;0
05-12-2010 21:51;47;0
05-12-2010 21:52;100;0
05-12-2010 21:53;59;0
05-12-2010 21:54;75;0
05-12-2010 21:55;32;0
05-12-2010 21:56;13;0
05-12-2010 21:57;96;0
05-12-2010 21:58;240;0
05-12-2010 21:59;53;0
05-12-2010 22:00;520;0
05-12-2010 22:01;365;0
05-12-2010 22:02;69;0
05-12-2010 22:03;92;0
05-12-2010 22:04;34;0
05-12-2010 22:05;184;0
05-12-2010 22:06;72;0
05-12-2010 22:07;256;0
05-12-2010 22:08;30;0
05-12-2010 22:09;122;0
05-12-2010 22:10;210;0
05-12-2010 22:11;302;0
05-12-2010 22:12;210;0
05-12-2010 22:13;191;0
05-12-2010 22:14;178;0
05-12-2010 22:15;197;0
05-12-2010 22:16;184;0
05-12-2010 22:17;24;0
05-12-2010 22:18;2;0
05-12-2010 22:19;0;0
05-12-2010 22:20;14;0
05-12-2010 22:21;36;0
05-12-2010 22:22;61;0
05-12-2010 22:23;69;0
05-12-2010 22:24;0;0
05-12-2010 22:25;4;0
05-12-2010 22:26;28;0
05-12-2010 22:27;15;0
05-12-2010 22:28;119;0
05-12-2010 22:29;283;0
05-12-2010 22:30;210;0
05-12-2010 22:31;137;0
05-12-2010 22:32;247;0
05-12-2010 22:33;22;0
05-12-2010 22:34;197;0
05-12-2010 22:35;178;0
05-12-2010 22:36;122;0
05-12-2010 22:37;100;0
05-12-2010 22:38;78;0
05-12-2010 22:39;57;0
05-12-2010 22:40;247;0
05-12-2010 22:41;29;0
05-12-2010 22:42;0;0
05-12-2010 22:43;0;0
05-12-2010 22:44;0;0
05-12-2010 22:45;0;0
05-12-2010 22:46;66;0
05-12-2010 22:47;0;0
05-12-2010 22:48;132;0
05-12-2010 22:49;81;0
05-12-2010 22:50;292;0
05-12-2010 22:51;204;0
05-12-2010 22:52;28;0
05-12-2010 22:53;232;0
05-12-2010 22:54;16;0
05-12-2010 22:55;184;0
05-12-2010 22:56;0;0
05-12-2010 22:57;283;0
05-12-2010 22:58;302;0
05-12-2010 22:59;256;0
05-12-2010 23:00;83;0
05-12-2010 23:01;6;0
05-12-2010 23:02;178;0
05-12-2010 23:03;30;0
05-12-2010 23:04;167;0
05-12-2010 23:05;111;0
05-12-2010 23:06;537;0
05-12-2010 23:07;115;0
05-12-2010 23:08;302;0
05-12-2010 23:09;42;0
05-12-2010 23:10;7;0
05-12-2010 23:11;42;0
05-12-2010 23:12;42;0
05-12-2010 23:13;64;0
05-12-2010 23:14;14;0
05-12-2010 23:15;107;0
05-12-2010 23:16;51;0
05-12-2010 23:17;197;0
05-12-2010 23:18;103;0
05-12-2010 23:19;4;0
05-12-2010 23:20;32;0
05-12-2010 23:21;61;0
05-12-2010 23:22;0;0
05-12-2010 23:23;40;0
05-12-2010 23:24;0;0
05-12-2010 23:25;21;0
05-12-2010 23:26;0;0
05-12-2010 23:27;20;0
05-12-2010 23:28;178;0
05-12-2010 23:29;81;0
05-12-2010 23:30;127;0
05-12-2010 23:31;173;0
05-12-2010 23:32;402;0
05-12-2010 23:33;0;0
05-12-2010 23:34;554;0
05-12-2010 23:35;1254;1
05-12-2010 23:36;554;0
05-12-2010 23:37;609;0
05-12-2010 23:38;210;0
05-12-2010 23:39;390;0
05-12-2010 23:40;649;0
05-12-2010 23:41;292;0
05-12-2010 23:42;217;0
05-12-2010 23:43;78;0
05-12-2010 23:44;103;0
05-12-2010 23:45;503;0
05-12-2010 23:46;61;0
05-12-2010 23:47;51;0
05-12-2010 23:48;503;0
05-12-2010 23:49;178;0
05-12-2010 23:50;115;0
05-12-2010 23:51;759;0
05-12-2010 23:52;273;0
05-12-2010 23:53;273;0
05-12-2010 23:54;472;0
05-12-2010 23:55;342;0
05-12-2010 23:56;57;0
05-12-2010 23:57;103;0
05-12-2010 23:58;30;0
05-12-2010 23:59;72;0
05-13-2010 00:00;888;0
05-13-2010 00:01;111;0
05-13-2010 00:02;9;0
05-13-2010 00:03;59;0
05-13-2010 00:04;256;0
05-13-2010 00:05;38;0
05-13-2010 00:06;38;0
05-13-2010 00:07;2;0
05-13-2010 00:08;13;0
05-13-2010 00:09;61;0
05-13-2010 00:10;28;0
05-13-2010 00:11;22;0
05-13-2010 00:12;0;0
05-13-2010 00:13;4;0
05-13-2010 00:14;265;0
05-13-2010 00:15;122;0
05-13-2010 00:16;78;0
05-13-2010 00:17;141;0
05-13-2010 00:18;53;0
05-13-2010 00:19;232;0
05-13-2010 00:20;210;0
05-13-2010 00:21;377;0
05-13-2010 00:22;232;0
05-13-2010 00:23;132;0
05-13-2010 00:24;25;0
05-13-2010 00:25;161;0
05-13-2010 00:26;69;0
05-13-2010 00:27;27;0
05-13-2010 00:28;78;0
05-13-2010 00:29;247;0
05-13-2010 00:30;24;0
05-13-2010 00:31;7;0
05-13-2010 00:32;2;0
05-13-2010 00:33;23;0
05-13-2010 00:34;402;0
05-13-2010 00:35;273;0
05-13-2010 00:36;86;0
05-13-2010 00:37;354;0
05-13-2010 00:38;354;0
05-13-2010 00:39;784;0
05-13-2010 00:40;917;0
05-13-2010 00:41;861;0
05-13-2010 00:42;1008;0
05-13-2010 00:43;457;0
05-13-2010 00:44;178;0
05-13-2010 00:45;1008;0
05-13-2010 00:46;390;0
05-13-2010 00:47;167;0
05-13-2010 00:48;321;0
05-13-2010 00:49;19;0
05-13-2010 00:50;178;0
05-13-2010 00:51;132;0
05-13-2010 00:52;3;0
05-13-2010 00:53;0;0
05-13-2010 00:54;49;0
05-13-2010 00:55;0;0
05-13-2010 00:56;0;0
05-13-2010 00:57;8;0
05-13-2010 00:58;19;0
05-13-2010 00:59;27;0
05-13-2010 01:00;132;0
05-13-2010 01:01;83;0
05-13-2010 01:02;107;0
05-13-2010 01:03;8;0
05-13-2010 01:04;292;0
05-13-2010 01:05;75;0
05-13-2010 01:06;10;0
05-13-2010 01:07;11;0
05-13-2010 01:08;22;0
05-13-2010 01:09;9;0
05-13-2010 01:10;17;0
05-13-2010 01:11;89;0
05-13-2010 01:12;32;0
05-13-2010 01:13;10;0
05-13-2010 01:14;0;0
05-13-2010 01:15;0;0
05-13-2010 01:16;96;0
05-13-2010 01:17;0;0
05-13-2010 01:18;24;0
05-13-2010 01:19;0;0
05-13-2010 01:20;2;0
05-13-2010 01:21;155;0
05-13-2010 01:22;8;0
05-13-2010 01:23;9;0
05-13-2010 01:24;0;0
05-13-2010 01:25;6;0
05-13-2010 01:26;22;0
05-13-2010 01:27;0;0
05-13-2010 01:28;311;0
05-13-2010 01:29;554;0
05-13-2010 01:30;977;0
05-13-2010 01:31;1143;1
05-13-2010 01:32;649;0
05-13-2010 01:33;1335;1
05-13-2010 01:34;1560;1
05-13-2010 01:35;1143;1
05-13-2010 01:36;691;0
05-13-2010 01:37;713;0
05-13-2010 01:38;736;0
05-13-2010 01:39;736;0
05-13-2010 01:40;861;0
05-13-2010 01:41;834;0
05-13-2010 01:42;736;0
05-13-2010 01:43;273;0
05-13-2010 01:44;103;0
05-13-2010 01:45;191;0
05-13-2010 01:46;132;0
05-13-2010 01:47;402;0
05-13-2010 01:48;520;0
05-13-2010 01:49;977;0
05-13-2010 01:50;809;0
05-13-2010 01:51;178;0
05-13-2010 01:52;0;0
05-13-2010 01:53;0;0
05-13-2010 01:54;0;0
05-13-2010 01:55;53;0
05-13-2010 01:56;0;0
05-13-2010 01:57;0;0
05-13-2010 01:58;0;0
05-13-2010 01:59;0;0
05-13-2010 02:00;0;0
05-13-2010 02:01;0;0
05-13-2010 02:02;46;0
05-13-2010 02:03;0;0
05-13-2010 02:04;0;0
05-13-2010 02:05;273;0
05-13-2010 02:06;590;0
05-13-2010 02:07;402;0
05-13-2010 02:08;0;0
05-13-2010 02:09;0;0
05-13-2010 02:10;0;0
05-13-2010 02:11;0;0
05-13-2010 02:12;0;0
05-13-2010 02:13;111;0
05-13-2010 02:14;0;0
05-13-2010 02:15;0;0
05-13-2010 02:16;0;0
05-13-2010 02:17;0;0
05-13-2010 02:18;0;0
05-13-2010 02:19;0;0
05-13-2010 02:20;0;0
05-13-2010 02:21;0;0
05-13-2010 02:22;0;0
05-13-2010 02:23;0;0
05-13-2010 02:24;472;0
05-13-2010 02:25;472;0
05-13-2010 02:26;11;0
05-13-2010 02:27;64;0
05-13-2010 02:28;141;0
05-13-2010 02:29;18;0
05-13-2010 02:30;0;0
05-13-2010 02:31;0;0
05-13-2010 02:32;2;0
05-13-2010 02:33;2;0
05-13-2010 02:34;0;0
05-13-2010 02:35;0;0
05-13-2010 02:36;0;0
05-13-2010 02:37;0;0
05-13-2010 02:38;0;0
05-13-2010 02:39;0;0
05-13-2010 02:40;0;0
05-13-2010 02:41;0;0
05-13-2010 02:42;0;0
05-13-2010 02:43;4;0
05-13-2010 02:44;0;0
05-13-2010 02:45;0;0
05-13-2010 02:46;0;0
05-13-2010 02:47;0;0
05-13-2010 02:48;0;0
05-13-2010 02:49;5;0
05-13-2010 02:50;0;0
05-13-2010 02:51;0;0
05-13-2010 02:52;0;0
05-13-2010 02:53;0;0
05-13-2010 02:54;0;0
05-13-2010 02:55;28;0
05-13-2010 02:56;18;0
05-13-2010 02:57;0;0
05-13-2010 02:58;0;0
05-13-2010 02:59;20;0
05-13-2010 03:00;0;0
05-13-2010 03:01;0;0
05-13-2010 03:02;3;0
05-13-2010 03:03;0;0
05-13-2010 03:04;0;0
05-13-2010 03:05;0;0
05-13-2010 03:06;0;0
05-13-2010 03:07;0;0
05-13-2010 03:08;0;0
05-13-2010 03:09;0;0
05-13-2010 03:10;0;0
05-13-2010 03:11;0;0
05-13-2010 03:12;0;0
05-13-2010 03:13;0;0
05-13-2010 03:14;0;0
05-13-2010 03:15;0;0
05-13-2010 03:16;0;0
05-13-2010 03:17;0;0
05-13-2010 03:18;0;0
05-13-2010 03:19;0;0
05-13-2010 03:20;0;0
05-13-2010 03:21;24;0
05-13-2010 03:22;0;0
05-13-2010 03:23;0;0
05-13-2010 03:24;0;0
05-13-2010 03:25;0;0
05-13-2010 03:26;0;0
05-13-2010 03:27;0;0
05-13-2010 03:28;0;0
05-13-2010 03:29;0;0
05-13-2010 03:30;0;0
05-13-2010 03:31;0;0
05-13-2010 03:32;0;0
05-13-2010 03:33;0;0
05-13-2010 03:34;0;0
05-13-2010 03:35;0;0
05-13-2010 03:36;0;0
05-13-2010 03:37;0;0
05-13-2010 03:38;0;0
05-13-2010 03:39;0;0
05-13-2010 03:40;0;0
05-13-2010 03:41;0;0
05-13-2010 03:42;0;0
05-13-2010 03:43;0;0
05-13-2010 03:44;0;0
05-13-2010 03:45;0;0
05-13-2010 03:46;29;0
05-13-2010 03:47;0;0
05-13-2010 03:48;0;0
05-13-2010 03:49;7;0
05-13-2010 03:50;0;0
05-13-2010 03:51;100;0
05-13-2010 03:52;0;0
05-13-2010 03:53;0;0
05-13-2010 03:54;0;0
05-13-2010 03:55;0;0
05-13-2010 03:56;27;0
05-13-2010 03:57;0;0
05-13-2010 03:58;0;0
05-13-2010 03:59;0;0
05-13-2010 04:00;0;0
05-13-2010 04:01;0;0
05-13-2010 04:02;0;0
05-13-2010 04:03;0;0
05-13-2010 04:04;0;0
05-13-2010 04:05;0;0
05-13-2010 04:06;0;0
05-13-2010 04:07;0;0
05-13-2010 04:08;0;0
05-13-2010 04:09;0;0
05-13-2010 04:10;0;0
05-13-2010 04:11;0;0
05-13-2010 04:12;669;0
05-13-2010 04:13;457;0
05-13-2010 04:14;0;0
05-13-2010 04:15;0;0
05-13-2010 04:16;0;0
05-13-2010 04:17;0;0
05-13-2010 04:18;0;0
05-13-2010 04:19;0;0
05-13-2010 04:20;0;0
05-13-2010 04:21;0;0
05-13-2010 04:22;111;0
05-13-2010 04:23;0;0
05-13-2010 04:24;0;0
05-13-2010 04:25;0;0
05-13-2010 04:26;0;0
05-13-2010 04:27;0;0
05-13-2010 04:28;0;0
05-13-2010 04:29;0;0
05-13-2010 04:30;0;0
05-13-2010 04:31;0;0
05-13-2010 04:32;0;0
05-13-2010 04:33;0;0
05-13-2010 04:34;0;0
05-13-2010 04:35;0;0
05-13-2010 04:36;5;0
05-13-2010 04:37;0;0
05-13-2010 04:38;0;0
05-13-2010 04:39;0;0
05-13-2010 04:40;0;0
05-13-2010 04:41;0;0
05-13-2010 04:42;0;0
05-13-2010 04:43;51;0
05-13-2010 04:44;0;0
05-13-2010 04:45;0;0
05-13-2010 04:46;0;0
05-13-2010 04:47;0;0
05-13-2010 04:48;0;0
05-13-2010 04:49;0;0
05-13-2010 04:50;0;0
05-13-2010 04:51;0;0
05-13-2010 04:52;47;0
05-13-2010 04:53;14;0
05-13-2010 04:54;30;0
05-13-2010 04:55;64;0
05-13-2010 04:56;0;0
05-13-2010 04:57;0;0
05-13-2010 04:58;0;0
05-13-2010 04:59;0;0
05-13-2010 05:00;0;0
05-13-2010 05:01;0;0
05-13-2010 05:02;0;0
05-13-2010 05:03;0;0
05-13-2010 05:04;0;0
05-13-2010 05:05;240;0
05-13-2010 05:06;0;0
05-13-2010 05:07;0;0
05-13-2010 05:08;0;0
05-13-2010 05:09;0;0
05-13-2010 05:10;0;0
05-13-2010 05:11;20;0
05-13-2010 05:12;0;0
05-13-2010 05:13;0;0
05-13-2010 05:14;0;0
05-13-2010 05:15;0;0
05-13-2010 05:16;0;0
05-13-2010 05:17;0;0
05-13-2010 05:18;44;0
05-13-2010 05:19;0;0
05-13-2010 05:20;0;0
05-13-2010 05:21;9;0
05-13-2010 05:22;0;0
05-13-2010 05:23;7;0
05-13-2010 05:24;0;0
05-13-2010 05:25;0;0
05-13-2010 05:26;0;0
05-13-2010 05:27;0;0
05-13-2010 05:28;0;0
05-13-2010 05:29;0;0
05-13-2010 05:30;0;0
05-13-2010 05:31;0;0
05-13-2010 05:32;0;0
05-13-2010 05:33;0;0
05-13-2010 05:34;25;0
05-13-2010 05:35;24;0
05-13-2010 05:36;0;0
05-13-2010 05:37;0;0
05-13-2010 05:38;0;0
05-13-2010 05:39;0;0
05-13-2010 05:40;0;0
05-13-2010 05:41;0;0
05-13-2010 05:42;0;0
05-13-2010 05:43;0;0
05-13-2010 05:44;0;0
05-13-2010 05:45;0;0
05-13-2010 05:46;0;0
05-13-2010 05:47;51;0
05-13-2010 05:48;342;0
05-13-2010 05:49;30;0
05-13-2010 05:50;4;0
05-13-2010 05:51;365;0
05-13-2010 05:52;240;0
05-13-2010 05:53;44;0
05-13-2010 05:54;49;0
05-13-2010 05:55;137;0
05-13-2010 05:56;184;0
05-13-2010 05:57;273;0
05-13-2010 05:58;247;0
05-13-2010 05:59;232;0
05-13-2010 06:00;302;0
05-13-2010 06:01;232;0
05-13-2010 06:02;225;0
05-13-2010 06:03;240;0
05-13-2010 06:04;247;0
05-13-2010 06:05;256;0
05-13-2010 06:06;649;0
05-13-2010 06:07;19;0
05-13-2010 06:08;28;0
05-13-2010 06:09;49;0
05-13-2010 06:10;66;0
05-13-2010 06:11;554;0
05-13-2010 06:12;100;0
05-13-2010 06:13;0;0
05-13-2010 06:14;0;0
05-13-2010 06:15;0;0
05-13-2010 06:16;0;0
05-13-2010 06:17;0;0
05-13-2010 06:18;0;0
05-13-2010 06:19;0;0
05-13-2010 06:20;520;0
05-13-2010 06:21;365;0
05-13-2010 06:22;232;0
05-13-2010 06:23;96;0
05-13-2010 06:24;81;0
05-13-2010 06:25;429;0
05-13-2010 06:26;1294;1
05-13-2010 06:27;1294;1
05-13-2010 06:28;1660;1
05-13-2010 06:29;0;0
05-13-2010 06:30;0;0
05-13-2010 06:31;75;0
05-13-2010 06:32;0;0
05-13-2010 06:33;0;0
05-13-2010 06:34;0;0
05-13-2010 06:35;0;0
05-13-2010 06:36;2;0
05-13-2010 06:37;0;0
05-13-2010 06:38;100;0
05-13-2010 06:39;5;0
05-13-2010 06:40;5;0
05-13-2010 06:41;204;0
05-13-2010 06:42;0;0
05-13-2010 06:43;0;0
05-13-2010 06:44;0;0
05-13-2010 06:45;61;0
05-13-2010 06:46;26;0
05-13-2010 06:47;0;0
05-13-2010 06:48;0;0
05-13-2010 06:49;11;0
05-13-2010 06:50;46;0
05-13-2010 06:51;59;0
05-13-2010 06:52;0;0
05-13-2010 06:53;0;0
05-13-2010 06:54;49;0
05-13-2010 06:55;0;0
05-13-2010 06:56;0;0
05-13-2010 06:57;0;0
05-13-2010 06:58;0;0
05-13-2010 06:59;17;0
05-13-2010 07:00;0;0
05-13-2010 07:01;69;0
05-13-2010 07:02;0;0
05-13-2010 07:03;0;0
05-13-2010 07:04;0;0
05-13-2010 07:05;44;0
05-13-2010 07:06;161;0
05-13-2010 07:07;30;0
05-13-2010 07:08;0;0
05-13-2010 07:09;0;0
05-13-2010 07:10;42;0
05-13-2010 07:11;0;0
05-13-2010 07:12;0;0
05-13-2010 07:13;0;0
05-13-2010 07:14;0;0
05-13-2010 07:15;132;0
05-13-2010 07:16;29;0
05-13-2010 07:17;0;0
05-13-2010 07:18;0;0
05-13-2010 07:19;0;0
05-13-2010 07:20;0;0
05-13-2010 07:21;0;0
05-13-2010 07:22;0;0
05-13-2010 07:23;0;0
05-13-2010 07:24;0;0
05-13-2010 07:25;0;0
05-13-2010 07:26;0;0
05-13-2010 07:27;132;0
05-13-2010 07:28;0;0
05-13-2010 07:29;0;0
05-13-2010 07:30;0;0
05-13-2010 07:31;0;0
05-13-2010 07:32;0;0
05-13-2010 07:33;0;0
05-13-2010 07:34;0;0
05-13-2010 07:35;0;0
05-13-2010 07:36;8;0
05-13-2010 07:37;0;0
05-13-2010 07:38;0;0
05-13-2010 07:39;0;0
05-13-2010 07:40;0;0
05-13-2010 07:41;0;0
05-13-2010 07:42;0;0
05-13-2010 07:43;0;0
05-13-2010 07:44;0;0
05-13-2010 07:45;0;0
05-13-2010 07:46;0;0
05-13-2010 07:47;83;0
05-13-2010 07:48;0;0
05-13-2010 07:49;0;0
05-13-2010 07:50;0;0
05-13-2010 07:51;0;0
05-13-2010 07:52;0;0
05-13-2010 07:53;0;0
05-13-2010 07:54;0;0
05-13-2010 07:55;0;0
05-13-2010 07:56;0;0
05-13-2010 07:57;0;0
05-13-2010 07:58;141;0
05-13-2010 07:59;107;0
05-13-2010 08:00;0;0
05-13-2010 08:01;0;0
05-13-2010 08:02;5;0
05-13-2010 08:03;59;0
05-13-2010 08:04;0;0
05-13-2010 08:05;0;0
05-13-2010 08:06;0;0
05-13-2010 08:07;0;0
05-13-2010 08:08;0;0
05-13-2010 08:09;0;0
05-13-2010 08:10;0;0
05-13-2010 08:11;0;0
05-13-2010 08:12;0;0
05-13-2010 08:13;0;0
05-13-2010 08:14;0;0
05-13-2010 08:15;0;0
05-13-2010 08:16;0;0
05-13-2010 08:17;0;0
05-13-2010 08:18;0;0
05-13-2010 08:19;47;0
05-13-2010 08:20;59;0
05-13-2010 08:21;0;0
05-13-2010 08:22;0;0
05-13-2010 08:23;0;0
05-13-2010 08:24;11;0
05-13-2010 08:25;1216;1
05-13-2010 08:26;713;0
05-13-2010 08:27;415;0
05-13-2010 08:28;503;0
05-13-2010 08:29;537;0
05-13-2010 08:30;609;0
05-13-2010 08:31;487;0
05-13-2010 08:32;537;0
05-13-2010 08:33;629;0
05-13-2010 08:34;736;0
05-13-2010 08:35;119;0
05-13-2010 08:36;3;0
05-13-2010 08:37;184;0
05-13-2010 08:38;669;0
05-13-2010 08:39;377;0
05-13-2010 08:40;302;0
05-13-2010 08:41;590;0
05-13-2010 08:42;0;0
05-13-2010 08:43;0;0
05-13-2010 08:44;0;0
05-13-2010 08:45;0;0
05-13-2010 08:46;0;0
05-13-2010 08:47;0;0
05-13-2010 08:48;0;0
05-13-2010 08:49;0;0
05-13-2010 08:50;0;0
05-13-2010 08:51;0;0
05-13-2010 08:52;0;0
05-13-2010 08:53;0;0
05-13-2010 08:54;0;0
05-13-2010 08:55;0;0
05-13-2010 08:56;0;0
05-13-2010 08:57;0;0
05-13-2010 08:58;472;0
05-13-2010 08:59;240;0
05-13-2010 09:00;191;0
05-13-2010 09:01;888;0
05-13-2010 09:02;713;0
05-13-2010 09:03;520;0
05-13-2010 09:04;377;0
05-13-2010 09:05;151;0
05-13-2010 09:06;302;0
05-13-2010 09:07;311;0
05-13-2010 09:08;40;0
05-13-2010 09:09;115;0
05-13-2010 09:10;57;0
05-13-2010 09:11;0;0
05-13-2010 09:12;47;0
05-13-2010 09:13;365;0
05-13-2010 09:14;332;0
05-13-2010 09:15;132;0
05-13-2010 09:16;225;0
05-13-2010 09:17;146;0
05-13-2010 09:18;89;0
05-13-2010 09:19;146;0
05-13-2010 09:20;151;0
05-13-2010 09:21;155;0
05-13-2010 09:22;89;0
05-13-2010 09:23;61;0
05-13-2010 09:24;6;0
05-13-2010 09:25;4;0
05-13-2010 09:26;0;0
05-13-2010 09:27;9;0
05-13-2010 09:28;240;0
05-13-2010 09:29;256;0
05-13-2010 09:30;0;0
05-13-2010 09:31;0;0
05-13-2010 09:32;0;0
05-13-2010 09:33;184;0
05-13-2010 09:34;111;0
05-13-2010 09:35;155;0
05-13-2010 09:36;332;0
05-13-2010 09:37;590;0
05-13-2010 09:38;443;0
05-13-2010 09:39;736;0
05-13-2010 09:40;321;0
05-13-2010 09:41;457;0
05-13-2010 09:42;537;0
05-13-2010 09:43;78;0
05-13-2010 09:44;256;0
05-13-2010 09:45;64;0
05-13-2010 09:46;210;0
05-13-2010 09:47;265;0
05-13-2010 09:48;321;0
05-13-2010 09:49;78;0
05-13-2010 09:50;178;0
05-13-2010 09:51;292;0
05-13-2010 09:52;415;0
05-13-2010 09:53;537;0
05-13-2010 09:54;443;0
05-13-2010 09:55;390;0
05-13-2010 09:56;232;0
05-13-2010 09:57;402;0
05-13-2010 09:58;155;0
05-13-2010 09:59;122;0
05-13-2010 10:00;609;0
05-13-2010 10:01;809;0
05-13-2010 10:02;415;0
05-13-2010 10:03;554;0
05-13-2010 10:04;691;0
05-13-2010 10:05;302;0
05-13-2010 10:06;609;0
05-13-2010 10:07;377;0
05-13-2010 10:08;861;0
05-13-2010 10:09;629;0
05-13-2010 10:10;834;0
05-13-2010 10:11;669;0
05-13-2010 10:12;888;0
05-13-2010 10:13;472;0
05-13-2010 10:14;302;0
05-13-2010 10:15;691;0
05-13-2010 10:16;1939;1
05-13-2010 10:17;1512;1
05-13-2010 10:18;946;0
05-13-2010 10:19;1560;1
05-13-2010 10:20;759;0
05-13-2010 10:21;861;0
05-13-2010 10:22;5;0
05-13-2010 10:23;0;0
05-13-2010 10:24;184;0
05-13-2010 10:25;72;0
05-13-2010 10:26;8;0
05-13-2010 10:27;7;0
05-13-2010 10:28;365;0
05-13-2010 10:29;210;0
05-13-2010 10:30;302;0
05-13-2010 10:31;103;0
05-13-2010 10:32;443;0
05-13-2010 10:33;72;0
05-13-2010 10:34;0;0
05-13-2010 10:35;107;0
05-13-2010 10:36;132;0
05-13-2010 10:37;115;0
05-13-2010 10:38;429;0
05-13-2010 10:39;0;0
05-13-2010 10:40;92;0
05-13-2010 10:41;0;0
05-13-2010 10:42;146;0
05-13-2010 10:43;151;0
05-13-2010 10:44;44;0
05-13-2010 10:45;0;0
05-13-2010 10:46;64;0
05-13-2010 10:47;554;0
05-13-2010 10:48;0;0
05-13-2010 10:49;115;0
05-13-2010 10:50;0;0
05-13-2010 10:51;0;0
05-13-2010 10:52;0;0
05-13-2010 10:53;78;0
05-13-2010 10:54;9;0
05-13-2010 10:55;127;0
05-13-2010 10:56;86;0
05-13-2010 10:57;72;0
05-13-2010 10:58;122;0
05-13-2010 10:59;119;0
05-13-2010 11:00;0;0
05-13-2010 11:01;16;0
05-13-2010 11:02;137;0
05-13-2010 11:03;20;0
05-13-2010 11:04;2;0
05-13-2010 11:05;0;0
05-13-2010 11:06;0;0
05-13-2010 11:07;2;0
05-13-2010 11:08;0;0
05-13-2010 11:09;100;0
05-13-2010 11:10;75;0
05-13-2010 11:11;115;0
05-13-2010 11:12;103;0
05-13-2010 11:13;2;0
05-13-2010 11:14;0;0
05-13-2010 11:15;42;0
05-13-2010 11:16;20;0
05-13-2010 11:17;2;0
05-13-2010 11:18;0;0
05-13-2010 11:19;0;0
05-13-2010 11:20;0;0
05-13-2010 11:21;115;0
05-13-2010 11:22;197;0
05-13-2010 11:23;78;0
05-13-2010 11:24;57;0
05-13-2010 11:25;137;0
05-13-2010 11:26;75;0
05-13-2010 11:27;12;0
05-13-2010 11:28;0;0
05-13-2010 11:29;0;0
05-13-2010 11:30;61;0
05-13-2010 11:31;141;0
05-13-2010 11:32;2;0
05-13-2010 11:33;0;0
05-13-2010 11:34;59;0
05-13-2010 11:35;17;0
05-13-2010 11:36;11;0
05-13-2010 11:37;6;0
05-13-2010 11:38;457;0
05-13-2010 11:39;759;0
05-13-2010 11:40;609;0
05-13-2010 11:41;861;0
05-13-2010 11:42;487;0
05-13-2010 11:43;784;0
05-13-2010 11:44;784;0
05-13-2010 11:45;1179;1
05-13-2010 11:46;759;0
05-13-2010 11:47;759;0
05-13-2010 11:48;809;0
05-13-2010 11:49;354;0
05-13-2010 11:50;809;0
05-13-2010 11:51;1254;1
05-13-2010 11:52;861;0
05-13-2010 11:53;649;0
05-13-2010 11:54;342;0
05-13-2010 11:55;572;0
05-13-2010 11:56;34;0
05-13-2010 11:57;443;0
05-13-2010 11:58;809;0
05-13-2010 11:59;649;0
05-13-2010 12:00;1421;1
05-13-2010 12:01;1143;1
05-13-2010 12:02;834;0
05-13-2010 12:03;1143;1
05-13-2010 12:04;354;0
05-13-2010 12:05;977;0
05-13-2010 12:06;917;0
05-13-2010 12:07;1040;0
05-13-2010 12:08;977;0
05-13-2010 12:09;232;0
05-13-2010 12:10;21;0
05-13-2010 12:11;122;0
05-13-2010 12:12;146;0
05-13-2010 12:13;46;0
05-13-2010 12:14;89;0
05-13-2010 12:15;81;0
05-13-2010 12:16;946;0
05-13-2010 12:17;861;0
05-13-2010 12:18;537;0
05-13-2010 12:19;554;0
05-13-2010 12:20;946;0
05-13-2010 12:21;736;0
05-13-2010 12:22;713;0
05-13-2010 12:23;736;0
05-13-2010 12:24;669;0
05-13-2010 12:25;713;0
05-13-2010 12:26;1512;1
05-13-2010 12:27;946;0
05-13-2010 12:28;809;0
05-13-2010 12:29;537;0
05-13-2010 12:30;669;0
05-13-2010 12:31;669;0
05-13-2010 12:32;572;0
05-13-2010 12:33;457;0
05-13-2010 12:34;146;0
05-13-2010 12:35;25;0
05-13-2010 12:36;86;0
05-13-2010 12:37;240;0
05-13-2010 12:38;247;0
05-13-2010 12:39;390;0
05-13-2010 12:40;520;0
05-13-2010 12:41;332;0
05-13-2010 12:42;503;0
05-13-2010 12:43;137;0
05-13-2010 12:44;115;0
05-13-2010 12:45;554;0
05-13-2010 12:46;443;0
05-13-2010 12:47;609;0
05-13-2010 12:48;247;0
05-13-2010 12:49;554;0
05-13-2010 12:50;1560;1
05-13-2010 12:51;2483;1
05-13-2010 12:52;1179;1
05-13-2010 12:53;537;0
05-13-2010 12:54;365;0
05-13-2010 12:55;713;0
05-13-2010 12:56;572;0
05-13-2010 12:57;669;0
05-13-2010 12:58;537;0
05-13-2010 12:59;443;0
05-13-2010 13:00;629;0
05-13-2010 13:01;283;0
05-13-2010 13:02;256;0
05-13-2010 13:03;377;0
05-13-2010 13:04;390;0
05-13-2010 13:05;332;0
05-13-2010 13:06;809;0
05-13-2010 13:07;503;0
05-13-2010 13:08;834;0
05-13-2010 13:09;520;0
05-13-2010 13:10;503;0
05-13-2010 13:11;443;0
05-13-2010 13:12;96;0
05-13-2010 13:13;354;0
05-13-2010 13:14;390;0
05-13-2010 13:15;311;0
05-13-2010 13:16;354;0
05-13-2010 13:17;225;0
05-13-2010 13:18;1378;1
05-13-2010 13:19;537;0
05-13-2010 13:20;487;0
05-13-2010 13:21;210;0
05-13-2010 13:22;191;0
05-13-2010 13:23;302;0
05-13-2010 13:24;83;0
05-13-2010 13:25;6;0
05-13-2010 13:26;5;0
05-13-2010 13:27;0;0
05-13-2010 13:28;2;0
05-13-2010 13:29;0;0
05-13-2010 13:30;204;0
05-13-2010 13:31;390;0
05-13-2010 13:32;443;0
05-13-2010 13:33;184;0
05-13-2010 13:34;472;0
05-13-2010 13:35;472;0
05-13-2010 13:36;232;0
05-13-2010 13:37;75;0
05-13-2010 13:38;184;0
05-13-2010 13:39;217;0
05-13-2010 13:40;225;0
05-13-2010 13:41;311;0
05-13-2010 13:42;119;0
05-13-2010 13:43;83;0
05-13-2010 13:44;55;0
05-13-2010 13:45;66;0
05-13-2010 13:46;49;0
05-13-2010 13:47;151;0
05-13-2010 13:48;232;0
05-13-2010 13:49;210;0
05-13-2010 13:50;137;0
05-13-2010 13:51;107;0
05-13-2010 13:52;66;0
05-13-2010 13:53;141;0
05-13-2010 13:54;167;0
05-13-2010 13:55;115;0
05-13-2010 13:56;42;0
05-13-2010 13:57;141;0
05-13-2010 13:58;69;0
05-13-2010 13:59;30;0
05-13-2010 14:00;86;0
05-13-2010 14:01;78;0
05-13-2010 14:02;66;0
05-13-2010 14:03;51;0
05-13-2010 14:04;265;0
05-13-2010 14:05;265;0
05-13-2010 14:06;2;0
05-13-2010 14:07;217;0
05-13-2010 14:08;0;0
05-13-2010 14:09;15;0
05-13-2010 14:10;59;0
05-13-2010 14:11;27;0
05-13-2010 14:12;247;0
05-13-2010 14:13;72;0
05-13-2010 14:14;0;0
05-13-2010 14:15;0;0
05-13-2010 14:16;217;0
05-13-2010 14:17;132;0
05-13-2010 14:18;217;0
05-13-2010 14:19;292;0
05-13-2010 14:20;204;0
05-13-2010 14:21;155;0
05-13-2010 14:22;86;0
05-13-2010 14:23;8;0
05-13-2010 14:24;14;0
05-13-2010 14:25;49;0
05-13-2010 14:26;311;0
05-13-2010 14:27;809;0
05-13-2010 14:28;292;0
05-13-2010 14:29;629;0
05-13-2010 14:30;537;0
05-13-2010 14:31;554;0
05-13-2010 14:32;354;0
05-13-2010 14:33;457;0
05-13-2010 14:34;554;0
05-13-2010 14:35;3;0
05-13-2010 14:36;191;0
05-13-2010 14:37;122;0
05-13-2010 14:38;111;0
05-13-2010 14:39;89;0
05-13-2010 14:40;92;0
05-13-2010 14:41;36;0
05-13-2010 14:42;57;0
05-13-2010 14:43;649;0
05-13-2010 14:44;1107;1
05-13-2010 14:45;809;0
05-13-2010 14:46;173;0
05-13-2010 14:47;834;0
05-13-2010 14:48;834;0
05-13-2010 14:49;0;0
05-13-2010 14:50;0;0
05-13-2010 14:51;9;0
05-13-2010 14:52;0;0
05-13-2010 14:53;0;0
05-13-2010 14:54;0;0
05-13-2010 14:55;0;0
05-13-2010 14:56;0;0
05-13-2010 14:57;46;0
05-13-2010 14:58;103;0
05-13-2010 14:59;0;0
05-13-2010 15:00;0;0
05-13-2010 15:01;0;0
05-13-2010 15:02;0;0
05-13-2010 15:03;2;0
05-13-2010 15:04;0;0
05-13-2010 15:05;0;0
05-13-2010 15:06;40;0
05-13-2010 15:07;0;0
05-13-2010 15:08;4;0
05-13-2010 15:09;0;0
05-13-2010 15:10;0;0
05-13-2010 15:11;0;0
05-13-2010 15:12;0;0
05-13-2010 15:13;0;0
05-13-2010 15:14;0;0
05-13-2010 15:15;0;0
05-13-2010 15:16;0;0
05-13-2010 15:17;0;0
05-13-2010 15:18;0;0
05-13-2010 15:19;0;0
05-13-2010 15:20;0;0
05-13-2010 15:21;0;0
05-13-2010 15:22;0;0
05-13-2010 15:23;0;0
05-13-2010 15:24;0;0
05-13-2010 15:25;0;0
05-13-2010 15:26;0;0
05-13-2010 15:27;22;0
05-13-2010 15:28;0;0
05-13-2010 15:29;0;0
05-13-2010 15:30;0;0
05-13-2010 15:31;17;0
05-13-2010 15:32;53;0
05-13-2010 15:33;38;0
05-13-2010 15:34;0;0
05-13-2010 15:35;0;0
05-13-2010 15:36;0;0
05-13-2010 15:37;0;0
05-13-2010 15:38;0;0
05-13-2010 15:39;0;0
05-13-2010 15:40;51;0
05-13-2010 15:41;3;0
05-13-2010 15:42;0;0
05-13-2010 15:43;0;0
05-13-2010 15:44;0;0
05-13-2010 15:45;0;0
05-13-2010 15:46;0;0
05-13-2010 15:47;0;0
05-13-2010 15:48;0;0
05-13-2010 15:49;0;0
05-13-2010 15:50;0;0
05-13-2010 15:51;0;0
05-13-2010 15:52;0;0
05-13-2010 15:53;0;0
05-13-2010 15:54;0;0
05-13-2010 15:55;66;0
05-13-2010 15:56;0;0
05-13-2010 15:57;0;0
05-13-2010 15:58;0;0
05-13-2010 15:59;0;0
05-13-2010 16:00;0;0
05-13-2010 16:01;0;0
05-13-2010 16:02;29;0
05-13-2010 16:03;0;0
05-13-2010 16:04;0;0
05-13-2010 16:05;0;0
05-13-2010 16:06;3;0
05-13-2010 16:07;16;0
05-13-2010 16:08;0;0
05-13-2010 16:09;0;0
05-13-2010 16:10;0;0
05-13-2010 16:11;0;0
05-13-2010 16:12;0;0
05-13-2010 16:13;0;0
05-13-2010 16:14;0;0
05-13-2010 16:15;0;0
05-13-2010 16:16;40;0
05-13-2010 16:17;0;0
05-13-2010 16:18;0;0
05-13-2010 16:19;0;0
05-13-2010 16:20;0;0
05-13-2010 16:21;0;0
05-13-2010 16:22;217;0
05-13-2010 16:23;26;0
05-13-2010 16:24;12;0
05-13-2010 16:25;29;0
05-13-2010 16:26;0;0
05-13-2010 16:27;0;0
05-13-2010 16:28;0;0
05-13-2010 16:29;61;0
05-13-2010 16:30;0;0
05-13-2010 16:31;191;0
05-13-2010 16:32;365;0
05-13-2010 16:33;115;0
05-13-2010 16:34;669;0
05-13-2010 16:35;784;0
05-13-2010 16:36;1073;1
05-13-2010 16:37;1712;1
05-13-2010 16:38;1073;1
05-13-2010 16:39;669;0
05-13-2010 16:40;1107;1
05-13-2010 16:41;861;0
05-13-2010 16:42;1294;1
05-13-2010 16:43;917;0
05-13-2010 16:44;1008;0
05-13-2010 16:45;1143;1
05-13-2010 16:46;713;0
05-13-2010 16:47;1254;1
05-13-2010 16:48;977;0
05-13-2010 16:49;888;0
05-13-2010 16:50;1294;1
05-13-2010 16:51;977;0
05-13-2010 16:52;1880;1
05-13-2010 16:53;1466;1
05-13-2010 16:54;1378;1
05-13-2010 16:55;946;0
05-13-2010 16:56;1466;1
05-13-2010 16:57;1378;1
05-13-2010 16:58;1040;0
05-13-2010 16:59;1008;0
05-13-2010 17:00;1073;1
05-13-2010 17:01;1179;1
05-13-2010 17:02;1421;1
05-13-2010 17:03;1766;1
05-13-2010 17:04;1254;1
05-13-2010 17:05;1609;1
05-13-2010 17:06;1040;0
05-13-2010 17:07;1216;1
05-13-2010 17:08;1216;1
05-13-2010 17:09;759;0
05-13-2010 17:10;736;0
05-13-2010 17:11;1294;1
05-13-2010 17:12;1254;1
05-13-2010 17:13;784;0
05-13-2010 17:14;917;0
05-13-2010 17:15;834;0
05-13-2010 17:16;1378;1
05-13-2010 17:17;1712;1
05-13-2010 17:18;1822;1
05-13-2010 17:19;861;0
05-13-2010 17:20;0;0
05-13-2010 17:21;0;0
05-13-2010 17:22;0;0
05-13-2010 17:23;0;0
05-13-2010 17:24;0;0
05-13-2010 17:25;0;0
05-13-2010 17:26;0;0
05-13-2010 17:27;0;0
05-13-2010 17:28;0;0
05-13-2010 17:29;0;0
05-13-2010 17:30;0;0
05-13-2010 17:31;0;0
05-13-2010 17:32;0;0
05-13-2010 17:33;0;0
05-13-2010 17:34;0;0
05-13-2010 17:35;0;0
05-13-2010 17:36;0;0
05-13-2010 17:37;0;0
05-13-2010 17:38;0;0
05-13-2010 17:39;0;0
05-13-2010 17:40;0;0
05-13-2010 17:41;0;0
05-13-2010 17:42;0;0
05-13-2010 17:43;0;0
05-13-2010 17:44;0;0
05-13-2010 17:45;0;0
05-13-2010 17:46;0;0
05-13-2010 17:47;0;0
05-13-2010 17:48;0;0
05-13-2010 17:49;32;0
05-13-2010 17:50;127;0
05-13-2010 17:51;0;0
05-13-2010 17:52;0;0
05-13-2010 17:53;554;0
05-13-2010 17:54;1378;1
05-13-2010 17:55;1294;1
05-13-2010 17:56;1560;1
05-13-2010 17:57;809;0
05-13-2010 17:58;1216;1
05-13-2010 17:59;1254;1
05-13-2010 18:00;1143;1
05-13-2010 18:01;1107;1
05-13-2010 18:02;809;0
05-13-2010 18:03;1254;1
05-13-2010 18:04;1294;1
05-13-2010 18:05;1073;1
05-13-2010 18:06;1421;1
05-13-2010 18:07;1143;1
05-13-2010 18:08;713;0
05-13-2010 18:09;977;0
05-13-2010 18:10;888;0
05-13-2010 18:11;736;0
05-13-2010 18:12;917;0
05-13-2010 18:13;888;0
05-13-2010 18:14;834;0
05-13-2010 18:15;1073;1
05-13-2010 18:16;1560;1
05-13-2010 18:17;713;0
05-13-2010 18:18;691;0
05-13-2010 18:19;669;0
05-13-2010 18:20;554;0
05-13-2010 18:21;572;0
05-13-2010 18:22;457;0
05-13-2010 18:23;1008;0
05-13-2010 18:24;1254;1
05-13-2010 18:25;917;0
05-13-2010 18:26;888;0
05-13-2010 18:27;691;0
05-13-2010 18:28;784;0
05-13-2010 18:29;759;0
05-13-2010 18:30;669;0
05-13-2010 18:31;609;0
05-13-2010 18:32;759;0
05-13-2010 18:33;713;0
05-13-2010 18:34;834;0
05-13-2010 18:35;629;0
05-13-2010 18:36;809;0
05-13-2010 18:37;1294;1
05-13-2010 18:38;1040;0
05-13-2010 18:39;1254;1
05-13-2010 18:40;1254;1
05-13-2010 18:41;1143;1
05-13-2010 18:42;809;0
05-13-2010 18:43;1216;1
05-13-2010 18:44;572;0
05-13-2010 18:45;669;0
05-13-2010 18:46;861;0
05-13-2010 18:47;1216;1
05-13-2010 18:48;1216;1
05-13-2010 18:49;1179;1
05-13-2010 18:50;1335;1
05-13-2010 18:51;977;0
05-13-2010 18:52;784;0
05-13-2010 18:53;1073;1
05-13-2010 18:54;1294;1
05-13-2010 18:55;1294;1
05-13-2010 18:56;809;0
05-13-2010 18:57;572;0
05-13-2010 18:58;629;0
05-13-2010 18:59;572;0
05-13-2010 19:00;888;0
05-13-2010 19:01;888;0
05-13-2010 19:02;917;0
05-13-2010 19:03;669;0
05-13-2010 19:04;1107;1
05-13-2010 19:05;1254;1
05-13-2010 19:06;1712;1
05-13-2010 19:07;1107;1
05-13-2010 19:08;917;0
05-13-2010 19:09;917;0
05-13-2010 19:10;1466;1
05-13-2010 19:11;784;0
05-13-2010 19:12;487;0
05-13-2010 19:13;609;0
05-13-2010 19:14;443;0
05-13-2010 19:15;107;0
05-13-2010 19:16;66;0
05-13-2010 19:17;11;0
05-13-2010 19:18;7;0
05-13-2010 19:19;0;0
05-13-2010 19:20;0;0
05-13-2010 19:21;0;0
05-13-2010 19:22;0;0
05-13-2010 19:23;0;0
05-13-2010 19:24;0;0
05-13-2010 19:25;0;0
05-13-2010 19:26;0;0
05-13-2010 19:27;0;0
05-13-2010 19:28;0;0
05-13-2010 19:29;0;0
05-13-2010 19:30;0;0
05-13-2010 19:31;0;0
05-13-2010 19:32;0;0
05-13-2010 19:33;0;0
05-13-2010 19:34;0;0
05-13-2010 19:35;0;0
05-13-2010 19:36;0;0
05-13-2010 19:37;0;0
05-13-2010 19:38;0;0
05-13-2010 19:39;16;0
05-13-2010 19:40;0;0
05-13-2010 19:41;8;0
05-13-2010 19:42;86;0
05-13-2010 19:43;0;0
05-13-2010 19:44;0;0
05-13-2010 19:45;8;0
05-13-2010 19:46;46;0
05-13-2010 19:47;0;0
05-13-2010 19:48;92;0
05-13-2010 19:49;0;0
05-13-2010 19:50;354;0
05-13-2010 19:51;443;0
05-13-2010 19:52;487;0
05-13-2010 19:53;503;0
05-13-2010 19:54;554;0
05-13-2010 19:55;1335;1
05-13-2010 19:56;834;0
05-13-2010 19:57;572;0
05-13-2010 19:58;0;0
05-13-2010 19:59;0;0
05-13-2010 20:00;0;0
05-13-2010 20:01;0;0
05-13-2010 20:02;0;0
05-13-2010 20:03;0;0
05-13-2010 20:04;0;0
05-13-2010 20:05;0;0
05-13-2010 20:06;0;0
05-13-2010 20:07;0;0
05-13-2010 20:08;0;0
05-13-2010 20:09;0;0
05-13-2010 20:10;1008;0
05-13-2010 20:11;609;0
05-13-2010 20:12;590;0
05-13-2010 20:13;415;0
05-13-2010 20:14;365;0
05-13-2010 20:15;649;0
05-13-2010 20:16;834;0
05-13-2010 20:17;669;0
05-13-2010 20:18;572;0
05-13-2010 20:19;554;0
05-13-2010 20:20;457;0
05-13-2010 20:21;354;0
05-13-2010 20:22;167;0
05-13-2010 20:23;155;0
05-13-2010 20:24;132;0
05-13-2010 20:25;64;0
05-13-2010 20:26;46;0
05-13-2010 20:27;122;0
05-13-2010 20:28;197;0
05-13-2010 20:29;111;0
05-13-2010 20:30;28;0
05-13-2010 20:31;64;0
05-13-2010 20:32;151;0
05-13-2010 20:33;402;0
05-13-2010 20:34;103;0
05-13-2010 20:35;107;0
05-13-2010 20:36;520;0
05-13-2010 20:37;240;0
05-13-2010 20:38;21;0
05-13-2010 20:39;115;0
05-13-2010 20:40;273;0
05-13-2010 20:41;191;0
05-13-2010 20:42;265;0
05-13-2010 20:43;265;0
05-13-2010 20:44;0;0
05-13-2010 20:45;132;0
05-13-2010 20:46;122;0
05-13-2010 20:47;122;0
05-13-2010 20:48;321;0
05-13-2010 20:49;669;0
05-13-2010 20:50;332;0
05-13-2010 20:51;402;0
05-13-2010 20:52;590;0
05-13-2010 20:53;66;0
05-13-2010 20:54;332;0
05-13-2010 20:55;377;0
05-13-2010 20:56;115;0
05-13-2010 20:57;34;0
05-13-2010 20:58;191;0
05-13-2010 20:59;302;0
05-13-2010 21:00;472;0
05-13-2010 21:01;178;0
05-13-2010 21:02;402;0
05-13-2010 21:03;273;0
05-13-2010 21:04;429;0
05-13-2010 21:05;629;0
05-13-2010 21:06;210;0
05-13-2010 21:07;713;0
05-13-2010 21:08;917;0
05-13-2010 21:09;66;0
05-13-2010 21:10;18;0
05-13-2010 21:11;6;0
05-13-2010 21:12;13;0
05-13-2010 21:13;155;0
05-13-2010 21:14;27;0
05-13-2010 21:15;61;0
05-13-2010 21:16;47;0
05-13-2010 21:17;5;0
05-13-2010 21:18;0;0
05-13-2010 21:19;92;0
05-13-2010 21:20;4;0
05-13-2010 21:21;11;0
05-13-2010 21:22;217;0
05-13-2010 21:23;292;0
05-13-2010 21:24;503;0
05-13-2010 21:25;402;0
05-13-2010 21:26;402;0
05-13-2010 21:27;649;0
05-13-2010 21:28;834;0
05-13-2010 21:29;89;0
05-13-2010 21:30;26;0
05-13-2010 21:31;0;0
05-13-2010 21:32;3;0
05-13-2010 21:33;2;0
05-13-2010 21:34;24;0
05-13-2010 21:35;0;0
05-13-2010 21:36;0;0
05-13-2010 21:37;34;0
05-13-2010 21:38;0;0
05-13-2010 21:39;0;0
05-13-2010 21:40;0;0
05-13-2010 21:41;0;0
05-13-2010 21:42;0;0
05-13-2010 21:43;29;0
05-13-2010 21:44;19;0
05-13-2010 21:45;0;0
05-13-2010 21:46;46;0
05-13-2010 21:47;2;0
05-13-2010 21:48;127;0
05-13-2010 21:49;86;0
05-13-2010 21:50;311;0
05-13-2010 21:51;292;0
05-13-2010 21:52;247;0
05-13-2010 21:53;834;0
05-13-2010 21:54;487;0
05-13-2010 21:55;590;0
05-13-2010 21:56;457;0
05-13-2010 21:57;32;0
05-13-2010 21:58;78;0
05-13-2010 21:59;443;0
05-13-2010 22:00;429;0
05-13-2010 22:01;53;0
05-13-2010 22:02;5;0
05-13-2010 22:03;40;0
05-13-2010 22:04;0;0
05-13-2010 22:05;0;0
05-13-2010 22:06;72;0
05-13-2010 22:07;2;0
05-13-2010 22:08;5;0
05-13-2010 22:09;103;0
05-13-2010 22:10;6;0
05-13-2010 22:11;0;0
05-13-2010 22:12;5;0
05-13-2010 22:13;0;0
05-13-2010 22:14;0;0
05-13-2010 22:15;0;0
05-13-2010 22:16;0;0
05-13-2010 22:17;16;0
05-13-2010 22:18;0;0
05-13-2010 22:19;0;0
05-13-2010 22:20;0;0
05-13-2010 22:21;81;0
05-13-2010 22:22;16;0
05-13-2010 22:23;2;0
05-13-2010 22:24;6;0
05-13-2010 22:25;13;0
05-13-2010 22:26;6;0
05-13-2010 22:27;14;0
05-13-2010 22:28;0;0
05-13-2010 22:29;0;0
05-13-2010 22:30;10;0
05-13-2010 22:31;443;0
05-13-2010 22:32;321;0
05-13-2010 22:33;155;0
05-13-2010 22:34;20;0
05-13-2010 22:35;0;0
05-13-2010 22:36;0;0
05-13-2010 22:37;0;0
05-13-2010 22:38;44;0
05-13-2010 22:39;256;0
05-13-2010 22:40;354;0
05-13-2010 22:41;72;0
05-13-2010 22:42;57;0
05-13-2010 22:43;17;0
05-13-2010 22:44;36;0
05-13-2010 22:45;30;0
05-13-2010 22:46;75;0
05-13-2010 22:47;155;0
05-13-2010 22:48;0;0
05-13-2010 22:49;0;0
05-13-2010 22:50;0;0
05-13-2010 22:51;0;0
05-13-2010 22:52;36;0
05-13-2010 22:53;0;0
05-13-2010 22:54;0;0
05-13-2010 22:55;23;0
05-13-2010 22:56;5;0
05-13-2010 22:57;55;0
05-13-2010 22:58;18;0
05-13-2010 22:59;5;0
05-13-2010 23:00;0;0
05-13-2010 23:01;0;0
05-13-2010 23:02;0;0
05-13-2010 23:03;0;0
05-13-2010 23:04;57;0
05-13-2010 23:05;0;0
05-13-2010 23:06;0;0
05-13-2010 23:07;0;0
05-13-2010 23:08;107;0
05-13-2010 23:09;0;0
05-13-2010 23:10;184;0
05-13-2010 23:11;0;0
05-13-2010 23:12;27;0
05-13-2010 23:13;0;0
05-13-2010 23:14;0;0
05-13-2010 23:15;161;0
05-13-2010 23:16;292;0
05-13-2010 23:17;0;0
05-13-2010 23:18;0;0
05-13-2010 23:19;0;0
05-13-2010 23:20;0;0
05-13-2010 23:21;51;0
05-13-2010 23:22;487;0
05-13-2010 23:23;0;0
05-13-2010 23:24;40;0
05-13-2010 23:25;0;0
05-13-2010 23:26;0;0
05-13-2010 23:27;0;0
05-13-2010 23:28;0;0
05-13-2010 23:29;0;0
05-13-2010 23:30;0;0
05-13-2010 23:31;0;0
05-13-2010 23:32;3;0
05-13-2010 23:33;0;0
05-13-2010 23:34;0;0
05-13-2010 23:35;0;0
05-13-2010 23:36;0;0
05-13-2010 23:37;75;0
05-13-2010 23:38;46;0
05-13-2010 23:39;0;0
05-13-2010 23:40;0;0
05-13-2010 23:41;0;0
05-13-2010 23:42;0;0
05-13-2010 23:43;0;0
05-13-2010 23:44;5;0
05-13-2010 23:45;92;0
05-13-2010 23:46;34;0
05-13-2010 23:47;53;0
05-13-2010 23:48;0;0
05-13-2010 23:49;0;0
05-13-2010 23:50;0;0
05-13-2010 23:51;44;0
05-13-2010 23:52;0;0
05-13-2010 23:53;0;0
05-13-2010 23:54;0;0
05-13-2010 23:55;0;0
05-13-2010 23:56;0;0
05-13-2010 23:57;0;0
05-13-2010 23:58;0;0
05-13-2010 23:59;0;0
05-14-2010 00:00;0;0
05-14-2010 00:01;0;0
05-14-2010 00:02;0;0
05-14-2010 00:03;34;0
05-14-2010 00:04;26;0
05-14-2010 00:05;0;0
05-14-2010 00:06;2;0
05-14-2010 00:07;377;0
05-14-2010 00:08;354;0
05-14-2010 00:09;402;0
05-14-2010 00:10;487;0
05-14-2010 00:11;809;0
05-14-2010 00:12;1143;1
05-14-2010 00:13;1008;0
05-14-2010 00:14;917;0
05-14-2010 00:15;429;0
05-14-2010 00:16;415;0
05-14-2010 00:17;0;0
05-14-2010 00:18;0;0
05-14-2010 00:19;8;0
05-14-2010 00:20;0;0
05-14-2010 00:21;12;0
05-14-2010 00:22;27;0
05-14-2010 00:23;12;0
05-14-2010 00:24;49;0
05-14-2010 00:25;0;0
05-14-2010 00:26;0;0
05-14-2010 00:27;61;0
05-14-2010 00:28;42;0
05-14-2010 00:29;0;0
05-14-2010 00:30;0;0
05-14-2010 00:31;0;0
05-14-2010 00:32;115;0
05-14-2010 00:33;2;0
05-14-2010 00:34;14;0
05-14-2010 00:35;0;0
05-14-2010 00:36;0;0
05-14-2010 00:37;0;0
05-14-2010 00:38;0;0
05-14-2010 00:39;0;0
05-14-2010 00:40;0;0
05-14-2010 00:41;0;0
05-14-2010 00:42;0;0
05-14-2010 00:43;0;0
05-14-2010 00:44;0;0
05-14-2010 00:45;0;0
05-14-2010 00:46;14;0
05-14-2010 00:47;0;0
05-14-2010 00:48;0;0
05-14-2010 00:49;0;0
05-14-2010 00:50;0;0
05-14-2010 00:51;25;0
05-14-2010 00:52;7;0
05-14-2010 00:53;184;0
05-14-2010 00:54;3;0
05-14-2010 00:55;59;0
05-14-2010 00:56;40;0
05-14-2010 00:57;0;0
05-14-2010 00:58;0;0
05-14-2010 00:59;0;0
05-14-2010 01:00;25;0
05-14-2010 01:01;0;0
05-14-2010 01:02;0;0
05-14-2010 01:03;0;0
05-14-2010 01:04;69;0
05-14-2010 01:05;0;0
05-14-2010 01:06;0;0
05-14-2010 01:07;0;0
05-14-2010 01:08;0;0
05-14-2010 01:09;0;0
05-14-2010 01:10;0;0
05-14-2010 01:11;0;0
05-14-2010 01:12;0;0
05-14-2010 01:13;0;0
05-14-2010 01:14;6;0
05-14-2010 01:15;0;0
05-14-2010 01:16;0;0
05-14-2010 01:17;5;0
05-14-2010 01:18;0;0
05-14-2010 01:19;0;0
05-14-2010 01:20;0;0
05-14-2010 01:21;0;0
05-14-2010 01:22;0;0
05-14-2010 01:23;0;0
05-14-2010 01:24;0;0
05-14-2010 01:25;0;0
05-14-2010 01:26;0;0
05-14-2010 01:27;0;0
05-14-2010 01:28;0;0
05-14-2010 01:29;0;0
05-14-2010 01:30;0;0
05-14-2010 01:31;119;0
05-14-2010 01:32;0;0
05-14-2010 01:33;0;0
05-14-2010 01:34;0;0
05-14-2010 01:35;69;0
05-14-2010 01:36;0;0
05-14-2010 01:37;0;0
05-14-2010 01:38;47;0
05-14-2010 01:39;0;0
05-14-2010 01:40;0;0
05-14-2010 01:41;0;0
05-14-2010 01:42;0;0
05-14-2010 01:43;0;0
05-14-2010 01:44;0;0
05-14-2010 01:45;0;0
05-14-2010 01:46;0;0
05-14-2010 01:47;0;0
05-14-2010 01:48;0;0
05-14-2010 01:49;0;0
05-14-2010 01:50;4;0
05-14-2010 01:51;0;0
05-14-2010 01:52;0;0
05-14-2010 01:53;0;0
05-14-2010 01:54;0;0
05-14-2010 01:55;0;0
05-14-2010 01:56;0;0
05-14-2010 01:57;61;0
05-14-2010 01:58;16;0
05-14-2010 01:59;0;0
05-14-2010 02:00;0;0
05-14-2010 02:01;0;0
05-14-2010 02:02;132;0
05-14-2010 02:03;0;0
05-14-2010 02:04;61;0
05-14-2010 02:05;0;0
05-14-2010 02:06;32;0
05-14-2010 02:07;0;0
05-14-2010 02:08;0;0
05-14-2010 02:09;0;0
05-14-2010 02:10;92;0
05-14-2010 02:11;0;0
05-14-2010 02:12;0;0
05-14-2010 02:13;0;0
05-14-2010 02:14;0;0
05-14-2010 02:15;0;0
05-14-2010 02:16;0;0
05-14-2010 02:17;0;0
05-14-2010 02:18;26;0
05-14-2010 02:19;0;0
05-14-2010 02:20;0;0
05-14-2010 02:21;78;0
05-14-2010 02:22;0;0
05-14-2010 02:23;0;0
05-14-2010 02:24;61;0
05-14-2010 02:25;0;0
05-14-2010 02:26;0;0
05-14-2010 02:27;0;0
05-14-2010 02:28;0;0
05-14-2010 02:29;0;0
05-14-2010 02:30;0;0
05-14-2010 02:31;46;0
05-14-2010 02:32;0;0
05-14-2010 02:33;0;0
05-14-2010 02:34;0;0
05-14-2010 02:35;0;0
05-14-2010 02:36;0;0
05-14-2010 02:37;0;0
05-14-2010 02:38;0;0
05-14-2010 02:39;0;0
05-14-2010 02:40;0;0
05-14-2010 02:41;0;0
05-14-2010 02:42;0;0
05-14-2010 02:43;0;0
05-14-2010 02:44;0;0
05-14-2010 02:45;0;0
05-14-2010 02:46;0;0
05-14-2010 02:47;0;0
05-14-2010 02:48;0;0
05-14-2010 02:49;0;0
05-14-2010 02:50;0;0
05-14-2010 02:51;0;0
05-14-2010 02:52;29;0
05-14-2010 02:53;81;0
05-14-2010 02:54;0;0
05-14-2010 02:55;0;0
05-14-2010 02:56;0;0
05-14-2010 02:57;0;0
05-14-2010 02:58;2;0
05-14-2010 02:59;0;0
05-14-2010 03:00;0;0
05-14-2010 03:01;0;0
05-14-2010 03:02;0;0
05-14-2010 03:03;0;0
05-14-2010 03:04;0;0
05-14-2010 03:05;0;0
05-14-2010 03:06;0;0
05-14-2010 03:07;0;0
05-14-2010 03:08;18;0
05-14-2010 03:09;0;0
05-14-2010 03:10;0;0
05-14-2010 03:11;107;0
05-14-2010 03:12;81;0
05-14-2010 03:13;42;0
05-14-2010 03:14;0;0
05-14-2010 03:15;0;0
05-14-2010 03:16;0;0
05-14-2010 03:17;0;0
05-14-2010 03:18;0;0
05-14-2010 03:19;107;0
05-14-2010 03:20;0;0
05-14-2010 03:21;0;0
05-14-2010 03:22;0;0
05-14-2010 03:23;0;0
05-14-2010 03:24;0;0
05-14-2010 03:25;0;0
05-14-2010 03:26;0;0
05-14-2010 03:27;0;0
05-14-2010 03:28;0;0
05-14-2010 03:29;0;0
05-14-2010 03:30;0;0
05-14-2010 03:31;0;0
05-14-2010 03:32;0;0
05-14-2010 03:33;0;0
05-14-2010 03:34;0;0
05-14-2010 03:35;0;0
05-14-2010 03:36;0;0
05-14-2010 03:37;0;0
05-14-2010 03:38;0;0
05-14-2010 03:39;0;0
05-14-2010 03:40;9;0
05-14-2010 03:41;53;0
05-14-2010 03:42;0;0
05-14-2010 03:43;6;0
05-14-2010 03:44;0;0
05-14-2010 03:45;0;0
05-14-2010 03:46;0;0
05-14-2010 03:47;0;0
05-14-2010 03:48;0;0
05-14-2010 03:49;0;0
05-14-2010 03:50;0;0
05-14-2010 03:51;0;0
05-14-2010 03:52;0;0
05-14-2010 03:53;0;0
05-14-2010 03:54;0;0
05-14-2010 03:55;0;0
05-14-2010 03:56;0;0
05-14-2010 03:57;55;0
05-14-2010 03:58;0;0
05-14-2010 03:59;0;0
05-14-2010 04:00;0;0
05-14-2010 04:01;0;0
05-14-2010 04:02;0;0
05-14-2010 04:03;0;0
05-14-2010 04:04;2;0
05-14-2010 04:05;0;0
05-14-2010 04:06;127;0
05-14-2010 04:07;26;0
05-14-2010 04:08;0;0
05-14-2010 04:09;0;0
05-14-2010 04:10;0;0
05-14-2010 04:11;0;0
05-14-2010 04:12;0;0
05-14-2010 04:13;0;0
05-14-2010 04:14;0;0
05-14-2010 04:15;0;0
05-14-2010 04:16;86;0
05-14-2010 04:17;0;0
05-14-2010 04:18;0;0
05-14-2010 04:19;0;0
05-14-2010 04:20;53;0
05-14-2010 04:21;0;0
05-14-2010 04:22;0;0
05-14-2010 04:23;0;0
05-14-2010 04:24;0;0
05-14-2010 04:25;0;0
05-14-2010 04:26;0;0
05-14-2010 04:27;0;0
05-14-2010 04:28;0;0
05-14-2010 04:29;0;0
05-14-2010 04:30;0;0
05-14-2010 04:31;0;0
05-14-2010 04:32;7;0
05-14-2010 04:33;0;0
05-14-2010 04:34;0;0
05-14-2010 04:35;0;0
05-14-2010 04:36;0;0
05-14-2010 04:37;0;0
05-14-2010 04:38;49;0
05-14-2010 04:39;0;0
05-14-2010 04:40;0;0
05-14-2010 04:41;0;0
05-14-2010 04:42;0;0
05-14-2010 04:43;0;0
05-14-2010 04:44;0;0
05-14-2010 04:45;0;0
05-14-2010 04:46;0;0
05-14-2010 04:47;0;0
05-14-2010 04:48;0;0
05-14-2010 04:49;0;0
05-14-2010 04:50;0;0
05-14-2010 04:51;0;0
05-14-2010 04:52;5;0
05-14-2010 04:53;0;0
05-14-2010 04:54;0;0
05-14-2010 04:55;13;0
05-14-2010 04:56;0;0
05-14-2010 04:57;0;0
05-14-2010 04:58;86;0
05-14-2010 04:59;0;0
05-14-2010 05:00;20;0
05-14-2010 05:01;16;0
05-14-2010 05:02;38;0
05-14-2010 05:03;0;0
05-14-2010 05:04;0;0
05-14-2010 05:05;0;0
05-14-2010 05:06;0;0
05-14-2010 05:07;75;0
05-14-2010 05:08;0;0
05-14-2010 05:09;0;0
05-14-2010 05:10;0;0
05-14-2010 05:11;0;0
05-14-2010 05:12;0;0
05-14-2010 05:13;0;0
05-14-2010 05:14;0;0
05-14-2010 05:15;0;0
05-14-2010 05:16;0;0
05-14-2010 05:17;0;0
05-14-2010 05:18;0;0
05-14-2010 05:19;0;0
05-14-2010 05:20;0;0
05-14-2010 05:21;0;0
05-14-2010 05:22;27;0
05-14-2010 05:23;14;0
05-14-2010 05:24;0;0
05-14-2010 05:25;0;0
05-14-2010 05:26;0;0
05-14-2010 05:27;0;0
05-14-2010 05:28;0;0
05-14-2010 05:29;0;0
05-14-2010 05:30;0;0
05-14-2010 05:31;0;0
05-14-2010 05:32;0;0
05-14-2010 05:33;9;0
05-14-2010 05:34;0;0
05-14-2010 05:35;0;0
05-14-2010 05:36;0;0
05-14-2010 05:37;0;0
05-14-2010 05:38;0;0
05-14-2010 05:39;292;0
05-14-2010 05:40;0;0
05-14-2010 05:41;0;0
05-14-2010 05:42;0;0
05-14-2010 05:43;0;0
05-14-2010 05:44;0;0
05-14-2010 05:45;61;0
05-14-2010 05:46;0;0
05-14-2010 05:47;0;0
05-14-2010 05:48;0;0
05-14-2010 05:49;9;0
05-14-2010 05:50;0;0
05-14-2010 05:51;0;0
05-14-2010 05:52;0;0
05-14-2010 05:53;0;0
05-14-2010 05:54;21;0
05-14-2010 05:55;0;0
05-14-2010 05:56;18;0
05-14-2010 05:57;0;0
05-14-2010 05:58;0;0
05-14-2010 05:59;30;0
05-14-2010 06:00;0;0
05-14-2010 06:01;0;0
05-14-2010 06:02;0;0
05-14-2010 06:03;0;0
05-14-2010 06:04;17;0
05-14-2010 06:05;0;0
05-14-2010 06:06;66;0
05-14-2010 06:07;0;0
05-14-2010 06:08;0;0
05-14-2010 06:09;0;0
05-14-2010 06:10;0;0
05-14-2010 06:11;0;0
05-14-2010 06:12;0;0
05-14-2010 06:13;0;0
05-14-2010 06:14;23;0
05-14-2010 06:15;0;0
05-14-2010 06:16;0;0
05-14-2010 06:17;0;0
05-14-2010 06:18;0;0
05-14-2010 06:19;36;0
05-14-2010 06:20;22;0
05-14-2010 06:21;0;0
05-14-2010 06:22;0;0
05-14-2010 06:23;0;0
05-14-2010 06:24;0;0
05-14-2010 06:25;0;0
05-14-2010 06:26;0;0
05-14-2010 06:27;0;0
05-14-2010 06:28;0;0
05-14-2010 06:29;0;0
05-14-2010 06:30;0;0
05-14-2010 06:31;0;0
05-14-2010 06:32;0;0
05-14-2010 06:33;0;0
05-14-2010 06:34;0;0
05-14-2010 06:35;0;0
05-14-2010 06:36;0;0
05-14-2010 06:37;0;0
05-14-2010 06:38;0;0
05-14-2010 06:39;0;0
05-14-2010 06:40;0;0
05-14-2010 06:41;103;0
05-14-2010 06:42;273;0
05-14-2010 06:43;115;0
05-14-2010 06:44;0;0
05-14-2010 06:45;72;0
05-14-2010 06:46;0;0
05-14-2010 06:47;155;0
05-14-2010 06:48;184;0
05-14-2010 06:49;0;0
05-14-2010 06:50;0;0
05-14-2010 06:51;0;0
05-14-2010 06:52;27;0
05-14-2010 06:53;0;0
05-14-2010 06:54;0;0
05-14-2010 06:55;0;0
05-14-2010 06:56;0;0
05-14-2010 06:57;0;0
05-14-2010 06:58;8;0
05-14-2010 06:59;3;0
05-14-2010 07:00;0;0
05-14-2010 07:01;256;0
05-14-2010 07:02;0;0
05-14-2010 07:03;0;0
05-14-2010 07:04;0;0
05-14-2010 07:05;0;0
05-14-2010 07:06;0;0
05-14-2010 07:07;0;0
05-14-2010 07:08;0;0
05-14-2010 07:09;0;0
05-14-2010 07:10;64;0
05-14-2010 07:11;0;0
05-14-2010 07:12;0;0
05-14-2010 07:13;0;0
05-14-2010 07:14;0;0
05-14-2010 07:15;0;0
05-14-2010 07:16;0;0
05-14-2010 07:17;0;0
05-14-2010 07:18;2;0
05-14-2010 07:19;0;0
05-14-2010 07:20;19;0
05-14-2010 07:21;0;0
05-14-2010 07:22;0;0
05-14-2010 07:23;0;0
05-14-2010 07:24;0;0
05-14-2010 07:25;0;0
05-14-2010 07:26;0;0
05-14-2010 07:27;0;0
05-14-2010 07:28;0;0
05-14-2010 07:29;0;0
05-14-2010 07:30;0;0
05-14-2010 07:31;0;0
05-14-2010 07:32;0;0
05-14-2010 07:33;0;0
05-14-2010 07:34;167;0
05-14-2010 07:35;0;0
05-14-2010 07:36;0;0
05-14-2010 07:37;0;0
05-14-2010 07:38;0;0
05-14-2010 07:39;132;0
05-14-2010 07:40;0;0
05-14-2010 07:41;0;0
05-14-2010 07:42;5;0
05-14-2010 07:43;0;0
05-14-2010 07:44;0;0
05-14-2010 07:45;23;0
05-14-2010 07:46;0;0
05-14-2010 07:47;0;0
05-14-2010 07:48;0;0
05-14-2010 07:49;0;0
05-14-2010 07:50;0;0
05-14-2010 07:51;44;0
05-14-2010 07:52;19;0
05-14-2010 07:53;0;0
05-14-2010 07:54;0;0
05-14-2010 07:55;0;0
05-14-2010 07:56;0;0
05-14-2010 07:57;0;0
05-14-2010 07:58;0;0
05-14-2010 07:59;13;0
05-14-2010 08:00;0;0
05-14-2010 08:01;0;0
05-14-2010 08:02;0;0
05-14-2010 08:03;354;0
05-14-2010 08:04;503;0
05-14-2010 08:05;0;0
05-14-2010 08:06;0;0
05-14-2010 08:07;0;0
05-14-2010 08:08;0;0
05-14-2010 08:09;0;0
05-14-2010 08:10;0;0
05-14-2010 08:11;0;0
05-14-2010 08:12;0;0
05-14-2010 08:13;0;0
05-14-2010 08:14;0;0
05-14-2010 08:15;0;0
05-14-2010 08:16;0;0
05-14-2010 08:17;0;0
05-14-2010 08:18;0;0
05-14-2010 08:19;0;0
05-14-2010 08:20;0;0
05-14-2010 08:21;0;0
05-14-2010 08:22;0;0
05-14-2010 08:23;0;0
05-14-2010 08:24;0;0
05-14-2010 08:25;0;0
05-14-2010 08:26;713;0
05-14-2010 08:27;342;0
05-14-2010 08:28;861;0
05-14-2010 08:29;55;0
05-14-2010 08:30;69;0
05-14-2010 08:31;151;0
05-14-2010 08:32;240;0
05-14-2010 08:33;354;0
05-14-2010 08:34;184;0
05-14-2010 08:35;0;0
05-14-2010 08:36;2;0
05-14-2010 08:37;472;0
05-14-2010 08:38;861;0
05-14-2010 08:39;736;0
05-14-2010 08:40;1216;1
05-14-2010 08:41;669;0
05-14-2010 08:42;784;0
05-14-2010 08:43;1008;0
05-14-2010 08:44;649;0
05-14-2010 08:45;1254;1
05-14-2010 08:46;1107;1
05-14-2010 08:47;888;0
05-14-2010 08:48;834;0
05-14-2010 08:49;1073;1
05-14-2010 08:50;977;0
05-14-2010 08:51;759;0
05-14-2010 08:52;861;0
05-14-2010 08:53;809;0
05-14-2010 08:54;1008;0
05-14-2010 08:55;1008;0
05-14-2010 08:56;691;0
05-14-2010 08:57;365;0
05-14-2010 08:58;861;0
05-14-2010 08:59;669;0
05-14-2010 09:00;691;0
05-14-2010 09:01;834;0
05-14-2010 09:02;888;0
05-14-2010 09:03;759;0
05-14-2010 09:04;1008;0
05-14-2010 09:05;590;0
05-14-2010 09:06;19;0
05-14-2010 09:07;8;0
05-14-2010 09:08;0;0
05-14-2010 09:09;25;0
05-14-2010 09:10;210;0
05-14-2010 09:11;184;0
05-14-2010 09:12;127;0
05-14-2010 09:13;184;0
05-14-2010 09:14;197;0
05-14-2010 09:15;240;0
05-14-2010 09:16;0;0
05-14-2010 09:17;69;0
05-14-2010 09:18;146;0
05-14-2010 09:19;197;0
05-14-2010 09:20;69;0
05-14-2010 09:21;0;0
05-14-2010 09:22;8;0
05-14-2010 09:23;0;0
05-14-2010 09:24;72;0
05-14-2010 09:25;55;0
05-14-2010 09:26;9;0
05-14-2010 09:27;20;0
05-14-2010 09:28;122;0
05-14-2010 09:29;137;0
05-14-2010 09:30;96;0
05-14-2010 09:31;53;0
05-14-2010 09:32;96;0
05-14-2010 09:33;151;0
05-14-2010 09:34;49;0
05-14-2010 09:35;19;0
05-14-2010 09:36;0;0
05-14-2010 09:37;0;0
05-14-2010 09:38;178;0
05-14-2010 09:39;119;0
05-14-2010 09:40;119;0
05-14-2010 09:41;122;0
05-14-2010 09:42;59;0
05-14-2010 09:43;40;0
05-14-2010 09:44;75;0
05-14-2010 09:45;119;0
05-14-2010 09:46;7;0
05-14-2010 09:47;51;0
05-14-2010 09:48;14;0
05-14-2010 09:49;210;0
05-14-2010 09:50;103;0
05-14-2010 09:51;100;0
05-14-2010 09:52;86;0
05-14-2010 09:53;151;0
05-14-2010 09:54;115;0
05-14-2010 09:55;137;0
05-14-2010 09:56;75;0
05-14-2010 09:57;232;0
05-14-2010 09:58;57;0
05-14-2010 09:59;132;0
05-14-2010 10:00;36;0
05-14-2010 10:01;32;0
05-14-2010 10:02;53;0
05-14-2010 10:03;92;0
05-14-2010 10:04;197;0
05-14-2010 10:05;151;0
05-14-2010 10:06;30;0
05-14-2010 10:07;629;0
05-14-2010 10:08;321;0
05-14-2010 10:09;520;0
05-14-2010 10:10;759;0
05-14-2010 10:11;292;0
05-14-2010 10:12;354;0
05-14-2010 10:13;232;0
05-14-2010 10:14;137;0
05-14-2010 10:15;302;0
05-14-2010 10:16;472;0
05-14-2010 10:17;321;0
05-14-2010 10:18;127;0
05-14-2010 10:19;342;0
05-14-2010 10:20;146;0
05-14-2010 10:21;0;0
05-14-2010 10:22;2;0
05-14-2010 10:23;0;0
05-14-2010 10:24;2;0
05-14-2010 10:25;75;0
05-14-2010 10:26;225;0
05-14-2010 10:27;0;0
05-14-2010 10:28;0;0
05-14-2010 10:29;2;0
05-14-2010 10:30;0;0
05-14-2010 10:31;6;0
05-14-2010 10:32;2;0
05-14-2010 10:33;204;0
05-14-2010 10:34;429;0
05-14-2010 10:35;390;0
05-14-2010 10:36;415;0
05-14-2010 10:37;119;0
05-14-2010 10:38;89;0
05-14-2010 10:39;402;0
05-14-2010 10:40;759;0
05-14-2010 10:41;178;0
05-14-2010 10:42;161;0
05-14-2010 10:43;321;0
05-14-2010 10:44;141;0
05-14-2010 10:45;487;0
05-14-2010 10:46;487;0
05-14-2010 10:47;472;0
05-14-2010 10:48;487;0
05-14-2010 10:49;256;0
05-14-2010 10:50;809;0
05-14-2010 10:51;977;0
05-14-2010 10:52;572;0
05-14-2010 10:53;232;0
05-14-2010 10:54;713;0
05-14-2010 10:55;16;0
05-14-2010 10:56;8;0
05-14-2010 10:57;0;0
05-14-2010 10:58;2;0
05-14-2010 10:59;15;0
05-14-2010 11:00;0;0
05-14-2010 11:01;232;0
05-14-2010 11:02;173;0
05-14-2010 11:03;111;0
05-14-2010 11:04;47;0
05-14-2010 11:05;18;0
05-14-2010 11:06;20;0
05-14-2010 11:07;96;0
05-14-2010 11:08;55;0
05-14-2010 11:09;10;0
05-14-2010 11:10;0;0
05-14-2010 11:11;0;0
05-14-2010 11:12;0;0
05-14-2010 11:13;0;0
05-14-2010 11:14;0;0
05-14-2010 11:15;292;0
05-14-2010 11:16;167;0
05-14-2010 11:17;520;0
05-14-2010 11:18;146;0
05-14-2010 11:19;78;0
05-14-2010 11:20;429;0
05-14-2010 11:21;1216;1
05-14-2010 11:22;669;0
05-14-2010 11:23;429;0
05-14-2010 11:24;457;0
05-14-2010 11:25;554;0
05-14-2010 11:26;861;0
05-14-2010 11:27;736;0
05-14-2010 11:28;691;0
05-14-2010 11:29;53;0
05-14-2010 11:30;81;0
05-14-2010 11:31;81;0
05-14-2010 11:32;365;0
05-14-2010 11:33;457;0
05-14-2010 11:34;232;0
05-14-2010 11:35;44;0
05-14-2010 11:36;55;0
05-14-2010 11:37;44;0
05-14-2010 11:38;191;0
05-14-2010 11:39;137;0
05-14-2010 11:40;24;0
05-14-2010 11:41;132;0
05-14-2010 11:42;151;0
05-14-2010 11:43;415;0
05-14-2010 11:44;14;0
05-14-2010 11:45;204;0
05-14-2010 11:46;649;0
05-14-2010 11:47;103;0
05-14-2010 11:48;47;0
05-14-2010 11:49;92;0
05-14-2010 11:50;429;0
05-14-2010 11:51;590;0
05-14-2010 11:52;283;0
05-14-2010 11:53;332;0
05-14-2010 11:54;736;0
05-14-2010 11:55;691;0
05-14-2010 11:56;537;0
05-14-2010 11:57;51;0
05-14-2010 11:58;0;0
05-14-2010 11:59;0;0
05-14-2010 12:00;11;0
05-14-2010 12:01;96;0
05-14-2010 12:02;167;0
05-14-2010 12:03;0;0
05-14-2010 12:04;0;0
05-14-2010 12:05;0;0
05-14-2010 12:06;0;0
05-14-2010 12:07;0;0
05-14-2010 12:08;2;0
05-14-2010 12:09;2;0
05-14-2010 12:10;2;0
05-14-2010 12:11;0;0
05-14-2010 12:12;2;0
05-14-2010 12:13;0;0
05-14-2010 12:14;0;0
05-14-2010 12:15;0;0
05-14-2010 12:16;0;0
05-14-2010 12:17;4;0
05-14-2010 12:18;111;0
05-14-2010 12:19;554;0
05-14-2010 12:20;184;0
05-14-2010 12:21;161;0
05-14-2010 12:22;78;0
05-14-2010 12:23;256;0
05-14-2010 12:24;240;0
05-14-2010 12:25;232;0
05-14-2010 12:26;554;0
05-14-2010 12:27;302;0
05-14-2010 12:28;151;0
05-14-2010 12:29;155;0
05-14-2010 12:30;111;0
05-14-2010 12:31;51;0
05-14-2010 12:32;457;0
05-14-2010 12:33;173;0
05-14-2010 12:34;332;0
05-14-2010 12:35;247;0
05-14-2010 12:36;713;0
05-14-2010 12:37;197;0
05-14-2010 12:38;61;0
05-14-2010 12:39;89;0
05-14-2010 12:40;78;0
05-14-2010 12:41;240;0
05-14-2010 12:42;28;0
05-14-2010 12:43;96;0
05-14-2010 12:44;342;0
05-14-2010 12:45;25;0
05-14-2010 12:46;40;0
05-14-2010 12:47;9;0
05-14-2010 12:48;30;0
05-14-2010 12:49;57;0
05-14-2010 12:50;49;0
05-14-2010 12:51;64;0
05-14-2010 12:52;64;0
05-14-2010 12:53;572;0
05-14-2010 12:54;354;0
05-14-2010 12:55;107;0
05-14-2010 12:56;72;0
05-14-2010 12:57;46;0
05-14-2010 12:58;127;0
05-14-2010 12:59;61;0
05-14-2010 13:00;83;0
05-14-2010 13:01;197;0
05-14-2010 13:02;332;0
05-14-2010 13:03;225;0
05-14-2010 13:04;27;0
05-14-2010 13:05;111;0
05-14-2010 13:06;161;0
05-14-2010 13:07;197;0
05-14-2010 13:08;161;0
05-14-2010 13:09;472;0
05-14-2010 13:10;457;0
05-14-2010 13:11;115;0
05-14-2010 13:12;178;0
05-14-2010 13:13;321;0
05-14-2010 13:14;443;0
05-14-2010 13:15;443;0
05-14-2010 13:16;302;0
05-14-2010 13:17;691;0
05-14-2010 13:18;15;0
05-14-2010 13:19;265;0
05-14-2010 13:20;42;0
05-14-2010 13:21;146;0
05-14-2010 13:22;184;0
05-14-2010 13:23;141;0
05-14-2010 13:24;225;0
05-14-2010 13:25;32;0
05-14-2010 13:26;44;0
05-14-2010 13:27;12;0
05-14-2010 13:28;0;0
05-14-2010 13:29;178;0
05-14-2010 13:30;342;0
05-14-2010 13:31;40;0
05-14-2010 13:32;78;0
05-14-2010 13:33;89;0
05-14-2010 13:34;247;0
05-14-2010 13:35;30;0
05-14-2010 13:36;332;0
05-14-2010 13:37;2;0
05-14-2010 13:38;47;0
05-14-2010 13:39;13;0
05-14-2010 13:40;415;0
05-14-2010 13:41;302;0
05-14-2010 13:42;38;0
05-14-2010 13:43;311;0
05-14-2010 13:44;390;0
05-14-2010 13:45;415;0
05-14-2010 13:46;443;0
05-14-2010 13:47;72;0
05-14-2010 13:48;10;0
05-14-2010 13:49;100;0
05-14-2010 13:50;10;0
05-14-2010 13:51;36;0
05-14-2010 13:52;834;0
05-14-2010 13:53;292;0
05-14-2010 13:54;415;0
05-14-2010 13:55;1143;1
05-14-2010 13:56;402;0
05-14-2010 13:57;69;0
05-14-2010 13:58;0;0
05-14-2010 13:59;24;0
05-14-2010 14:00;0;0
05-14-2010 14:01;0;0
05-14-2010 14:02;0;0
05-14-2010 14:03;0;0
05-14-2010 14:04;2;0
05-14-2010 14:05;81;0
05-14-2010 14:06;0;0
05-14-2010 14:07;0;0
05-14-2010 14:08;2;0
05-14-2010 14:09;5;0
05-14-2010 14:10;0;0
05-14-2010 14:11;472;0
05-14-2010 14:12;332;0
05-14-2010 14:13;86;0
05-14-2010 14:14;178;0
05-14-2010 14:15;122;0
05-14-2010 14:16;273;0
05-14-2010 14:17;173;0
05-14-2010 14:18;161;0
05-14-2010 14:19;217;0
05-14-2010 14:20;283;0
05-14-2010 14:21;225;0
05-14-2010 14:22;119;0
05-14-2010 14:23;69;0
05-14-2010 14:24;75;0
05-14-2010 14:25;103;0
05-14-2010 14:26;443;0
05-14-2010 14:27;443;0
05-14-2010 14:28;311;0
05-14-2010 14:29;204;0
05-14-2010 14:30;240;0
05-14-2010 14:31;402;0
05-14-2010 14:32;302;0
05-14-2010 14:33;342;0
05-14-2010 14:34;809;0
05-14-2010 14:35;736;0
05-14-2010 14:36;861;0
05-14-2010 14:37;137;0
05-14-2010 14:38;888;0
05-14-2010 14:39;520;0
05-14-2010 14:40;888;0
05-14-2010 14:41;1143;1
05-14-2010 14:42;472;0
05-14-2010 14:43;13;0
05-14-2010 14:44;59;0
05-14-2010 14:45;9;0
05-14-2010 14:46;2;0
05-14-2010 14:47;197;0
05-14-2010 14:48;210;0
05-14-2010 14:49;2;0
05-14-2010 14:50;6;0
05-14-2010 14:51;2;0
05-14-2010 14:52;122;0
05-14-2010 14:53;119;0
05-14-2010 14:54;2;0
05-14-2010 14:55;5;0
05-14-2010 14:56;100;0
05-14-2010 14:57;0;0
05-14-2010 14:58;0;0
05-14-2010 14:59;3;0
05-14-2010 15:00;146;0
05-14-2010 15:01;92;0
05-14-2010 15:02;42;0
05-14-2010 15:03;47;0
05-14-2010 15:04;127;0
05-14-2010 15:05;0;0
05-14-2010 15:06;151;0
05-14-2010 15:07;69;0
05-14-2010 15:08;127;0
05-14-2010 15:09;25;0
05-14-2010 15:10;503;0
05-14-2010 15:11;141;0
05-14-2010 15:12;184;0
05-14-2010 15:13;609;0
05-14-2010 15:14;713;0
05-14-2010 15:15;321;0
05-14-2010 15:16;390;0
05-14-2010 15:17;49;0
05-14-2010 15:18;115;0
05-14-2010 15:19;415;0
05-14-2010 15:20;311;0
05-14-2010 15:21;191;0
05-14-2010 15:22;2;0
05-14-2010 15:23;273;0
05-14-2010 15:24;59;0
05-14-2010 15:25;292;0
05-14-2010 15:26;365;0
05-14-2010 15:27;342;0
05-14-2010 15:28;81;0
05-14-2010 15:29;0;0
05-14-2010 15:30;0;0
05-14-2010 15:31;0;0
05-14-2010 15:32;0;0
05-14-2010 15:33;210;0
05-14-2010 15:34;342;0
05-14-2010 15:35;0;0
05-14-2010 15:36;0;0
05-14-2010 15:37;0;0
05-14-2010 15:38;0;0
05-14-2010 15:39;122;0
05-14-2010 15:40;0;0
05-14-2010 15:41;0;0
05-14-2010 15:42;2;0
05-14-2010 15:43;4;0
05-14-2010 15:44;92;0
05-14-2010 15:45;377;0
05-14-2010 15:46;273;0
05-14-2010 15:47;302;0
05-14-2010 15:48;232;0
05-14-2010 15:49;332;0
05-14-2010 15:50;265;0
05-14-2010 15:51;178;0
05-14-2010 15:52;161;0
05-14-2010 15:53;311;0
05-14-2010 15:54;103;0
05-14-2010 15:55;137;0
05-14-2010 15:56;173;0
05-14-2010 15:57;283;0
05-14-2010 15:58;122;0
05-14-2010 15:59;0;0
05-14-2010 16:00;197;0
05-14-2010 16:01;0;0
05-14-2010 16:02;27;0
05-14-2010 16:03;137;0
05-14-2010 16:04;14;0
05-14-2010 16:05;2;0
05-14-2010 16:06;111;0
05-14-2010 16:07;292;0
05-14-2010 16:08;0;0
05-14-2010 16:09;89;0
05-14-2010 16:10;34;0
05-14-2010 16:11;7;0
05-14-2010 16:12;44;0
05-14-2010 16:13;21;0
05-14-2010 16:14;161;0
05-14-2010 16:15;66;0
05-14-2010 16:16;64;0
05-14-2010 16:17;107;0
05-14-2010 16:18;155;0
05-14-2010 16:19;119;0
05-14-2010 16:20;83;0
05-14-2010 16:21;390;0
05-14-2010 16:22;390;0
05-14-2010 16:23;141;0
05-14-2010 16:24;0;0
05-14-2010 16:25;0;0
05-14-2010 16:26;217;0
05-14-2010 16:27;332;0
05-14-2010 16:28;809;0
05-14-2010 16:29;520;0
05-14-2010 16:30;155;0
05-14-2010 16:31;0;0
05-14-2010 16:32;81;0
05-14-2010 16:33;184;0
05-14-2010 16:34;59;0
05-14-2010 16:35;66;0
05-14-2010 16:36;49;0
05-14-2010 16:37;161;0
05-14-2010 16:38;69;0
05-14-2010 16:39;415;0
05-14-2010 16:40;1512;1
05-14-2010 16:41;520;0
05-14-2010 16:42;713;0
05-14-2010 16:43;590;0
05-14-2010 16:44;321;0
05-14-2010 16:45;240;0
05-14-2010 16:46;122;0
05-14-2010 16:47;365;0
05-14-2010 16:48;217;0
05-14-2010 16:49;472;0
05-14-2010 16:50;609;0
05-14-2010 16:51;443;0
05-14-2010 16:52;96;0
05-14-2010 16:53;24;0
05-14-2010 16:54;232;0
05-14-2010 16:55;736;0
05-14-2010 16:56;649;0
05-14-2010 16:57;457;0
05-14-2010 16:58;503;0
05-14-2010 16:59;691;0
05-14-2010 17:00;61;0
05-14-2010 17:01;472;0
05-14-2010 17:02;137;0
05-14-2010 17:03;146;0
05-14-2010 17:04;554;0
05-14-2010 17:05;809;0
05-14-2010 17:06;365;0
05-14-2010 17:07;103;0
05-14-2010 17:08;103;0
05-14-2010 17:09;537;0
05-14-2010 17:10;122;0
05-14-2010 17:11;32;0
05-14-2010 17:12;115;0
05-14-2010 17:13;225;0
05-14-2010 17:14;265;0
05-14-2010 17:15;256;0
05-14-2010 17:16;232;0
05-14-2010 17:17;311;0
05-14-2010 17:18;321;0
05-14-2010 17:19;64;0
05-14-2010 17:20;713;0
05-14-2010 17:21;402;0
05-14-2010 17:22;283;0
05-14-2010 17:23;167;0
05-14-2010 17:24;167;0
05-14-2010 17:25;354;0
05-14-2010 17:26;590;0
05-14-2010 17:27;609;0
05-14-2010 17:28;311;0
05-14-2010 17:29;390;0
05-14-2010 17:30;273;0
05-14-2010 17:31;736;0
05-14-2010 17:32;457;0
05-14-2010 17:33;365;0
05-14-2010 17:34;111;0
05-14-2010 17:35;443;0
05-14-2010 17:36;487;0
05-14-2010 17:37;72;0
05-14-2010 17:38;38;0
05-14-2010 17:39;103;0
05-14-2010 17:40;86;0
05-14-2010 17:41;49;0
05-14-2010 17:42;146;0
05-14-2010 17:43;146;0
05-14-2010 17:44;649;0
05-14-2010 17:45;311;0
05-14-2010 17:46;115;0
05-14-2010 17:47;141;0
05-14-2010 17:48;210;0
05-14-2010 17:49;809;0
05-14-2010 17:50;590;0
05-14-2010 17:51;191;0
05-14-2010 17:52;429;0
05-14-2010 17:53;365;0
05-14-2010 17:54;34;0
05-14-2010 17:55;7;0
05-14-2010 17:56;12;0
05-14-2010 17:57;20;0
05-14-2010 17:58;83;0
05-14-2010 17:59;9;0
05-14-2010 18:00;161;0
05-14-2010 18:01;25;0
05-14-2010 18:02;332;0
05-14-2010 18:03;554;0
05-14-2010 18:04;784;0
05-14-2010 18:05;759;0
05-14-2010 18:06;155;0
05-14-2010 18:07;443;0
05-14-2010 18:08;590;0
05-14-2010 18:09;377;0
05-14-2010 18:10;72;0
05-14-2010 18:11;3;0
05-14-2010 18:12;0;0
05-14-2010 18:13;0;0
05-14-2010 18:14;0;0
05-14-2010 18:15;0;0
05-14-2010 18:16;64;0
05-14-2010 18:17;26;0
05-14-2010 18:18;6;0
05-14-2010 18:19;96;0
05-14-2010 18:20;17;0
05-14-2010 18:21;6;0
05-14-2010 18:22;2;0
05-14-2010 18:23;141;0
05-14-2010 18:24;81;0
05-14-2010 18:25;8;0
05-14-2010 18:26;75;0
05-14-2010 18:27;40;0
05-14-2010 18:28;354;0
05-14-2010 18:29;321;0
05-14-2010 18:30;66;0
05-14-2010 18:31;204;0
05-14-2010 18:32;173;0
05-14-2010 18:33;342;0
05-14-2010 18:34;443;0
05-14-2010 18:35;256;0
05-14-2010 18:36;503;0
05-14-2010 18:37;669;0
05-14-2010 18:38;2;0
05-14-2010 18:39;0;0
05-14-2010 18:40;0;0
05-14-2010 18:41;20;0
05-14-2010 18:42;0;0
05-14-2010 18:43;0;0
05-14-2010 18:44;8;0
05-14-2010 18:45;217;0
05-14-2010 18:46;6;0
05-14-2010 18:47;66;0
05-14-2010 18:48;0;0
05-14-2010 18:49;0;0
05-14-2010 18:50;0;0
05-14-2010 18:51;0;0
05-14-2010 18:52;0;0
05-14-2010 18:53;0;0
05-14-2010 18:54;191;0
05-14-2010 18:55;0;0
05-14-2010 18:56;0;0
05-14-2010 18:57;609;0
05-14-2010 18:58;759;0
05-14-2010 18:59;691;0
05-14-2010 19:00;1179;1
05-14-2010 19:01;946;0
05-14-2010 19:02;759;0
05-14-2010 19:03;759;0
05-14-2010 19:04;1143;1
05-14-2010 19:05;1107;1
05-14-2010 19:06;1040;0
05-14-2010 19:07;1107;1
05-14-2010 19:08;1254;1
05-14-2010 19:09;1107;1
05-14-2010 19:10;2127;1
05-14-2010 19:11;888;0
05-14-2010 19:12;1107;1
05-14-2010 19:13;1143;1
05-14-2010 19:14;1294;1
05-14-2010 19:15;1073;1
05-14-2010 19:16;917;0
05-14-2010 19:17;1040;0
05-14-2010 19:18;669;0
05-14-2010 19:19;1143;1
05-14-2010 19:20;1107;1
05-14-2010 19:21;1040;0
05-14-2010 19:22;1254;1
05-14-2010 19:23;283;0
05-14-2010 19:24;354;0
05-14-2010 19:25;503;0
05-14-2010 19:26;311;0
05-14-2010 19:27;537;0
05-14-2010 19:28;736;0
05-14-2010 19:29;1143;1
05-14-2010 19:30;572;0
05-14-2010 19:31;321;0
05-14-2010 19:32;173;0
05-14-2010 19:33;115;0
05-14-2010 19:34;30;0
05-14-2010 19:35;44;0
05-14-2010 19:36;57;0
05-14-2010 19:37;161;0
05-14-2010 19:38;1107;1
05-14-2010 19:39;1378;1
05-14-2010 19:40;520;0
05-14-2010 19:41;472;0
05-14-2010 19:42;537;0
05-14-2010 19:43;487;0
05-14-2010 19:44;321;0
05-14-2010 19:45;649;0
05-14-2010 19:46;572;0
05-14-2010 19:47;609;0
05-14-2010 19:48;691;0
05-14-2010 19:49;161;0
05-14-2010 19:50;554;0
05-14-2010 19:51;609;0
05-14-2010 19:52;1254;1
05-14-2010 19:53;520;0
05-14-2010 19:54;415;0
05-14-2010 19:55;472;0
05-14-2010 19:56;178;0
05-14-2010 19:57;49;0
05-14-2010 19:58;103;0
05-14-2010 19:59;46;0
05-14-2010 20:00;137;0
05-14-2010 20:01;127;0
05-14-2010 20:02;78;0
05-14-2010 20:03;122;0
05-14-2010 20:04;15;0
05-14-2010 20:05;2;0
05-14-2010 20:06;7;0
05-14-2010 20:07;210;0
05-14-2010 20:08;173;0
05-14-2010 20:09;27;0
05-14-2010 20:10;0;0
05-14-2010 20:11;2;0
05-14-2010 20:12;0;0
05-14-2010 20:13;2;0
05-14-2010 20:14;0;0
05-14-2010 20:15;0;0
05-14-2010 20:16;25;0
05-14-2010 20:17;0;0
05-14-2010 20:18;429;0
05-14-2010 20:19;283;0
05-14-2010 20:20;402;0
05-14-2010 20:21;69;0
05-14-2010 20:22;46;0
05-14-2010 20:23;64;0
05-14-2010 20:24;46;0
05-14-2010 20:25;2;0
05-14-2010 20:26;0;0
05-14-2010 20:27;44;0
05-14-2010 20:28;81;0
05-14-2010 20:29;0;0
05-14-2010 20:30;247;0
05-14-2010 20:31;0;0
05-14-2010 20:32;0;0
05-14-2010 20:33;0;0
05-14-2010 20:34;0;0
05-14-2010 20:35;0;0
05-14-2010 20:36;0;0
05-14-2010 20:37;23;0
05-14-2010 20:38;0;0
05-14-2010 20:39;0;0
05-14-2010 20:40;0;0
05-14-2010 20:41;0;0
05-14-2010 20:42;0;0
05-14-2010 20:43;0;0
05-14-2010 20:44;0;0
05-14-2010 20:45;232;0
05-14-2010 20:46;377;0
05-14-2010 20:47;173;0
05-14-2010 20:48;302;0
05-14-2010 20:49;443;0
05-14-2010 20:50;342;0
05-14-2010 20:51;247;0
05-14-2010 20:52;92;0
05-14-2010 20:53;247;0
05-14-2010 20:54;217;0
05-14-2010 20:55;47;0
05-14-2010 20:56;178;0
05-14-2010 20:57;40;0
05-14-2010 20:58;0;0
05-14-2010 20:59;354;0
05-14-2010 21:00;61;0
05-14-2010 21:01;92;0
05-14-2010 21:02;256;0
05-14-2010 21:03;3;0
05-14-2010 21:04;256;0
05-14-2010 21:05;273;0
05-14-2010 21:06;127;0
05-14-2010 21:07;7;0
05-14-2010 21:08;14;0
05-14-2010 21:09;0;0
05-14-2010 21:10;0;0
05-14-2010 21:11;669;0
05-14-2010 21:12;649;0
05-14-2010 21:13;713;0
05-14-2010 21:14;503;0
05-14-2010 21:15;609;0
05-14-2010 21:16;119;0
05-14-2010 21:17;75;0
05-14-2010 21:18;55;0
05-14-2010 21:19;137;0
05-14-2010 21:20;127;0
05-14-2010 21:21;167;0
05-14-2010 21:22;44;0
05-14-2010 21:23;151;0
05-14-2010 21:24;167;0
05-14-2010 21:25;457;0
05-14-2010 21:26;2;0
05-14-2010 21:27;8;0
05-14-2010 21:28;17;0
05-14-2010 21:29;9;0
05-14-2010 21:30;30;0
05-14-2010 21:31;225;0
05-14-2010 21:32;100;0
05-14-2010 21:33;132;0
05-14-2010 21:34;210;0
05-14-2010 21:35;210;0
05-14-2010 21:36;127;0
05-14-2010 21:37;132;0
05-14-2010 21:38;69;0
05-14-2010 21:39;161;0
05-14-2010 21:40;111;0
05-14-2010 21:41;86;0
05-14-2010 21:42;167;0
05-14-2010 21:43;197;0
05-14-2010 21:44;23;0
05-14-2010 21:45;44;0
05-14-2010 21:46;92;0
05-14-2010 21:47;55;0
05-14-2010 21:48;10;0
05-14-2010 21:49;107;0
05-14-2010 21:50;78;0
05-14-2010 21:51;7;0
05-14-2010 21:52;32;0
05-14-2010 21:53;46;0
05-14-2010 21:54;44;0
05-14-2010 21:55;10;0
05-14-2010 21:56;0;0
05-14-2010 21:57;146;0
05-14-2010 21:58;161;0
05-14-2010 21:59;302;0
05-14-2010 22:00;429;0
05-14-2010 22:01;55;0
05-14-2010 22:02;151;0
05-14-2010 22:03;17;0
05-14-2010 22:04;69;0
05-14-2010 22:05;0;0
05-14-2010 22:06;0;0
05-14-2010 22:07;0;0
05-14-2010 22:08;11;0
05-14-2010 22:09;0;0
05-14-2010 22:10;27;0
05-14-2010 22:11;46;0
05-14-2010 22:12;191;0
05-14-2010 22:13;2;0
05-14-2010 22:14;47;0
05-14-2010 22:15;38;0
05-14-2010 22:16;46;0
05-14-2010 22:17;2;0
05-14-2010 22:18;3;0
05-14-2010 22:19;26;0
05-14-2010 22:20;2;0
05-14-2010 22:21;8;0
05-14-2010 22:22;10;0
05-14-2010 22:23;3;0
05-14-2010 22:24;7;0
05-14-2010 22:25;49;0
05-14-2010 22:26;161;0
05-14-2010 22:27;6;0
05-14-2010 22:28;0;0
05-14-2010 22:29;167;0
05-14-2010 22:30;0;0
05-14-2010 22:31;6;0
05-14-2010 22:32;0;0
05-14-2010 22:33;16;0
05-14-2010 22:34;167;0
05-14-2010 22:35;273;0
05-14-2010 22:36;0;0
05-14-2010 22:37;115;0
05-14-2010 22:38;225;0
05-14-2010 22:39;0;0
05-14-2010 22:40;146;0
05-14-2010 22:41;66;0
05-14-2010 22:42;75;0
05-14-2010 22:43;22;0
05-14-2010 22:44;2;0
05-14-2010 22:45;0;0
05-14-2010 22:46;66;0
05-14-2010 22:47;40;0
05-14-2010 22:48;0;0
05-14-2010 22:49;0;0
05-14-2010 22:50;0;0
05-14-2010 22:51;111;0
05-14-2010 22:52;96;0
05-14-2010 22:53;0;0
05-14-2010 22:54;0;0
05-14-2010 22:55;10;0
05-14-2010 22:56;0;0
05-14-2010 22:57;6;0
05-14-2010 22:58;4;0
05-14-2010 22:59;240;0
05-14-2010 23:00;0;0
05-14-2010 23:01;141;0
05-14-2010 23:02;0;0
05-14-2010 23:03;42;0
05-14-2010 23:04;302;0
05-14-2010 23:05;19;0
05-14-2010 23:06;0;0
05-14-2010 23:07;487;0
05-14-2010 23:08;59;0
05-14-2010 23:09;5;0
05-14-2010 23:10;13;0
05-14-2010 23:11;240;0
05-14-2010 23:12;0;0
05-14-2010 23:13;10;0
05-14-2010 23:14;132;0
05-14-2010 23:15;44;0
05-14-2010 23:16;0;0
05-14-2010 23:17;0;0
05-14-2010 23:18;7;0
05-14-2010 23:19;311;0
05-14-2010 23:20;415;0
05-14-2010 23:21;191;0
05-14-2010 23:22;283;0
05-14-2010 23:23;472;0
05-14-2010 23:24;64;0
05-14-2010 23:25;57;0
05-14-2010 23:26;26;0
05-14-2010 23:27;0;0
05-14-2010 23:28;0;0
05-14-2010 23:29;0;0
05-14-2010 23:30;0;0
05-14-2010 23:31;0;0
05-14-2010 23:32;64;0
05-14-2010 23:33;61;0
05-14-2010 23:34;0;0
05-14-2010 23:35;0;0
05-14-2010 23:36;0;0
05-14-2010 23:37;51;0
05-14-2010 23:38;5;0
05-14-2010 23:39;0;0
05-14-2010 23:40;0;0
05-14-2010 23:41;0;0
05-14-2010 23:42;0;0
05-14-2010 23:43;0;0
05-14-2010 23:44;0;0
05-14-2010 23:45;100;0
05-14-2010 23:46;0;0
05-14-2010 23:47;2;0
05-14-2010 23:48;0;0
05-14-2010 23:49;6;0
05-14-2010 23:50;16;0
05-14-2010 23:51;40;0
05-14-2010 23:52;8;0
05-14-2010 23:53;0;0
05-14-2010 23:54;0;0
05-14-2010 23:55;19;0
05-14-2010 23:56;44;0
05-14-2010 23:57;34;0
05-14-2010 23:58;89;0
05-14-2010 23:59;210;0
05-15-2010 00:00;265;0
05-15-2010 00:01;2;0
05-15-2010 00:02;0;0
05-15-2010 00:03;0;0
05-15-2010 00:04;0;0
05-15-2010 00:05;0;0
05-15-2010 00:06;5;0
05-15-2010 00:07;210;0
05-15-2010 00:08;137;0
05-15-2010 00:09;273;0
05-15-2010 00:10;520;0
05-15-2010 00:11;273;0
05-15-2010 00:12;429;0
05-15-2010 00:13;713;0
05-15-2010 00:14;457;0
05-15-2010 00:15;1216;1
05-15-2010 00:16;713;0
05-15-2010 00:17;861;0
05-15-2010 00:18;503;0
05-15-2010 00:19;554;0
05-15-2010 00:20;572;0
05-15-2010 00:21;572;0
05-15-2010 00:22;736;0
05-15-2010 00:23;311;0
05-15-2010 00:24;173;0
05-15-2010 00:25;415;0
05-15-2010 00:26;415;0
05-15-2010 00:27;691;0
05-15-2010 00:28;503;0
05-15-2010 00:29;0;0
05-15-2010 00:30;0;0
05-15-2010 00:31;0;0
05-15-2010 00:32;5;0
05-15-2010 00:33;0;0
05-15-2010 00:34;0;0
05-15-2010 00:35;0;0
05-15-2010 00:36;0;0
05-15-2010 00:37;0;0
05-15-2010 00:38;0;0
05-15-2010 00:39;0;0
05-15-2010 00:40;0;0
05-15-2010 00:41;365;0
05-15-2010 00:42;1107;1
05-15-2010 00:43;1107;1
05-15-2010 00:44;537;0
05-15-2010 00:45;0;0
05-15-2010 00:46;0;0
05-15-2010 00:47;46;0
05-15-2010 00:48;0;0
05-15-2010 00:49;0;0
05-15-2010 00:50;0;0
05-15-2010 00:51;0;0
05-15-2010 00:52;0;0
05-15-2010 00:53;0;0
05-15-2010 00:54;0;0
05-15-2010 00:55;42;0
05-15-2010 00:56;0;0
05-15-2010 00:57;19;0
05-15-2010 00:58;0;0
05-15-2010 00:59;0;0
05-15-2010 01:00;0;0
05-15-2010 01:01;0;0
05-15-2010 01:02;0;0
05-15-2010 01:03;0;0
05-15-2010 01:04;0;0
05-15-2010 01:05;0;0
05-15-2010 01:06;0;0
05-15-2010 01:07;0;0
05-15-2010 01:08;0;0
05-15-2010 01:09;0;0
05-15-2010 01:10;0;0
05-15-2010 01:11;0;0
05-15-2010 01:12;0;0
05-15-2010 01:13;0;0
05-15-2010 01:14;0;0
05-15-2010 01:15;81;0
05-15-2010 01:16;0;0
05-15-2010 01:17;0;0
05-15-2010 01:18;0;0
05-15-2010 01:19;0;0
05-15-2010 01:20;0;0
05-15-2010 01:21;0;0
05-15-2010 01:22;0;0
05-15-2010 01:23;34;0
05-15-2010 01:24;0;0
05-15-2010 01:25;0;0
05-15-2010 01:26;0;0
05-15-2010 01:27;0;0
05-15-2010 01:28;0;0
05-15-2010 01:29;0;0
05-15-2010 01:30;0;0
05-15-2010 01:31;0;0
05-15-2010 01:32;0;0
05-15-2010 01:33;0;0
05-15-2010 01:34;0;0
05-15-2010 01:35;0;0
05-15-2010 01:36;0;0
05-15-2010 01:37;0;0
05-15-2010 01:38;0;0
05-15-2010 01:39;0;0
05-15-2010 01:40;0;0
05-15-2010 01:41;0;0
05-15-2010 01:42;0;0
05-15-2010 01:43;0;0
05-15-2010 01:44;0;0
05-15-2010 01:45;0;0
05-15-2010 01:46;0;0
05-15-2010 01:47;0;0
05-15-2010 01:48;0;0
05-15-2010 01:49;0;0
05-15-2010 01:50;0;0
05-15-2010 01:51;0;0
05-15-2010 01:52;0;0
05-15-2010 01:53;0;0
05-15-2010 01:54;122;0
05-15-2010 01:55;0;0
05-15-2010 01:56;0;0
05-15-2010 01:57;0;0
05-15-2010 01:58;69;0
05-15-2010 01:59;0;0
05-15-2010 02:00;0;0
05-15-2010 02:01;0;0
05-15-2010 02:02;0;0
05-15-2010 02:03;0;0
05-15-2010 02:04;0;0
05-15-2010 02:05;0;0
05-15-2010 02:06;0;0
05-15-2010 02:07;0;0
05-15-2010 02:08;0;0
05-15-2010 02:09;0;0
05-15-2010 02:10;0;0
05-15-2010 02:11;0;0
05-15-2010 02:12;0;0
05-15-2010 02:13;23;0
05-15-2010 02:14;2;0
05-15-2010 02:15;0;0
05-15-2010 02:16;4;0
05-15-2010 02:17;0;0
05-15-2010 02:18;0;0
05-15-2010 02:19;0;0
05-15-2010 02:20;0;0
05-15-2010 02:21;0;0
05-15-2010 02:22;57;0
05-15-2010 02:23;0;0
05-15-2010 02:24;0;0
05-15-2010 02:25;0;0
05-15-2010 02:26;0;0
05-15-2010 02:27;0;0
05-15-2010 02:28;0;0
05-15-2010 02:29;0;0
05-15-2010 02:30;0;0
05-15-2010 02:31;0;0
05-15-2010 02:32;0;0
05-15-2010 02:33;0;0
05-15-2010 02:34;0;0
05-15-2010 02:35;0;0
05-15-2010 02:36;0;0
05-15-2010 02:37;0;0
05-15-2010 02:38;2;0
05-15-2010 02:39;0;0
05-15-2010 02:40;0;0
05-15-2010 02:41;0;0
05-15-2010 02:42;0;0
05-15-2010 02:43;0;0
05-15-2010 02:44;0;0
05-15-2010 02:45;0;0
05-15-2010 02:46;0;0
05-15-2010 02:47;0;0
05-15-2010 02:48;0;0
05-15-2010 02:49;0;0
05-15-2010 02:50;0;0
05-15-2010 02:51;0;0
05-15-2010 02:52;0;0
05-15-2010 02:53;0;0
05-15-2010 02:54;2;0
05-15-2010 02:55;0;0
05-15-2010 02:56;0;0
05-15-2010 02:57;0;0
05-15-2010 02:58;155;0
05-15-2010 02:59;0;0
05-15-2010 03:00;119;0
05-15-2010 03:01;0;0
05-15-2010 03:02;0;0
05-15-2010 03:03;0;0
05-15-2010 03:04;28;0
05-15-2010 03:05;0;0
05-15-2010 03:06;0;0
05-15-2010 03:07;0;0
05-15-2010 03:08;0;0
05-15-2010 03:09;0;0
05-15-2010 03:10;0;0
05-15-2010 03:11;0;0
05-15-2010 03:12;0;0
05-15-2010 03:13;0;0
05-15-2010 03:14;0;0
05-15-2010 03:15;0;0
05-15-2010 03:16;0;0
05-15-2010 03:17;0;0
05-15-2010 03:18;0;0
05-15-2010 03:19;0;0
05-15-2010 03:20;0;0
05-15-2010 03:21;0;0
05-15-2010 03:22;0;0
05-15-2010 03:23;0;0
05-15-2010 03:24;0;0
05-15-2010 03:25;55;0
05-15-2010 03:26;8;0
05-15-2010 03:27;13;0
05-15-2010 03:28;0;0
05-15-2010 03:29;0;0
05-15-2010 03:30;0;0
05-15-2010 03:31;0;0
05-15-2010 03:32;12;0
05-15-2010 03:33;27;0
05-15-2010 03:34;0;0
05-15-2010 03:35;0;0
05-15-2010 03:36;0;0
05-15-2010 03:37;0;0
05-15-2010 03:38;0;0
05-15-2010 03:39;0;0
05-15-2010 03:40;0;0
05-15-2010 03:41;0;0
05-15-2010 03:42;132;0
05-15-2010 03:43;0;0
05-15-2010 03:44;0;0
05-15-2010 03:45;0;0
05-15-2010 03:46;0;0
05-15-2010 03:47;0;0
05-15-2010 03:48;55;0
05-15-2010 03:49;0;0
05-15-2010 03:50;0;0
05-15-2010 03:51;0;0
05-15-2010 03:52;0;0
05-15-2010 03:53;0;0
05-15-2010 03:54;0;0
05-15-2010 03:55;0;0
05-15-2010 03:56;0;0
05-15-2010 03:57;210;0
05-15-2010 03:58;27;0
05-15-2010 03:59;0;0
05-15-2010 04:00;0;0
05-15-2010 04:01;0;0
05-15-2010 04:02;0;0
05-15-2010 04:03;0;0
05-15-2010 04:04;0;0
05-15-2010 04:05;0;0
05-15-2010 04:06;0;0
05-15-2010 04:07;0;0
05-15-2010 04:08;0;0
05-15-2010 04:09;146;0
05-15-2010 04:10;0;0
05-15-2010 04:11;0;0
05-15-2010 04:12;89;0
05-15-2010 04:13;0;0
05-15-2010 04:14;119;0
05-15-2010 04:15;0;0
05-15-2010 04:16;0;0
05-15-2010 04:17;0;0
05-15-2010 04:18;0;0
05-15-2010 04:19;0;0
05-15-2010 04:20;0;0
05-15-2010 04:21;0;0
05-15-2010 04:22;0;0
05-15-2010 04:23;0;0
05-15-2010 04:24;0;0
05-15-2010 04:25;0;0
05-15-2010 04:26;0;0
05-15-2010 04:27;0;0
05-15-2010 04:28;0;0
05-15-2010 04:29;0;0
05-15-2010 04:30;0;0
05-15-2010 04:31;0;0
05-15-2010 04:32;0;0
05-15-2010 04:33;0;0
05-15-2010 04:34;0;0
05-15-2010 04:35;0;0
05-15-2010 04:36;0;0
05-15-2010 04:37;38;0
05-15-2010 04:38;0;0
05-15-2010 04:39;0;0
05-15-2010 04:40;0;0
05-15-2010 04:41;0;0
05-15-2010 04:42;0;0
05-15-2010 04:43;0;0
05-15-2010 04:44;0;0
05-15-2010 04:45;0;0
05-15-2010 04:46;0;0
05-15-2010 04:47;0;0
05-15-2010 04:48;0;0
05-15-2010 04:49;0;0
05-15-2010 04:50;0;0
05-15-2010 04:51;0;0
05-15-2010 04:52;0;0
05-15-2010 04:53;0;0
05-15-2010 04:54;0;0
05-15-2010 04:55;0;0
05-15-2010 04:56;0;0
05-15-2010 04:57;27;0
05-15-2010 04:58;0;0
05-15-2010 04:59;0;0
05-15-2010 05:00;0;0
05-15-2010 05:01;0;0
05-15-2010 05:02;16;0
05-15-2010 05:03;0;0
05-15-2010 05:04;0;0
05-15-2010 05:05;0;0
05-15-2010 05:06;0;0
05-15-2010 05:07;0;0
05-15-2010 05:08;0;0
05-15-2010 05:09;0;0
05-15-2010 05:10;0;0
05-15-2010 05:11;0;0
05-15-2010 05:12;0;0
05-15-2010 05:13;0;0
05-15-2010 05:14;3;0
05-15-2010 05:15;0;0
05-15-2010 05:16;0;0
05-15-2010 05:17;0;0
05-15-2010 05:18;265;0
05-15-2010 05:19;0;0
05-15-2010 05:20;0;0
05-15-2010 05:21;0;0
05-15-2010 05:22;0;0
05-15-2010 05:23;0;0
05-15-2010 05:24;0;0
05-15-2010 05:25;0;0
05-15-2010 05:26;0;0
05-15-2010 05:27;0;0
05-15-2010 05:28;0;0
05-15-2010 05:29;0;0
05-15-2010 05:30;0;0
05-15-2010 05:31;0;0
05-15-2010 05:32;0;0
05-15-2010 05:33;0;0
05-15-2010 05:34;0;0
05-15-2010 05:35;0;0
05-15-2010 05:36;0;0
05-15-2010 05:37;0;0
05-15-2010 05:38;0;0
05-15-2010 05:39;0;0
05-15-2010 05:40;0;0
05-15-2010 05:41;0;0
05-15-2010 05:42;0;0
05-15-2010 05:43;0;0
05-15-2010 05:44;0;0
05-15-2010 05:45;0;0
05-15-2010 05:46;0;0
05-15-2010 05:47;55;0
05-15-2010 05:48;61;0
05-15-2010 05:49;0;0
05-15-2010 05:50;0;0
05-15-2010 05:51;0;0
05-15-2010 05:52;0;0
05-15-2010 05:53;0;0
05-15-2010 05:54;0;0
05-15-2010 05:55;0;0
05-15-2010 05:56;0;0
05-15-2010 05:57;0;0
05-15-2010 05:58;40;0
05-15-2010 05:59;0;0
05-15-2010 06:00;0;0
05-15-2010 06:01;7;0
05-15-2010 06:02;0;0
05-15-2010 06:03;0;0
05-15-2010 06:04;0;0
05-15-2010 06:05;0;0
05-15-2010 06:06;0;0
05-15-2010 06:07;0;0
05-15-2010 06:08;0;0
05-15-2010 06:09;0;0
05-15-2010 06:10;0;0
05-15-2010 06:11;0;0
05-15-2010 06:12;0;0
05-15-2010 06:13;0;0
05-15-2010 06:14;0;0
05-15-2010 06:15;0;0
05-15-2010 06:16;0;0
05-15-2010 06:17;0;0
05-15-2010 06:18;0;0
05-15-2010 06:19;27;0
05-15-2010 06:20;0;0
05-15-2010 06:21;0;0
05-15-2010 06:22;0;0
05-15-2010 06:23;0;0
05-15-2010 06:24;0;0
05-15-2010 06:25;0;0
05-15-2010 06:26;17;0
05-15-2010 06:27;107;0
05-15-2010 06:28;23;0
05-15-2010 06:29;0;0
05-15-2010 06:30;0;0
05-15-2010 06:31;0;0
05-15-2010 06:32;0;0
05-15-2010 06:33;59;0
05-15-2010 06:34;0;0
05-15-2010 06:35;0;0
05-15-2010 06:36;0;0
05-15-2010 06:37;0;0
05-15-2010 06:38;61;0
05-15-2010 06:39;44;0
05-15-2010 06:40;10;0
05-15-2010 06:41;0;0
05-15-2010 06:42;18;0
05-15-2010 06:43;0;0
05-15-2010 06:44;354;0
05-15-2010 06:45;429;0
05-15-2010 06:46;649;0
05-15-2010 06:47;402;0
05-15-2010 06:48;443;0
05-15-2010 06:49;759;0
05-15-2010 06:50;1107;1
05-15-2010 06:51;917;0
05-15-2010 06:52;691;0
05-15-2010 06:53;691;0
05-15-2010 06:54;332;0
05-15-2010 06:55;0;0
05-15-2010 06:56;0;0
05-15-2010 06:57;0;0
05-15-2010 06:58;0;0
05-15-2010 06:59;0;0
05-15-2010 07:00;0;0
05-15-2010 07:01;0;0
05-15-2010 07:02;0;0
05-15-2010 07:03;0;0
05-15-2010 07:04;0;0
05-15-2010 07:05;0;0
05-15-2010 07:06;554;0
05-15-2010 07:07;415;0
05-15-2010 07:08;520;0
05-15-2010 07:09;265;0
05-15-2010 07:10;146;0
05-15-2010 07:11;609;0
05-15-2010 07:12;1294;1
05-15-2010 07:13;888;0
05-15-2010 07:14;809;0
05-15-2010 07:15;390;0
05-15-2010 07:16;736;0
05-15-2010 07:17;554;0
05-15-2010 07:18;572;0
05-15-2010 07:19;669;0
05-15-2010 07:20;809;0
05-15-2010 07:21;256;0
05-15-2010 07:22;0;0
05-15-2010 07:23;0;0
05-15-2010 07:24;0;0
05-15-2010 07:25;3;0
05-15-2010 07:26;0;0
05-15-2010 07:27;0;0
05-15-2010 07:28;0;0
05-15-2010 07:29;0;0
05-15-2010 07:30;0;0
05-15-2010 07:31;0;0
05-15-2010 07:32;0;0
05-15-2010 07:33;0;0
05-15-2010 07:34;2;0
05-15-2010 07:35;0;0
05-15-2010 07:36;2;0
05-15-2010 07:37;0;0
05-15-2010 07:38;0;0
05-15-2010 07:39;0;0
05-15-2010 07:40;0;0
05-15-2010 07:41;0;0
05-15-2010 07:42;0;0
05-15-2010 07:43;0;0
05-15-2010 07:44;977;0
05-15-2010 07:45;759;0
05-15-2010 07:46;590;0
05-15-2010 07:47;736;0
05-15-2010 07:48;809;0
05-15-2010 07:49;1216;1
05-15-2010 07:50;629;0
05-15-2010 07:51;1040;0
05-15-2010 07:52;1254;1
05-15-2010 07:53;888;0
05-15-2010 07:54;809;0
05-15-2010 07:55;1254;1
05-15-2010 07:56;1294;1
05-15-2010 07:57;834;0
05-15-2010 07:58;759;0
05-15-2010 07:59;888;0
05-15-2010 08:00;977;0
05-15-2010 08:01;977;0
05-15-2010 08:02;946;0
05-15-2010 08:03;1008;0
05-15-2010 08:04;759;0
05-15-2010 08:05;649;0
05-15-2010 08:06;917;0
05-15-2010 08:07;809;0
05-15-2010 08:08;503;0
05-15-2010 08:09;443;0
05-15-2010 08:10;520;0
05-15-2010 08:11;537;0
05-15-2010 08:12;649;0
05-15-2010 08:13;1179;1
05-15-2010 08:14;1216;1
05-15-2010 08:15;1335;1
05-15-2010 08:16;1421;1
05-15-2010 08:17;1335;1
05-15-2010 08:18;1766;1
05-15-2010 08:19;946;0
05-15-2010 08:20;1335;1
05-15-2010 08:21;377;0
05-15-2010 08:22;1107;1
05-15-2010 08:23;1560;1
05-15-2010 08:24;1421;1
05-15-2010 08:25;1073;1
05-15-2010 08:26;888;0
05-15-2010 08:27;861;0
05-15-2010 08:28;1107;1
05-15-2010 08:29;1609;1
05-15-2010 08:30;1143;1
05-15-2010 08:31;888;0
05-15-2010 08:32;1107;1
05-15-2010 08:33;1512;1
05-15-2010 08:34;1073;1
05-15-2010 08:35;1143;1
05-15-2010 08:36;809;0
05-15-2010 08:37;977;0
05-15-2010 08:38;1008;0
05-15-2010 08:39;691;0
05-15-2010 08:40;1143;1
05-15-2010 08:41;917;0
05-15-2010 08:42;1466;1
05-15-2010 08:43;669;0
05-15-2010 08:44;1254;1
05-15-2010 08:45;713;0
05-15-2010 08:46;503;0
05-15-2010 08:47;1216;1
05-15-2010 08:48;713;0
05-15-2010 08:49;390;0
05-15-2010 08:50;137;0
05-15-2010 08:51;247;0
05-15-2010 08:52;265;0
05-15-2010 08:53;100;0
05-15-2010 08:54;191;0
05-15-2010 08:55;115;0
05-15-2010 08:56;311;0
05-15-2010 08:57;402;0
05-15-2010 08:58;155;0
05-15-2010 08:59;0;0
05-15-2010 09:00;273;0
05-15-2010 09:01;137;0
05-15-2010 09:02;15;0
05-15-2010 09:03;66;0
05-15-2010 09:04;283;0
05-15-2010 09:05;247;0
05-15-2010 09:06;83;0
05-15-2010 09:07;122;0
05-15-2010 09:08;107;0
05-15-2010 09:09;0;0
05-15-2010 09:10;13;0
05-15-2010 09:11;151;0
05-15-2010 09:12;273;0
05-15-2010 09:13;46;0
05-15-2010 09:14;0;0
05-15-2010 09:15;5;0
05-15-2010 09:16;16;0
05-15-2010 09:17;0;0
05-15-2010 09:18;0;0
05-15-2010 09:19;96;0
05-15-2010 09:20;69;0
05-15-2010 09:21;197;0
05-15-2010 09:22;83;0
05-15-2010 09:23;184;0
05-15-2010 09:24;119;0
05-15-2010 09:25;137;0
05-15-2010 09:26;13;0
05-15-2010 09:27;9;0
05-15-2010 09:28;111;0
05-15-2010 09:29;96;0
05-15-2010 09:30;122;0
05-15-2010 09:31;0;0
05-15-2010 09:32;40;0
05-15-2010 09:33;0;0
05-15-2010 09:34;321;0
05-15-2010 09:35;42;0
05-15-2010 09:36;78;0
05-15-2010 09:37;111;0
05-15-2010 09:38;32;0
05-15-2010 09:39;9;0
05-15-2010 09:40;27;0
05-15-2010 09:41;0;0
05-15-2010 09:42;66;0
05-15-2010 09:43;204;0
05-15-2010 09:44;69;0
05-15-2010 09:45;59;0
05-15-2010 09:46;554;0
05-15-2010 09:47;232;0
05-15-2010 09:48;217;0
05-15-2010 09:49;122;0
05-15-2010 09:50;472;0
05-15-2010 09:51;1560;1
05-15-2010 09:52;977;0
05-15-2010 09:53;443;0
05-15-2010 09:54;1466;1
05-15-2010 09:55;917;0
05-15-2010 09:56;342;0
05-15-2010 09:57;736;0
05-15-2010 09:58;1107;1
05-15-2010 09:59;1421;1
05-15-2010 10:00;917;0
05-15-2010 10:01;520;0
05-15-2010 10:02;184;0
05-15-2010 10:03;151;0
05-15-2010 10:04;178;0
05-15-2010 10:05;240;0
05-15-2010 10:06;103;0
05-15-2010 10:07;1294;1
05-15-2010 10:08;390;0
05-15-2010 10:09;377;0
05-15-2010 10:10;402;0
05-15-2010 10:11;354;0
05-15-2010 10:12;42;0
05-15-2010 10:13;10;0
05-15-2010 10:14;115;0
05-15-2010 10:15;10;0
05-15-2010 10:16;184;0
05-15-2010 10:17;27;0
05-15-2010 10:18;38;0
05-15-2010 10:19;100;0
05-15-2010 10:20;23;0
05-15-2010 10:21;23;0
05-15-2010 10:22;47;0
05-15-2010 10:23;46;0
05-15-2010 10:24;3;0
05-15-2010 10:25;15;0
05-15-2010 10:26;21;0
05-15-2010 10:27;5;0
05-15-2010 10:28;6;0
05-15-2010 10:29;5;0
05-15-2010 10:30;24;0
05-15-2010 10:31;0;0
05-15-2010 10:32;0;0
05-15-2010 10:33;53;0
05-15-2010 10:34;115;0
05-15-2010 10:35;240;0
05-15-2010 10:36;6;0
05-15-2010 10:37;9;0
05-15-2010 10:38;0;0
05-15-2010 10:39;151;0
05-15-2010 10:40;197;0
05-15-2010 10:41;119;0
05-15-2010 10:42;377;0
05-15-2010 10:43;141;0
05-15-2010 10:44;96;0
05-15-2010 10:45;12;0
05-15-2010 10:46;38;0
05-15-2010 10:47;342;0
05-15-2010 10:48;72;0
05-15-2010 10:49;137;0
05-15-2010 10:50;472;0
05-15-2010 10:51;292;0
05-15-2010 10:52;83;0
05-15-2010 10:53;29;0
05-15-2010 10:54;7;0
05-15-2010 10:55;0;0
05-15-2010 10:56;21;0
05-15-2010 10:57;5;0
05-15-2010 10:58;161;0
05-15-2010 10:59;377;0
05-15-2010 11:00;161;0
05-15-2010 11:01;21;0
05-15-2010 11:02;59;0
05-15-2010 11:03;232;0
05-15-2010 11:04;520;0
05-15-2010 11:05;75;0
05-15-2010 11:06;609;0
05-15-2010 11:07;390;0
05-15-2010 11:08;609;0
05-15-2010 11:09;210;0
05-15-2010 11:10;161;0
05-15-2010 11:11;265;0
05-15-2010 11:12;191;0
05-15-2010 11:13;100;0
05-15-2010 11:14;17;0
05-15-2010 11:15;66;0
05-15-2010 11:16;167;0
05-15-2010 11:17;86;0
05-15-2010 11:18;103;0
05-15-2010 11:19;609;0
05-15-2010 11:20;888;0
05-15-2010 11:21;977;0
05-15-2010 11:22;691;0
05-15-2010 11:23;487;0
05-15-2010 11:24;520;0
05-15-2010 11:25;390;0
05-15-2010 11:26;649;0
05-15-2010 11:27;629;0
05-15-2010 11:28;503;0
05-15-2010 11:29;265;0
05-15-2010 11:30;232;0
05-15-2010 11:31;609;0
05-15-2010 11:32;861;0
05-15-2010 11:33;321;0
05-15-2010 11:34;809;0
05-15-2010 11:35;232;0
05-15-2010 11:36;487;0
05-15-2010 11:37;191;0
05-15-2010 11:38;292;0
05-15-2010 11:39;332;0
05-15-2010 11:40;332;0
05-15-2010 11:41;759;0
05-15-2010 11:42;1294;1
05-15-2010 11:43;1073;1
05-15-2010 11:44;1609;1
05-15-2010 11:45;1512;1
05-15-2010 11:46;691;0
05-15-2010 11:47;487;0
05-15-2010 11:48;311;0
05-15-2010 11:49;629;0
05-15-2010 11:50;443;0
05-15-2010 11:51;1466;1
05-15-2010 11:52;1216;1
05-15-2010 11:53;232;0
05-15-2010 11:54;36;0
05-15-2010 11:55;44;0
05-15-2010 11:56;57;0
05-15-2010 11:57;30;0
05-15-2010 11:58;40;0
05-15-2010 11:59;46;0
05-15-2010 12:00;302;0
05-15-2010 12:01;64;0
05-15-2010 12:02;2;0
05-15-2010 12:03;25;0
05-15-2010 12:04;377;0
05-15-2010 12:05;1073;1
05-15-2010 12:06;1143;1
05-15-2010 12:07;365;0
05-15-2010 12:08;141;0
05-15-2010 12:09;96;0
05-15-2010 12:10;232;0
05-15-2010 12:11;167;0
05-15-2010 12:12;247;0
05-15-2010 12:13;649;0
05-15-2010 12:14;191;0
05-15-2010 12:15;167;0
05-15-2010 12:16;122;0
05-15-2010 12:17;36;0
05-15-2010 12:18;96;0
05-15-2010 12:19;141;0
05-15-2010 12:20;83;0
05-15-2010 12:21;141;0
05-15-2010 12:22;100;0
05-15-2010 12:23;119;0
05-15-2010 12:24;92;0
05-15-2010 12:25;629;0
05-15-2010 12:26;736;0
05-15-2010 12:27;861;0
05-15-2010 12:28;537;0
05-15-2010 12:29;977;0
05-15-2010 12:30;1254;1
05-15-2010 12:31;1466;1
05-15-2010 12:32;1378;1
05-15-2010 12:33;888;0
05-15-2010 12:34;759;0
05-15-2010 12:35;861;0
05-15-2010 12:36;784;0
05-15-2010 12:37;629;0
05-15-2010 12:38;429;0
05-15-2010 12:39;86;0
05-15-2010 12:40;40;0
05-15-2010 12:41;256;0
05-15-2010 12:42;443;0
05-15-2010 12:43;759;0
05-15-2010 12:44;1143;1
05-15-2010 12:45;1040;0
05-15-2010 12:46;1008;0
05-15-2010 12:47;1712;1
05-15-2010 12:48;1040;0
05-15-2010 12:49;390;0
05-15-2010 12:50;784;0
05-15-2010 12:51;649;0
05-15-2010 12:52;402;0
05-15-2010 12:53;390;0
05-15-2010 12:54;365;0
05-15-2010 12:55;240;0
05-15-2010 12:56;240;0
05-15-2010 12:57;377;0
05-15-2010 12:58;365;0
05-15-2010 12:59;204;0
05-15-2010 13:00;302;0
05-15-2010 13:01;520;0
05-15-2010 13:02;232;0
05-15-2010 13:03;197;0
05-15-2010 13:04;167;0
05-15-2010 13:05;217;0
05-15-2010 13:06;210;0
05-15-2010 13:07;100;0
05-15-2010 13:08;10;0
05-15-2010 13:09;167;0
05-15-2010 13:10;47;0
05-15-2010 13:11;377;0
05-15-2010 13:12;520;0
05-15-2010 13:13;365;0
05-15-2010 13:14;809;0
05-15-2010 13:15;759;0
05-15-2010 13:16;917;0
05-15-2010 13:17;415;0
05-15-2010 13:18;503;0
05-15-2010 13:19;520;0
05-15-2010 13:20;415;0
05-15-2010 13:21;273;0
05-15-2010 13:22;429;0
05-15-2010 13:23;415;0
05-15-2010 13:24;443;0
05-15-2010 13:25;457;0
05-15-2010 13:26;155;0
05-15-2010 13:27;537;0
05-15-2010 13:28;27;0
05-15-2010 13:29;0;0
05-15-2010 13:30;4;0
05-15-2010 13:31;0;0
05-15-2010 13:32;5;0
05-15-2010 13:33;0;0
05-15-2010 13:34;2;0
05-15-2010 13:35;0;0
05-15-2010 13:36;10;0
05-15-2010 13:37;11;0
05-15-2010 13:38;27;0
05-15-2010 13:39;0;0
05-15-2010 13:40;42;0
05-15-2010 13:41;443;0
05-15-2010 13:42;2062;1
05-15-2010 13:43;302;0
05-15-2010 13:44;119;0
05-15-2010 13:45;44;0
05-15-2010 13:46;81;0
05-15-2010 13:47;86;0
05-15-2010 13:48;137;0
05-15-2010 13:49;0;0
05-15-2010 13:50;0;0
05-15-2010 13:51;3;0
05-15-2010 13:52;232;0
05-15-2010 13:53;0;0
05-15-2010 13:54;103;0
05-15-2010 13:55;0;0
05-15-2010 13:56;0;0
05-15-2010 13:57;0;0
05-15-2010 13:58;6;0
05-15-2010 13:59;0;0
05-15-2010 14:00;66;0
05-15-2010 14:01;2;0
05-15-2010 14:02;122;0
05-15-2010 14:03;34;0
05-15-2010 14:04;66;0
05-15-2010 14:05;64;0
05-15-2010 14:06;111;0
05-15-2010 14:07;119;0
05-15-2010 14:08;111;0
05-15-2010 14:09;184;0
05-15-2010 14:10;283;0
05-15-2010 14:11;6;0
05-15-2010 14:12;5;0
05-15-2010 14:13;0;0
05-15-2010 14:14;0;0
05-15-2010 14:15;9;0
05-15-2010 14:16;0;0
05-15-2010 14:17;5;0
05-15-2010 14:18;204;0
05-15-2010 14:19;107;0
05-15-2010 14:20;2;0
05-15-2010 14:21;197;0
05-15-2010 14:22;365;0
05-15-2010 14:23;132;0
05-15-2010 14:24;44;0
05-15-2010 14:25;178;0
05-15-2010 14:26;292;0
05-15-2010 14:27;311;0
05-15-2010 14:28;191;0
05-15-2010 14:29;0;0
05-15-2010 14:30;4;0
05-15-2010 14:31;0;0
05-15-2010 14:32;572;0
05-15-2010 14:33;537;0
05-15-2010 14:34;590;0
05-15-2010 14:35;265;0
05-15-2010 14:36;415;0
05-15-2010 14:37;173;0
05-15-2010 14:38;736;0
05-15-2010 14:39;691;0
05-15-2010 14:40;107;0
05-15-2010 14:41;59;0
05-15-2010 14:42;89;0
05-15-2010 14:43;377;0
05-15-2010 14:44;390;0
05-15-2010 14:45;377;0
05-15-2010 14:46;265;0
05-15-2010 14:47;377;0
05-15-2010 14:48;283;0
05-15-2010 14:49;377;0
05-15-2010 14:50;173;0
05-15-2010 14:51;0;0
05-15-2010 14:52;2;0
05-15-2010 14:53;34;0
05-15-2010 14:54;1335;1
05-15-2010 14:55;1560;1
05-15-2010 14:56;390;0
05-15-2010 14:57;759;0
05-15-2010 14:58;649;0
05-15-2010 14:59;946;0
05-15-2010 15:00;1335;1
05-15-2010 15:01;888;0
05-15-2010 15:02;1421;1
05-15-2010 15:03;1008;0
05-15-2010 15:04;946;0
05-15-2010 15:05;1143;1
05-15-2010 15:06;759;0
05-15-2010 15:07;977;0
05-15-2010 15:08;1008;0
05-15-2010 15:09;1378;1
05-15-2010 15:10;1939;1
05-15-2010 15:11;1335;1
05-15-2010 15:12;402;0
05-15-2010 15:13;342;0
05-15-2010 15:14;946;0
05-15-2010 15:15;1179;1
05-15-2010 15:16;861;0
05-15-2010 15:17;487;0
05-15-2010 15:18;365;0
05-15-2010 15:19;217;0
05-15-2010 15:20;487;0
05-15-2010 15:21;520;0
05-15-2010 15:22;809;0
05-15-2010 15:23;759;0
05-15-2010 15:24;292;0
05-15-2010 15:25;917;0
05-15-2010 15:26;809;0
05-15-2010 15:27;1609;1
05-15-2010 15:28;1179;1
05-15-2010 15:29;809;0
05-15-2010 15:30;1040;0
05-15-2010 15:31;1179;1
05-15-2010 15:32;977;0
05-15-2010 15:33;1421;1
05-15-2010 15:34;1073;1
05-15-2010 15:35;1254;1
05-15-2010 15:36;1335;1
05-15-2010 15:37;1040;0
05-15-2010 15:38;1335;1
05-15-2010 15:39;1560;1
05-15-2010 15:40;2334;1
05-15-2010 15:41;2334;1
05-15-2010 15:42;1466;1
05-15-2010 15:43;1512;1
05-15-2010 15:44;1179;1
05-15-2010 15:45;736;0
05-15-2010 15:46;520;0
05-15-2010 15:47;4;0
05-15-2010 15:48;311;0
05-15-2010 15:49;247;0
05-15-2010 15:50;247;0
05-15-2010 15:51;178;0
05-15-2010 15:52;155;0
05-15-2010 15:53;283;0
05-15-2010 15:54;225;0
05-15-2010 15:55;146;0
05-15-2010 15:56;89;0
05-15-2010 15:57;415;0
05-15-2010 15:58;11;0
05-15-2010 15:59;146;0
05-15-2010 16:00;1008;0
05-15-2010 16:01;1008;0
05-15-2010 16:02;1712;1
05-15-2010 16:03;3280;1
05-15-2010 16:04;3829;1
05-15-2010 16:05;736;0
05-15-2010 16:06;1421;1
05-15-2010 16:07;1179;1
05-15-2010 16:08;888;0
05-15-2010 16:09;1040;0
05-15-2010 16:10;917;0
05-15-2010 16:11;1512;1
05-15-2010 16:12;1880;1
05-15-2010 16:13;1560;1
05-15-2010 16:14;1560;1
05-15-2010 16:15;917;0
05-15-2010 16:16;861;0
05-15-2010 16:17;311;0
05-15-2010 16:18;629;0
05-15-2010 16:19;16;0
05-15-2010 16:20;22;0
05-15-2010 16:21;53;0
05-15-2010 16:22;20;0
05-15-2010 16:23;217;0
05-15-2010 16:24;26;0
05-15-2010 16:25;8;0
05-15-2010 16:26;173;0
05-15-2010 16:27;2;0
05-15-2010 16:28;36;0
05-15-2010 16:29;0;0
05-15-2010 16:30;5;0
05-15-2010 16:31;119;0
05-15-2010 16:32;100;0
05-15-2010 16:33;36;0
05-15-2010 16:34;32;0
05-15-2010 16:35;713;0
05-15-2010 16:36;1040;0
05-15-2010 16:37;1466;1
05-15-2010 16:38;1378;1
05-15-2010 16:39;1040;0
05-15-2010 16:40;1073;1
05-15-2010 16:41;1609;1
05-15-2010 16:42;1143;1
05-15-2010 16:43;691;0
05-15-2010 16:44;809;0
05-15-2010 16:45;977;0
05-15-2010 16:46;649;0
05-15-2010 16:47;402;0
05-15-2010 16:48;520;0
05-15-2010 16:49;472;0
05-15-2010 16:50;321;0
05-15-2010 16:51;332;0
05-15-2010 16:52;537;0
05-15-2010 16:53;377;0
05-15-2010 16:54;415;0
05-15-2010 16:55;225;0
05-15-2010 16:56;12;0
05-15-2010 16:57;273;0
05-15-2010 16:58;59;0
05-15-2010 16:59;247;0
05-15-2010 17:00;311;0
05-15-2010 17:01;283;0
05-15-2010 17:02;132;0
05-15-2010 17:03;402;0
05-15-2010 17:04;342;0
05-15-2010 17:05;691;0
05-15-2010 17:06;609;0
05-15-2010 17:07;1822;1
05-15-2010 17:08;0;0
05-15-2010 17:09;0;0
05-15-2010 17:10;38;0
05-15-2010 17:11;0;0
05-15-2010 17:12;0;0
05-15-2010 17:13;0;0
05-15-2010 17:14;0;0
05-15-2010 17:15;0;0
05-15-2010 17:16;0;0
05-15-2010 17:17;0;0
05-15-2010 17:18;0;0
05-15-2010 17:19;0;0
05-15-2010 17:20;0;0
05-15-2010 17:21;0;0
05-15-2010 17:22;0;0
05-15-2010 17:23;0;0
05-15-2010 17:24;0;0
05-15-2010 17:25;0;0
05-15-2010 17:26;0;0
05-15-2010 17:27;0;0
05-15-2010 17:28;0;0
05-15-2010 17:29;0;0
05-15-2010 17:30;0;0
05-15-2010 17:31;0;0
05-15-2010 17:32;0;0
05-15-2010 17:33;0;0
05-15-2010 17:34;0;0
05-15-2010 17:35;0;0
05-15-2010 17:36;0;0
05-15-2010 17:37;0;0
05-15-2010 17:38;2;0
05-15-2010 17:39;0;0
05-15-2010 17:40;0;0
05-15-2010 17:41;0;0
05-15-2010 17:42;0;0
05-15-2010 17:43;0;0
05-15-2010 17:44;0;0
05-15-2010 17:45;0;0
05-15-2010 17:46;0;0
05-15-2010 17:47;0;0
05-15-2010 17:48;0;0
05-15-2010 17:49;0;0
05-15-2010 17:50;0;0
05-15-2010 17:51;0;0
05-15-2010 17:52;0;0
05-15-2010 17:53;0;0
05-15-2010 17:54;0;0
05-15-2010 17:55;2;0
05-15-2010 17:56;9;0
05-15-2010 17:57;0;0
05-15-2010 17:58;2;0
05-15-2010 17:59;2;0
05-15-2010 18:00;184;0
05-15-2010 18:01;1880;1
05-15-2010 18:02;1179;1
05-15-2010 18:03;1512;1
05-15-2010 18:04;649;0
05-15-2010 18:05;834;0
05-15-2010 18:06;809;0
05-15-2010 18:07;590;0
05-15-2010 18:08;321;0
05-15-2010 18:09;191;0
05-15-2010 18:10;342;0
05-15-2010 18:11;311;0
05-15-2010 18:12;609;0
05-15-2010 18:13;1216;1
05-15-2010 18:14;888;0
05-15-2010 18:15;669;0
05-15-2010 18:16;888;0
05-15-2010 18:17;1073;1
05-15-2010 18:18;1254;1
05-15-2010 18:19;977;0
05-15-2010 18:20;691;0
05-15-2010 18:21;572;0
05-15-2010 18:22;1107;1
05-15-2010 18:23;1040;0
05-15-2010 18:24;917;0
05-15-2010 18:25;1466;1
05-15-2010 18:26;2000;1
05-15-2010 18:27;1660;1
05-15-2010 18:28;1660;1
05-15-2010 18:29;1512;1
05-15-2010 18:30;1880;1
05-15-2010 18:31;1466;1
05-15-2010 18:32;1335;1
05-15-2010 18:33;1143;1
05-15-2010 18:34;1254;1
05-15-2010 18:35;554;0
05-15-2010 18:36;1179;1
05-15-2010 18:37;1421;1
05-15-2010 18:38;1143;1
05-15-2010 18:39;759;0
05-15-2010 18:40;691;0
05-15-2010 18:41;1179;1
05-15-2010 18:42;1216;1
05-15-2010 18:43;1560;1
05-15-2010 18:44;1294;1
05-15-2010 18:45;1822;1
05-15-2010 18:46;1179;1
05-15-2010 18:47;1107;1
05-15-2010 18:48;1216;1
05-15-2010 18:49;1421;1
05-15-2010 18:50;1073;1
05-15-2010 18:51;861;0
05-15-2010 18:52;713;0
05-15-2010 18:53;917;0
05-15-2010 18:54;1143;1
05-15-2010 18:55;1335;1
05-15-2010 18:56;1073;1
05-15-2010 18:57;809;0
05-15-2010 18:58;1040;0
05-15-2010 18:59;1466;1
05-15-2010 19:00;1073;1
05-15-2010 19:01;1216;1
05-15-2010 19:02;977;0
05-15-2010 19:03;1107;1
05-15-2010 19:04;1073;1
05-15-2010 19:05;1143;1
05-15-2010 19:06;1143;1
05-15-2010 19:07;590;0
05-15-2010 19:08;472;0
05-15-2010 19:09;141;0
05-15-2010 19:10;0;0
05-15-2010 19:11;3;0
05-15-2010 19:12;0;0
05-15-2010 19:13;0;0
05-15-2010 19:14;0;0
05-15-2010 19:15;61;0
05-15-2010 19:16;0;0
05-15-2010 19:17;0;0
05-15-2010 19:18;503;0
05-15-2010 19:19;283;0
05-15-2010 19:20;197;0
05-15-2010 19:21;191;0
05-15-2010 19:22;472;0
05-15-2010 19:23;629;0
05-15-2010 19:24;520;0
05-15-2010 19:25;292;0
05-15-2010 19:26;917;0
05-15-2010 19:27;472;0
05-15-2010 19:28;19;0
05-15-2010 19:29;151;0
05-15-2010 19:30;81;0
05-15-2010 19:31;225;0
05-15-2010 19:32;0;0
05-15-2010 19:33;0;0
05-15-2010 19:34;0;0
05-15-2010 19:35;2;0
05-15-2010 19:36;0;0
05-15-2010 19:37;3;0
05-15-2010 19:38;0;0
05-15-2010 19:39;0;0
05-15-2010 19:40;122;0
05-15-2010 19:41;0;0
05-15-2010 19:42;0;0
05-15-2010 19:43;0;0
05-15-2010 19:44;0;0
05-15-2010 19:45;0;0
05-15-2010 19:46;0;0
05-15-2010 19:47;0;0
05-15-2010 19:48;100;0
05-15-2010 19:49;0;0
05-15-2010 19:50;0;0
05-15-2010 19:51;0;0
05-15-2010 19:52;311;0
05-15-2010 19:53;861;0
05-15-2010 19:54;629;0
05-15-2010 19:55;691;0
05-15-2010 19:56;1179;1
05-15-2010 19:57;1107;1
05-15-2010 19:58;691;0
05-15-2010 19:59;302;0
05-15-2010 20:00;184;0
05-15-2010 20:01;273;0
05-15-2010 20:02;342;0
05-15-2010 20:03;332;0
05-15-2010 20:04;415;0
05-15-2010 20:05;283;0
05-15-2010 20:06;332;0
05-15-2010 20:07;232;0
05-15-2010 20:08;210;0
05-15-2010 20:09;232;0
05-15-2010 20:10;415;0
05-15-2010 20:11;342;0
05-15-2010 20:12;390;0
05-15-2010 20:13;520;0
05-15-2010 20:14;609;0
05-15-2010 20:15;649;0
05-15-2010 20:16;669;0
05-15-2010 20:17;429;0
05-15-2010 20:18;354;0
05-15-2010 20:19;572;0
05-15-2010 20:20;225;0
05-15-2010 20:21;141;0
05-15-2010 20:22;146;0
05-15-2010 20:23;115;0
05-15-2010 20:24;20;0
05-15-2010 20:25;342;0
05-15-2010 20:26;184;0
05-15-2010 20:27;191;0
05-15-2010 20:28;0;0
05-15-2010 20:29;13;0
05-15-2010 20:30;132;0
05-15-2010 20:31;146;0
05-15-2010 20:32;23;0
05-15-2010 20:33;13;0
05-15-2010 20:34;96;0
05-15-2010 20:35;247;0
05-15-2010 20:36;247;0
05-15-2010 20:37;629;0
05-15-2010 20:38;472;0
05-15-2010 20:39;888;0
05-15-2010 20:40;917;0
05-15-2010 20:41;784;0
05-15-2010 20:42;429;0
05-15-2010 20:43;834;0
05-15-2010 20:44;861;0
05-15-2010 20:45;609;0
05-15-2010 20:46;365;0
05-15-2010 20:47;89;0
05-15-2010 20:48;503;0
05-15-2010 20:49;457;0
05-15-2010 20:50;342;0
05-15-2010 20:51;184;0
05-15-2010 20:52;321;0
05-15-2010 20:53;736;0
05-15-2010 20:54;503;0
05-15-2010 20:55;122;0
05-15-2010 20:56;0;0
05-15-2010 20:57;115;0
05-15-2010 20:58;9;0
05-15-2010 20:59;9;0
05-15-2010 21:00;0;0
05-15-2010 21:01;92;0
05-15-2010 21:02;146;0
05-15-2010 21:03;247;0
05-15-2010 21:04;302;0
05-15-2010 21:05;240;0
05-15-2010 21:06;691;0
05-15-2010 21:07;917;0
05-15-2010 21:08;736;0
05-15-2010 21:09;247;0
05-15-2010 21:10;11;0
05-15-2010 21:11;0;0
05-15-2010 21:12;38;0
05-15-2010 21:13;115;0
05-15-2010 21:14;111;0
05-15-2010 21:15;57;0
05-15-2010 21:16;173;0
05-15-2010 21:17;115;0
05-15-2010 21:18;240;0
05-15-2010 21:19;2;0
05-15-2010 21:20;38;0
05-15-2010 21:21;83;0
05-15-2010 21:22;83;0
05-15-2010 21:23;40;0
05-15-2010 21:24;137;0
05-15-2010 21:25;146;0
05-15-2010 21:26;9;0
05-15-2010 21:27;9;0
05-15-2010 21:28;4;0
05-15-2010 21:29;265;0
05-15-2010 21:30;18;0
05-15-2010 21:31;0;0
05-15-2010 21:32;23;0
05-15-2010 21:33;7;0
05-15-2010 21:34;2;0
05-15-2010 21:35;0;0
05-15-2010 21:36;210;0
05-15-2010 21:37;119;0
05-15-2010 21:38;30;0
05-15-2010 21:39;302;0
05-15-2010 21:40;283;0
05-15-2010 21:41;132;0
05-15-2010 21:42;321;0
05-15-2010 21:43;609;0
05-15-2010 21:44;429;0
05-15-2010 21:45;1335;1
05-15-2010 21:46;629;0
05-15-2010 21:47;503;0
05-15-2010 21:48;247;0
05-15-2010 21:49;283;0
05-15-2010 21:50;197;0
05-15-2010 21:51;49;0
05-15-2010 21:52;247;0
05-15-2010 21:53;96;0
05-15-2010 21:54;83;0
05-15-2010 21:55;111;0
05-15-2010 21:56;107;0
05-15-2010 21:57;161;0
05-15-2010 21:58;24;0
05-15-2010 21:59;75;0
05-15-2010 22:00;57;0
05-15-2010 22:01;0;0
05-15-2010 22:02;34;0
05-15-2010 22:03;69;0
05-15-2010 22:04;0;0
05-15-2010 22:05;0;0
05-15-2010 22:06;111;0
05-15-2010 22:07;46;0
05-15-2010 22:08;64;0
05-15-2010 22:09;32;0
05-15-2010 22:10;115;0
05-15-2010 22:11;210;0
05-15-2010 22:12;141;0
05-15-2010 22:13;11;0
05-15-2010 22:14;111;0
05-15-2010 22:15;537;0
05-15-2010 22:16;443;0
05-15-2010 22:17;86;0
05-15-2010 22:18;342;0
05-15-2010 22:19;390;0
05-15-2010 22:20;390;0
05-15-2010 22:21;36;0
05-15-2010 22:22;283;0
05-15-2010 22:23;184;0
05-15-2010 22:24;107;0
05-15-2010 22:25;204;0
05-15-2010 22:26;184;0
05-15-2010 22:27;247;0
05-15-2010 22:28;34;0
05-15-2010 22:29;30;0
05-15-2010 22:30;55;0
05-15-2010 22:31;32;0
05-15-2010 22:32;2;0
05-15-2010 22:33;103;0
05-15-2010 22:34;103;0
05-15-2010 22:35;155;0
05-15-2010 22:36;321;0
05-15-2010 22:37;256;0
05-15-2010 22:38;40;0
05-15-2010 22:39;3;0
05-15-2010 22:40;51;0
05-15-2010 22:41;191;0
05-15-2010 22:42;2;0
05-15-2010 22:43;51;0
05-15-2010 22:44;115;0
05-15-2010 22:45;30;0
05-15-2010 22:46;178;0
05-15-2010 22:47;72;0
05-15-2010 22:48;53;0
05-15-2010 22:49;32;0
05-15-2010 22:50;0;0
05-15-2010 22:51;402;0
05-15-2010 22:52;429;0
05-15-2010 22:53;429;0
05-15-2010 22:54;191;0
05-15-2010 22:55;402;0
05-15-2010 22:56;14;0
05-15-2010 22:57;247;0
05-15-2010 22:58;132;0
05-15-2010 22:59;132;0
05-15-2010 23:00;377;0
05-15-2010 23:01;713;0
05-15-2010 23:02;1008;0
05-15-2010 23:03;691;0
05-15-2010 23:04;713;0
05-15-2010 23:05;809;0
05-15-2010 23:06;402;0
05-15-2010 23:07;86;0
05-15-2010 23:08;167;0
05-15-2010 23:09;32;0
05-15-2010 23:10;0;0
05-15-2010 23:11;0;0
05-15-2010 23:12;42;0
05-15-2010 23:13;146;0
05-15-2010 23:14;30;0
05-15-2010 23:15;5;0
05-15-2010 23:16;0;0
05-15-2010 23:17;2;0
05-15-2010 23:18;0;0
05-15-2010 23:19;0;0
05-15-2010 23:20;2;0
05-15-2010 23:21;487;0
05-15-2010 23:22;42;0
05-15-2010 23:23;217;0
05-15-2010 23:24;146;0
05-15-2010 23:25;256;0
05-15-2010 23:26;457;0
05-15-2010 23:27;155;0
05-15-2010 23:28;111;0
05-15-2010 23:29;178;0
05-15-2010 23:30;429;0
05-15-2010 23:31;332;0
05-15-2010 23:32;457;0
05-15-2010 23:33;472;0
05-15-2010 23:34;429;0
05-15-2010 23:35;2483;1
05-15-2010 23:36;265;0
05-15-2010 23:37;69;0
05-15-2010 23:38;332;0
05-15-2010 23:39;503;0
05-15-2010 23:40;609;0
05-15-2010 23:41;629;0
05-15-2010 23:42;472;0
05-15-2010 23:43;669;0
05-15-2010 23:44;861;0
05-15-2010 23:45;609;0
05-15-2010 23:46;78;0
05-15-2010 23:47;0;0
05-15-2010 23:48;390;0
05-15-2010 23:49;20;0
05-15-2010 23:50;9;0
05-15-2010 23:51;0;0
05-15-2010 23:52;0;0
05-15-2010 23:53;0;0
05-15-2010 23:54;40;0
05-15-2010 23:55;0;0
05-15-2010 23:56;11;0
05-15-2010 23:57;141;0
05-15-2010 23:58;51;0
05-15-2010 23:59;30;0
05-16-2010 00:00;34;0
05-16-2010 00:01;32;0
05-16-2010 00:02;40;0
05-16-2010 00:03;0;0
05-16-2010 00:04;0;0
05-16-2010 00:05;141;0
05-16-2010 00:06;161;0
05-16-2010 00:07;15;0
05-16-2010 00:08;155;0
05-16-2010 00:09;834;0
05-16-2010 00:10;415;0
05-16-2010 00:11;377;0
05-16-2010 00:12;390;0
05-16-2010 00:13;273;0
05-16-2010 00:14;232;0
05-16-2010 00:15;210;0
05-16-2010 00:16;66;0
05-16-2010 00:17;53;0
05-16-2010 00:18;167;0
05-16-2010 00:19;44;0
05-16-2010 00:20;23;0
05-16-2010 00:21;7;0
05-16-2010 00:22;0;0
05-16-2010 00:23;178;0
05-16-2010 00:24;191;0
05-16-2010 00:25;16;0
05-16-2010 00:26;69;0
05-16-2010 00:27;247;0
05-16-2010 00:28;217;0
05-16-2010 00:29;429;0
05-16-2010 00:30;256;0
05-16-2010 00:31;5;0
05-16-2010 00:32;13;0
05-16-2010 00:33;12;0
05-16-2010 00:34;122;0
05-16-2010 00:35;42;0
05-16-2010 00:36;78;0
05-16-2010 00:37;51;0
05-16-2010 00:38;0;0
05-16-2010 00:39;38;0
05-16-2010 00:40;86;0
05-16-2010 00:41;0;0
05-16-2010 00:42;51;0
05-16-2010 00:43;572;0
05-16-2010 00:44;342;0
05-16-2010 00:45;0;0
05-16-2010 00:46;0;0
05-16-2010 00:47;0;0
05-16-2010 00:48;0;0
05-16-2010 00:49;0;0
05-16-2010 00:50;0;0
05-16-2010 00:51;0;0
05-16-2010 00:52;0;0
05-16-2010 00:53;0;0
05-16-2010 00:54;0;0
05-16-2010 00:55;0;0
05-16-2010 00:56;0;0
05-16-2010 00:57;0;0
05-16-2010 00:58;0;0
05-16-2010 00:59;0;0
05-16-2010 01:00;0;0
05-16-2010 01:01;0;0
05-16-2010 01:02;0;0
05-16-2010 01:03;0;0
05-16-2010 01:04;0;0
05-16-2010 01:05;0;0
05-16-2010 01:06;0;0
05-16-2010 01:07;0;0
05-16-2010 01:08;0;0
05-16-2010 01:09;0;0
05-16-2010 01:10;0;0
05-16-2010 01:11;0;0
05-16-2010 01:12;0;0
05-16-2010 01:13;0;0
05-16-2010 01:14;0;0
05-16-2010 01:15;0;0
05-16-2010 01:16;0;0
05-16-2010 01:17;0;0
05-16-2010 01:18;0;0
05-16-2010 01:19;0;0
05-16-2010 01:20;0;0
05-16-2010 01:21;0;0
05-16-2010 01:22;0;0
05-16-2010 01:23;0;0
05-16-2010 01:24;0;0
05-16-2010 01:25;0;0
05-16-2010 01:26;0;0
05-16-2010 01:27;0;0
05-16-2010 01:28;0;0
05-16-2010 01:29;0;0
05-16-2010 01:30;0;0
05-16-2010 01:31;0;0
05-16-2010 01:32;0;0
05-16-2010 01:33;0;0
05-16-2010 01:34;0;0
05-16-2010 01:35;0;0
05-16-2010 01:36;0;0
05-16-2010 01:37;0;0
05-16-2010 01:38;0;0
05-16-2010 01:39;0;0
05-16-2010 01:40;0;0
05-16-2010 01:41;0;0
05-16-2010 01:42;0;0
05-16-2010 01:43;0;0
05-16-2010 01:44;0;0
05-16-2010 01:45;0;0
05-16-2010 01:46;0;0
05-16-2010 01:47;0;0
05-16-2010 01:48;0;0
05-16-2010 01:49;0;0
05-16-2010 01:50;0;0
05-16-2010 01:51;0;0
05-16-2010 01:52;0;0
05-16-2010 01:53;0;0
05-16-2010 01:54;0;0
05-16-2010 01:55;0;0
05-16-2010 01:56;0;0
05-16-2010 01:57;0;0
05-16-2010 01:58;0;0
05-16-2010 01:59;0;0
05-16-2010 02:00;0;0
05-16-2010 02:01;0;0
05-16-2010 02:02;0;0
05-16-2010 02:03;0;0
05-16-2010 02:04;0;0
05-16-2010 02:05;0;0
05-16-2010 02:06;0;0
05-16-2010 02:07;0;0
05-16-2010 02:08;0;0
05-16-2010 02:09;0;0
05-16-2010 02:10;0;0
05-16-2010 02:11;0;0
05-16-2010 02:12;0;0
05-16-2010 02:13;0;0
05-16-2010 02:14;0;0
05-16-2010 02:15;0;0
05-16-2010 02:16;0;0
05-16-2010 02:17;0;0
05-16-2010 02:18;0;0
05-16-2010 02:19;0;0
05-16-2010 02:20;0;0
05-16-2010 02:21;0;0
05-16-2010 02:22;0;0
05-16-2010 02:23;0;0
05-16-2010 02:24;0;0
05-16-2010 02:25;0;0
05-16-2010 02:26;0;0
05-16-2010 02:27;0;0
05-16-2010 02:28;0;0
05-16-2010 02:29;0;0
05-16-2010 02:30;0;0
05-16-2010 02:31;0;0
05-16-2010 02:32;0;0
05-16-2010 02:33;0;0
05-16-2010 02:34;0;0
05-16-2010 02:35;0;0
05-16-2010 02:36;0;0
05-16-2010 02:37;0;0
05-16-2010 02:38;0;0
05-16-2010 02:39;0;0
05-16-2010 02:40;0;0
05-16-2010 02:41;0;0
05-16-2010 02:42;0;0
05-16-2010 02:43;0;0
05-16-2010 02:44;0;0
05-16-2010 02:45;0;0
05-16-2010 02:46;0;0
05-16-2010 02:47;0;0
05-16-2010 02:48;0;0
05-16-2010 02:49;0;0
05-16-2010 02:50;0;0
05-16-2010 02:51;0;0
05-16-2010 02:52;0;0
05-16-2010 02:53;0;0
05-16-2010 02:54;0;0
05-16-2010 02:55;0;0
05-16-2010 02:56;0;0
05-16-2010 02:57;0;0
05-16-2010 02:58;0;0
05-16-2010 02:59;0;0
05-16-2010 03:00;0;0
05-16-2010 03:01;0;0
05-16-2010 03:02;0;0
05-16-2010 03:03;0;0
05-16-2010 03:04;0;0
05-16-2010 03:05;0;0
05-16-2010 03:06;0;0
05-16-2010 03:07;0;0
05-16-2010 03:08;0;0
05-16-2010 03:09;0;0
05-16-2010 03:10;0;0
05-16-2010 03:11;0;0
05-16-2010 03:12;0;0
05-16-2010 03:13;0;0
05-16-2010 03:14;0;0
05-16-2010 03:15;0;0
05-16-2010 03:16;0;0
05-16-2010 03:17;0;0
05-16-2010 03:18;0;0
05-16-2010 03:19;0;0
05-16-2010 03:20;0;0
05-16-2010 03:21;0;0
05-16-2010 03:22;0;0
05-16-2010 03:23;0;0
05-16-2010 03:24;0;0
05-16-2010 03:25;0;0
05-16-2010 03:26;0;0
05-16-2010 03:27;0;0
05-16-2010 03:28;0;0
05-16-2010 03:29;0;0
05-16-2010 03:30;0;0
05-16-2010 03:31;0;0
05-16-2010 03:32;0;0
05-16-2010 03:33;0;0
05-16-2010 03:34;0;0
05-16-2010 03:35;0;0
05-16-2010 03:36;0;0
05-16-2010 03:37;0;0
05-16-2010 03:38;0;0
05-16-2010 03:39;0;0
05-16-2010 03:40;0;0
05-16-2010 03:41;0;0
05-16-2010 03:42;0;0
05-16-2010 03:43;0;0
05-16-2010 03:44;0;0
05-16-2010 03:45;0;0
05-16-2010 03:46;0;0
05-16-2010 03:47;0;0
05-16-2010 03:48;0;0
05-16-2010 03:49;0;0
05-16-2010 03:50;0;0
05-16-2010 03:51;0;0
05-16-2010 03:52;0;0
05-16-2010 03:53;0;0
05-16-2010 03:54;0;0
05-16-2010 03:55;0;0
05-16-2010 03:56;0;0
05-16-2010 03:57;0;0
05-16-2010 03:58;0;0
05-16-2010 03:59;0;0
05-16-2010 04:00;0;0
05-16-2010 04:01;0;0
05-16-2010 04:02;0;0
05-16-2010 04:03;0;0
05-16-2010 04:04;0;0
05-16-2010 04:05;0;0
05-16-2010 04:06;0;0
05-16-2010 04:07;0;0
05-16-2010 04:08;0;0
05-16-2010 04:09;0;0
05-16-2010 04:10;0;0
05-16-2010 04:11;0;0
05-16-2010 04:12;0;0
05-16-2010 04:13;0;0
05-16-2010 04:14;0;0
05-16-2010 04:15;0;0
05-16-2010 04:16;0;0
05-16-2010 04:17;0;0
05-16-2010 04:18;0;0
05-16-2010 04:19;0;0
05-16-2010 04:20;0;0
05-16-2010 04:21;0;0
05-16-2010 04:22;0;0
05-16-2010 04:23;0;0
05-16-2010 04:24;0;0
05-16-2010 04:25;0;0
05-16-2010 04:26;0;0
05-16-2010 04:27;0;0
05-16-2010 04:28;0;0
05-16-2010 04:29;0;0
05-16-2010 04:30;0;0
05-16-2010 04:31;0;0
05-16-2010 04:32;0;0
05-16-2010 04:33;0;0
05-16-2010 04:34;0;0
05-16-2010 04:35;0;0
05-16-2010 04:36;0;0
05-16-2010 04:37;0;0
05-16-2010 04:38;0;0
05-16-2010 04:39;0;0
05-16-2010 04:40;0;0
05-16-2010 04:41;0;0
05-16-2010 04:42;0;0
05-16-2010 04:43;0;0
05-16-2010 04:44;0;0
05-16-2010 04:45;0;0
05-16-2010 04:46;0;0
05-16-2010 04:47;0;0
05-16-2010 04:48;0;0
05-16-2010 04:49;0;0
05-16-2010 04:50;0;0
05-16-2010 04:51;0;0
05-16-2010 04:52;0;0
05-16-2010 04:53;0;0
05-16-2010 04:54;0;0
05-16-2010 04:55;0;0
05-16-2010 04:56;0;0
05-16-2010 04:57;0;0
05-16-2010 04:58;0;0
05-16-2010 04:59;0;0
05-16-2010 05:00;0;0
05-16-2010 05:01;0;0
05-16-2010 05:02;0;0
05-16-2010 05:03;0;0
05-16-2010 05:04;0;0
05-16-2010 05:05;0;0
05-16-2010 05:06;0;0
05-16-2010 05:07;0;0
05-16-2010 05:08;0;0
05-16-2010 05:09;0;0
05-16-2010 05:10;0;0
05-16-2010 05:11;0;0
05-16-2010 05:12;0;0
05-16-2010 05:13;0;0
05-16-2010 05:14;0;0
05-16-2010 05:15;0;0
05-16-2010 05:16;0;0
05-16-2010 05:17;0;0
05-16-2010 05:18;0;0
05-16-2010 05:19;0;0
05-16-2010 05:20;0;0
05-16-2010 05:21;0;0
05-16-2010 05:22;0;0
05-16-2010 05:23;0;0
05-16-2010 05:24;0;0
05-16-2010 05:25;0;0
05-16-2010 05:26;0;0
05-16-2010 05:27;0;0
05-16-2010 05:28;0;0
05-16-2010 05:29;0;0
05-16-2010 05:30;0;0
05-16-2010 05:31;0;0
05-16-2010 05:32;0;0
05-16-2010 05:33;0;0
05-16-2010 05:34;0;0
05-16-2010 05:35;0;0
05-16-2010 05:36;0;0
05-16-2010 05:37;0;0
05-16-2010 05:38;0;0
05-16-2010 05:39;0;0
05-16-2010 05:40;0;0
05-16-2010 05:41;0;0
05-16-2010 05:42;0;0
05-16-2010 05:43;0;0
05-16-2010 05:44;0;0
05-16-2010 05:45;0;0
05-16-2010 05:46;0;0
05-16-2010 05:47;0;0
05-16-2010 05:48;0;0
05-16-2010 05:49;0;0
05-16-2010 05:50;0;0
05-16-2010 05:51;0;0
05-16-2010 05:52;0;0
05-16-2010 05:53;0;0
05-16-2010 05:54;0;0
05-16-2010 05:55;0;0
05-16-2010 05:56;0;0
05-16-2010 05:57;0;0
05-16-2010 05:58;0;0
05-16-2010 05:59;0;0
05-16-2010 06:00;0;0
05-16-2010 06:01;0;0
05-16-2010 06:02;0;0
05-16-2010 06:03;0;0
05-16-2010 06:04;0;0
05-16-2010 06:05;0;0
05-16-2010 06:06;0;0
05-16-2010 06:07;0;0
05-16-2010 06:08;0;0
05-16-2010 06:09;0;0
05-16-2010 06:10;0;0
05-16-2010 06:11;0;0
05-16-2010 06:12;0;0
05-16-2010 06:13;0;0
05-16-2010 06:14;0;0
05-16-2010 06:15;0;0
05-16-2010 06:16;0;0
05-16-2010 06:17;0;0
05-16-2010 06:18;0;0
05-16-2010 06:19;0;0
05-16-2010 06:20;0;0
05-16-2010 06:21;0;0
05-16-2010 06:22;0;0
05-16-2010 06:23;0;0
05-16-2010 06:24;0;0
05-16-2010 06:25;0;0
05-16-2010 06:26;0;0
05-16-2010 06:27;0;0
05-16-2010 06:28;0;0
05-16-2010 06:29;0;0
05-16-2010 06:30;0;0
05-16-2010 06:31;0;0
05-16-2010 06:32;0;0
05-16-2010 06:33;0;0
05-16-2010 06:34;0;0
05-16-2010 06:35;0;0
05-16-2010 06:36;0;0
05-16-2010 06:37;0;0
05-16-2010 06:38;0;0
05-16-2010 06:39;0;0
05-16-2010 06:40;0;0
05-16-2010 06:41;0;0
05-16-2010 06:42;0;0
05-16-2010 06:43;0;0
05-16-2010 06:44;0;0
05-16-2010 06:45;0;0
05-16-2010 06:46;0;0
05-16-2010 06:47;0;0
05-16-2010 06:48;0;0
05-16-2010 06:49;0;0
05-16-2010 06:50;0;0
05-16-2010 06:51;0;0
05-16-2010 06:52;0;0
05-16-2010 06:53;0;0
05-16-2010 06:54;0;0
05-16-2010 06:55;0;0
05-16-2010 06:56;0;0
05-16-2010 06:57;0;0
05-16-2010 06:58;0;0
05-16-2010 06:59;0;0
05-16-2010 07:00;0;0
05-16-2010 07:01;0;0
05-16-2010 07:02;0;0
05-16-2010 07:03;0;0
05-16-2010 07:04;0;0
05-16-2010 07:05;0;0
05-16-2010 07:06;0;0
05-16-2010 07:07;0;0
05-16-2010 07:08;0;0
05-16-2010 07:09;0;0
05-16-2010 07:10;0;0
05-16-2010 07:11;0;0
05-16-2010 07:12;0;0
05-16-2010 07:13;0;0
05-16-2010 07:14;0;0
05-16-2010 07:15;0;0
05-16-2010 07:16;0;0
05-16-2010 07:17;0;0
05-16-2010 07:18;0;0
05-16-2010 07:19;0;0
05-16-2010 07:20;0;0
05-16-2010 07:21;0;0
05-16-2010 07:22;0;0
05-16-2010 07:23;0;0
05-16-2010 07:24;0;0
05-16-2010 07:25;0;0
05-16-2010 07:26;0;0
05-16-2010 07:27;0;0
05-16-2010 07:28;0;0
05-16-2010 07:29;0;0
05-16-2010 07:30;0;0
05-16-2010 07:31;0;0
05-16-2010 07:32;0;0
05-16-2010 07:33;0;0
05-16-2010 07:34;0;0
05-16-2010 07:35;0;0
05-16-2010 07:36;0;0
05-16-2010 07:37;0;0
05-16-2010 07:38;0;0
05-16-2010 07:39;0;0
05-16-2010 07:40;0;0
05-16-2010 07:41;0;0
05-16-2010 07:42;0;0
05-16-2010 07:43;0;0
05-16-2010 07:44;0;0
05-16-2010 07:45;0;0
05-16-2010 07:46;0;0
05-16-2010 07:47;0;0
05-16-2010 07:48;0;0
05-16-2010 07:49;0;0
05-16-2010 07:50;0;0
05-16-2010 07:51;0;0
05-16-2010 07:52;0;0
05-16-2010 07:53;0;0
05-16-2010 07:54;0;0
05-16-2010 07:55;0;0
05-16-2010 07:56;0;0
05-16-2010 07:57;0;0
05-16-2010 07:58;0;0
05-16-2010 07:59;0;0
05-16-2010 08:00;0;0
05-16-2010 08:01;0;0
05-16-2010 08:02;0;0
05-16-2010 08:03;0;0
05-16-2010 08:04;0;0
05-16-2010 08:05;0;0
05-16-2010 08:06;0;0
05-16-2010 08:07;0;0
05-16-2010 08:08;0;0
05-16-2010 08:09;0;0
05-16-2010 08:10;0;0
05-16-2010 08:11;0;0
05-16-2010 08:12;0;0
05-16-2010 08:13;0;0
05-16-2010 08:14;0;0
05-16-2010 08:15;0;0
05-16-2010 08:16;0;0
05-16-2010 08:17;0;0
05-16-2010 08:18;0;0
05-16-2010 08:19;0;0
05-16-2010 08:20;0;0
05-16-2010 08:21;0;0
05-16-2010 08:22;0;0
05-16-2010 08:23;0;0
05-16-2010 08:24;0;0
05-16-2010 08:25;0;0
05-16-2010 08:26;0;0
05-16-2010 08:27;0;0
05-16-2010 08:28;0;0
05-16-2010 08:29;0;0
05-16-2010 08:30;0;0
05-16-2010 08:31;0;0
05-16-2010 08:32;0;0
05-16-2010 08:33;0;0
05-16-2010 08:34;0;0
05-16-2010 08:35;0;0
05-16-2010 08:36;0;0
05-16-2010 08:37;0;0
05-16-2010 08:38;0;0
05-16-2010 08:39;0;0
05-16-2010 08:40;0;0
05-16-2010 08:41;0;0
05-16-2010 08:42;0;0
05-16-2010 08:43;0;0
05-16-2010 08:44;0;0
05-16-2010 08:45;0;0
05-16-2010 08:46;0;0
05-16-2010 08:47;0;0
05-16-2010 08:48;0;0
05-16-2010 08:49;0;0
05-16-2010 08:50;0;0
05-16-2010 08:51;0;0
05-16-2010 08:52;0;0
05-16-2010 08:53;0;0
05-16-2010 08:54;0;0
05-16-2010 08:55;0;0
05-16-2010 08:56;0;0
05-16-2010 08:57;0;0
05-16-2010 08:58;0;0
05-16-2010 08:59;0;0
05-16-2010 09:00;0;0
05-16-2010 09:01;0;0
05-16-2010 09:02;0;0
05-16-2010 09:03;0;0
05-16-2010 09:04;0;0
05-16-2010 09:05;0;0
05-16-2010 09:06;0;0
05-16-2010 09:07;0;0
05-16-2010 09:08;0;0
05-16-2010 09:09;0;0
05-16-2010 09:10;0;0
05-16-2010 09:11;0;0
05-16-2010 09:12;0;0
05-16-2010 09:13;0;0
05-16-2010 09:14;0;0
05-16-2010 09:15;0;0
05-16-2010 09:16;0;0
05-16-2010 09:17;0;0
05-16-2010 09:18;0;0
05-16-2010 09:19;0;0
05-16-2010 09:20;0;0
05-16-2010 09:21;0;0
05-16-2010 09:22;0;0
05-16-2010 09:23;0;0
05-16-2010 09:24;0;0
05-16-2010 09:25;0;0
05-16-2010 09:26;0;0
05-16-2010 09:27;0;0
05-16-2010 09:28;0;0
05-16-2010 09:29;0;0
05-16-2010 09:30;0;0
05-16-2010 09:31;0;0
05-16-2010 09:32;0;0
05-16-2010 09:33;0;0
05-16-2010 09:34;0;0
05-16-2010 09:35;0;0
05-16-2010 09:36;0;0
05-16-2010 09:37;0;0
05-16-2010 09:38;0;0
05-16-2010 09:39;0;0
05-16-2010 09:40;0;0
05-16-2010 09:41;0;0
05-16-2010 09:42;0;0
05-16-2010 09:43;0;0
05-16-2010 09:44;0;0
05-16-2010 09:45;0;0
05-16-2010 09:46;0;0
05-16-2010 09:47;0;0
05-16-2010 09:48;0;0
05-16-2010 09:49;0;0
05-16-2010 09:50;0;0
05-16-2010 09:51;0;0
05-16-2010 09:52;0;0
05-16-2010 09:53;0;0
05-16-2010 09:54;0;0
05-16-2010 09:55;0;0
05-16-2010 09:56;0;0
05-16-2010 09:57;0;0
05-16-2010 09:58;0;0
05-16-2010 09:59;0;0
05-16-2010 10:00;0;0
05-16-2010 10:01;0;0
05-16-2010 10:02;0;0
05-16-2010 10:03;0;0
05-16-2010 10:04;0;0
05-16-2010 10:05;0;0
05-16-2010 10:06;0;0
05-16-2010 10:07;0;0
05-16-2010 10:08;0;0
05-16-2010 10:09;0;0
05-16-2010 10:10;0;0
05-16-2010 10:11;0;0
05-16-2010 10:12;0;0
05-16-2010 10:13;0;0
05-16-2010 10:14;0;0
05-16-2010 10:15;0;0
05-16-2010 10:16;0;0
05-16-2010 10:17;0;0
05-16-2010 10:18;0;0
05-16-2010 10:19;0;0
05-16-2010 10:20;0;0
05-16-2010 10:21;0;0
05-16-2010 10:22;0;0
05-16-2010 10:23;0;0
05-16-2010 10:24;0;0
05-16-2010 10:25;0;0
05-16-2010 10:26;0;0
05-16-2010 10:27;0;0
05-16-2010 10:28;0;0
05-16-2010 10:29;0;0
05-16-2010 10:30;0;0
05-16-2010 10:31;0;0
05-16-2010 10:32;0;0
05-16-2010 10:33;0;0
05-16-2010 10:34;0;0
05-16-2010 10:35;0;0
05-16-2010 10:36;0;0
05-16-2010 10:37;0;0
05-16-2010 10:38;0;0
05-16-2010 10:39;0;0
05-16-2010 10:40;0;0
05-16-2010 10:41;0;0
05-16-2010 10:42;0;0
05-16-2010 10:43;0;0
05-16-2010 10:44;0;0
05-16-2010 10:45;0;0
05-16-2010 10:46;0;0
05-16-2010 10:47;0;0
05-16-2010 10:48;0;0
05-16-2010 10:49;0;0
05-16-2010 10:50;0;0
05-16-2010 10:51;0;0
05-16-2010 10:52;0;0
05-16-2010 10:53;0;0
05-16-2010 10:54;0;0
05-16-2010 10:55;0;0
05-16-2010 10:56;0;0
05-16-2010 10:57;0;0
05-16-2010 10:58;0;0
05-16-2010 10:59;0;0
05-16-2010 11:00;0;0
05-16-2010 11:01;0;0
05-16-2010 11:02;0;0
05-16-2010 11:03;554;0
05-16-2010 11:04;1466;1
05-16-2010 11:05;1712;1
05-16-2010 11:06;1254;1
05-16-2010 11:07;232;0
05-16-2010 11:08;861;0
05-16-2010 11:09;1143;1
05-16-2010 11:10;1609;1
05-16-2010 11:11;503;0
05-16-2010 11:12;377;0
05-16-2010 11:13;537;0
05-16-2010 11:14;44;0
05-16-2010 11:15;10;0
05-16-2010 11:16;13;0
05-16-2010 11:17;9;0
05-16-2010 11:18;103;0
05-16-2010 11:19;0;0
05-16-2010 11:20;29;0
05-16-2010 11:21;256;0
05-16-2010 11:22;151;0
05-16-2010 11:23;265;0
05-16-2010 11:24;1421;1
05-16-2010 11:25;691;0
05-16-2010 11:26;443;0
05-16-2010 11:27;217;0
05-16-2010 11:28;0;0
05-16-2010 11:29;240;0
05-16-2010 11:30;81;0
05-16-2010 11:31;69;0
05-16-2010 11:32;137;0
05-16-2010 11:33;2;0
05-16-2010 11:34;81;0
05-16-2010 11:35;225;0
05-16-2010 11:36;9;0
05-16-2010 11:37;32;0
05-16-2010 11:38;2;0
05-16-2010 11:39;38;0
05-16-2010 11:40;0;0
05-16-2010 11:41;0;0
05-16-2010 11:42;17;0
05-16-2010 11:43;5;0
05-16-2010 11:44;0;0
05-16-2010 11:45;21;0
05-16-2010 11:46;49;0
05-16-2010 11:47;22;0
05-16-2010 11:48;19;0
05-16-2010 11:49;111;0
05-16-2010 11:50;283;0
05-16-2010 11:51;232;0
05-16-2010 11:52;225;0
05-16-2010 11:53;29;0
05-16-2010 11:54;40;0
05-16-2010 11:55;173;0
05-16-2010 11:56;415;0
05-16-2010 11:57;520;0
05-16-2010 11:58;127;0
05-16-2010 11:59;302;0
05-16-2010 12:00;265;0
05-16-2010 12:01;342;0
05-16-2010 12:02;554;0
05-16-2010 12:03;503;0
05-16-2010 12:04;457;0
05-16-2010 12:05;520;0
05-16-2010 12:06;669;0
05-16-2010 12:07;537;0
05-16-2010 12:08;429;0
05-16-2010 12:09;167;0
05-16-2010 12:10;115;0
05-16-2010 12:11;155;0
05-16-2010 12:12;273;0
05-16-2010 12:13;247;0
05-16-2010 12:14;178;0
05-16-2010 12:15;103;0
05-16-2010 12:16;64;0
05-16-2010 12:17;57;0
05-16-2010 12:18;342;0
05-16-2010 12:19;713;0
05-16-2010 12:20;365;0
05-16-2010 12:21;1040;0
05-16-2010 12:22;457;0
05-16-2010 12:23;354;0
05-16-2010 12:24;197;0
05-16-2010 12:25;127;0
05-16-2010 12:26;184;0
05-16-2010 12:27;302;0
05-16-2010 12:28;415;0
05-16-2010 12:29;321;0
05-16-2010 12:30;457;0
05-16-2010 12:31;377;0
05-16-2010 12:32;629;0
05-16-2010 12:33;888;0
05-16-2010 12:34;137;0
05-16-2010 12:35;273;0
05-16-2010 12:36;225;0
05-16-2010 12:37;15;0
05-16-2010 12:38;0;0
05-16-2010 12:39;590;0
05-16-2010 12:40;402;0
05-16-2010 12:41;83;0
05-16-2010 12:42;713;0
05-16-2010 12:43;377;0
05-16-2010 12:44;292;0
05-16-2010 12:45;100;0
05-16-2010 12:46;273;0
05-16-2010 12:47;0;0
05-16-2010 12:48;0;0
05-16-2010 12:49;0;0
05-16-2010 12:50;537;0
05-16-2010 12:51;132;0
05-16-2010 12:52;111;0
05-16-2010 12:53;75;0
05-16-2010 12:54;0;0
05-16-2010 12:55;173;0
05-16-2010 12:56;0;0
05-16-2010 12:57;0;0
05-16-2010 12:58;0;0
05-16-2010 12:59;0;0
05-16-2010 13:00;96;0
05-16-2010 13:01;0;0
05-16-2010 13:02;0;0
05-16-2010 13:03;2;0
05-16-2010 13:04;96;0
05-16-2010 13:05;46;0
05-16-2010 13:06;132;0
05-16-2010 13:07;321;0
05-16-2010 13:08;503;0
05-16-2010 13:09;100;0
05-16-2010 13:10;12;0
05-16-2010 13:11;40;0
05-16-2010 13:12;47;0
05-16-2010 13:13;14;0
05-16-2010 13:14;64;0
05-16-2010 13:15;55;0
05-16-2010 13:16;0;0
05-16-2010 13:17;0;0
05-16-2010 13:18;0;0
05-16-2010 13:19;100;0
05-16-2010 13:20;46;0
05-16-2010 13:21;26;0
05-16-2010 13:22;4;0
05-16-2010 13:23;8;0
05-16-2010 13:24;2;0
05-16-2010 13:25;0;0
05-16-2010 13:26;3;0
05-16-2010 13:27;0;0
05-16-2010 13:28;0;0
05-16-2010 13:29;3;0
05-16-2010 13:30;0;0
05-16-2010 13:31;0;0
05-16-2010 13:32;0;0
05-16-2010 13:33;32;0
05-16-2010 13:34;64;0
05-16-2010 13:35;0;0
05-16-2010 13:36;0;0
05-16-2010 13:37;520;0
05-16-2010 13:38;92;0
05-16-2010 13:39;265;0
05-16-2010 13:40;0;0
05-16-2010 13:41;23;0
05-16-2010 13:42;100;0
05-16-2010 13:43;86;0
05-16-2010 13:44;265;0
05-16-2010 13:45;0;0
05-16-2010 13:46;0;0
05-16-2010 13:47;0;0
05-16-2010 13:48;0;0
05-16-2010 13:49;256;0
05-16-2010 13:50;759;0
05-16-2010 13:51;472;0
05-16-2010 13:52;713;0
05-16-2010 13:53;834;0
05-16-2010 13:54;122;0
05-16-2010 13:55;0;0
05-16-2010 13:56;0;0
05-16-2010 13:57;0;0
05-16-2010 13:58;2;0
05-16-2010 13:59;17;0
05-16-2010 14:00;14;0
05-16-2010 14:01;0;0
05-16-2010 14:02;36;0
05-16-2010 14:03;0;0
05-16-2010 14:04;0;0
05-16-2010 14:05;0;0
05-16-2010 14:06;0;0
05-16-2010 14:07;0;0
05-16-2010 14:08;2;0
05-16-2010 14:09;0;0
05-16-2010 14:10;0;0
05-16-2010 14:11;0;0
05-16-2010 14:12;0;0
05-16-2010 14:13;0;0
05-16-2010 14:14;0;0
05-16-2010 14:15;0;0
05-16-2010 14:16;10;0
05-16-2010 14:17;0;0
05-16-2010 14:18;0;0
05-16-2010 14:19;0;0
05-16-2010 14:20;0;0
05-16-2010 14:21;0;0
05-16-2010 14:22;0;0
05-16-2010 14:23;0;0
05-16-2010 14:24;0;0
05-16-2010 14:25;0;0
05-16-2010 14:26;0;0
05-16-2010 14:27;0;0
05-16-2010 14:28;0;0
05-16-2010 14:29;0;0
05-16-2010 14:30;0;0
05-16-2010 14:31;0;0
05-16-2010 14:32;0;0
05-16-2010 14:33;0;0
05-16-2010 14:34;9;0
05-16-2010 14:35;127;0
05-16-2010 14:36;629;0
05-16-2010 14:37;888;0
05-16-2010 14:38;1254;1
05-16-2010 14:39;443;0
05-16-2010 14:40;390;0
05-16-2010 14:41;736;0
05-16-2010 14:42;784;0
05-16-2010 14:43;1766;1
05-16-2010 14:44;1254;1
05-16-2010 14:45;917;0
05-16-2010 14:46;736;0
05-16-2010 14:47;691;0
05-16-2010 14:48;520;0
05-16-2010 14:49;132;0
05-16-2010 14:50;122;0
05-16-2010 14:51;225;0
05-16-2010 14:52;342;0
05-16-2010 14:53;273;0
05-16-2010 14:54;225;0
05-16-2010 14:55;217;0
05-16-2010 14:56;390;0
05-16-2010 14:57;759;0
05-16-2010 14:58;443;0
05-16-2010 14:59;572;0
05-16-2010 15:00;590;0
05-16-2010 15:01;713;0
05-16-2010 15:02;861;0
05-16-2010 15:03;520;0
05-16-2010 15:04;146;0
05-16-2010 15:05;55;0
05-16-2010 15:06;390;0
05-16-2010 15:07;402;0
05-16-2010 15:08;609;0
05-16-2010 15:09;354;0
05-16-2010 15:10;273;0
05-16-2010 15:11;321;0
05-16-2010 15:12;691;0
05-16-2010 15:13;669;0
05-16-2010 15:14;977;0
05-16-2010 15:15;917;0
05-16-2010 15:16;629;0
05-16-2010 15:17;520;0
05-16-2010 15:18;342;0
05-16-2010 15:19;572;0
05-16-2010 15:20;669;0
05-16-2010 15:21;691;0
05-16-2010 15:22;759;0
05-16-2010 15:23;713;0
05-16-2010 15:24;167;0
05-16-2010 15:25;89;0
05-16-2010 15:26;86;0
05-16-2010 15:27;141;0
05-16-2010 15:28;64;0
05-16-2010 15:29;72;0
05-16-2010 15:30;390;0
05-16-2010 15:31;342;0
05-16-2010 15:32;629;0
05-16-2010 15:33;946;0
05-16-2010 15:34;554;0
05-16-2010 15:35;210;0
05-16-2010 15:36;240;0
05-16-2010 15:37;321;0
05-16-2010 15:38;283;0
05-16-2010 15:39;302;0
05-16-2010 15:40;273;0
05-16-2010 15:41;127;0
05-16-2010 15:42;503;0
05-16-2010 15:43;554;0
05-16-2010 15:44;273;0
05-16-2010 15:45;332;0
05-16-2010 15:46;127;0
05-16-2010 15:47;111;0
05-16-2010 15:48;151;0
05-16-2010 15:49;184;0
05-16-2010 15:50;302;0
05-16-2010 15:51;402;0
05-16-2010 15:52;390;0
05-16-2010 15:53;273;0
05-16-2010 15:54;256;0
05-16-2010 15:55;342;0
05-16-2010 15:56;457;0
05-16-2010 15:57;713;0
05-16-2010 15:58;265;0
05-16-2010 15:59;32;0
05-16-2010 16:00;78;0
05-16-2010 16:01;64;0
05-16-2010 16:02;111;0
05-16-2010 16:03;161;0
05-16-2010 16:04;137;0
05-16-2010 16:05;669;0
05-16-2010 16:06;554;0
05-16-2010 16:07;443;0
05-16-2010 16:08;402;0
05-16-2010 16:09;1107;1
05-16-2010 16:10;1294;1
05-16-2010 16:11;1107;1
05-16-2010 16:12;1216;1
05-16-2010 16:13;1073;1
05-16-2010 16:14;649;0
05-16-2010 16:15;888;0
05-16-2010 16:16;487;0
05-16-2010 16:17;415;0
05-16-2010 16:18;590;0
05-16-2010 16:19;292;0
05-16-2010 16:20;92;0
05-16-2010 16:21;115;0
05-16-2010 16:22;127;0
05-16-2010 16:23;283;0
05-16-2010 16:24;9;0
05-16-2010 16:25;9;0
05-16-2010 16:26;8;0
05-16-2010 16:27;9;0
05-16-2010 16:28;3;0
05-16-2010 16:29;69;0
05-16-2010 16:30;111;0
05-16-2010 16:31;2;0
05-16-2010 16:32;0;0
05-16-2010 16:33;49;0
05-16-2010 16:34;9;0
05-16-2010 16:35;365;0
05-16-2010 16:36;457;0
05-16-2010 16:37;240;0
05-16-2010 16:38;273;0
05-16-2010 16:39;204;0
05-16-2010 16:40;256;0
05-16-2010 16:41;122;0
05-16-2010 16:42;23;0
05-16-2010 16:43;61;0
05-16-2010 16:44;81;0
05-16-2010 16:45;46;0
05-16-2010 16:46;47;0
05-16-2010 16:47;17;0
05-16-2010 16:48;161;0
05-16-2010 16:49;572;0
05-16-2010 16:50;1294;1
05-16-2010 16:51;225;0
05-16-2010 16:52;342;0
05-16-2010 16:53;5;0
05-16-2010 16:54;649;0
05-16-2010 16:55;1179;1
05-16-2010 16:56;167;0
05-16-2010 16:57;137;0
05-16-2010 16:58;629;0
05-16-2010 16:59;217;0
05-16-2010 17:00;415;0
05-16-2010 17:01;232;0
05-16-2010 17:02;487;0
05-16-2010 17:03;81;0
05-16-2010 17:04;173;0
05-16-2010 17:05;292;0
05-16-2010 17:06;332;0
05-16-2010 17:07;472;0
05-16-2010 17:08;204;0
05-16-2010 17:09;64;0
05-16-2010 17:10;302;0
05-16-2010 17:11;354;0
05-16-2010 17:12;283;0
05-16-2010 17:13;197;0
05-16-2010 17:14;141;0
05-16-2010 17:15;7;0
05-16-2010 17:16;302;0
05-16-2010 17:17;51;0
05-16-2010 17:18;173;0
05-16-2010 17:19;127;0
05-16-2010 17:20;137;0
05-16-2010 17:21;103;0
05-16-2010 17:22;103;0
05-16-2010 17:23;49;0
05-16-2010 17:24;57;0
05-16-2010 17:25;119;0
05-16-2010 17:26;354;0
05-16-2010 17:27;265;0
05-16-2010 17:28;89;0
05-16-2010 17:29;184;0
05-16-2010 17:30;572;0
05-16-2010 17:31;311;0
05-16-2010 17:32;503;0
05-16-2010 17:33;390;0
05-16-2010 17:34;736;0
05-16-2010 17:35;1143;1
05-16-2010 17:36;390;0
05-16-2010 17:37;292;0
05-16-2010 17:38;191;0
05-16-2010 17:39;292;0
05-16-2010 17:40;217;0
05-16-2010 17:41;155;0
05-16-2010 17:42;247;0
05-16-2010 17:43;53;0
05-16-2010 17:44;204;0
05-16-2010 17:45;342;0
05-16-2010 17:46;141;0
05-16-2010 17:47;69;0
05-16-2010 17:48;115;0
05-16-2010 17:49;225;0
05-16-2010 17:50;191;0
05-16-2010 17:51;83;0
05-16-2010 17:52;184;0
05-16-2010 17:53;232;0
05-16-2010 17:54;247;0
05-16-2010 17:55;4;0
05-16-2010 17:56;100;0
05-16-2010 17:57;311;0
05-16-2010 17:58;137;0
05-16-2010 17:59;415;0
05-16-2010 18:00;390;0
05-16-2010 18:01;342;0
05-16-2010 18:02;415;0
05-16-2010 18:03;415;0
05-16-2010 18:04;649;0
05-16-2010 18:05;415;0
05-16-2010 18:06;503;0
05-16-2010 18:07;590;0
05-16-2010 18:08;429;0
05-16-2010 18:09;736;0
05-16-2010 18:10;1073;1
05-16-2010 18:11;1107;1
05-16-2010 18:12;377;0
05-16-2010 18:13;137;0
05-16-2010 18:14;132;0
05-16-2010 18:15;204;0
05-16-2010 18:16;354;0
05-16-2010 18:17;1008;0
05-16-2010 18:18;861;0
05-16-2010 18:19;1335;1
05-16-2010 18:20;332;0
05-16-2010 18:21;1073;1
05-16-2010 18:22;1143;1
05-16-2010 18:23;1216;1
05-16-2010 18:24;809;0
05-16-2010 18:25;834;0
05-16-2010 18:26;861;0
05-16-2010 18:27;946;0
05-16-2010 18:28;1216;1
05-16-2010 18:29;977;0
05-16-2010 18:30;1421;1
05-16-2010 18:31;759;0
05-16-2010 18:32;809;0
05-16-2010 18:33;1073;1
05-16-2010 18:34;977;0
05-16-2010 18:35;1294;1
05-16-2010 18:36;609;0
05-16-2010 18:37;47;0
05-16-2010 18:38;415;0
05-16-2010 18:39;217;0
05-16-2010 18:40;217;0
05-16-2010 18:41;122;0
05-16-2010 18:42;72;0
05-16-2010 18:43;155;0
05-16-2010 18:44;342;0
05-16-2010 18:45;55;0
05-16-2010 18:46;173;0
05-16-2010 18:47;240;0
05-16-2010 18:48;342;0
05-16-2010 18:49;377;0
05-16-2010 18:50;342;0
05-16-2010 18:51;809;0
05-16-2010 18:52;415;0
05-16-2010 18:53;834;0
05-16-2010 18:54;365;0
05-16-2010 18:55;265;0
05-16-2010 18:56;146;0
05-16-2010 18:57;34;0
05-16-2010 18:58;2;0
05-16-2010 18:59;51;0
05-16-2010 19:00;0;0
05-16-2010 19:01;0;0
05-16-2010 19:02;9;0
05-16-2010 19:03;2;0
05-16-2010 19:04;0;0
05-16-2010 19:05;0;0
05-16-2010 19:06;0;0
05-16-2010 19:07;0;0
05-16-2010 19:08;0;0
05-16-2010 19:09;5;0
05-16-2010 19:10;5;0
05-16-2010 19:11;2;0
05-16-2010 19:12;0;0
05-16-2010 19:13;6;0
05-16-2010 19:14;0;0
05-16-2010 19:15;9;0
05-16-2010 19:16;0;0
05-16-2010 19:17;2;0
05-16-2010 19:18;0;0
05-16-2010 19:19;11;0
05-16-2010 19:20;16;0
05-16-2010 19:21;8;0
05-16-2010 19:22;2;0
05-16-2010 19:23;64;0
05-16-2010 19:24;9;0
05-16-2010 19:25;12;0
05-16-2010 19:26;0;0
05-16-2010 19:27;4;0
05-16-2010 19:28;8;0
05-16-2010 19:29;9;0
05-16-2010 19:30;0;0
05-16-2010 19:31;2;0
05-16-2010 19:32;4;0
05-16-2010 19:33;9;0
05-16-2010 19:34;669;0
05-16-2010 19:35;402;0
05-16-2010 19:36;503;0
05-16-2010 19:37;472;0
05-16-2010 19:38;861;0
05-16-2010 19:39;415;0
05-16-2010 19:40;669;0
05-16-2010 19:41;311;0
05-16-2010 19:42;759;0
05-16-2010 19:43;736;0
05-16-2010 19:44;784;0
05-16-2010 19:45;888;0
05-16-2010 19:46;809;0
05-16-2010 19:47;1143;1
05-16-2010 19:48;1254;1
05-16-2010 19:49;1216;1
05-16-2010 19:50;1378;1
05-16-2010 19:51;1008;0
05-16-2010 19:52;946;0
05-16-2010 19:53;977;0
05-16-2010 19:54;834;0
05-16-2010 19:55;834;0
05-16-2010 19:56;1880;1
05-16-2010 19:57;1660;1
05-16-2010 19:58;1609;1
05-16-2010 19:59;1466;1
05-16-2010 20:00;669;0
05-16-2010 20:01;917;0
05-16-2010 20:02;1179;1
05-16-2010 20:03;2483;1
05-16-2010 20:04;1466;1
05-16-2010 20:05;415;0
05-16-2010 20:06;629;0
05-16-2010 20:07;1008;0
05-16-2010 20:08;629;0
05-16-2010 20:09;784;0
05-16-2010 20:10;2194;1
05-16-2010 20:11;1216;1
05-16-2010 20:12;1512;1
05-16-2010 20:13;390;0
05-16-2010 20:14;590;0
05-16-2010 20:15;487;0
05-16-2010 20:16;487;0
05-16-2010 20:17;520;0
05-16-2010 20:18;472;0
05-16-2010 20:19;629;0
05-16-2010 20:20;232;0
05-16-2010 20:21;1560;1
05-16-2010 20:22;354;0
05-16-2010 20:23;1378;1
05-16-2010 20:24;520;0
05-16-2010 20:25;590;0
05-16-2010 20:26;86;0
05-16-2010 20:27;332;0
05-16-2010 20:28;415;0
05-16-2010 20:29;609;0
05-16-2010 20:30;443;0
05-16-2010 20:31;132;0
05-16-2010 20:32;0;0
05-16-2010 20:33;917;0
05-16-2010 20:34;736;0
05-16-2010 20:35;691;0
05-16-2010 20:36;537;0
05-16-2010 20:37;1008;0
05-16-2010 20:38;669;0
05-16-2010 20:39;609;0
05-16-2010 20:40;691;0
05-16-2010 20:41;342;0
05-16-2010 20:42;572;0
05-16-2010 20:43;210;0
05-16-2010 20:44;572;0
05-16-2010 20:45;977;0
05-16-2010 20:46;809;0
05-16-2010 20:47;888;0
05-16-2010 20:48;946;0
05-16-2010 20:49;402;0
05-16-2010 20:50;354;0
05-16-2010 20:51;83;0
05-16-2010 20:52;40;0
05-16-2010 20:53;92;0
05-16-2010 20:54;132;0
05-16-2010 20:55;457;0
05-16-2010 20:56;64;0
05-16-2010 20:57;155;0
05-16-2010 20:58;173;0
05-16-2010 20:59;429;0
05-16-2010 21:00;472;0
05-16-2010 21:01;669;0
05-16-2010 21:02;537;0
05-16-2010 21:03;390;0
05-16-2010 21:04;736;0
05-16-2010 21:05;457;0
05-16-2010 21:06;443;0
05-16-2010 21:07;191;0
05-16-2010 21:08;8;0
05-16-2010 21:09;2;0
05-16-2010 21:10;0;0
05-16-2010 21:11;0;0
05-16-2010 21:12;0;0
05-16-2010 21:13;0;0
05-16-2010 21:14;0;0
05-16-2010 21:15;5;0
05-16-2010 21:16;0;0
05-16-2010 21:17;0;0
05-16-2010 21:18;2;0
05-16-2010 21:19;0;0
05-16-2010 21:20;2;0
05-16-2010 21:21;6;0
05-16-2010 21:22;3;0
05-16-2010 21:23;107;0
05-16-2010 21:24;0;0
05-16-2010 21:25;0;0
05-16-2010 21:26;0;0
05-16-2010 21:27;5;0
05-16-2010 21:28;7;0
05-16-2010 21:29;0;0
05-16-2010 21:30;5;0
05-16-2010 21:31;0;0
05-16-2010 21:32;0;0
05-16-2010 21:33;2;0
05-16-2010 21:34;15;0
05-16-2010 21:35;0;0
05-16-2010 21:36;53;0
05-16-2010 21:37;34;0
05-16-2010 21:38;0;0
05-16-2010 21:39;3;0
05-16-2010 21:40;0;0
05-16-2010 21:41;0;0
05-16-2010 21:42;26;0
05-16-2010 21:43;61;0
05-16-2010 21:44;5;0
05-16-2010 21:45;72;0
05-16-2010 21:46;89;0
05-16-2010 21:47;38;0
05-16-2010 21:48;173;0
05-16-2010 21:49;51;0
05-16-2010 21:50;0;0
05-16-2010 21:51;64;0
05-16-2010 21:52;0;0
05-16-2010 21:53;10;0
05-16-2010 21:54;0;0
05-16-2010 21:55;5;0
05-16-2010 21:56;51;0
05-16-2010 21:57;0;0
05-16-2010 21:58;42;0
05-16-2010 21:59;103;0
05-16-2010 22:00;100;0
05-16-2010 22:01;47;0
05-16-2010 22:02;103;0
05-16-2010 22:03;0;0
05-16-2010 22:04;40;0
05-16-2010 22:05;64;0
05-16-2010 22:06;6;0
05-16-2010 22:07;6;0
05-16-2010 22:08;759;0
05-16-2010 22:09;861;0
05-16-2010 22:10;834;0
05-16-2010 22:11;342;0
05-16-2010 22:12;167;0
05-16-2010 22:13;283;0
05-16-2010 22:14;122;0
05-16-2010 22:15;191;0
05-16-2010 22:16;0;0
05-16-2010 22:17;204;0
05-16-2010 22:18;210;0
05-16-2010 22:19;92;0
05-16-2010 22:20;9;0
05-16-2010 22:21;111;0
05-16-2010 22:22;292;0
05-16-2010 22:23;365;0
05-16-2010 22:24;332;0
05-16-2010 22:25;292;0
05-16-2010 22:26;302;0
05-16-2010 22:27;354;0
05-16-2010 22:28;457;0
05-16-2010 22:29;256;0
05-16-2010 22:30;256;0
05-16-2010 22:31;191;0
05-16-2010 22:32;225;0
05-16-2010 22:33;247;0
05-16-2010 22:34;2;0
05-16-2010 22:35;13;0
05-16-2010 22:36;9;0
05-16-2010 22:37;0;0
05-16-2010 22:38;47;0
05-16-2010 22:39;0;0
05-16-2010 22:40;24;0
05-16-2010 22:41;9;0
05-16-2010 22:42;13;0
05-16-2010 22:43;51;0
05-16-2010 22:44;96;0
05-16-2010 22:45;0;0
05-16-2010 22:46;2;0
05-16-2010 22:47;0;0
05-16-2010 22:48;89;0
05-16-2010 22:49;46;0
05-16-2010 22:50;9;0
05-16-2010 22:51;14;0
05-16-2010 22:52;10;0
05-16-2010 22:53;0;0
05-16-2010 22:54;15;0
05-16-2010 22:55;0;0
05-16-2010 22:56;55;0
05-16-2010 22:57;55;0
05-16-2010 22:58;402;0
05-16-2010 22:59;759;0
05-16-2010 23:00;1512;1
05-16-2010 23:01;1143;1
05-16-2010 23:02;415;0
05-16-2010 23:03;365;0
05-16-2010 23:04;888;0
05-16-2010 23:05;141;0
05-16-2010 23:06;161;0
05-16-2010 23:07;232;0
05-16-2010 23:08;204;0
05-16-2010 23:09;292;0
05-16-2010 23:10;197;0
05-16-2010 23:11;184;0
05-16-2010 23:12;311;0
05-16-2010 23:13;321;0
05-16-2010 23:14;311;0
05-16-2010 23:15;256;0
05-16-2010 23:16;265;0
05-16-2010 23:17;888;0
05-16-2010 23:18;472;0
05-16-2010 23:19;311;0
05-16-2010 23:20;354;0
05-16-2010 23:21;225;0
05-16-2010 23:22;302;0
05-16-2010 23:23;283;0
05-16-2010 23:24;292;0
05-16-2010 23:25;225;0
05-16-2010 23:26;472;0
05-16-2010 23:27;161;0
05-16-2010 23:28;240;0
05-16-2010 23:29;342;0
05-16-2010 23:30;292;0
05-16-2010 23:31;247;0
05-16-2010 23:32;197;0
05-16-2010 23:33;204;0
05-16-2010 23:34;302;0
05-16-2010 23:35;204;0
05-16-2010 23:36;283;0
05-16-2010 23:37;292;0
05-16-2010 23:38;283;0
05-16-2010 23:39;1216;1
05-16-2010 23:40;292;0
05-16-2010 23:41;0;0
05-16-2010 23:42;0;0
05-16-2010 23:43;0;0
05-16-2010 23:44;0;0
05-16-2010 23:45;0;0
05-16-2010 23:46;0;0
05-16-2010 23:47;0;0
05-16-2010 23:48;0;0
05-16-2010 23:49;51;0
05-16-2010 23:50;0;0
05-16-2010 23:51;72;0
05-16-2010 23:52;2;0
05-16-2010 23:53;28;0
05-16-2010 23:54;0;0
05-16-2010 23:55;0;0
05-16-2010 23:56;0;0
05-16-2010 23:57;0;0
05-16-2010 23:58;16;0
05-16-2010 23:59;0;0
05-17-2010 00:00;0;0
05-17-2010 00:01;0;0
05-17-2010 00:02;0;0
05-17-2010 00:03;0;0
05-17-2010 00:04;0;0
05-17-2010 00:05;0;0
05-17-2010 00:06;0;0
05-17-2010 00:07;0;0
05-17-2010 00:08;0;0
05-17-2010 00:09;0;0
05-17-2010 00:10;0;0
05-17-2010 00:11;0;0
05-17-2010 00:12;2;0
05-17-2010 00:13;0;0
05-17-2010 00:14;0;0
05-17-2010 00:15;0;0
05-17-2010 00:16;0;0
05-17-2010 00:17;0;0
05-17-2010 00:18;0;0
05-17-2010 00:19;11;0
05-17-2010 00:20;0;0
05-17-2010 00:21;0;0
05-17-2010 00:22;0;0
05-17-2010 00:23;0;0
05-17-2010 00:24;0;0
05-17-2010 00:25;0;0
05-17-2010 00:26;0;0
05-17-2010 00:27;0;0
05-17-2010 00:28;0;0
05-17-2010 00:29;0;0
05-17-2010 00:30;0;0
05-17-2010 00:31;0;0
05-17-2010 00:32;0;0
05-17-2010 00:33;0;0
05-17-2010 00:34;0;0
05-17-2010 00:35;0;0
05-17-2010 00:36;0;0
05-17-2010 00:37;0;0
05-17-2010 00:38;0;0
05-17-2010 00:39;0;0
05-17-2010 00:40;3;0
05-17-2010 00:41;32;0
05-17-2010 00:42;9;0
05-17-2010 00:43;8;0
05-17-2010 00:44;0;0
05-17-2010 00:45;19;0
05-17-2010 00:46;0;0
05-17-2010 00:47;0;0
05-17-2010 00:48;0;0
05-17-2010 00:49;0;0
05-17-2010 00:50;0;0
05-17-2010 00:51;0;0
05-17-2010 00:52;0;0
05-17-2010 00:53;0;0
05-17-2010 00:54;0;0
05-17-2010 00:55;11;0
05-17-2010 00:56;0;0
05-17-2010 00:57;24;0
05-17-2010 00:58;0;0
05-17-2010 00:59;11;0
05-17-2010 01:00;0;0
05-17-2010 01:01;0;0
05-17-2010 01:02;0;0
05-17-2010 01:03;0;0
05-17-2010 01:04;0;0
05-17-2010 01:05;0;0
05-17-2010 01:06;9;0
05-17-2010 01:07;10;0
05-17-2010 01:08;26;0
05-17-2010 01:09;11;0
05-17-2010 01:10;0;0
05-17-2010 01:11;0;0
05-17-2010 01:12;0;0
05-17-2010 01:13;2;0
05-17-2010 01:14;0;0
05-17-2010 01:15;0;0
05-17-2010 01:16;0;0
05-17-2010 01:17;0;0
05-17-2010 01:18;0;0
05-17-2010 01:19;22;0
05-17-2010 01:20;0;0
05-17-2010 01:21;0;0
05-17-2010 01:22;0;0
05-17-2010 01:23;0;0
05-17-2010 01:24;42;0
05-17-2010 01:25;6;0
05-17-2010 01:26;0;0
05-17-2010 01:27;0;0
05-17-2010 01:28;4;0
05-17-2010 01:29;0;0
05-17-2010 01:30;0;0
05-17-2010 01:31;0;0
05-17-2010 01:32;0;0
05-17-2010 01:33;0;0
05-17-2010 01:34;7;0
05-17-2010 01:35;0;0
05-17-2010 01:36;4;0
05-17-2010 01:37;0;0
05-17-2010 01:38;0;0
05-17-2010 01:39;0;0
05-17-2010 01:40;0;0
05-17-2010 01:41;0;0
05-17-2010 01:42;8;0
05-17-2010 01:43;0;0
05-17-2010 01:44;0;0
05-17-2010 01:45;0;0
05-17-2010 01:46;0;0
05-17-2010 01:47;0;0
05-17-2010 01:48;0;0
05-17-2010 01:49;5;0
05-17-2010 01:50;0;0
05-17-2010 01:51;0;0
05-17-2010 01:52;0;0
05-17-2010 01:53;0;0
05-17-2010 01:54;0;0
05-17-2010 01:55;0;0
05-17-2010 01:56;0;0
05-17-2010 01:57;0;0
05-17-2010 01:58;0;0
05-17-2010 01:59;2;0
05-17-2010 02:00;0;0
05-17-2010 02:01;0;0
05-17-2010 02:02;0;0
05-17-2010 02:03;0;0
05-17-2010 02:04;0;0
05-17-2010 02:05;0;0
05-17-2010 02:06;0;0
05-17-2010 02:07;0;0
05-17-2010 02:08;0;0
05-17-2010 02:09;0;0
05-17-2010 02:10;0;0
05-17-2010 02:11;0;0
05-17-2010 02:12;0;0
05-17-2010 02:13;0;0
05-17-2010 02:14;0;0
05-17-2010 02:15;0;0
05-17-2010 02:16;0;0
05-17-2010 02:17;0;0
05-17-2010 02:18;0;0
05-17-2010 02:19;0;0
05-17-2010 02:20;0;0
05-17-2010 02:21;0;0
05-17-2010 02:22;0;0
05-17-2010 02:23;0;0
05-17-2010 02:24;0;0
05-17-2010 02:25;0;0
05-17-2010 02:26;0;0
05-17-2010 02:27;0;0
05-17-2010 02:28;0;0
05-17-2010 02:29;0;0
05-17-2010 02:30;0;0
05-17-2010 02:31;0;0
05-17-2010 02:32;0;0
05-17-2010 02:33;0;0
05-17-2010 02:34;0;0
05-17-2010 02:35;0;0
05-17-2010 02:36;0;0
05-17-2010 02:37;0;0
05-17-2010 02:38;0;0
05-17-2010 02:39;0;0
05-17-2010 02:40;0;0
05-17-2010 02:41;0;0
05-17-2010 02:42;0;0
05-17-2010 02:43;0;0
05-17-2010 02:44;0;0
05-17-2010 02:45;0;0
05-17-2010 02:46;0;0
05-17-2010 02:47;0;0
05-17-2010 02:48;0;0
05-17-2010 02:49;0;0
05-17-2010 02:50;0;0
05-17-2010 02:51;0;0
05-17-2010 02:52;0;0
05-17-2010 02:53;0;0
05-17-2010 02:54;0;0
05-17-2010 02:55;0;0
05-17-2010 02:56;0;0
05-17-2010 02:57;0;0
05-17-2010 02:58;0;0
05-17-2010 02:59;0;0
05-17-2010 03:00;0;0
05-17-2010 03:01;0;0
05-17-2010 03:02;0;0
05-17-2010 03:03;0;0
05-17-2010 03:04;0;0
05-17-2010 03:05;0;0
05-17-2010 03:06;0;0
05-17-2010 03:07;0;0
05-17-2010 03:08;0;0
05-17-2010 03:09;0;0
05-17-2010 03:10;0;0
05-17-2010 03:11;0;0
05-17-2010 03:12;0;0
05-17-2010 03:13;0;0
05-17-2010 03:14;0;0
05-17-2010 03:15;0;0
05-17-2010 03:16;0;0
05-17-2010 03:17;0;0
05-17-2010 03:18;0;0
05-17-2010 03:19;0;0
05-17-2010 03:20;0;0
05-17-2010 03:21;0;0
05-17-2010 03:22;0;0
05-17-2010 03:23;0;0
05-17-2010 03:24;0;0
05-17-2010 03:25;0;0
05-17-2010 03:26;0;0
05-17-2010 03:27;0;0
05-17-2010 03:28;0;0
05-17-2010 03:29;0;0
05-17-2010 03:30;0;0
05-17-2010 03:31;0;0
05-17-2010 03:32;0;0
05-17-2010 03:33;0;0
05-17-2010 03:34;0;0
05-17-2010 03:35;0;0
05-17-2010 03:36;0;0
05-17-2010 03:37;0;0
05-17-2010 03:38;0;0
05-17-2010 03:39;0;0
05-17-2010 03:40;0;0
05-17-2010 03:41;0;0
05-17-2010 03:42;0;0
05-17-2010 03:43;0;0
05-17-2010 03:44;0;0
05-17-2010 03:45;0;0
05-17-2010 03:46;0;0
05-17-2010 03:47;0;0
05-17-2010 03:48;0;0
05-17-2010 03:49;0;0
05-17-2010 03:50;0;0
05-17-2010 03:51;0;0
05-17-2010 03:52;0;0
05-17-2010 03:53;0;0
05-17-2010 03:54;0;0
05-17-2010 03:55;0;0
05-17-2010 03:56;0;0
05-17-2010 03:57;0;0
05-17-2010 03:58;0;0
05-17-2010 03:59;0;0
05-17-2010 04:00;0;0
05-17-2010 04:01;0;0
05-17-2010 04:02;0;0
05-17-2010 04:03;0;0
05-17-2010 04:04;0;0
05-17-2010 04:05;0;0
05-17-2010 04:06;0;0
05-17-2010 04:07;0;0
05-17-2010 04:08;0;0
05-17-2010 04:09;0;0
05-17-2010 04:10;0;0
05-17-2010 04:11;0;0
05-17-2010 04:12;0;0
05-17-2010 04:13;0;0
05-17-2010 04:14;0;0
05-17-2010 04:15;0;0
05-17-2010 04:16;0;0
05-17-2010 04:17;0;0
05-17-2010 04:18;0;0
05-17-2010 04:19;0;0
05-17-2010 04:20;0;0
05-17-2010 04:21;0;0
05-17-2010 04:22;0;0
05-17-2010 04:23;0;0
05-17-2010 04:24;0;0
05-17-2010 04:25;0;0
05-17-2010 04:26;0;0
05-17-2010 04:27;0;0
05-17-2010 04:28;0;0
05-17-2010 04:29;0;0
05-17-2010 04:30;0;0
05-17-2010 04:31;0;0
05-17-2010 04:32;0;0
05-17-2010 04:33;0;0
05-17-2010 04:34;0;0
05-17-2010 04:35;0;0
05-17-2010 04:36;0;0
05-17-2010 04:37;0;0
05-17-2010 04:38;0;0
05-17-2010 04:39;0;0
05-17-2010 04:40;0;0
05-17-2010 04:41;0;0
05-17-2010 04:42;0;0
05-17-2010 04:43;0;0
05-17-2010 04:44;0;0
05-17-2010 04:45;0;0
05-17-2010 04:46;0;0
05-17-2010 04:47;0;0
05-17-2010 04:48;0;0
05-17-2010 04:49;0;0
05-17-2010 04:50;0;0
05-17-2010 04:51;0;0
05-17-2010 04:52;0;0
05-17-2010 04:53;0;0
05-17-2010 04:54;0;0
05-17-2010 04:55;0;0
05-17-2010 04:56;0;0
05-17-2010 04:57;0;0
05-17-2010 04:58;0;0
05-17-2010 04:59;0;0
05-17-2010 05:00;0;0
05-17-2010 05:01;0;0
05-17-2010 05:02;0;0
05-17-2010 05:03;0;0
05-17-2010 05:04;29;0
05-17-2010 05:05;0;0
05-17-2010 05:06;0;0
05-17-2010 05:07;0;0
05-17-2010 05:08;0;0
05-17-2010 05:09;0;0
05-17-2010 05:10;0;0
05-17-2010 05:11;0;0
05-17-2010 05:12;0;0
05-17-2010 05:13;0;0
05-17-2010 05:14;0;0
05-17-2010 05:15;0;0
05-17-2010 05:16;0;0
05-17-2010 05:17;0;0
05-17-2010 05:18;0;0
05-17-2010 05:19;0;0
05-17-2010 05:20;0;0
05-17-2010 05:21;0;0
05-17-2010 05:22;0;0
05-17-2010 05:23;0;0
05-17-2010 05:24;0;0
05-17-2010 05:25;0;0
05-17-2010 05:26;0;0
05-17-2010 05:27;0;0
05-17-2010 05:28;0;0
05-17-2010 05:29;0;0
05-17-2010 05:30;0;0
05-17-2010 05:31;0;0
05-17-2010 05:32;0;0
05-17-2010 05:33;0;0
05-17-2010 05:34;0;0
05-17-2010 05:35;0;0
05-17-2010 05:36;0;0
05-17-2010 05:37;0;0
05-17-2010 05:38;0;0
05-17-2010 05:39;0;0
05-17-2010 05:40;0;0
05-17-2010 05:41;0;0
05-17-2010 05:42;0;0
05-17-2010 05:43;0;0
05-17-2010 05:44;0;0
05-17-2010 05:45;0;0
05-17-2010 05:46;0;0
05-17-2010 05:47;0;0
05-17-2010 05:48;0;0
05-17-2010 05:49;0;0
05-17-2010 05:50;0;0
05-17-2010 05:51;0;0
05-17-2010 05:52;0;0
05-17-2010 05:53;0;0
05-17-2010 05:54;0;0
05-17-2010 05:55;0;0
05-17-2010 05:56;0;0
05-17-2010 05:57;0;0
05-17-2010 05:58;0;0
05-17-2010 05:59;0;0
05-17-2010 06:00;0;0
05-17-2010 06:01;0;0
05-17-2010 06:02;0;0
05-17-2010 06:03;0;0
05-17-2010 06:04;0;0
05-17-2010 06:05;0;0
05-17-2010 06:06;0;0
05-17-2010 06:07;0;0
05-17-2010 06:08;0;0
05-17-2010 06:09;0;0
05-17-2010 06:10;0;0
05-17-2010 06:11;0;0
05-17-2010 06:12;0;0
05-17-2010 06:13;0;0
05-17-2010 06:14;0;0
05-17-2010 06:15;0;0
05-17-2010 06:16;0;0
05-17-2010 06:17;0;0
05-17-2010 06:18;0;0
05-17-2010 06:19;0;0
05-17-2010 06:20;0;0
05-17-2010 06:21;0;0
05-17-2010 06:22;0;0
05-17-2010 06:23;0;0
05-17-2010 06:24;0;0
05-17-2010 06:25;0;0
05-17-2010 06:26;0;0
05-17-2010 06:27;0;0
05-17-2010 06:28;0;0
05-17-2010 06:29;0;0
05-17-2010 06:30;0;0
05-17-2010 06:31;0;0
05-17-2010 06:32;0;0
05-17-2010 06:33;0;0
05-17-2010 06:34;0;0
05-17-2010 06:35;0;0
05-17-2010 06:36;0;0
05-17-2010 06:37;0;0
05-17-2010 06:38;0;0
05-17-2010 06:39;0;0
05-17-2010 06:40;0;0
05-17-2010 06:41;0;0
05-17-2010 06:42;0;0
05-17-2010 06:43;0;0
05-17-2010 06:44;0;0
05-17-2010 06:45;0;0
05-17-2010 06:46;0;0
05-17-2010 06:47;0;0
05-17-2010 06:48;0;0
05-17-2010 06:49;0;0
05-17-2010 06:50;0;0
05-17-2010 06:51;0;0
05-17-2010 06:52;0;0
05-17-2010 06:53;0;0
05-17-2010 06:54;0;0
05-17-2010 06:55;0;0
05-17-2010 06:56;0;0
05-17-2010 06:57;0;0
05-17-2010 06:58;0;0
05-17-2010 06:59;0;0
05-17-2010 07:00;0;0
05-17-2010 07:01;0;0
05-17-2010 07:02;0;0
05-17-2010 07:03;0;0
05-17-2010 07:04;0;0
05-17-2010 07:05;0;0
05-17-2010 07:06;0;0
05-17-2010 07:07;0;0
05-17-2010 07:08;0;0
05-17-2010 07:09;0;0
05-17-2010 07:10;0;0
05-17-2010 07:11;0;0
05-17-2010 07:12;0;0
05-17-2010 07:13;0;0
05-17-2010 07:14;0;0
05-17-2010 07:15;0;0
05-17-2010 07:16;0;0
05-17-2010 07:17;0;0
05-17-2010 07:18;0;0
05-17-2010 07:19;0;0
05-17-2010 07:20;0;0
05-17-2010 07:21;0;0
05-17-2010 07:22;457;0
05-17-2010 07:23;0;0
05-17-2010 07:24;0;0
05-17-2010 07:25;0;0
05-17-2010 07:26;0;0
05-17-2010 07:27;0;0
05-17-2010 07:28;0;0
05-17-2010 07:29;217;0
05-17-2010 07:30;784;0
05-17-2010 07:31;429;0
05-17-2010 07:32;1216;1
05-17-2010 07:33;1294;1
05-17-2010 07:34;1040;0
05-17-2010 07:35;759;0
05-17-2010 07:36;809;0
05-17-2010 07:37;629;0
05-17-2010 07:38;759;0
05-17-2010 07:39;713;0
05-17-2010 07:40;759;0
05-17-2010 07:41;809;0
05-17-2010 07:42;888;0
05-17-2010 07:43;292;0
05-17-2010 07:44;784;0
05-17-2010 07:45;1040;0
05-17-2010 07:46;629;0
05-17-2010 07:47;554;0
05-17-2010 07:48;759;0
05-17-2010 07:49;554;0
05-17-2010 07:50;590;0
05-17-2010 07:51;1040;0
05-17-2010 07:52;1040;0
05-17-2010 07:53;736;0
05-17-2010 07:54;572;0
05-17-2010 07:55;1073;1
05-17-2010 07:56;1216;1
05-17-2010 07:57;520;0
05-17-2010 07:58;1254;1
05-17-2010 07:59;649;0
05-17-2010 08:00;649;0
05-17-2010 08:01;1073;1
05-17-2010 08:02;572;0
05-17-2010 08:03;649;0
05-17-2010 08:04;784;0
05-17-2010 08:05;669;0
05-17-2010 08:06;415;0
05-17-2010 08:07;321;0
05-17-2010 08:08;759;0
05-17-2010 08:09;649;0
05-17-2010 08:10;669;0
05-17-2010 08:11;554;0
05-17-2010 08:12;691;0
05-17-2010 08:13;590;0
05-17-2010 08:14;629;0
05-17-2010 08:15;629;0
05-17-2010 08:16;759;0
05-17-2010 08:17;784;0
05-17-2010 08:18;429;0
05-17-2010 08:19;457;0
05-17-2010 08:20;1040;0
05-17-2010 08:21;713;0
05-17-2010 08:22;590;0
05-17-2010 08:23;834;0
05-17-2010 08:24;861;0
05-17-2010 08:25;1073;1
05-17-2010 08:26;1512;1
05-17-2010 08:27;1179;1
05-17-2010 08:28;1216;1
05-17-2010 08:29;1421;1
05-17-2010 08:30;1107;1
05-17-2010 08:31;917;0
05-17-2010 08:32;457;0
05-17-2010 08:33;2;0
05-17-2010 08:34;57;0
05-17-2010 08:35;210;0
05-17-2010 08:36;9;0
05-17-2010 08:37;443;0
05-17-2010 08:38;713;0
05-17-2010 08:39;691;0
05-17-2010 08:40;861;0
05-17-2010 08:41;572;0
05-17-2010 08:42;487;0
05-17-2010 08:43;520;0
05-17-2010 08:44;609;0
05-17-2010 08:45;232;0
05-17-2010 08:46;332;0
05-17-2010 08:47;184;0
05-17-2010 08:48;402;0
05-17-2010 08:49;1008;0
05-17-2010 08:50;1107;1
05-17-2010 08:51;443;0
05-17-2010 08:52;1008;0
05-17-2010 08:53;0;0
05-17-2010 08:54;0;0
05-17-2010 08:55;0;0
05-17-2010 08:56;0;0
05-17-2010 08:57;0;0
05-17-2010 08:58;0;0
05-17-2010 08:59;946;0
05-17-2010 09:00;1216;1
05-17-2010 09:01;834;0
05-17-2010 09:02;861;0
05-17-2010 09:03;1073;1
05-17-2010 09:04;2194;1
05-17-2010 09:05;917;0
05-17-2010 09:06;669;0
05-17-2010 09:07;834;0
05-17-2010 09:08;1378;1
05-17-2010 09:09;1560;1
05-17-2010 09:10;946;0
05-17-2010 09:11;1378;1
05-17-2010 09:12;1609;1
05-17-2010 09:13;1335;1
05-17-2010 09:14;2062;1
05-17-2010 09:15;1766;1
05-17-2010 09:16;2483;1
05-17-2010 09:17;1466;1
05-17-2010 09:18;1040;0
05-17-2010 09:19;669;0
05-17-2010 09:20;590;0
05-17-2010 09:21;572;0
05-17-2010 09:22;590;0
05-17-2010 09:23;784;0
05-17-2010 09:24;977;0
05-17-2010 09:25;834;0
05-17-2010 09:26;629;0
05-17-2010 09:27;69;0
05-17-2010 09:28;64;0
05-17-2010 09:29;127;0
05-17-2010 09:30;81;0
05-17-2010 09:31;34;0
05-17-2010 09:32;443;0
05-17-2010 09:33;609;0
05-17-2010 09:34;809;0
05-17-2010 09:35;917;0
05-17-2010 09:36;861;0
05-17-2010 09:37;736;0
05-17-2010 09:38;834;0
05-17-2010 09:39;784;0
05-17-2010 09:40;861;0
05-17-2010 09:41;861;0
05-17-2010 09:42;342;0
05-17-2010 09:43;0;0
05-17-2010 09:44;0;0
05-17-2010 09:45;47;0
05-17-2010 09:46;34;0
05-17-2010 09:47;44;0
05-17-2010 09:48;23;0
05-17-2010 09:49;11;0
05-17-2010 09:50;6;0
05-17-2010 09:51;0;0
05-17-2010 09:52;24;0
05-17-2010 09:53;15;0
05-17-2010 09:54;0;0
05-17-2010 09:55;9;0
05-17-2010 09:56;51;0
05-17-2010 09:57;197;0
05-17-2010 09:58;86;0
05-17-2010 09:59;210;0
05-17-2010 10:00;210;0
05-17-2010 10:01;321;0
05-17-2010 10:02;240;0
05-17-2010 10:03;977;0
05-17-2010 10:04;1008;0
05-17-2010 10:05;1107;1
05-17-2010 10:06;977;0
05-17-2010 10:07;1008;0
05-17-2010 10:08;977;0
05-17-2010 10:09;1040;0
05-17-2010 10:10;946;0
05-17-2010 10:11;759;0
05-17-2010 10:12;1143;1
05-17-2010 10:13;759;0
05-17-2010 10:14;759;0
05-17-2010 10:15;736;0
05-17-2010 10:16;1107;1
05-17-2010 10:17;1040;0
05-17-2010 10:18;1254;1
05-17-2010 10:19;1766;1
05-17-2010 10:20;1073;1
05-17-2010 10:21;1008;0
05-17-2010 10:22;1294;1
05-17-2010 10:23;1254;1
05-17-2010 10:24;888;0
05-17-2010 10:25;1335;1
05-17-2010 10:26;1107;1
05-17-2010 10:27;1294;1
05-17-2010 10:28;1107;1
05-17-2010 10:29;1512;1
05-17-2010 10:30;834;0
05-17-2010 10:31;834;0
05-17-2010 10:32;1712;1
05-17-2010 10:33;1107;1
05-17-2010 10:34;1040;0
05-17-2010 10:35;759;0
05-17-2010 10:36;402;0
05-17-2010 10:37;115;0
05-17-2010 10:38;103;0
05-17-2010 10:39;53;0
05-17-2010 10:40;103;0
05-17-2010 10:41;377;0
05-17-2010 10:42;590;0
05-17-2010 10:43;365;0
05-17-2010 10:44;809;0
05-17-2010 10:45;759;0
05-17-2010 10:46;736;0
05-17-2010 10:47;759;0
05-17-2010 10:48;861;0
05-17-2010 10:49;736;0
05-17-2010 10:50;649;0
05-17-2010 10:51;402;0
05-17-2010 10:52;590;0
05-17-2010 10:53;572;0
05-17-2010 10:54;503;0
05-17-2010 10:55;649;0
05-17-2010 10:56;487;0
05-17-2010 10:57;861;0
05-17-2010 10:58;184;0
05-17-2010 10:59;354;0
05-17-2010 11:00;365;0
05-17-2010 11:01;167;0
05-17-2010 11:02;210;0
05-17-2010 11:03;8;0
05-17-2010 11:04;256;0
05-17-2010 11:05;520;0
05-17-2010 11:06;273;0
05-17-2010 11:07;232;0
05-17-2010 11:08;377;0
05-17-2010 11:09;191;0
05-17-2010 11:10;184;0
05-17-2010 11:11;204;0
05-17-2010 11:12;247;0
05-17-2010 11:13;25;0
05-17-2010 11:14;146;0
05-17-2010 11:15;240;0
05-17-2010 11:16;487;0
05-17-2010 11:17;72;0
05-17-2010 11:18;161;0
05-17-2010 11:19;273;0
05-17-2010 11:20;146;0
05-17-2010 11:21;342;0
05-17-2010 11:22;178;0
05-17-2010 11:23;132;0
05-17-2010 11:24;83;0
05-17-2010 11:25;115;0
05-17-2010 11:26;321;0
05-17-2010 11:27;1008;0
05-17-2010 11:28;834;0
05-17-2010 11:29;759;0
05-17-2010 11:30;834;0
05-17-2010 11:31;649;0
05-17-2010 11:32;649;0
05-17-2010 11:33;590;0
05-17-2010 11:34;691;0
05-17-2010 11:35;609;0
05-17-2010 11:36;590;0
05-17-2010 11:37;554;0
05-17-2010 11:38;759;0
05-17-2010 11:39;917;0
05-17-2010 11:40;946;0
05-17-2010 11:41;1107;1
05-17-2010 11:42;784;0
05-17-2010 11:43;609;0
05-17-2010 11:44;713;0
05-17-2010 11:45;691;0
05-17-2010 11:46;888;0
05-17-2010 11:47;487;0
05-17-2010 11:48;713;0
05-17-2010 11:49;669;0
05-17-2010 11:50;649;0
05-17-2010 11:51;590;0
05-17-2010 11:52;649;0
05-17-2010 11:53;736;0
05-17-2010 11:54;554;0
05-17-2010 11:55;520;0
05-17-2010 11:56;784;0
05-17-2010 11:57;736;0
05-17-2010 11:58;759;0
05-17-2010 11:59;691;0
05-17-2010 12:00;736;0
05-17-2010 12:01;590;0
05-17-2010 12:02;691;0
05-17-2010 12:03;649;0
05-17-2010 12:04;629;0
05-17-2010 12:05;861;0
05-17-2010 12:06;691;0
05-17-2010 12:07;520;0
05-17-2010 12:08;713;0
05-17-2010 12:09;609;0
05-17-2010 12:10;809;0
05-17-2010 12:11;520;0
05-17-2010 12:12;554;0
05-17-2010 12:13;691;0
05-17-2010 12:14;520;0
05-17-2010 12:15;669;0
05-17-2010 12:16;649;0
05-17-2010 12:17;377;0
05-17-2010 12:18;265;0
05-17-2010 12:19;256;0
05-17-2010 12:20;217;0
05-17-2010 12:21;240;0
05-17-2010 12:22;151;0
05-17-2010 12:23;691;0
05-17-2010 12:24;669;0
05-17-2010 12:25;629;0
05-17-2010 12:26;649;0
05-17-2010 12:27;487;0
05-17-2010 12:28;590;0
05-17-2010 12:29;590;0
05-17-2010 12:30;302;0
05-17-2010 12:31;132;0
05-17-2010 12:32;240;0
05-17-2010 12:33;55;0
05-17-2010 12:34;155;0
05-17-2010 12:35;66;0
05-17-2010 12:36;210;0
05-17-2010 12:37;247;0
05-17-2010 12:38;81;0
05-17-2010 12:39;232;0
05-17-2010 12:40;713;0
05-17-2010 12:41;132;0
05-17-2010 12:42;321;0
05-17-2010 12:43;137;0
05-17-2010 12:44;377;0
05-17-2010 12:45;217;0
05-17-2010 12:46;302;0
05-17-2010 12:47;210;0
05-17-2010 12:48;265;0
05-17-2010 12:49;240;0
05-17-2010 12:50;225;0
05-17-2010 12:51;713;0
05-17-2010 12:52;342;0
05-17-2010 12:53;520;0
05-17-2010 12:54;321;0
05-17-2010 12:55;354;0
05-17-2010 12:56;256;0
05-17-2010 12:57;415;0
05-17-2010 12:58;302;0
05-17-2010 12:59;302;0
05-17-2010 13:00;273;0
05-17-2010 13:01;487;0
05-17-2010 13:02;649;0
05-17-2010 13:03;443;0
05-17-2010 13:04;273;0
05-17-2010 13:05;342;0
05-17-2010 13:06;232;0
05-17-2010 13:07;311;0
05-17-2010 13:08;537;0
05-17-2010 13:09;265;0
05-17-2010 13:10;197;0
05-17-2010 13:11;443;0
05-17-2010 13:12;332;0
05-17-2010 13:13;1216;1
05-17-2010 13:14;946;0
05-17-2010 13:15;759;0
05-17-2010 13:16;691;0
05-17-2010 13:17;72;0
05-17-2010 13:18;265;0
05-17-2010 13:19;217;0
05-17-2010 13:20;537;0
05-17-2010 13:21;713;0
05-17-2010 13:22;554;0
05-17-2010 13:23;415;0
05-17-2010 13:24;429;0
05-17-2010 13:25;443;0
05-17-2010 13:26;503;0
05-17-2010 13:27;554;0
05-17-2010 13:28;402;0
05-17-2010 13:29;377;0
05-17-2010 13:30;415;0
05-17-2010 13:31;402;0
05-17-2010 13:32;365;0
05-17-2010 13:33;390;0
05-17-2010 13:34;354;0
05-17-2010 13:35;1073;1
05-17-2010 13:36;554;0
05-17-2010 13:37;61;0
05-17-2010 13:38;15;0
05-17-2010 13:39;13;0
05-17-2010 13:40;64;0
05-17-2010 13:41;173;0
05-17-2010 13:42;554;0
05-17-2010 13:43;83;0
05-17-2010 13:44;390;0
05-17-2010 13:45;265;0
05-17-2010 13:46;691;0
05-17-2010 13:47;1040;0
05-17-2010 13:48;1143;1
05-17-2010 13:49;946;0
05-17-2010 13:50;572;0
05-17-2010 13:51;554;0
05-17-2010 13:52;273;0
05-17-2010 13:53;487;0
05-17-2010 13:54;103;0
05-17-2010 13:55;342;0
05-17-2010 13:56;487;0
05-17-2010 13:57;197;0
05-17-2010 13:58;204;0
05-17-2010 13:59;217;0
05-17-2010 14:00;443;0
05-17-2010 14:01;1073;1
05-17-2010 14:02;1560;1
05-17-2010 14:03;1216;1
05-17-2010 14:04;861;0
05-17-2010 14:05;629;0
05-17-2010 14:06;283;0
05-17-2010 14:07;443;0
05-17-2010 14:08;1073;1
05-17-2010 14:09;554;0
05-17-2010 14:10;649;0
05-17-2010 14:11;503;0
05-17-2010 14:12;332;0
05-17-2010 14:13;72;0
05-17-2010 14:14;759;0
05-17-2010 14:15;590;0
05-17-2010 14:16;472;0
05-17-2010 14:17;119;0
05-17-2010 14:18;78;0
05-17-2010 14:19;83;0
05-17-2010 14:20;265;0
05-17-2010 14:21;302;0
05-17-2010 14:22;457;0
05-17-2010 14:23;365;0
05-17-2010 14:24;92;0
05-17-2010 14:25;302;0
05-17-2010 14:26;210;0
05-17-2010 14:27;57;0
05-17-2010 14:28;415;0
05-17-2010 14:29;161;0
05-17-2010 14:30;332;0
05-17-2010 14:31;49;0
05-17-2010 14:32;122;0
05-17-2010 14:33;141;0
05-17-2010 14:34;115;0
05-17-2010 14:35;103;0
05-17-2010 14:36;38;0
05-17-2010 14:37;0;0
05-17-2010 14:38;10;0
05-17-2010 14:39;27;0
05-17-2010 14:40;736;0
05-17-2010 14:41;354;0
05-17-2010 14:42;354;0
05-17-2010 14:43;354;0
05-17-2010 14:44;332;0
05-17-2010 14:45;273;0
05-17-2010 14:46;210;0
05-17-2010 14:47;122;0
05-17-2010 14:48;247;0
05-17-2010 14:49;302;0
05-17-2010 14:50;472;0
05-17-2010 14:51;321;0
05-17-2010 14:52;47;0
05-17-2010 14:53;72;0
05-17-2010 14:54;7;0
05-17-2010 14:55;20;0
05-17-2010 14:56;23;0
05-17-2010 14:57;14;0
05-17-2010 14:58;18;0
05-17-2010 14:59;18;0
05-17-2010 15:00;6;0
05-17-2010 15:01;11;0
05-17-2010 15:02;14;0
05-17-2010 15:03;390;0
05-17-2010 15:04;283;0
05-17-2010 15:05;78;0
05-17-2010 15:06;9;0
05-17-2010 15:07;3;0
05-17-2010 15:08;5;0
05-17-2010 15:09;0;0
05-17-2010 15:10;21;0
05-17-2010 15:11;4;0
05-17-2010 15:12;0;0
05-17-2010 15:13;10;0
05-17-2010 15:14;53;0
05-17-2010 15:15;28;0
05-17-2010 15:16;0;0
05-17-2010 15:17;17;0
05-17-2010 15:18;12;0
05-17-2010 15:19;204;0
05-17-2010 15:20;137;0
05-17-2010 15:21;1143;1
05-17-2010 15:22;122;0
05-17-2010 15:23;69;0
05-17-2010 15:24;265;0
05-17-2010 15:25;0;0
05-17-2010 15:26;0;0
05-17-2010 15:27;0;0
05-17-2010 15:28;0;0
05-17-2010 15:29;0;0
05-17-2010 15:30;0;0
05-17-2010 15:31;0;0
05-17-2010 15:32;0;0
05-17-2010 15:33;0;0
05-17-2010 15:34;0;0
05-17-2010 15:35;0;0
05-17-2010 15:36;0;0
05-17-2010 15:37;0;0
05-17-2010 15:38;0;0
05-17-2010 15:39;0;0
05-17-2010 15:40;0;0
05-17-2010 15:41;0;0
05-17-2010 15:42;0;0
05-17-2010 15:43;0;0
05-17-2010 15:44;197;0
05-17-2010 15:45;311;0
05-17-2010 15:46;2;0
05-17-2010 15:47;0;0
05-17-2010 15:48;0;0
05-17-2010 15:49;0;0
05-17-2010 15:50;0;0
05-17-2010 15:51;0;0
05-17-2010 15:52;0;0
05-17-2010 15:53;0;0
05-17-2010 15:54;0;0
05-17-2010 15:55;0;0
05-17-2010 15:56;0;0
05-17-2010 15:57;0;0
05-17-2010 15:58;0;0
05-17-2010 15:59;0;0
05-17-2010 16:00;0;0
05-17-2010 16:01;0;0
05-17-2010 16:02;0;0
05-17-2010 16:03;122;0
05-17-2010 16:04;0;0
05-17-2010 16:05;0;0
05-17-2010 16:06;0;0
05-17-2010 16:07;0;0
05-17-2010 16:08;0;0
05-17-2010 16:09;115;0
05-17-2010 16:10;572;0
05-17-2010 16:11;107;0
05-17-2010 16:12;554;0
05-17-2010 16:13;609;0
05-17-2010 16:14;377;0
05-17-2010 16:15;0;0
05-17-2010 16:16;14;0
05-17-2010 16:17;0;0
05-17-2010 16:18;14;0
05-17-2010 16:19;0;0
05-17-2010 16:20;0;0
05-17-2010 16:21;8;0
05-17-2010 16:22;0;0
05-17-2010 16:23;0;0
05-17-2010 16:24;2;0
05-17-2010 16:25;9;0
05-17-2010 16:26;0;0
05-17-2010 16:27;0;0
05-17-2010 16:28;0;0
05-17-2010 16:29;78;0
05-17-2010 16:30;946;0
05-17-2010 16:31;302;0
05-17-2010 16:32;184;0
05-17-2010 16:33;47;0
05-17-2010 16:34;5;0
05-17-2010 16:35;11;0
05-17-2010 16:36;273;0
05-17-2010 16:37;2;0
05-17-2010 16:38;14;0
05-17-2010 16:39;0;0
05-17-2010 16:40;0;0
05-17-2010 16:41;2;0
05-17-2010 16:42;0;0
05-17-2010 16:43;0;0
05-17-2010 16:44;86;0
05-17-2010 16:45;2;0
05-17-2010 16:46;2;0
05-17-2010 16:47;2;0
05-17-2010 16:48;2;0
05-17-2010 16:49;9;0
05-17-2010 16:50;8;0
05-17-2010 16:51;2;0
05-17-2010 16:52;6;0
05-17-2010 16:53;0;0
05-17-2010 16:54;6;0
05-17-2010 16:55;2;0
05-17-2010 16:56;11;0
05-17-2010 16:57;0;0
05-17-2010 16:58;0;0
05-17-2010 16:59;0;0
05-17-2010 17:00;4;0
05-17-2010 17:01;86;0
05-17-2010 17:02;14;0
05-17-2010 17:03;0;0
05-17-2010 17:04;0;0
05-17-2010 17:05;0;0
05-17-2010 17:06;0;0
05-17-2010 17:07;132;0
05-17-2010 17:08;2;0
05-17-2010 17:09;0;0
05-17-2010 17:10;10;0
05-17-2010 17:11;2;0
05-17-2010 17:12;16;0
05-17-2010 17:13;9;0
05-17-2010 17:14;167;0
05-17-2010 17:15;8;0
05-17-2010 17:16;0;0
05-17-2010 17:17;6;0
05-17-2010 17:18;0;0
05-17-2010 17:19;2;0
05-17-2010 17:20;669;0
05-17-2010 17:21;888;0
05-17-2010 17:22;784;0
05-17-2010 17:23;669;0
05-17-2010 17:24;590;0
05-17-2010 17:25;809;0
05-17-2010 17:26;443;0
05-17-2010 17:27;590;0
05-17-2010 17:28;554;0
05-17-2010 17:29;472;0
05-17-2010 17:30;365;0
05-17-2010 17:31;232;0
05-17-2010 17:32;520;0
05-17-2010 17:33;1421;1
05-17-2010 17:34;1466;1
05-17-2010 17:35;503;0
05-17-2010 17:36;537;0
05-17-2010 17:37;537;0
05-17-2010 17:38;178;0
05-17-2010 17:39;0;0
05-17-2010 17:40;66;0
05-17-2010 17:41;27;0
05-17-2010 17:42;96;0
05-17-2010 17:43;0;0
05-17-2010 17:44;0;0
05-17-2010 17:45;2;0
05-17-2010 17:46;0;0
05-17-2010 17:47;2;0
05-17-2010 17:48;0;0
05-17-2010 17:49;0;0
05-17-2010 17:50;5;0
05-17-2010 17:51;51;0
05-17-2010 17:52;6;0
05-17-2010 17:53;0;0
05-17-2010 17:54;2;0
05-17-2010 17:55;8;0
05-17-2010 17:56;11;0
05-17-2010 17:57;9;0
05-17-2010 17:58;0;0
05-17-2010 17:59;2;0
05-17-2010 18:00;3;0
05-17-2010 18:01;2;0
05-17-2010 18:02;0;0
05-17-2010 18:03;2;0
05-17-2010 18:04;6;0
05-17-2010 18:05;0;0
05-17-2010 18:06;0;0
05-17-2010 18:07;0;0
05-17-2010 18:08;0;0
05-17-2010 18:09;10;0
05-17-2010 18:10;12;0
05-17-2010 18:11;127;0
05-17-2010 18:12;0;0
05-17-2010 18:13;0;0
05-17-2010 18:14;8;0
05-17-2010 18:15;0;0
05-17-2010 18:16;3;0
05-17-2010 18:17;736;0
05-17-2010 18:18;1008;0
05-17-2010 18:19;713;0
05-17-2010 18:20;713;0
05-17-2010 18:21;834;0
05-17-2010 18:22;1254;1
05-17-2010 18:23;1008;0
05-17-2010 18:24;1040;0
05-17-2010 18:25;1179;1
05-17-2010 18:26;977;0
05-17-2010 18:27;1107;1
05-17-2010 18:28;1040;0
05-17-2010 18:29;1008;0
05-17-2010 18:30;736;0
05-17-2010 18:31;888;0
05-17-2010 18:32;759;0
05-17-2010 18:33;977;0
05-17-2010 18:34;784;0
05-17-2010 18:35;1107;1
05-17-2010 18:36;861;0
05-17-2010 18:37;1008;0
05-17-2010 18:38;2194;1
05-17-2010 18:39;917;0
05-17-2010 18:40;759;0
05-17-2010 18:41;1040;0
05-17-2010 18:42;537;0
05-17-2010 18:43;917;0
05-17-2010 18:44;1294;1
05-17-2010 18:45;1466;1
05-17-2010 18:46;861;0
05-17-2010 18:47;321;0
05-17-2010 18:48;834;0
05-17-2010 18:49;365;0
05-17-2010 18:50;240;0
05-17-2010 18:51;415;0
05-17-2010 18:52;311;0
05-17-2010 18:53;834;0
05-17-2010 18:54;167;0
05-17-2010 18:55;141;0
05-17-2010 18:56;155;0
05-17-2010 18:57;197;0
05-17-2010 18:58;265;0
05-17-2010 18:59;354;0
05-17-2010 19:00;554;0
05-17-2010 19:01;629;0
05-17-2010 19:02;520;0
05-17-2010 19:03;146;0
05-17-2010 19:04;155;0
05-17-2010 19:05;96;0
05-17-2010 19:06;311;0
05-17-2010 19:07;377;0
05-17-2010 19:08;1107;1
05-17-2010 19:09;736;0
05-17-2010 19:10;429;0
05-17-2010 19:11;503;0
05-17-2010 19:12;537;0
05-17-2010 19:13;390;0
05-17-2010 19:14;554;0
05-17-2010 19:15;111;0
05-17-2010 19:16;49;0
05-17-2010 19:17;81;0
05-17-2010 19:18;127;0
05-17-2010 19:19;100;0
05-17-2010 19:20;137;0
05-17-2010 19:21;75;0
05-17-2010 19:22;3;0
05-17-2010 19:23;0;0
05-17-2010 19:24;40;0
05-17-2010 19:25;173;0
05-17-2010 19:26;402;0
05-17-2010 19:27;429;0
05-17-2010 19:28;759;0
05-17-2010 19:29;590;0
05-17-2010 19:30;629;0
05-17-2010 19:31;472;0
05-17-2010 19:32;809;0
05-17-2010 19:33;354;0
05-17-2010 19:34;503;0
05-17-2010 19:35;917;0
05-17-2010 19:36;1040;0
05-17-2010 19:37;691;0
05-17-2010 19:38;204;0
05-17-2010 19:39;292;0
05-17-2010 19:40;115;0
05-17-2010 19:41;217;0
05-17-2010 19:42;115;0
05-17-2010 19:43;40;0
05-17-2010 19:44;2;0
05-17-2010 19:45;0;0
05-17-2010 19:46;0;0
05-17-2010 19:47;75;0
05-17-2010 19:48;27;0
05-17-2010 19:49;0;0
05-17-2010 19:50;0;0
05-17-2010 19:51;36;0
05-17-2010 19:52;217;0
05-17-2010 19:53;191;0
05-17-2010 19:54;225;0
05-17-2010 19:55;292;0
05-17-2010 19:56;66;0
05-17-2010 19:57;51;0
05-17-2010 19:58;3;0
05-17-2010 19:59;115;0
05-17-2010 20:00;0;0
05-17-2010 20:01;7;0
05-17-2010 20:02;0;0
05-17-2010 20:03;0;0
05-17-2010 20:04;2;0
05-17-2010 20:05;2;0
05-17-2010 20:06;204;0
05-17-2010 20:07;354;0
05-17-2010 20:08;127;0
05-17-2010 20:09;178;0
05-17-2010 20:10;217;0
05-17-2010 20:11;365;0
05-17-2010 20:12;377;0
05-17-2010 20:13;402;0
05-17-2010 20:14;354;0
05-17-2010 20:15;217;0
05-17-2010 20:16;6;0
05-17-2010 20:17;0;0
05-17-2010 20:18;0;0
05-17-2010 20:19;0;0
05-17-2010 20:20;4;0
05-17-2010 20:21;89;0
05-17-2010 20:22;354;0
05-17-2010 20:23;2;0
05-17-2010 20:24;0;0
05-17-2010 20:25;8;0
05-17-2010 20:26;0;0
05-17-2010 20:27;55;0
05-17-2010 20:28;302;0
05-17-2010 20:29;55;0
05-17-2010 20:30;0;0
05-17-2010 20:31;0;0
05-17-2010 20:32;0;0
05-17-2010 20:33;12;0
05-17-2010 20:34;0;0
05-17-2010 20:35;0;0
05-17-2010 20:36;0;0
05-17-2010 20:37;5;0
05-17-2010 20:38;64;0
05-17-2010 20:39;86;0
05-17-2010 20:40;0;0
05-17-2010 20:41;0;0
05-17-2010 20:42;0;0
05-17-2010 20:43;0;0
05-17-2010 20:44;0;0
05-17-2010 20:45;0;0
05-17-2010 20:46;0;0
05-17-2010 20:47;0;0
05-17-2010 20:48;0;0
05-17-2010 20:49;0;0
05-17-2010 20:50;0;0
05-17-2010 20:51;0;0
05-17-2010 20:52;0;0
05-17-2010 20:53;6;0
05-17-2010 20:54;0;0
05-17-2010 20:55;8;0
05-17-2010 20:56;44;0
05-17-2010 20:57;14;0
05-17-2010 20:58;4;0
05-17-2010 20:59;83;0
05-17-2010 21:00;40;0
05-17-2010 21:01;2;0
05-17-2010 21:02;0;0
05-17-2010 21:03;572;0
05-17-2010 21:04;240;0
05-17-2010 21:05;0;0
05-17-2010 21:06;6;0
05-17-2010 21:07;0;0
05-17-2010 21:08;365;0
05-17-2010 21:09;342;0
05-17-2010 21:10;137;0
05-17-2010 21:11;321;0
05-17-2010 21:12;377;0
05-17-2010 21:13;365;0
05-17-2010 21:14;204;0
05-17-2010 21:15;256;0
05-17-2010 21:16;217;0
05-17-2010 21:17;217;0
05-17-2010 21:18;292;0
05-17-2010 21:19;66;0
05-17-2010 21:20;69;0
05-17-2010 21:21;265;0
05-17-2010 21:22;217;0
05-17-2010 21:23;191;0
05-17-2010 21:24;100;0
05-17-2010 21:25;5;0
05-17-2010 21:26;365;0
05-17-2010 21:27;590;0
05-17-2010 21:28;713;0
05-17-2010 21:29;89;0
05-17-2010 21:30;354;0
05-17-2010 21:31;377;0
05-17-2010 21:32;0;0
05-17-2010 21:33;0;0
05-17-2010 21:34;0;0
05-17-2010 21:35;0;0
05-17-2010 21:36;0;0
05-17-2010 21:37;42;0
05-17-2010 21:38;0;0
05-17-2010 21:39;0;0
05-17-2010 21:40;0;0
05-17-2010 21:41;0;0
05-17-2010 21:42;0;0
05-17-2010 21:43;0;0
05-17-2010 21:44;6;0
05-17-2010 21:45;51;0
05-17-2010 21:46;30;0
05-17-2010 21:47;89;0
05-17-2010 21:48;57;0
05-17-2010 21:49;28;0
05-17-2010 21:50;173;0
05-17-2010 21:51;3;0
05-17-2010 21:52;0;0
05-17-2010 21:53;9;0
05-17-2010 21:54;0;0
05-17-2010 21:55;0;0
05-17-2010 21:56;2;0
05-17-2010 21:57;0;0
05-17-2010 21:58;0;0
05-17-2010 21:59;0;0
05-17-2010 22:00;38;0
05-17-2010 22:01;22;0
05-17-2010 22:02;273;0
05-17-2010 22:03;38;0
05-17-2010 22:04;342;0
05-17-2010 22:05;472;0
05-17-2010 22:06;649;0
05-17-2010 22:07;736;0
05-17-2010 22:08;520;0
05-17-2010 22:09;572;0
05-17-2010 22:10;354;0
05-17-2010 22:11;1179;1
05-17-2010 22:12;691;0
05-17-2010 22:13;311;0
05-17-2010 22:14;365;0
05-17-2010 22:15;759;0
05-17-2010 22:16;321;0
05-17-2010 22:17;503;0
05-17-2010 22:18;256;0
05-17-2010 22:19;0;0
05-17-2010 22:20;15;0
05-17-2010 22:21;247;0
05-17-2010 22:22;44;0
05-17-2010 22:23;127;0
05-17-2010 22:24;0;0
05-17-2010 22:25;0;0
05-17-2010 22:26;0;0
05-17-2010 22:27;0;0
05-17-2010 22:28;0;0
05-17-2010 22:29;34;0
05-17-2010 22:30;6;0
05-17-2010 22:31;0;0
05-17-2010 22:32;0;0
05-17-2010 22:33;0;0
05-17-2010 22:34;0;0
05-17-2010 22:35;0;0
05-17-2010 22:36;0;0
05-17-2010 22:37;0;0
05-17-2010 22:38;0;0
05-17-2010 22:39;0;0
05-17-2010 22:40;0;0
05-17-2010 22:41;0;0
05-17-2010 22:42;0;0
05-17-2010 22:43;0;0
05-17-2010 22:44;0;0
05-17-2010 22:45;0;0
05-17-2010 22:46;32;0
05-17-2010 22:47;0;0
05-17-2010 22:48;0;0
05-17-2010 22:49;0;0
05-17-2010 22:50;14;0
05-17-2010 22:51;0;0
05-17-2010 22:52;311;0
05-17-2010 22:53;0;0
05-17-2010 22:54;240;0
05-17-2010 22:55;47;0
05-17-2010 22:56;64;0
05-17-2010 22:57;9;0
05-17-2010 22:58;0;0
05-17-2010 22:59;42;0
05-17-2010 23:00;141;0
05-17-2010 23:01;590;0
05-17-2010 23:02;40;0
05-17-2010 23:03;311;0
05-17-2010 23:04;240;0
05-17-2010 23:05;155;0
05-17-2010 23:06;204;0
05-17-2010 23:07;47;0
05-17-2010 23:08;0;0
05-17-2010 23:09;283;0
05-17-2010 23:10;191;0
05-17-2010 23:11;11;0
05-17-2010 23:12;173;0
05-17-2010 23:13;72;0
05-17-2010 23:14;321;0
05-17-2010 23:15;40;0
05-17-2010 23:16;240;0
05-17-2010 23:17;247;0
05-17-2010 23:18;402;0
05-17-2010 23:19;503;0
05-17-2010 23:20;332;0
05-17-2010 23:21;256;0
05-17-2010 23:22;503;0
05-17-2010 23:23;75;0
05-17-2010 23:24;184;0
05-17-2010 23:25;273;0
05-17-2010 23:26;103;0
05-17-2010 23:27;151;0
05-17-2010 23:28;210;0
05-17-2010 23:29;23;0
05-17-2010 23:30;34;0
05-17-2010 23:31;38;0
05-17-2010 23:32;0;0
05-17-2010 23:33;332;0
05-17-2010 23:34;415;0
05-17-2010 23:35;115;0
05-17-2010 23:36;55;0
05-17-2010 23:37;47;0
05-17-2010 23:38;75;0
05-17-2010 23:39;609;0
05-17-2010 23:40;503;0
05-17-2010 23:41;0;0
05-17-2010 23:42;0;0
05-17-2010 23:43;0;0
05-17-2010 23:44;0;0
05-17-2010 23:45;0;0
05-17-2010 23:46;66;0
05-17-2010 23:47;184;0
05-17-2010 23:48;0;0
05-17-2010 23:49;0;0
05-17-2010 23:50;0;0
05-17-2010 23:51;0;0
05-17-2010 23:52;0;0
05-17-2010 23:53;0;0
05-17-2010 23:54;0;0
05-17-2010 23:55;0;0
05-17-2010 23:56;0;0
05-17-2010 23:57;0;0
05-17-2010 23:58;0;0
05-17-2010 23:59;0;0
05-18-2010 00:00;0;0
05-18-2010 00:01;0;0
05-18-2010 00:02;0;0
05-18-2010 00:03;0;0
05-18-2010 00:04;0;0
05-18-2010 00:05;0;0
05-18-2010 00:06;0;0
05-18-2010 00:07;0;0
05-18-2010 00:08;0;0
05-18-2010 00:09;0;0
05-18-2010 00:10;0;0
05-18-2010 00:11;0;0
05-18-2010 00:12;0;0
05-18-2010 00:13;0;0
05-18-2010 00:14;0;0
05-18-2010 00:15;0;0
05-18-2010 00:16;0;0
05-18-2010 00:17;0;0
05-18-2010 00:18;0;0
05-18-2010 00:19;0;0
05-18-2010 00:20;0;0
05-18-2010 00:21;0;0
05-18-2010 00:22;0;0
05-18-2010 00:23;0;0
05-18-2010 00:24;0;0
05-18-2010 00:25;0;0
05-18-2010 00:26;0;0
05-18-2010 00:27;0;0
05-18-2010 00:28;0;0
05-18-2010 00:29;0;0
05-18-2010 00:30;0;0
05-18-2010 00:31;0;0
05-18-2010 00:32;0;0
05-18-2010 00:33;0;0
05-18-2010 00:34;0;0
05-18-2010 00:35;0;0
05-18-2010 00:36;0;0
05-18-2010 00:37;0;0
05-18-2010 00:38;0;0
05-18-2010 00:39;0;0
05-18-2010 00:40;0;0
05-18-2010 00:41;0;0
05-18-2010 00:42;0;0
05-18-2010 00:43;0;0
05-18-2010 00:44;0;0
05-18-2010 00:45;0;0
05-18-2010 00:46;0;0
05-18-2010 00:47;0;0
05-18-2010 00:48;0;0
05-18-2010 00:49;0;0
05-18-2010 00:50;0;0
05-18-2010 00:51;0;0
05-18-2010 00:52;0;0
05-18-2010 00:53;0;0
05-18-2010 00:54;0;0
05-18-2010 00:55;0;0
05-18-2010 00:56;0;0
05-18-2010 00:57;0;0
05-18-2010 00:58;0;0
05-18-2010 00:59;0;0
05-18-2010 01:00;0;0
05-18-2010 01:01;0;0
05-18-2010 01:02;0;0
05-18-2010 01:03;0;0
05-18-2010 01:04;0;0
05-18-2010 01:05;0;0
05-18-2010 01:06;0;0
05-18-2010 01:07;0;0
05-18-2010 01:08;0;0
05-18-2010 01:09;0;0
05-18-2010 01:10;0;0
05-18-2010 01:11;0;0
05-18-2010 01:12;0;0
05-18-2010 01:13;0;0
05-18-2010 01:14;0;0
05-18-2010 01:15;0;0
05-18-2010 01:16;0;0
05-18-2010 01:17;0;0
05-18-2010 01:18;0;0
05-18-2010 01:19;0;0
05-18-2010 01:20;0;0
05-18-2010 01:21;0;0
05-18-2010 01:22;0;0
05-18-2010 01:23;0;0
05-18-2010 01:24;0;0
05-18-2010 01:25;0;0
05-18-2010 01:26;0;0
05-18-2010 01:27;0;0
05-18-2010 01:28;0;0
05-18-2010 01:29;0;0
05-18-2010 01:30;0;0
05-18-2010 01:31;0;0
05-18-2010 01:32;0;0
05-18-2010 01:33;0;0
05-18-2010 01:34;0;0
05-18-2010 01:35;0;0
05-18-2010 01:36;0;0
05-18-2010 01:37;0;0
05-18-2010 01:38;0;0
05-18-2010 01:39;0;0
05-18-2010 01:40;0;0
05-18-2010 01:41;0;0
05-18-2010 01:42;0;0
05-18-2010 01:43;0;0
05-18-2010 01:44;0;0
05-18-2010 01:45;0;0
05-18-2010 01:46;0;0
05-18-2010 01:47;0;0
05-18-2010 01:48;0;0
05-18-2010 01:49;0;0
05-18-2010 01:50;0;0
05-18-2010 01:51;0;0
05-18-2010 01:52;0;0
05-18-2010 01:53;0;0
05-18-2010 01:54;0;0
05-18-2010 01:55;0;0
05-18-2010 01:56;0;0
05-18-2010 01:57;0;0
05-18-2010 01:58;0;0
05-18-2010 01:59;0;0
05-18-2010 02:00;0;0
05-18-2010 02:01;0;0
05-18-2010 02:02;0;0
05-18-2010 02:03;0;0
05-18-2010 02:04;0;0
05-18-2010 02:05;0;0
05-18-2010 02:06;0;0
05-18-2010 02:07;0;0
05-18-2010 02:08;0;0
05-18-2010 02:09;0;0
05-18-2010 02:10;0;0
05-18-2010 02:11;0;0
05-18-2010 02:12;0;0
05-18-2010 02:13;0;0
05-18-2010 02:14;0;0
05-18-2010 02:15;0;0
05-18-2010 02:16;0;0
05-18-2010 02:17;0;0
05-18-2010 02:18;0;0
05-18-2010 02:19;0;0
05-18-2010 02:20;0;0
05-18-2010 02:21;0;0
05-18-2010 02:22;0;0
05-18-2010 02:23;0;0
05-18-2010 02:24;0;0
05-18-2010 02:25;0;0
05-18-2010 02:26;0;0
05-18-2010 02:27;0;0
05-18-2010 02:28;0;0
05-18-2010 02:29;0;0
05-18-2010 02:30;0;0
05-18-2010 02:31;0;0
05-18-2010 02:32;0;0
05-18-2010 02:33;0;0
05-18-2010 02:34;0;0
05-18-2010 02:35;0;0
05-18-2010 02:36;0;0
05-18-2010 02:37;0;0
05-18-2010 02:38;0;0
05-18-2010 02:39;0;0
05-18-2010 02:40;0;0
05-18-2010 02:41;0;0
05-18-2010 02:42;0;0
05-18-2010 02:43;0;0
05-18-2010 02:44;0;0
05-18-2010 02:45;0;0
05-18-2010 02:46;0;0
05-18-2010 02:47;0;0
05-18-2010 02:48;0;0
05-18-2010 02:49;0;0
05-18-2010 02:50;0;0
05-18-2010 02:51;0;0
05-18-2010 02:52;0;0
05-18-2010 02:53;0;0
05-18-2010 02:54;0;0
05-18-2010 02:55;0;0
05-18-2010 02:56;0;0
05-18-2010 02:57;0;0
05-18-2010 02:58;0;0
05-18-2010 02:59;0;0
05-18-2010 03:00;0;0
05-18-2010 03:01;0;0
05-18-2010 03:02;0;0
05-18-2010 03:03;0;0
05-18-2010 03:04;0;0
05-18-2010 03:05;0;0
05-18-2010 03:06;0;0
05-18-2010 03:07;0;0
05-18-2010 03:08;0;0
05-18-2010 03:09;0;0
05-18-2010 03:10;0;0
05-18-2010 03:11;0;0
05-18-2010 03:12;0;0
05-18-2010 03:13;0;0
05-18-2010 03:14;0;0
05-18-2010 03:15;0;0
05-18-2010 03:16;0;0
05-18-2010 03:17;0;0
05-18-2010 03:18;0;0
05-18-2010 03:19;0;0
05-18-2010 03:20;0;0
05-18-2010 03:21;0;0
05-18-2010 03:22;0;0
05-18-2010 03:23;0;0
05-18-2010 03:24;0;0
05-18-2010 03:25;0;0
05-18-2010 03:26;0;0
05-18-2010 03:27;0;0
05-18-2010 03:28;0;0
05-18-2010 03:29;0;0
05-18-2010 03:30;0;0
05-18-2010 03:31;0;0
05-18-2010 03:32;0;0
05-18-2010 03:33;0;0
05-18-2010 03:34;0;0
05-18-2010 03:35;0;0
05-18-2010 03:36;0;0
05-18-2010 03:37;0;0
05-18-2010 03:38;0;0
05-18-2010 03:39;0;0
05-18-2010 03:40;0;0
05-18-2010 03:41;0;0
05-18-2010 03:42;0;0
05-18-2010 03:43;0;0
05-18-2010 03:44;0;0
05-18-2010 03:45;0;0
05-18-2010 03:46;0;0
05-18-2010 03:47;0;0
05-18-2010 03:48;0;0
05-18-2010 03:49;0;0
05-18-2010 03:50;0;0
05-18-2010 03:51;0;0
05-18-2010 03:52;0;0
05-18-2010 03:53;0;0
05-18-2010 03:54;0;0
05-18-2010 03:55;0;0
05-18-2010 03:56;0;0
05-18-2010 03:57;0;0
05-18-2010 03:58;0;0
05-18-2010 03:59;0;0
05-18-2010 04:00;0;0
05-18-2010 04:01;0;0
05-18-2010 04:02;0;0
05-18-2010 04:03;0;0
05-18-2010 04:04;0;0
05-18-2010 04:05;0;0
05-18-2010 04:06;0;0
05-18-2010 04:07;0;0
05-18-2010 04:08;0;0
05-18-2010 04:09;0;0
05-18-2010 04:10;0;0
05-18-2010 04:11;0;0
05-18-2010 04:12;0;0
05-18-2010 04:13;0;0
05-18-2010 04:14;0;0
05-18-2010 04:15;0;0
05-18-2010 04:16;0;0
05-18-2010 04:17;0;0
05-18-2010 04:18;0;0
05-18-2010 04:19;0;0
05-18-2010 04:20;0;0
05-18-2010 04:21;0;0
05-18-2010 04:22;0;0
05-18-2010 04:23;0;0
05-18-2010 04:24;0;0
05-18-2010 04:25;0;0
05-18-2010 04:26;0;0
05-18-2010 04:27;0;0
05-18-2010 04:28;0;0
05-18-2010 04:29;0;0
05-18-2010 04:30;0;0
05-18-2010 04:31;0;0
05-18-2010 04:32;0;0
05-18-2010 04:33;0;0
05-18-2010 04:34;0;0
05-18-2010 04:35;0;0
05-18-2010 04:36;0;0
05-18-2010 04:37;0;0
05-18-2010 04:38;0;0
05-18-2010 04:39;0;0
05-18-2010 04:40;0;0
05-18-2010 04:41;0;0
05-18-2010 04:42;0;0
05-18-2010 04:43;0;0
05-18-2010 04:44;0;0
05-18-2010 04:45;0;0
05-18-2010 04:46;0;0
05-18-2010 04:47;0;0
05-18-2010 04:48;0;0
05-18-2010 04:49;0;0
05-18-2010 04:50;0;0
05-18-2010 04:51;0;0
05-18-2010 04:52;0;0
05-18-2010 04:53;0;0
05-18-2010 04:54;0;0
05-18-2010 04:55;0;0
05-18-2010 04:56;0;0
05-18-2010 04:57;0;0
05-18-2010 04:58;0;0
05-18-2010 04:59;0;0
05-18-2010 05:00;0;0
05-18-2010 05:01;0;0
05-18-2010 05:02;0;0
05-18-2010 05:03;0;0
05-18-2010 05:04;0;0
05-18-2010 05:05;0;0
05-18-2010 05:06;0;0
05-18-2010 05:07;0;0
05-18-2010 05:08;0;0
05-18-2010 05:09;0;0
05-18-2010 05:10;0;0
05-18-2010 05:11;0;0
05-18-2010 05:12;0;0
05-18-2010 05:13;0;0
05-18-2010 05:14;0;0
05-18-2010 05:15;0;0
05-18-2010 05:16;0;0
05-18-2010 05:17;0;0
05-18-2010 05:18;0;0
05-18-2010 05:19;0;0
05-18-2010 05:20;0;0
05-18-2010 05:21;0;0
05-18-2010 05:22;0;0
05-18-2010 05:23;0;0
05-18-2010 05:24;0;0
05-18-2010 05:25;0;0
05-18-2010 05:26;0;0
05-18-2010 05:27;0;0
05-18-2010 05:28;0;0
05-18-2010 05:29;0;0
05-18-2010 05:30;0;0
05-18-2010 05:31;0;0
05-18-2010 05:32;0;0
05-18-2010 05:33;0;0
05-18-2010 05:34;0;0
05-18-2010 05:35;0;0
05-18-2010 05:36;0;0
05-18-2010 05:37;0;0
05-18-2010 05:38;0;0
05-18-2010 05:39;0;0
05-18-2010 05:40;0;0
05-18-2010 05:41;0;0
05-18-2010 05:42;0;0
05-18-2010 05:43;0;0
05-18-2010 05:44;0;0
05-18-2010 05:45;0;0
05-18-2010 05:46;0;0
05-18-2010 05:47;0;0
05-18-2010 05:48;0;0
05-18-2010 05:49;0;0
05-18-2010 05:50;0;0
05-18-2010 05:51;0;0
05-18-2010 05:52;0;0
05-18-2010 05:53;0;0
05-18-2010 05:54;0;0
05-18-2010 05:55;0;0
05-18-2010 05:56;0;0
05-18-2010 05:57;0;0
05-18-2010 05:58;0;0
05-18-2010 05:59;0;0
05-18-2010 06:00;0;0
05-18-2010 06:01;0;0
05-18-2010 06:02;0;0
05-18-2010 06:03;0;0
05-18-2010 06:04;0;0
05-18-2010 06:05;0;0
05-18-2010 06:06;0;0
05-18-2010 06:07;0;0
05-18-2010 06:08;0;0
05-18-2010 06:09;0;0
05-18-2010 06:10;0;0
05-18-2010 06:11;0;0
05-18-2010 06:12;0;0
05-18-2010 06:13;0;0
05-18-2010 06:14;0;0
05-18-2010 06:15;0;0
05-18-2010 06:16;0;0
05-18-2010 06:17;0;0
05-18-2010 06:18;0;0
05-18-2010 06:19;0;0
05-18-2010 06:20;0;0
05-18-2010 06:21;0;0
05-18-2010 06:22;0;0
05-18-2010 06:23;0;0
05-18-2010 06:24;0;0
05-18-2010 06:25;0;0
05-18-2010 06:26;0;0
05-18-2010 06:27;0;0
05-18-2010 06:28;0;0
05-18-2010 06:29;0;0
05-18-2010 06:30;0;0
05-18-2010 06:31;0;0
05-18-2010 06:32;0;0
05-18-2010 06:33;0;0
05-18-2010 06:34;0;0
05-18-2010 06:35;0;0
05-18-2010 06:36;0;0
05-18-2010 06:37;0;0
05-18-2010 06:38;0;0
05-18-2010 06:39;0;0
05-18-2010 06:40;0;0
05-18-2010 06:41;0;0
05-18-2010 06:42;0;0
05-18-2010 06:43;0;0
05-18-2010 06:44;0;0
05-18-2010 06:45;0;0
05-18-2010 06:46;0;0
05-18-2010 06:47;0;0
05-18-2010 06:48;0;0
05-18-2010 06:49;0;0
05-18-2010 06:50;0;0
05-18-2010 06:51;0;0
05-18-2010 06:52;0;0
05-18-2010 06:53;0;0
05-18-2010 06:54;0;0
05-18-2010 06:55;0;0
05-18-2010 06:56;0;0
05-18-2010 06:57;0;0
05-18-2010 06:58;0;0
05-18-2010 06:59;0;0
05-18-2010 07:00;0;0
05-18-2010 07:01;0;0
05-18-2010 07:02;0;0
05-18-2010 07:03;0;0
05-18-2010 07:04;0;0
05-18-2010 07:05;0;0
05-18-2010 07:06;0;0
05-18-2010 07:07;0;0
05-18-2010 07:08;0;0
05-18-2010 07:09;0;0
05-18-2010 07:10;0;0
05-18-2010 07:11;0;0
05-18-2010 07:12;0;0
05-18-2010 07:13;0;0
05-18-2010 07:14;0;0
05-18-2010 07:15;0;0
05-18-2010 07:16;0;0
05-18-2010 07:17;0;0
05-18-2010 07:18;0;0
05-18-2010 07:19;0;0
05-18-2010 07:20;0;0
05-18-2010 07:21;0;0
05-18-2010 07:22;0;0
05-18-2010 07:23;0;0
05-18-2010 07:24;0;0
05-18-2010 07:25;0;0
05-18-2010 07:26;0;0
05-18-2010 07:27;0;0
05-18-2010 07:28;0;0
05-18-2010 07:29;0;0
05-18-2010 07:30;0;0
05-18-2010 07:31;0;0
05-18-2010 07:32;0;0
05-18-2010 07:33;0;0
05-18-2010 07:34;0;0
05-18-2010 07:35;0;0
05-18-2010 07:36;0;0
05-18-2010 07:37;0;0
05-18-2010 07:38;0;0
05-18-2010 07:39;0;0
05-18-2010 07:40;0;0
05-18-2010 07:41;0;0
05-18-2010 07:42;0;0
05-18-2010 07:43;0;0
05-18-2010 07:44;0;0
05-18-2010 07:45;0;0
05-18-2010 07:46;0;0
05-18-2010 07:47;0;0
05-18-2010 07:48;0;0
05-18-2010 07:49;0;0
05-18-2010 07:50;0;0
05-18-2010 07:51;0;0
05-18-2010 07:52;0;0
05-18-2010 07:53;311;0
05-18-2010 07:54;713;0
05-18-2010 07:55;784;0
05-18-2010 07:56;736;0
05-18-2010 07:57;1378;1
05-18-2010 07:58;784;0
05-18-2010 07:59;809;0
05-18-2010 08:00;472;0
05-18-2010 08:01;759;0
05-18-2010 08:02;311;0
05-18-2010 08:03;1040;0
05-18-2010 08:04;1008;0
05-18-2010 08:05;332;0
05-18-2010 08:06;1107;1
05-18-2010 08:07;1107;1
05-18-2010 08:08;1040;0
05-18-2010 08:09;1466;1
05-18-2010 08:10;1378;1
05-18-2010 08:11;1107;1
05-18-2010 08:12;2263;1
05-18-2010 08:13;1040;0
05-18-2010 08:14;946;0
05-18-2010 08:15;1040;0
05-18-2010 08:16;1216;1
05-18-2010 08:17;1335;1
05-18-2010 08:18;917;0
05-18-2010 08:19;1143;1
05-18-2010 08:20;888;0
05-18-2010 08:21;554;0
05-18-2010 08:22;834;0
05-18-2010 08:23;1040;0
05-18-2010 08:24;713;0
05-18-2010 08:25;472;0
05-18-2010 08:26;217;0
05-18-2010 08:27;247;0
05-18-2010 08:28;572;0
05-18-2010 08:29;691;0
05-18-2010 08:30;342;0
05-18-2010 08:31;184;0
05-18-2010 08:32;537;0
05-18-2010 08:33;629;0
05-18-2010 08:34;155;0
05-18-2010 08:35;83;0
05-18-2010 08:36;7;0
05-18-2010 08:37;0;0
05-18-2010 08:38;0;0
05-18-2010 08:39;0;0
05-18-2010 08:40;4;0
05-18-2010 08:41;0;0
05-18-2010 08:42;0;0
05-18-2010 08:43;0;0
05-18-2010 08:44;0;0
05-18-2010 08:45;4;0
05-18-2010 08:46;111;0
05-18-2010 08:47;107;0
05-18-2010 08:48;197;0
05-18-2010 08:49;86;0
05-18-2010 08:50;78;0
05-18-2010 08:51;78;0
05-18-2010 08:52;61;0
05-18-2010 08:53;30;0
05-18-2010 08:54;44;0
05-18-2010 08:55;27;0
05-18-2010 08:56;78;0
05-18-2010 08:57;42;0
05-18-2010 08:58;81;0
05-18-2010 08:59;42;0
05-18-2010 09:00;9;0
05-18-2010 09:01;151;0
05-18-2010 09:02;669;0
05-18-2010 09:03;537;0
05-18-2010 09:04;247;0
05-18-2010 09:05;27;0
05-18-2010 09:06;204;0
05-18-2010 09:07;283;0
05-18-2010 09:08;78;0
05-18-2010 09:09;155;0
05-18-2010 09:10;247;0
05-18-2010 09:11;61;0
05-18-2010 09:12;184;0
05-18-2010 09:13;232;0
05-18-2010 09:14;155;0
05-18-2010 09:15;111;0
05-18-2010 09:16;38;0
05-18-2010 09:17;49;0
05-18-2010 09:18;47;0
05-18-2010 09:19;146;0
05-18-2010 09:20;332;0
05-18-2010 09:21;51;0
05-18-2010 09:22;217;0
05-18-2010 09:23;100;0
05-18-2010 09:24;151;0
05-18-2010 09:25;0;0
05-18-2010 09:26;64;0
05-18-2010 09:27;2;0
05-18-2010 09:28;72;0
05-18-2010 09:29;232;0
05-18-2010 09:30;96;0
05-18-2010 09:31;36;0
05-18-2010 09:32;321;0
05-18-2010 09:33;107;0
05-18-2010 09:34;111;0
05-18-2010 09:35;107;0
05-18-2010 09:36;178;0
05-18-2010 09:37;3;0
05-18-2010 09:38;265;0
05-18-2010 09:39;100;0
05-18-2010 09:40;146;0
05-18-2010 09:41;122;0
05-18-2010 09:42;115;0
05-18-2010 09:43;103;0
05-18-2010 09:44;0;0
05-18-2010 09:45;17;0
05-18-2010 09:46;191;0
05-18-2010 09:47;321;0
05-18-2010 09:48;232;0
05-18-2010 09:49;26;0
05-18-2010 09:50;141;0
05-18-2010 09:51;81;0
05-18-2010 09:52;111;0
05-18-2010 09:53;107;0
05-18-2010 09:54;232;0
05-18-2010 09:55;16;0
05-18-2010 09:56;292;0
05-18-2010 09:57;146;0
05-18-2010 09:58;47;0
05-18-2010 09:59;0;0
05-18-2010 10:00;0;0
05-18-2010 10:01;0;0
05-18-2010 10:02;9;0
05-18-2010 10:03;217;0
05-18-2010 10:04;146;0
05-18-2010 10:05;197;0
05-18-2010 10:06;0;0
05-18-2010 10:07;44;0
05-18-2010 10:08;161;0
05-18-2010 10:09;256;0
05-18-2010 10:10;191;0
05-18-2010 10:11;122;0
05-18-2010 10:12;184;0
05-18-2010 10:13;137;0
05-18-2010 10:14;127;0
05-18-2010 10:15;122;0
05-18-2010 10:16;204;0
05-18-2010 10:17;759;0
05-18-2010 10:18;256;0
05-18-2010 10:19;283;0
05-18-2010 10:20;151;0
05-18-2010 10:21;217;0
05-18-2010 10:22;520;0
05-18-2010 10:23;365;0
05-18-2010 10:24;225;0
05-18-2010 10:25;609;0
05-18-2010 10:26;0;0
05-18-2010 10:27;64;0
05-18-2010 10:28;429;0
05-18-2010 10:29;321;0
05-18-2010 10:30;292;0
05-18-2010 10:31;415;0
05-18-2010 10:32;247;0
05-18-2010 10:33;119;0
05-18-2010 10:34;210;0
05-18-2010 10:35;81;0
05-18-2010 10:36;32;0
05-18-2010 10:37;365;0
05-18-2010 10:38;81;0
05-18-2010 10:39;2;0
05-18-2010 10:40;83;0
05-18-2010 10:41;554;0
05-18-2010 10:42;443;0
05-18-2010 10:43;167;0
05-18-2010 10:44;184;0
05-18-2010 10:45;57;0
05-18-2010 10:46;75;0
05-18-2010 10:47;30;0
05-18-2010 10:48;184;0
05-18-2010 10:49;122;0
05-18-2010 10:50;146;0
05-18-2010 10:51;240;0
05-18-2010 10:52;92;0
05-18-2010 10:53;977;0
05-18-2010 10:54;1294;1
05-18-2010 10:55;759;0
05-18-2010 10:56;487;0
05-18-2010 10:57;609;0
05-18-2010 10:58;834;0
05-18-2010 10:59;292;0
05-18-2010 11:00;946;0
05-18-2010 11:01;390;0
05-18-2010 11:02;590;0
05-18-2010 11:03;119;0
05-18-2010 11:04;107;0
05-18-2010 11:05;132;0
05-18-2010 11:06;38;0
05-18-2010 11:07;49;0
05-18-2010 11:08;36;0
05-18-2010 11:09;69;0
05-18-2010 11:10;572;0
05-18-2010 11:11;669;0
05-18-2010 11:12;86;0
05-18-2010 11:13;390;0
05-18-2010 11:14;302;0
05-18-2010 11:15;457;0
05-18-2010 11:16;1073;1
05-18-2010 11:17;784;0
05-18-2010 11:18;537;0
05-18-2010 11:19;256;0
05-18-2010 11:20;713;0
05-18-2010 11:21;30;0
05-18-2010 11:22;161;0
05-18-2010 11:23;103;0
05-18-2010 11:24;0;0
05-18-2010 11:25;302;0
05-18-2010 11:26;609;0
05-18-2010 11:27;283;0
05-18-2010 11:28;256;0
05-18-2010 11:29;537;0
05-18-2010 11:30;311;0
05-18-2010 11:31;83;0
05-18-2010 11:32;59;0
05-18-2010 11:33;107;0
05-18-2010 11:34;204;0
05-18-2010 11:35;834;0
05-18-2010 11:36;184;0
05-18-2010 11:37;292;0
05-18-2010 11:38;554;0
05-18-2010 11:39;21;0
05-18-2010 11:40;429;0
05-18-2010 11:41;240;0
05-18-2010 11:42;332;0
05-18-2010 11:43;609;0
05-18-2010 11:44;107;0
05-18-2010 11:45;30;0
05-18-2010 11:46;210;0
05-18-2010 11:47;2;0
05-18-2010 11:48;2;0
05-18-2010 11:49;20;0
05-18-2010 11:50;0;0
05-18-2010 11:51;0;0
05-18-2010 11:52;0;0
05-18-2010 11:53;0;0
05-18-2010 11:54;0;0
05-18-2010 11:55;0;0
05-18-2010 11:56;92;0
05-18-2010 11:57;292;0
05-18-2010 11:58;225;0
05-18-2010 11:59;167;0
05-18-2010 12:00;141;0
05-18-2010 12:01;111;0
05-18-2010 12:02;365;0
05-18-2010 12:03;365;0
05-18-2010 12:04;155;0
05-18-2010 12:05;86;0
05-18-2010 12:06;210;0
05-18-2010 12:07;3;0
05-18-2010 12:08;2;0
05-18-2010 12:09;0;0
05-18-2010 12:10;184;0
05-18-2010 12:11;572;0
05-18-2010 12:12;273;0
05-18-2010 12:13;390;0
05-18-2010 12:14;669;0
05-18-2010 12:15;34;0
05-18-2010 12:16;572;0
05-18-2010 12:17;390;0
05-18-2010 12:18;217;0
05-18-2010 12:19;25;0
05-18-2010 12:20;9;0
05-18-2010 12:21;137;0
05-18-2010 12:22;609;0
05-18-2010 12:23;302;0
05-18-2010 12:24;292;0
05-18-2010 12:25;83;0
05-18-2010 12:26;151;0
05-18-2010 12:27;103;0
05-18-2010 12:28;256;0
05-18-2010 12:29;24;0
05-18-2010 12:30;321;0
05-18-2010 12:31;503;0
05-18-2010 12:32;204;0
05-18-2010 12:33;137;0
05-18-2010 12:34;155;0
05-18-2010 12:35;8;0
05-18-2010 12:36;487;0
05-18-2010 12:37;273;0
05-18-2010 12:38;46;0
05-18-2010 12:39;232;0
05-18-2010 12:40;265;0
05-18-2010 12:41;53;0
05-18-2010 12:42;311;0
05-18-2010 12:43;197;0
05-18-2010 12:44;415;0
05-18-2010 12:45;173;0
05-18-2010 12:46;127;0
05-18-2010 12:47;141;0
05-18-2010 12:48;42;0
05-18-2010 12:49;173;0
05-18-2010 12:50;197;0
05-18-2010 12:51;72;0
05-18-2010 12:52;609;0
05-18-2010 12:53;402;0
05-18-2010 12:54;81;0
05-18-2010 12:55;302;0
05-18-2010 12:56;141;0
05-18-2010 12:57;232;0
05-18-2010 12:58;332;0
05-18-2010 12:59;0;0
05-18-2010 13:00;0;0
05-18-2010 13:01;0;0
05-18-2010 13:02;0;0
05-18-2010 13:03;0;0
05-18-2010 13:04;0;0
05-18-2010 13:05;107;0
05-18-2010 13:06;0;0
05-18-2010 13:07;2;0
05-18-2010 13:08;0;0
05-18-2010 13:09;0;0
05-18-2010 13:10;6;0
05-18-2010 13:11;2;0
05-18-2010 13:12;111;0
05-18-2010 13:13;111;0
05-18-2010 13:14;146;0
05-18-2010 13:15;457;0
05-18-2010 13:16;0;0
05-18-2010 13:17;834;0
05-18-2010 13:18;0;0
05-18-2010 13:19;64;0
05-18-2010 13:20;26;0
05-18-2010 13:21;137;0
05-18-2010 13:22;0;0
05-18-2010 13:23;0;0
05-18-2010 13:24;0;0
05-18-2010 13:25;2;0
05-18-2010 13:26;0;0
05-18-2010 13:27;51;0
05-18-2010 13:28;2;0
05-18-2010 13:29;0;0
05-18-2010 13:30;0;0
05-18-2010 13:31;0;0
05-18-2010 13:32;0;0
05-18-2010 13:33;0;0
05-18-2010 13:34;0;0
05-18-2010 13:35;0;0
05-18-2010 13:36;0;0
05-18-2010 13:37;0;0
05-18-2010 13:38;0;0
05-18-2010 13:39;5;0
05-18-2010 13:40;0;0
05-18-2010 13:41;0;0
05-18-2010 13:42;4;0
05-18-2010 13:43;0;0
05-18-2010 13:44;3;0
05-18-2010 13:45;17;0
05-18-2010 13:46;127;0
05-18-2010 13:47;2;0
05-18-2010 13:48;0;0
05-18-2010 13:49;0;0
05-18-2010 13:50;0;0
05-18-2010 13:51;146;0
05-18-2010 13:52;0;0
05-18-2010 13:53;292;0
05-18-2010 13:54;210;0
05-18-2010 13:55;503;0
05-18-2010 13:56;669;0
05-18-2010 13:57;443;0
05-18-2010 13:58;311;0
05-18-2010 13:59;590;0
05-18-2010 14:00;669;0
05-18-2010 14:01;402;0
05-18-2010 14:02;354;0
05-18-2010 14:03;457;0
05-18-2010 14:04;520;0
05-18-2010 14:05;487;0
05-18-2010 14:06;609;0
05-18-2010 14:07;669;0
05-18-2010 14:08;443;0
05-18-2010 14:09;2;0
05-18-2010 14:10;0;0
05-18-2010 14:11;0;0
05-18-2010 14:12;0;0
05-18-2010 14:13;2;0
05-18-2010 14:14;0;0
05-18-2010 14:15;0;0
05-18-2010 14:16;72;0
05-18-2010 14:17;111;0
05-18-2010 14:18;5;0
05-18-2010 14:19;503;0
05-18-2010 14:20;0;0
05-18-2010 14:21;89;0
05-18-2010 14:22;64;0
05-18-2010 14:23;53;0
05-18-2010 14:24;137;0
05-18-2010 14:25;78;0
05-18-2010 14:26;103;0
05-18-2010 14:27;122;0
05-18-2010 14:28;2;0
05-18-2010 14:29;0;0
05-18-2010 14:30;0;0
05-18-2010 14:31;240;0
05-18-2010 14:32;365;0
05-18-2010 14:33;292;0
05-18-2010 14:34;292;0
05-18-2010 14:35;0;0
05-18-2010 14:36;415;0
05-18-2010 14:37;443;0
05-18-2010 14:38;402;0
05-18-2010 14:39;225;0
05-18-2010 14:40;103;0
05-18-2010 14:41;100;0
05-18-2010 14:42;75;0
05-18-2010 14:43;81;0
05-18-2010 14:44;161;0
05-18-2010 14:45;217;0
05-18-2010 14:46;443;0
05-18-2010 14:47;520;0
05-18-2010 14:48;354;0
05-18-2010 14:49;332;0
05-18-2010 14:50;311;0
05-18-2010 14:51;191;0
05-18-2010 14:52;402;0
05-18-2010 14:53;354;0
05-18-2010 14:54;429;0
05-18-2010 14:55;457;0
05-18-2010 14:56;572;0
05-18-2010 14:57;402;0
05-18-2010 14:58;210;0
05-18-2010 14:59;225;0
05-18-2010 15:00;0;0
05-18-2010 15:01;0;0
05-18-2010 15:02;2;0
05-18-2010 15:03;429;0
05-18-2010 15:04;161;0
05-18-2010 15:05;240;0
05-18-2010 15:06;2;0
05-18-2010 15:07;0;0
05-18-2010 15:08;2;0
05-18-2010 15:09;2;0
05-18-2010 15:10;590;0
05-18-2010 15:11;834;0
05-18-2010 15:12;232;0
05-18-2010 15:13;119;0
05-18-2010 15:14;390;0
05-18-2010 15:15;429;0
05-18-2010 15:16;629;0
05-18-2010 15:17;669;0
05-18-2010 15:18;332;0
05-18-2010 15:19;127;0
05-18-2010 15:20;141;0
05-18-2010 15:21;18;0
05-18-2010 15:22;122;0
05-18-2010 15:23;146;0
05-18-2010 15:24;111;0
05-18-2010 15:25;11;0
05-18-2010 15:26;119;0
05-18-2010 15:27;197;0
05-18-2010 15:28;402;0
05-18-2010 15:29;21;0
05-18-2010 15:30;100;0
05-18-2010 15:31;119;0
05-18-2010 15:32;197;0
05-18-2010 15:33;14;0
05-18-2010 15:34;27;0
05-18-2010 15:35;232;0
05-18-2010 15:36;273;0
05-18-2010 15:37;5;0
05-18-2010 15:38;146;0
05-18-2010 15:39;53;0
05-18-2010 15:40;119;0
05-18-2010 15:41;36;0
05-18-2010 15:42;0;0
05-18-2010 15:43;0;0
05-18-2010 15:44;0;0
05-18-2010 15:45;0;0
05-18-2010 15:46;197;0
05-18-2010 15:47;53;0
05-18-2010 15:48;22;0
05-18-2010 15:49;7;0
05-18-2010 15:50;122;0
05-18-2010 15:51;146;0
05-18-2010 15:52;61;0
05-18-2010 15:53;283;0
05-18-2010 15:54;204;0
05-18-2010 15:55;132;0
05-18-2010 15:56;75;0
05-18-2010 15:57;78;0
05-18-2010 15:58;127;0
05-18-2010 15:59;321;0
05-18-2010 16:00;173;0
05-18-2010 16:01;191;0
05-18-2010 16:02;11;0
05-18-2010 16:03;167;0
05-18-2010 16:04;100;0
05-18-2010 16:05;47;0
05-18-2010 16:06;265;0
05-18-2010 16:07;321;0
05-18-2010 16:08;81;0
05-18-2010 16:09;132;0
05-18-2010 16:10;342;0
05-18-2010 16:11;225;0
05-18-2010 16:12;0;0
05-18-2010 16:13;0;0
05-18-2010 16:14;0;0
05-18-2010 16:15;429;0
05-18-2010 16:16;487;0
05-18-2010 16:17;342;0
05-18-2010 16:18;146;0
05-18-2010 16:19;342;0
05-18-2010 16:20;457;0
05-18-2010 16:21;342;0
05-18-2010 16:22;629;0
05-18-2010 16:23;649;0
05-18-2010 16:24;292;0
05-18-2010 16:25;977;0
05-18-2010 16:26;265;0
05-18-2010 16:27;0;0
05-18-2010 16:28;42;0
05-18-2010 16:29;0;0
05-18-2010 16:30;0;0
05-18-2010 16:31;0;0
05-18-2010 16:32;5;0
05-18-2010 16:33;3;0
05-18-2010 16:34;2;0
05-18-2010 16:35;9;0
05-18-2010 16:36;66;0
05-18-2010 16:37;127;0
05-18-2010 16:38;16;0
05-18-2010 16:39;64;0
05-18-2010 16:40;5;0
05-18-2010 16:41;8;0
05-18-2010 16:42;311;0
05-18-2010 16:43;311;0
05-18-2010 16:44;240;0
05-18-2010 16:45;26;0
05-18-2010 16:46;28;0
05-18-2010 16:47;34;0
05-18-2010 16:48;57;0
05-18-2010 16:49;26;0
05-18-2010 16:50;49;0
05-18-2010 16:51;103;0
05-18-2010 16:52;14;0
05-18-2010 16:53;15;0
05-18-2010 16:54;13;0
05-18-2010 16:55;14;0
05-18-2010 16:56;32;0
05-18-2010 16:57;49;0
05-18-2010 16:58;12;0
05-18-2010 16:59;53;0
05-18-2010 17:00;16;0
05-18-2010 17:01;55;0
05-18-2010 17:02;10;0
05-18-2010 17:03;69;0
05-18-2010 17:04;15;0
05-18-2010 17:05;443;0
05-18-2010 17:06;240;0
05-18-2010 17:07;0;0
05-18-2010 17:08;0;0
05-18-2010 17:09;0;0
05-18-2010 17:10;0;0
05-18-2010 17:11;16;0
05-18-2010 17:12;178;0
05-18-2010 17:13;92;0
05-18-2010 17:14;141;0
05-18-2010 17:15;51;0
05-18-2010 17:16;46;0
05-18-2010 17:17;0;0
05-18-2010 17:18;0;0
05-18-2010 17:19;0;0
05-18-2010 17:20;0;0
05-18-2010 17:21;0;0
05-18-2010 17:22;127;0
05-18-2010 17:23;44;0
05-18-2010 17:24;0;0
05-18-2010 17:25;8;0
05-18-2010 17:26;2;0
05-18-2010 17:27;0;0
05-18-2010 17:28;173;0
05-18-2010 17:29;283;0
05-18-2010 17:30;713;0
05-18-2010 17:31;503;0
05-18-2010 17:32;487;0
05-18-2010 17:33;415;0
05-18-2010 17:34;365;0
05-18-2010 17:35;225;0
05-18-2010 17:36;415;0
05-18-2010 17:37;210;0
05-18-2010 17:38;151;0
05-18-2010 17:39;72;0
05-18-2010 17:40;302;0
05-18-2010 17:41;429;0
05-18-2010 17:42;537;0
05-18-2010 17:43;19;0
05-18-2010 17:44;256;0
05-18-2010 17:45;390;0
05-18-2010 17:46;7;0
05-18-2010 17:47;64;0
05-18-2010 17:48;66;0
05-18-2010 17:49;8;0
05-18-2010 17:50;119;0
05-18-2010 17:51;27;0
05-18-2010 17:52;36;0
05-18-2010 17:53;20;0
05-18-2010 17:54;11;0
05-18-2010 17:55;146;0
05-18-2010 17:56;9;0
05-18-2010 17:57;225;0
05-18-2010 17:58;72;0
05-18-2010 17:59;81;0
05-18-2010 18:00;42;0
05-18-2010 18:01;265;0
05-18-2010 18:02;191;0
05-18-2010 18:03;377;0
05-18-2010 18:04;256;0
05-18-2010 18:05;103;0
05-18-2010 18:06;321;0
05-18-2010 18:07;7;0
05-18-2010 18:08;332;0
05-18-2010 18:09;81;0
05-18-2010 18:10;32;0
05-18-2010 18:11;22;0
05-18-2010 18:12;61;0
05-18-2010 18:13;59;0
05-18-2010 18:14;34;0
05-18-2010 18:15;17;0
05-18-2010 18:16;8;0
05-18-2010 18:17;78;0
05-18-2010 18:18;23;0
05-18-2010 18:19;32;0
05-18-2010 18:20;66;0
05-18-2010 18:21;365;0
05-18-2010 18:22;155;0
05-18-2010 18:23;151;0
05-18-2010 18:24;44;0
05-18-2010 18:25;141;0
05-18-2010 18:26;132;0
05-18-2010 18:27;332;0
05-18-2010 18:28;354;0
05-18-2010 18:29;520;0
05-18-2010 18:30;572;0
05-18-2010 18:31;415;0
05-18-2010 18:32;100;0
05-18-2010 18:33;146;0
05-18-2010 18:34;537;0
05-18-2010 18:35;115;0
05-18-2010 18:36;78;0
05-18-2010 18:37;46;0
05-18-2010 18:38;5;0
05-18-2010 18:39;217;0
05-18-2010 18:40;44;0
05-18-2010 18:41;34;0
05-18-2010 18:42;18;0
05-18-2010 18:43;78;0
05-18-2010 18:44;132;0
05-18-2010 18:45;122;0
05-18-2010 18:46;44;0
05-18-2010 18:47;47;0
05-18-2010 18:48;5;0
05-18-2010 18:49;21;0
05-18-2010 18:50;66;0
05-18-2010 18:51;28;0
05-18-2010 18:52;34;0
05-18-2010 18:53;55;0
05-18-2010 18:54;17;0
05-18-2010 18:55;47;0
05-18-2010 18:56;137;0
05-18-2010 18:57;83;0
05-18-2010 18:58;64;0
05-18-2010 18:59;59;0
05-18-2010 19:00;103;0
05-18-2010 19:01;29;0
05-18-2010 19:02;167;0
05-18-2010 19:03;173;0
05-18-2010 19:04;759;0
05-18-2010 19:05;503;0
05-18-2010 19:06;2;0
05-18-2010 19:07;14;0
05-18-2010 19:08;2;0
05-18-2010 19:09;2;0
05-18-2010 19:10;0;0
05-18-2010 19:11;4;0
05-18-2010 19:12;8;0
05-18-2010 19:13;0;0
05-18-2010 19:14;861;0
05-18-2010 19:15;457;0
05-18-2010 19:16;861;0
05-18-2010 19:17;1107;1
05-18-2010 19:18;1254;1
05-18-2010 19:19;809;0
05-18-2010 19:20;713;0
05-18-2010 19:21;946;0
05-18-2010 19:22;1073;1
05-18-2010 19:23;1179;1
05-18-2010 19:24;1466;1
05-18-2010 19:25;809;0
05-18-2010 19:26;1421;1
05-18-2010 19:27;1254;1
05-18-2010 19:28;1335;1
05-18-2010 19:29;1939;1
05-18-2010 19:30;1335;1
05-18-2010 19:31;1254;1
05-18-2010 19:32;1179;1
05-18-2010 19:33;1107;1
05-18-2010 19:34;1008;0
05-18-2010 19:35;1143;1
05-18-2010 19:36;1040;0
05-18-2010 19:37;1254;1
05-18-2010 19:38;1040;0
05-18-2010 19:39;1294;1
05-18-2010 19:40;1712;1
05-18-2010 19:41;1107;1
05-18-2010 19:42;888;0
05-18-2010 19:43;1107;1
05-18-2010 19:44;1073;1
05-18-2010 19:45;1378;1
05-18-2010 19:46;554;0
05-18-2010 19:47;1107;1
05-18-2010 19:48;809;0
05-18-2010 19:49;1073;1
05-18-2010 19:50;946;0
05-18-2010 19:51;977;0
05-18-2010 19:52;691;0
05-18-2010 19:53;390;0
05-18-2010 19:54;311;0
05-18-2010 19:55;402;0
05-18-2010 19:56;146;0
05-18-2010 19:57;17;0
05-18-2010 19:58;122;0
05-18-2010 19:59;155;0
05-18-2010 20:00;443;0
05-18-2010 20:01;6;0
05-18-2010 20:02;184;0
05-18-2010 20:03;415;0
05-18-2010 20:04;302;0
05-18-2010 20:05;354;0
05-18-2010 20:06;173;0
05-18-2010 20:07;115;0
05-18-2010 20:08;75;0
05-18-2010 20:09;34;0
05-18-2010 20:10;204;0
05-18-2010 20:11;572;0
05-18-2010 20:12;332;0
05-18-2010 20:13;861;0
05-18-2010 20:14;1040;0
05-18-2010 20:15;1040;0
05-18-2010 20:16;917;0
05-18-2010 20:17;1040;0
05-18-2010 20:18;977;0
05-18-2010 20:19;1216;1
05-18-2010 20:20;784;0
05-18-2010 20:21;977;0
05-18-2010 20:22;809;0
05-18-2010 20:23;1335;1
05-18-2010 20:24;1073;1
05-18-2010 20:25;1216;1
05-18-2010 20:26;1254;1
05-18-2010 20:27;1179;1
05-18-2010 20:28;1040;0
05-18-2010 20:29;1179;1
05-18-2010 20:30;1254;1
05-18-2010 20:31;784;0
05-18-2010 20:32;759;0
05-18-2010 20:33;917;0
05-18-2010 20:34;649;0
05-18-2010 20:35;609;0
05-18-2010 20:36;834;0
05-18-2010 20:37;713;0
05-18-2010 20:38;1179;1
05-18-2010 20:39;1040;0
05-18-2010 20:40;784;0
05-18-2010 20:41;1008;0
05-18-2010 20:42;977;0
05-18-2010 20:43;691;0
05-18-2010 20:44;365;0
05-18-2010 20:45;321;0
05-18-2010 20:46;332;0
05-18-2010 20:47;537;0
05-18-2010 20:48;321;0
05-18-2010 20:49;572;0
05-18-2010 20:50;946;0
05-18-2010 20:51;946;0
05-18-2010 20:52;977;0
05-18-2010 20:53;1294;1
05-18-2010 20:54;1040;0
05-18-2010 20:55;861;0
05-18-2010 20:56;1143;1
05-18-2010 20:57;809;0
05-18-2010 20:58;977;0
05-18-2010 20:59;1040;0
05-18-2010 21:00;1254;1
05-18-2010 21:01;977;0
05-18-2010 21:02;1008;0
05-18-2010 21:03;946;0
05-18-2010 21:04;1073;1
05-18-2010 21:05;1294;1
05-18-2010 21:06;1512;1
05-18-2010 21:07;977;0
05-18-2010 21:08;1254;1
05-18-2010 21:09;1880;1
05-18-2010 21:10;1466;1
05-18-2010 21:11;736;0
05-18-2010 21:12;946;0
05-18-2010 21:13;1008;0
05-18-2010 21:14;1466;1
05-18-2010 21:15;977;0
05-18-2010 21:16;572;0
05-18-2010 21:17;759;0
05-18-2010 21:18;691;0
05-18-2010 21:19;1560;1
05-18-2010 21:20;834;0
05-18-2010 21:21;691;0
05-18-2010 21:22;402;0
05-18-2010 21:23;503;0
05-18-2010 21:24;61;0
05-18-2010 21:25;34;0
05-18-2010 21:26;197;0
05-18-2010 21:27;311;0
05-18-2010 21:28;217;0
05-18-2010 21:29;503;0
05-18-2010 21:30;332;0
05-18-2010 21:31;191;0
05-18-2010 21:32;321;0
05-18-2010 21:33;273;0
05-18-2010 21:34;225;0
05-18-2010 21:35;332;0
05-18-2010 21:36;72;0
05-18-2010 21:37;210;0
05-18-2010 21:38;429;0
05-18-2010 21:39;429;0
05-18-2010 21:40;377;0
05-18-2010 21:41;342;0
05-18-2010 21:42;173;0
05-18-2010 21:43;197;0
05-18-2010 21:44;472;0
05-18-2010 21:45;649;0
05-18-2010 21:46;713;0
05-18-2010 21:47;691;0
05-18-2010 21:48;0;0
05-18-2010 21:49;0;0
05-18-2010 21:50;0;0
05-18-2010 21:51;0;0
05-18-2010 21:52;0;0
05-18-2010 21:53;0;0
05-18-2010 21:54;0;0
05-18-2010 21:55;0;0
05-18-2010 21:56;0;0
05-18-2010 21:57;0;0
05-18-2010 21:58;0;0
05-18-2010 21:59;83;0
05-18-2010 22:00;1179;1
05-18-2010 22:01;977;0
05-18-2010 22:02;629;0
05-18-2010 22:03;429;0
05-18-2010 22:04;2;0
05-18-2010 22:05;0;0
05-18-2010 22:06;2;0
05-18-2010 22:07;61;0
05-18-2010 22:08;0;0
05-18-2010 22:09;0;0
05-18-2010 22:10;49;0
05-18-2010 22:11;0;0
05-18-2010 22:12;0;0
05-18-2010 22:13;0;0
05-18-2010 22:14;0;0
05-18-2010 22:15;0;0
05-18-2010 22:16;0;0
05-18-2010 22:17;0;0
05-18-2010 22:18;0;0
05-18-2010 22:19;0;0
05-18-2010 22:20;0;0
05-18-2010 22:21;0;0
05-18-2010 22:22;0;0
05-18-2010 22:23;5;0
05-18-2010 22:24;49;0
05-18-2010 22:25;0;0
05-18-2010 22:26;3;0
05-18-2010 22:27;0;0
05-18-2010 22:28;5;0
05-18-2010 22:29;191;0
05-18-2010 22:30;6;0
05-18-2010 22:31;2;0
05-18-2010 22:32;146;0
05-18-2010 22:33;5;0
05-18-2010 22:34;2;0
05-18-2010 22:35;0;0
05-18-2010 22:36;4;0
05-18-2010 22:37;4;0
05-18-2010 22:38;0;0
05-18-2010 22:39;53;0
05-18-2010 22:40;5;0
05-18-2010 22:41;3;0
05-18-2010 22:42;11;0
05-18-2010 22:43;0;0
05-18-2010 22:44;8;0
05-18-2010 22:45;0;0
05-18-2010 22:46;0;0
05-18-2010 22:47;0;0
05-18-2010 22:48;0;0
05-18-2010 22:49;0;0
05-18-2010 22:50;2;0
05-18-2010 22:51;9;0
05-18-2010 22:52;42;0
05-18-2010 22:53;217;0
05-18-2010 22:54;429;0
05-18-2010 22:55;92;0
05-18-2010 22:56;119;0
05-18-2010 22:57;96;0
05-18-2010 22:58;457;0
05-18-2010 22:59;155;0
05-18-2010 23:00;861;0
05-18-2010 23:01;265;0
05-18-2010 23:02;167;0
05-18-2010 23:03;32;0
05-18-2010 23:04;178;0
05-18-2010 23:05;0;0
05-18-2010 23:06;572;0
05-18-2010 23:07;0;0
05-18-2010 23:08;0;0
05-18-2010 23:09;0;0
05-18-2010 23:10;0;0
05-18-2010 23:11;0;0
05-18-2010 23:12;0;0
05-18-2010 23:13;0;0
05-18-2010 23:14;0;0
05-18-2010 23:15;0;0
05-18-2010 23:16;16;0
05-18-2010 23:17;2;0
05-18-2010 23:18;0;0
05-18-2010 23:19;2;0
05-18-2010 23:20;46;0
05-18-2010 23:21;0;0
05-18-2010 23:22;14;0
05-18-2010 23:23;17;0
05-18-2010 23:24;19;0
05-18-2010 23:25;0;0
05-18-2010 23:26;0;0
05-18-2010 23:27;0;0
05-18-2010 23:28;0;0
05-18-2010 23:29;127;0
05-18-2010 23:30;629;0
05-18-2010 23:31;265;0
05-18-2010 23:32;0;0
05-18-2010 23:33;0;0
05-18-2010 23:34;0;0
05-18-2010 23:35;96;0
05-18-2010 23:36;0;0
05-18-2010 23:37;0;0
05-18-2010 23:38;0;0
05-18-2010 23:39;0;0
05-18-2010 23:40;0;0
05-18-2010 23:41;0;0
05-18-2010 23:42;0;0
05-18-2010 23:43;0;0
05-18-2010 23:44;0;0
05-18-2010 23:45;0;0
05-18-2010 23:46;0;0
05-18-2010 23:47;0;0
05-18-2010 23:48;0;0
05-18-2010 23:49;0;0
05-18-2010 23:50;0;0
05-18-2010 23:51;0;0
05-18-2010 23:52;0;0
05-18-2010 23:53;0;0
05-18-2010 23:54;0;0
05-18-2010 23:55;0;0
05-18-2010 23:56;0;0
05-18-2010 23:57;0;0
05-18-2010 23:58;0;0
05-18-2010 23:59;0;0
05-19-2010 00:00;0;0
05-19-2010 00:01;30;0
05-19-2010 00:02;0;0
05-19-2010 00:03;0;0
05-19-2010 00:04;0;0
05-19-2010 00:05;0;0
05-19-2010 00:06;0;0
05-19-2010 00:07;0;0
05-19-2010 00:08;0;0
05-19-2010 00:09;0;0
05-19-2010 00:10;0;0
05-19-2010 00:11;0;0
05-19-2010 00:12;0;0
05-19-2010 00:13;0;0
05-19-2010 00:14;0;0
05-19-2010 00:15;29;0
05-19-2010 00:16;0;0
05-19-2010 00:17;27;0
05-19-2010 00:18;0;0
05-19-2010 00:19;0;0
05-19-2010 00:20;0;0
05-19-2010 00:21;0;0
05-19-2010 00:22;0;0
05-19-2010 00:23;0;0
05-19-2010 00:24;0;0
05-19-2010 00:25;0;0
05-19-2010 00:26;0;0
05-19-2010 00:27;12;0
05-19-2010 00:28;32;0
05-19-2010 00:29;0;0
05-19-2010 00:30;0;0
05-19-2010 00:31;0;0
05-19-2010 00:32;0;0
05-19-2010 00:33;61;0
05-19-2010 00:34;0;0
05-19-2010 00:35;0;0
05-19-2010 00:36;0;0
05-19-2010 00:37;46;0
05-19-2010 00:38;16;0
05-19-2010 00:39;178;0
05-19-2010 00:40;0;0
05-19-2010 00:41;0;0
05-19-2010 00:42;0;0
05-19-2010 00:43;0;0
05-19-2010 00:44;0;0
05-19-2010 00:45;0;0
05-19-2010 00:46;0;0
05-19-2010 00:47;0;0
05-19-2010 00:48;0;0
05-19-2010 00:49;0;0
05-19-2010 00:50;34;0
05-19-2010 00:51;0;0
05-19-2010 00:52;0;0
05-19-2010 00:53;0;0
05-19-2010 00:54;0;0
05-19-2010 00:55;0;0
05-19-2010 00:56;0;0
05-19-2010 00:57;0;0
05-19-2010 00:58;0;0
05-19-2010 00:59;0;0
05-19-2010 01:00;0;0
05-19-2010 01:01;0;0
05-19-2010 01:02;0;0
05-19-2010 01:03;0;0
05-19-2010 01:04;0;0
05-19-2010 01:05;0;0
05-19-2010 01:06;0;0
05-19-2010 01:07;0;0
05-19-2010 01:08;0;0
05-19-2010 01:09;0;0
05-19-2010 01:10;12;0
05-19-2010 01:11;6;0
05-19-2010 01:12;0;0
05-19-2010 01:13;17;0
05-19-2010 01:14;0;0
05-19-2010 01:15;0;0
05-19-2010 01:16;0;0
05-19-2010 01:17;0;0
05-19-2010 01:18;0;0
05-19-2010 01:19;26;0
05-19-2010 01:20;40;0
05-19-2010 01:21;0;0
05-19-2010 01:22;0;0
05-19-2010 01:23;59;0
05-19-2010 01:24;14;0
05-19-2010 01:25;0;0
05-19-2010 01:26;0;0
05-19-2010 01:27;0;0
05-19-2010 01:28;0;0
05-19-2010 01:29;0;0
05-19-2010 01:30;0;0
05-19-2010 01:31;0;0
05-19-2010 01:32;0;0
05-19-2010 01:33;0;0
05-19-2010 01:34;0;0
05-19-2010 01:35;0;0
05-19-2010 01:36;0;0
05-19-2010 01:37;0;0
05-19-2010 01:38;0;0
05-19-2010 01:39;0;0
05-19-2010 01:40;0;0
05-19-2010 01:41;0;0
05-19-2010 01:42;0;0
05-19-2010 01:43;0;0
05-19-2010 01:44;0;0
05-19-2010 01:45;0;0
05-19-2010 01:46;0;0
05-19-2010 01:47;0;0
05-19-2010 01:48;0;0
05-19-2010 01:49;2;0
05-19-2010 01:50;0;0
05-19-2010 01:51;0;0
05-19-2010 01:52;0;0
05-19-2010 01:53;0;0
05-19-2010 01:54;0;0
05-19-2010 01:55;0;0
05-19-2010 01:56;0;0
05-19-2010 01:57;0;0
05-19-2010 01:58;0;0
05-19-2010 01:59;0;0
05-19-2010 02:00;321;0
05-19-2010 02:01;0;0
05-19-2010 02:02;0;0
05-19-2010 02:03;0;0
05-19-2010 02:04;0;0
05-19-2010 02:05;0;0
05-19-2010 02:06;0;0
05-19-2010 02:07;0;0
05-19-2010 02:08;111;0
05-19-2010 02:09;0;0
05-19-2010 02:10;0;0
05-19-2010 02:11;10;0
05-19-2010 02:12;49;0
05-19-2010 02:13;0;0
05-19-2010 02:14;0;0
05-19-2010 02:15;0;0
05-19-2010 02:16;0;0
05-19-2010 02:17;10;0
05-19-2010 02:18;0;0
05-19-2010 02:19;0;0
05-19-2010 02:20;0;0
05-19-2010 02:21;273;0
05-19-2010 02:22;0;0
05-19-2010 02:23;21;0
05-19-2010 02:24;0;0
05-19-2010 02:25;0;0
05-19-2010 02:26;0;0
05-19-2010 02:27;0;0
05-19-2010 02:28;0;0
05-19-2010 02:29;0;0
05-19-2010 02:30;0;0
05-19-2010 02:31;0;0
05-19-2010 02:32;0;0
05-19-2010 02:33;0;0
05-19-2010 02:34;0;0
05-19-2010 02:35;0;0
05-19-2010 02:36;0;0
05-19-2010 02:37;0;0
05-19-2010 02:38;0;0
05-19-2010 02:39;0;0
05-19-2010 02:40;0;0
05-19-2010 02:41;0;0
05-19-2010 02:42;0;0
05-19-2010 02:43;0;0
05-19-2010 02:44;0;0
05-19-2010 02:45;0;0
05-19-2010 02:46;0;0
05-19-2010 02:47;0;0
05-19-2010 02:48;0;0
05-19-2010 02:49;103;0
05-19-2010 02:50;0;0
05-19-2010 02:51;0;0
05-19-2010 02:52;0;0
05-19-2010 02:53;0;0
05-19-2010 02:54;0;0
05-19-2010 02:55;0;0
05-19-2010 02:56;0;0
05-19-2010 02:57;0;0
05-19-2010 02:58;0;0
05-19-2010 02:59;0;0
05-19-2010 03:00;0;0
05-19-2010 03:01;0;0
05-19-2010 03:02;0;0
05-19-2010 03:03;0;0
05-19-2010 03:04;0;0
05-19-2010 03:05;0;0
05-19-2010 03:06;0;0
05-19-2010 03:07;66;0
05-19-2010 03:08;64;0
05-19-2010 03:09;0;0
05-19-2010 03:10;0;0
05-19-2010 03:11;5;0
05-19-2010 03:12;127;0
05-19-2010 03:13;0;0
05-19-2010 03:14;51;0
05-19-2010 03:15;0;0
05-19-2010 03:16;0;0
05-19-2010 03:17;0;0
05-19-2010 03:18;0;0
05-19-2010 03:19;0;0
05-19-2010 03:20;0;0
05-19-2010 03:21;0;0
05-19-2010 03:22;0;0
05-19-2010 03:23;0;0
05-19-2010 03:24;0;0
05-19-2010 03:25;2;0
05-19-2010 03:26;0;0
05-19-2010 03:27;9;0
05-19-2010 03:28;0;0
05-19-2010 03:29;0;0
05-19-2010 03:30;23;0
05-19-2010 03:31;191;0
05-19-2010 03:32;0;0
05-19-2010 03:33;0;0
05-19-2010 03:34;0;0
05-19-2010 03:35;0;0
05-19-2010 03:36;47;0
05-19-2010 03:37;0;0
05-19-2010 03:38;26;0
05-19-2010 03:39;0;0
05-19-2010 03:40;0;0
05-19-2010 03:41;173;0
05-19-2010 03:42;0;0
05-19-2010 03:43;0;0
05-19-2010 03:44;0;0
05-19-2010 03:45;0;0
05-19-2010 03:46;0;0
05-19-2010 03:47;0;0
05-19-2010 03:48;0;0
05-19-2010 03:49;0;0
05-19-2010 03:50;0;0
05-19-2010 03:51;0;0
05-19-2010 03:52;0;0
05-19-2010 03:53;44;0
05-19-2010 03:54;0;0
05-19-2010 03:55;0;0
05-19-2010 03:56;0;0
05-19-2010 03:57;0;0
05-19-2010 03:58;0;0
05-19-2010 03:59;0;0
05-19-2010 04:00;0;0
05-19-2010 04:01;0;0
05-19-2010 04:02;4;0
05-19-2010 04:03;9;0
05-19-2010 04:04;0;0
05-19-2010 04:05;232;0
05-19-2010 04:06;0;0
05-19-2010 04:07;0;0
05-19-2010 04:08;2;0
05-19-2010 04:09;0;0
05-19-2010 04:10;14;0
05-19-2010 04:11;197;0
05-19-2010 04:12;0;0
05-19-2010 04:13;0;0
05-19-2010 04:14;0;0
05-19-2010 04:15;2;0
05-19-2010 04:16;0;0
05-19-2010 04:17;2;0
05-19-2010 04:18;0;0
05-19-2010 04:19;0;0
05-19-2010 04:20;0;0
05-19-2010 04:21;107;0
05-19-2010 04:22;0;0
05-19-2010 04:23;0;0
05-19-2010 04:24;0;0
05-19-2010 04:25;0;0
05-19-2010 04:26;0;0
05-19-2010 04:27;0;0
05-19-2010 04:28;7;0
05-19-2010 04:29;0;0
05-19-2010 04:30;0;0
05-19-2010 04:31;0;0
05-19-2010 04:32;0;0
05-19-2010 04:33;0;0
05-19-2010 04:34;0;0
05-19-2010 04:35;0;0
05-19-2010 04:36;0;0
05-19-2010 04:37;0;0
05-19-2010 04:38;0;0
05-19-2010 04:39;5;0
05-19-2010 04:40;0;0
05-19-2010 04:41;0;0
05-19-2010 04:42;0;0
05-19-2010 04:43;0;0
05-19-2010 04:44;6;0
05-19-2010 04:45;38;0
05-19-2010 04:46;3;0
05-19-2010 04:47;0;0
05-19-2010 04:48;0;0
05-19-2010 04:49;0;0
05-19-2010 04:50;0;0
05-19-2010 04:51;2;0
05-19-2010 04:52;0;0
05-19-2010 04:53;0;0
05-19-2010 04:54;8;0
05-19-2010 04:55;0;0
05-19-2010 04:56;0;0
05-19-2010 04:57;0;0
05-19-2010 04:58;0;0
05-19-2010 04:59;0;0
05-19-2010 05:00;0;0
05-19-2010 05:01;0;0
05-19-2010 05:02;0;0
05-19-2010 05:03;0;0
05-19-2010 05:04;0;0
05-19-2010 05:05;0;0
05-19-2010 05:06;0;0
05-19-2010 05:07;0;0
05-19-2010 05:08;0;0
05-19-2010 05:09;0;0
05-19-2010 05:10;0;0
05-19-2010 05:11;0;0
05-19-2010 05:12;0;0
05-19-2010 05:13;0;0
05-19-2010 05:14;0;0
05-19-2010 05:15;0;0
05-19-2010 05:16;0;0
05-19-2010 05:17;34;0
05-19-2010 05:18;72;0
05-19-2010 05:19;0;0
05-19-2010 05:20;0;0
05-19-2010 05:21;0;0
05-19-2010 05:22;0;0
05-19-2010 05:23;0;0
05-19-2010 05:24;2;0
05-19-2010 05:25;0;0
05-19-2010 05:26;7;0
05-19-2010 05:27;0;0
05-19-2010 05:28;2;0
05-19-2010 05:29;22;0
05-19-2010 05:30;0;0
05-19-2010 05:31;0;0
05-19-2010 05:32;0;0
05-19-2010 05:33;0;0
05-19-2010 05:34;0;0
05-19-2010 05:35;0;0
05-19-2010 05:36;0;0
05-19-2010 05:37;0;0
05-19-2010 05:38;0;0
05-19-2010 05:39;0;0
05-19-2010 05:40;51;0
05-19-2010 05:41;59;0
05-19-2010 05:42;0;0
05-19-2010 05:43;24;0
05-19-2010 05:44;0;0
05-19-2010 05:45;19;0
05-19-2010 05:46;30;0
05-19-2010 05:47;40;0
05-19-2010 05:48;0;0
05-19-2010 05:49;0;0
05-19-2010 05:50;69;0
05-19-2010 05:51;0;0
05-19-2010 05:52;0;0
05-19-2010 05:53;17;0
05-19-2010 05:54;0;0
05-19-2010 05:55;83;0
05-19-2010 05:56;0;0
05-19-2010 05:57;0;0
05-19-2010 05:58;0;0
05-19-2010 05:59;0;0
05-19-2010 06:00;0;0
05-19-2010 06:01;0;0
05-19-2010 06:02;0;0
05-19-2010 06:03;0;0
05-19-2010 06:04;0;0
05-19-2010 06:05;0;0
05-19-2010 06:06;0;0
05-19-2010 06:07;81;0
05-19-2010 06:08;0;0
05-19-2010 06:09;0;0
05-19-2010 06:10;0;0
05-19-2010 06:11;51;0
05-19-2010 06:12;0;0
05-19-2010 06:13;0;0
05-19-2010 06:14;0;0
05-19-2010 06:15;0;0
05-19-2010 06:16;0;0
05-19-2010 06:17;0;0
05-19-2010 06:18;100;0
05-19-2010 06:19;9;0
05-19-2010 06:20;0;0
05-19-2010 06:21;0;0
05-19-2010 06:22;0;0
05-19-2010 06:23;0;0
05-19-2010 06:24;0;0
05-19-2010 06:25;0;0
05-19-2010 06:26;0;0
05-19-2010 06:27;0;0
05-19-2010 06:28;0;0
05-19-2010 06:29;2;0
05-19-2010 06:30;0;0
05-19-2010 06:31;0;0
05-19-2010 06:32;0;0
05-19-2010 06:33;0;0
05-19-2010 06:34;0;0
05-19-2010 06:35;0;0
05-19-2010 06:36;0;0
05-19-2010 06:37;0;0
05-19-2010 06:38;0;0
05-19-2010 06:39;0;0
05-19-2010 06:40;0;0
05-19-2010 06:41;0;0
05-19-2010 06:42;47;0
05-19-2010 06:43;0;0
05-19-2010 06:44;0;0
05-19-2010 06:45;0;0
05-19-2010 06:46;0;0
05-19-2010 06:47;0;0
05-19-2010 06:48;0;0
05-19-2010 06:49;3;0
05-19-2010 06:50;0;0
05-19-2010 06:51;0;0
05-19-2010 06:52;78;0
05-19-2010 06:53;2;0
05-19-2010 06:54;0;0
05-19-2010 06:55;0;0
05-19-2010 06:56;0;0
05-19-2010 06:57;103;0
05-19-2010 06:58;18;0
05-19-2010 06:59;0;0
05-19-2010 07:00;0;0
05-19-2010 07:01;0;0
05-19-2010 07:02;46;0
05-19-2010 07:03;36;0
05-19-2010 07:04;25;0
05-19-2010 07:05;0;0
05-19-2010 07:06;16;0
05-19-2010 07:07;64;0
05-19-2010 07:08;173;0
05-19-2010 07:09;132;0
05-19-2010 07:10;443;0
05-19-2010 07:11;115;0
05-19-2010 07:12;321;0
05-19-2010 07:13;365;0
05-19-2010 07:14;155;0
05-19-2010 07:15;232;0
05-19-2010 07:16;342;0
05-19-2010 07:17;83;0
05-19-2010 07:18;57;0
05-19-2010 07:19;283;0
05-19-2010 07:20;443;0
05-19-2010 07:21;365;0
05-19-2010 07:22;415;0
05-19-2010 07:23;1335;1
05-19-2010 07:24;669;0
05-19-2010 07:25;1107;1
05-19-2010 07:26;609;0
05-19-2010 07:27;572;0
05-19-2010 07:28;784;0
05-19-2010 07:29;537;0
05-19-2010 07:30;415;0
05-19-2010 07:31;283;0
05-19-2010 07:32;1073;1
05-19-2010 07:33;609;0
05-19-2010 07:34;429;0
05-19-2010 07:35;609;0
05-19-2010 07:36;736;0
05-19-2010 07:37;16;0
05-19-2010 07:38;0;0
05-19-2010 07:39;0;0
05-19-2010 07:40;0;0
05-19-2010 07:41;0;0
05-19-2010 07:42;0;0
05-19-2010 07:43;0;0
05-19-2010 07:44;0;0
05-19-2010 07:45;0;0
05-19-2010 07:46;0;0
05-19-2010 07:47;0;0
05-19-2010 07:48;0;0
05-19-2010 07:49;0;0
05-19-2010 07:50;0;0
05-19-2010 07:51;0;0
05-19-2010 07:52;784;0
05-19-2010 07:53;1466;1
05-19-2010 07:54;1143;1
05-19-2010 07:55;736;0
05-19-2010 07:56;1216;1
05-19-2010 07:57;946;0
05-19-2010 07:58;713;0
05-19-2010 07:59;1254;1
05-19-2010 08:00;861;0
05-19-2010 08:01;1143;1
05-19-2010 08:02;1179;1
05-19-2010 08:03;977;0
05-19-2010 08:04;1216;1
05-19-2010 08:05;1560;1
05-19-2010 08:06;1254;1
05-19-2010 08:07;861;0
05-19-2010 08:08;2000;1
05-19-2010 08:09;2407;1
05-19-2010 08:10;1660;1
05-19-2010 08:11;1143;1
05-19-2010 08:12;946;0
05-19-2010 08:13;1216;1
05-19-2010 08:14;1335;1
05-19-2010 08:15;888;0
05-19-2010 08:16;977;0
05-19-2010 08:17;834;0
05-19-2010 08:18;537;0
05-19-2010 08:19;537;0
05-19-2010 08:20;861;0
05-19-2010 08:21;415;0
05-19-2010 08:22;1073;1
05-19-2010 08:23;72;0
05-19-2010 08:24;2;0
05-19-2010 08:25;210;0
05-19-2010 08:26;429;0
05-19-2010 08:27;402;0
05-19-2010 08:28;0;0
05-19-2010 08:29;0;0
05-19-2010 08:30;100;0
05-19-2010 08:31;0;0
05-19-2010 08:32;49;0
05-19-2010 08:33;2;0
05-19-2010 08:34;132;0
05-19-2010 08:35;64;0
05-19-2010 08:36;332;0
05-19-2010 08:37;472;0
05-19-2010 08:38;141;0
05-19-2010 08:39;32;0
05-19-2010 08:40;57;0
05-19-2010 08:41;4;0
05-19-2010 08:42;72;0
05-19-2010 08:43;8;0
05-19-2010 08:44;141;0
05-19-2010 08:45;47;0
05-19-2010 08:46;66;0
05-19-2010 08:47;69;0
05-19-2010 08:48;36;0
05-19-2010 08:49;0;0
05-19-2010 08:50;302;0
05-19-2010 08:51;127;0
05-19-2010 08:52;69;0
05-19-2010 08:53;2;0
05-19-2010 08:54;3;0
05-19-2010 08:55;17;0
05-19-2010 08:56;89;0
05-19-2010 08:57;81;0
05-19-2010 08:58;240;0
05-19-2010 08:59;283;0
05-19-2010 09:00;51;0
05-19-2010 09:01;40;0
05-19-2010 09:02;12;0
05-19-2010 09:03;9;0
05-19-2010 09:04;354;0
05-19-2010 09:05;713;0
05-19-2010 09:06;691;0
05-19-2010 09:07;457;0
05-19-2010 09:08;210;0
05-19-2010 09:09;92;0
05-19-2010 09:10;107;0
05-19-2010 09:11;57;0
05-19-2010 09:12;27;0
05-19-2010 09:13;127;0
05-19-2010 09:14;173;0
05-19-2010 09:15;0;0
05-19-2010 09:16;487;0
05-19-2010 09:17;178;0
05-19-2010 09:18;0;0
05-19-2010 09:19;36;0
05-19-2010 09:20;111;0
05-19-2010 09:21;311;0
05-19-2010 09:22;273;0
05-19-2010 09:23;7;0
05-19-2010 09:24;332;0
05-19-2010 09:25;390;0
05-19-2010 09:26;292;0
05-19-2010 09:27;49;0
05-19-2010 09:28;22;0
05-19-2010 09:29;0;0
05-19-2010 09:30;0;0
05-19-2010 09:31;29;0
05-19-2010 09:32;19;0
05-19-2010 09:33;127;0
05-19-2010 09:34;103;0
05-19-2010 09:35;178;0
05-19-2010 09:36;83;0
05-19-2010 09:37;119;0
05-19-2010 09:38;0;0
05-19-2010 09:39;240;0
05-19-2010 09:40;137;0
05-19-2010 09:41;103;0
05-19-2010 09:42;49;0
05-19-2010 09:43;184;0
05-19-2010 09:44;240;0
05-19-2010 09:45;342;0
05-19-2010 09:46;302;0
05-19-2010 09:47;115;0
05-19-2010 09:48;273;0
05-19-2010 09:49;36;0
05-19-2010 09:50;365;0
05-19-2010 09:51;38;0
05-19-2010 09:52;155;0
05-19-2010 09:53;210;0
05-19-2010 09:54;415;0
05-19-2010 09:55;273;0
05-19-2010 09:56;75;0
05-19-2010 09:57;649;0
05-19-2010 09:58;256;0
05-19-2010 09:59;365;0
05-19-2010 10:00;111;0
05-19-2010 10:01;472;0
05-19-2010 10:02;173;0
05-19-2010 10:03;520;0
05-19-2010 10:04;311;0
05-19-2010 10:05;520;0
05-19-2010 10:06;354;0
05-19-2010 10:07;184;0
05-19-2010 10:08;132;0
05-19-2010 10:09;78;0
05-19-2010 10:10;96;0
05-19-2010 10:11;332;0
05-19-2010 10:12;64;0
05-19-2010 10:13;81;0
05-19-2010 10:14;402;0
05-19-2010 10:15;554;0
05-19-2010 10:16;537;0
05-19-2010 10:17;713;0
05-19-2010 10:18;256;0
05-19-2010 10:19;472;0
05-19-2010 10:20;155;0
05-19-2010 10:21;59;0
05-19-2010 10:22;9;0
05-19-2010 10:23;127;0
05-19-2010 10:24;0;0
05-19-2010 10:25;92;0
05-19-2010 10:26;27;0
05-19-2010 10:27;53;0
05-19-2010 10:28;81;0
05-19-2010 10:29;184;0
05-19-2010 10:30;34;0
05-19-2010 10:31;64;0
05-19-2010 10:32;92;0
05-19-2010 10:33;2;0
05-19-2010 10:34;691;0
05-19-2010 10:35;888;0
05-19-2010 10:36;1179;1
05-19-2010 10:37;1216;1
05-19-2010 10:38;946;0
05-19-2010 10:39;834;0
05-19-2010 10:40;669;0
05-19-2010 10:41;784;0
05-19-2010 10:42;1143;1
05-19-2010 10:43;1179;1
05-19-2010 10:44;1179;1
05-19-2010 10:45;1466;1
05-19-2010 10:46;1512;1
05-19-2010 10:47;1378;1
05-19-2010 10:48;2127;1
05-19-2010 10:49;2263;1
05-19-2010 10:50;1421;1
05-19-2010 10:51;1073;1
05-19-2010 10:52;1294;1
05-19-2010 10:53;1040;0
05-19-2010 10:54;1766;1
05-19-2010 10:55;1421;1
05-19-2010 10:56;1143;1
05-19-2010 10:57;977;0
05-19-2010 10:58;809;0
05-19-2010 10:59;590;0
05-19-2010 11:00;0;0
