TIMESTAMP;ACTIVITY;ANOMALY
03-09-2010 14:00;0;0
03-09-2010 14:01;62;0
03-09-2010 14:02;240;0
03-09-2010 14:03;438;0
03-09-2010 14:04;384;0
03-09-2010 14:05;9;0
03-09-2010 14:06;36;0
03-09-2010 14:07;195;0
03-09-2010 14:08;209;0
03-09-2010 14:09;396;0
03-09-2010 14:10;782;0
03-09-2010 14:11;567;0
03-09-2010 14:12;979;1
03-09-2010 14:13;258;0
03-09-2010 14:14;304;0
03-09-2010 14:15;567;0
03-09-2010 14:16;834;0
03-09-2010 14:17;1010;1
03-09-2010 14:18;498;0
03-09-2010 14:19;834;0
03-09-2010 14:20;348;0
03-09-2010 14:21;152;0
03-09-2010 14:22;348;0
03-09-2010 14:23;240;0
03-09-2010 14:24;62;0
03-09-2010 14:25;195;0
03-09-2010 14:26;59;0
03-09-2010 14:27;97;0
03-09-2010 14:28;126;0
03-09-2010 14:29;142;0
03-09-2010 14:30;240;0
03-09-2010 14:31;47;0
03-09-2010 14:32;315;0
03-09-2010 14:33;889;1
03-09-2010 14:34;202;0
03-09-2010 14:35;451;0
03-09-2010 14:36;1043;1
03-09-2010 14:37;325;0
03-09-2010 14:38;1221;1
03-09-2010 14:39;645;0
03-09-2010 14:40;62;0
03-09-2010 14:41;348;0
03-09-2010 14:42;195;0
03-09-2010 14:43;195;0
03-09-2010 14:44;19;0
03-09-2010 14:45;451;0
03-09-2010 14:46;275;0
03-09-2010 14:47;711;0
03-09-2010 14:48;605;0
03-09-2010 14:49;567;0
03-09-2010 14:50;384;0
03-09-2010 14:51;384;0
03-09-2010 14:52;223;0
03-09-2010 14:53;348;0
03-09-2010 14:54;100;0
03-09-2010 14:55;216;0
03-09-2010 14:56;142;0
03-09-2010 14:57;348;0
03-09-2010 14:58;147;0
03-09-2010 14:59;688;0
03-09-2010 15:00;275;0
03-09-2010 15:01;157;0
03-09-2010 15:02;182;0
03-09-2010 15:03;266;0
03-09-2010 15:04;586;0
03-09-2010 15:05;1110;1
03-09-2010 15:06;861;0
03-09-2010 15:07;157;0
03-09-2010 15:08;163;0
03-09-2010 15:09;258;0
03-09-2010 15:10;202;0
03-09-2010 15:11;189;0
03-09-2010 15:12;152;0
03-09-2010 15:13;131;0
03-09-2010 15:14;396;0
03-09-2010 15:15;76;0
03-09-2010 15:16;266;0
03-09-2010 15:17;111;0
03-09-2010 15:18;304;0
03-09-2010 15:19;498;0
03-09-2010 15:20;249;0
03-09-2010 15:21;372;0
03-09-2010 15:22;189;0
03-09-2010 15:23;126;0
03-09-2010 15:24;48;0
03-09-2010 15:25;3;0
03-09-2010 15:26;384;0
03-09-2010 15:27;605;0
03-09-2010 15:28;43;0
03-09-2010 15:29;688;0
03-09-2010 15:30;586;0
03-09-2010 15:31;666;0
03-09-2010 15:32;498;0
03-09-2010 15:33;372;0
03-09-2010 15:34;232;0
03-09-2010 15:35;424;0
03-09-2010 15:36;410;0
03-09-2010 15:37;360;0
03-09-2010 15:38;467;0
03-09-2010 15:39;467;0
03-09-2010 15:40;550;0
03-09-2010 15:41;467;0
03-09-2010 15:42;550;0
03-09-2010 15:43;131;0
03-09-2010 15:44;275;0
03-09-2010 15:45;284;0
03-09-2010 15:46;360;0
03-09-2010 15:47;711;0
03-09-2010 15:48;1386;1
03-09-2010 15:49;424;0
03-09-2010 15:50;782;0
03-09-2010 15:51;284;0
03-09-2010 15:52;438;0
03-09-2010 15:53;586;0
03-09-2010 15:54;550;0
03-09-2010 15:55;163;0
03-09-2010 15:56;86;0
03-09-2010 15:57;69;0
03-09-2010 15:58;249;0
03-09-2010 15:59;645;0
03-09-2010 16:00;550;0
03-09-2010 16:01;131;0
03-09-2010 16:02;515;0
03-09-2010 16:03;889;1
03-09-2010 16:04;182;0
03-09-2010 16:05;43;0
03-09-2010 16:06;69;0
03-09-2010 16:07;168;0
03-09-2010 16:08;232;0
03-09-2010 16:09;1076;1
03-09-2010 16:10;861;0
03-09-2010 16:11;1301;1
03-09-2010 16:12;567;0
03-09-2010 16:13;348;0
03-09-2010 16:14;360;0
03-09-2010 16:15;104;0
03-09-2010 16:16;175;0
03-09-2010 16:17;711;0
03-09-2010 16:18;2150;1
03-09-2010 16:19;1010;1
03-09-2010 16:20;808;0
03-09-2010 16:21;808;0
03-09-2010 16:22;483;0
03-09-2010 16:23;54;0
03-09-2010 16:24;107;0
03-09-2010 16:25;10;0
03-09-2010 16:26;14;0
03-09-2010 16:27;62;0
03-09-2010 16:28;26;0
03-09-2010 16:29;90;0
03-09-2010 16:30;59;0
03-09-2010 16:31;90;0
03-09-2010 16:32;1076;1
03-09-2010 16:33;605;0
03-09-2010 16:34;889;1
03-09-2010 16:35;266;0
03-09-2010 16:36;336;0
03-09-2010 16:37;40;0
03-09-2010 16:38;22;0
03-09-2010 16:39;0;0
03-09-2010 16:40;0;0
03-09-2010 16:41;918;1
03-09-2010 16:42;605;0
03-09-2010 16:43;360;0
03-09-2010 16:44;451;0
03-09-2010 16:45;645;0
03-09-2010 16:46;438;0
03-09-2010 16:47;918;1
03-09-2010 16:48;348;0
03-09-2010 16:49;168;0
03-09-2010 16:50;304;0
03-09-2010 16:51;157;0
03-09-2010 16:52;126;0
03-09-2010 16:53;424;0
03-09-2010 16:54;1010;1
03-09-2010 16:55;861;0
03-09-2010 16:56;1958;1
03-09-2010 16:57;1010;1
03-09-2010 16:58;861;0
03-09-2010 16:59;1673;1
03-09-2010 17:00;979;1
03-09-2010 17:01;1261;1
03-09-2010 17:02;1386;1
03-09-2010 17:03;1475;1
03-09-2010 17:04;1342;1
03-09-2010 17:05;1958;1
03-09-2010 17:06;1147;1
03-09-2010 17:07;1386;1
03-09-2010 17:08;1261;1
03-09-2010 17:09;1839;1
03-09-2010 17:10;1183;1
03-09-2010 17:11;711;0
03-09-2010 17:12;918;1
03-09-2010 17:13;758;0
03-09-2010 17:14;1183;1
03-09-2010 17:15;216;0
03-09-2010 17:16;131;0
03-09-2010 17:17;0;0
03-09-2010 17:18;22;0
03-09-2010 17:19;29;0
03-09-2010 17:20;19;0
03-09-2010 17:21;26;0
03-09-2010 17:22;55;0
03-09-2010 17:23;36;0
03-09-2010 17:24;16;0
03-09-2010 17:25;31;0
03-09-2010 17:26;0;0
03-09-2010 17:27;28;0
03-09-2010 17:28;0;0
03-09-2010 17:29;19;0
03-09-2010 17:30;111;0
03-09-2010 17:31;266;0
03-09-2010 17:32;0;0
03-09-2010 17:33;12;0
03-09-2010 17:34;0;0
03-09-2010 17:35;0;0
03-09-2010 17:36;19;0
03-09-2010 17:37;131;0
03-09-2010 17:38;36;0
03-09-2010 17:39;28;0
03-09-2010 17:40;0;0
03-09-2010 17:41;3;0
03-09-2010 17:42;0;0
03-09-2010 17:43;0;0
03-09-2010 17:44;86;0
03-09-2010 17:45;0;0
03-09-2010 17:46;76;0
03-09-2010 17:47;7;0
03-09-2010 17:48;10;0
03-09-2010 17:49;0;0
03-09-2010 17:50;0;0
03-09-2010 17:51;0;0
03-09-2010 17:52;0;0
03-09-2010 17:53;0;0
03-09-2010 17:54;0;0
03-09-2010 17:55;0;0
03-09-2010 17:56;0;0
03-09-2010 17:57;80;0
03-09-2010 17:58;0;0
03-09-2010 17:59;0;0
03-09-2010 18:00;0;0
03-09-2010 18:01;0;0
03-09-2010 18:02;0;0
03-09-2010 18:03;0;0
03-09-2010 18:04;0;0
03-09-2010 18:05;258;0
03-09-2010 18:06;216;0
03-09-2010 18:07;348;0
03-09-2010 18:08;808;0
03-09-2010 18:09;410;0
03-09-2010 18:10;0;0
03-09-2010 18:11;3;0
03-09-2010 18:12;5;0
03-09-2010 18:13;80;0
03-09-2010 18:14;9;0
03-09-2010 18:15;0;0
03-09-2010 18:16;5;0
03-09-2010 18:17;325;0
03-09-2010 18:18;42;0
03-09-2010 18:19;249;0
03-09-2010 18:20;17;0
03-09-2010 18:21;80;0
03-09-2010 18:22;0;0
03-09-2010 18:23;0;0
03-09-2010 18:24;0;0
03-09-2010 18:25;66;0
03-09-2010 18:26;498;0
03-09-2010 18:27;733;0
03-09-2010 18:28;1301;1
03-09-2010 18:29;7;0
03-09-2010 18:30;76;0
03-09-2010 18:31;24;0
03-09-2010 18:32;14;0
03-09-2010 18:33;0;0
03-09-2010 18:34;0;0
03-09-2010 18:35;116;0
03-09-2010 18:36;22;0
03-09-2010 18:37;0;0
03-09-2010 18:38;19;0
03-09-2010 18:39;304;0
03-09-2010 18:40;515;0
03-09-2010 18:41;948;1
03-09-2010 18:42;688;0
03-09-2010 18:43;711;0
03-09-2010 18:44;861;0
03-09-2010 18:45;515;0
03-09-2010 18:46;111;0
03-09-2010 18:47;0;0
03-09-2010 18:48;36;0
03-09-2010 18:49;0;0
03-09-2010 18:50;666;0
03-09-2010 18:51;284;0
03-09-2010 18:52;372;0
03-09-2010 18:53;5;0
03-09-2010 18:54;0;0
03-09-2010 18:55;142;0
03-09-2010 18:56;0;0
03-09-2010 18:57;80;0
03-09-2010 18:58;73;0
03-09-2010 18:59;0;0
03-09-2010 19:00;0;0
03-09-2010 19:01;97;0
03-09-2010 19:02;483;0
03-09-2010 19:03;372;0
03-09-2010 19:04;567;0
03-09-2010 19:05;666;0
03-09-2010 19:06;168;0
03-09-2010 19:07;918;1
03-09-2010 19:08;688;0
03-09-2010 19:09;605;0
03-09-2010 19:10;1301;1
03-09-2010 19:11;666;0
03-09-2010 19:12;14;0
03-09-2010 19:13;12;0
03-09-2010 19:14;325;0
03-09-2010 19:15;14;0
03-09-2010 19:16;90;0
03-09-2010 19:17;48;0
03-09-2010 19:18;100;0
03-09-2010 19:19;216;0
03-09-2010 19:20;45;0
03-09-2010 19:21;147;0
03-09-2010 19:22;59;0
03-09-2010 19:23;40;0
03-09-2010 19:24;396;0
03-09-2010 19:25;43;0
03-09-2010 19:26;0;0
03-09-2010 19:27;0;0
03-09-2010 19:28;175;0
03-09-2010 19:29;54;0
03-09-2010 19:30;33;0
03-09-2010 19:31;0;0
03-09-2010 19:32;17;0
03-09-2010 19:33;182;0
03-09-2010 19:34;438;0
03-09-2010 19:35;26;0
03-09-2010 19:36;28;0
03-09-2010 19:37;12;0
03-09-2010 19:38;9;0
03-09-2010 19:39;3;0
03-09-2010 19:40;28;0
03-09-2010 19:41;86;0
03-09-2010 19:42;111;0
03-09-2010 19:43;586;0
03-09-2010 19:44;3;0
03-09-2010 19:45;0;0
03-09-2010 19:46;249;0
03-09-2010 19:47;157;0
03-09-2010 19:48;624;0
03-09-2010 19:49;384;0
03-09-2010 19:50;35;0
03-09-2010 19:51;0;0
03-09-2010 19:52;0;0
03-09-2010 19:53;0;0
03-09-2010 19:54;0;0
03-09-2010 19:55;1475;1
03-09-2010 19:56;483;0
03-09-2010 19:57;315;0
03-09-2010 19:58;645;0
03-09-2010 19:59;147;0
03-09-2010 20:00;9;0
03-09-2010 20:01;3;0
03-09-2010 20:02;121;0
03-09-2010 20:03;16;0
03-09-2010 20:04;0;0
03-09-2010 20:05;147;0
03-09-2010 20:06;126;0
03-09-2010 20:07;31;0
03-09-2010 20:08;0;0
03-09-2010 20:09;3;0
03-09-2010 20:10;0;0
03-09-2010 20:11;0;0
03-09-2010 20:12;0;0
03-09-2010 20:13;3;0
03-09-2010 20:14;3;0
03-09-2010 20:15;16;0
03-09-2010 20:16;24;0
03-09-2010 20:17;3;0
03-09-2010 20:18;59;0
03-09-2010 20:19;90;0
03-09-2010 20:20;40;0
03-09-2010 20:21;66;0
03-09-2010 20:22;195;0
03-09-2010 20:23;605;0
03-09-2010 20:24;688;0
03-09-2010 20:25;168;0
03-09-2010 20:26;3;0
03-09-2010 20:27;0;0
03-09-2010 20:28;5;0
03-09-2010 20:29;42;0
03-09-2010 20:30;9;0
03-09-2010 20:31;0;0
03-09-2010 20:32;0;0
03-09-2010 20:33;315;0
03-09-2010 20:34;467;0
03-09-2010 20:35;232;0
03-09-2010 20:36;0;0
03-09-2010 20:37;14;0
03-09-2010 20:38;3;0
03-09-2010 20:39;0;0
03-09-2010 20:40;17;0
03-09-2010 20:41;16;0
03-09-2010 20:42;29;0
03-09-2010 20:43;26;0
03-09-2010 20:44;21;0
03-09-2010 20:45;3;0
03-09-2010 20:46;21;0
03-09-2010 20:47;21;0
03-09-2010 20:48;42;0
03-09-2010 20:49;10;0
03-09-2010 20:50;0;0
03-09-2010 20:51;50;0
03-09-2010 20:52;24;0
03-09-2010 20:53;40;0
03-09-2010 20:54;14;0
03-09-2010 20:55;38;0
03-09-2010 20:56;10;0
03-09-2010 20:57;0;0
03-09-2010 20:58;59;0
03-09-2010 20:59;31;0
03-09-2010 21:00;21;0
03-09-2010 21:01;14;0
03-09-2010 21:02;10;0
03-09-2010 21:03;0;0
03-09-2010 21:04;5;0
03-09-2010 21:05;0;0
03-09-2010 21:06;0;0
03-09-2010 21:07;24;0
03-09-2010 21:08;223;0
03-09-2010 21:09;304;0
03-09-2010 21:10;163;0
03-09-2010 21:11;0;0
03-09-2010 21:12;3;0
03-09-2010 21:13;0;0
03-09-2010 21:14;0;0
03-09-2010 21:15;0;0
03-09-2010 21:16;0;0
03-09-2010 21:17;9;0
03-09-2010 21:18;0;0
03-09-2010 21:19;126;0
03-09-2010 21:20;266;0
03-09-2010 21:21;1043;1
03-09-2010 21:22;550;0
03-09-2010 21:23;467;0
03-09-2010 21:24;5;0
03-09-2010 21:25;438;0
03-09-2010 21:26;605;0
03-09-2010 21:27;861;0
03-09-2010 21:28;1010;1
03-09-2010 21:29;1110;1
03-09-2010 21:30;834;0
03-09-2010 21:31;498;0
03-09-2010 21:32;175;0
03-09-2010 21:33;142;0
03-09-2010 21:34;93;0
03-09-2010 21:35;55;0
03-09-2010 21:36;90;0
03-09-2010 21:37;126;0
03-09-2010 21:38;107;0
03-09-2010 21:39;163;0
03-09-2010 21:40;182;0
03-09-2010 21:41;216;0
03-09-2010 21:42;515;0
03-09-2010 21:43;711;0
03-09-2010 21:44;1301;1
03-09-2010 21:45;325;0
03-09-2010 21:46;979;1
03-09-2010 21:47;410;0
03-09-2010 21:48;28;0
03-09-2010 21:49;384;0
03-09-2010 21:50;59;0
03-09-2010 21:51;116;0
03-09-2010 21:52;0;0
03-09-2010 21:53;43;0
03-09-2010 21:54;111;0
03-09-2010 21:55;348;0
03-09-2010 21:56;861;0
03-09-2010 21:57;733;0
03-09-2010 21:58;1571;1
03-09-2010 21:59;666;0
03-09-2010 22:00;396;0
03-09-2010 22:01;624;0
03-09-2010 22:02;396;0
03-09-2010 22:03;567;0
03-09-2010 22:04;467;0
03-09-2010 22:05;284;0
03-09-2010 22:06;451;0
03-09-2010 22:07;189;0
03-09-2010 22:08;304;0
03-09-2010 22:09;175;0
03-09-2010 22:10;315;0
03-09-2010 22:11;80;0
03-09-2010 22:12;40;0
03-09-2010 22:13;0;0
03-09-2010 22:14;14;0
03-09-2010 22:15;33;0
03-09-2010 22:16;62;0
03-09-2010 22:17;22;0
03-09-2010 22:18;0;0
03-09-2010 22:19;10;0
03-09-2010 22:20;0;0
03-09-2010 22:21;17;0
03-09-2010 22:22;438;0
03-09-2010 22:23;0;0
03-09-2010 22:24;29;0
03-09-2010 22:25;0;0
03-09-2010 22:26;21;0
03-09-2010 22:27;16;0
03-09-2010 22:28;86;0
03-09-2010 22:29;48;0
03-09-2010 22:30;0;0
03-09-2010 22:31;69;0
03-09-2010 22:32;258;0
03-09-2010 22:33;22;0
03-09-2010 22:34;0;0
03-09-2010 22:35;9;0
03-09-2010 22:36;9;0
03-09-2010 22:37;0;0
03-09-2010 22:38;14;0
03-09-2010 22:39;0;0
03-09-2010 22:40;26;0
03-09-2010 22:41;0;0
03-09-2010 22:42;73;0
03-09-2010 22:43;66;0
03-09-2010 22:44;17;0
03-09-2010 22:45;35;0
03-09-2010 22:46;9;0
03-09-2010 22:47;28;0
03-09-2010 22:48;396;0
03-09-2010 22:49;38;0
03-09-2010 22:50;0;0
03-09-2010 22:51;14;0
03-09-2010 22:52;36;0
03-09-2010 22:53;45;0
03-09-2010 22:54;0;0
03-09-2010 22:55;26;0
03-09-2010 22:56;3;0
03-09-2010 22:57;0;0
03-09-2010 22:58;45;0
03-09-2010 22:59;1043;1
03-09-2010 23:00;104;0
03-09-2010 23:01;0;0
03-09-2010 23:02;0;0
03-09-2010 23:03;0;0
03-09-2010 23:04;0;0
03-09-2010 23:05;9;0
03-09-2010 23:06;0;0
03-09-2010 23:07;0;0
03-09-2010 23:08;3;0
03-09-2010 23:09;0;0
03-09-2010 23:10;0;0
03-09-2010 23:11;0;0
03-09-2010 23:12;0;0
03-09-2010 23:13;5;0
03-09-2010 23:14;0;0
03-09-2010 23:15;0;0
03-09-2010 23:16;0;0
03-09-2010 23:17;0;0
03-09-2010 23:18;0;0
03-09-2010 23:19;10;0
03-09-2010 23:20;0;0
03-09-2010 23:21;0;0
03-09-2010 23:22;0;0
03-09-2010 23:23;0;0
03-09-2010 23:24;0;0
03-09-2010 23:25;0;0
03-09-2010 23:26;0;0
03-09-2010 23:27;0;0
03-09-2010 23:28;0;0
03-09-2010 23:29;0;0
03-09-2010 23:30;0;0
03-09-2010 23:31;0;0
03-09-2010 23:32;0;0
03-09-2010 23:33;0;0
03-09-2010 23:34;0;0
03-09-2010 23:35;0;0
03-09-2010 23:36;0;0
03-09-2010 23:37;0;0
03-09-2010 23:38;0;0
03-09-2010 23:39;0;0
03-09-2010 23:40;0;0
03-09-2010 23:41;0;0
03-09-2010 23:42;0;0
03-09-2010 23:43;0;0
03-09-2010 23:44;0;0
03-09-2010 23:45;0;0
03-09-2010 23:46;0;0
03-09-2010 23:47;0;0
03-09-2010 23:48;0;0
03-09-2010 23:49;0;0
03-09-2010 23:50;0;0
03-09-2010 23:51;0;0
03-09-2010 23:52;0;0
03-09-2010 23:53;0;0
03-09-2010 23:54;0;0
03-09-2010 23:55;0;0
03-09-2010 23:56;0;0
03-09-2010 23:57;0;0
03-09-2010 23:58;0;0
03-09-2010 23:59;0;0
03-10-2010 00:00;0;0
03-10-2010 00:01;0;0
03-10-2010 00:02;0;0
03-10-2010 00:03;0;0
03-10-2010 00:04;0;0
03-10-2010 00:05;0;0
03-10-2010 00:06;0;0
03-10-2010 00:07;0;0
03-10-2010 00:08;0;0
03-10-2010 00:09;0;0
03-10-2010 00:10;0;0
03-10-2010 00:11;0;0
03-10-2010 00:12;0;0
03-10-2010 00:13;0;0
03-10-2010 00:14;0;0
03-10-2010 00:15;0;0
03-10-2010 00:16;0;0
03-10-2010 00:17;0;0
03-10-2010 00:18;0;0
03-10-2010 00:19;0;0
03-10-2010 00:20;0;0
03-10-2010 00:21;0;0
03-10-2010 00:22;152;0
03-10-2010 00:23;0;0
03-10-2010 00:24;0;0
03-10-2010 00:25;0;0
03-10-2010 00:26;0;0
03-10-2010 00:27;0;0
03-10-2010 00:28;0;0
03-10-2010 00:29;0;0
03-10-2010 00:30;0;0
03-10-2010 00:31;0;0
03-10-2010 00:32;0;0
03-10-2010 00:33;0;0
03-10-2010 00:34;0;0
03-10-2010 00:35;0;0
03-10-2010 00:36;0;0
03-10-2010 00:37;0;0
03-10-2010 00:38;0;0
03-10-2010 00:39;0;0
03-10-2010 00:40;0;0
03-10-2010 00:41;0;0
03-10-2010 00:42;0;0
03-10-2010 00:43;0;0
03-10-2010 00:44;0;0
03-10-2010 00:45;0;0
03-10-2010 00:46;0;0
03-10-2010 00:47;0;0
03-10-2010 00:48;0;0
03-10-2010 00:49;0;0
03-10-2010 00:50;0;0
03-10-2010 00:51;0;0
03-10-2010 00:52;0;0
03-10-2010 00:53;0;0
03-10-2010 00:54;0;0
03-10-2010 00:55;0;0
03-10-2010 00:56;0;0
03-10-2010 00:57;0;0
03-10-2010 00:58;157;0
03-10-2010 00:59;0;0
03-10-2010 01:00;0;0
03-10-2010 01:01;0;0
03-10-2010 01:02;0;0
03-10-2010 01:03;0;0
03-10-2010 01:04;0;0
03-10-2010 01:05;0;0
03-10-2010 01:06;0;0
03-10-2010 01:07;0;0
03-10-2010 01:08;0;0
03-10-2010 01:09;0;0
03-10-2010 01:10;0;0
03-10-2010 01:11;0;0
03-10-2010 01:12;0;0
03-10-2010 01:13;0;0
03-10-2010 01:14;0;0
03-10-2010 01:15;0;0
03-10-2010 01:16;0;0
03-10-2010 01:17;0;0
03-10-2010 01:18;0;0
03-10-2010 01:19;0;0
03-10-2010 01:20;0;0
03-10-2010 01:21;0;0
03-10-2010 01:22;116;0
03-10-2010 01:23;0;0
03-10-2010 01:24;0;0
03-10-2010 01:25;111;0
03-10-2010 01:26;21;0
03-10-2010 01:27;0;0
03-10-2010 01:28;0;0
03-10-2010 01:29;0;0
03-10-2010 01:30;90;0
03-10-2010 01:31;33;0
03-10-2010 01:32;62;0
03-10-2010 01:33;24;0
03-10-2010 01:34;0;0
03-10-2010 01:35;0;0
03-10-2010 01:36;0;0
03-10-2010 01:37;0;0
03-10-2010 01:38;0;0
03-10-2010 01:39;0;0
03-10-2010 01:40;97;0
03-10-2010 01:41;152;0
03-10-2010 01:42;0;0
03-10-2010 01:43;0;0
03-10-2010 01:44;0;0
03-10-2010 01:45;0;0
03-10-2010 01:46;0;0
03-10-2010 01:47;0;0
03-10-2010 01:48;0;0
03-10-2010 01:49;0;0
03-10-2010 01:50;0;0
03-10-2010 01:51;0;0
03-10-2010 01:52;0;0
03-10-2010 01:53;0;0
03-10-2010 01:54;0;0
03-10-2010 01:55;0;0
03-10-2010 01:56;0;0
03-10-2010 01:57;66;0
03-10-2010 01:58;0;0
03-10-2010 01:59;0;0
03-10-2010 02:00;29;0
03-10-2010 02:01;0;0
03-10-2010 02:02;0;0
03-10-2010 02:03;0;0
03-10-2010 02:04;0;0
03-10-2010 02:05;0;0
03-10-2010 02:06;0;0
03-10-2010 02:07;0;0
03-10-2010 02:08;0;0
03-10-2010 02:09;0;0
03-10-2010 02:10;0;0
03-10-2010 02:11;0;0
03-10-2010 02:12;0;0
03-10-2010 02:13;0;0
03-10-2010 02:14;0;0
03-10-2010 02:15;0;0
03-10-2010 02:16;10;0
03-10-2010 02:17;86;0
03-10-2010 02:18;0;0
03-10-2010 02:19;0;0
03-10-2010 02:20;9;0
03-10-2010 02:21;0;0
03-10-2010 02:22;0;0
03-10-2010 02:23;0;0
03-10-2010 02:24;0;0
03-10-2010 02:25;0;0
03-10-2010 02:26;0;0
03-10-2010 02:27;0;0
03-10-2010 02:28;0;0
03-10-2010 02:29;0;0
03-10-2010 02:30;0;0
03-10-2010 02:31;0;0
03-10-2010 02:32;111;0
03-10-2010 02:33;0;0
03-10-2010 02:34;0;0
03-10-2010 02:35;0;0
03-10-2010 02:36;0;0
03-10-2010 02:37;0;0
03-10-2010 02:38;0;0
03-10-2010 02:39;0;0
03-10-2010 02:40;0;0
03-10-2010 02:41;0;0
03-10-2010 02:42;0;0
03-10-2010 02:43;0;0
03-10-2010 02:44;0;0
03-10-2010 02:45;0;0
03-10-2010 02:46;0;0
03-10-2010 02:47;0;0
03-10-2010 02:48;9;0
03-10-2010 02:49;0;0
03-10-2010 02:50;0;0
03-10-2010 02:51;0;0
03-10-2010 02:52;0;0
03-10-2010 02:53;0;0
03-10-2010 02:54;0;0
03-10-2010 02:55;0;0
03-10-2010 02:56;0;0
03-10-2010 02:57;0;0
03-10-2010 02:58;0;0
03-10-2010 02:59;216;0
03-10-2010 03:00;0;0
03-10-2010 03:01;0;0
03-10-2010 03:02;0;0
03-10-2010 03:03;0;0
03-10-2010 03:04;0;0
03-10-2010 03:05;0;0
03-10-2010 03:06;0;0
03-10-2010 03:07;9;0
03-10-2010 03:08;28;0
03-10-2010 03:09;0;0
03-10-2010 03:10;0;0
03-10-2010 03:11;0;0
03-10-2010 03:12;0;0
03-10-2010 03:13;0;0
03-10-2010 03:14;0;0
03-10-2010 03:15;80;0
03-10-2010 03:16;0;0
03-10-2010 03:17;0;0
03-10-2010 03:18;0;0
03-10-2010 03:19;73;0
03-10-2010 03:20;0;0
03-10-2010 03:21;0;0
03-10-2010 03:22;0;0
03-10-2010 03:23;0;0
03-10-2010 03:24;0;0
03-10-2010 03:25;0;0
03-10-2010 03:26;0;0
03-10-2010 03:27;0;0
03-10-2010 03:28;0;0
03-10-2010 03:29;0;0
03-10-2010 03:30;0;0
03-10-2010 03:31;0;0
03-10-2010 03:32;0;0
03-10-2010 03:33;0;0
03-10-2010 03:34;0;0
03-10-2010 03:35;0;0
03-10-2010 03:36;0;0
03-10-2010 03:37;0;0
03-10-2010 03:38;0;0
03-10-2010 03:39;0;0
03-10-2010 03:40;0;0
03-10-2010 03:41;0;0
03-10-2010 03:42;14;0
03-10-2010 03:43;0;0
03-10-2010 03:44;0;0
03-10-2010 03:45;0;0
03-10-2010 03:46;0;0
03-10-2010 03:47;0;0
03-10-2010 03:48;0;0
03-10-2010 03:49;59;0
03-10-2010 03:50;28;0
03-10-2010 03:51;0;0
03-10-2010 03:52;0;0
03-10-2010 03:53;0;0
03-10-2010 03:54;0;0
03-10-2010 03:55;0;0
03-10-2010 03:56;0;0
03-10-2010 03:57;0;0
03-10-2010 03:58;0;0
03-10-2010 03:59;0;0
03-10-2010 04:00;0;0
03-10-2010 04:01;0;0
03-10-2010 04:02;0;0
03-10-2010 04:03;0;0
03-10-2010 04:04;0;0
03-10-2010 04:05;0;0
03-10-2010 04:06;0;0
03-10-2010 04:07;0;0
03-10-2010 04:08;24;0
03-10-2010 04:09;0;0
03-10-2010 04:10;0;0
03-10-2010 04:11;0;0
03-10-2010 04:12;0;0
03-10-2010 04:13;0;0
03-10-2010 04:14;76;0
03-10-2010 04:15;19;0
03-10-2010 04:16;21;0
03-10-2010 04:17;152;0
03-10-2010 04:18;80;0
03-10-2010 04:19;0;0
03-10-2010 04:20;0;0
03-10-2010 04:21;0;0
03-10-2010 04:22;0;0
03-10-2010 04:23;0;0
03-10-2010 04:24;0;0
03-10-2010 04:25;62;0
03-10-2010 04:26;0;0
03-10-2010 04:27;0;0
03-10-2010 04:28;0;0
03-10-2010 04:29;0;0
03-10-2010 04:30;0;0
03-10-2010 04:31;0;0
03-10-2010 04:32;0;0
03-10-2010 04:33;0;0
03-10-2010 04:34;0;0
03-10-2010 04:35;0;0
03-10-2010 04:36;0;0
03-10-2010 04:37;19;0
03-10-2010 04:38;0;0
03-10-2010 04:39;0;0
03-10-2010 04:40;0;0
03-10-2010 04:41;0;0
03-10-2010 04:42;0;0
03-10-2010 04:43;0;0
03-10-2010 04:44;0;0
03-10-2010 04:45;48;0
03-10-2010 04:46;47;0
03-10-2010 04:47;0;0
03-10-2010 04:48;0;0
03-10-2010 04:49;29;0
03-10-2010 04:50;0;0
03-10-2010 04:51;0;0
03-10-2010 04:52;0;0
03-10-2010 04:53;0;0
03-10-2010 04:54;121;0
03-10-2010 04:55;24;0
03-10-2010 04:56;0;0
03-10-2010 04:57;0;0
03-10-2010 04:58;0;0
03-10-2010 04:59;0;0
03-10-2010 05:00;0;0
03-10-2010 05:01;0;0
03-10-2010 05:02;0;0
03-10-2010 05:03;0;0
03-10-2010 05:04;0;0
03-10-2010 05:05;0;0
03-10-2010 05:06;0;0
03-10-2010 05:07;163;0
03-10-2010 05:08;0;0
03-10-2010 05:09;0;0
03-10-2010 05:10;0;0
03-10-2010 05:11;0;0
03-10-2010 05:12;0;0
03-10-2010 05:13;0;0
03-10-2010 05:14;0;0
03-10-2010 05:15;0;0
03-10-2010 05:16;0;0
03-10-2010 05:17;0;0
03-10-2010 05:18;0;0
03-10-2010 05:19;0;0
03-10-2010 05:20;0;0
03-10-2010 05:21;0;0
03-10-2010 05:22;0;0
03-10-2010 05:23;0;0
03-10-2010 05:24;0;0
03-10-2010 05:25;0;0
03-10-2010 05:26;0;0
03-10-2010 05:27;111;0
03-10-2010 05:28;0;0
03-10-2010 05:29;0;0
03-10-2010 05:30;0;0
03-10-2010 05:31;0;0
03-10-2010 05:32;0;0
03-10-2010 05:33;76;0
03-10-2010 05:34;0;0
03-10-2010 05:35;0;0
03-10-2010 05:36;86;0
03-10-2010 05:37;189;0
03-10-2010 05:38;16;0
03-10-2010 05:39;40;0
03-10-2010 05:40;0;0
03-10-2010 05:41;0;0
03-10-2010 05:42;0;0
03-10-2010 05:43;0;0
03-10-2010 05:44;0;0
03-10-2010 05:45;0;0
03-10-2010 05:46;0;0
03-10-2010 05:47;0;0
03-10-2010 05:48;22;0
03-10-2010 05:49;36;0
03-10-2010 05:50;0;0
03-10-2010 05:51;0;0
03-10-2010 05:52;0;0
03-10-2010 05:53;0;0
03-10-2010 05:54;0;0
03-10-2010 05:55;0;0
03-10-2010 05:56;0;0
03-10-2010 05:57;0;0
03-10-2010 05:58;83;0
03-10-2010 05:59;0;0
03-10-2010 06:00;22;0
03-10-2010 06:01;9;0
03-10-2010 06:02;28;0
03-10-2010 06:03;0;0
03-10-2010 06:04;0;0
03-10-2010 06:05;0;0
03-10-2010 06:06;0;0
03-10-2010 06:07;0;0
03-10-2010 06:08;69;0
03-10-2010 06:09;0;0
03-10-2010 06:10;0;0
03-10-2010 06:11;0;0
03-10-2010 06:12;0;0
03-10-2010 06:13;126;0
03-10-2010 06:14;0;0
03-10-2010 06:15;0;0
03-10-2010 06:16;0;0
03-10-2010 06:17;29;0
03-10-2010 06:18;258;0
03-10-2010 06:19;275;0
03-10-2010 06:20;1147;1
03-10-2010 06:21;1076;1
03-10-2010 06:22;410;0
03-10-2010 06:23;0;0
03-10-2010 06:24;0;0
03-10-2010 06:25;0;0
03-10-2010 06:26;0;0
03-10-2010 06:27;0;0
03-10-2010 06:28;80;0
03-10-2010 06:29;0;0
03-10-2010 06:30;0;0
03-10-2010 06:31;0;0
03-10-2010 06:32;0;0
03-10-2010 06:33;0;0
03-10-2010 06:34;0;0
03-10-2010 06:35;624;0
03-10-2010 06:36;1110;1
03-10-2010 06:37;1475;1
03-10-2010 06:38;1522;1
03-10-2010 06:39;861;0
03-10-2010 06:40;1261;1
03-10-2010 06:41;1010;1
03-10-2010 06:42;1261;1
03-10-2010 06:43;1221;1
03-10-2010 06:44;1043;1
03-10-2010 06:45;889;1
03-10-2010 06:46;808;0
03-10-2010 06:47;948;1
03-10-2010 06:48;1043;1
03-10-2010 06:49;605;0
03-10-2010 06:50;733;0
03-10-2010 06:51;861;0
03-10-2010 06:52;733;0
03-10-2010 06:53;688;0
03-10-2010 06:54;467;0
03-10-2010 06:55;336;0
03-10-2010 06:56;438;0
03-10-2010 06:57;451;0
03-10-2010 06:58;483;0
03-10-2010 06:59;451;0
03-10-2010 07:00;451;0
03-10-2010 07:01;182;0
03-10-2010 07:02;498;0
03-10-2010 07:03;142;0
03-10-2010 07:04;360;0
03-10-2010 07:05;1043;1
03-10-2010 07:06;889;1
03-10-2010 07:07;26;0
03-10-2010 07:08;3;0
03-10-2010 07:09;0;0
03-10-2010 07:10;7;0
03-10-2010 07:11;0;0
03-10-2010 07:12;16;0
03-10-2010 07:13;0;0
03-10-2010 07:14;86;0
03-10-2010 07:15;209;0
03-10-2010 07:16;48;0
03-10-2010 07:17;54;0
03-10-2010 07:18;284;0
03-10-2010 07:19;624;0
03-10-2010 07:20;304;0
03-10-2010 07:21;284;0
03-10-2010 07:22;175;0
03-10-2010 07:23;76;0
03-10-2010 07:24;48;0
03-10-2010 07:25;100;0
03-10-2010 07:26;284;0
03-10-2010 07:27;782;0
03-10-2010 07:28;1571;1
03-10-2010 07:29;948;1
03-10-2010 07:30;550;0
03-10-2010 07:31;533;0
03-10-2010 07:32;1043;1
03-10-2010 07:33;948;1
03-10-2010 07:34;1301;1
03-10-2010 07:35;758;0
03-10-2010 07:36;861;0
03-10-2010 07:37;889;1
03-10-2010 07:38;918;1
03-10-2010 07:39;1147;1
03-10-2010 07:40;979;1
03-10-2010 07:41;688;0
03-10-2010 07:42;116;0
03-10-2010 07:43;126;0
03-10-2010 07:44;175;0
03-10-2010 07:45;249;0
03-10-2010 07:46;126;0
03-10-2010 07:47;182;0
03-10-2010 07:48;137;0
03-10-2010 07:49;97;0
03-10-2010 07:50;16;0
03-10-2010 07:51;0;0
03-10-2010 07:52;284;0
03-10-2010 07:53;336;0
03-10-2010 07:54;315;0
03-10-2010 07:55;168;0
03-10-2010 07:56;216;0
03-10-2010 07:57;304;0
03-10-2010 07:58;189;0
03-10-2010 07:59;202;0
03-10-2010 08:00;33;0
03-10-2010 08:01;258;0
03-10-2010 08:02;1110;1
03-10-2010 08:03;605;0
03-10-2010 08:04;624;0
03-10-2010 08:05;483;0
03-10-2010 08:06;266;0
03-10-2010 08:07;304;0
03-10-2010 08:08;69;0
03-10-2010 08:09;19;0
03-10-2010 08:10;21;0
03-10-2010 08:11;100;0
03-10-2010 08:12;0;0
03-10-2010 08:13;209;0
03-10-2010 08:14;147;0
03-10-2010 08:15;54;0
03-10-2010 08:16;137;0
03-10-2010 08:17;73;0
03-10-2010 08:18;137;0
03-10-2010 08:19;76;0
03-10-2010 08:20;0;0
03-10-2010 08:21;0;0
03-10-2010 08:22;86;0
03-10-2010 08:23;47;0
03-10-2010 08:24;52;0
03-10-2010 08:25;111;0
03-10-2010 08:26;52;0
03-10-2010 08:27;45;0
03-10-2010 08:28;54;0
03-10-2010 08:29;0;0
03-10-2010 08:30;66;0
03-10-2010 08:31;66;0
03-10-2010 08:32;7;0
03-10-2010 08:33;467;0
03-10-2010 08:34;498;0
03-10-2010 08:35;424;0
03-10-2010 08:36;808;0
03-10-2010 08:37;240;0
03-10-2010 08:38;168;0
03-10-2010 08:39;782;0
03-10-2010 08:40;396;0
03-10-2010 08:41;304;0
03-10-2010 08:42;142;0
03-10-2010 08:43;294;0
03-10-2010 08:44;467;0
03-10-2010 08:45;384;0
03-10-2010 08:46;0;0
03-10-2010 08:47;0;0
03-10-2010 08:48;3;0
03-10-2010 08:49;7;0
03-10-2010 08:50;240;0
03-10-2010 08:51;5;0
03-10-2010 08:52;223;0
03-10-2010 08:53;76;0
03-10-2010 08:54;48;0
03-10-2010 08:55;168;0
03-10-2010 08:56;7;0
03-10-2010 08:57;131;0
03-10-2010 08:58;131;0
03-10-2010 08:59;216;0
03-10-2010 09:00;76;0
03-10-2010 09:01;100;0
03-10-2010 09:02;126;0
03-10-2010 09:03;80;0
03-10-2010 09:04;54;0
03-10-2010 09:05;48;0
03-10-2010 09:06;22;0
03-10-2010 09:07;5;0
03-10-2010 09:08;93;0
03-10-2010 09:09;195;0
03-10-2010 09:10;43;0
03-10-2010 09:11;19;0
03-10-2010 09:12;52;0
03-10-2010 09:13;0;0
03-10-2010 09:14;80;0
03-10-2010 09:15;62;0
03-10-2010 09:16;86;0
03-10-2010 09:17;0;0
03-10-2010 09:18;16;0
03-10-2010 09:19;21;0
03-10-2010 09:20;14;0
03-10-2010 09:21;498;0
03-10-2010 09:22;294;0
03-10-2010 09:23;294;0
03-10-2010 09:24;0;0
03-10-2010 09:25;0;0
03-10-2010 09:26;55;0
03-10-2010 09:27;52;0
03-10-2010 09:28;21;0
03-10-2010 09:29;38;0
03-10-2010 09:30;163;0
03-10-2010 09:31;100;0
03-10-2010 09:32;249;0
03-10-2010 09:33;152;0
03-10-2010 09:34;73;0
03-10-2010 09:35;0;0
03-10-2010 09:36;12;0
03-10-2010 09:37;0;0
03-10-2010 09:38;19;0
03-10-2010 09:39;209;0
03-10-2010 09:40;83;0
03-10-2010 09:41;360;0
03-10-2010 09:42;195;0
03-10-2010 09:43;9;0
03-10-2010 09:44;834;0
03-10-2010 09:45;533;0
03-10-2010 09:46;80;0
03-10-2010 09:47;666;0
03-10-2010 09:48;451;0
03-10-2010 09:49;80;0
03-10-2010 09:50;54;0
03-10-2010 09:51;111;0
03-10-2010 09:52;410;0
03-10-2010 09:53;284;0
03-10-2010 09:54;467;0
03-10-2010 09:55;50;0
03-10-2010 09:56;7;0
03-10-2010 09:57;0;0
03-10-2010 09:58;0;0
03-10-2010 09:59;0;0
03-10-2010 10:00;93;0
03-10-2010 10:01;163;0
03-10-2010 10:02;240;0
03-10-2010 10:03;76;0
03-10-2010 10:04;40;0
03-10-2010 10:05;142;0
03-10-2010 10:06;86;0
03-10-2010 10:07;0;0
03-10-2010 10:08;111;0
03-10-2010 10:09;586;0
03-10-2010 10:10;451;0
03-10-2010 10:11;586;0
03-10-2010 10:12;19;0
03-10-2010 10:13;14;0
03-10-2010 10:14;104;0
03-10-2010 10:15;0;0
03-10-2010 10:16;586;0
03-10-2010 10:17;216;0
03-10-2010 10:18;83;0
03-10-2010 10:19;104;0
03-10-2010 10:20;258;0
03-10-2010 10:21;147;0
03-10-2010 10:22;43;0
03-10-2010 10:23;59;0
03-10-2010 10:24;93;0
03-10-2010 10:25;189;0
03-10-2010 10:26;104;0
03-10-2010 10:27;35;0
03-10-2010 10:28;121;0
03-10-2010 10:29;304;0
03-10-2010 10:30;294;0
03-10-2010 10:31;360;0
03-10-2010 10:32;76;0
03-10-2010 10:33;216;0
03-10-2010 10:34;438;0
03-10-2010 10:35;533;0
03-10-2010 10:36;168;0
03-10-2010 10:37;483;0
03-10-2010 10:38;336;0
03-10-2010 10:39;586;0
03-10-2010 10:40;240;0
03-10-2010 10:41;336;0
03-10-2010 10:42;157;0
03-10-2010 10:43;86;0
03-10-2010 10:44;586;0
03-10-2010 10:45;808;0
03-10-2010 10:46;1043;1
03-10-2010 10:47;1386;1
03-10-2010 10:48;336;0
03-10-2010 10:49;121;0
03-10-2010 10:50;0;0
03-10-2010 10:51;0;0
03-10-2010 10:52;9;0
03-10-2010 10:53;586;0
03-10-2010 10:54;451;0
03-10-2010 10:55;249;0
03-10-2010 10:56;5;0
03-10-2010 10:57;384;0
03-10-2010 10:58;0;0
03-10-2010 10:59;0;0
03-10-2010 11:00;12;0
03-10-2010 11:01;152;0
03-10-2010 11:02;0;0
03-10-2010 11:03;22;0
03-10-2010 11:04;202;0
03-10-2010 11:05;0;0
03-10-2010 11:06;0;0
03-10-2010 11:07;10;0
03-10-2010 11:08;14;0
03-10-2010 11:09;0;0
03-10-2010 11:10;0;0
03-10-2010 11:11;0;0
03-10-2010 11:12;0;0
03-10-2010 11:13;0;0
03-10-2010 11:14;0;0
03-10-2010 11:15;0;0
03-10-2010 11:16;0;0
03-10-2010 11:17;0;0
03-10-2010 11:18;12;0
03-10-2010 11:19;19;0
03-10-2010 11:20;38;0
03-10-2010 11:21;152;0
03-10-2010 11:22;157;0
03-10-2010 11:23;55;0
03-10-2010 11:24;100;0
03-10-2010 11:25;14;0
03-10-2010 11:26;29;0
03-10-2010 11:27;35;0
03-10-2010 11:28;42;0
03-10-2010 11:29;62;0
03-10-2010 11:30;12;0
03-10-2010 11:31;33;0
03-10-2010 11:32;55;0
03-10-2010 11:33;47;0
03-10-2010 11:34;104;0
03-10-2010 11:35;19;0
03-10-2010 11:36;0;0
03-10-2010 11:37;0;0
03-10-2010 11:38;0;0
03-10-2010 11:39;0;0
03-10-2010 11:40;0;0
03-10-2010 11:41;29;0
03-10-2010 11:42;315;0
03-10-2010 11:43;782;0
03-10-2010 11:44;834;0
03-10-2010 11:45;1183;1
03-10-2010 11:46;325;0
03-10-2010 11:47;533;0
03-10-2010 11:48;605;0
03-10-2010 11:49;315;0
03-10-2010 11:50;483;0
03-10-2010 11:51;711;0
03-10-2010 11:52;515;0
03-10-2010 11:53;126;0
03-10-2010 11:54;258;0
03-10-2010 11:55;175;0
03-10-2010 11:56;384;0
03-10-2010 11:57;240;0
03-10-2010 11:58;175;0
03-10-2010 11:59;336;0
03-10-2010 12:00;195;0
03-10-2010 12:01;336;0
03-10-2010 12:02;104;0
03-10-2010 12:03;325;0
03-10-2010 12:04;93;0
03-10-2010 12:05;168;0
03-10-2010 12:06;116;0
03-10-2010 12:07;111;0
03-10-2010 12:08;35;0
03-10-2010 12:09;688;0
03-10-2010 12:10;688;0
03-10-2010 12:11;175;0
03-10-2010 12:12;14;0
03-10-2010 12:13;22;0
03-10-2010 12:14;0;0
03-10-2010 12:15;258;0
03-10-2010 12:16;97;0
03-10-2010 12:17;0;0
03-10-2010 12:18;93;0
03-10-2010 12:19;48;0
03-10-2010 12:20;14;0
03-10-2010 12:21;116;0
03-10-2010 12:22;137;0
03-10-2010 12:23;147;0
03-10-2010 12:24;31;0
03-10-2010 12:25;258;0
03-10-2010 12:26;14;0
03-10-2010 12:27;175;0
03-10-2010 12:28;384;0
03-10-2010 12:29;624;0
03-10-2010 12:30;240;0
03-10-2010 12:31;52;0
03-10-2010 12:32;216;0
03-10-2010 12:33;121;0
03-10-2010 12:34;666;0
03-10-2010 12:35;567;0
03-10-2010 12:36;104;0
03-10-2010 12:37;16;0
03-10-2010 12:38;209;0
03-10-2010 12:39;182;0
03-10-2010 12:40;175;0
03-10-2010 12:41;107;0
03-10-2010 12:42;50;0
03-10-2010 12:43;3;0
03-10-2010 12:44;249;0
03-10-2010 12:45;131;0
03-10-2010 12:46;116;0
03-10-2010 12:47;249;0
03-10-2010 12:48;189;0
03-10-2010 12:49;121;0
03-10-2010 12:50;73;0
03-10-2010 12:51;47;0
03-10-2010 12:52;275;0
03-10-2010 12:53;59;0
03-10-2010 12:54;90;0
03-10-2010 12:55;90;0
03-10-2010 12:56;131;0
03-10-2010 12:57;131;0
03-10-2010 12:58;80;0
03-10-2010 12:59;36;0
03-10-2010 13:00;16;0
03-10-2010 13:01;40;0
03-10-2010 13:02;249;0
03-10-2010 13:03;62;0
03-10-2010 13:04;47;0
03-10-2010 13:05;284;0
03-10-2010 13:06;48;0
03-10-2010 13:07;36;0
03-10-2010 13:08;126;0
03-10-2010 13:09;83;0
03-10-2010 13:10;168;0
03-10-2010 13:11;73;0
03-10-2010 13:12;152;0
03-10-2010 13:13;168;0
03-10-2010 13:14;14;0
03-10-2010 13:15;66;0
03-10-2010 13:16;325;0
03-10-2010 13:17;116;0
03-10-2010 13:18;168;0
03-10-2010 13:19;258;0
03-10-2010 13:20;209;0
03-10-2010 13:21;26;0
03-10-2010 13:22;3;0
03-10-2010 13:23;28;0
03-10-2010 13:24;0;0
03-10-2010 13:25;0;0
03-10-2010 13:26;59;0
03-10-2010 13:27;24;0
03-10-2010 13:28;202;0
03-10-2010 13:29;223;0
03-10-2010 13:30;189;0
03-10-2010 13:31;152;0
03-10-2010 13:32;0;0
03-10-2010 13:33;24;0
03-10-2010 13:34;126;0
03-10-2010 13:35;28;0
03-10-2010 13:36;14;0
03-10-2010 13:37;304;0
03-10-2010 13:38;83;0
03-10-2010 13:39;175;0
03-10-2010 13:40;33;0
03-10-2010 13:41;195;0
03-10-2010 13:42;137;0
03-10-2010 13:43;33;0
03-10-2010 13:44;3;0
03-10-2010 13:45;232;0
03-10-2010 13:46;55;0
03-10-2010 13:47;294;0
03-10-2010 13:48;294;0
03-10-2010 13:49;189;0
03-10-2010 13:50;209;0
03-10-2010 13:51;240;0
03-10-2010 13:52;223;0
03-10-2010 13:53;336;0
03-10-2010 13:54;315;0
03-10-2010 13:55;483;0
03-10-2010 13:56;451;0
03-10-2010 13:57;0;0
03-10-2010 13:58;0;0
03-10-2010 13:59;586;0
03-10-2010 14:00;467;0
03-10-2010 14:01;3;0
03-10-2010 14:02;567;0
03-10-2010 14:03;567;0
03-10-2010 14:04;55;0
03-10-2010 14:05;195;0
03-10-2010 14:06;168;0
03-10-2010 14:07;147;0
03-10-2010 14:08;29;0
03-10-2010 14:09;325;0
03-10-2010 14:10;232;0
03-10-2010 14:11;43;0
03-10-2010 14:12;9;0
03-10-2010 14:13;29;0
03-10-2010 14:14;175;0
03-10-2010 14:15;195;0
03-10-2010 14:16;107;0
03-10-2010 14:17;202;0
03-10-2010 14:18;202;0
03-10-2010 14:19;21;0
03-10-2010 14:20;240;0
03-10-2010 14:21;258;0
03-10-2010 14:22;195;0
03-10-2010 14:23;10;0
03-10-2010 14:24;157;0
03-10-2010 14:25;131;0
03-10-2010 14:26;86;0
03-10-2010 14:27;66;0
03-10-2010 14:28;90;0
03-10-2010 14:29;35;0
03-10-2010 14:30;209;0
03-10-2010 14:31;157;0
03-10-2010 14:32;209;0
03-10-2010 14:33;209;0
03-10-2010 14:34;43;0
03-10-2010 14:35;232;0
03-10-2010 14:36;26;0
03-10-2010 14:37;3;0
03-10-2010 14:38;24;0
03-10-2010 14:39;16;0
03-10-2010 14:40;157;0
03-10-2010 14:41;195;0
03-10-2010 14:42;147;0
03-10-2010 14:43;195;0
03-10-2010 14:44;249;0
03-10-2010 14:45;80;0
03-10-2010 14:46;216;0
03-10-2010 14:47;93;0
03-10-2010 14:48;216;0
03-10-2010 14:49;147;0
03-10-2010 14:50;111;0
03-10-2010 14:51;258;0
03-10-2010 14:52;258;0
03-10-2010 14:53;69;0
03-10-2010 14:54;258;0
03-10-2010 14:55;31;0
03-10-2010 14:56;52;0
03-10-2010 14:57;59;0
03-10-2010 14:58;55;0
03-10-2010 14:59;21;0
03-10-2010 15:00;0;0
03-10-2010 15:01;36;0
03-10-2010 15:02;163;0
03-10-2010 15:03;121;0
03-10-2010 15:04;7;0
03-10-2010 15:05;0;0
03-10-2010 15:06;0;0
03-10-2010 15:07;3;0
03-10-2010 15:08;52;0
03-10-2010 15:09;38;0
03-10-2010 15:10;121;0
03-10-2010 15:11;59;0
03-10-2010 15:12;605;0
03-10-2010 15:13;410;0
03-10-2010 15:14;372;0
03-10-2010 15:15;979;1
03-10-2010 15:16;1342;1
03-10-2010 15:17;232;0
03-10-2010 15:18;232;0
03-10-2010 15:19;711;0
03-10-2010 15:20;54;0
03-10-2010 15:21;834;0
03-10-2010 15:22;550;0
03-10-2010 15:23;533;0
03-10-2010 15:24;861;0
03-10-2010 15:25;1043;1
03-10-2010 15:26;202;0
03-10-2010 15:27;66;0
03-10-2010 15:28;69;0
03-10-2010 15:29;688;0
03-10-2010 15:30;275;0
03-10-2010 15:31;258;0
03-10-2010 15:32;163;0
03-10-2010 15:33;111;0
03-10-2010 15:34;104;0
03-10-2010 15:35;131;0
03-10-2010 15:36;126;0
03-10-2010 15:37;142;0
03-10-2010 15:38;304;0
03-10-2010 15:39;733;0
03-10-2010 15:40;733;0
03-10-2010 15:41;100;0
03-10-2010 15:42;240;0
03-10-2010 15:43;175;0
03-10-2010 15:44;550;0
03-10-2010 15:45;410;0
03-10-2010 15:46;711;0
03-10-2010 15:47;223;0
03-10-2010 15:48;90;0
03-10-2010 15:49;348;0
03-10-2010 15:50;216;0
03-10-2010 15:51;152;0
03-10-2010 15:52;315;0
03-10-2010 15:53;93;0
03-10-2010 15:54;232;0
03-10-2010 15:55;142;0
03-10-2010 15:56;209;0
03-10-2010 15:57;467;0
03-10-2010 15:58;360;0
03-10-2010 15:59;240;0
03-10-2010 16:00;223;0
03-10-2010 16:01;360;0
03-10-2010 16:02;0;0
03-10-2010 16:03;467;0
03-10-2010 16:04;223;0
03-10-2010 16:05;195;0
03-10-2010 16:06;116;0
03-10-2010 16:07;284;0
03-10-2010 16:08;175;0
03-10-2010 16:09;258;0
03-10-2010 16:10;209;0
03-10-2010 16:11;315;0
03-10-2010 16:12;1147;1
03-10-2010 16:13;348;0
03-10-2010 16:14;325;0
03-10-2010 16:15;438;0
03-10-2010 16:16;336;0
03-10-2010 16:17;336;0
03-10-2010 16:18;36;0
03-10-2010 16:19;168;0
03-10-2010 16:20;104;0
03-10-2010 16:21;121;0
03-10-2010 16:22;62;0
03-10-2010 16:23;52;0
03-10-2010 16:24;55;0
03-10-2010 16:25;29;0
03-10-2010 16:26;348;0
03-10-2010 16:27;586;0
03-10-2010 16:28;189;0
03-10-2010 16:29;1475;1
03-10-2010 16:30;121;0
03-10-2010 16:31;62;0
03-10-2010 16:32;10;0
03-10-2010 16:33;19;0
03-10-2010 16:34;126;0
03-10-2010 16:35;0;0
03-10-2010 16:36;80;0
03-10-2010 16:37;76;0
03-10-2010 16:38;121;0
03-10-2010 16:39;111;0
03-10-2010 16:40;116;0
03-10-2010 16:41;163;0
03-10-2010 16:42;3;0
03-10-2010 16:43;22;0
03-10-2010 16:44;189;0
03-10-2010 16:45;0;0
03-10-2010 16:46;5;0
03-10-2010 16:47;80;0
03-10-2010 16:48;97;0
03-10-2010 16:49;348;0
03-10-2010 16:50;66;0
03-10-2010 16:51;28;0
03-10-2010 16:52;90;0
03-10-2010 16:53;116;0
03-10-2010 16:54;35;0
03-10-2010 16:55;0;0
03-10-2010 16:56;189;0
03-10-2010 16:57;258;0
03-10-2010 16:58;666;0
03-10-2010 16:59;861;0
03-10-2010 17:00;711;0
03-10-2010 17:01;586;0
03-10-2010 17:02;834;0
03-10-2010 17:03;688;0
03-10-2010 17:04;711;0
03-10-2010 17:05;1183;1
03-10-2010 17:06;1110;1
03-10-2010 17:07;336;0
03-10-2010 17:08;451;0
03-10-2010 17:09;284;0
03-10-2010 17:10;249;0
03-10-2010 17:11;861;0
03-10-2010 17:12;567;0
03-10-2010 17:13;304;0
03-10-2010 17:14;17;0
03-10-2010 17:15;9;0
03-10-2010 17:16;47;0
03-10-2010 17:17;861;0
03-10-2010 17:18;1076;1
03-10-2010 17:19;451;0
03-10-2010 17:20;195;0
03-10-2010 17:21;240;0
03-10-2010 17:22;438;0
03-10-2010 17:23;948;1
03-10-2010 17:24;834;0
03-10-2010 17:25;808;0
03-10-2010 17:26;758;0
03-10-2010 17:27;515;0
03-10-2010 17:28;979;1
03-10-2010 17:29;688;0
03-10-2010 17:30;918;1
03-10-2010 17:31;666;0
03-10-2010 17:32;586;0
03-10-2010 17:33;1110;1
03-10-2010 17:34;758;0
03-10-2010 17:35;733;0
03-10-2010 17:36;711;0
03-10-2010 17:37;834;0
03-10-2010 17:38;688;0
03-10-2010 17:39;645;0
03-10-2010 17:40;688;0
03-10-2010 17:41;733;0
03-10-2010 17:42;304;0
03-10-2010 17:43;483;0
03-10-2010 17:44;605;0
03-10-2010 17:45;861;0
03-10-2010 17:46;1522;1
03-10-2010 17:47;1076;1
03-10-2010 17:48;0;0
03-10-2010 17:49;515;0
03-10-2010 17:50;948;1
03-10-2010 17:51;1475;1
03-10-2010 17:52;1301;1
03-10-2010 17:53;1010;1
03-10-2010 17:54;808;0
03-10-2010 17:55;586;0
03-10-2010 17:56;808;0
03-10-2010 17:57;438;0
03-10-2010 17:58;152;0
03-10-2010 17:59;59;0
03-10-2010 18:00;19;0
03-10-2010 18:01;73;0
03-10-2010 18:02;240;0
03-10-2010 18:03;195;0
03-10-2010 18:04;22;0
03-10-2010 18:05;483;0
03-10-2010 18:06;451;0
03-10-2010 18:07;168;0
03-10-2010 18:08;9;0
03-10-2010 18:09;22;0
03-10-2010 18:10;0;0
03-10-2010 18:11;12;0
03-10-2010 18:12;0;0
03-10-2010 18:13;17;0
03-10-2010 18:14;152;0
03-10-2010 18:15;0;0
03-10-2010 18:16;0;0
03-10-2010 18:17;0;0
03-10-2010 18:18;0;0
03-10-2010 18:19;16;0
03-10-2010 18:20;9;0
03-10-2010 18:21;889;1
03-10-2010 18:22;467;0
03-10-2010 18:23;0;0
03-10-2010 18:24;0;0
03-10-2010 18:25;3;0
03-10-2010 18:26;0;0
03-10-2010 18:27;86;0
03-10-2010 18:28;137;0
03-10-2010 18:29;175;0
03-10-2010 18:30;711;0
03-10-2010 18:31;666;0
03-10-2010 18:32;467;0
03-10-2010 18:33;758;0
03-10-2010 18:34;266;0
03-10-2010 18:35;24;0
03-10-2010 18:36;249;0
03-10-2010 18:37;410;0
03-10-2010 18:38;1342;1
03-10-2010 18:39;645;0
03-10-2010 18:40;438;0
03-10-2010 18:41;624;0
03-10-2010 18:42;249;0
03-10-2010 18:43;1076;1
03-10-2010 18:44;515;0
03-10-2010 18:45;624;0
03-10-2010 18:46;69;0
03-10-2010 18:47;42;0
03-10-2010 18:48;0;0
03-10-2010 18:49;31;0
03-10-2010 18:50;21;0
03-10-2010 18:51;52;0
03-10-2010 18:52;9;0
03-10-2010 18:53;19;0
03-10-2010 18:54;48;0
03-10-2010 18:55;36;0
03-10-2010 18:56;35;0
03-10-2010 18:57;26;0
03-10-2010 18:58;21;0
03-10-2010 18:59;9;0
03-10-2010 19:00;24;0
03-10-2010 19:01;31;0
03-10-2010 19:02;0;0
03-10-2010 19:03;76;0
03-10-2010 19:04;16;0
03-10-2010 19:05;3;0
03-10-2010 19:06;59;0
03-10-2010 19:07;9;0
03-10-2010 19:08;16;0
03-10-2010 19:09;28;0
03-10-2010 19:10;0;0
03-10-2010 19:11;0;0
03-10-2010 19:12;0;0
03-10-2010 19:13;10;0
03-10-2010 19:14;9;0
03-10-2010 19:15;3;0
03-10-2010 19:16;0;0
03-10-2010 19:17;0;0
03-10-2010 19:18;0;0
03-10-2010 19:19;36;0
03-10-2010 19:20;111;0
03-10-2010 19:21;424;0
03-10-2010 19:22;586;0
03-10-2010 19:23;216;0
03-10-2010 19:24;17;0
03-10-2010 19:25;22;0
03-10-2010 19:26;3;0
03-10-2010 19:27;54;0
03-10-2010 19:28;42;0
03-10-2010 19:29;147;0
03-10-2010 19:30;76;0
03-10-2010 19:31;232;0
03-10-2010 19:32;73;0
03-10-2010 19:33;48;0
03-10-2010 19:34;55;0
03-10-2010 19:35;266;0
03-10-2010 19:36;209;0
03-10-2010 19:37;40;0
03-10-2010 19:38;31;0
03-10-2010 19:39;3;0
03-10-2010 19:40;0;0
03-10-2010 19:41;5;0
03-10-2010 19:42;0;0
03-10-2010 19:43;3;0
03-10-2010 19:44;22;0
03-10-2010 19:45;10;0
03-10-2010 19:46;16;0
03-10-2010 19:47;55;0
03-10-2010 19:48;69;0
03-10-2010 19:49;9;0
03-10-2010 19:50;5;0
03-10-2010 19:51;0;0
03-10-2010 19:52;3;0
03-10-2010 19:53;0;0
03-10-2010 19:54;3;0
03-10-2010 19:55;3;0
03-10-2010 19:56;0;0
03-10-2010 19:57;0;0
03-10-2010 19:58;0;0
03-10-2010 19:59;3;0
03-10-2010 20:00;19;0
03-10-2010 20:01;304;0
03-10-2010 20:02;315;0
03-10-2010 20:03;83;0
03-10-2010 20:04;104;0
03-10-2010 20:05;284;0
03-10-2010 20:06;86;0
03-10-2010 20:07;12;0
03-10-2010 20:08;0;0
03-10-2010 20:09;90;0
03-10-2010 20:10;410;0
03-10-2010 20:11;80;0
03-10-2010 20:12;55;0
03-10-2010 20:13;0;0
03-10-2010 20:14;0;0
03-10-2010 20:15;10;0
03-10-2010 20:16;54;0
03-10-2010 20:17;157;0
03-10-2010 20:18;711;0
03-10-2010 20:19;348;0
03-10-2010 20:20;209;0
03-10-2010 20:21;93;0
03-10-2010 20:22;142;0
03-10-2010 20:23;567;0
03-10-2010 20:24;711;0
03-10-2010 20:25;336;0
03-10-2010 20:26;533;0
03-10-2010 20:27;240;0
03-10-2010 20:28;100;0
03-10-2010 20:29;116;0
03-10-2010 20:30;0;0
03-10-2010 20:31;3;0
03-10-2010 20:32;17;0
03-10-2010 20:33;5;0
03-10-2010 20:34;21;0
03-10-2010 20:35;0;0
03-10-2010 20:36;0;0
03-10-2010 20:37;0;0
03-10-2010 20:38;12;0
03-10-2010 20:39;0;0
03-10-2010 20:40;35;0
03-10-2010 20:41;0;0
03-10-2010 20:42;315;0
03-10-2010 20:43;733;0
03-10-2010 20:44;758;0
03-10-2010 20:45;209;0
03-10-2010 20:46;315;0
03-10-2010 20:47;202;0
03-10-2010 20:48;163;0
03-10-2010 20:49;3;0
03-10-2010 20:50;0;0
03-10-2010 20:51;223;0
03-10-2010 20:52;195;0
03-10-2010 20:53;116;0
03-10-2010 20:54;14;0
03-10-2010 20:55;0;0
03-10-2010 20:56;0;0
03-10-2010 20:57;0;0
03-10-2010 20:58;0;0
03-10-2010 20:59;0;0
03-10-2010 21:00;9;0
03-10-2010 21:01;0;0
03-10-2010 21:02;100;0
03-10-2010 21:03;688;0
03-10-2010 21:04;189;0
03-10-2010 21:05;66;0
03-10-2010 21:06;0;0
03-10-2010 21:07;0;0
03-10-2010 21:08;0;0
03-10-2010 21:09;0;0
03-10-2010 21:10;0;0
03-10-2010 21:11;0;0
03-10-2010 21:12;0;0
03-10-2010 21:13;0;0
03-10-2010 21:14;0;0
03-10-2010 21:15;3;0
03-10-2010 21:16;9;0
03-10-2010 21:17;40;0
03-10-2010 21:18;0;0
03-10-2010 21:19;97;0
03-10-2010 21:20;645;0
03-10-2010 21:21;29;0
03-10-2010 21:22;59;0
03-10-2010 21:23;0;0
03-10-2010 21:24;0;0
03-10-2010 21:25;12;0
03-10-2010 21:26;33;0
03-10-2010 21:27;0;0
03-10-2010 21:28;12;0
03-10-2010 21:29;12;0
03-10-2010 21:30;249;0
03-10-2010 21:31;0;0
03-10-2010 21:32;0;0
03-10-2010 21:33;0;0
03-10-2010 21:34;0;0
03-10-2010 21:35;0;0
03-10-2010 21:36;26;0
03-10-2010 21:37;0;0
03-10-2010 21:38;0;0
03-10-2010 21:39;55;0
03-10-2010 21:40;451;0
03-10-2010 21:41;315;0
03-10-2010 21:42;372;0
03-10-2010 21:43;284;0
03-10-2010 21:44;438;0
03-10-2010 21:45;336;0
03-10-2010 21:46;38;0
03-10-2010 21:47;189;0
03-10-2010 21:48;35;0
03-10-2010 21:49;40;0
03-10-2010 21:50;0;0
03-10-2010 21:51;0;0
03-10-2010 21:52;12;0
03-10-2010 21:53;14;0
03-10-2010 21:54;21;0
03-10-2010 21:55;182;0
03-10-2010 21:56;0;0
03-10-2010 21:57;24;0
03-10-2010 21:58;40;0
03-10-2010 21:59;0;0
03-10-2010 22:00;10;0
03-10-2010 22:01;0;0
03-10-2010 22:02;0;0
03-10-2010 22:03;29;0
03-10-2010 22:04;0;0
03-10-2010 22:05;12;0
03-10-2010 22:06;17;0
03-10-2010 22:07;147;0
03-10-2010 22:08;116;0
03-10-2010 22:09;189;0
03-10-2010 22:10;0;0
03-10-2010 22:11;152;0
03-10-2010 22:12;29;0
03-10-2010 22:13;107;0
03-10-2010 22:14;7;0
03-10-2010 22:15;0;0
03-10-2010 22:16;83;0
03-10-2010 22:17;45;0
03-10-2010 22:18;28;0
03-10-2010 22:19;93;0
03-10-2010 22:20;0;0
03-10-2010 22:21;0;0
03-10-2010 22:22;0;0
03-10-2010 22:23;195;0
03-10-2010 22:24;0;0
03-10-2010 22:25;0;0
03-10-2010 22:26;0;0
03-10-2010 22:27;0;0
03-10-2010 22:28;0;0
03-10-2010 22:29;0;0
03-10-2010 22:30;12;0
03-10-2010 22:31;0;0
03-10-2010 22:32;0;0
03-10-2010 22:33;22;0
03-10-2010 22:34;7;0
03-10-2010 22:35;0;0
03-10-2010 22:36;0;0
03-10-2010 22:37;348;0
03-10-2010 22:38;80;0
03-10-2010 22:39;38;0
03-10-2010 22:40;19;0
03-10-2010 22:41;50;0
03-10-2010 22:42;483;0
03-10-2010 22:43;424;0
03-10-2010 22:44;410;0
03-10-2010 22:45;21;0
03-10-2010 22:46;216;0
03-10-2010 22:47;93;0
03-10-2010 22:48;137;0
03-10-2010 22:49;131;0
03-10-2010 22:50;22;0
03-10-2010 22:51;0;0
03-10-2010 22:52;21;0
03-10-2010 22:53;0;0
03-10-2010 22:54;0;0
03-10-2010 22:55;0;0
03-10-2010 22:56;0;0
03-10-2010 22:57;0;0
03-10-2010 22:58;0;0
03-10-2010 22:59;19;0
03-10-2010 23:00;69;0
03-10-2010 23:01;0;0
03-10-2010 23:02;0;0
03-10-2010 23:03;83;0
03-10-2010 23:04;294;0
03-10-2010 23:05;424;0
03-10-2010 23:06;189;0
03-10-2010 23:07;12;0
03-10-2010 23:08;0;0
03-10-2010 23:09;0;0
03-10-2010 23:10;0;0
03-10-2010 23:11;733;0
03-10-2010 23:12;0;0
03-10-2010 23:13;567;0
03-10-2010 23:14;1010;1
03-10-2010 23:15;182;0
03-10-2010 23:16;137;0
03-10-2010 23:17;131;0
03-10-2010 23:18;147;0
03-10-2010 23:19;47;0
03-10-2010 23:20;294;0
03-10-2010 23:21;69;0
03-10-2010 23:22;137;0
03-10-2010 23:23;175;0
03-10-2010 23:24;711;0
03-10-2010 23:25;688;0
03-10-2010 23:26;3;0
03-10-2010 23:27;3;0
03-10-2010 23:28;0;0
03-10-2010 23:29;0;0
03-10-2010 23:30;24;0
03-10-2010 23:31;0;0
03-10-2010 23:32;59;0
03-10-2010 23:33;0;0
03-10-2010 23:34;9;0
03-10-2010 23:35;147;0
03-10-2010 23:36;33;0
03-10-2010 23:37;195;0
03-10-2010 23:38;424;0
03-10-2010 23:39;22;0
03-10-2010 23:40;168;0
03-10-2010 23:41;168;0
03-10-2010 23:42;52;0
03-10-2010 23:43;157;0
03-10-2010 23:44;0;0
03-10-2010 23:45;9;0
03-10-2010 23:46;209;0
03-10-2010 23:47;0;0
03-10-2010 23:48;0;0
03-10-2010 23:49;0;0
03-10-2010 23:50;22;0
03-10-2010 23:51;0;0
03-10-2010 23:52;0;0
03-10-2010 23:53;0;0
03-10-2010 23:54;24;0
03-10-2010 23:55;0;0
03-10-2010 23:56;202;0
03-10-2010 23:57;688;0
03-10-2010 23:58;451;0
03-10-2010 23:59;0;0
03-11-2010 00:00;21;0
03-11-2010 00:01;0;0
03-11-2010 00:02;0;0
03-11-2010 00:03;0;0
03-11-2010 00:04;0;0
03-11-2010 00:05;0;0
03-11-2010 00:06;0;0
03-11-2010 00:07;0;0
03-11-2010 00:08;0;0
03-11-2010 00:09;0;0
03-11-2010 00:10;0;0
03-11-2010 00:11;0;0
03-11-2010 00:12;0;0
03-11-2010 00:13;0;0
03-11-2010 00:14;0;0
03-11-2010 00:15;0;0
03-11-2010 00:16;0;0
03-11-2010 00:17;0;0
03-11-2010 00:18;0;0
03-11-2010 00:19;0;0
03-11-2010 00:20;0;0
03-11-2010 00:21;0;0
03-11-2010 00:22;0;0
03-11-2010 00:23;0;0
03-11-2010 00:24;0;0
03-11-2010 00:25;163;0
03-11-2010 00:26;0;0
03-11-2010 00:27;0;0
03-11-2010 00:28;83;0
03-11-2010 00:29;0;0
03-11-2010 00:30;0;0
03-11-2010 00:31;0;0
03-11-2010 00:32;0;0
03-11-2010 00:33;0;0
03-11-2010 00:34;0;0
03-11-2010 00:35;0;0
03-11-2010 00:36;0;0
03-11-2010 00:37;0;0
03-11-2010 00:38;0;0
03-11-2010 00:39;0;0
03-11-2010 00:40;0;0
03-11-2010 00:41;0;0
03-11-2010 00:42;0;0
03-11-2010 00:43;0;0
03-11-2010 00:44;10;0
03-11-2010 00:45;93;0
03-11-2010 00:46;0;0
03-11-2010 00:47;0;0
03-11-2010 00:48;0;0
03-11-2010 00:49;0;0
03-11-2010 00:50;0;0
03-11-2010 00:51;0;0
03-11-2010 00:52;35;0
03-11-2010 00:53;16;0
03-11-2010 00:54;0;0
03-11-2010 00:55;0;0
03-11-2010 00:56;0;0
03-11-2010 00:57;0;0
03-11-2010 00:58;0;0
03-11-2010 00:59;0;0
03-11-2010 01:00;107;0
03-11-2010 01:01;0;0
03-11-2010 01:02;0;0
03-11-2010 01:03;0;0
03-11-2010 01:04;0;0
03-11-2010 01:05;0;0
03-11-2010 01:06;0;0
03-11-2010 01:07;0;0
03-11-2010 01:08;0;0
03-11-2010 01:09;0;0
03-11-2010 01:10;0;0
03-11-2010 01:11;0;0
03-11-2010 01:12;0;0
03-11-2010 01:13;0;0
03-11-2010 01:14;0;0
03-11-2010 01:15;0;0
03-11-2010 01:16;0;0
03-11-2010 01:17;0;0
03-11-2010 01:18;90;0
03-11-2010 01:19;0;0
03-11-2010 01:20;0;0
03-11-2010 01:21;28;0
03-11-2010 01:22;0;0
03-11-2010 01:23;0;0
03-11-2010 01:24;0;0
03-11-2010 01:25;0;0
03-11-2010 01:26;0;0
03-11-2010 01:27;189;0
03-11-2010 01:28;0;0
03-11-2010 01:29;26;0
03-11-2010 01:30;0;0
03-11-2010 01:31;0;0
03-11-2010 01:32;0;0
03-11-2010 01:33;0;0
03-11-2010 01:34;0;0
03-11-2010 01:35;28;0
03-11-2010 01:36;0;0
03-11-2010 01:37;0;0
03-11-2010 01:38;0;0
03-11-2010 01:39;0;0
03-11-2010 01:40;0;0
03-11-2010 01:41;0;0
03-11-2010 01:42;86;0
03-11-2010 01:43;0;0
03-11-2010 01:44;0;0
03-11-2010 01:45;0;0
03-11-2010 01:46;0;0
03-11-2010 01:47;0;0
03-11-2010 01:48;0;0
03-11-2010 01:49;50;0
03-11-2010 01:50;0;0
03-11-2010 01:51;0;0
03-11-2010 01:52;0;0
03-11-2010 01:53;0;0
03-11-2010 01:54;0;0
03-11-2010 01:55;0;0
03-11-2010 01:56;0;0
03-11-2010 01:57;0;0
03-11-2010 01:58;0;0
03-11-2010 01:59;0;0
03-11-2010 02:00;0;0
03-11-2010 02:01;0;0
03-11-2010 02:02;0;0
03-11-2010 02:03;0;0
03-11-2010 02:04;0;0
03-11-2010 02:05;0;0
03-11-2010 02:06;0;0
03-11-2010 02:07;0;0
03-11-2010 02:08;0;0
03-11-2010 02:09;0;0
03-11-2010 02:10;0;0
03-11-2010 02:11;0;0
03-11-2010 02:12;0;0
03-11-2010 02:13;0;0
03-11-2010 02:14;0;0
03-11-2010 02:15;0;0
03-11-2010 02:16;0;0
03-11-2010 02:17;0;0
03-11-2010 02:18;54;0
03-11-2010 02:19;0;0
03-11-2010 02:20;3;0
03-11-2010 02:21;93;0
03-11-2010 02:22;12;0
03-11-2010 02:23;315;0
03-11-2010 02:24;688;0
03-11-2010 02:25;189;0
03-11-2010 02:26;43;0
03-11-2010 02:27;38;0
03-11-2010 02:28;59;0
03-11-2010 02:29;0;0
03-11-2010 02:30;12;0
03-11-2010 02:31;42;0
03-11-2010 02:32;0;0
03-11-2010 02:33;0;0
03-11-2010 02:34;66;0
03-11-2010 02:35;0;0
03-11-2010 02:36;0;0
03-11-2010 02:37;0;0
03-11-2010 02:38;0;0
03-11-2010 02:39;0;0
03-11-2010 02:40;0;0
03-11-2010 02:41;93;0
03-11-2010 02:42;0;0
03-11-2010 02:43;0;0
03-11-2010 02:44;0;0
03-11-2010 02:45;0;0
03-11-2010 02:46;0;0
03-11-2010 02:47;0;0
03-11-2010 02:48;0;0
03-11-2010 02:49;0;0
03-11-2010 02:50;0;0
03-11-2010 02:51;0;0
03-11-2010 02:52;0;0
03-11-2010 02:53;0;0
03-11-2010 02:54;0;0
03-11-2010 02:55;0;0
03-11-2010 02:56;0;0
03-11-2010 02:57;163;0
03-11-2010 02:58;0;0
03-11-2010 02:59;0;0
03-11-2010 03:00;0;0
03-11-2010 03:01;0;0
03-11-2010 03:02;0;0
03-11-2010 03:03;175;0
03-11-2010 03:04;0;0
03-11-2010 03:05;0;0
03-11-2010 03:06;3;0
03-11-2010 03:07;0;0
03-11-2010 03:08;0;0
03-11-2010 03:09;66;0
03-11-2010 03:10;19;0
03-11-2010 03:11;0;0
03-11-2010 03:12;0;0
03-11-2010 03:13;0;0
03-11-2010 03:14;0;0
03-11-2010 03:15;0;0
03-11-2010 03:16;0;0
03-11-2010 03:17;0;0
03-11-2010 03:18;0;0
03-11-2010 03:19;168;0
03-11-2010 03:20;0;0
03-11-2010 03:21;0;0
03-11-2010 03:22;0;0
03-11-2010 03:23;0;0
03-11-2010 03:24;0;0
03-11-2010 03:25;0;0
03-11-2010 03:26;0;0
03-11-2010 03:27;0;0
03-11-2010 03:28;0;0
03-11-2010 03:29;0;0
03-11-2010 03:30;0;0
03-11-2010 03:31;0;0
03-11-2010 03:32;0;0
03-11-2010 03:33;0;0
03-11-2010 03:34;0;0
03-11-2010 03:35;0;0
03-11-2010 03:36;0;0
03-11-2010 03:37;0;0
03-11-2010 03:38;0;0
03-11-2010 03:39;0;0
03-11-2010 03:40;0;0
03-11-2010 03:41;0;0
03-11-2010 03:42;0;0
03-11-2010 03:43;0;0
03-11-2010 03:44;0;0
03-11-2010 03:45;0;0
03-11-2010 03:46;0;0
03-11-2010 03:47;0;0
03-11-2010 03:48;0;0
03-11-2010 03:49;0;0
03-11-2010 03:50;0;0
03-11-2010 03:51;0;0
03-11-2010 03:52;5;0
03-11-2010 03:53;0;0
03-11-2010 03:54;0;0
03-11-2010 03:55;0;0
03-11-2010 03:56;0;0
03-11-2010 03:57;0;0
03-11-2010 03:58;0;0
03-11-2010 03:59;0;0
03-11-2010 04:00;0;0
03-11-2010 04:01;0;0
03-11-2010 04:02;0;0
03-11-2010 04:03;35;0
03-11-2010 04:04;29;0
03-11-2010 04:05;0;0
03-11-2010 04:06;0;0
03-11-2010 04:07;0;0
03-11-2010 04:08;31;0
03-11-2010 04:09;0;0
03-11-2010 04:10;0;0
03-11-2010 04:11;38;0
03-11-2010 04:12;163;0
03-11-2010 04:13;0;0
03-11-2010 04:14;0;0
03-11-2010 04:15;163;0
03-11-2010 04:16;0;0
03-11-2010 04:17;0;0
03-11-2010 04:18;43;0
03-11-2010 04:19;0;0
03-11-2010 04:20;0;0
03-11-2010 04:21;0;0
03-11-2010 04:22;17;0
03-11-2010 04:23;0;0
03-11-2010 04:24;0;0
03-11-2010 04:25;0;0
03-11-2010 04:26;0;0
03-11-2010 04:27;0;0
03-11-2010 04:28;0;0
03-11-2010 04:29;0;0
03-11-2010 04:30;0;0
03-11-2010 04:31;0;0
03-11-2010 04:32;0;0
03-11-2010 04:33;0;0
03-11-2010 04:34;0;0
03-11-2010 04:35;0;0
03-11-2010 04:36;0;0
03-11-2010 04:37;111;0
03-11-2010 04:38;0;0
03-11-2010 04:39;0;0
03-11-2010 04:40;0;0
03-11-2010 04:41;59;0
03-11-2010 04:42;0;0
03-11-2010 04:43;0;0
03-11-2010 04:44;0;0
03-11-2010 04:45;0;0
03-11-2010 04:46;0;0
03-11-2010 04:47;0;0
03-11-2010 04:48;33;0
03-11-2010 04:49;0;0
03-11-2010 04:50;21;0
03-11-2010 04:51;0;0
03-11-2010 04:52;0;0
03-11-2010 04:53;137;0
03-11-2010 04:54;0;0
03-11-2010 04:55;0;0
03-11-2010 04:56;76;0
03-11-2010 04:57;107;0
03-11-2010 04:58;36;0
03-11-2010 04:59;0;0
03-11-2010 05:00;38;0
03-11-2010 05:01;38;0
03-11-2010 05:02;0;0
03-11-2010 05:03;16;0
03-11-2010 05:04;0;0
03-11-2010 05:05;0;0
03-11-2010 05:06;0;0
03-11-2010 05:07;163;0
03-11-2010 05:08;5;0
03-11-2010 05:09;66;0
03-11-2010 05:10;0;0
03-11-2010 05:11;17;0
03-11-2010 05:12;0;0
03-11-2010 05:13;304;0
03-11-2010 05:14;325;0
03-11-2010 05:15;249;0
03-11-2010 05:16;55;0
03-11-2010 05:17;782;0
03-11-2010 05:18;918;1
03-11-2010 05:19;666;0
03-11-2010 05:20;223;0
03-11-2010 05:21;0;0
03-11-2010 05:22;3;0
03-11-2010 05:23;152;0
03-11-2010 05:24;0;0
03-11-2010 05:25;258;0
03-11-2010 05:26;0;0
03-11-2010 05:27;0;0
03-11-2010 05:28;0;0
03-11-2010 05:29;0;0
03-11-2010 05:30;0;0
03-11-2010 05:31;0;0
03-11-2010 05:32;10;0
03-11-2010 05:33;0;0
03-11-2010 05:34;55;0
03-11-2010 05:35;19;0
03-11-2010 05:36;0;0
03-11-2010 05:37;3;0
03-11-2010 05:38;0;0
03-11-2010 05:39;36;0
03-11-2010 05:40;48;0
03-11-2010 05:41;0;0
03-11-2010 05:42;0;0
03-11-2010 05:43;29;0
03-11-2010 05:44;0;0
03-11-2010 05:45;0;0
03-11-2010 05:46;0;0
03-11-2010 05:47;0;0
03-11-2010 05:48;0;0
03-11-2010 05:49;0;0
03-11-2010 05:50;0;0
03-11-2010 05:51;0;0
03-11-2010 05:52;0;0
03-11-2010 05:53;0;0
03-11-2010 05:54;0;0
03-11-2010 05:55;0;0
03-11-2010 05:56;73;0
03-11-2010 05:57;0;0
03-11-2010 05:58;0;0
03-11-2010 05:59;0;0
03-11-2010 06:00;0;0
03-11-2010 06:01;0;0
03-11-2010 06:02;0;0
03-11-2010 06:03;73;0
03-11-2010 06:04;0;0
03-11-2010 06:05;0;0
03-11-2010 06:06;0;0
03-11-2010 06:07;0;0
03-11-2010 06:08;0;0
03-11-2010 06:09;0;0
03-11-2010 06:10;0;0
03-11-2010 06:11;0;0
03-11-2010 06:12;0;0
03-11-2010 06:13;0;0
03-11-2010 06:14;0;0
03-11-2010 06:15;45;0
03-11-2010 06:16;0;0
03-11-2010 06:17;24;0
03-11-2010 06:18;47;0
03-11-2010 06:19;29;0
03-11-2010 06:20;0;0
03-11-2010 06:21;0;0
03-11-2010 06:22;0;0
03-11-2010 06:23;0;0
03-11-2010 06:24;0;0
03-11-2010 06:25;0;0
03-11-2010 06:26;0;0
03-11-2010 06:27;0;0
03-11-2010 06:28;0;0
03-11-2010 06:29;0;0
03-11-2010 06:30;0;0
03-11-2010 06:31;0;0
03-11-2010 06:32;93;0
03-11-2010 06:33;0;0
03-11-2010 06:34;33;0
03-11-2010 06:35;0;0
03-11-2010 06:36;14;0
03-11-2010 06:37;0;0
03-11-2010 06:38;0;0
03-11-2010 06:39;0;0
03-11-2010 06:40;0;0
03-11-2010 06:41;126;0
03-11-2010 06:42;31;0
03-11-2010 06:43;0;0
03-11-2010 06:44;0;0
03-11-2010 06:45;0;0
03-11-2010 06:46;47;0
03-11-2010 06:47;17;0
03-11-2010 06:48;0;0
03-11-2010 06:49;22;0
03-11-2010 06:50;0;0
03-11-2010 06:51;0;0
03-11-2010 06:52;31;0
03-11-2010 06:53;86;0
03-11-2010 06:54;17;0
03-11-2010 06:55;0;0
03-11-2010 06:56;48;0
03-11-2010 06:57;0;0
03-11-2010 06:58;0;0
03-11-2010 06:59;0;0
03-11-2010 07:00;0;0
03-11-2010 07:01;0;0
03-11-2010 07:02;0;0
03-11-2010 07:03;0;0
03-11-2010 07:04;0;0
03-11-2010 07:05;0;0
03-11-2010 07:06;43;0
03-11-2010 07:07;0;0
03-11-2010 07:08;0;0
03-11-2010 07:09;0;0
03-11-2010 07:10;0;0
03-11-2010 07:11;0;0
03-11-2010 07:12;0;0
03-11-2010 07:13;0;0
03-11-2010 07:14;175;0
03-11-2010 07:15;0;0
03-11-2010 07:16;21;0
03-11-2010 07:17;0;0
03-11-2010 07:18;0;0
03-11-2010 07:19;0;0
03-11-2010 07:20;0;0
03-11-2010 07:21;0;0
03-11-2010 07:22;0;0
03-11-2010 07:23;0;0
03-11-2010 07:24;33;0
03-11-2010 07:25;0;0
03-11-2010 07:26;0;0
03-11-2010 07:27;0;0
03-11-2010 07:28;0;0
03-11-2010 07:29;0;0
03-11-2010 07:30;0;0
03-11-2010 07:31;0;0
03-11-2010 07:32;0;0
03-11-2010 07:33;0;0
03-11-2010 07:34;0;0
03-11-2010 07:35;0;0
03-11-2010 07:36;59;0
03-11-2010 07:37;73;0
03-11-2010 07:38;10;0
03-11-2010 07:39;0;0
03-11-2010 07:40;209;0
03-11-2010 07:41;116;0
03-11-2010 07:42;0;0
03-11-2010 07:43;19;0
03-11-2010 07:44;0;0
03-11-2010 07:45;0;0
03-11-2010 07:46;0;0
03-11-2010 07:47;0;0
03-11-2010 07:48;0;0
03-11-2010 07:49;0;0
03-11-2010 07:50;26;0
03-11-2010 07:51;0;0
03-11-2010 07:52;0;0
03-11-2010 07:53;0;0
03-11-2010 07:54;0;0
03-11-2010 07:55;0;0
03-11-2010 07:56;0;0
03-11-2010 07:57;0;0
03-11-2010 07:58;38;0
03-11-2010 07:59;0;0
03-11-2010 08:00;0;0
03-11-2010 08:01;0;0
03-11-2010 08:02;0;0
03-11-2010 08:03;0;0
03-11-2010 08:04;0;0
03-11-2010 08:05;0;0
03-11-2010 08:06;0;0
03-11-2010 08:07;73;0
03-11-2010 08:08;45;0
03-11-2010 08:09;0;0
03-11-2010 08:10;0;0
03-11-2010 08:11;0;0
03-11-2010 08:12;131;0
03-11-2010 08:13;3;0
03-11-2010 08:14;0;0
03-11-2010 08:15;0;0
03-11-2010 08:16;0;0
03-11-2010 08:17;0;0
03-11-2010 08:18;0;0
03-11-2010 08:19;0;0
03-11-2010 08:20;0;0
03-11-2010 08:21;97;0
03-11-2010 08:22;0;0
03-11-2010 08:23;0;0
03-11-2010 08:24;0;0
03-11-2010 08:25;0;0
03-11-2010 08:26;0;0
03-11-2010 08:27;0;0
03-11-2010 08:28;0;0
03-11-2010 08:29;0;0
03-11-2010 08:30;0;0
03-11-2010 08:31;0;0
03-11-2010 08:32;0;0
03-11-2010 08:33;0;0
03-11-2010 08:34;0;0
03-11-2010 08:35;0;0
03-11-2010 08:36;80;0
03-11-2010 08:37;0;0
03-11-2010 08:38;0;0
03-11-2010 08:39;0;0
03-11-2010 08:40;0;0
03-11-2010 08:41;0;0
03-11-2010 08:42;0;0
03-11-2010 08:43;0;0
03-11-2010 08:44;467;0
03-11-2010 08:45;47;0
03-11-2010 08:46;948;1
03-11-2010 08:47;498;0
03-11-2010 08:48;73;0
03-11-2010 08:49;202;0
03-11-2010 08:50;0;0
03-11-2010 08:51;0;0
03-11-2010 08:52;36;0
03-11-2010 08:53;0;0
03-11-2010 08:54;483;0
03-11-2010 08:55;438;0
03-11-2010 08:56;147;0
03-11-2010 08:57;12;0
03-11-2010 08:58;86;0
03-11-2010 08:59;0;0
03-11-2010 09:00;104;0
03-11-2010 09:01;59;0
03-11-2010 09:02;12;0
03-11-2010 09:03;80;0
03-11-2010 09:04;86;0
03-11-2010 09:05;62;0
03-11-2010 09:06;80;0
03-11-2010 09:07;29;0
03-11-2010 09:08;26;0
03-11-2010 09:09;605;0
03-11-2010 09:10;733;0
03-11-2010 09:11;396;0
03-11-2010 09:12;223;0
03-11-2010 09:13;168;0
03-11-2010 09:14;348;0
03-11-2010 09:15;550;0
03-11-2010 09:16;645;0
03-11-2010 09:17;467;0
03-11-2010 09:18;586;0
03-11-2010 09:19;861;0
03-11-2010 09:20;126;0
03-11-2010 09:21;93;0
03-11-2010 09:22;152;0
03-11-2010 09:23;0;0
03-11-2010 09:24;157;0
03-11-2010 09:25;182;0
03-11-2010 09:26;69;0
03-11-2010 09:27;111;0
03-11-2010 09:28;76;0
03-11-2010 09:29;0;0
03-11-2010 09:30;17;0
03-11-2010 09:31;232;0
03-11-2010 09:32;3;0
03-11-2010 09:33;0;0
03-11-2010 09:34;100;0
03-11-2010 09:35;66;0
03-11-2010 09:36;66;0
03-11-2010 09:37;104;0
03-11-2010 09:38;1221;1
03-11-2010 09:39;979;1
03-11-2010 09:40;1430;1
03-11-2010 09:41;168;0
03-11-2010 09:42;0;0
03-11-2010 09:43;515;0
03-11-2010 09:44;182;0
03-11-2010 09:45;645;0
03-11-2010 09:46;83;0
03-11-2010 09:47;131;0
03-11-2010 09:48;424;0
03-11-2010 09:49;758;0
03-11-2010 09:50;645;0
03-11-2010 09:51;223;0
03-11-2010 09:52;348;0
03-11-2010 09:53;142;0
03-11-2010 09:54;384;0
03-11-2010 09:55;550;0
03-11-2010 09:56;249;0
03-11-2010 09:57;0;0
03-11-2010 09:58;0;0
03-11-2010 09:59;0;0
03-11-2010 10:00;1301;1
03-11-2010 10:01;1043;1
03-11-2010 10:02;467;0
03-11-2010 10:03;3;0
03-11-2010 10:04;0;0
03-11-2010 10:05;137;0
03-11-2010 10:06;50;0
03-11-2010 10:07;111;0
03-11-2010 10:08;73;0
03-11-2010 10:09;0;0
03-11-2010 10:10;0;0
03-11-2010 10:11;0;0
03-11-2010 10:12;0;0
03-11-2010 10:13;0;0
03-11-2010 10:14;26;0
03-11-2010 10:15;0;0
03-11-2010 10:16;0;0
03-11-2010 10:17;0;0
03-11-2010 10:18;0;0
03-11-2010 10:19;294;0
03-11-2010 10:20;372;0
03-11-2010 10:21;157;0
03-11-2010 10:22;1076;1
03-11-2010 10:23;808;0
03-11-2010 10:24;645;0
03-11-2010 10:25;979;1
03-11-2010 10:26;348;0
03-11-2010 10:27;424;0
03-11-2010 10:28;131;0
03-11-2010 10:29;189;0
03-11-2010 10:30;438;0
03-11-2010 10:31;249;0
03-11-2010 10:32;111;0
03-11-2010 10:33;1301;1
03-11-2010 10:34;325;0
03-11-2010 10:35;97;0
03-11-2010 10:36;66;0
03-11-2010 10:37;36;0
03-11-2010 10:38;47;0
03-11-2010 10:39;45;0
03-11-2010 10:40;83;0
03-11-2010 10:41;26;0
03-11-2010 10:42;14;0
03-11-2010 10:43;131;0
03-11-2010 10:44;1571;1
03-11-2010 10:45;1183;1
03-11-2010 10:46;1076;1
03-11-2010 10:47;1386;1
03-11-2010 10:48;1726;1
03-11-2010 10:49;1301;1
03-11-2010 10:50;1110;1
03-11-2010 10:51;533;0
03-11-2010 10:52;782;0
03-11-2010 10:53;711;0
03-11-2010 10:54;284;0
03-11-2010 10:55;157;0
03-11-2010 10:56;438;0
03-11-2010 10:57;182;0
03-11-2010 10:58;202;0
03-11-2010 10:59;515;0
03-11-2010 11:00;202;0
03-11-2010 11:01;396;0
03-11-2010 11:02;498;0
03-11-2010 11:03;515;0
03-11-2010 11:04;861;0
03-11-2010 11:05;733;0
03-11-2010 11:06;189;0
03-11-2010 11:07;209;0
03-11-2010 11:08;275;0
03-11-2010 11:09;52;0
03-11-2010 11:10;195;0
03-11-2010 11:11;834;0
03-11-2010 11:12;424;0
03-11-2010 11:13;157;0
03-11-2010 11:14;360;0
03-11-2010 11:15;209;0
03-11-2010 11:16;121;0
03-11-2010 11:17;232;0
03-11-2010 11:18;223;0
03-11-2010 11:19;304;0
03-11-2010 11:20;483;0
03-11-2010 11:21;372;0
03-11-2010 11:22;498;0
03-11-2010 11:23;424;0
03-11-2010 11:24;396;0
03-11-2010 11:25;42;0
03-11-2010 11:26;0;0
03-11-2010 11:27;36;0
03-11-2010 11:28;0;0
03-11-2010 11:29;21;0
03-11-2010 11:30;0;0
03-11-2010 11:31;0;0
03-11-2010 11:32;163;0
03-11-2010 11:33;483;0
03-11-2010 11:34;438;0
03-11-2010 11:35;336;0
03-11-2010 11:36;195;0
03-11-2010 11:37;258;0
03-11-2010 11:38;325;0
03-11-2010 11:39;266;0
03-11-2010 11:40;861;0
03-11-2010 11:41;567;0
03-11-2010 11:42;249;0
03-11-2010 11:43;384;0
03-11-2010 11:44;209;0
03-11-2010 11:45;284;0
03-11-2010 11:46;325;0
03-11-2010 11:47;240;0
03-11-2010 11:48;396;0
03-11-2010 11:49;467;0
03-11-2010 11:50;304;0
03-11-2010 11:51;249;0
03-11-2010 11:52;175;0
03-11-2010 11:53;175;0
03-11-2010 11:54;216;0
03-11-2010 11:55;550;0
03-11-2010 11:56;410;0
03-11-2010 11:57;275;0
03-11-2010 11:58;533;0
03-11-2010 11:59;758;0
03-11-2010 12:00;533;0
03-11-2010 12:01;918;1
03-11-2010 12:02;861;0
03-11-2010 12:03;758;0
03-11-2010 12:04;586;0
03-11-2010 12:05;918;1
03-11-2010 12:06;918;1
03-11-2010 12:07;605;0
03-11-2010 12:08;688;0
03-11-2010 12:09;1386;1
03-11-2010 12:10;1621;1
03-11-2010 12:11;808;0
03-11-2010 12:12;410;0
03-11-2010 12:13;325;0
03-11-2010 12:14;782;0
03-11-2010 12:15;979;1
03-11-2010 12:16;467;0
03-11-2010 12:17;624;0
03-11-2010 12:18;1571;1
03-11-2010 12:19;1043;1
03-11-2010 12:20;834;0
03-11-2010 12:21;168;0
03-11-2010 12:22;567;0
03-11-2010 12:23;1261;1
03-11-2010 12:24;586;0
03-11-2010 12:25;515;0
03-11-2010 12:26;14;0
03-11-2010 12:27;216;0
03-11-2010 12:28;80;0
03-11-2010 12:29;5;0
03-11-2010 12:30;50;0
03-11-2010 12:31;0;0
03-11-2010 12:32;0;0
03-11-2010 12:33;14;0
03-11-2010 12:34;0;0
03-11-2010 12:35;0;0
03-11-2010 12:36;66;0
03-11-2010 12:37;0;0
03-11-2010 12:38;0;0
03-11-2010 12:39;9;0
03-11-2010 12:40;384;0
03-11-2010 12:41;223;0
03-11-2010 12:42;0;0
03-11-2010 12:43;0;0
03-11-2010 12:44;348;0
03-11-2010 12:45;808;0
03-11-2010 12:46;483;0
03-11-2010 12:47;111;0
03-11-2010 12:48;14;0
03-11-2010 12:49;76;0
03-11-2010 12:50;45;0
03-11-2010 12:51;168;0
03-11-2010 12:52;550;0
03-11-2010 12:53;861;0
03-11-2010 12:54;284;0
03-11-2010 12:55;66;0
03-11-2010 12:56;1010;1
03-11-2010 12:57;1147;1
03-11-2010 12:58;834;0
03-11-2010 12:59;918;1
03-11-2010 13:00;266;0
03-11-2010 13:01;711;0
03-11-2010 13:02;1110;1
03-11-2010 13:03;711;0
03-11-2010 13:04;396;0
03-11-2010 13:05;168;0
03-11-2010 13:06;69;0
03-11-2010 13:07;624;0
03-11-2010 13:08;240;0
03-11-2010 13:09;163;0
03-11-2010 13:10;83;0
03-11-2010 13:11;348;0
03-11-2010 13:12;33;0
03-11-2010 13:13;0;0
03-11-2010 13:14;0;0
03-11-2010 13:15;0;0
03-11-2010 13:16;29;0
03-11-2010 13:17;0;0
03-11-2010 13:18;0;0
03-11-2010 13:19;0;0
03-11-2010 13:20;0;0
03-11-2010 13:21;59;0
03-11-2010 13:22;69;0
03-11-2010 13:23;0;0
03-11-2010 13:24;372;0
03-11-2010 13:25;249;0
03-11-2010 13:26;586;0
03-11-2010 13:27;360;0
03-11-2010 13:28;372;0
03-11-2010 13:29;586;0
03-11-2010 13:30;483;0
03-11-2010 13:31;348;0
03-11-2010 13:32;918;1
03-11-2010 13:33;240;0
03-11-2010 13:34;360;0
03-11-2010 13:35;325;0
03-11-2010 13:36;336;0
03-11-2010 13:37;182;0
03-11-2010 13:38;348;0
03-11-2010 13:39;567;0
03-11-2010 13:40;410;0
03-11-2010 13:41;467;0
03-11-2010 13:42;467;0
03-11-2010 13:43;315;0
03-11-2010 13:44;451;0
03-11-2010 13:45;451;0
03-11-2010 13:46;533;0
03-11-2010 13:47;688;0
03-11-2010 13:48;147;0
03-11-2010 13:49;142;0
03-11-2010 13:50;396;0
03-11-2010 13:51;111;0
03-11-2010 13:52;586;0
03-11-2010 13:53;666;0
03-11-2010 13:54;498;0
03-11-2010 13:55;515;0
03-11-2010 13:56;175;0
03-11-2010 13:57;396;0
03-11-2010 13:58;223;0
03-11-2010 13:59;29;0
03-11-2010 14:00;157;0
03-11-2010 14:01;116;0
03-11-2010 14:02;605;0
03-11-2010 14:03;1342;1
03-11-2010 14:04;284;0
03-11-2010 14:05;240;0
03-11-2010 14:06;189;0
03-11-2010 14:07;438;0
03-11-2010 14:08;467;0
03-11-2010 14:09;325;0
03-11-2010 14:10;240;0
03-11-2010 14:11;396;0
03-11-2010 14:12;733;0
03-11-2010 14:13;195;0
03-11-2010 14:14;258;0
03-11-2010 14:15;424;0
03-11-2010 14:16;396;0
03-11-2010 14:17;624;0
03-11-2010 14:18;195;0
03-11-2010 14:19;275;0
03-11-2010 14:20;284;0
03-11-2010 14:21;137;0
03-11-2010 14:22;232;0
03-11-2010 14:23;410;0
03-11-2010 14:24;90;0
03-11-2010 14:25;0;0
03-11-2010 14:26;9;0
03-11-2010 14:27;240;0
03-11-2010 14:28;315;0
03-11-2010 14:29;451;0
03-11-2010 14:30;232;0
03-11-2010 14:31;498;0
03-11-2010 14:32;1043;1
03-11-2010 14:33;586;0
03-11-2010 14:34;1110;1
03-11-2010 14:35;782;0
03-11-2010 14:36;666;0
03-11-2010 14:37;605;0
03-11-2010 14:38;483;0
03-11-2010 14:39;410;0
03-11-2010 14:40;348;0
03-11-2010 14:41;360;0
03-11-2010 14:42;232;0
03-11-2010 14:43;304;0
03-11-2010 14:44;232;0
03-11-2010 14:45;147;0
03-11-2010 14:46;294;0
03-11-2010 14:47;372;0
03-11-2010 14:48;1076;1
03-11-2010 14:49;1147;1
03-11-2010 14:50;1475;1
03-11-2010 14:51;1221;1
03-11-2010 14:52;1342;1
03-11-2010 14:53;1183;1
03-11-2010 14:54;758;0
03-11-2010 14:55;605;0
03-11-2010 14:56;605;0
03-11-2010 14:57;1010;1
03-11-2010 14:58;182;0
03-11-2010 14:59;384;0
03-11-2010 15:00;348;0
03-11-2010 15:01;284;0
03-11-2010 15:02;396;0
03-11-2010 15:03;498;0
03-11-2010 15:04;586;0
03-11-2010 15:05;275;0
03-11-2010 15:06;410;0
03-11-2010 15:07;325;0
03-11-2010 15:08;1183;1
03-11-2010 15:09;1342;1
03-11-2010 15:10;1147;1
03-11-2010 15:11;1261;1
03-11-2010 15:12;688;0
03-11-2010 15:13;438;0
03-11-2010 15:14;758;0
03-11-2010 15:15;1475;1
03-11-2010 15:16;533;0
03-11-2010 15:17;605;0
03-11-2010 15:18;758;0
03-11-2010 15:19;624;0
03-11-2010 15:20;645;0
03-11-2010 15:21;733;0
03-11-2010 15:22;688;0
03-11-2010 15:23;586;0
03-11-2010 15:24;1076;1
03-11-2010 15:25;100;0
03-11-2010 15:26;28;0
03-11-2010 15:27;48;0
03-11-2010 15:28;5;0
03-11-2010 15:29;533;0
03-11-2010 15:30;22;0
03-11-2010 15:31;54;0
03-11-2010 15:32;24;0
03-11-2010 15:33;100;0
03-11-2010 15:34;73;0
03-11-2010 15:35;0;0
03-11-2010 15:36;104;0
03-11-2010 15:37;38;0
03-11-2010 15:38;21;0
03-11-2010 15:39;372;0
03-11-2010 15:40;533;0
03-11-2010 15:41;111;0
03-11-2010 15:42;24;0
03-11-2010 15:43;83;0
03-11-2010 15:44;45;0
03-11-2010 15:45;16;0
03-11-2010 15:46;62;0
03-11-2010 15:47;0;0
03-11-2010 15:48;0;0
03-11-2010 15:49;43;0
03-11-2010 15:50;62;0
03-11-2010 15:51;52;0
03-11-2010 15:52;10;0
03-11-2010 15:53;28;0
03-11-2010 15:54;232;0
03-11-2010 15:55;62;0
03-11-2010 15:56;360;0
03-11-2010 15:57;624;0
03-11-2010 15:58;14;0
03-11-2010 15:59;62;0
03-11-2010 16:00;76;0
03-11-2010 16:01;62;0
03-11-2010 16:02;3;0
03-11-2010 16:03;131;0
03-11-2010 16:04;69;0
03-11-2010 16:05;168;0
03-11-2010 16:06;336;0
03-11-2010 16:07;100;0
03-11-2010 16:08;90;0
03-11-2010 16:09;48;0
03-11-2010 16:10;100;0
03-11-2010 16:11;50;0
03-11-2010 16:12;336;0
03-11-2010 16:13;0;0
03-11-2010 16:14;55;0
03-11-2010 16:15;83;0
03-11-2010 16:16;73;0
03-11-2010 16:17;152;0
03-11-2010 16:18;175;0
03-11-2010 16:19;12;0
03-11-2010 16:20;0;0
03-11-2010 16:21;21;0
03-11-2010 16:22;42;0
03-11-2010 16:23;36;0
03-11-2010 16:24;50;0
03-11-2010 16:25;76;0
03-11-2010 16:26;54;0
03-11-2010 16:27;80;0
03-11-2010 16:28;90;0
03-11-2010 16:29;5;0
03-11-2010 16:30;16;0
03-11-2010 16:31;157;0
03-11-2010 16:32;249;0
03-11-2010 16:33;336;0
03-11-2010 16:34;586;0
03-11-2010 16:35;758;0
03-11-2010 16:36;948;1
03-11-2010 16:37;1342;1
03-11-2010 16:38;567;0
03-11-2010 16:39;483;0
03-11-2010 16:40;605;0
03-11-2010 16:41;1430;1
03-11-2010 16:42;1621;1
03-11-2010 16:43;1221;1
03-11-2010 16:44;889;1
03-11-2010 16:45;979;1
03-11-2010 16:46;979;1
03-11-2010 16:47;834;0
03-11-2010 16:48;688;0
03-11-2010 16:49;567;0
03-11-2010 16:50;758;0
03-11-2010 16:51;979;1
03-11-2010 16:52;284;0
03-11-2010 16:53;1221;1
03-11-2010 16:54;325;0
03-11-2010 16:55;315;0
03-11-2010 16:56;515;0
03-11-2010 16:57;325;0
03-11-2010 16:58;782;0
03-11-2010 16:59;223;0
03-11-2010 17:00;808;0
03-11-2010 17:01;834;0
03-11-2010 17:02;451;0
03-11-2010 17:03;533;0
03-11-2010 17:04;533;0
03-11-2010 17:05;1043;1
03-11-2010 17:06;1110;1
03-11-2010 17:07;2020;1
03-11-2010 17:08;1221;1
03-11-2010 17:09;889;1
03-11-2010 17:10;688;0
03-11-2010 17:11;533;0
03-11-2010 17:12;1043;1
03-11-2010 17:13;1043;1
03-11-2010 17:14;1782;1
03-11-2010 17:15;1386;1
03-11-2010 17:16;2084;1
03-11-2010 17:17;1342;1
03-11-2010 17:18;1475;1
03-11-2010 17:19;1261;1
03-11-2010 17:20;567;0
03-11-2010 17:21;1571;1
03-11-2010 17:22;1221;1
03-11-2010 17:23;948;1
03-11-2010 17:24;666;0
03-11-2010 17:25;1221;1
03-11-2010 17:26;1898;1
03-11-2010 17:27;533;0
03-11-2010 17:28;733;0
03-11-2010 17:29;567;0
03-11-2010 17:30;66;0
03-11-2010 17:31;86;0
03-11-2010 17:32;284;0
03-11-2010 17:33;861;0
03-11-2010 17:34;645;0
03-11-2010 17:35;249;0
03-11-2010 17:36;83;0
03-11-2010 17:37;424;0
03-11-2010 17:38;175;0
03-11-2010 17:39;21;0
03-11-2010 17:40;467;0
03-11-2010 17:41;498;0
03-11-2010 17:42;189;0
03-11-2010 17:43;12;0
03-11-2010 17:44;195;0
03-11-2010 17:45;66;0
03-11-2010 17:46;22;0
03-11-2010 17:47;29;0
03-11-2010 17:48;48;0
03-11-2010 17:49;104;0
03-11-2010 17:50;17;0
03-11-2010 17:51;52;0
03-11-2010 17:52;52;0
03-11-2010 17:53;55;0
03-11-2010 17:54;29;0
03-11-2010 17:55;0;0
03-11-2010 17:56;12;0
03-11-2010 17:57;28;0
03-11-2010 17:58;0;0
03-11-2010 17:59;0;0
03-11-2010 18:00;0;0
03-11-2010 18:01;12;0
03-11-2010 18:02;0;0
03-11-2010 18:03;0;0
03-11-2010 18:04;0;0
03-11-2010 18:05;605;0
03-11-2010 18:06;567;0
03-11-2010 18:07;550;0
03-11-2010 18:08;147;0
03-11-2010 18:09;62;0
03-11-2010 18:10;131;0
03-11-2010 18:11;36;0
03-11-2010 18:12;90;0
03-11-2010 18:13;59;0
03-11-2010 18:14;424;0
03-11-2010 18:15;360;0
03-11-2010 18:16;948;1
03-11-2010 18:17;69;0
03-11-2010 18:18;0;0
03-11-2010 18:19;0;0
03-11-2010 18:20;0;0
03-11-2010 18:21;0;0
03-11-2010 18:22;0;0
03-11-2010 18:23;0;0
03-11-2010 18:24;0;0
03-11-2010 18:25;0;0
03-11-2010 18:26;66;0
03-11-2010 18:27;3;0
03-11-2010 18:28;0;0
03-11-2010 18:29;0;0
03-11-2010 18:30;0;0
03-11-2010 18:31;0;0
03-11-2010 18:32;0;0
03-11-2010 18:33;0;0
03-11-2010 18:34;0;0
03-11-2010 18:35;0;0
03-11-2010 18:36;0;0
03-11-2010 18:37;396;0
03-11-2010 18:38;372;0
03-11-2010 18:39;624;0
03-11-2010 18:40;451;0
03-11-2010 18:41;1261;1
03-11-2010 18:42;567;0
03-11-2010 18:43;50;0
03-11-2010 18:44;69;0
03-11-2010 18:45;116;0
03-11-2010 18:46;0;0
03-11-2010 18:47;0;0
03-11-2010 18:48;19;0
03-11-2010 18:49;0;0
03-11-2010 18:50;28;0
03-11-2010 18:51;0;0
03-11-2010 18:52;0;0
03-11-2010 18:53;31;0
03-11-2010 18:54;0;0
03-11-2010 18:55;209;0
03-11-2010 18:56;315;0
03-11-2010 18:57;372;0
03-11-2010 18:58;304;0
03-11-2010 18:59;249;0
03-11-2010 19:00;384;0
03-11-2010 19:01;294;0
03-11-2010 19:02;384;0
03-11-2010 19:03;315;0
03-11-2010 19:04;223;0
03-11-2010 19:05;142;0
03-11-2010 19:06;325;0
03-11-2010 19:07;624;0
03-11-2010 19:08;294;0
03-11-2010 19:09;59;0
03-11-2010 19:10;10;0
03-11-2010 19:11;19;0
03-11-2010 19:12;0;0
03-11-2010 19:13;3;0
03-11-2010 19:14;33;0
03-11-2010 19:15;0;0
03-11-2010 19:16;0;0
03-11-2010 19:17;163;0
03-11-2010 19:18;111;0
03-11-2010 19:19;97;0
03-11-2010 19:20;107;0
03-11-2010 19:21;142;0
03-11-2010 19:22;142;0
03-11-2010 19:23;131;0
03-11-2010 19:24;304;0
03-11-2010 19:25;137;0
03-11-2010 19:26;0;0
03-11-2010 19:27;42;0
03-11-2010 19:28;26;0
03-11-2010 19:29;12;0
03-11-2010 19:30;16;0
03-11-2010 19:31;29;0
03-11-2010 19:32;29;0
03-11-2010 19:33;3;0
03-11-2010 19:34;0;0
03-11-2010 19:35;3;0
03-11-2010 19:36;0;0
03-11-2010 19:37;5;0
03-11-2010 19:38;21;0
03-11-2010 19:39;36;0
03-11-2010 19:40;0;0
03-11-2010 19:41;0;0
03-11-2010 19:42;0;0
03-11-2010 19:43;0;0
03-11-2010 19:44;0;0
03-11-2010 19:45;5;0
03-11-2010 19:46;336;0
03-11-2010 19:47;325;0
03-11-2010 19:48;182;0
03-11-2010 19:49;9;0
03-11-2010 19:50;21;0
03-11-2010 19:51;0;0
03-11-2010 19:52;17;0
03-11-2010 19:53;19;0
03-11-2010 19:54;0;0
03-11-2010 19:55;16;0
03-11-2010 19:56;0;0
03-11-2010 19:57;315;0
03-11-2010 19:58;48;0
03-11-2010 19:59;9;0
03-11-2010 20:00;0;0
03-11-2010 20:01;33;0
03-11-2010 20:02;688;0
03-11-2010 20:03;410;0
03-11-2010 20:04;304;0
03-11-2010 20:05;605;0
03-11-2010 20:06;384;0
03-11-2010 20:07;121;0
03-11-2010 20:08;266;0
03-11-2010 20:09;126;0
03-11-2010 20:10;0;0
03-11-2010 20:11;3;0
03-11-2010 20:12;0;0
03-11-2010 20:13;24;0
03-11-2010 20:14;21;0
03-11-2010 20:15;0;0
03-11-2010 20:16;0;0
03-11-2010 20:17;52;0
03-11-2010 20:18;116;0
03-11-2010 20:19;126;0
03-11-2010 20:20;275;0
03-11-2010 20:21;294;0
03-11-2010 20:22;861;0
03-11-2010 20:23;93;0
03-11-2010 20:24;14;0
03-11-2010 20:25;69;0
03-11-2010 20:26;142;0
03-11-2010 20:27;0;0
03-11-2010 20:28;31;0
03-11-2010 20:29;0;0
03-11-2010 20:30;40;0
03-11-2010 20:31;0;0
03-11-2010 20:32;0;0
03-11-2010 20:33;19;0
03-11-2010 20:34;0;0
03-11-2010 20:35;223;0
03-11-2010 20:36;360;0
03-11-2010 20:37;666;0
03-11-2010 20:38;515;0
03-11-2010 20:39;586;0
03-11-2010 20:40;348;0
03-11-2010 20:41;66;0
03-11-2010 20:42;21;0
03-11-2010 20:43;396;0
03-11-2010 20:44;40;0
03-11-2010 20:45;111;0
03-11-2010 20:46;152;0
03-11-2010 20:47;116;0
03-11-2010 20:48;76;0
03-11-2010 20:49;249;0
03-11-2010 20:50;216;0
03-11-2010 20:51;0;0
03-11-2010 20:52;52;0
03-11-2010 20:53;17;0
03-11-2010 20:54;36;0
03-11-2010 20:55;0;0
03-11-2010 20:56;48;0
03-11-2010 20:57;336;0
03-11-2010 20:58;467;0
03-11-2010 20:59;315;0
03-11-2010 21:00;249;0
03-11-2010 21:01;16;0
03-11-2010 21:02;62;0
03-11-2010 21:03;304;0
03-11-2010 21:04;266;0
03-11-2010 21:05;1076;1
03-11-2010 21:06;325;0
03-11-2010 21:07;424;0
03-11-2010 21:08;266;0
03-11-2010 21:09;275;0
03-11-2010 21:10;438;0
03-11-2010 21:11;232;0
03-11-2010 21:12;0;0
03-11-2010 21:13;294;0
03-11-2010 21:14;240;0
03-11-2010 21:15;209;0
03-11-2010 21:16;223;0
03-11-2010 21:17;163;0
03-11-2010 21:18;93;0
03-11-2010 21:19;83;0
03-11-2010 21:20;3;0
03-11-2010 21:21;137;0
03-11-2010 21:22;0;0
03-11-2010 21:23;0;0
03-11-2010 21:24;0;0
03-11-2010 21:25;31;0
03-11-2010 21:26;152;0
03-11-2010 21:27;90;0
03-11-2010 21:28;348;0
03-11-2010 21:29;325;0
03-11-2010 21:30;0;0
03-11-2010 21:31;33;0
03-11-2010 21:32;17;0
03-11-2010 21:33;19;0
03-11-2010 21:34;0;0
03-11-2010 21:35;93;0
03-11-2010 21:36;688;0
03-11-2010 21:37;624;0
03-11-2010 21:38;424;0
03-11-2010 21:39;202;0
03-11-2010 21:40;266;0
03-11-2010 21:41;223;0
03-11-2010 21:42;66;0
03-11-2010 21:43;43;0
03-11-2010 21:44;0;0
03-11-2010 21:45;59;0
03-11-2010 21:46;216;0
03-11-2010 21:47;336;0
03-11-2010 21:48;142;0
03-11-2010 21:49;3;0
03-11-2010 21:50;0;0
03-11-2010 21:51;0;0
03-11-2010 21:52;284;0
03-11-2010 21:53;605;0
03-11-2010 21:54;157;0
03-11-2010 21:55;182;0
03-11-2010 21:56;336;0
03-11-2010 21:57;348;0
03-11-2010 21:58;202;0
03-11-2010 21:59;126;0
03-11-2010 22:00;121;0
03-11-2010 22:01;258;0
03-11-2010 22:02;550;0
03-11-2010 22:03;35;0
03-11-2010 22:04;47;0
03-11-2010 22:05;733;0
03-11-2010 22:06;550;0
03-11-2010 22:07;104;0
03-11-2010 22:08;0;0
03-11-2010 22:09;80;0
03-11-2010 22:10;55;0
03-11-2010 22:11;5;0
03-11-2010 22:12;116;0
03-11-2010 22:13;55;0
03-11-2010 22:14;7;0
03-11-2010 22:15;5;0
03-11-2010 22:16;0;0
03-11-2010 22:17;10;0
03-11-2010 22:18;69;0
03-11-2010 22:19;0;0
03-11-2010 22:20;104;0
03-11-2010 22:21;157;0
03-11-2010 22:22;0;0
03-11-2010 22:23;107;0
03-11-2010 22:24;175;0
03-11-2010 22:25;147;0
03-11-2010 22:26;3;0
03-11-2010 22:27;62;0
03-11-2010 22:28;0;0
03-11-2010 22:29;0;0
03-11-2010 22:30;249;0
03-11-2010 22:31;711;0
03-11-2010 22:32;360;0
03-11-2010 22:33;336;0
03-11-2010 22:34;232;0
03-11-2010 22:35;348;0
03-11-2010 22:36;424;0
03-11-2010 22:37;586;0
03-11-2010 22:38;73;0
03-11-2010 22:39;348;0
03-11-2010 22:40;304;0
03-11-2010 22:41;202;0
03-11-2010 22:42;451;0
03-11-2010 22:43;1475;1
03-11-2010 22:44;1010;1
03-11-2010 22:45;688;0
03-11-2010 22:46;1261;1
03-11-2010 22:47;116;0
03-11-2010 22:48;111;0
03-11-2010 22:49;0;0
03-11-2010 22:50;69;0
03-11-2010 22:51;0;0
03-11-2010 22:52;43;0
03-11-2010 22:53;116;0
03-11-2010 22:54;0;0
03-11-2010 22:55;0;0
03-11-2010 22:56;0;0
03-11-2010 22:57;3;0
03-11-2010 22:58;0;0
03-11-2010 22:59;0;0
03-11-2010 23:00;3;0
03-11-2010 23:01;19;0
03-11-2010 23:02;0;0
03-11-2010 23:03;19;0
03-11-2010 23:04;0;0
03-11-2010 23:05;5;0
03-11-2010 23:06;0;0
03-11-2010 23:07;0;0
03-11-2010 23:08;19;0
03-11-2010 23:09;73;0
03-11-2010 23:10;76;0
03-11-2010 23:11;249;0
03-11-2010 23:12;157;0
03-11-2010 23:13;19;0
03-11-2010 23:14;12;0
03-11-2010 23:15;0;0
03-11-2010 23:16;0;0
03-11-2010 23:17;0;0
03-11-2010 23:18;24;0
03-11-2010 23:19;0;0
03-11-2010 23:20;0;0
03-11-2010 23:21;0;0
03-11-2010 23:22;28;0
03-11-2010 23:23;42;0
03-11-2010 23:24;0;0
03-11-2010 23:25;0;0
03-11-2010 23:26;0;0
03-11-2010 23:27;0;0
03-11-2010 23:28;0;0
03-11-2010 23:29;0;0
03-11-2010 23:30;0;0
03-11-2010 23:31;0;0
03-11-2010 23:32;0;0
03-11-2010 23:33;0;0
03-11-2010 23:34;0;0
03-11-2010 23:35;0;0
03-11-2010 23:36;0;0
03-11-2010 23:37;0;0
03-11-2010 23:38;0;0
03-11-2010 23:39;0;0
03-11-2010 23:40;0;0
03-11-2010 23:41;0;0
03-11-2010 23:42;0;0
03-11-2010 23:43;0;0
03-11-2010 23:44;0;0
03-11-2010 23:45;157;0
03-11-2010 23:46;550;0
03-11-2010 23:47;451;0
03-11-2010 23:48;107;0
03-11-2010 23:49;3;0
03-11-2010 23:50;5;0
03-11-2010 23:51;0;0
03-11-2010 23:52;62;0
03-11-2010 23:53;0;0
03-11-2010 23:54;0;0
03-11-2010 23:55;0;0
03-11-2010 23:56;43;0
03-11-2010 23:57;33;0
03-11-2010 23:58;0;0
03-11-2010 23:59;50;0
03-12-2010 00:00;0;0
03-12-2010 00:01;28;0
03-12-2010 00:02;0;0
03-12-2010 00:03;0;0
03-12-2010 00:04;0;0
03-12-2010 00:05;0;0
03-12-2010 00:06;0;0
03-12-2010 00:07;19;0
03-12-2010 00:08;0;0
03-12-2010 00:09;0;0
03-12-2010 00:10;0;0
03-12-2010 00:11;0;0
03-12-2010 00:12;0;0
03-12-2010 00:13;0;0
03-12-2010 00:14;0;0
03-12-2010 00:15;0;0
03-12-2010 00:16;0;0
03-12-2010 00:17;45;0
03-12-2010 00:18;0;0
03-12-2010 00:19;0;0
03-12-2010 00:20;0;0
03-12-2010 00:21;93;0
03-12-2010 00:22;0;0
03-12-2010 00:23;0;0
03-12-2010 00:24;0;0
03-12-2010 00:25;26;0
03-12-2010 00:26;29;0
03-12-2010 00:27;0;0
03-12-2010 00:28;0;0
03-12-2010 00:29;0;0
03-12-2010 00:30;0;0
03-12-2010 00:31;0;0
03-12-2010 00:32;0;0
03-12-2010 00:33;0;0
03-12-2010 00:34;0;0
03-12-2010 00:35;0;0
03-12-2010 00:36;0;0
03-12-2010 00:37;0;0
03-12-2010 00:38;0;0
03-12-2010 00:39;10;0
03-12-2010 00:40;35;0
03-12-2010 00:41;0;0
03-12-2010 00:42;0;0
03-12-2010 00:43;0;0
03-12-2010 00:44;0;0
03-12-2010 00:45;0;0
03-12-2010 00:46;0;0
03-12-2010 00:47;0;0
03-12-2010 00:48;0;0
03-12-2010 00:49;0;0
03-12-2010 00:50;0;0
03-12-2010 00:51;0;0
03-12-2010 00:52;0;0
03-12-2010 00:53;0;0
03-12-2010 00:54;0;0
03-12-2010 00:55;26;0
03-12-2010 00:56;0;0
03-12-2010 00:57;0;0
03-12-2010 00:58;42;0
03-12-2010 00:59;0;0
03-12-2010 01:00;0;0
03-12-2010 01:01;0;0
03-12-2010 01:02;0;0
03-12-2010 01:03;0;0
03-12-2010 01:04;0;0
03-12-2010 01:05;0;0
03-12-2010 01:06;0;0
03-12-2010 01:07;0;0
03-12-2010 01:08;0;0
03-12-2010 01:09;0;0
03-12-2010 01:10;0;0
03-12-2010 01:11;42;0
03-12-2010 01:12;0;0
03-12-2010 01:13;5;0
03-12-2010 01:14;0;0
03-12-2010 01:15;0;0
03-12-2010 01:16;0;0
03-12-2010 01:17;0;0
03-12-2010 01:18;0;0
03-12-2010 01:19;36;0
03-12-2010 01:20;0;0
03-12-2010 01:21;0;0
03-12-2010 01:22;0;0
03-12-2010 01:23;0;0
03-12-2010 01:24;14;0
03-12-2010 01:25;240;0
03-12-2010 01:26;360;0
03-12-2010 01:27;624;0
03-12-2010 01:28;43;0
03-12-2010 01:29;17;0
03-12-2010 01:30;3;0
03-12-2010 01:31;24;0
03-12-2010 01:32;93;0
03-12-2010 01:33;0;0
03-12-2010 01:34;0;0
03-12-2010 01:35;0;0
03-12-2010 01:36;0;0
03-12-2010 01:37;0;0
03-12-2010 01:38;0;0
03-12-2010 01:39;0;0
03-12-2010 01:40;0;0
03-12-2010 01:41;0;0
03-12-2010 01:42;0;0
03-12-2010 01:43;0;0
03-12-2010 01:44;0;0
03-12-2010 01:45;0;0
03-12-2010 01:46;0;0
03-12-2010 01:47;0;0
03-12-2010 01:48;0;0
03-12-2010 01:49;0;0
03-12-2010 01:50;0;0
03-12-2010 01:51;0;0
03-12-2010 01:52;0;0
03-12-2010 01:53;0;0
03-12-2010 01:54;0;0
03-12-2010 01:55;0;0
03-12-2010 01:56;0;0
03-12-2010 01:57;0;0
03-12-2010 01:58;0;0
03-12-2010 01:59;0;0
03-12-2010 02:00;0;0
03-12-2010 02:01;0;0
03-12-2010 02:02;0;0
03-12-2010 02:03;107;0
03-12-2010 02:04;0;0
03-12-2010 02:05;0;0
03-12-2010 02:06;0;0
03-12-2010 02:07;0;0
03-12-2010 02:08;0;0
03-12-2010 02:09;0;0
03-12-2010 02:10;0;0
03-12-2010 02:11;0;0
03-12-2010 02:12;0;0
03-12-2010 02:13;76;0
03-12-2010 02:14;0;0
03-12-2010 02:15;0;0
03-12-2010 02:16;0;0
03-12-2010 02:17;0;0
03-12-2010 02:18;0;0
03-12-2010 02:19;0;0
03-12-2010 02:20;0;0
03-12-2010 02:21;0;0
03-12-2010 02:22;0;0
03-12-2010 02:23;0;0
03-12-2010 02:24;0;0
03-12-2010 02:25;0;0
03-12-2010 02:26;97;0
03-12-2010 02:27;0;0
03-12-2010 02:28;157;0
03-12-2010 02:29;116;0
03-12-2010 02:30;24;0
03-12-2010 02:31;0;0
03-12-2010 02:32;0;0
03-12-2010 02:33;0;0
03-12-2010 02:34;0;0
03-12-2010 02:35;0;0
03-12-2010 02:36;0;0
03-12-2010 02:37;0;0
03-12-2010 02:38;0;0
03-12-2010 02:39;0;0
03-12-2010 02:40;0;0
03-12-2010 02:41;0;0
03-12-2010 02:42;19;0
03-12-2010 02:43;0;0
03-12-2010 02:44;0;0
03-12-2010 02:45;0;0
03-12-2010 02:46;0;0
03-12-2010 02:47;0;0
03-12-2010 02:48;0;0
03-12-2010 02:49;0;0
03-12-2010 02:50;0;0
03-12-2010 02:51;0;0
03-12-2010 02:52;0;0
03-12-2010 02:53;0;0
03-12-2010 02:54;0;0
03-12-2010 02:55;0;0
03-12-2010 02:56;0;0
03-12-2010 02:57;0;0
03-12-2010 02:58;0;0
03-12-2010 02:59;0;0
03-12-2010 03:00;0;0
03-12-2010 03:01;0;0
03-12-2010 03:02;0;0
03-12-2010 03:03;0;0
03-12-2010 03:04;0;0
03-12-2010 03:05;0;0
03-12-2010 03:06;0;0
03-12-2010 03:07;0;0
03-12-2010 03:08;0;0
03-12-2010 03:09;0;0
03-12-2010 03:10;0;0
03-12-2010 03:11;0;0
03-12-2010 03:12;0;0
03-12-2010 03:13;0;0
03-12-2010 03:14;0;0
03-12-2010 03:15;0;0
03-12-2010 03:16;0;0
03-12-2010 03:17;0;0
03-12-2010 03:18;0;0
03-12-2010 03:19;0;0
03-12-2010 03:20;0;0
03-12-2010 03:21;5;0
03-12-2010 03:22;24;0
03-12-2010 03:23;0;0
03-12-2010 03:24;0;0
03-12-2010 03:25;0;0
03-12-2010 03:26;0;0
03-12-2010 03:27;0;0
03-12-2010 03:28;0;0
03-12-2010 03:29;0;0
03-12-2010 03:30;0;0
03-12-2010 03:31;9;0
03-12-2010 03:32;0;0
03-12-2010 03:33;0;0
03-12-2010 03:34;0;0
03-12-2010 03:35;36;0
03-12-2010 03:36;0;0
03-12-2010 03:37;0;0
03-12-2010 03:38;0;0
03-12-2010 03:39;0;0
03-12-2010 03:40;0;0
03-12-2010 03:41;0;0
03-12-2010 03:42;50;0
03-12-2010 03:43;104;0
03-12-2010 03:44;0;0
03-12-2010 03:45;21;0
03-12-2010 03:46;22;0
03-12-2010 03:47;0;0
03-12-2010 03:48;0;0
03-12-2010 03:49;0;0
03-12-2010 03:50;0;0
03-12-2010 03:51;0;0
03-12-2010 03:52;0;0
03-12-2010 03:53;0;0
03-12-2010 03:54;14;0
03-12-2010 03:55;0;0
03-12-2010 03:56;0;0
03-12-2010 03:57;0;0
03-12-2010 03:58;0;0
03-12-2010 03:59;0;0
03-12-2010 04:00;0;0
03-12-2010 04:01;0;0
03-12-2010 04:02;0;0
03-12-2010 04:03;0;0
03-12-2010 04:04;0;0
03-12-2010 04:05;0;0
03-12-2010 04:06;0;0
03-12-2010 04:07;0;0
03-12-2010 04:08;0;0
03-12-2010 04:09;0;0
03-12-2010 04:10;31;0
03-12-2010 04:11;0;0
03-12-2010 04:12;10;0
03-12-2010 04:13;0;0
03-12-2010 04:14;0;0
03-12-2010 04:15;0;0
03-12-2010 04:16;10;0
03-12-2010 04:17;59;0
03-12-2010 04:18;0;0
03-12-2010 04:19;0;0
03-12-2010 04:20;0;0
03-12-2010 04:21;0;0
03-12-2010 04:22;0;0
03-12-2010 04:23;0;0
03-12-2010 04:24;0;0
03-12-2010 04:25;0;0
03-12-2010 04:26;0;0
03-12-2010 04:27;0;0
03-12-2010 04:28;0;0
03-12-2010 04:29;0;0
03-12-2010 04:30;0;0
03-12-2010 04:31;0;0
03-12-2010 04:32;0;0
03-12-2010 04:33;0;0
03-12-2010 04:34;0;0
03-12-2010 04:35;0;0
03-12-2010 04:36;0;0
03-12-2010 04:37;0;0
03-12-2010 04:38;0;0
03-12-2010 04:39;0;0
03-12-2010 04:40;90;0
03-12-2010 04:41;83;0
03-12-2010 04:42;0;0
03-12-2010 04:43;0;0
03-12-2010 04:44;0;0
03-12-2010 04:45;0;0
03-12-2010 04:46;0;0
03-12-2010 04:47;0;0
03-12-2010 04:48;0;0
03-12-2010 04:49;0;0
03-12-2010 04:50;0;0
03-12-2010 04:51;0;0
03-12-2010 04:52;0;0
03-12-2010 04:53;22;0
03-12-2010 04:54;0;0
03-12-2010 04:55;0;0
03-12-2010 04:56;0;0
03-12-2010 04:57;0;0
03-12-2010 04:58;80;0
03-12-2010 04:59;0;0
03-12-2010 05:00;0;0
03-12-2010 05:01;0;0
03-12-2010 05:02;0;0
03-12-2010 05:03;0;0
03-12-2010 05:04;0;0
03-12-2010 05:05;0;0
03-12-2010 05:06;0;0
03-12-2010 05:07;0;0
03-12-2010 05:08;0;0
03-12-2010 05:09;10;0
03-12-2010 05:10;0;0
03-12-2010 05:11;0;0
03-12-2010 05:12;0;0
03-12-2010 05:13;45;0
03-12-2010 05:14;97;0
03-12-2010 05:15;0;0
03-12-2010 05:16;0;0
03-12-2010 05:17;0;0
03-12-2010 05:18;0;0
03-12-2010 05:19;0;0
03-12-2010 05:20;0;0
03-12-2010 05:21;0;0
03-12-2010 05:22;33;0
03-12-2010 05:23;0;0
03-12-2010 05:24;0;0
03-12-2010 05:25;0;0
03-12-2010 05:26;0;0
03-12-2010 05:27;0;0
03-12-2010 05:28;0;0
03-12-2010 05:29;0;0
03-12-2010 05:30;24;0
03-12-2010 05:31;0;0
03-12-2010 05:32;47;0
03-12-2010 05:33;0;0
03-12-2010 05:34;0;0
03-12-2010 05:35;0;0
03-12-2010 05:36;0;0
03-12-2010 05:37;0;0
03-12-2010 05:38;0;0
03-12-2010 05:39;0;0
03-12-2010 05:40;0;0
03-12-2010 05:41;0;0
03-12-2010 05:42;7;0
03-12-2010 05:43;59;0
03-12-2010 05:44;142;0
03-12-2010 05:45;93;0
03-12-2010 05:46;304;0
03-12-2010 05:47;294;0
03-12-2010 05:48;9;0
03-12-2010 05:49;0;0
03-12-2010 05:50;3;0
03-12-2010 05:51;0;0
03-12-2010 05:52;0;0
03-12-2010 05:53;0;0
03-12-2010 05:54;0;0
03-12-2010 05:55;0;0
03-12-2010 05:56;0;0
03-12-2010 05:57;0;0
03-12-2010 05:58;0;0
03-12-2010 05:59;0;0
03-12-2010 06:00;0;0
03-12-2010 06:01;0;0
03-12-2010 06:02;0;0
03-12-2010 06:03;3;0
03-12-2010 06:04;0;0
03-12-2010 06:05;0;0
03-12-2010 06:06;21;0
03-12-2010 06:07;0;0
03-12-2010 06:08;0;0
03-12-2010 06:09;0;0
03-12-2010 06:10;0;0
03-12-2010 06:11;0;0
03-12-2010 06:12;0;0
03-12-2010 06:13;0;0
03-12-2010 06:14;0;0
03-12-2010 06:15;0;0
03-12-2010 06:16;0;0
03-12-2010 06:17;0;0
03-12-2010 06:18;0;0
03-12-2010 06:19;93;0
03-12-2010 06:20;93;0
03-12-2010 06:21;66;0
03-12-2010 06:22;0;0
03-12-2010 06:23;21;0
03-12-2010 06:24;0;0
03-12-2010 06:25;62;0
03-12-2010 06:26;126;0
03-12-2010 06:27;889;1
03-12-2010 06:28;624;0
03-12-2010 06:29;782;0
03-12-2010 06:30;438;0
03-12-2010 06:31;0;0
03-12-2010 06:32;0;0
03-12-2010 06:33;0;0
03-12-2010 06:34;0;0
03-12-2010 06:35;0;0
03-12-2010 06:36;0;0
03-12-2010 06:37;0;0
03-12-2010 06:38;0;0
03-12-2010 06:39;0;0
03-12-2010 06:40;0;0
03-12-2010 06:41;0;0
03-12-2010 06:42;0;0
03-12-2010 06:43;0;0
03-12-2010 06:44;0;0
03-12-2010 06:45;396;0
03-12-2010 06:46;979;1
03-12-2010 06:47;918;1
03-12-2010 06:48;948;1
03-12-2010 06:49;1110;1
03-12-2010 06:50;424;0
03-12-2010 06:51;1183;1
03-12-2010 06:52;451;0
03-12-2010 06:53;1076;1
03-12-2010 06:54;336;0
03-12-2010 06:55;533;0
03-12-2010 06:56;688;0
03-12-2010 06:57;533;0
03-12-2010 06:58;688;0
03-12-2010 06:59;294;0
03-12-2010 07:00;59;0
03-12-2010 07:01;111;0
03-12-2010 07:02;73;0
03-12-2010 07:03;54;0
03-12-2010 07:04;258;0
03-12-2010 07:05;624;0
03-12-2010 07:06;348;0
03-12-2010 07:07;5;0
03-12-2010 07:08;111;0
03-12-2010 07:09;182;0
03-12-2010 07:10;249;0
03-12-2010 07:11;111;0
03-12-2010 07:12;10;0
03-12-2010 07:13;16;0
03-12-2010 07:14;126;0
03-12-2010 07:15;137;0
03-12-2010 07:16;116;0
03-12-2010 07:17;3;0
03-12-2010 07:18;10;0
03-12-2010 07:19;3;0
03-12-2010 07:20;645;0
03-12-2010 07:21;498;0
03-12-2010 07:22;1110;1
03-12-2010 07:23;1301;1
03-12-2010 07:24;586;0
03-12-2010 07:25;410;0
03-12-2010 07:26;624;0
03-12-2010 07:27;209;0
03-12-2010 07:28;66;0
03-12-2010 07:29;17;0
03-12-2010 07:30;711;0
03-12-2010 07:31;711;0
03-12-2010 07:32;1301;1
03-12-2010 07:33;918;1
03-12-2010 07:34;304;0
03-12-2010 07:35;498;0
03-12-2010 07:36;396;0
03-12-2010 07:37;467;0
03-12-2010 07:38;223;0
03-12-2010 07:39;107;0
03-12-2010 07:40;586;0
03-12-2010 07:41;1010;1
03-12-2010 07:42;567;0
03-12-2010 07:43;979;1
03-12-2010 07:44;567;0
03-12-2010 07:45;424;0
03-12-2010 07:46;43;0
03-12-2010 07:47;209;0
03-12-2010 07:48;258;0
03-12-2010 07:49;223;0
03-12-2010 07:50;142;0
03-12-2010 07:51;147;0
03-12-2010 07:52;189;0
03-12-2010 07:53;325;0
03-12-2010 07:54;304;0
03-12-2010 07:55;126;0
03-12-2010 07:56;126;0
03-12-2010 07:57;0;0
03-12-2010 07:58;266;0
03-12-2010 07:59;1076;1
03-12-2010 08:00;1147;1
03-12-2010 08:01;688;0
03-12-2010 08:02;605;0
03-12-2010 08:03;533;0
03-12-2010 08:04;266;0
03-12-2010 08:05;284;0
03-12-2010 08:06;157;0
03-12-2010 08:07;0;0
03-12-2010 08:08;0;0
03-12-2010 08:09;0;0
03-12-2010 08:10;142;0
03-12-2010 08:11;33;0
03-12-2010 08:12;59;0
03-12-2010 08:13;42;0
03-12-2010 08:14;104;0
03-12-2010 08:15;73;0
03-12-2010 08:16;90;0
03-12-2010 08:17;36;0
03-12-2010 08:18;116;0
03-12-2010 08:19;304;0
03-12-2010 08:20;336;0
03-12-2010 08:21;424;0
03-12-2010 08:22;498;0
03-12-2010 08:23;438;0
03-12-2010 08:24;586;0
03-12-2010 08:25;586;0
03-12-2010 08:26;249;0
03-12-2010 08:27;33;0
03-12-2010 08:28;131;0
03-12-2010 08:29;97;0
03-12-2010 08:30;189;0
03-12-2010 08:31;275;0
03-12-2010 08:32;93;0
03-12-2010 08:33;9;0
03-12-2010 08:34;33;0
03-12-2010 08:35;54;0
03-12-2010 08:36;38;0
03-12-2010 08:37;0;0
03-12-2010 08:38;38;0
03-12-2010 08:39;36;0
03-12-2010 08:40;54;0
03-12-2010 08:41;126;0
03-12-2010 08:42;107;0
03-12-2010 08:43;73;0
03-12-2010 08:44;42;0
03-12-2010 08:45;16;0
03-12-2010 08:46;157;0
03-12-2010 08:47;29;0
03-12-2010 08:48;223;0
03-12-2010 08:49;467;0
03-12-2010 08:50;175;0
03-12-2010 08:51;249;0
03-12-2010 08:52;223;0
03-12-2010 08:53;0;0
03-12-2010 08:54;3;0
03-12-2010 08:55;0;0
03-12-2010 08:56;0;0
03-12-2010 08:57;0;0
03-12-2010 08:58;0;0
03-12-2010 08:59;258;0
03-12-2010 09:00;111;0
03-12-2010 09:01;69;0
03-12-2010 09:02;116;0
03-12-2010 09:03;348;0
03-12-2010 09:04;121;0
03-12-2010 09:05;137;0
03-12-2010 09:06;116;0
03-12-2010 09:07;62;0
03-12-2010 09:08;137;0
03-12-2010 09:09;100;0
03-12-2010 09:10;168;0
03-12-2010 09:11;275;0
03-12-2010 09:12;258;0
03-12-2010 09:13;45;0
03-12-2010 09:14;5;0
03-12-2010 09:15;47;0
03-12-2010 09:16;45;0
03-12-2010 09:17;126;0
03-12-2010 09:18;22;0
03-12-2010 09:19;3;0
03-12-2010 09:20;19;0
03-12-2010 09:21;76;0
03-12-2010 09:22;168;0
03-12-2010 09:23;31;0
03-12-2010 09:24;163;0
03-12-2010 09:25;152;0
03-12-2010 09:26;14;0
03-12-2010 09:27;0;0
03-12-2010 09:28;0;0
03-12-2010 09:29;22;0
03-12-2010 09:30;0;0
03-12-2010 09:31;83;0
03-12-2010 09:32;5;0
03-12-2010 09:33;10;0
03-12-2010 09:34;26;0
03-12-2010 09:35;0;0
03-12-2010 09:36;42;0
03-12-2010 09:37;14;0
03-12-2010 09:38;0;0
03-12-2010 09:39;38;0
03-12-2010 09:40;107;0
03-12-2010 09:41;223;0
03-12-2010 09:42;86;0
03-12-2010 09:43;83;0
03-12-2010 09:44;66;0
03-12-2010 09:45;59;0
03-12-2010 09:46;202;0
03-12-2010 09:47;304;0
03-12-2010 09:48;19;0
03-12-2010 09:49;28;0
03-12-2010 09:50;83;0
03-12-2010 09:51;711;0
03-12-2010 09:52;189;0
03-12-2010 09:53;550;0
03-12-2010 09:54;1430;1
03-12-2010 09:55;266;0
03-12-2010 09:56;40;0
03-12-2010 09:57;12;0
03-12-2010 09:58;86;0
03-12-2010 09:59;26;0
03-12-2010 10:00;26;0
03-12-2010 10:01;0;0
03-12-2010 10:02;16;0
03-12-2010 10:03;22;0
03-12-2010 10:04;21;0
03-12-2010 10:05;38;0
03-12-2010 10:06;36;0
03-12-2010 10:07;76;0
03-12-2010 10:08;168;0
03-12-2010 10:09;142;0
03-12-2010 10:10;28;0
03-12-2010 10:11;42;0
03-12-2010 10:12;29;0
03-12-2010 10:13;29;0
03-12-2010 10:14;0;0
03-12-2010 10:15;69;0
03-12-2010 10:16;0;0
03-12-2010 10:17;0;0
03-12-2010 10:18;5;0
03-12-2010 10:19;304;0
03-12-2010 10:20;1076;1
03-12-2010 10:21;304;0
03-12-2010 10:22;533;0
03-12-2010 10:23;126;0
03-12-2010 10:24;189;0
03-12-2010 10:25;533;0
03-12-2010 10:26;711;0
03-12-2010 10:27;10;0
03-12-2010 10:28;3;0
03-12-2010 10:29;3;0
03-12-2010 10:30;14;0
03-12-2010 10:31;31;0
03-12-2010 10:32;104;0
03-12-2010 10:33;9;0
03-12-2010 10:34;0;0
03-12-2010 10:35;50;0
03-12-2010 10:36;10;0
03-12-2010 10:37;21;0
03-12-2010 10:38;22;0
03-12-2010 10:39;83;0
03-12-2010 10:40;111;0
03-12-2010 10:41;232;0
03-12-2010 10:42;195;0
03-12-2010 10:43;266;0
03-12-2010 10:44;240;0
03-12-2010 10:45;451;0
03-12-2010 10:46;9;0
03-12-2010 10:47;35;0
03-12-2010 10:48;100;0
03-12-2010 10:49;152;0
03-12-2010 10:50;12;0
03-12-2010 10:51;26;0
03-12-2010 10:52;19;0
03-12-2010 10:53;3;0
03-12-2010 10:54;22;0
03-12-2010 10:55;121;0
03-12-2010 10:56;66;0
03-12-2010 10:57;498;0
03-12-2010 10:58;483;0
03-12-2010 10:59;348;0
03-12-2010 11:00;86;0
03-12-2010 11:01;3;0
03-12-2010 11:02;90;0
03-12-2010 11:03;0;0
03-12-2010 11:04;0;0
03-12-2010 11:05;0;0
03-12-2010 11:06;5;0
03-12-2010 11:07;0;0
03-12-2010 11:08;69;0
03-12-2010 11:09;0;0
03-12-2010 11:10;0;0
03-12-2010 11:11;0;0
03-12-2010 11:12;40;0
03-12-2010 11:13;26;0
03-12-2010 11:14;0;0
03-12-2010 11:15;0;0
03-12-2010 11:16;0;0
03-12-2010 11:17;0;0
03-12-2010 11:18;52;0
03-12-2010 11:19;16;0
03-12-2010 11:20;0;0
03-12-2010 11:21;0;0
03-12-2010 11:22;42;0
03-12-2010 11:23;0;0
03-12-2010 11:24;315;0
03-12-2010 11:25;1043;1
03-12-2010 11:26;979;1
03-12-2010 11:27;73;0
03-12-2010 11:28;0;0
03-12-2010 11:29;249;0
03-12-2010 11:30;137;0
03-12-2010 11:31;16;0
03-12-2010 11:32;249;0
03-12-2010 11:33;232;0
03-12-2010 11:34;147;0
03-12-2010 11:35;111;0
03-12-2010 11:36;467;0
03-12-2010 11:37;28;0
03-12-2010 11:38;372;0
03-12-2010 11:39;550;0
03-12-2010 11:40;645;0
03-12-2010 11:41;410;0
03-12-2010 11:42;258;0
03-12-2010 11:43;275;0
03-12-2010 11:44;372;0
03-12-2010 11:45;372;0
03-12-2010 11:46;249;0
03-12-2010 11:47;249;0
03-12-2010 11:48;223;0
03-12-2010 11:49;304;0
03-12-2010 11:50;182;0
03-12-2010 11:51;104;0
03-12-2010 11:52;240;0
03-12-2010 11:53;116;0
03-12-2010 11:54;43;0
03-12-2010 11:55;111;0
03-12-2010 11:56;202;0
03-12-2010 11:57;223;0
03-12-2010 11:58;80;0
03-12-2010 11:59;62;0
03-12-2010 12:00;42;0
03-12-2010 12:01;40;0
03-12-2010 12:02;42;0
03-12-2010 12:03;3;0
03-12-2010 12:04;3;0
03-12-2010 12:05;29;0
03-12-2010 12:06;232;0
03-12-2010 12:07;515;0
03-12-2010 12:08;567;0
03-12-2010 12:09;209;0
03-12-2010 12:10;28;0
03-12-2010 12:11;0;0
03-12-2010 12:12;0;0
03-12-2010 12:13;126;0
03-12-2010 12:14;325;0
03-12-2010 12:15;28;0
03-12-2010 12:16;28;0
03-12-2010 12:17;52;0
03-12-2010 12:18;0;0
03-12-2010 12:19;24;0
03-12-2010 12:20;533;0
03-12-2010 12:21;0;0
03-12-2010 12:22;688;0
03-12-2010 12:23;586;0
03-12-2010 12:24;782;0
03-12-2010 12:25;586;0
03-12-2010 12:26;515;0
03-12-2010 12:27;116;0
03-12-2010 12:28;62;0
03-12-2010 12:29;202;0
03-12-2010 12:30;605;0
03-12-2010 12:31;438;0
03-12-2010 12:32;467;0
03-12-2010 12:33;688;0
03-12-2010 12:34;782;0
03-12-2010 12:35;137;0
03-12-2010 12:36;52;0
03-12-2010 12:37;0;0
03-12-2010 12:38;21;0
03-12-2010 12:39;258;0
03-12-2010 12:40;163;0
03-12-2010 12:41;0;0
03-12-2010 12:42;240;0
03-12-2010 12:43;28;0
03-12-2010 12:44;0;0
03-12-2010 12:45;3;0
03-12-2010 12:46;0;0
03-12-2010 12:47;0;0
03-12-2010 12:48;107;0
03-12-2010 12:49;0;0
03-12-2010 12:50;0;0
03-12-2010 12:51;0;0
03-12-2010 12:52;9;0
03-12-2010 12:53;175;0
03-12-2010 12:54;52;0
03-12-2010 12:55;86;0
03-12-2010 12:56;7;0
03-12-2010 12:57;0;0
03-12-2010 12:58;42;0
03-12-2010 12:59;10;0
03-12-2010 13:00;0;0
03-12-2010 13:01;0;0
03-12-2010 13:02;19;0
03-12-2010 13:03;0;0
03-12-2010 13:04;3;0
03-12-2010 13:05;0;0
03-12-2010 13:06;0;0
03-12-2010 13:07;17;0
03-12-2010 13:08;24;0
03-12-2010 13:09;0;0
03-12-2010 13:10;0;0
03-12-2010 13:11;0;0
03-12-2010 13:12;0;0
03-12-2010 13:13;0;0
03-12-2010 13:14;0;0
03-12-2010 13:15;157;0
03-12-2010 13:16;55;0
03-12-2010 13:17;104;0
03-12-2010 13:18;111;0
03-12-2010 13:19;9;0
03-12-2010 13:20;35;0
03-12-2010 13:21;90;0
03-12-2010 13:22;10;0
03-12-2010 13:23;0;0
03-12-2010 13:24;14;0
03-12-2010 13:25;55;0
03-12-2010 13:26;55;0
03-12-2010 13:27;22;0
03-12-2010 13:28;17;0
03-12-2010 13:29;40;0
03-12-2010 13:30;80;0
03-12-2010 13:31;38;0
03-12-2010 13:32;33;0
03-12-2010 13:33;35;0
03-12-2010 13:34;0;0
03-12-2010 13:35;80;0
03-12-2010 13:36;54;0
03-12-2010 13:37;121;0
03-12-2010 13:38;26;0
03-12-2010 13:39;66;0
03-12-2010 13:40;22;0
03-12-2010 13:41;16;0
03-12-2010 13:42;54;0
03-12-2010 13:43;52;0
03-12-2010 13:44;24;0
03-12-2010 13:45;0;0
03-12-2010 13:46;182;0
03-12-2010 13:47;62;0
03-12-2010 13:48;100;0
03-12-2010 13:49;360;0
03-12-2010 13:50;688;0
03-12-2010 13:51;586;0
03-12-2010 13:52;605;0
03-12-2010 13:53;396;0
03-12-2010 13:54;126;0
03-12-2010 13:55;223;0
03-12-2010 13:56;152;0
03-12-2010 13:57;438;0
03-12-2010 13:58;223;0
03-12-2010 13:59;189;0
03-12-2010 14:00;0;0
03-12-2010 14:01;0;0
03-12-2010 14:02;0;0
03-12-2010 14:03;175;0
03-12-2010 14:04;97;0
03-12-2010 14:05;12;0
03-12-2010 14:06;16;0
03-12-2010 14:07;152;0
03-12-2010 14:08;348;0
03-12-2010 14:09;232;0
03-12-2010 14:10;304;0
03-12-2010 14:11;424;0
03-12-2010 14:12;0;0
03-12-2010 14:13;0;0
03-12-2010 14:14;0;0
03-12-2010 14:15;0;0
03-12-2010 14:16;0;0
03-12-2010 14:17;0;0
03-12-2010 14:18;372;0
03-12-2010 14:19;948;1
03-12-2010 14:20;918;1
03-12-2010 14:21;948;1
03-12-2010 14:22;688;0
03-12-2010 14:23;147;0
03-12-2010 14:24;100;0
03-12-2010 14:25;467;0
03-12-2010 14:26;498;0
03-12-2010 14:27;59;0
03-12-2010 14:28;0;0
03-12-2010 14:29;29;0
03-12-2010 14:30;9;0
03-12-2010 14:31;40;0
03-12-2010 14:32;14;0
03-12-2010 14:33;3;0
03-12-2010 14:34;73;0
03-12-2010 14:35;55;0
03-12-2010 14:36;9;0
03-12-2010 14:37;0;0
03-12-2010 14:38;12;0
03-12-2010 14:39;0;0
03-12-2010 14:40;0;0
03-12-2010 14:41;0;0
03-12-2010 14:42;21;0
03-12-2010 14:43;0;0
03-12-2010 14:44;3;0
03-12-2010 14:45;0;0
03-12-2010 14:46;0;0
03-12-2010 14:47;0;0
03-12-2010 14:48;24;0
03-12-2010 14:49;5;0
03-12-2010 14:50;0;0
03-12-2010 14:51;0;0
03-12-2010 14:52;28;0
03-12-2010 14:53;3;0
03-12-2010 14:54;0;0
03-12-2010 14:55;0;0
03-12-2010 14:56;258;0
03-12-2010 14:57;10;0
03-12-2010 14:58;3;0
03-12-2010 14:59;45;0
03-12-2010 15:00;0;0
03-12-2010 15:01;0;0
03-12-2010 15:02;0;0
03-12-2010 15:03;0;0
03-12-2010 15:04;0;0
03-12-2010 15:05;93;0
03-12-2010 15:06;116;0
03-12-2010 15:07;0;0
03-12-2010 15:08;14;0
03-12-2010 15:09;14;0
03-12-2010 15:10;0;0
03-12-2010 15:11;0;0
03-12-2010 15:12;0;0
03-12-2010 15:13;0;0
03-12-2010 15:14;0;0
03-12-2010 15:15;0;0
03-12-2010 15:16;0;0
03-12-2010 15:17;0;0
03-12-2010 15:18;0;0
03-12-2010 15:19;275;0
03-12-2010 15:20;758;0
03-12-2010 15:21;410;0
03-12-2010 15:22;384;0
03-12-2010 15:23;240;0
03-12-2010 15:24;258;0
03-12-2010 15:25;275;0
03-12-2010 15:26;249;0
03-12-2010 15:27;294;0
03-12-2010 15:28;126;0
03-12-2010 15:29;14;0
03-12-2010 15:30;55;0
03-12-2010 15:31;62;0
03-12-2010 15:32;131;0
03-12-2010 15:33;83;0
03-12-2010 15:34;38;0
03-12-2010 15:35;83;0
03-12-2010 15:36;3;0
03-12-2010 15:37;3;0
03-12-2010 15:38;0;0
03-12-2010 15:39;40;0
03-12-2010 15:40;76;0
03-12-2010 15:41;121;0
03-12-2010 15:42;19;0
03-12-2010 15:43;3;0
03-12-2010 15:44;410;0
03-12-2010 15:45;275;0
03-12-2010 15:46;142;0
03-12-2010 15:47;189;0
03-12-2010 15:48;666;0
03-12-2010 15:49;107;0
03-12-2010 15:50;14;0
03-12-2010 15:51;3;0
03-12-2010 15:52;29;0
03-12-2010 15:53;304;0
03-12-2010 15:54;5;0
03-12-2010 15:55;137;0
03-12-2010 15:56;275;0
03-12-2010 15:57;29;0
03-12-2010 15:58;104;0
03-12-2010 15:59;47;0
03-12-2010 16:00;372;0
03-12-2010 16:01;202;0
03-12-2010 16:02;758;0
03-12-2010 16:03;424;0
03-12-2010 16:04;782;0
03-12-2010 16:05;861;0
03-12-2010 16:06;782;0
03-12-2010 16:07;360;0
03-12-2010 16:08;275;0
03-12-2010 16:09;168;0
03-12-2010 16:10;76;0
03-12-2010 16:11;175;0
03-12-2010 16:12;216;0
03-12-2010 16:13;93;0
03-12-2010 16:14;157;0
03-12-2010 16:15;73;0
03-12-2010 16:16;223;0
03-12-2010 16:17;131;0
03-12-2010 16:18;182;0
03-12-2010 16:19;918;1
03-12-2010 16:20;1430;1
03-12-2010 16:21;782;0
03-12-2010 16:22;645;0
03-12-2010 16:23;1183;1
03-12-2010 16:24;758;0
03-12-2010 16:25;889;1
03-12-2010 16:26;666;0
03-12-2010 16:27;515;0
03-12-2010 16:28;782;0
03-12-2010 16:29;918;1
03-12-2010 16:30;889;1
03-12-2010 16:31;1010;1
03-12-2010 16:32;1673;1
03-12-2010 16:33;1386;1
03-12-2010 16:34;1010;1
03-12-2010 16:35;467;0
03-12-2010 16:36;498;0
03-12-2010 16:37;1110;1
03-12-2010 16:38;711;0
03-12-2010 16:39;1110;1
03-12-2010 16:40;1010;1
03-12-2010 16:41;782;0
03-12-2010 16:42;948;1
03-12-2010 16:43;979;1
03-12-2010 16:44;605;0
03-12-2010 16:45;567;0
03-12-2010 16:46;889;1
03-12-2010 16:47;918;1
03-12-2010 16:48;483;0
03-12-2010 16:49;515;0
03-12-2010 16:50;605;0
03-12-2010 16:51;834;0
03-12-2010 16:52;666;0
03-12-2010 16:53;1261;1
03-12-2010 16:54;758;0
03-12-2010 16:55;758;0
03-12-2010 16:56;861;0
03-12-2010 16:57;979;1
03-12-2010 16:58;1110;1
03-12-2010 16:59;889;1
03-12-2010 17:00;688;0
03-12-2010 17:01;624;0
03-12-2010 17:02;410;0
03-12-2010 17:03;384;0
03-12-2010 17:04;1110;1
03-12-2010 17:05;834;0
03-12-2010 17:06;384;0
03-12-2010 17:07;515;0
03-12-2010 17:08;889;1
03-12-2010 17:09;567;0
03-12-2010 17:10;666;0
03-12-2010 17:11;605;0
03-12-2010 17:12;483;0
03-12-2010 17:13;360;0
03-12-2010 17:14;384;0
03-12-2010 17:15;315;0
03-12-2010 17:16;438;0
03-12-2010 17:17;550;0
03-12-2010 17:18;666;0
03-12-2010 17:19;733;0
03-12-2010 17:20;467;0
03-12-2010 17:21;586;0
03-12-2010 17:22;861;0
03-12-2010 17:23;624;0
03-12-2010 17:24;624;0
03-12-2010 17:25;586;0
03-12-2010 17:26;782;0
03-12-2010 17:27;918;1
03-12-2010 17:28;147;0
03-12-2010 17:29;645;0
03-12-2010 17:30;758;0
03-12-2010 17:31;515;0
03-12-2010 17:32;116;0
03-12-2010 17:33;147;0
03-12-2010 17:34;483;0
03-12-2010 17:35;586;0
03-12-2010 17:36;666;0
03-12-2010 17:37;889;1
03-12-2010 17:38;733;0
03-12-2010 17:39;624;0
03-12-2010 17:40;360;0
03-12-2010 17:41;182;0
03-12-2010 17:42;116;0
03-12-2010 17:43;216;0
03-12-2010 17:44;396;0
03-12-2010 17:45;232;0
03-12-2010 17:46;121;0
03-12-2010 17:47;384;0
03-12-2010 17:48;147;0
03-12-2010 17:49;66;0
03-12-2010 17:50;294;0
03-12-2010 17:51;550;0
03-12-2010 17:52;258;0
03-12-2010 17:53;711;0
03-12-2010 17:54;979;1
03-12-2010 17:55;284;0
03-12-2010 17:56;533;0
03-12-2010 17:57;249;0
03-12-2010 17:58;62;0
03-12-2010 17:59;55;0
03-12-2010 18:00;111;0
03-12-2010 18:01;48;0
03-12-2010 18:02;42;0
03-12-2010 18:03;249;0
03-12-2010 18:04;586;0
03-12-2010 18:05;62;0
03-12-2010 18:06;325;0
03-12-2010 18:07;834;0
03-12-2010 18:08;733;0
03-12-2010 18:09;1110;1
03-12-2010 18:10;1043;1
03-12-2010 18:11;624;0
03-12-2010 18:12;758;0
03-12-2010 18:13;782;0
03-12-2010 18:14;758;0
03-12-2010 18:15;645;0
03-12-2010 18:16;0;0
03-12-2010 18:17;22;0
03-12-2010 18:18;0;0
03-12-2010 18:19;0;0
03-12-2010 18:20;7;0
03-12-2010 18:21;0;0
03-12-2010 18:22;0;0
03-12-2010 18:23;142;0
03-12-2010 18:24;515;0
03-12-2010 18:25;624;0
03-12-2010 18:26;1147;1
03-12-2010 18:27;1043;1
03-12-2010 18:28;1076;1
03-12-2010 18:29;451;0
03-12-2010 18:30;168;0
03-12-2010 18:31;451;0
03-12-2010 18:32;1386;1
03-12-2010 18:33;1183;1
03-12-2010 18:34;1043;1
03-12-2010 18:35;384;0
03-12-2010 18:36;467;0
03-12-2010 18:37;758;0
03-12-2010 18:38;605;0
03-12-2010 18:39;688;0
03-12-2010 18:40;948;1
03-12-2010 18:41;336;0
03-12-2010 18:42;249;0
03-12-2010 18:43;315;0
03-12-2010 18:44;567;0
03-12-2010 18:45;42;0
03-12-2010 18:46;90;0
03-12-2010 18:47;550;0
03-12-2010 18:48;782;0
03-12-2010 18:49;336;0
03-12-2010 18:50;304;0
03-12-2010 18:51;410;0
03-12-2010 18:52;80;0
03-12-2010 18:53;55;0
03-12-2010 18:54;131;0
03-12-2010 18:55;182;0
03-12-2010 18:56;126;0
03-12-2010 18:57;258;0
03-12-2010 18:58;59;0
03-12-2010 18:59;195;0
03-12-2010 19:00;258;0
03-12-2010 19:01;498;0
03-12-2010 19:02;483;0
03-12-2010 19:03;232;0
03-12-2010 19:04;336;0
03-12-2010 19:05;645;0
03-12-2010 19:06;325;0
03-12-2010 19:07;175;0
03-12-2010 19:08;315;0
03-12-2010 19:09;515;0
03-12-2010 19:10;249;0
03-12-2010 19:11;209;0
03-12-2010 19:12;21;0
03-12-2010 19:13;55;0
03-12-2010 19:14;147;0
03-12-2010 19:15;137;0
03-12-2010 19:16;249;0
03-12-2010 19:17;284;0
03-12-2010 19:18;131;0
03-12-2010 19:19;83;0
03-12-2010 19:20;396;0
03-12-2010 19:21;483;0
03-12-2010 19:22;586;0
03-12-2010 19:23;498;0
03-12-2010 19:24;424;0
03-12-2010 19:25;396;0
03-12-2010 19:26;498;0
03-12-2010 19:27;396;0
03-12-2010 19:28;9;0
03-12-2010 19:29;0;0
03-12-2010 19:30;0;0
03-12-2010 19:31;0;0
03-12-2010 19:32;62;0
03-12-2010 19:33;131;0
03-12-2010 19:34;202;0
03-12-2010 19:35;163;0
03-12-2010 19:36;21;0
03-12-2010 19:37;83;0
03-12-2010 19:38;100;0
03-12-2010 19:39;142;0
03-12-2010 19:40;86;0
03-12-2010 19:41;104;0
03-12-2010 19:42;90;0
03-12-2010 19:43;76;0
03-12-2010 19:44;111;0
03-12-2010 19:45;3;0
03-12-2010 19:46;147;0
03-12-2010 19:47;90;0
03-12-2010 19:48;17;0
03-12-2010 19:49;258;0
03-12-2010 19:50;195;0
03-12-2010 19:51;19;0
03-12-2010 19:52;93;0
03-12-2010 19:53;17;0
03-12-2010 19:54;40;0
03-12-2010 19:55;0;0
03-12-2010 19:56;451;0
03-12-2010 19:57;266;0
03-12-2010 19:58;275;0
03-12-2010 19:59;232;0
03-12-2010 20:00;396;0
03-12-2010 20:01;126;0
03-12-2010 20:02;100;0
03-12-2010 20:03;372;0
03-12-2010 20:04;29;0
03-12-2010 20:05;0;0
03-12-2010 20:06;111;0
03-12-2010 20:07;175;0
03-12-2010 20:08;147;0
03-12-2010 20:09;31;0
03-12-2010 20:10;16;0
03-12-2010 20:11;35;0
03-12-2010 20:12;0;0
03-12-2010 20:13;10;0
03-12-2010 20:14;33;0
03-12-2010 20:15;223;0
03-12-2010 20:16;396;0
03-12-2010 20:17;645;0
03-12-2010 20:18;733;0
03-12-2010 20:19;348;0
03-12-2010 20:20;62;0
03-12-2010 20:21;19;0
03-12-2010 20:22;3;0
03-12-2010 20:23;26;0
03-12-2010 20:24;266;0
03-12-2010 20:25;116;0
03-12-2010 20:26;42;0
03-12-2010 20:27;121;0
03-12-2010 20:28;48;0
03-12-2010 20:29;111;0
03-12-2010 20:30;424;0
03-12-2010 20:31;979;1
03-12-2010 20:32;515;0
03-12-2010 20:33;284;0
03-12-2010 20:34;48;0
03-12-2010 20:35;93;0
03-12-2010 20:36;55;0
03-12-2010 20:37;66;0
03-12-2010 20:38;315;0
03-12-2010 20:39;645;0
03-12-2010 20:40;550;0
03-12-2010 20:41;834;0
03-12-2010 20:42;396;0
03-12-2010 20:43;336;0
03-12-2010 20:44;189;0
03-12-2010 20:45;315;0
03-12-2010 20:46;624;0
03-12-2010 20:47;605;0
03-12-2010 20:48;410;0
03-12-2010 20:49;688;0
03-12-2010 20:50;1386;1
03-12-2010 20:51;1221;1
03-12-2010 20:52;1183;1
03-12-2010 20:53;396;0
03-12-2010 20:54;284;0
03-12-2010 20:55;372;0
03-12-2010 20:56;100;0
03-12-2010 20:57;137;0
03-12-2010 20:58;284;0
03-12-2010 20:59;384;0
03-12-2010 21:00;83;0
03-12-2010 21:01;688;0
03-12-2010 21:02;758;0
03-12-2010 21:03;586;0
03-12-2010 21:04;586;0
03-12-2010 21:05;336;0
03-12-2010 21:06;586;0
03-12-2010 21:07;240;0
03-12-2010 21:08;48;0
03-12-2010 21:09;62;0
03-12-2010 21:10;100;0
03-12-2010 21:11;43;0
03-12-2010 21:12;0;0
03-12-2010 21:13;62;0
03-12-2010 21:14;45;0
03-12-2010 21:15;0;0
03-12-2010 21:16;9;0
03-12-2010 21:17;10;0
03-12-2010 21:18;0;0
03-12-2010 21:19;0;0
03-12-2010 21:20;0;0
03-12-2010 21:21;0;0
03-12-2010 21:22;0;0
03-12-2010 21:23;0;0
03-12-2010 21:24;7;0
03-12-2010 21:25;0;0
03-12-2010 21:26;0;0
03-12-2010 21:27;0;0
03-12-2010 21:28;0;0
03-12-2010 21:29;0;0
03-12-2010 21:30;0;0
03-12-2010 21:31;0;0
03-12-2010 21:32;0;0
03-12-2010 21:33;0;0
03-12-2010 21:34;5;0
03-12-2010 21:35;38;0
03-12-2010 21:36;59;0
03-12-2010 21:37;31;0
03-12-2010 21:38;0;0
03-12-2010 21:39;0;0
03-12-2010 21:40;0;0
03-12-2010 21:41;0;0
03-12-2010 21:42;0;0
03-12-2010 21:43;168;0
03-12-2010 21:44;758;0
03-12-2010 21:45;451;0
03-12-2010 21:46;182;0
03-12-2010 21:47;372;0
03-12-2010 21:48;36;0
03-12-2010 21:49;86;0
03-12-2010 21:50;42;0
03-12-2010 21:51;0;0
03-12-2010 21:52;19;0
03-12-2010 21:53;0;0
03-12-2010 21:54;0;0
03-12-2010 21:55;0;0
03-12-2010 21:56;0;0
03-12-2010 21:57;0;0
03-12-2010 21:58;0;0
03-12-2010 21:59;0;0
03-12-2010 22:00;0;0
03-12-2010 22:01;0;0
03-12-2010 22:02;0;0
03-12-2010 22:03;0;0
03-12-2010 22:04;0;0
03-12-2010 22:05;5;0
03-12-2010 22:06;0;0
03-12-2010 22:07;0;0
03-12-2010 22:08;0;0
03-12-2010 22:09;0;0
03-12-2010 22:10;142;0
03-12-2010 22:11;315;0
03-12-2010 22:12;284;0
03-12-2010 22:13;451;0
03-12-2010 22:14;451;0
03-12-2010 22:15;209;0
03-12-2010 22:16;258;0
03-12-2010 22:17;90;0
03-12-2010 22:18;111;0
03-12-2010 22:19;22;0
03-12-2010 22:20;0;0
03-12-2010 22:21;3;0
03-12-2010 22:22;7;0
03-12-2010 22:23;0;0
03-12-2010 22:24;189;0
03-12-2010 22:25;36;0
03-12-2010 22:26;3;0
03-12-2010 22:27;0;0
03-12-2010 22:28;5;0
03-12-2010 22:29;22;0
03-12-2010 22:30;0;0
03-12-2010 22:31;0;0
03-12-2010 22:32;0;0
03-12-2010 22:33;0;0
03-12-2010 22:34;0;0
03-12-2010 22:35;0;0
03-12-2010 22:36;16;0
03-12-2010 22:37;9;0
03-12-2010 22:38;0;0
03-12-2010 22:39;48;0
03-12-2010 22:40;7;0
03-12-2010 22:41;10;0
03-12-2010 22:42;3;0
03-12-2010 22:43;33;0
03-12-2010 22:44;5;0
03-12-2010 22:45;31;0
03-12-2010 22:46;22;0
03-12-2010 22:47;0;0
03-12-2010 22:48;9;0
03-12-2010 22:49;147;0
03-12-2010 22:50;467;0
03-12-2010 22:51;372;0
03-12-2010 22:52;360;0
03-12-2010 22:53;294;0
03-12-2010 22:54;605;0
03-12-2010 22:55;498;0
03-12-2010 22:56;182;0
03-12-2010 22:57;62;0
03-12-2010 22:58;16;0
03-12-2010 22:59;5;0
03-12-2010 23:00;16;0
03-12-2010 23:01;126;0
03-12-2010 23:02;223;0
03-12-2010 23:03;372;0
03-12-2010 23:04;59;0
03-12-2010 23:05;0;0
03-12-2010 23:06;10;0
03-12-2010 23:07;0;0
03-12-2010 23:08;107;0
03-12-2010 23:09;19;0
03-12-2010 23:10;93;0
03-12-2010 23:11;483;0
03-12-2010 23:12;467;0
03-12-2010 23:13;758;0
03-12-2010 23:14;438;0
03-12-2010 23:15;93;0
03-12-2010 23:16;80;0
03-12-2010 23:17;104;0
03-12-2010 23:18;0;0
03-12-2010 23:19;73;0
03-12-2010 23:20;54;0
03-12-2010 23:21;80;0
03-12-2010 23:22;0;0
03-12-2010 23:23;0;0
03-12-2010 23:24;12;0
03-12-2010 23:25;0;0
03-12-2010 23:26;0;0
03-12-2010 23:27;0;0
03-12-2010 23:28;0;0
03-12-2010 23:29;0;0
03-12-2010 23:30;0;0
03-12-2010 23:31;0;0
03-12-2010 23:32;0;0
03-12-2010 23:33;0;0
03-12-2010 23:34;182;0
03-12-2010 23:35;451;0
03-12-2010 23:36;258;0
03-12-2010 23:37;336;0
03-12-2010 23:38;467;0
03-12-2010 23:39;372;0
03-12-2010 23:40;483;0
03-12-2010 23:41;284;0
03-12-2010 23:42;1043;1
03-12-2010 23:43;137;0
03-12-2010 23:44;0;0
03-12-2010 23:45;0;0
03-12-2010 23:46;0;0
03-12-2010 23:47;0;0
03-12-2010 23:48;73;0
03-12-2010 23:49;3;0
03-12-2010 23:50;21;0
03-12-2010 23:51;0;0
03-12-2010 23:52;21;0
03-12-2010 23:53;202;0
03-12-2010 23:54;0;0
03-12-2010 23:55;0;0
03-12-2010 23:56;0;0
03-12-2010 23:57;0;0
03-12-2010 23:58;40;0
03-12-2010 23:59;45;0
03-13-2010 00:00;0;0
03-13-2010 00:01;0;0
03-13-2010 00:02;21;0
03-13-2010 00:03;0;0
03-13-2010 00:04;28;0
03-13-2010 00:05;0;0
03-13-2010 00:06;3;0
03-13-2010 00:07;0;0
03-13-2010 00:08;0;0
03-13-2010 00:09;33;0
03-13-2010 00:10;31;0
03-13-2010 00:11;40;0
03-13-2010 00:12;0;0
03-13-2010 00:13;3;0
03-13-2010 00:14;0;0
03-13-2010 00:15;0;0
03-13-2010 00:16;21;0
03-13-2010 00:17;0;0
03-13-2010 00:18;0;0
03-13-2010 00:19;19;0
03-13-2010 00:20;47;0
03-13-2010 00:21;0;0
03-13-2010 00:22;0;0
03-13-2010 00:23;0;0
03-13-2010 00:24;0;0
03-13-2010 00:25;3;0
03-13-2010 00:26;0;0
03-13-2010 00:27;0;0
03-13-2010 00:28;0;0
03-13-2010 00:29;0;0
03-13-2010 00:30;0;0
03-13-2010 00:31;0;0
03-13-2010 00:32;3;0
03-13-2010 00:33;9;0
03-13-2010 00:34;0;0
03-13-2010 00:35;7;0
03-13-2010 00:36;0;0
03-13-2010 00:37;0;0
03-13-2010 00:38;0;0
03-13-2010 00:39;304;0
03-13-2010 00:40;157;0
03-13-2010 00:41;40;0
03-13-2010 00:42;16;0
03-13-2010 00:43;50;0
03-13-2010 00:44;43;0
03-13-2010 00:45;19;0
03-13-2010 00:46;12;0
03-13-2010 00:47;104;0
03-13-2010 00:48;372;0
03-13-2010 00:49;107;0
03-13-2010 00:50;38;0
03-13-2010 00:51;9;0
03-13-2010 00:52;90;0
03-13-2010 00:53;36;0
03-13-2010 00:54;59;0
03-13-2010 00:55;59;0
03-13-2010 00:56;304;0
03-13-2010 00:57;266;0
03-13-2010 00:58;451;0
03-13-2010 00:59;16;0
03-13-2010 01:00;0;0
03-13-2010 01:01;384;0
03-13-2010 01:02;275;0
03-13-2010 01:03;304;0
03-13-2010 01:04;147;0
03-13-2010 01:05;35;0
03-13-2010 01:06;348;0
03-13-2010 01:07;182;0
03-13-2010 01:08;90;0
03-13-2010 01:09;0;0
03-13-2010 01:10;0;0
03-13-2010 01:11;24;0
03-13-2010 01:12;107;0
03-13-2010 01:13;0;0
03-13-2010 01:14;33;0
03-13-2010 01:15;73;0
03-13-2010 01:16;0;0
03-13-2010 01:17;0;0
03-13-2010 01:18;0;0
03-13-2010 01:19;5;0
03-13-2010 01:20;42;0
03-13-2010 01:21;9;0
03-13-2010 01:22;76;0
03-13-2010 01:23;0;0
03-13-2010 01:24;0;0
03-13-2010 01:25;0;0
03-13-2010 01:26;83;0
03-13-2010 01:27;223;0
03-13-2010 01:28;396;0
03-13-2010 01:29;372;0
03-13-2010 01:30;711;0
03-13-2010 01:31;889;1
03-13-2010 01:32;315;0
03-13-2010 01:33;16;0
03-13-2010 01:34;0;0
03-13-2010 01:35;0;0
03-13-2010 01:36;0;0
03-13-2010 01:37;168;0
03-13-2010 01:38;12;0
03-13-2010 01:39;21;0
03-13-2010 01:40;0;0
03-13-2010 01:41;0;0
03-13-2010 01:42;0;0
03-13-2010 01:43;0;0
03-13-2010 01:44;0;0
03-13-2010 01:45;0;0
03-13-2010 01:46;0;0
03-13-2010 01:47;0;0
03-13-2010 01:48;0;0
03-13-2010 01:49;14;0
03-13-2010 01:50;0;0
03-13-2010 01:51;0;0
03-13-2010 01:52;0;0
03-13-2010 01:53;0;0
03-13-2010 01:54;0;0
03-13-2010 01:55;0;0
03-13-2010 01:56;0;0
03-13-2010 01:57;0;0
03-13-2010 01:58;0;0
03-13-2010 01:59;0;0
03-13-2010 02:00;0;0
03-13-2010 02:01;0;0
03-13-2010 02:02;0;0
03-13-2010 02:03;0;0
03-13-2010 02:04;0;0
03-13-2010 02:05;0;0
03-13-2010 02:06;0;0
03-13-2010 02:07;0;0
03-13-2010 02:08;26;0
03-13-2010 02:09;0;0
03-13-2010 02:10;0;0
03-13-2010 02:11;0;0
03-13-2010 02:12;31;0
03-13-2010 02:13;0;0
03-13-2010 02:14;0;0
03-13-2010 02:15;0;0
03-13-2010 02:16;29;0
03-13-2010 02:17;0;0
03-13-2010 02:18;0;0
03-13-2010 02:19;0;0
03-13-2010 02:20;0;0
03-13-2010 02:21;0;0
03-13-2010 02:22;0;0
03-13-2010 02:23;0;0
03-13-2010 02:24;0;0
03-13-2010 02:25;0;0
03-13-2010 02:26;0;0
03-13-2010 02:27;0;0
03-13-2010 02:28;0;0
03-13-2010 02:29;0;0
03-13-2010 02:30;0;0
03-13-2010 02:31;0;0
03-13-2010 02:32;0;0
03-13-2010 02:33;0;0
03-13-2010 02:34;0;0
03-13-2010 02:35;0;0
03-13-2010 02:36;0;0
03-13-2010 02:37;0;0
03-13-2010 02:38;0;0
03-13-2010 02:39;0;0
03-13-2010 02:40;0;0
03-13-2010 02:41;0;0
03-13-2010 02:42;0;0
03-13-2010 02:43;0;0
03-13-2010 02:44;0;0
03-13-2010 02:45;0;0
03-13-2010 02:46;0;0
03-13-2010 02:47;0;0
03-13-2010 02:48;0;0
03-13-2010 02:49;163;0
03-13-2010 02:50;76;0
03-13-2010 02:51;645;0
03-13-2010 02:52;304;0
03-13-2010 02:53;624;0
03-13-2010 02:54;93;0
03-13-2010 02:55;10;0
03-13-2010 02:56;0;0
03-13-2010 02:57;0;0
03-13-2010 02:58;0;0
03-13-2010 02:59;0;0
03-13-2010 03:00;0;0
03-13-2010 03:01;35;0
03-13-2010 03:02;17;0
03-13-2010 03:03;0;0
03-13-2010 03:04;0;0
03-13-2010 03:05;0;0
03-13-2010 03:06;0;0
03-13-2010 03:07;0;0
03-13-2010 03:08;0;0
03-13-2010 03:09;0;0
03-13-2010 03:10;0;0
03-13-2010 03:11;0;0
03-13-2010 03:12;0;0
03-13-2010 03:13;0;0
03-13-2010 03:14;0;0
03-13-2010 03:15;0;0
03-13-2010 03:16;0;0
03-13-2010 03:17;0;0
03-13-2010 03:18;0;0
03-13-2010 03:19;0;0
03-13-2010 03:20;0;0
03-13-2010 03:21;0;0
03-13-2010 03:22;0;0
03-13-2010 03:23;0;0
03-13-2010 03:24;0;0
03-13-2010 03:25;0;0
03-13-2010 03:26;0;0
03-13-2010 03:27;0;0
03-13-2010 03:28;0;0
03-13-2010 03:29;0;0
03-13-2010 03:30;0;0
03-13-2010 03:31;0;0
03-13-2010 03:32;0;0
03-13-2010 03:33;0;0
03-13-2010 03:34;0;0
03-13-2010 03:35;0;0
03-13-2010 03:36;0;0
03-13-2010 03:37;0;0
03-13-2010 03:38;0;0
03-13-2010 03:39;0;0
03-13-2010 03:40;0;0
03-13-2010 03:41;0;0
03-13-2010 03:42;0;0
03-13-2010 03:43;0;0
03-13-2010 03:44;0;0
03-13-2010 03:45;0;0
03-13-2010 03:46;0;0
03-13-2010 03:47;19;0
03-13-2010 03:48;0;0
03-13-2010 03:49;0;0
03-13-2010 03:50;0;0
03-13-2010 03:51;0;0
03-13-2010 03:52;0;0
03-13-2010 03:53;0;0
03-13-2010 03:54;0;0
03-13-2010 03:55;47;0
03-13-2010 03:56;0;0
03-13-2010 03:57;31;0
03-13-2010 03:58;0;0
03-13-2010 03:59;0;0
03-13-2010 04:00;0;0
03-13-2010 04:01;0;0
03-13-2010 04:02;0;0
03-13-2010 04:03;0;0
03-13-2010 04:04;0;0
03-13-2010 04:05;0;0
03-13-2010 04:06;0;0
03-13-2010 04:07;0;0
03-13-2010 04:08;0;0
03-13-2010 04:09;0;0
03-13-2010 04:10;0;0
03-13-2010 04:11;0;0
03-13-2010 04:12;0;0
03-13-2010 04:13;0;0
03-13-2010 04:14;0;0
03-13-2010 04:15;0;0
03-13-2010 04:16;0;0
03-13-2010 04:17;0;0
03-13-2010 04:18;0;0
03-13-2010 04:19;0;0
03-13-2010 04:20;0;0
03-13-2010 04:21;62;0
03-13-2010 04:22;0;0
03-13-2010 04:23;0;0
03-13-2010 04:24;0;0
03-13-2010 04:25;0;0
03-13-2010 04:26;0;0
03-13-2010 04:27;0;0
03-13-2010 04:28;0;0
03-13-2010 04:29;0;0
03-13-2010 04:30;0;0
03-13-2010 04:31;0;0
03-13-2010 04:32;0;0
03-13-2010 04:33;0;0
03-13-2010 04:34;0;0
03-13-2010 04:35;0;0
03-13-2010 04:36;0;0
03-13-2010 04:37;0;0
03-13-2010 04:38;0;0
03-13-2010 04:39;0;0
03-13-2010 04:40;0;0
03-13-2010 04:41;0;0
03-13-2010 04:42;0;0
03-13-2010 04:43;0;0
03-13-2010 04:44;275;0
03-13-2010 04:45;3;0
03-13-2010 04:46;0;0
03-13-2010 04:47;0;0
03-13-2010 04:48;0;0
03-13-2010 04:49;3;0
03-13-2010 04:50;0;0
03-13-2010 04:51;0;0
03-13-2010 04:52;0;0
03-13-2010 04:53;0;0
03-13-2010 04:54;0;0
03-13-2010 04:55;0;0
03-13-2010 04:56;0;0
03-13-2010 04:57;0;0
03-13-2010 04:58;0;0
03-13-2010 04:59;0;0
03-13-2010 05:00;0;0
03-13-2010 05:01;73;0
03-13-2010 05:02;0;0
03-13-2010 05:03;0;0
03-13-2010 05:04;0;0
03-13-2010 05:05;0;0
03-13-2010 05:06;126;0
03-13-2010 05:07;0;0
03-13-2010 05:08;0;0
03-13-2010 05:09;0;0
03-13-2010 05:10;0;0
03-13-2010 05:11;0;0
03-13-2010 05:12;0;0
03-13-2010 05:13;0;0
03-13-2010 05:14;0;0
03-13-2010 05:15;0;0
03-13-2010 05:16;0;0
03-13-2010 05:17;0;0
03-13-2010 05:18;0;0
03-13-2010 05:19;0;0
03-13-2010 05:20;0;0
03-13-2010 05:21;0;0
03-13-2010 05:22;0;0
03-13-2010 05:23;0;0
03-13-2010 05:24;0;0
03-13-2010 05:25;0;0
03-13-2010 05:26;0;0
03-13-2010 05:27;42;0
03-13-2010 05:28;0;0
03-13-2010 05:29;0;0
03-13-2010 05:30;0;0
03-13-2010 05:31;0;0
03-13-2010 05:32;0;0
03-13-2010 05:33;0;0
03-13-2010 05:34;0;0
03-13-2010 05:35;0;0
03-13-2010 05:36;0;0
03-13-2010 05:37;0;0
03-13-2010 05:38;0;0
03-13-2010 05:39;0;0
03-13-2010 05:40;0;0
03-13-2010 05:41;0;0
03-13-2010 05:42;0;0
03-13-2010 05:43;0;0
03-13-2010 05:44;0;0
03-13-2010 05:45;0;0
03-13-2010 05:46;0;0
03-13-2010 05:47;0;0
03-13-2010 05:48;69;0
03-13-2010 05:49;0;0
03-13-2010 05:50;0;0
03-13-2010 05:51;0;0
03-13-2010 05:52;0;0
03-13-2010 05:53;0;0
03-13-2010 05:54;147;0
03-13-2010 05:55;0;0
03-13-2010 05:56;0;0
03-13-2010 05:57;17;0
03-13-2010 05:58;384;0
03-13-2010 05:59;55;0
03-13-2010 06:00;372;0
03-13-2010 06:01;0;0
03-13-2010 06:02;0;0
03-13-2010 06:03;0;0
03-13-2010 06:04;0;0
03-13-2010 06:05;0;0
03-13-2010 06:06;0;0
03-13-2010 06:07;0;0
03-13-2010 06:08;93;0
03-13-2010 06:09;0;0
03-13-2010 06:10;0;0
03-13-2010 06:11;0;0
03-13-2010 06:12;0;0
03-13-2010 06:13;0;0
03-13-2010 06:14;0;0
03-13-2010 06:15;0;0
03-13-2010 06:16;0;0
03-13-2010 06:17;14;0
03-13-2010 06:18;0;0
03-13-2010 06:19;104;0
03-13-2010 06:20;0;0
03-13-2010 06:21;0;0
03-13-2010 06:22;0;0
03-13-2010 06:23;24;0
03-13-2010 06:24;0;0
03-13-2010 06:25;5;0
03-13-2010 06:26;40;0
03-13-2010 06:27;0;0
03-13-2010 06:28;45;0
03-13-2010 06:29;0;0
03-13-2010 06:30;0;0
03-13-2010 06:31;0;0
03-13-2010 06:32;0;0
03-13-2010 06:33;0;0
03-13-2010 06:34;55;0
03-13-2010 06:35;0;0
03-13-2010 06:36;0;0
03-13-2010 06:37;0;0
03-13-2010 06:38;0;0
03-13-2010 06:39;0;0
03-13-2010 06:40;0;0
03-13-2010 06:41;0;0
03-13-2010 06:42;55;0
03-13-2010 06:43;0;0
03-13-2010 06:44;0;0
03-13-2010 06:45;0;0
03-13-2010 06:46;5;0
03-13-2010 06:47;137;0
03-13-2010 06:48;24;0
03-13-2010 06:49;0;0
03-13-2010 06:50;21;0
03-13-2010 06:51;21;0
03-13-2010 06:52;0;0
03-13-2010 06:53;0;0
03-13-2010 06:54;0;0
03-13-2010 06:55;0;0
03-13-2010 06:56;0;0
03-13-2010 06:57;0;0
03-13-2010 06:58;0;0
03-13-2010 06:59;26;0
03-13-2010 07:00;14;0
03-13-2010 07:01;0;0
03-13-2010 07:02;0;0
03-13-2010 07:03;0;0
03-13-2010 07:04;0;0
03-13-2010 07:05;0;0
03-13-2010 07:06;0;0
03-13-2010 07:07;0;0
03-13-2010 07:08;100;0
03-13-2010 07:09;0;0
03-13-2010 07:10;0;0
03-13-2010 07:11;0;0
03-13-2010 07:12;0;0
03-13-2010 07:13;0;0
03-13-2010 07:14;0;0
03-13-2010 07:15;0;0
03-13-2010 07:16;0;0
03-13-2010 07:17;0;0
03-13-2010 07:18;0;0
03-13-2010 07:19;0;0
03-13-2010 07:20;0;0
03-13-2010 07:21;0;0
03-13-2010 07:22;0;0
03-13-2010 07:23;0;0
03-13-2010 07:24;0;0
03-13-2010 07:25;0;0
03-13-2010 07:26;0;0
03-13-2010 07:27;0;0
03-13-2010 07:28;0;0
03-13-2010 07:29;0;0
03-13-2010 07:30;0;0
03-13-2010 07:31;0;0
03-13-2010 07:32;0;0
03-13-2010 07:33;0;0
03-13-2010 07:34;42;0
03-13-2010 07:35;55;0
03-13-2010 07:36;0;0
03-13-2010 07:37;0;0
03-13-2010 07:38;0;0
03-13-2010 07:39;0;0
03-13-2010 07:40;0;0
03-13-2010 07:41;0;0
03-13-2010 07:42;0;0
03-13-2010 07:43;0;0
03-13-2010 07:44;0;0
03-13-2010 07:45;0;0
03-13-2010 07:46;0;0
03-13-2010 07:47;0;0
03-13-2010 07:48;0;0
03-13-2010 07:49;0;0
03-13-2010 07:50;0;0
03-13-2010 07:51;0;0
03-13-2010 07:52;0;0
03-13-2010 07:53;0;0
03-13-2010 07:54;0;0
03-13-2010 07:55;0;0
03-13-2010 07:56;0;0
03-13-2010 07:57;0;0
03-13-2010 07:58;0;0
03-13-2010 07:59;0;0
03-13-2010 08:00;0;0
03-13-2010 08:01;0;0
03-13-2010 08:02;0;0
03-13-2010 08:03;0;0
03-13-2010 08:04;0;0
03-13-2010 08:05;0;0
03-13-2010 08:06;152;0
03-13-2010 08:07;0;0
03-13-2010 08:08;0;0
03-13-2010 08:09;24;0
03-13-2010 08:10;0;0
03-13-2010 08:11;0;0
03-13-2010 08:12;9;0
03-13-2010 08:13;73;0
03-13-2010 08:14;0;0
03-13-2010 08:15;0;0
03-13-2010 08:16;0;0
03-13-2010 08:17;0;0
03-13-2010 08:18;0;0
03-13-2010 08:19;5;0
03-13-2010 08:20;28;0
03-13-2010 08:21;0;0
03-13-2010 08:22;0;0
03-13-2010 08:23;0;0
03-13-2010 08:24;0;0
03-13-2010 08:25;0;0
03-13-2010 08:26;0;0
03-13-2010 08:27;396;0
03-13-2010 08:28;40;0
03-13-2010 08:29;0;0
03-13-2010 08:30;0;0
03-13-2010 08:31;0;0
03-13-2010 08:32;24;0
03-13-2010 08:33;0;0
03-13-2010 08:34;0;0
03-13-2010 08:35;33;0
03-13-2010 08:36;0;0
03-13-2010 08:37;43;0
03-13-2010 08:38;0;0
03-13-2010 08:39;0;0
03-13-2010 08:40;16;0
03-13-2010 08:41;0;0
03-13-2010 08:42;0;0
03-13-2010 08:43;0;0
03-13-2010 08:44;0;0
03-13-2010 08:45;0;0
03-13-2010 08:46;0;0
03-13-2010 08:47;0;0
03-13-2010 08:48;0;0
03-13-2010 08:49;0;0
03-13-2010 08:50;0;0
03-13-2010 08:51;0;0
03-13-2010 08:52;0;0
03-13-2010 08:53;0;0
03-13-2010 08:54;0;0
03-13-2010 08:55;0;0
03-13-2010 08:56;0;0
03-13-2010 08:57;0;0
03-13-2010 08:58;0;0
03-13-2010 08:59;0;0
03-13-2010 09:00;0;0
03-13-2010 09:01;0;0
03-13-2010 09:02;0;0
03-13-2010 09:03;0;0
03-13-2010 09:04;54;0
03-13-2010 09:05;0;0
03-13-2010 09:06;5;0
03-13-2010 09:07;48;0
03-13-2010 09:08;232;0
03-13-2010 09:09;586;0
03-13-2010 09:10;0;0
03-13-2010 09:11;38;0
03-13-2010 09:12;12;0
03-13-2010 09:13;0;0
03-13-2010 09:14;0;0
03-13-2010 09:15;9;0
03-13-2010 09:16;0;0
03-13-2010 09:17;0;0
03-13-2010 09:18;147;0
03-13-2010 09:19;0;0
03-13-2010 09:20;0;0
03-13-2010 09:21;0;0
03-13-2010 09:22;69;0
03-13-2010 09:23;104;0
03-13-2010 09:24;19;0
03-13-2010 09:25;97;0
03-13-2010 09:26;0;0
03-13-2010 09:27;0;0
03-13-2010 09:28;0;0
03-13-2010 09:29;0;0
03-13-2010 09:30;782;0
03-13-2010 09:31;605;0
03-13-2010 09:32;666;0
03-13-2010 09:33;758;0
03-13-2010 09:34;758;0
03-13-2010 09:35;438;0
03-13-2010 09:36;384;0
03-13-2010 09:37;336;0
03-13-2010 09:38;336;0
03-13-2010 09:39;711;0
03-13-2010 09:40;550;0
03-13-2010 09:41;1839;1
03-13-2010 09:42;1673;1
03-13-2010 09:43;861;0
03-13-2010 09:44;1043;1
03-13-2010 09:45;666;0
03-13-2010 09:46;202;0
03-13-2010 09:47;498;0
03-13-2010 09:48;209;0
03-13-2010 09:49;131;0
03-13-2010 09:50;240;0
03-13-2010 09:51;410;0
03-13-2010 09:52;100;0
03-13-2010 09:53;1386;1
03-13-2010 09:54;1522;1
03-13-2010 09:55;808;0
03-13-2010 09:56;1183;1
03-13-2010 09:57;515;0
03-13-2010 09:58;396;0
03-13-2010 09:59;467;0
03-13-2010 10:00;733;0
03-13-2010 10:01;410;0
03-13-2010 10:02;498;0
03-13-2010 10:03;424;0
03-13-2010 10:04;861;0
03-13-2010 10:05;758;0
03-13-2010 10:06;275;0
03-13-2010 10:07;733;0
03-13-2010 10:08;758;0
03-13-2010 10:09;304;0
03-13-2010 10:10;384;0
03-13-2010 10:11;336;0
03-13-2010 10:12;410;0
03-13-2010 10:13;372;0
03-13-2010 10:14;483;0
03-13-2010 10:15;586;0
03-13-2010 10:16;304;0
03-13-2010 10:17;360;0
03-13-2010 10:18;498;0
03-13-2010 10:19;586;0
03-13-2010 10:20;808;0
03-13-2010 10:21;396;0
03-13-2010 10:22;348;0
03-13-2010 10:23;586;0
03-13-2010 10:24;567;0
03-13-2010 10:25;483;0
03-13-2010 10:26;424;0
03-13-2010 10:27;1010;1
03-13-2010 10:28;202;0
03-13-2010 10:29;304;0
03-13-2010 10:30;711;0
03-13-2010 10:31;424;0
03-13-2010 10:32;1183;1
03-13-2010 10:33;467;0
03-13-2010 10:34;834;0
03-13-2010 10:35;372;0
03-13-2010 10:36;163;0
03-13-2010 10:37;451;0
03-13-2010 10:38;396;0
03-13-2010 10:39;121;0
03-13-2010 10:40;189;0
03-13-2010 10:41;0;0
03-13-2010 10:42;451;0
03-13-2010 10:43;645;0
03-13-2010 10:44;889;1
03-13-2010 10:45;372;0
03-13-2010 10:46;240;0
03-13-2010 10:47;202;0
03-13-2010 10:48;266;0
03-13-2010 10:49;567;0
03-13-2010 10:50;48;0
03-13-2010 10:51;240;0
03-13-2010 10:52;100;0
03-13-2010 10:53;533;0
03-13-2010 10:54;152;0
03-13-2010 10:55;163;0
03-13-2010 10:56;40;0
03-13-2010 10:57;80;0
03-13-2010 10:58;451;0
03-13-2010 10:59;121;0
03-13-2010 11:00;104;0
03-13-2010 11:01;111;0
03-13-2010 11:02;83;0
03-13-2010 11:03;45;0
03-13-2010 11:04;86;0
03-13-2010 11:05;189;0
03-13-2010 11:06;14;0
03-13-2010 11:07;24;0
03-13-2010 11:08;111;0
03-13-2010 11:09;175;0
03-13-2010 11:10;438;0
03-13-2010 11:11;711;0
03-13-2010 11:12;861;0
03-13-2010 11:13;131;0
03-13-2010 11:14;189;0
03-13-2010 11:15;284;0
03-13-2010 11:16;216;0
03-13-2010 11:17;223;0
03-13-2010 11:18;223;0
03-13-2010 11:19;45;0
03-13-2010 11:20;55;0
03-13-2010 11:21;107;0
03-13-2010 11:22;232;0
03-13-2010 11:23;90;0
03-13-2010 11:24;80;0
03-13-2010 11:25;35;0
03-13-2010 11:26;66;0
03-13-2010 11:27;69;0
03-13-2010 11:28;62;0
03-13-2010 11:29;97;0
03-13-2010 11:30;93;0
03-13-2010 11:31;861;0
03-13-2010 11:32;304;0
03-13-2010 11:33;73;0
03-13-2010 11:34;202;0
03-13-2010 11:35;175;0
03-13-2010 11:36;157;0
03-13-2010 11:37;55;0
03-13-2010 11:38;152;0
03-13-2010 11:39;62;0
03-13-2010 11:40;107;0
03-13-2010 11:41;666;0
03-13-2010 11:42;202;0
03-13-2010 11:43;666;0
03-13-2010 11:44;396;0
03-13-2010 11:45;175;0
03-13-2010 11:46;175;0
03-13-2010 11:47;498;0
03-13-2010 11:48;348;0
03-13-2010 11:49;216;0
03-13-2010 11:50;325;0
03-13-2010 11:51;586;0
03-13-2010 11:52;451;0
03-13-2010 11:53;515;0
03-13-2010 11:54;284;0
03-13-2010 11:55;315;0
03-13-2010 11:56;304;0
03-13-2010 11:57;294;0
03-13-2010 11:58;131;0
03-13-2010 11:59;384;0
03-13-2010 12:00;126;0
03-13-2010 12:01;372;0
03-13-2010 12:02;195;0
03-13-2010 12:03;315;0
03-13-2010 12:04;249;0
03-13-2010 12:05;410;0
03-13-2010 12:06;189;0
03-13-2010 12:07;372;0
03-13-2010 12:08;189;0
03-13-2010 12:09;372;0
03-13-2010 12:10;121;0
03-13-2010 12:11;586;0
03-13-2010 12:12;605;0
03-13-2010 12:13;834;0
03-13-2010 12:14;861;0
03-13-2010 12:15;1261;1
03-13-2010 12:16;1261;1
03-13-2010 12:17;1010;1
03-13-2010 12:18;1010;1
03-13-2010 12:19;1147;1
03-13-2010 12:20;918;1
03-13-2010 12:21;1043;1
03-13-2010 12:22;861;0
03-13-2010 12:23;889;1
03-13-2010 12:24;808;0
03-13-2010 12:25;498;0
03-13-2010 12:26;438;0
03-13-2010 12:27;195;0
03-13-2010 12:28;69;0
03-13-2010 12:29;97;0
03-13-2010 12:30;38;0
03-13-2010 12:31;97;0
03-13-2010 12:32;137;0
03-13-2010 12:33;111;0
03-13-2010 12:34;240;0
03-13-2010 12:35;26;0
03-13-2010 12:36;62;0
03-13-2010 12:37;182;0
03-13-2010 12:38;38;0
03-13-2010 12:39;31;0
03-13-2010 12:40;0;0
03-13-2010 12:41;50;0
03-13-2010 12:42;69;0
03-13-2010 12:43;59;0
03-13-2010 12:44;24;0
03-13-2010 12:45;163;0
03-13-2010 12:46;38;0
03-13-2010 12:47;195;0
03-13-2010 12:48;116;0
03-13-2010 12:49;126;0
03-13-2010 12:50;232;0
03-13-2010 12:51;1221;1
03-13-2010 12:52;396;0
03-13-2010 12:53;666;0
03-13-2010 12:54;918;1
03-13-2010 12:55;889;1
03-13-2010 12:56;360;0
03-13-2010 12:57;202;0
03-13-2010 12:58;223;0
03-13-2010 12:59;100;0
03-13-2010 13:00;66;0
03-13-2010 13:01;111;0
03-13-2010 13:02;168;0
03-13-2010 13:03;104;0
03-13-2010 13:04;50;0
03-13-2010 13:05;104;0
03-13-2010 13:06;107;0
03-13-2010 13:07;410;0
03-13-2010 13:08;131;0
03-13-2010 13:09;90;0
03-13-2010 13:10;168;0
03-13-2010 13:11;424;0
03-13-2010 13:12;918;1
03-13-2010 13:13;451;0
03-13-2010 13:14;45;0
03-13-2010 13:15;0;0
03-13-2010 13:16;294;0
03-13-2010 13:17;45;0
03-13-2010 13:18;47;0
03-13-2010 13:19;40;0
03-13-2010 13:20;104;0
03-13-2010 13:21;54;0
03-13-2010 13:22;48;0
03-13-2010 13:23;50;0
03-13-2010 13:24;0;0
03-13-2010 13:25;36;0
03-13-2010 13:26;76;0
03-13-2010 13:27;550;0
03-13-2010 13:28;498;0
03-13-2010 13:29;808;0
03-13-2010 13:30;372;0
03-13-2010 13:31;195;0
03-13-2010 13:32;304;0
03-13-2010 13:33;586;0
03-13-2010 13:34;758;0
03-13-2010 13:35;666;0
03-13-2010 13:36;304;0
03-13-2010 13:37;782;0
03-13-2010 13:38;567;0
03-13-2010 13:39;889;1
03-13-2010 13:40;758;0
03-13-2010 13:41;1076;1
03-13-2010 13:42;1043;1
03-13-2010 13:43;948;1
03-13-2010 13:44;711;0
03-13-2010 13:45;666;0
03-13-2010 13:46;979;1
03-13-2010 13:47;711;0
03-13-2010 13:48;1342;1
03-13-2010 13:49;711;0
03-13-2010 13:50;467;0
03-13-2010 13:51;1147;1
03-13-2010 13:52;979;1
03-13-2010 13:53;483;0
03-13-2010 13:54;336;0
03-13-2010 13:55;424;0
03-13-2010 13:56;1430;1
03-13-2010 13:57;861;0
03-13-2010 13:58;711;0
03-13-2010 13:59;1430;1
03-13-2010 14:00;1147;1
03-13-2010 14:01;360;0
03-13-2010 14:02;605;0
03-13-2010 14:03;1110;1
03-13-2010 14:04;834;0
03-13-2010 14:05;711;0
03-13-2010 14:06;733;0
03-13-2010 14:07;979;1
03-13-2010 14:08;605;0
03-13-2010 14:09;808;0
03-13-2010 14:10;567;0
03-13-2010 14:11;605;0
03-13-2010 14:12;733;0
03-13-2010 14:13;438;0
03-13-2010 14:14;782;0
03-13-2010 14:15;1110;1
03-13-2010 14:16;782;0
03-13-2010 14:17;861;0
03-13-2010 14:18;1076;1
03-13-2010 14:19;861;0
03-13-2010 14:20;733;0
03-13-2010 14:21;808;0
03-13-2010 14:22;1301;1
03-13-2010 14:23;384;0
03-13-2010 14:24;733;0
03-13-2010 14:25;567;0
03-13-2010 14:26;315;0
03-13-2010 14:27;688;0
03-13-2010 14:28;1261;1
03-13-2010 14:29;515;0
03-13-2010 14:30;605;0
03-13-2010 14:31;711;0
03-13-2010 14:32;1110;1
03-13-2010 14:33;948;1
03-13-2010 14:34;889;1
03-13-2010 14:35;483;0
03-13-2010 14:36;533;0
03-13-2010 14:37;889;1
03-13-2010 14:38;808;0
03-13-2010 14:39;467;0
03-13-2010 14:40;410;0
03-13-2010 14:41;782;0
03-13-2010 14:42;733;0
03-13-2010 14:43;688;0
03-13-2010 14:44;666;0
03-13-2010 14:45;396;0
03-13-2010 14:46;438;0
03-13-2010 14:47;889;1
03-13-2010 14:48;567;0
03-13-2010 14:49;808;0
03-13-2010 14:50;410;0
03-13-2010 14:51;498;0
03-13-2010 14:52;605;0
03-13-2010 14:53;586;0
03-13-2010 14:54;1221;1
03-13-2010 14:55;666;0
03-13-2010 14:56;861;0
03-13-2010 14:57;948;1
03-13-2010 14:58;758;0
03-13-2010 14:59;438;0
03-13-2010 15:00;438;0
03-13-2010 15:01;498;0
03-13-2010 15:02;410;0
03-13-2010 15:03;240;0
03-13-2010 15:04;861;0
03-13-2010 15:05;782;0
03-13-2010 15:06;645;0
03-13-2010 15:07;83;0
03-13-2010 15:08;40;0
03-13-2010 15:09;42;0
03-13-2010 15:10;76;0
03-13-2010 15:11;0;0
03-13-2010 15:12;0;0
03-13-2010 15:13;0;0
03-13-2010 15:14;0;0
03-13-2010 15:15;48;0
03-13-2010 15:16;605;0
03-13-2010 15:17;666;0
03-13-2010 15:18;834;0
03-13-2010 15:19;1430;1
03-13-2010 15:20;2020;1
03-13-2010 15:21;1571;1
03-13-2010 15:22;1475;1
03-13-2010 15:23;1475;1
03-13-2010 15:24;1043;1
03-13-2010 15:25;1076;1
03-13-2010 15:26;1010;1
03-13-2010 15:27;758;0
03-13-2010 15:28;666;0
03-13-2010 15:29;808;0
03-13-2010 15:30;483;0
03-13-2010 15:31;1221;1
03-13-2010 15:32;1010;1
03-13-2010 15:33;948;1
03-13-2010 15:34;1386;1
03-13-2010 15:35;147;0
03-13-2010 15:36;0;0
03-13-2010 15:37;45;0
03-13-2010 15:38;0;0
03-13-2010 15:39;0;0
03-13-2010 15:40;0;0
03-13-2010 15:41;467;0
03-13-2010 15:42;38;0
03-13-2010 15:43;0;0
03-13-2010 15:44;0;0
03-13-2010 15:45;19;0
03-13-2010 15:46;33;0
03-13-2010 15:47;10;0
03-13-2010 15:48;66;0
03-13-2010 15:49;107;0
03-13-2010 15:50;325;0
03-13-2010 15:51;782;0
03-13-2010 15:52;1183;1
03-13-2010 15:53;1261;1
03-13-2010 15:54;1221;1
03-13-2010 15:55;348;0
03-13-2010 15:56;209;0
03-13-2010 15:57;1342;1
03-13-2010 15:58;1147;1
03-13-2010 15:59;605;0
03-13-2010 16:00;360;0
03-13-2010 16:01;266;0
03-13-2010 16:02;249;0
03-13-2010 16:03;83;0
03-13-2010 16:04;498;0
03-13-2010 16:05;688;0
03-13-2010 16:06;315;0
03-13-2010 16:07;249;0
03-13-2010 16:08;294;0
03-13-2010 16:09;195;0
03-13-2010 16:10;216;0
03-13-2010 16:11;182;0
03-13-2010 16:12;249;0
03-13-2010 16:13;624;0
03-13-2010 16:14;645;0
03-13-2010 16:15;861;0
03-13-2010 16:16;948;1
03-13-2010 16:17;624;0
03-13-2010 16:18;688;0
03-13-2010 16:19;605;0
03-13-2010 16:20;645;0
03-13-2010 16:21;645;0
03-13-2010 16:22;410;0
03-13-2010 16:23;645;0
03-13-2010 16:24;834;0
03-13-2010 16:25;483;0
03-13-2010 16:26;645;0
03-13-2010 16:27;758;0
03-13-2010 16:28;666;0
03-13-2010 16:29;372;0
03-13-2010 16:30;1301;1
03-13-2010 16:31;1183;1
03-13-2010 16:32;1261;1
03-13-2010 16:33;1430;1
03-13-2010 16:34;979;1
03-13-2010 16:35;834;0
03-13-2010 16:36;467;0
03-13-2010 16:37;157;0
03-13-2010 16:38;3;0
03-13-2010 16:39;0;0
03-13-2010 16:40;0;0
03-13-2010 16:41;86;0
03-13-2010 16:42;0;0
03-13-2010 16:43;0;0
03-13-2010 16:44;315;0
03-13-2010 16:45;0;0
03-13-2010 16:46;0;0
03-13-2010 16:47;126;0
03-13-2010 16:48;45;0
03-13-2010 16:49;0;0
03-13-2010 16:50;0;0
03-13-2010 16:51;66;0
03-13-2010 16:52;396;0
03-13-2010 16:53;550;0
03-13-2010 16:54;666;0
03-13-2010 16:55;550;0
03-13-2010 16:56;567;0
03-13-2010 16:57;384;0
03-13-2010 16:58;758;0
03-13-2010 16:59;889;1
03-13-2010 17:00;624;0
03-13-2010 17:01;605;0
03-13-2010 17:02;498;0
03-13-2010 17:03;624;0
03-13-2010 17:04;275;0
03-13-2010 17:05;550;0
03-13-2010 17:06;348;0
03-13-2010 17:07;1183;1
03-13-2010 17:08;157;0
03-13-2010 17:09;137;0
03-13-2010 17:10;0;0
03-13-2010 17:11;0;0
03-13-2010 17:12;0;0
03-13-2010 17:13;0;0
03-13-2010 17:14;86;0
03-13-2010 17:15;54;0
03-13-2010 17:16;0;0
03-13-2010 17:17;0;0
03-13-2010 17:18;0;0
03-13-2010 17:19;0;0
03-13-2010 17:20;0;0
03-13-2010 17:21;0;0
03-13-2010 17:22;0;0
03-13-2010 17:23;0;0
03-13-2010 17:24;202;0
03-13-2010 17:25;0;0
03-13-2010 17:26;0;0
03-13-2010 17:27;0;0
03-13-2010 17:28;0;0
03-13-2010 17:29;0;0
03-13-2010 17:30;0;0
03-13-2010 17:31;0;0
03-13-2010 17:32;0;0
03-13-2010 17:33;315;0
03-13-2010 17:34;533;0
03-13-2010 17:35;808;0
03-13-2010 17:36;733;0
03-13-2010 17:37;467;0
03-13-2010 17:38;24;0
03-13-2010 17:39;121;0
03-13-2010 17:40;0;0
03-13-2010 17:41;0;0
03-13-2010 17:42;43;0
03-13-2010 17:43;0;0
03-13-2010 17:44;43;0
03-13-2010 17:45;0;0
03-13-2010 17:46;0;0
03-13-2010 17:47;21;0
03-13-2010 17:48;104;0
03-13-2010 17:49;12;0
03-13-2010 17:50;0;0
03-13-2010 17:51;232;0
03-13-2010 17:52;688;0
03-13-2010 17:53;451;0
03-13-2010 17:54;9;0
03-13-2010 17:55;315;0
03-13-2010 17:56;76;0
03-13-2010 17:57;240;0
03-13-2010 17:58;0;0
03-13-2010 17:59;0;0
03-13-2010 18:00;35;0
03-13-2010 18:01;0;0
03-13-2010 18:02;0;0
03-13-2010 18:03;5;0
03-13-2010 18:04;0;0
03-13-2010 18:05;0;0
03-13-2010 18:06;66;0
03-13-2010 18:07;467;0
03-13-2010 18:08;0;0
03-13-2010 18:09;0;0
03-13-2010 18:10;0;0
03-13-2010 18:11;0;0
03-13-2010 18:12;28;0
03-13-2010 18:13;54;0
03-13-2010 18:14;0;0
03-13-2010 18:15;0;0
03-13-2010 18:16;0;0
03-13-2010 18:17;0;0
03-13-2010 18:18;0;0
03-13-2010 18:19;0;0
03-13-2010 18:20;0;0
03-13-2010 18:21;0;0
03-13-2010 18:22;0;0
03-13-2010 18:23;0;0
03-13-2010 18:24;0;0
03-13-2010 18:25;10;0
03-13-2010 18:26;0;0
03-13-2010 18:27;0;0
03-13-2010 18:28;0;0
03-13-2010 18:29;0;0
03-13-2010 18:30;0;0
03-13-2010 18:31;0;0
03-13-2010 18:32;0;0
03-13-2010 18:33;163;0
03-13-2010 18:34;550;0
03-13-2010 18:35;348;0
03-13-2010 18:36;45;0
03-13-2010 18:37;348;0
03-13-2010 18:38;533;0
03-13-2010 18:39;688;0
03-13-2010 18:40;47;0
03-13-2010 18:41;0;0
03-13-2010 18:42;0;0
03-13-2010 18:43;0;0
03-13-2010 18:44;0;0
03-13-2010 18:45;48;0
03-13-2010 18:46;19;0
03-13-2010 18:47;0;0
03-13-2010 18:48;0;0
03-13-2010 18:49;0;0
03-13-2010 18:50;0;0
03-13-2010 18:51;0;0
03-13-2010 18:52;0;0
03-13-2010 18:53;10;0
03-13-2010 18:54;483;0
03-13-2010 18:55;586;0
03-13-2010 18:56;834;0
03-13-2010 18:57;498;0
03-13-2010 18:58;55;0
03-13-2010 18:59;69;0
03-13-2010 19:00;451;0
03-13-2010 19:01;157;0
03-13-2010 19:02;47;0
03-13-2010 19:03;533;0
03-13-2010 19:04;1076;1
03-13-2010 19:05;688;0
03-13-2010 19:06;979;1
03-13-2010 19:07;294;0
03-13-2010 19:08;157;0
03-13-2010 19:09;889;1
03-13-2010 19:10;1010;1
03-13-2010 19:11;294;0
03-13-2010 19:12;410;0
03-13-2010 19:13;666;0
03-13-2010 19:14;666;0
03-13-2010 19:15;325;0
03-13-2010 19:16;645;0
03-13-2010 19:17;157;0
03-13-2010 19:18;3;0
03-13-2010 19:19;48;0
03-13-2010 19:20;100;0
03-13-2010 19:21;189;0
03-13-2010 19:22;315;0
03-13-2010 19:23;515;0
03-13-2010 19:24;360;0
03-13-2010 19:25;1076;1
03-13-2010 19:26;467;0
03-13-2010 19:27;249;0
03-13-2010 19:28;216;0
03-13-2010 19:29;258;0
03-13-2010 19:30;1221;1
03-13-2010 19:31;232;0
03-13-2010 19:32;240;0
03-13-2010 19:33;348;0
03-13-2010 19:34;567;0
03-13-2010 19:35;834;0
03-13-2010 19:36;348;0
03-13-2010 19:37;360;0
03-13-2010 19:38;605;0
03-13-2010 19:39;624;0
03-13-2010 19:40;467;0
03-13-2010 19:41;451;0
03-13-2010 19:42;605;0
03-13-2010 19:43;688;0
03-13-2010 19:44;782;0
03-13-2010 19:45;294;0
03-13-2010 19:46;467;0
03-13-2010 19:47;195;0
03-13-2010 19:48;131;0
03-13-2010 19:49;861;0
03-13-2010 19:50;451;0
03-13-2010 19:51;645;0
03-13-2010 19:52;275;0
03-13-2010 19:53;586;0
03-13-2010 19:54;195;0
03-13-2010 19:55;90;0
03-13-2010 19:56;202;0
03-13-2010 19:57;90;0
03-13-2010 19:58;0;0
03-13-2010 19:59;19;0
03-13-2010 20:00;33;0
03-13-2010 20:01;175;0
03-13-2010 20:02;209;0
03-13-2010 20:03;0;0
03-13-2010 20:04;5;0
03-13-2010 20:05;0;0
03-13-2010 20:06;3;0
03-13-2010 20:07;16;0
03-13-2010 20:08;0;0
03-13-2010 20:09;0;0
03-13-2010 20:10;0;0
03-13-2010 20:11;66;0
03-13-2010 20:12;5;0
03-13-2010 20:13;0;0
03-13-2010 20:14;19;0
03-13-2010 20:15;0;0
03-13-2010 20:16;19;0
03-13-2010 20:17;424;0
03-13-2010 20:18;266;0
03-13-2010 20:19;348;0
03-13-2010 20:20;315;0
03-13-2010 20:21;372;0
03-13-2010 20:22;438;0
03-13-2010 20:23;76;0
03-13-2010 20:24;62;0
03-13-2010 20:25;567;0
03-13-2010 20:26;266;0
03-13-2010 20:27;66;0
03-13-2010 20:28;152;0
03-13-2010 20:29;182;0
03-13-2010 20:30;451;0
03-13-2010 20:31;100;0
03-13-2010 20:32;0;0
03-13-2010 20:33;384;0
03-13-2010 20:34;14;0
03-13-2010 20:35;12;0
03-13-2010 20:36;209;0
03-13-2010 20:37;55;0
03-13-2010 20:38;10;0
03-13-2010 20:39;3;0
03-13-2010 20:40;3;0
03-13-2010 20:41;33;0
03-13-2010 20:42;3;0
03-13-2010 20:43;7;0
03-13-2010 20:44;22;0
03-13-2010 20:45;17;0
03-13-2010 20:46;3;0
03-13-2010 20:47;47;0
03-13-2010 20:48;348;0
03-13-2010 20:49;0;0
03-13-2010 20:50;43;0
03-13-2010 20:51;0;0
03-13-2010 20:52;24;0
03-13-2010 20:53;10;0
03-13-2010 20:54;19;0
03-13-2010 20:55;3;0
03-13-2010 20:56;0;0
03-13-2010 20:57;0;0
03-13-2010 20:58;0;0
03-13-2010 20:59;0;0
03-13-2010 21:00;10;0
03-13-2010 21:01;424;0
03-13-2010 21:02;175;0
03-13-2010 21:03;131;0
03-13-2010 21:04;168;0
03-13-2010 21:05;90;0
03-13-2010 21:06;325;0
03-13-2010 21:07;93;0
03-13-2010 21:08;0;0
03-13-2010 21:09;0;0
03-13-2010 21:10;336;0
03-13-2010 21:11;410;0
03-13-2010 21:12;360;0
03-13-2010 21:13;38;0
03-13-2010 21:14;275;0
03-13-2010 21:15;0;0
03-13-2010 21:16;50;0
03-13-2010 21:17;31;0
03-13-2010 21:18;76;0
03-13-2010 21:19;76;0
03-13-2010 21:20;0;0
03-13-2010 21:21;0;0
03-13-2010 21:22;0;0
03-13-2010 21:23;97;0
03-13-2010 21:24;0;0
03-13-2010 21:25;0;0
03-13-2010 21:26;0;0
03-13-2010 21:27;22;0
03-13-2010 21:28;0;0
03-13-2010 21:29;16;0
03-13-2010 21:30;55;0
03-13-2010 21:31;0;0
03-13-2010 21:32;0;0
03-13-2010 21:33;0;0
03-13-2010 21:34;0;0
03-13-2010 21:35;163;0
03-13-2010 21:36;59;0
03-13-2010 21:37;62;0
03-13-2010 21:38;126;0
03-13-2010 21:39;0;0
03-13-2010 21:40;0;0
03-13-2010 21:41;29;0
03-13-2010 21:42;0;0
03-13-2010 21:43;55;0
03-13-2010 21:44;0;0
03-13-2010 21:45;28;0
03-13-2010 21:46;0;0
03-13-2010 21:47;325;0
03-13-2010 21:48;624;0
03-13-2010 21:49;711;0
03-13-2010 21:50;97;0
03-13-2010 21:51;62;0
03-13-2010 21:52;189;0
03-13-2010 21:53;0;0
03-13-2010 21:54;372;0
03-13-2010 21:55;424;0
03-13-2010 21:56;666;0
03-13-2010 21:57;249;0
03-13-2010 21:58;69;0
03-13-2010 21:59;137;0
03-13-2010 22:00;240;0
03-13-2010 22:01;131;0
03-13-2010 22:02;0;0
03-13-2010 22:03;157;0
03-13-2010 22:04;104;0
03-13-2010 22:05;86;0
03-13-2010 22:06;55;0
03-13-2010 22:07;163;0
03-13-2010 22:08;182;0
03-13-2010 22:09;69;0
03-13-2010 22:10;182;0
03-13-2010 22:11;0;0
03-13-2010 22:12;152;0
03-13-2010 22:13;202;0
03-13-2010 22:14;3;0
03-13-2010 22:15;3;0
03-13-2010 22:16;5;0
03-13-2010 22:17;76;0
03-13-2010 22:18;80;0
03-13-2010 22:19;0;0
03-13-2010 22:20;0;0
03-13-2010 22:21;3;0
03-13-2010 22:22;0;0
03-13-2010 22:23;0;0
03-13-2010 22:24;17;0
03-13-2010 22:25;605;0
03-13-2010 22:26;586;0
03-13-2010 22:27;304;0
03-13-2010 22:28;10;0
03-13-2010 22:29;111;0
03-13-2010 22:30;0;0
03-13-2010 22:31;3;0
03-13-2010 22:32;43;0
03-13-2010 22:33;28;0
03-13-2010 22:34;10;0
03-13-2010 22:35;29;0
03-13-2010 22:36;14;0
03-13-2010 22:37;3;0
03-13-2010 22:38;17;0
03-13-2010 22:39;131;0
03-13-2010 22:40;50;0
03-13-2010 22:41;0;0
03-13-2010 22:42;16;0
03-13-2010 22:43;21;0
03-13-2010 22:44;48;0
03-13-2010 22:45;69;0
03-13-2010 22:46;35;0
03-13-2010 22:47;232;0
03-13-2010 22:48;111;0
03-13-2010 22:49;216;0
03-13-2010 22:50;451;0
03-13-2010 22:51;384;0
03-13-2010 22:52;348;0
03-13-2010 22:53;266;0
03-13-2010 22:54;142;0
03-13-2010 22:55;137;0
03-13-2010 22:56;275;0
03-13-2010 22:57;33;0
03-13-2010 22:58;16;0
03-13-2010 22:59;121;0
03-13-2010 23:00;17;0
03-13-2010 23:01;336;0
03-13-2010 23:02;142;0
03-13-2010 23:03;73;0
03-13-2010 23:04;0;0
03-13-2010 23:05;0;0
03-13-2010 23:06;76;0
03-13-2010 23:07;175;0
03-13-2010 23:08;42;0
03-13-2010 23:09;0;0
03-13-2010 23:10;76;0
03-13-2010 23:11;121;0
03-13-2010 23:12;142;0
03-13-2010 23:13;111;0
03-13-2010 23:14;90;0
03-13-2010 23:15;10;0
03-13-2010 23:16;26;0
03-13-2010 23:17;3;0
03-13-2010 23:18;104;0
03-13-2010 23:19;137;0
03-13-2010 23:20;315;0
03-13-2010 23:21;733;0
03-13-2010 23:22;438;0
03-13-2010 23:23;16;0
03-13-2010 23:24;0;0
03-13-2010 23:25;0;0
03-13-2010 23:26;0;0
03-13-2010 23:27;0;0
03-13-2010 23:28;19;0
03-13-2010 23:29;0;0
03-13-2010 23:30;0;0
03-13-2010 23:31;0;0
03-13-2010 23:32;0;0
03-13-2010 23:33;0;0
03-13-2010 23:34;0;0
03-13-2010 23:35;0;0
03-13-2010 23:36;0;0
03-13-2010 23:37;0;0
03-13-2010 23:38;0;0
03-13-2010 23:39;0;0
03-13-2010 23:40;0;0
03-13-2010 23:41;0;0
03-13-2010 23:42;0;0
03-13-2010 23:43;0;0
03-13-2010 23:44;0;0
03-13-2010 23:45;0;0
03-13-2010 23:46;0;0
03-13-2010 23:47;0;0
03-13-2010 23:48;0;0
03-13-2010 23:49;0;0
03-13-2010 23:50;0;0
03-13-2010 23:51;0;0
03-13-2010 23:52;0;0
03-13-2010 23:53;0;0
03-13-2010 23:54;0;0
03-13-2010 23:55;0;0
03-13-2010 23:56;0;0
03-13-2010 23:57;0;0
03-13-2010 23:58;0;0
03-13-2010 23:59;0;0
03-14-2010 00:00;0;0
03-14-2010 00:01;0;0
03-14-2010 00:02;0;0
03-14-2010 00:03;0;0
03-14-2010 00:04;0;0
03-14-2010 00:05;0;0
03-14-2010 00:06;175;0
03-14-2010 00:07;0;0
03-14-2010 00:08;0;0
03-14-2010 00:09;0;0
03-14-2010 00:10;0;0
03-14-2010 00:11;0;0
03-14-2010 00:12;0;0
03-14-2010 00:13;0;0
03-14-2010 00:14;195;0
03-14-2010 00:15;0;0
03-14-2010 00:16;0;0
03-14-2010 00:17;0;0
03-14-2010 00:18;0;0
03-14-2010 00:19;0;0
03-14-2010 00:20;0;0
03-14-2010 00:21;0;0
03-14-2010 00:22;0;0
03-14-2010 00:23;0;0
03-14-2010 00:24;0;0
03-14-2010 00:25;0;0
03-14-2010 00:26;0;0
03-14-2010 00:27;0;0
03-14-2010 00:28;0;0
03-14-2010 00:29;451;0
03-14-2010 00:30;451;0
03-14-2010 00:31;438;0
03-14-2010 00:32;315;0
03-14-2010 00:33;9;0
03-14-2010 00:34;0;0
03-14-2010 00:35;0;0
03-14-2010 00:36;0;0
03-14-2010 00:37;0;0
03-14-2010 00:38;0;0
03-14-2010 00:39;0;0
03-14-2010 00:40;0;0
03-14-2010 00:41;0;0
03-14-2010 00:42;0;0
03-14-2010 00:43;0;0
03-14-2010 00:44;5;0
03-14-2010 00:45;0;0
03-14-2010 00:46;0;0
03-14-2010 00:47;0;0
03-14-2010 00:48;0;0
03-14-2010 00:49;0;0
03-14-2010 00:50;0;0
03-14-2010 00:51;0;0
03-14-2010 00:52;0;0
03-14-2010 00:53;0;0
03-14-2010 00:54;0;0
03-14-2010 00:55;0;0
03-14-2010 00:56;0;0
03-14-2010 00:57;7;0
03-14-2010 00:58;0;0
03-14-2010 00:59;0;0
03-14-2010 01:00;0;0
03-14-2010 01:01;0;0
03-14-2010 01:02;0;0
03-14-2010 01:03;0;0
03-14-2010 01:04;0;0
03-14-2010 01:05;0;0
03-14-2010 01:06;0;0
03-14-2010 01:07;0;0
03-14-2010 01:08;0;0
03-14-2010 01:09;0;0
03-14-2010 01:10;0;0
03-14-2010 01:11;0;0
03-14-2010 01:12;0;0
03-14-2010 01:13;0;0
03-14-2010 01:14;0;0
03-14-2010 01:15;0;0
03-14-2010 01:16;0;0
03-14-2010 01:17;0;0
03-14-2010 01:18;0;0
03-14-2010 01:19;0;0
03-14-2010 01:20;50;0
03-14-2010 01:21;0;0
03-14-2010 01:22;0;0
03-14-2010 01:23;0;0
03-14-2010 01:24;0;0
03-14-2010 01:25;111;0
03-14-2010 01:26;0;0
03-14-2010 01:27;31;0
03-14-2010 01:28;0;0
03-14-2010 01:29;0;0
03-14-2010 01:30;0;0
03-14-2010 01:31;0;0
03-14-2010 01:32;0;0
03-14-2010 01:33;0;0
03-14-2010 01:34;0;0
03-14-2010 01:35;0;0
03-14-2010 01:36;0;0
03-14-2010 01:37;0;0
03-14-2010 01:38;0;0
03-14-2010 01:39;0;0
03-14-2010 01:40;5;0
03-14-2010 01:41;0;0
03-14-2010 01:42;0;0
03-14-2010 01:43;0;0
03-14-2010 01:44;0;0
03-14-2010 01:45;0;0
03-14-2010 01:46;0;0
03-14-2010 01:47;0;0
03-14-2010 01:48;19;0
03-14-2010 01:49;0;0
03-14-2010 01:50;0;0
03-14-2010 01:51;0;0
03-14-2010 01:52;0;0
03-14-2010 01:53;3;0
03-14-2010 01:54;0;0
03-14-2010 01:55;0;0
03-14-2010 01:56;0;0
03-14-2010 01:57;0;0
03-14-2010 01:58;0;0
03-14-2010 01:59;0;0
03-14-2010 02:00;0;0
03-14-2010 02:01;0;0
03-14-2010 02:02;0;0
03-14-2010 02:03;36;0
03-14-2010 02:04;3;0
03-14-2010 02:05;0;0
03-14-2010 02:06;0;0
03-14-2010 02:07;0;0
03-14-2010 02:08;0;0
03-14-2010 02:09;0;0
03-14-2010 02:10;0;0
03-14-2010 02:11;10;0
03-14-2010 02:12;16;0
03-14-2010 02:13;0;0
03-14-2010 02:14;0;0
03-14-2010 02:15;0;0
03-14-2010 02:16;0;0
03-14-2010 02:17;0;0
03-14-2010 02:18;0;0
03-14-2010 02:19;62;0
03-14-2010 02:20;28;0
03-14-2010 02:21;0;0
03-14-2010 02:22;0;0
03-14-2010 02:23;22;0
03-14-2010 02:24;3;0
03-14-2010 02:25;0;0
03-14-2010 02:26;0;0
03-14-2010 02:27;0;0
03-14-2010 02:28;0;0
03-14-2010 02:29;80;0
03-14-2010 02:30;3;0
03-14-2010 02:31;3;0
03-14-2010 02:32;0;0
03-14-2010 02:33;0;0
03-14-2010 02:34;0;0
03-14-2010 02:35;0;0
03-14-2010 02:36;0;0
03-14-2010 02:37;0;0
03-14-2010 02:38;0;0
03-14-2010 02:39;0;0
03-14-2010 02:40;0;0
03-14-2010 02:41;0;0
03-14-2010 02:42;0;0
03-14-2010 02:43;0;0
03-14-2010 02:44;0;0
03-14-2010 02:45;0;0
03-14-2010 02:46;0;0
03-14-2010 02:47;0;0
03-14-2010 02:48;0;0
03-14-2010 02:49;0;0
03-14-2010 02:50;0;0
03-14-2010 02:51;43;0
03-14-2010 02:52;0;0
03-14-2010 02:53;0;0
03-14-2010 02:54;0;0
03-14-2010 02:55;0;0
03-14-2010 02:56;0;0
03-14-2010 02:57;0;0
03-14-2010 02:58;0;0
03-14-2010 02:59;0;0
03-14-2010 03:00;0;0
03-14-2010 03:01;0;0
03-14-2010 03:02;0;0
03-14-2010 03:03;0;0
03-14-2010 03:04;0;0
03-14-2010 03:05;0;0
03-14-2010 03:06;315;0
03-14-2010 03:07;0;0
03-14-2010 03:08;0;0
03-14-2010 03:09;24;0
03-14-2010 03:10;59;0
03-14-2010 03:11;0;0
03-14-2010 03:12;54;0
03-14-2010 03:13;33;0
03-14-2010 03:14;19;0
03-14-2010 03:15;0;0
03-14-2010 03:16;0;0
03-14-2010 03:17;0;0
03-14-2010 03:18;0;0
03-14-2010 03:19;0;0
03-14-2010 03:20;55;0
03-14-2010 03:21;22;0
03-14-2010 03:22;0;0
03-14-2010 03:23;0;0
03-14-2010 03:24;0;0
03-14-2010 03:25;0;0
03-14-2010 03:26;0;0
03-14-2010 03:27;0;0
03-14-2010 03:28;0;0
03-14-2010 03:29;0;0
03-14-2010 03:30;22;0
03-14-2010 03:31;0;0
03-14-2010 03:32;147;0
03-14-2010 03:33;36;0
03-14-2010 03:34;0;0
03-14-2010 03:35;0;0
03-14-2010 03:36;0;0
03-14-2010 03:37;0;0
03-14-2010 03:38;0;0
03-14-2010 03:39;0;0
03-14-2010 03:40;0;0
03-14-2010 03:41;0;0
03-14-2010 03:42;0;0
03-14-2010 03:43;0;0
03-14-2010 03:44;0;0
03-14-2010 03:45;0;0
03-14-2010 03:46;0;0
03-14-2010 03:47;0;0
03-14-2010 03:48;0;0
03-14-2010 03:49;0;0
03-14-2010 03:50;0;0
03-14-2010 03:51;0;0
03-14-2010 03:52;0;0
03-14-2010 03:53;0;0
03-14-2010 03:54;0;0
03-14-2010 03:55;0;0
03-14-2010 03:56;0;0
03-14-2010 03:57;0;0
03-14-2010 03:58;0;0
03-14-2010 03:59;0;0
03-14-2010 04:00;0;0
03-14-2010 04:01;0;0
03-14-2010 04:02;0;0
03-14-2010 04:03;0;0
03-14-2010 04:04;0;0
03-14-2010 04:05;0;0
03-14-2010 04:06;0;0
03-14-2010 04:07;0;0
03-14-2010 04:08;0;0
03-14-2010 04:09;104;0
03-14-2010 04:10;0;0
03-14-2010 04:11;40;0
03-14-2010 04:12;0;0
03-14-2010 04:13;0;0
03-14-2010 04:14;45;0
03-14-2010 04:15;0;0
03-14-2010 04:16;0;0
03-14-2010 04:17;0;0
03-14-2010 04:18;0;0
03-14-2010 04:19;0;0
03-14-2010 04:20;0;0
03-14-2010 04:21;0;0
03-14-2010 04:22;0;0
03-14-2010 04:23;0;0
03-14-2010 04:24;0;0
03-14-2010 04:25;22;0
03-14-2010 04:26;19;0
03-14-2010 04:27;0;0
03-14-2010 04:28;0;0
03-14-2010 04:29;0;0
03-14-2010 04:30;0;0
03-14-2010 04:31;0;0
03-14-2010 04:32;0;0
03-14-2010 04:33;0;0
03-14-2010 04:34;0;0
03-14-2010 04:35;0;0
03-14-2010 04:36;0;0
03-14-2010 04:37;0;0
03-14-2010 04:38;0;0
03-14-2010 04:39;0;0
03-14-2010 04:40;0;0
03-14-2010 04:41;7;0
03-14-2010 04:42;0;0
03-14-2010 04:43;0;0
03-14-2010 04:44;0;0
03-14-2010 04:45;0;0
03-14-2010 04:46;0;0
03-14-2010 04:47;0;0
03-14-2010 04:48;0;0
03-14-2010 04:49;0;0
03-14-2010 04:50;0;0
03-14-2010 04:51;48;0
03-14-2010 04:52;0;0
03-14-2010 04:53;0;0
03-14-2010 04:54;0;0
03-14-2010 04:55;0;0
03-14-2010 04:56;0;0
03-14-2010 04:57;137;0
03-14-2010 04:58;0;0
03-14-2010 04:59;0;0
03-14-2010 05:00;0;0
03-14-2010 05:01;0;0
03-14-2010 05:02;0;0
03-14-2010 05:03;0;0
03-14-2010 05:04;55;0
03-14-2010 05:05;12;0
03-14-2010 05:06;9;0
03-14-2010 05:07;0;0
03-14-2010 05:08;0;0
03-14-2010 05:09;126;0
03-14-2010 05:10;0;0
03-14-2010 05:11;0;0
03-14-2010 05:12;0;0
03-14-2010 05:13;0;0
03-14-2010 05:14;0;0
03-14-2010 05:15;104;0
03-14-2010 05:16;0;0
03-14-2010 05:17;0;0
03-14-2010 05:18;0;0
03-14-2010 05:19;80;0
03-14-2010 05:20;12;0
03-14-2010 05:21;43;0
03-14-2010 05:22;0;0
03-14-2010 05:23;0;0
03-14-2010 05:24;0;0
03-14-2010 05:25;0;0
03-14-2010 05:26;0;0
03-14-2010 05:27;0;0
03-14-2010 05:28;0;0
03-14-2010 05:29;0;0
03-14-2010 05:30;0;0
03-14-2010 05:31;62;0
03-14-2010 05:32;0;0
03-14-2010 05:33;0;0
03-14-2010 05:34;0;0
03-14-2010 05:35;73;0
03-14-2010 05:36;0;0
03-14-2010 05:37;0;0
03-14-2010 05:38;19;0
03-14-2010 05:39;0;0
03-14-2010 05:40;0;0
03-14-2010 05:41;0;0
03-14-2010 05:42;0;0
03-14-2010 05:43;31;0
03-14-2010 05:44;0;0
03-14-2010 05:45;0;0
03-14-2010 05:46;66;0
03-14-2010 05:47;0;0
03-14-2010 05:48;0;0
03-14-2010 05:49;0;0
03-14-2010 05:50;50;0
03-14-2010 05:51;0;0
03-14-2010 05:52;0;0
03-14-2010 05:53;0;0
03-14-2010 05:54;0;0
03-14-2010 05:55;0;0
03-14-2010 05:56;0;0
03-14-2010 05:57;0;0
03-14-2010 05:58;0;0
03-14-2010 05:59;0;0
03-14-2010 06:00;0;0
03-14-2010 06:01;0;0
03-14-2010 06:02;0;0
03-14-2010 06:03;0;0
03-14-2010 06:04;0;0
03-14-2010 06:05;0;0
03-14-2010 06:06;22;0
03-14-2010 06:07;0;0
03-14-2010 06:08;31;0
03-14-2010 06:09;0;0
03-14-2010 06:10;22;0
03-14-2010 06:11;0;0
03-14-2010 06:12;0;0
03-14-2010 06:13;0;0
03-14-2010 06:14;0;0
03-14-2010 06:15;0;0
03-14-2010 06:16;0;0
03-14-2010 06:17;0;0
03-14-2010 06:18;0;0
03-14-2010 06:19;24;0
03-14-2010 06:20;0;0
03-14-2010 06:21;0;0
03-14-2010 06:22;0;0
03-14-2010 06:23;0;0
03-14-2010 06:24;29;0
03-14-2010 06:25;0;0
03-14-2010 06:26;0;0
03-14-2010 06:27;10;0
03-14-2010 06:28;0;0
03-14-2010 06:29;0;0
03-14-2010 06:30;0;0
03-14-2010 06:31;66;0
03-14-2010 06:32;0;0
03-14-2010 06:33;0;0
03-14-2010 06:34;16;0
03-14-2010 06:35;175;0
03-14-2010 06:36;918;1
03-14-2010 06:37;515;0
03-14-2010 06:38;275;0
03-14-2010 06:39;0;0
03-14-2010 06:40;35;0
03-14-2010 06:41;47;0
03-14-2010 06:42;0;0
03-14-2010 06:43;0;0
03-14-2010 06:44;0;0
03-14-2010 06:45;0;0
03-14-2010 06:46;266;0
03-14-2010 06:47;111;0
03-14-2010 06:48;0;0
03-14-2010 06:49;0;0
03-14-2010 06:50;69;0
03-14-2010 06:51;0;0
03-14-2010 06:52;0;0
03-14-2010 06:53;0;0
03-14-2010 06:54;28;0
03-14-2010 06:55;42;0
03-14-2010 06:56;0;0
03-14-2010 06:57;0;0
03-14-2010 06:58;0;0
03-14-2010 06:59;7;0
03-14-2010 07:00;0;0
03-14-2010 07:01;43;0
03-14-2010 07:02;0;0
03-14-2010 07:03;0;0
03-14-2010 07:04;5;0
03-14-2010 07:05;0;0
03-14-2010 07:06;0;0
03-14-2010 07:07;76;0
03-14-2010 07:08;0;0
03-14-2010 07:09;0;0
03-14-2010 07:10;0;0
03-14-2010 07:11;0;0
03-14-2010 07:12;0;0
03-14-2010 07:13;54;0
03-14-2010 07:14;0;0
03-14-2010 07:15;0;0
03-14-2010 07:16;90;0
03-14-2010 07:17;0;0
03-14-2010 07:18;0;0
03-14-2010 07:19;0;0
03-14-2010 07:20;0;0
03-14-2010 07:21;0;0
03-14-2010 07:22;0;0
03-14-2010 07:23;104;0
03-14-2010 07:24;40;0
03-14-2010 07:25;121;0
03-14-2010 07:26;157;0
03-14-2010 07:27;202;0
03-14-2010 07:28;12;0
03-14-2010 07:29;111;0
03-14-2010 07:30;21;0
03-14-2010 07:31;315;0
03-14-2010 07:32;80;0
03-14-2010 07:33;36;0
03-14-2010 07:34;3;0
03-14-2010 07:35;0;0
03-14-2010 07:36;0;0
03-14-2010 07:37;26;0
03-14-2010 07:38;0;0
03-14-2010 07:39;0;0
03-14-2010 07:40;0;0
03-14-2010 07:41;0;0
03-14-2010 07:42;48;0
03-14-2010 07:43;48;0
03-14-2010 07:44;0;0
03-14-2010 07:45;0;0
03-14-2010 07:46;3;0
03-14-2010 07:47;0;0
03-14-2010 07:48;12;0
03-14-2010 07:49;0;0
03-14-2010 07:50;0;0
03-14-2010 07:51;76;0
03-14-2010 07:52;0;0
03-14-2010 07:53;0;0
03-14-2010 07:54;0;0
03-14-2010 07:55;0;0
03-14-2010 07:56;0;0
03-14-2010 07:57;83;0
03-14-2010 07:58;0;0
03-14-2010 07:59;0;0
03-14-2010 08:00;42;0
03-14-2010 08:01;0;0
03-14-2010 08:02;0;0
03-14-2010 08:03;0;0
03-14-2010 08:04;0;0
03-14-2010 08:05;0;0
03-14-2010 08:06;0;0
03-14-2010 08:07;0;0
03-14-2010 08:08;0;0
03-14-2010 08:09;0;0
03-14-2010 08:10;0;0
03-14-2010 08:11;0;0
03-14-2010 08:12;240;0
03-14-2010 08:13;40;0
03-14-2010 08:14;0;0
03-14-2010 08:15;0;0
03-14-2010 08:16;17;0
03-14-2010 08:17;38;0
03-14-2010 08:18;0;0
03-14-2010 08:19;0;0
03-14-2010 08:20;0;0
03-14-2010 08:21;0;0
03-14-2010 08:22;0;0
03-14-2010 08:23;0;0
03-14-2010 08:24;0;0
03-14-2010 08:25;0;0
03-14-2010 08:26;0;0
03-14-2010 08:27;0;0
03-14-2010 08:28;0;0
03-14-2010 08:29;0;0
03-14-2010 08:30;0;0
03-14-2010 08:31;0;0
03-14-2010 08:32;0;0
03-14-2010 08:33;0;0
03-14-2010 08:34;0;0
03-14-2010 08:35;0;0
03-14-2010 08:36;0;0
03-14-2010 08:37;5;0
03-14-2010 08:38;0;0
03-14-2010 08:39;0;0
03-14-2010 08:40;55;0
03-14-2010 08:41;97;0
03-14-2010 08:42;0;0
03-14-2010 08:43;14;0
03-14-2010 08:44;16;0
03-14-2010 08:45;0;0
03-14-2010 08:46;0;0
03-14-2010 08:47;0;0
03-14-2010 08:48;0;0
03-14-2010 08:49;80;0
03-14-2010 08:50;0;0
03-14-2010 08:51;0;0
03-14-2010 08:52;0;0
03-14-2010 08:53;0;0
03-14-2010 08:54;0;0
03-14-2010 08:55;157;0
03-14-2010 08:56;90;0
03-14-2010 08:57;0;0
03-14-2010 08:58;0;0
03-14-2010 08:59;0;0
03-14-2010 09:00;0;0
03-14-2010 09:01;0;0
03-14-2010 09:02;111;0
03-14-2010 09:03;0;0
03-14-2010 09:04;0;0
03-14-2010 09:05;116;0
03-14-2010 09:06;711;0
03-14-2010 09:07;605;0
03-14-2010 09:08;1010;1
03-14-2010 09:09;586;0
03-14-2010 09:10;688;0
03-14-2010 09:11;195;0
03-14-2010 09:12;2084;1
03-14-2010 09:13;384;0
03-14-2010 09:14;372;0
03-14-2010 09:15;35;0
03-14-2010 09:16;0;0
03-14-2010 09:17;808;0
03-14-2010 09:18;782;0
03-14-2010 09:19;126;0
03-14-2010 09:20;467;0
03-14-2010 09:21;979;1
03-14-2010 09:22;1839;1
03-14-2010 09:23;533;0
03-14-2010 09:24;93;0
03-14-2010 09:25;3;0
03-14-2010 09:26;0;0
03-14-2010 09:27;0;0
03-14-2010 09:28;12;0
03-14-2010 09:29;3;0
03-14-2010 09:30;3;0
03-14-2010 09:31;14;0
03-14-2010 09:32;111;0
03-14-2010 09:33;62;0
03-14-2010 09:34;59;0
03-14-2010 09:35;50;0
03-14-2010 09:36;104;0
03-14-2010 09:37;152;0
03-14-2010 09:38;12;0
03-14-2010 09:39;36;0
03-14-2010 09:40;26;0
03-14-2010 09:41;0;0
03-14-2010 09:42;0;0
03-14-2010 09:43;0;0
03-14-2010 09:44;17;0
03-14-2010 09:45;3;0
03-14-2010 09:46;0;0
03-14-2010 09:47;86;0
03-14-2010 09:48;0;0
03-14-2010 09:49;93;0
03-14-2010 09:50;483;0
03-14-2010 09:51;73;0
03-14-2010 09:52;7;0
03-14-2010 09:53;73;0
03-14-2010 09:54;104;0
03-14-2010 09:55;93;0
03-14-2010 09:56;0;0
03-14-2010 09:57;83;0
03-14-2010 09:58;12;0
03-14-2010 09:59;0;0
03-14-2010 10:00;76;0
03-14-2010 10:01;10;0
03-14-2010 10:02;55;0
03-14-2010 10:03;50;0
03-14-2010 10:04;605;0
03-14-2010 10:05;325;0
03-14-2010 10:06;348;0
03-14-2010 10:07;396;0
03-14-2010 10:08;372;0
03-14-2010 10:09;515;0
03-14-2010 10:10;550;0
03-14-2010 10:11;121;0
03-14-2010 10:12;0;0
03-14-2010 10:13;10;0
03-14-2010 10:14;0;0
03-14-2010 10:15;69;0
03-14-2010 10:16;0;0
03-14-2010 10:17;80;0
03-14-2010 10:18;14;0
03-14-2010 10:19;0;0
03-14-2010 10:20;0;0
03-14-2010 10:21;47;0
03-14-2010 10:22;93;0
03-14-2010 10:23;3;0
03-14-2010 10:24;0;0
03-14-2010 10:25;0;0
03-14-2010 10:26;0;0
03-14-2010 10:27;0;0
03-14-2010 10:28;0;0
03-14-2010 10:29;0;0
03-14-2010 10:30;0;0
03-14-2010 10:31;0;0
03-14-2010 10:32;0;0
03-14-2010 10:33;76;0
03-14-2010 10:34;1076;1
03-14-2010 10:35;979;1
03-14-2010 10:36;1571;1
03-14-2010 10:37;1475;1
03-14-2010 10:38;1522;1
03-14-2010 10:39;758;0
03-14-2010 10:40;1010;1
03-14-2010 10:41;834;0
03-14-2010 10:42;1110;1
03-14-2010 10:43;808;0
03-14-2010 10:44;979;1
03-14-2010 10:45;948;1
03-14-2010 10:46;107;0
03-14-2010 10:47;0;0
03-14-2010 10:48;0;0
03-14-2010 10:49;0;0
03-14-2010 10:50;0;0
03-14-2010 10:51;0;0
03-14-2010 10:52;0;0
03-14-2010 10:53;33;0
03-14-2010 10:54;0;0
03-14-2010 10:55;0;0
03-14-2010 10:56;0;0
03-14-2010 10:57;1043;1
03-14-2010 10:58;666;0
03-14-2010 10:59;100;0
03-14-2010 11:00;0;0
03-14-2010 11:01;889;1
03-14-2010 11:02;733;0
03-14-2010 11:03;223;0
03-14-2010 11:04;438;0
03-14-2010 11:05;483;0
03-14-2010 11:06;157;0
03-14-2010 11:07;59;0
03-14-2010 11:08;711;0
03-14-2010 11:09;182;0
03-14-2010 11:10;168;0
03-14-2010 11:11;116;0
03-14-2010 11:12;157;0
03-14-2010 11:13;48;0
03-14-2010 11:14;0;0
03-14-2010 11:15;62;0
03-14-2010 11:16;0;0
03-14-2010 11:17;121;0
03-14-2010 11:18;861;0
03-14-2010 11:19;189;0
03-14-2010 11:20;137;0
03-14-2010 11:21;142;0
03-14-2010 11:22;189;0
03-14-2010 11:23;12;0
03-14-2010 11:24;0;0
03-14-2010 11:25;152;0
03-14-2010 11:26;33;0
03-14-2010 11:27;35;0
03-14-2010 11:28;17;0
03-14-2010 11:29;0;0
03-14-2010 11:30;3;0
03-14-2010 11:31;550;0
03-14-2010 11:32;0;0
03-14-2010 11:33;0;0
03-14-2010 11:34;240;0
03-14-2010 11:35;284;0
03-14-2010 11:36;3;0
03-14-2010 11:37;43;0
03-14-2010 11:38;0;0
03-14-2010 11:39;0;0
03-14-2010 11:40;3;0
03-14-2010 11:41;0;0
03-14-2010 11:42;10;0
03-14-2010 11:43;66;0
03-14-2010 11:44;12;0
03-14-2010 11:45;0;0
03-14-2010 11:46;0;0
03-14-2010 11:47;21;0
03-14-2010 11:48;29;0
03-14-2010 11:49;0;0
03-14-2010 11:50;0;0
03-14-2010 11:51;21;0
03-14-2010 11:52;3;0
03-14-2010 11:53;22;0
03-14-2010 11:54;36;0
03-14-2010 11:55;83;0
03-14-2010 11:56;54;0
03-14-2010 11:57;209;0
03-14-2010 11:58;0;0
03-14-2010 11:59;111;0
03-14-2010 12:00;42;0
03-14-2010 12:01;7;0
03-14-2010 12:02;76;0
03-14-2010 12:03;0;0
03-14-2010 12:04;36;0
03-14-2010 12:05;163;0
03-14-2010 12:06;142;0
03-14-2010 12:07;76;0
03-14-2010 12:08;33;0
03-14-2010 12:09;189;0
03-14-2010 12:10;275;0
03-14-2010 12:11;360;0
03-14-2010 12:12;275;0
03-14-2010 12:13;131;0
03-14-2010 12:14;294;0
03-14-2010 12:15;209;0
03-14-2010 12:16;10;0
03-14-2010 12:17;59;0
03-14-2010 12:18;45;0
03-14-2010 12:19;533;0
03-14-2010 12:20;645;0
03-14-2010 12:21;28;0
03-14-2010 12:22;733;0
03-14-2010 12:23;1076;1
03-14-2010 12:24;131;0
03-14-2010 12:25;0;0
03-14-2010 12:26;0;0
03-14-2010 12:27;83;0
03-14-2010 12:28;567;0
03-14-2010 12:29;232;0
03-14-2010 12:30;47;0
03-14-2010 12:31;93;0
03-14-2010 12:32;0;0
03-14-2010 12:33;0;0
03-14-2010 12:34;0;0
03-14-2010 12:35;0;0
03-14-2010 12:36;76;0
03-14-2010 12:37;14;0
03-14-2010 12:38;0;0
03-14-2010 12:39;0;0
03-14-2010 12:40;104;0
03-14-2010 12:41;29;0
03-14-2010 12:42;0;0
03-14-2010 12:43;0;0
03-14-2010 12:44;12;0
03-14-2010 12:45;266;0
03-14-2010 12:46;0;0
03-14-2010 12:47;0;0
03-14-2010 12:48;5;0
03-14-2010 12:49;0;0
03-14-2010 12:50;315;0
03-14-2010 12:51;223;0
03-14-2010 12:52;52;0
03-14-2010 12:53;111;0
03-14-2010 12:54;0;0
03-14-2010 12:55;0;0
03-14-2010 12:56;0;0
03-14-2010 12:57;16;0
03-14-2010 12:58;31;0
03-14-2010 12:59;33;0
03-14-2010 13:00;12;0
03-14-2010 13:01;31;0
03-14-2010 13:02;22;0
03-14-2010 13:03;0;0
03-14-2010 13:04;147;0
03-14-2010 13:05;451;0
03-14-2010 13:06;567;0
03-14-2010 13:07;1147;1
03-14-2010 13:08;550;0
03-14-2010 13:09;688;0
03-14-2010 13:10;567;0
03-14-2010 13:11;666;0
03-14-2010 13:12;410;0
03-14-2010 13:13;498;0
03-14-2010 13:14;52;0
03-14-2010 13:15;0;0
03-14-2010 13:16;28;0
03-14-2010 13:17;157;0
03-14-2010 13:18;131;0
03-14-2010 13:19;0;0
03-14-2010 13:20;0;0
03-14-2010 13:21;0;0
03-14-2010 13:22;0;0
03-14-2010 13:23;0;0
03-14-2010 13:24;0;0
03-14-2010 13:25;0;0
03-14-2010 13:26;0;0
03-14-2010 13:27;0;0
03-14-2010 13:28;0;0
03-14-2010 13:29;0;0
03-14-2010 13:30;0;0
03-14-2010 13:31;0;0
03-14-2010 13:32;28;0
03-14-2010 13:33;31;0
03-14-2010 13:34;31;0
03-14-2010 13:35;22;0
03-14-2010 13:36;325;0
03-14-2010 13:37;451;0
03-14-2010 13:38;275;0
03-14-2010 13:39;26;0
03-14-2010 13:40;0;0
03-14-2010 13:41;0;0
03-14-2010 13:42;3;0
03-14-2010 13:43;0;0
03-14-2010 13:44;55;0
03-14-2010 13:45;31;0
03-14-2010 13:46;0;0
03-14-2010 13:47;47;0
03-14-2010 13:48;758;0
03-14-2010 13:49;624;0
03-14-2010 13:50;979;1
03-14-2010 13:51;152;0
03-14-2010 13:52;410;0
03-14-2010 13:53;1010;1
03-14-2010 13:54;275;0
03-14-2010 13:55;22;0
03-14-2010 13:56;21;0
03-14-2010 13:57;17;0
03-14-2010 13:58;73;0
03-14-2010 13:59;52;0
03-14-2010 14:00;315;0
03-14-2010 14:01;216;0
03-14-2010 14:02;451;0
03-14-2010 14:03;396;0
03-14-2010 14:04;498;0
03-14-2010 14:05;550;0
03-14-2010 14:06;33;0
03-14-2010 14:07;26;0
03-14-2010 14:08;9;0
03-14-2010 14:09;163;0
03-14-2010 14:10;467;0
03-14-2010 14:11;533;0
03-14-2010 14:12;336;0
03-14-2010 14:13;80;0
03-14-2010 14:14;21;0
03-14-2010 14:15;29;0
03-14-2010 14:16;33;0
03-14-2010 14:17;14;0
03-14-2010 14:18;16;0
03-14-2010 14:19;12;0
03-14-2010 14:20;104;0
03-14-2010 14:21;168;0
03-14-2010 14:22;62;0
03-14-2010 14:23;175;0
03-14-2010 14:24;83;0
03-14-2010 14:25;240;0
03-14-2010 14:26;121;0
03-14-2010 14:27;232;0
03-14-2010 14:28;137;0
03-14-2010 14:29;62;0
03-14-2010 14:30;62;0
03-14-2010 14:31;360;0
03-14-2010 14:32;533;0
03-14-2010 14:33;137;0
03-14-2010 14:34;14;0
03-14-2010 14:35;284;0
03-14-2010 14:36;396;0
03-14-2010 14:37;1076;1
03-14-2010 14:38;1221;1
03-14-2010 14:39;733;0
03-14-2010 14:40;645;0
03-14-2010 14:41;711;0
03-14-2010 14:42;861;0
03-14-2010 14:43;1010;1
03-14-2010 14:44;1043;1
03-14-2010 14:45;0;0
03-14-2010 14:46;0;0
03-14-2010 14:47;0;0
03-14-2010 14:48;12;0
03-14-2010 14:49;50;0
03-14-2010 14:50;384;0
03-14-2010 14:51;0;0
03-14-2010 14:52;157;0
03-14-2010 14:53;40;0
03-14-2010 14:54;0;0
03-14-2010 14:55;0;0
03-14-2010 14:56;17;0
03-14-2010 14:57;62;0
03-14-2010 14:58;66;0
03-14-2010 14:59;1043;1
03-14-2010 15:00;0;0
03-14-2010 15:01;0;0
03-14-2010 15:02;0;0
03-14-2010 15:03;0;0
03-14-2010 15:04;0;0
03-14-2010 15:05;0;0
03-14-2010 15:06;0;0
03-14-2010 15:07;0;0
03-14-2010 15:08;0;0
03-14-2010 15:09;0;0
03-14-2010 15:10;0;0
03-14-2010 15:11;0;0
03-14-2010 15:12;0;0
03-14-2010 15:13;0;0
03-14-2010 15:14;0;0
03-14-2010 15:15;0;0
03-14-2010 15:16;0;0
03-14-2010 15:17;33;0
03-14-2010 15:18;0;0
03-14-2010 15:19;0;0
03-14-2010 15:20;0;0
03-14-2010 15:21;0;0
03-14-2010 15:22;410;0
03-14-2010 15:23;861;0
03-14-2010 15:24;733;0
03-14-2010 15:25;1621;1
03-14-2010 15:26;889;1
03-14-2010 15:27;550;0
03-14-2010 15:28;567;0
03-14-2010 15:29;808;0
03-14-2010 15:30;782;0
03-14-2010 15:31;918;1
03-14-2010 15:32;808;0
03-14-2010 15:33;645;0
03-14-2010 15:34;688;0
03-14-2010 15:35;1043;1
03-14-2010 15:36;861;0
03-14-2010 15:37;758;0
03-14-2010 15:38;438;0
03-14-2010 15:39;336;0
03-14-2010 15:40;80;0
03-14-2010 15:41;284;0
03-14-2010 15:42;16;0
03-14-2010 15:43;3;0
03-14-2010 15:44;0;0
03-14-2010 15:45;73;0
03-14-2010 15:46;90;0
03-14-2010 15:47;1010;1
03-14-2010 15:48;782;0
03-14-2010 15:49;467;0
03-14-2010 15:50;483;0
03-14-2010 15:51;336;0
03-14-2010 15:52;451;0
03-14-2010 15:53;26;0
03-14-2010 15:54;0;0
03-14-2010 15:55;0;0
03-14-2010 15:56;0;0
03-14-2010 15:57;0;0
03-14-2010 15:58;0;0
03-14-2010 15:59;0;0
03-14-2010 16:00;0;0
03-14-2010 16:01;0;0
03-14-2010 16:02;0;0
03-14-2010 16:03;0;0
03-14-2010 16:04;0;0
03-14-2010 16:05;21;0
03-14-2010 16:06;59;0
03-14-2010 16:07;14;0
03-14-2010 16:08;3;0
03-14-2010 16:09;14;0
03-14-2010 16:10;0;0
03-14-2010 16:11;0;0
03-14-2010 16:12;175;0
03-14-2010 16:13;294;0
03-14-2010 16:14;55;0
03-14-2010 16:15;223;0
03-14-2010 16:16;31;0
03-14-2010 16:17;175;0
03-14-2010 16:18;0;0
03-14-2010 16:19;157;0
03-14-2010 16:20;3;0
03-14-2010 16:21;567;0
03-14-2010 16:22;325;0
03-14-2010 16:23;249;0
03-14-2010 16:24;232;0
03-14-2010 16:25;733;0
03-14-2010 16:26;733;0
03-14-2010 16:27;1076;1
03-14-2010 16:28;315;0
03-14-2010 16:29;515;0
03-14-2010 16:30;384;0
03-14-2010 16:31;467;0
03-14-2010 16:32;315;0
03-14-2010 16:33;131;0
03-14-2010 16:34;16;0
03-14-2010 16:35;182;0
03-14-2010 16:36;97;0
03-14-2010 16:37;62;0
03-14-2010 16:38;0;0
03-14-2010 16:39;0;0
03-14-2010 16:40;131;0
03-14-2010 16:41;1522;1
03-14-2010 16:42;372;0
03-14-2010 16:43;48;0
03-14-2010 16:44;93;0
03-14-2010 16:45;168;0
03-14-2010 16:46;116;0
03-14-2010 16:47;889;1
03-14-2010 16:48;688;0
03-14-2010 16:49;93;0
03-14-2010 16:50;3;0
03-14-2010 16:51;17;0
03-14-2010 16:52;83;0
03-14-2010 16:53;266;0
03-14-2010 16:54;266;0
03-14-2010 16:55;498;0
03-14-2010 16:56;131;0
03-14-2010 16:57;0;0
03-14-2010 16:58;3;0
03-14-2010 16:59;126;0
03-14-2010 17:00;384;0
03-14-2010 17:01;131;0
03-14-2010 17:02;19;0
03-14-2010 17:03;0;0
03-14-2010 17:04;48;0
03-14-2010 17:05;0;0
03-14-2010 17:06;0;0
03-14-2010 17:07;0;0
03-14-2010 17:08;90;0
03-14-2010 17:09;10;0
03-14-2010 17:10;66;0
03-14-2010 17:11;38;0
03-14-2010 17:12;42;0
03-14-2010 17:13;0;0
03-14-2010 17:14;0;0
03-14-2010 17:15;0;0
03-14-2010 17:16;3;0
03-14-2010 17:17;86;0
03-14-2010 17:18;0;0
03-14-2010 17:19;22;0
03-14-2010 17:20;3;0
03-14-2010 17:21;0;0
03-14-2010 17:22;73;0
03-14-2010 17:23;304;0
03-14-2010 17:24;189;0
03-14-2010 17:25;294;0
03-14-2010 17:26;232;0
03-14-2010 17:27;17;0
03-14-2010 17:28;0;0
03-14-2010 17:29;3;0
03-14-2010 17:30;202;0
03-14-2010 17:31;3;0
03-14-2010 17:32;0;0
03-14-2010 17:33;0;0
03-14-2010 17:34;0;0
03-14-2010 17:35;0;0
03-14-2010 17:36;0;0
03-14-2010 17:37;0;0
03-14-2010 17:38;249;0
03-14-2010 17:39;1043;1
03-14-2010 17:40;45;0
03-14-2010 17:41;0;0
03-14-2010 17:42;19;0
03-14-2010 17:43;5;0
03-14-2010 17:44;0;0
03-14-2010 17:45;10;0
03-14-2010 17:46;10;0
03-14-2010 17:47;0;0
03-14-2010 17:48;0;0
03-14-2010 17:49;5;0
03-14-2010 17:50;0;0
03-14-2010 17:51;0;0
03-14-2010 17:52;9;0
03-14-2010 17:53;0;0
03-14-2010 17:54;0;0
03-14-2010 17:55;216;0
03-14-2010 17:56;372;0
03-14-2010 17:57;360;0
03-14-2010 17:58;284;0
03-14-2010 17:59;26;0
03-14-2010 18:00;5;0
03-14-2010 18:01;0;0
03-14-2010 18:02;47;0
03-14-2010 18:03;10;0
03-14-2010 18:04;16;0
03-14-2010 18:05;33;0
03-14-2010 18:06;24;0
03-14-2010 18:07;0;0
03-14-2010 18:08;9;0
03-14-2010 18:09;116;0
03-14-2010 18:10;14;0
03-14-2010 18:11;223;0
03-14-2010 18:12;12;0
03-14-2010 18:13;10;0
03-14-2010 18:14;0;0
03-14-2010 18:15;22;0
03-14-2010 18:16;24;0
03-14-2010 18:17;3;0
03-14-2010 18:18;24;0
03-14-2010 18:19;0;0
03-14-2010 18:20;17;0
03-14-2010 18:21;55;0
03-14-2010 18:22;0;0
03-14-2010 18:23;0;0
03-14-2010 18:24;10;0
03-14-2010 18:25;16;0
03-14-2010 18:26;586;0
03-14-2010 18:27;396;0
03-14-2010 18:28;438;0
03-14-2010 18:29;467;0
03-14-2010 18:30;979;1
03-14-2010 18:31;918;1
03-14-2010 18:32;372;0
03-14-2010 18:33;100;0
03-14-2010 18:34;0;0
03-14-2010 18:35;202;0
03-14-2010 18:36;66;0
03-14-2010 18:37;33;0
03-14-2010 18:38;0;0
03-14-2010 18:39;21;0
03-14-2010 18:40;0;0
03-14-2010 18:41;5;0
03-14-2010 18:42;38;0
03-14-2010 18:43;9;0
03-14-2010 18:44;0;0
03-14-2010 18:45;19;0
03-14-2010 18:46;0;0
03-14-2010 18:47;0;0
03-14-2010 18:48;0;0
03-14-2010 18:49;0;0
03-14-2010 18:50;0;0
03-14-2010 18:51;0;0
03-14-2010 18:52;0;0
03-14-2010 18:53;16;0
03-14-2010 18:54;483;0
03-14-2010 18:55;666;0
03-14-2010 18:56;232;0
03-14-2010 18:57;467;0
03-14-2010 18:58;666;0
03-14-2010 18:59;294;0
03-14-2010 19:00;28;0
03-14-2010 19:01;0;0
03-14-2010 19:02;7;0
03-14-2010 19:03;157;0
03-14-2010 19:04;0;0
03-14-2010 19:05;0;0
03-14-2010 19:06;0;0
03-14-2010 19:07;5;0
03-14-2010 19:08;0;0
03-14-2010 19:09;12;0
03-14-2010 19:10;14;0
03-14-2010 19:11;0;0
03-14-2010 19:12;0;0
03-14-2010 19:13;0;0
03-14-2010 19:14;5;0
03-14-2010 19:15;0;0
03-14-2010 19:16;0;0
03-14-2010 19:17;195;0
03-14-2010 19:18;325;0
03-14-2010 19:19;104;0
03-14-2010 19:20;3;0
03-14-2010 19:21;232;0
03-14-2010 19:22;189;0
03-14-2010 19:23;232;0
03-14-2010 19:24;223;0
03-14-2010 19:25;111;0
03-14-2010 19:26;80;0
03-14-2010 19:27;3;0
03-14-2010 19:28;36;0
03-14-2010 19:29;7;0
03-14-2010 19:30;21;0
03-14-2010 19:31;55;0
03-14-2010 19:32;100;0
03-14-2010 19:33;147;0
03-14-2010 19:34;66;0
03-14-2010 19:35;104;0
03-14-2010 19:36;83;0
03-14-2010 19:37;131;0
03-14-2010 19:38;14;0
03-14-2010 19:39;52;0
03-14-2010 19:40;9;0
03-14-2010 19:41;35;0
03-14-2010 19:42;86;0
03-14-2010 19:43;182;0
03-14-2010 19:44;175;0
03-14-2010 19:45;666;0
03-14-2010 19:46;360;0
03-14-2010 19:47;861;0
03-14-2010 19:48;979;1
03-14-2010 19:49;688;0
03-14-2010 19:50;605;0
03-14-2010 19:51;168;0
03-14-2010 19:52;360;0
03-14-2010 19:53;483;0
03-14-2010 19:54;315;0
03-14-2010 19:55;26;0
03-14-2010 19:56;0;0
03-14-2010 19:57;438;0
03-14-2010 19:58;711;0
03-14-2010 19:59;62;0
03-14-2010 20:00;86;0
03-14-2010 20:01;861;0
03-14-2010 20:02;498;0
03-14-2010 20:03;586;0
03-14-2010 20:04;348;0
03-14-2010 20:05;266;0
03-14-2010 20:06;223;0
03-14-2010 20:07;249;0
03-14-2010 20:08;438;0
03-14-2010 20:09;3;0
03-14-2010 20:10;0;0
03-14-2010 20:11;0;0
03-14-2010 20:12;0;0
03-14-2010 20:13;249;0
03-14-2010 20:14;372;0
03-14-2010 20:15;550;0
03-14-2010 20:16;533;0
03-14-2010 20:17;688;0
03-14-2010 20:18;1221;1
03-14-2010 20:19;733;0
03-14-2010 20:20;733;0
03-14-2010 20:21;688;0
03-14-2010 20:22;467;0
03-14-2010 20:23;467;0
03-14-2010 20:24;410;0
03-14-2010 20:25;14;0
03-14-2010 20:26;121;0
03-14-2010 20:27;0;0
03-14-2010 20:28;17;0
03-14-2010 20:29;62;0
03-14-2010 20:30;483;0
03-14-2010 20:31;645;0
03-14-2010 20:32;1221;1
03-14-2010 20:33;688;0
03-14-2010 20:34;733;0
03-14-2010 20:35;808;0
03-14-2010 20:36;1386;1
03-14-2010 20:37;1301;1
03-14-2010 20:38;666;0
03-14-2010 20:39;861;0
03-14-2010 20:40;467;0
03-14-2010 20:41;189;0
03-14-2010 20:42;275;0
03-14-2010 20:43;645;0
03-14-2010 20:44;666;0
03-14-2010 20:45;567;0
03-14-2010 20:46;438;0
03-14-2010 20:47;275;0
03-14-2010 20:48;284;0
03-14-2010 20:49;33;0
03-14-2010 20:50;16;0
03-14-2010 20:51;104;0
03-14-2010 20:52;17;0
03-14-2010 20:53;152;0
03-14-2010 20:54;0;0
03-14-2010 20:55;50;0
03-14-2010 20:56;80;0
03-14-2010 20:57;284;0
03-14-2010 20:58;240;0
03-14-2010 20:59;336;0
03-14-2010 21:00;645;0
03-14-2010 21:01;189;0
03-14-2010 21:02;73;0
03-14-2010 21:03;14;0
03-14-2010 21:04;202;0
03-14-2010 21:05;100;0
03-14-2010 21:06;62;0
03-14-2010 21:07;223;0
03-14-2010 21:08;258;0
03-14-2010 21:09;48;0
03-14-2010 21:10;0;0
03-14-2010 21:11;223;0
03-14-2010 21:12;336;0
03-14-2010 21:13;83;0
03-14-2010 21:14;107;0
03-14-2010 21:15;3;0
03-14-2010 21:16;10;0
03-14-2010 21:17;100;0
03-14-2010 21:18;26;0
03-14-2010 21:19;19;0
03-14-2010 21:20;40;0
03-14-2010 21:21;29;0
03-14-2010 21:22;325;0
03-14-2010 21:23;209;0
03-14-2010 21:24;0;0
03-14-2010 21:25;26;0
03-14-2010 21:26;35;0
03-14-2010 21:27;45;0
03-14-2010 21:28;0;0
03-14-2010 21:29;861;0
03-14-2010 21:30;54;0
03-14-2010 21:31;19;0
03-14-2010 21:32;69;0
03-14-2010 21:33;325;0
03-14-2010 21:34;3;0
03-14-2010 21:35;83;0
03-14-2010 21:36;38;0
03-14-2010 21:37;624;0
03-14-2010 21:38;396;0
03-14-2010 21:39;645;0
03-14-2010 21:40;666;0
03-14-2010 21:41;384;0
03-14-2010 21:42;567;0
03-14-2010 21:43;216;0
03-14-2010 21:44;232;0
03-14-2010 21:45;29;0
03-14-2010 21:46;304;0
03-14-2010 21:47;808;0
03-14-2010 21:48;733;0
03-14-2010 21:49;348;0
03-14-2010 21:50;266;0
03-14-2010 21:51;533;0
03-14-2010 21:52;605;0
03-14-2010 21:53;209;0
03-14-2010 21:54;163;0
03-14-2010 21:55;266;0
03-14-2010 21:56;284;0
03-14-2010 21:57;175;0
03-14-2010 21:58;304;0
03-14-2010 21:59;202;0
03-14-2010 22:00;889;1
03-14-2010 22:01;979;1
03-14-2010 22:02;948;1
03-14-2010 22:03;1010;1
03-14-2010 22:04;1183;1
03-14-2010 22:05;758;0
03-14-2010 22:06;979;1
03-14-2010 22:07;1076;1
03-14-2010 22:08;304;0
03-14-2010 22:09;240;0
03-14-2010 22:10;209;0
03-14-2010 22:11;209;0
03-14-2010 22:12;104;0
03-14-2010 22:13;384;0
03-14-2010 22:14;116;0
03-14-2010 22:15;7;0
03-14-2010 22:16;55;0
03-14-2010 22:17;9;0
03-14-2010 22:18;3;0
03-14-2010 22:19;10;0
03-14-2010 22:20;10;0
03-14-2010 22:21;28;0
03-14-2010 22:22;137;0
03-14-2010 22:23;0;0
03-14-2010 22:24;605;0
03-14-2010 22:25;733;0
03-14-2010 22:26;758;0
03-14-2010 22:27;467;0
03-14-2010 22:28;275;0
03-14-2010 22:29;396;0
03-14-2010 22:30;586;0
03-14-2010 22:31;515;0
03-14-2010 22:32;10;0
03-14-2010 22:33;10;0
03-14-2010 22:34;240;0
03-14-2010 22:35;325;0
03-14-2010 22:36;5;0
03-14-2010 22:37;19;0
03-14-2010 22:38;111;0
03-14-2010 22:39;14;0
03-14-2010 22:40;5;0
03-14-2010 22:41;10;0
03-14-2010 22:42;0;0
03-14-2010 22:43;10;0
03-14-2010 22:44;111;0
03-14-2010 22:45;80;0
03-14-2010 22:46;10;0
03-14-2010 22:47;116;0
03-14-2010 22:48;360;0
03-14-2010 22:49;438;0
03-14-2010 22:50;467;0
03-14-2010 22:51;76;0
03-14-2010 22:52;116;0
03-14-2010 22:53;100;0
03-14-2010 22:54;121;0
03-14-2010 22:55;605;0
03-14-2010 22:56;21;0
03-14-2010 22:57;195;0
03-14-2010 22:58;0;0
03-14-2010 22:59;16;0
03-14-2010 23:00;9;0
03-14-2010 23:01;9;0
03-14-2010 23:02;0;0
03-14-2010 23:03;168;0
03-14-2010 23:04;19;0
03-14-2010 23:05;336;0
03-14-2010 23:06;498;0
03-14-2010 23:07;586;0
03-14-2010 23:08;438;0
03-14-2010 23:09;424;0
03-14-2010 23:10;438;0
03-14-2010 23:11;861;0
03-14-2010 23:12;315;0
03-14-2010 23:13;168;0
03-14-2010 23:14;33;0
03-14-2010 23:15;348;0
03-14-2010 23:16;1261;1
03-14-2010 23:17;834;0
03-14-2010 23:18;782;0
03-14-2010 23:19;533;0
03-14-2010 23:20;733;0
03-14-2010 23:21;90;0
03-14-2010 23:22;410;0
03-14-2010 23:23;384;0
03-14-2010 23:24;1221;1
03-14-2010 23:25;325;0
03-14-2010 23:26;0;0
03-14-2010 23:27;33;0
03-14-2010 23:28;45;0
03-14-2010 23:29;550;0
03-14-2010 23:30;266;0
03-14-2010 23:31;73;0
03-14-2010 23:32;22;0
03-14-2010 23:33;189;0
03-14-2010 23:34;189;0
03-14-2010 23:35;142;0
03-14-2010 23:36;258;0
03-14-2010 23:37;0;0
03-14-2010 23:38;586;0
03-14-2010 23:39;195;0
03-14-2010 23:40;451;0
03-14-2010 23:41;16;0
03-14-2010 23:42;240;0
03-14-2010 23:43;666;0
03-14-2010 23:44;605;0
03-14-2010 23:45;240;0
03-14-2010 23:46;258;0
03-14-2010 23:47;258;0
03-14-2010 23:48;808;0
03-14-2010 23:49;834;0
03-14-2010 23:50;758;0
03-14-2010 23:51;168;0
03-14-2010 23:52;304;0
03-14-2010 23:53;315;0
03-14-2010 23:54;42;0
03-14-2010 23:55;624;0
03-14-2010 23:56;137;0
03-14-2010 23:57;515;0
03-14-2010 23:58;533;0
03-14-2010 23:59;0;0
03-15-2010 00:00;209;0
03-15-2010 00:01;24;0
03-15-2010 00:02;182;0
03-15-2010 00:03;410;0
03-15-2010 00:04;889;1
03-15-2010 00:05;182;0
03-15-2010 00:06;666;0
03-15-2010 00:07;451;0
03-15-2010 00:08;688;0
03-15-2010 00:09;284;0
03-15-2010 00:10;1076;1
03-15-2010 00:11;645;0
03-15-2010 00:12;688;0
03-15-2010 00:13;808;0
03-15-2010 00:14;688;0
03-15-2010 00:15;1221;1
03-15-2010 00:16;240;0
03-15-2010 00:17;605;0
03-15-2010 00:18;711;0
03-15-2010 00:19;586;0
03-15-2010 00:20;304;0
03-15-2010 00:21;586;0
03-15-2010 00:22;1110;1
03-15-2010 00:23;733;0
03-15-2010 00:24;410;0
03-15-2010 00:25;1076;1
03-15-2010 00:26;304;0
03-15-2010 00:27;567;0
03-15-2010 00:28;315;0
03-15-2010 00:29;372;0
03-15-2010 00:30;396;0
03-15-2010 00:31;889;1
03-15-2010 00:32;645;0
03-15-2010 00:33;515;0
03-15-2010 00:34;1043;1
03-15-2010 00:35;1043;1
03-15-2010 00:36;438;0
03-15-2010 00:37;467;0
03-15-2010 00:38;284;0
03-15-2010 00:39;550;0
03-15-2010 00:40;410;0
03-15-2010 00:41;315;0
03-15-2010 00:42;733;0
03-15-2010 00:43;624;0
03-15-2010 00:44;451;0
03-15-2010 00:45;948;1
03-15-2010 00:46;948;1
03-15-2010 00:47;948;1
03-15-2010 00:48;325;0
03-15-2010 00:49;567;0
03-15-2010 00:50;979;1
03-15-2010 00:51;498;0
03-15-2010 00:52;808;0
03-15-2010 00:53;861;0
03-15-2010 00:54;438;0
03-15-2010 00:55;624;0
03-15-2010 00:56;410;0
03-15-2010 00:57;384;0
03-15-2010 00:58;360;0
03-15-2010 00:59;152;0
03-15-2010 01:00;325;0
03-15-2010 01:01;336;0
03-15-2010 01:02;93;0
03-15-2010 01:03;266;0
03-15-2010 01:04;83;0
03-15-2010 01:05;336;0
03-15-2010 01:06;533;0
03-15-2010 01:07;782;0
03-15-2010 01:08;733;0
03-15-2010 01:09;121;0
03-15-2010 01:10;97;0
03-15-2010 01:11;16;0
03-15-2010 01:12;209;0
03-15-2010 01:13;325;0
03-15-2010 01:14;266;0
03-15-2010 01:15;232;0
03-15-2010 01:16;918;1
03-15-2010 01:17;438;0
03-15-2010 01:18;223;0
03-15-2010 01:19;97;0
03-15-2010 01:20;42;0
03-15-2010 01:21;550;0
03-15-2010 01:22;586;0
03-15-2010 01:23;979;1
03-15-2010 01:24;315;0
03-15-2010 01:25;0;0
03-15-2010 01:26;55;0
03-15-2010 01:27;55;0
03-15-2010 01:28;10;0
03-15-2010 01:29;26;0
03-15-2010 01:30;3;0
03-15-2010 01:31;40;0
03-15-2010 01:32;266;0
03-15-2010 01:33;202;0
03-15-2010 01:34;360;0
03-15-2010 01:35;182;0
03-15-2010 01:36;19;0
03-15-2010 01:37;182;0
03-15-2010 01:38;142;0
03-15-2010 01:39;126;0
03-15-2010 01:40;42;0
03-15-2010 01:41;175;0
03-15-2010 01:42;808;0
03-15-2010 01:43;275;0
03-15-2010 01:44;424;0
03-15-2010 01:45;567;0
03-15-2010 01:46;384;0
03-15-2010 01:47;223;0
03-15-2010 01:48;284;0
03-15-2010 01:49;175;0
03-15-2010 01:50;202;0
03-15-2010 01:51;142;0
03-15-2010 01:52;97;0
03-15-2010 01:53;0;0
03-15-2010 01:54;69;0
03-15-2010 01:55;90;0
03-15-2010 01:56;315;0
03-15-2010 01:57;216;0
03-15-2010 01:58;54;0
03-15-2010 01:59;73;0
03-15-2010 02:00;0;0
03-15-2010 02:01;28;0
03-15-2010 02:02;0;0
03-15-2010 02:03;294;0
03-15-2010 02:04;467;0
03-15-2010 02:05;111;0
03-15-2010 02:06;182;0
03-15-2010 02:07;121;0
03-15-2010 02:08;50;0
03-15-2010 02:09;315;0
03-15-2010 02:10;19;0
03-15-2010 02:11;533;0
03-15-2010 02:12;249;0
03-15-2010 02:13;336;0
03-15-2010 02:14;396;0
03-15-2010 02:15;624;0
03-15-2010 02:16;76;0
03-15-2010 02:17;48;0
03-15-2010 02:18;1010;1
03-15-2010 02:19;498;0
03-15-2010 02:20;424;0
03-15-2010 02:21;202;0
03-15-2010 02:22;157;0
03-15-2010 02:23;107;0
03-15-2010 02:24;152;0
03-15-2010 02:25;182;0
03-15-2010 02:26;515;0
03-15-2010 02:27;567;0
03-15-2010 02:28;0;0
03-15-2010 02:29;131;0
03-15-2010 02:30;137;0
03-15-2010 02:31;104;0
03-15-2010 02:32;182;0
03-15-2010 02:33;90;0
03-15-2010 02:34;834;0
03-15-2010 02:35;360;0
03-15-2010 02:36;605;0
03-15-2010 02:37;550;0
03-15-2010 02:38;498;0
03-15-2010 02:39;834;0
03-15-2010 02:40;605;0
03-15-2010 02:41;498;0
03-15-2010 02:42;396;0
03-15-2010 02:43;189;0
03-15-2010 02:44;605;0
03-15-2010 02:45;360;0
03-15-2010 02:46;424;0
03-15-2010 02:47;131;0
03-15-2010 02:48;315;0
03-15-2010 02:49;688;0
03-15-2010 02:50;304;0
03-15-2010 02:51;861;0
03-15-2010 02:52;451;0
03-15-2010 02:53;266;0
03-15-2010 02:54;808;0
03-15-2010 02:55;605;0
03-15-2010 02:56;360;0
03-15-2010 02:57;189;0
03-15-2010 02:58;22;0
03-15-2010 02:59;182;0
03-15-2010 03:00;666;0
03-15-2010 03:01;666;0
03-15-2010 03:02;808;0
03-15-2010 03:03;733;0
03-15-2010 03:04;758;0
03-15-2010 03:05;624;0
03-15-2010 03:06;918;1
03-15-2010 03:07;688;0
03-15-2010 03:08;688;0
03-15-2010 03:09;758;0
03-15-2010 03:10;515;0
03-15-2010 03:11;483;0
03-15-2010 03:12;645;0
03-15-2010 03:13;1261;1
03-15-2010 03:14;567;0
03-15-2010 03:15;424;0
03-15-2010 03:16;3;0
03-15-2010 03:17;605;0
03-15-2010 03:18;182;0
03-15-2010 03:19;50;0
03-15-2010 03:20;9;0
03-15-2010 03:21;0;0
03-15-2010 03:22;410;0
03-15-2010 03:23;586;0
03-15-2010 03:24;0;0
03-15-2010 03:25;782;0
03-15-2010 03:26;438;0
03-15-2010 03:27;889;1
03-15-2010 03:28;315;0
03-15-2010 03:29;550;0
03-15-2010 03:30;1043;1
03-15-2010 03:31;372;0
03-15-2010 03:32;1010;1
03-15-2010 03:33;48;0
03-15-2010 03:34;9;0
03-15-2010 03:35;42;0
03-15-2010 03:36;0;0
03-15-2010 03:37;14;0
03-15-2010 03:38;0;0
03-15-2010 03:39;0;0
03-15-2010 03:40;0;0
03-15-2010 03:41;0;0
03-15-2010 03:42;0;0
03-15-2010 03:43;0;0
03-15-2010 03:44;0;0
03-15-2010 03:45;0;0
03-15-2010 03:46;0;0
03-15-2010 03:47;0;0
03-15-2010 03:48;0;0
03-15-2010 03:49;0;0
03-15-2010 03:50;0;0
03-15-2010 03:51;0;0
03-15-2010 03:52;0;0
03-15-2010 03:53;0;0
03-15-2010 03:54;0;0
03-15-2010 03:55;0;0
03-15-2010 03:56;0;0
03-15-2010 03:57;0;0
03-15-2010 03:58;0;0
03-15-2010 03:59;0;0
03-15-2010 04:00;0;0
03-15-2010 04:01;0;0
03-15-2010 04:02;0;0
03-15-2010 04:03;0;0
03-15-2010 04:04;0;0
03-15-2010 04:05;0;0
03-15-2010 04:06;0;0
03-15-2010 04:07;0;0
03-15-2010 04:08;0;0
03-15-2010 04:09;0;0
03-15-2010 04:10;0;0
03-15-2010 04:11;0;0
03-15-2010 04:12;0;0
03-15-2010 04:13;0;0
03-15-2010 04:14;0;0
03-15-2010 04:15;0;0
03-15-2010 04:16;0;0
03-15-2010 04:17;0;0
03-15-2010 04:18;0;0
03-15-2010 04:19;0;0
03-15-2010 04:20;0;0
03-15-2010 04:21;0;0
03-15-2010 04:22;0;0
03-15-2010 04:23;0;0
03-15-2010 04:24;0;0
03-15-2010 04:25;0;0
03-15-2010 04:26;0;0
03-15-2010 04:27;0;0
03-15-2010 04:28;0;0
03-15-2010 04:29;0;0
03-15-2010 04:30;0;0
03-15-2010 04:31;0;0
03-15-2010 04:32;0;0
03-15-2010 04:33;0;0
03-15-2010 04:34;0;0
03-15-2010 04:35;0;0
03-15-2010 04:36;0;0
03-15-2010 04:37;0;0
03-15-2010 04:38;0;0
03-15-2010 04:39;0;0
03-15-2010 04:40;0;0
03-15-2010 04:41;0;0
03-15-2010 04:42;0;0
03-15-2010 04:43;0;0
03-15-2010 04:44;0;0
03-15-2010 04:45;0;0
03-15-2010 04:46;0;0
03-15-2010 04:47;0;0
03-15-2010 04:48;0;0
03-15-2010 04:49;0;0
03-15-2010 04:50;0;0
03-15-2010 04:51;54;0
03-15-2010 04:52;0;0
03-15-2010 04:53;10;0
03-15-2010 04:54;0;0
03-15-2010 04:55;0;0
03-15-2010 04:56;0;0
03-15-2010 04:57;0;0
03-15-2010 04:58;0;0
03-15-2010 04:59;0;0
03-15-2010 05:00;0;0
03-15-2010 05:01;0;0
03-15-2010 05:02;0;0
03-15-2010 05:03;0;0
03-15-2010 05:04;0;0
03-15-2010 05:05;168;0
03-15-2010 05:06;0;0
03-15-2010 05:07;0;0
03-15-2010 05:08;0;0
03-15-2010 05:09;0;0
03-15-2010 05:10;0;0
03-15-2010 05:11;0;0
03-15-2010 05:12;0;0
03-15-2010 05:13;0;0
03-15-2010 05:14;66;0
03-15-2010 05:15;0;0
03-15-2010 05:16;0;0
03-15-2010 05:17;0;0
03-15-2010 05:18;0;0
03-15-2010 05:19;0;0
03-15-2010 05:20;0;0
03-15-2010 05:21;0;0
03-15-2010 05:22;0;0
03-15-2010 05:23;0;0
03-15-2010 05:24;0;0
03-15-2010 05:25;0;0
03-15-2010 05:26;0;0
03-15-2010 05:27;0;0
03-15-2010 05:28;0;0
03-15-2010 05:29;0;0
03-15-2010 05:30;0;0
03-15-2010 05:31;0;0
03-15-2010 05:32;0;0
03-15-2010 05:33;0;0
03-15-2010 05:34;0;0
03-15-2010 05:35;0;0
03-15-2010 05:36;0;0
03-15-2010 05:37;0;0
03-15-2010 05:38;0;0
03-15-2010 05:39;0;0
03-15-2010 05:40;0;0
03-15-2010 05:41;0;0
03-15-2010 05:42;0;0
03-15-2010 05:43;0;0
03-15-2010 05:44;0;0
03-15-2010 05:45;0;0
03-15-2010 05:46;0;0
03-15-2010 05:47;0;0
03-15-2010 05:48;0;0
03-15-2010 05:49;0;0
03-15-2010 05:50;0;0
03-15-2010 05:51;0;0
03-15-2010 05:52;0;0
03-15-2010 05:53;0;0
03-15-2010 05:54;116;0
03-15-2010 05:55;3;0
03-15-2010 05:56;0;0
03-15-2010 05:57;0;0
03-15-2010 05:58;0;0
03-15-2010 05:59;0;0
03-15-2010 06:00;0;0
03-15-2010 06:01;0;0
03-15-2010 06:02;0;0
03-15-2010 06:03;0;0
03-15-2010 06:04;0;0
03-15-2010 06:05;0;0
03-15-2010 06:06;0;0
03-15-2010 06:07;0;0
03-15-2010 06:08;0;0
03-15-2010 06:09;0;0
03-15-2010 06:10;59;0
03-15-2010 06:11;0;0
03-15-2010 06:12;0;0
03-15-2010 06:13;0;0
03-15-2010 06:14;0;0
03-15-2010 06:15;0;0
03-15-2010 06:16;0;0
03-15-2010 06:17;0;0
03-15-2010 06:18;0;0
03-15-2010 06:19;0;0
03-15-2010 06:20;0;0
03-15-2010 06:21;0;0
03-15-2010 06:22;43;0
03-15-2010 06:23;0;0
03-15-2010 06:24;0;0
03-15-2010 06:25;0;0
03-15-2010 06:26;0;0
03-15-2010 06:27;29;0
03-15-2010 06:28;0;0
03-15-2010 06:29;0;0
03-15-2010 06:30;0;0
03-15-2010 06:31;0;0
03-15-2010 06:32;0;0
03-15-2010 06:33;0;0
03-15-2010 06:34;0;0
03-15-2010 06:35;0;0
03-15-2010 06:36;0;0
03-15-2010 06:37;0;0
03-15-2010 06:38;0;0
03-15-2010 06:39;0;0
03-15-2010 06:40;0;0
03-15-2010 06:41;0;0
03-15-2010 06:42;0;0
03-15-2010 06:43;38;0
03-15-2010 06:44;0;0
03-15-2010 06:45;31;0
03-15-2010 06:46;0;0
03-15-2010 06:47;0;0
03-15-2010 06:48;0;0
03-15-2010 06:49;0;0
03-15-2010 06:50;3;0
03-15-2010 06:51;0;0
03-15-2010 06:52;0;0
03-15-2010 06:53;76;0
03-15-2010 06:54;26;0
03-15-2010 06:55;76;0
03-15-2010 06:56;0;0
03-15-2010 06:57;0;0
03-15-2010 06:58;0;0
03-15-2010 06:59;0;0
03-15-2010 07:00;0;0
03-15-2010 07:01;0;0
03-15-2010 07:02;0;0
03-15-2010 07:03;0;0
03-15-2010 07:04;0;0
03-15-2010 07:05;0;0
03-15-2010 07:06;0;0
03-15-2010 07:07;0;0
03-15-2010 07:08;0;0
03-15-2010 07:09;0;0
03-15-2010 07:10;0;0
03-15-2010 07:11;0;0
03-15-2010 07:12;0;0
03-15-2010 07:13;0;0
03-15-2010 07:14;0;0
03-15-2010 07:15;0;0
03-15-2010 07:16;0;0
03-15-2010 07:17;0;0
03-15-2010 07:18;0;0
03-15-2010 07:19;0;0
03-15-2010 07:20;0;0
03-15-2010 07:21;163;0
03-15-2010 07:22;0;0
03-15-2010 07:23;0;0
03-15-2010 07:24;0;0
03-15-2010 07:25;33;0
03-15-2010 07:26;0;0
03-15-2010 07:27;0;0
03-15-2010 07:28;0;0
03-15-2010 07:29;0;0
03-15-2010 07:30;0;0
03-15-2010 07:31;0;0
03-15-2010 07:32;0;0
03-15-2010 07:33;40;0
03-15-2010 07:34;0;0
03-15-2010 07:35;0;0
03-15-2010 07:36;0;0
03-15-2010 07:37;16;0
03-15-2010 07:38;50;0
03-15-2010 07:39;0;0
03-15-2010 07:40;0;0
03-15-2010 07:41;0;0
03-15-2010 07:42;0;0
03-15-2010 07:43;0;0
03-15-2010 07:44;0;0
03-15-2010 07:45;0;0
03-15-2010 07:46;0;0
03-15-2010 07:47;0;0
03-15-2010 07:48;0;0
03-15-2010 07:49;0;0
03-15-2010 07:50;0;0
03-15-2010 07:51;0;0
03-15-2010 07:52;0;0
03-15-2010 07:53;0;0
03-15-2010 07:54;0;0
03-15-2010 07:55;0;0
03-15-2010 07:56;0;0
03-15-2010 07:57;0;0
03-15-2010 07:58;76;0
03-15-2010 07:59;0;0
03-15-2010 08:00;0;0
03-15-2010 08:01;0;0
03-15-2010 08:02;0;0
03-15-2010 08:03;0;0
03-15-2010 08:04;0;0
03-15-2010 08:05;0;0
03-15-2010 08:06;0;0
03-15-2010 08:07;0;0
03-15-2010 08:08;0;0
03-15-2010 08:09;0;0
03-15-2010 08:10;0;0
03-15-2010 08:11;0;0
03-15-2010 08:12;0;0
03-15-2010 08:13;0;0
03-15-2010 08:14;0;0
03-15-2010 08:15;0;0
03-15-2010 08:16;0;0
03-15-2010 08:17;0;0
03-15-2010 08:18;0;0
03-15-2010 08:19;0;0
03-15-2010 08:20;0;0
03-15-2010 08:21;7;0
03-15-2010 08:22;59;0
03-15-2010 08:23;0;0
03-15-2010 08:24;0;0
03-15-2010 08:25;19;0
03-15-2010 08:26;0;0
03-15-2010 08:27;0;0
03-15-2010 08:28;0;0
03-15-2010 08:29;0;0
03-15-2010 08:30;0;0
03-15-2010 08:31;0;0
03-15-2010 08:32;0;0
03-15-2010 08:33;0;0
03-15-2010 08:34;0;0
03-15-2010 08:35;0;0
03-15-2010 08:36;0;0
03-15-2010 08:37;0;0
03-15-2010 08:38;0;0
03-15-2010 08:39;0;0
03-15-2010 08:40;0;0
03-15-2010 08:41;0;0
03-15-2010 08:42;0;0
03-15-2010 08:43;0;0
03-15-2010 08:44;0;0
03-15-2010 08:45;0;0
03-15-2010 08:46;137;0
03-15-2010 08:47;0;0
03-15-2010 08:48;36;0
03-15-2010 08:49;0;0
03-15-2010 08:50;0;0
03-15-2010 08:51;0;0
03-15-2010 08:52;0;0
03-15-2010 08:53;0;0
03-15-2010 08:54;0;0
03-15-2010 08:55;35;0
03-15-2010 08:56;24;0
03-15-2010 08:57;0;0
03-15-2010 08:58;0;0
03-15-2010 08:59;0;0
03-15-2010 09:00;202;0
03-15-2010 09:01;33;0
03-15-2010 09:02;360;0
03-15-2010 09:03;808;0
03-15-2010 09:04;424;0
03-15-2010 09:05;567;0
03-15-2010 09:06;131;0
03-15-2010 09:07;55;0
03-15-2010 09:08;93;0
03-15-2010 09:09;0;0
03-15-2010 09:10;0;0
03-15-2010 09:11;0;0
03-15-2010 09:12;121;0
03-15-2010 09:13;0;0
03-15-2010 09:14;0;0
03-15-2010 09:15;0;0
03-15-2010 09:16;0;0
03-15-2010 09:17;0;0
03-15-2010 09:18;0;0
03-15-2010 09:19;0;0
03-15-2010 09:20;0;0
03-15-2010 09:21;17;0
03-15-2010 09:22;0;0
03-15-2010 09:23;0;0
03-15-2010 09:24;0;0
03-15-2010 09:25;0;0
03-15-2010 09:26;0;0
03-15-2010 09:27;0;0
03-15-2010 09:28;0;0
03-15-2010 09:29;0;0
03-15-2010 09:30;0;0
03-15-2010 09:31;0;0
03-15-2010 09:32;0;0
03-15-2010 09:33;0;0
03-15-2010 09:34;0;0
03-15-2010 09:35;0;0
03-15-2010 09:36;0;0
03-15-2010 09:37;0;0
03-15-2010 09:38;0;0
03-15-2010 09:39;0;0
03-15-2010 09:40;0;0
03-15-2010 09:41;0;0
03-15-2010 09:42;0;0
03-15-2010 09:43;0;0
03-15-2010 09:44;0;0
03-15-2010 09:45;0;0
03-15-2010 09:46;0;0
03-15-2010 09:47;0;0
03-15-2010 09:48;0;0
03-15-2010 09:49;0;0
03-15-2010 09:50;182;0
03-15-2010 09:51;0;0
03-15-2010 09:52;0;0
03-15-2010 09:53;0;0
03-15-2010 09:54;76;0
03-15-2010 09:55;100;0
03-15-2010 09:56;0;0
03-15-2010 09:57;0;0
03-15-2010 09:58;0;0
03-15-2010 09:59;0;0
03-15-2010 10:00;0;0
03-15-2010 10:01;0;0
03-15-2010 10:02;0;0
03-15-2010 10:03;0;0
03-15-2010 10:04;0;0
03-15-2010 10:05;0;0
03-15-2010 10:06;48;0
03-15-2010 10:07;0;0
03-15-2010 10:08;0;0
03-15-2010 10:09;0;0
03-15-2010 10:10;0;0
03-15-2010 10:11;0;0
03-15-2010 10:12;76;0
03-15-2010 10:13;0;0
03-15-2010 10:14;0;0
03-15-2010 10:15;0;0
03-15-2010 10:16;0;0
03-15-2010 10:17;0;0
03-15-2010 10:18;0;0
03-15-2010 10:19;0;0
03-15-2010 10:20;0;0
03-15-2010 10:21;0;0
03-15-2010 10:22;0;0
03-15-2010 10:23;0;0
03-15-2010 10:24;0;0
03-15-2010 10:25;0;0
03-15-2010 10:26;168;0
03-15-2010 10:27;0;0
03-15-2010 10:28;0;0
03-15-2010 10:29;0;0
03-15-2010 10:30;0;0
03-15-2010 10:31;0;0
03-15-2010 10:32;0;0
03-15-2010 10:33;0;0
03-15-2010 10:34;0;0
03-15-2010 10:35;0;0
03-15-2010 10:36;0;0
03-15-2010 10:37;0;0
03-15-2010 10:38;0;0
03-15-2010 10:39;624;0
03-15-2010 10:40;0;0
03-15-2010 10:41;0;0
03-15-2010 10:42;0;0
03-15-2010 10:43;0;0
03-15-2010 10:44;0;0
03-15-2010 10:45;121;0
03-15-2010 10:46;0;0
03-15-2010 10:47;0;0
03-15-2010 10:48;0;0
03-15-2010 10:49;0;0
03-15-2010 10:50;152;0
03-15-2010 10:51;889;1
03-15-2010 10:52;410;0
03-15-2010 10:53;1076;1
03-15-2010 10:54;1183;1
03-15-2010 10:55;1522;1
03-15-2010 10:56;1110;1
03-15-2010 10:57;275;0
03-15-2010 10:58;55;0
03-15-2010 10:59;918;1
03-15-2010 11:00;782;0
03-15-2010 11:01;104;0
03-15-2010 11:02;515;0
03-15-2010 11:03;567;0
03-15-2010 11:04;733;0
03-15-2010 11:05;782;0
03-15-2010 11:06;666;0
03-15-2010 11:07;889;1
03-15-2010 11:08;666;0
03-15-2010 11:09;223;0
03-15-2010 11:10;73;0
03-15-2010 11:11;47;0
03-15-2010 11:12;266;0
03-15-2010 11:13;0;0
03-15-2010 11:14;0;0
03-15-2010 11:15;0;0
03-15-2010 11:16;0;0
03-15-2010 11:17;0;0
03-15-2010 11:18;315;0
03-15-2010 11:19;104;0
03-15-2010 11:20;104;0
03-15-2010 11:21;42;0
03-15-2010 11:22;111;0
03-15-2010 11:23;33;0
03-15-2010 11:24;62;0
03-15-2010 11:25;605;0
03-15-2010 11:26;348;0
03-15-2010 11:27;17;0
03-15-2010 11:28;97;0
03-15-2010 11:29;360;0
03-15-2010 11:30;10;0
03-15-2010 11:31;0;0
03-15-2010 11:32;0;0
03-15-2010 11:33;0;0
03-15-2010 11:34;0;0
03-15-2010 11:35;624;0
03-15-2010 11:36;666;0
03-15-2010 11:37;182;0
03-15-2010 11:38;157;0
03-15-2010 11:39;209;0
03-15-2010 11:40;147;0
03-15-2010 11:41;216;0
03-15-2010 11:42;209;0
03-15-2010 11:43;384;0
03-15-2010 11:44;586;0
03-15-2010 11:45;533;0
03-15-2010 11:46;1076;1
03-15-2010 11:47;645;0
03-15-2010 11:48;3;0
03-15-2010 11:49;0;0
03-15-2010 11:50;131;0
03-15-2010 11:51;26;0
03-15-2010 11:52;35;0
03-15-2010 11:53;142;0
03-15-2010 11:54;43;0
03-15-2010 11:55;137;0
03-15-2010 11:56;0;0
03-15-2010 11:57;86;0
03-15-2010 11:58;59;0
03-15-2010 11:59;17;0
03-15-2010 12:00;111;0
03-15-2010 12:01;55;0
03-15-2010 12:02;31;0
03-15-2010 12:03;17;0
03-15-2010 12:04;76;0
03-15-2010 12:05;782;0
03-15-2010 12:06;889;1
03-15-2010 12:07;294;0
03-15-2010 12:08;567;0
03-15-2010 12:09;348;0
03-15-2010 12:10;1010;1
03-15-2010 12:11;43;0
03-15-2010 12:12;5;0
03-15-2010 12:13;3;0
03-15-2010 12:14;12;0
03-15-2010 12:15;0;0
03-15-2010 12:16;12;0
03-15-2010 12:17;0;0
03-15-2010 12:18;0;0
03-15-2010 12:19;0;0
03-15-2010 12:20;0;0
03-15-2010 12:21;12;0
03-15-2010 12:22;22;0
03-15-2010 12:23;0;0
03-15-2010 12:24;16;0
03-15-2010 12:25;3;0
03-15-2010 12:26;14;0
03-15-2010 12:27;0;0
03-15-2010 12:28;69;0
03-15-2010 12:29;0;0
03-15-2010 12:30;3;0
03-15-2010 12:31;0;0
03-15-2010 12:32;3;0
03-15-2010 12:33;0;0
03-15-2010 12:34;0;0
03-15-2010 12:35;0;0
03-15-2010 12:36;0;0
03-15-2010 12:37;0;0
03-15-2010 12:38;0;0
03-15-2010 12:39;0;0
03-15-2010 12:40;0;0
03-15-2010 12:41;0;0
03-15-2010 12:42;0;0
03-15-2010 12:43;0;0
03-15-2010 12:44;137;0
03-15-2010 12:45;0;0
03-15-2010 12:46;0;0
03-15-2010 12:47;0;0
03-15-2010 12:48;0;0
03-15-2010 12:49;0;0
03-15-2010 12:50;0;0
03-15-2010 12:51;0;0
03-15-2010 12:52;0;0
03-15-2010 12:53;0;0
03-15-2010 12:54;182;0
03-15-2010 12:55;209;0
03-15-2010 12:56;0;0
03-15-2010 12:57;0;0
03-15-2010 12:58;36;0
03-15-2010 12:59;157;0
03-15-2010 13:00;782;0
03-15-2010 13:01;1221;1
03-15-2010 13:02;1221;1
03-15-2010 13:03;733;0
03-15-2010 13:04;834;0
03-15-2010 13:05;624;0
03-15-2010 13:06;1571;1
03-15-2010 13:07;711;0
03-15-2010 13:08;336;0
03-15-2010 13:09;0;0
03-15-2010 13:10;0;0
03-15-2010 13:11;624;0
03-15-2010 13:12;1147;1
03-15-2010 13:13;948;1
03-15-2010 13:14;533;0
03-15-2010 13:15;249;0
03-15-2010 13:16;483;0
03-15-2010 13:17;533;0
03-15-2010 13:18;918;1
03-15-2010 13:19;372;0
03-15-2010 13:20;1261;1
03-15-2010 13:21;605;0
03-15-2010 13:22;918;1
03-15-2010 13:23;1522;1
03-15-2010 13:24;1839;1
03-15-2010 13:25;315;0
03-15-2010 13:26;284;0
03-15-2010 13:27;758;0
03-15-2010 13:28;605;0
03-15-2010 13:29;1147;1
03-15-2010 13:30;605;0
03-15-2010 13:31;688;0
03-15-2010 13:32;861;0
03-15-2010 13:33;758;0
03-15-2010 13:34;1342;1
03-15-2010 13:35;605;0
03-15-2010 13:36;711;0
03-15-2010 13:37;567;0
03-15-2010 13:38;624;0
03-15-2010 13:39;550;0
03-15-2010 13:40;152;0
03-15-2010 13:41;0;0
03-15-2010 13:42;0;0
03-15-2010 13:43;0;0
03-15-2010 13:44;14;0
03-15-2010 13:45;0;0
03-15-2010 13:46;0;0
03-15-2010 13:47;0;0
03-15-2010 13:48;0;0
03-15-2010 13:49;69;0
03-15-2010 13:50;0;0
03-15-2010 13:51;0;0
03-15-2010 13:52;0;0
03-15-2010 13:53;0;0
03-15-2010 13:54;0;0
03-15-2010 13:55;0;0
03-15-2010 13:56;0;0
03-15-2010 13:57;0;0
03-15-2010 13:58;0;0
03-15-2010 13:59;69;0
03-15-2010 14:00;0;0
03-15-2010 14:01;0;0
03-15-2010 14:02;0;0
03-15-2010 14:03;0;0
03-15-2010 14:04;137;0
03-15-2010 14:05;0;0
03-15-2010 14:06;16;0
03-15-2010 14:07;42;0
03-15-2010 14:08;0;0
03-15-2010 14:09;0;0
03-15-2010 14:10;0;0
03-15-2010 14:11;0;0
03-15-2010 14:12;0;0
03-15-2010 14:13;195;0
03-15-2010 14:14;1010;1
03-15-2010 14:15;1110;1
03-15-2010 14:16;1110;1
03-15-2010 14:17;1522;1
03-15-2010 14:18;861;0
03-15-2010 14:19;1043;1
03-15-2010 14:20;624;0
03-15-2010 14:21;666;0
03-15-2010 14:22;645;0
03-15-2010 14:23;666;0
03-15-2010 14:24;1301;1
03-15-2010 14:25;1673;1
03-15-2010 14:26;1076;1
03-15-2010 14:27;142;0
03-15-2010 14:28;131;0
03-15-2010 14:29;586;0
03-15-2010 14:30;372;0
03-15-2010 14:31;258;0
03-15-2010 14:32;0;0
03-15-2010 14:33;21;0
03-15-2010 14:34;0;0
03-15-2010 14:35;0;0
03-15-2010 14:36;0;0
03-15-2010 14:37;28;0
03-15-2010 14:38;624;0
03-15-2010 14:39;1010;1
03-15-2010 14:40;1673;1
03-15-2010 14:41;1958;1
03-15-2010 14:42;1475;1
03-15-2010 14:43;1147;1
03-15-2010 14:44;1522;1
03-15-2010 14:45;1221;1
03-15-2010 14:46;1430;1
03-15-2010 14:47;1475;1
03-15-2010 14:48;1183;1
03-15-2010 14:49;918;1
03-15-2010 14:50;948;1
03-15-2010 14:51;918;1
03-15-2010 14:52;1110;1
03-15-2010 14:53;266;0
03-15-2010 14:54;586;0
03-15-2010 14:55;861;0
03-15-2010 14:56;533;0
03-15-2010 14:57;175;0
03-15-2010 14:58;645;0
03-15-2010 14:59;711;0
03-15-2010 15:00;1342;1
03-15-2010 15:01;1110;1
03-15-2010 15:02;1076;1
03-15-2010 15:03;567;0
03-15-2010 15:04;1183;1
03-15-2010 15:05;360;0
03-15-2010 15:06;1147;1
03-15-2010 15:07;424;0
03-15-2010 15:08;645;0
03-15-2010 15:09;1010;1
03-15-2010 15:10;918;1
03-15-2010 15:11;758;0
03-15-2010 15:12;1301;1
03-15-2010 15:13;1183;1
03-15-2010 15:14;711;0
03-15-2010 15:15;1221;1
03-15-2010 15:16;1386;1
03-15-2010 15:17;645;0
03-15-2010 15:18;1261;1
03-15-2010 15:19;948;1
03-15-2010 15:20;918;1
03-15-2010 15:21;808;0
03-15-2010 15:22;550;0
03-15-2010 15:23;451;0
03-15-2010 15:24;624;0
03-15-2010 15:25;1342;1
03-15-2010 15:26;1076;1
03-15-2010 15:27;808;0
03-15-2010 15:28;438;0
03-15-2010 15:29;808;0
03-15-2010 15:30;515;0
03-15-2010 15:31;142;0
03-15-2010 15:32;59;0
03-15-2010 15:33;52;0
03-15-2010 15:34;66;0
03-15-2010 15:35;7;0
03-15-2010 15:36;372;0
03-15-2010 15:37;249;0
03-15-2010 15:38;73;0
03-15-2010 15:39;240;0
03-15-2010 15:40;515;0
03-15-2010 15:41;1110;1
03-15-2010 15:42;808;0
03-15-2010 15:43;605;0
03-15-2010 15:44;90;0
03-15-2010 15:45;104;0
03-15-2010 15:46;54;0
03-15-2010 15:47;189;0
03-15-2010 15:48;22;0
03-15-2010 15:49;111;0
03-15-2010 15:50;223;0
03-15-2010 15:51;33;0
03-15-2010 15:52;16;0
03-15-2010 15:53;258;0
03-15-2010 15:54;111;0
03-15-2010 15:55;294;0
03-15-2010 15:56;142;0
03-15-2010 15:57;284;0
03-15-2010 15:58;168;0
03-15-2010 15:59;147;0
03-15-2010 16:00;232;0
03-15-2010 16:01;266;0
03-15-2010 16:02;66;0
03-15-2010 16:03;33;0
03-15-2010 16:04;294;0
03-15-2010 16:05;624;0
03-15-2010 16:06;688;0
03-15-2010 16:07;586;0
03-15-2010 16:08;424;0
03-15-2010 16:09;216;0
03-15-2010 16:10;28;0
03-15-2010 16:11;175;0
03-15-2010 16:12;69;0
03-15-2010 16:13;100;0
03-15-2010 16:14;0;0
03-15-2010 16:15;40;0
03-15-2010 16:16;0;0
03-15-2010 16:17;12;0
03-15-2010 16:18;0;0
03-15-2010 16:19;5;0
03-15-2010 16:20;9;0
03-15-2010 16:21;80;0
03-15-2010 16:22;3;0
03-15-2010 16:23;29;0
03-15-2010 16:24;50;0
03-15-2010 16:25;121;0
03-15-2010 16:26;100;0
03-15-2010 16:27;168;0
03-15-2010 16:28;121;0
03-15-2010 16:29;97;0
03-15-2010 16:30;111;0
03-15-2010 16:31;258;0
03-15-2010 16:32;240;0
03-15-2010 16:33;209;0
03-15-2010 16:34;258;0
03-15-2010 16:35;52;0
03-15-2010 16:36;69;0
03-15-2010 16:37;550;0
03-15-2010 16:38;624;0
03-15-2010 16:39;451;0
03-15-2010 16:40;384;0
03-15-2010 16:41;834;0
03-15-2010 16:42;467;0
03-15-2010 16:43;275;0
03-15-2010 16:44;0;0
03-15-2010 16:45;0;0
03-15-2010 16:46;0;0
03-15-2010 16:47;0;0
03-15-2010 16:48;666;0
03-15-2010 16:49;1110;1
03-15-2010 16:50;918;1
03-15-2010 16:51;1183;1
03-15-2010 16:52;1183;1
03-15-2010 16:53;834;0
03-15-2010 16:54;410;0
03-15-2010 16:55;80;0
03-15-2010 16:56;22;0
03-15-2010 16:57;73;0
03-15-2010 16:58;168;0
03-15-2010 16:59;0;0
03-15-2010 17:00;0;0
03-15-2010 17:01;0;0
03-15-2010 17:02;0;0
03-15-2010 17:03;0;0
03-15-2010 17:04;0;0
03-15-2010 17:05;0;0
03-15-2010 17:06;0;0
03-15-2010 17:07;0;0
03-15-2010 17:08;0;0
03-15-2010 17:09;0;0
03-15-2010 17:10;0;0
03-15-2010 17:11;7;0
03-15-2010 17:12;0;0
03-15-2010 17:13;0;0
03-15-2010 17:14;0;0
03-15-2010 17:15;0;0
03-15-2010 17:16;0;0
03-15-2010 17:17;22;0
03-15-2010 17:18;0;0
03-15-2010 17:19;0;0
03-15-2010 17:20;0;0
03-15-2010 17:21;69;0
03-15-2010 17:22;258;0
03-15-2010 17:23;948;1
03-15-2010 17:24;54;0
03-15-2010 17:25;52;0
03-15-2010 17:26;40;0
03-15-2010 17:27;0;0
03-15-2010 17:28;202;0
03-15-2010 17:29;1043;1
03-15-2010 17:30;605;0
03-15-2010 17:31;498;0
03-15-2010 17:32;586;0
03-15-2010 17:33;834;0
03-15-2010 17:34;586;0
03-15-2010 17:35;483;0
03-15-2010 17:36;116;0
03-15-2010 17:37;0;0
03-15-2010 17:38;3;0
03-15-2010 17:39;21;0
03-15-2010 17:40;31;0
03-15-2010 17:41;0;0
03-15-2010 17:42;0;0
03-15-2010 17:43;0;0
03-15-2010 17:44;0;0
03-15-2010 17:45;104;0
03-15-2010 17:46;19;0
03-15-2010 17:47;47;0
03-15-2010 17:48;7;0
03-15-2010 17:49;0;0
03-15-2010 17:50;0;0
03-15-2010 17:51;0;0
03-15-2010 17:52;0;0
03-15-2010 17:53;175;0
03-15-2010 17:54;232;0
03-15-2010 17:55;0;0
03-15-2010 17:56;31;0
03-15-2010 17:57;116;0
03-15-2010 17:58;17;0
03-15-2010 17:59;3;0
03-15-2010 18:00;0;0
03-15-2010 18:01;121;0
03-15-2010 18:02;325;0
03-15-2010 18:03;131;0
03-15-2010 18:04;348;0
03-15-2010 18:05;498;0
03-15-2010 18:06;605;0
03-15-2010 18:07;384;0
03-15-2010 18:08;182;0
03-15-2010 18:09;189;0
03-15-2010 18:10;3;0
03-15-2010 18:11;12;0
03-15-2010 18:12;14;0
03-15-2010 18:13;232;0
03-15-2010 18:14;9;0
03-15-2010 18:15;14;0
03-15-2010 18:16;17;0
03-15-2010 18:17;223;0
03-15-2010 18:18;360;0
03-15-2010 18:19;467;0
03-15-2010 18:20;360;0
03-15-2010 18:21;372;0
03-15-2010 18:22;275;0
03-15-2010 18:23;451;0
03-15-2010 18:24;121;0
03-15-2010 18:25;142;0
03-15-2010 18:26;666;0
03-15-2010 18:27;396;0
03-15-2010 18:28;240;0
03-15-2010 18:29;137;0
03-15-2010 18:30;336;0
03-15-2010 18:31;451;0
03-15-2010 18:32;195;0
03-15-2010 18:33;315;0
03-15-2010 18:34;451;0
03-15-2010 18:35;410;0
03-15-2010 18:36;325;0
03-15-2010 18:37;284;0
03-15-2010 18:38;240;0
03-15-2010 18:39;36;0
03-15-2010 18:40;147;0
03-15-2010 18:41;275;0
03-15-2010 18:42;9;0
03-15-2010 18:43;0;0
03-15-2010 18:44;9;0
03-15-2010 18:45;0;0
03-15-2010 18:46;0;0
03-15-2010 18:47;0;0
03-15-2010 18:48;3;0
03-15-2010 18:49;3;0
03-15-2010 18:50;14;0
03-15-2010 18:51;14;0
03-15-2010 18:52;62;0
03-15-2010 18:53;66;0
03-15-2010 18:54;0;0
03-15-2010 18:55;10;0
03-15-2010 18:56;126;0
03-15-2010 18:57;21;0
03-15-2010 18:58;0;0
03-15-2010 18:59;3;0
03-15-2010 19:00;0;0
03-15-2010 19:01;0;0
03-15-2010 19:02;0;0
03-15-2010 19:03;0;0
03-15-2010 19:04;3;0
03-15-2010 19:05;3;0
03-15-2010 19:06;55;0
03-15-2010 19:07;147;0
03-15-2010 19:08;249;0
03-15-2010 19:09;182;0
03-15-2010 19:10;100;0
03-15-2010 19:11;284;0
03-15-2010 19:12;240;0
03-15-2010 19:13;142;0
03-15-2010 19:14;325;0
03-15-2010 19:15;223;0
03-15-2010 19:16;83;0
03-15-2010 19:17;284;0
03-15-2010 19:18;100;0
03-15-2010 19:19;100;0
03-15-2010 19:20;62;0
03-15-2010 19:21;0;0
03-15-2010 19:22;86;0
03-15-2010 19:23;0;0
03-15-2010 19:24;0;0
03-15-2010 19:25;38;0
03-15-2010 19:26;73;0
03-15-2010 19:27;28;0
03-15-2010 19:28;43;0
03-15-2010 19:29;240;0
03-15-2010 19:30;73;0
03-15-2010 19:31;80;0
03-15-2010 19:32;38;0
03-15-2010 19:33;10;0
03-15-2010 19:34;438;0
03-15-2010 19:35;451;0
03-15-2010 19:36;1010;1
03-15-2010 19:37;50;0
03-15-2010 19:38;498;0
03-15-2010 19:39;111;0
03-15-2010 19:40;42;0
03-15-2010 19:41;111;0
03-15-2010 19:42;0;0
03-15-2010 19:43;97;0
03-15-2010 19:44;168;0
03-15-2010 19:45;467;0
03-15-2010 19:46;284;0
03-15-2010 19:47;3;0
03-15-2010 19:48;66;0
03-15-2010 19:49;0;0
03-15-2010 19:50;14;0
03-15-2010 19:51;0;0
03-15-2010 19:52;0;0
03-15-2010 19:53;0;0
03-15-2010 19:54;0;0
03-15-2010 19:55;0;0
03-15-2010 19:56;0;0
03-15-2010 19:57;5;0
03-15-2010 19:58;0;0
03-15-2010 19:59;0;0
03-15-2010 20:00;100;0
03-15-2010 20:01;0;0
03-15-2010 20:02;0;0
03-15-2010 20:03;10;0
03-15-2010 20:04;0;0
03-15-2010 20:05;66;0
03-15-2010 20:06;0;0
03-15-2010 20:07;12;0
03-15-2010 20:08;0;0
03-15-2010 20:09;16;0
03-15-2010 20:10;19;0
03-15-2010 20:11;0;0
03-15-2010 20:12;0;0
03-15-2010 20:13;0;0
03-15-2010 20:14;12;0
03-15-2010 20:15;3;0
03-15-2010 20:16;62;0
03-15-2010 20:17;0;0
03-15-2010 20:18;0;0
03-15-2010 20:19;0;0
03-15-2010 20:20;0;0
03-15-2010 20:21;0;0
03-15-2010 20:22;9;0
03-15-2010 20:23;0;0
03-15-2010 20:24;90;0
03-15-2010 20:25;12;0
03-15-2010 20:26;284;0
03-15-2010 20:27;515;0
03-15-2010 20:28;137;0
03-15-2010 20:29;232;0
03-15-2010 20:30;467;0
03-15-2010 20:31;29;0
03-15-2010 20:32;147;0
03-15-2010 20:33;9;0
03-15-2010 20:34;24;0
03-15-2010 20:35;0;0
03-15-2010 20:36;116;0
03-15-2010 20:37;0;0
03-15-2010 20:38;28;0
03-15-2010 20:39;48;0
03-15-2010 20:40;0;0
03-15-2010 20:41;0;0
03-15-2010 20:42;0;0
03-15-2010 20:43;0;0
03-15-2010 20:44;0;0
03-15-2010 20:45;0;0
03-15-2010 20:46;0;0
03-15-2010 20:47;0;0
03-15-2010 20:48;5;0
03-15-2010 20:49;0;0
03-15-2010 20:50;3;0
03-15-2010 20:51;0;0
03-15-2010 20:52;0;0
03-15-2010 20:53;73;0
03-15-2010 20:54;3;0
03-15-2010 20:55;0;0
03-15-2010 20:56;0;0
03-15-2010 20:57;0;0
03-15-2010 20:58;107;0
03-15-2010 20:59;33;0
03-15-2010 21:00;90;0
03-15-2010 21:01;182;0
03-15-2010 21:02;889;1
03-15-2010 21:03;116;0
03-15-2010 21:04;275;0
03-15-2010 21:05;567;0
03-15-2010 21:06;275;0
03-15-2010 21:07;9;0
03-15-2010 21:08;0;0
03-15-2010 21:09;21;0
03-15-2010 21:10;0;0
03-15-2010 21:11;24;0
03-15-2010 21:12;0;0
03-15-2010 21:13;0;0
03-15-2010 21:14;121;0
03-15-2010 21:15;0;0
03-15-2010 21:16;28;0
03-15-2010 21:17;0;0
03-15-2010 21:18;54;0
03-15-2010 21:19;14;0
03-15-2010 21:20;19;0
03-15-2010 21:21;40;0
03-15-2010 21:22;0;0
03-15-2010 21:23;14;0
03-15-2010 21:24;38;0
03-15-2010 21:25;5;0
03-15-2010 21:26;16;0
03-15-2010 21:27;10;0
03-15-2010 21:28;0;0
03-15-2010 21:29;48;0
03-15-2010 21:30;3;0
03-15-2010 21:31;0;0
03-15-2010 21:32;624;0
03-15-2010 21:33;467;0
03-15-2010 21:34;163;0
03-15-2010 21:35;189;0
03-15-2010 21:36;86;0
03-15-2010 21:37;43;0
03-15-2010 21:38;52;0
03-15-2010 21:39;21;0
03-15-2010 21:40;22;0
03-15-2010 21:41;0;0
03-15-2010 21:42;17;0
03-15-2010 21:43;0;0
03-15-2010 21:44;157;0
03-15-2010 21:45;3;0
03-15-2010 21:46;0;0
03-15-2010 21:47;0;0
03-15-2010 21:48;0;0
03-15-2010 21:49;0;0
03-15-2010 21:50;0;0
03-15-2010 21:51;0;0
03-15-2010 21:52;66;0
03-15-2010 21:53;147;0
03-15-2010 21:54;152;0
03-15-2010 21:55;59;0
03-15-2010 21:56;97;0
03-15-2010 21:57;14;0
03-15-2010 21:58;0;0
03-15-2010 21:59;17;0
03-15-2010 22:00;59;0
03-15-2010 22:01;28;0
03-15-2010 22:02;360;0
03-15-2010 22:03;42;0
03-15-2010 22:04;483;0
03-15-2010 22:05;163;0
03-15-2010 22:06;0;0
03-15-2010 22:07;10;0
03-15-2010 22:08;424;0
03-15-2010 22:09;0;0
03-15-2010 22:10;348;0
03-15-2010 22:11;294;0
03-15-2010 22:12;163;0
03-15-2010 22:13;645;0
03-15-2010 22:14;93;0
03-15-2010 22:15;0;0
03-15-2010 22:16;0;0
03-15-2010 22:17;0;0
03-15-2010 22:18;16;0
03-15-2010 22:19;0;0
03-15-2010 22:20;22;0
03-15-2010 22:21;5;0
03-15-2010 22:22;0;0
03-15-2010 22:23;97;0
03-15-2010 22:24;121;0
03-15-2010 22:25;0;0
03-15-2010 22:26;29;0
03-15-2010 22:27;52;0
03-15-2010 22:28;24;0
03-15-2010 22:29;12;0
03-15-2010 22:30;10;0
03-15-2010 22:31;29;0
03-15-2010 22:32;0;0
03-15-2010 22:33;0;0
03-15-2010 22:34;0;0
03-15-2010 22:35;5;0
03-15-2010 22:36;0;0
03-15-2010 22:37;0;0
03-15-2010 22:38;131;0
03-15-2010 22:39;3;0
03-15-2010 22:40;0;0
03-15-2010 22:41;0;0
03-15-2010 22:42;157;0
03-15-2010 22:43;304;0
03-15-2010 22:44;22;0
03-15-2010 22:45;59;0
03-15-2010 22:46;17;0
03-15-2010 22:47;17;0
03-15-2010 22:48;0;0
03-15-2010 22:49;24;0
03-15-2010 22:50;21;0
03-15-2010 22:51;9;0
03-15-2010 22:52;0;0
03-15-2010 22:53;275;0
03-15-2010 22:54;315;0
03-15-2010 22:55;483;0
03-15-2010 22:56;467;0
03-15-2010 22:57;605;0
03-15-2010 22:58;0;0
03-15-2010 22:59;266;0
03-15-2010 23:00;758;0
03-15-2010 23:01;711;0
03-15-2010 23:02;624;0
03-15-2010 23:03;0;0
03-15-2010 23:04;0;0
03-15-2010 23:05;0;0
03-15-2010 23:06;40;0
03-15-2010 23:07;69;0
03-15-2010 23:08;0;0
03-15-2010 23:09;0;0
03-15-2010 23:10;0;0
03-15-2010 23:11;182;0
03-15-2010 23:12;0;0
03-15-2010 23:13;202;0
03-15-2010 23:14;0;0
03-15-2010 23:15;0;0
