TIMESTAMP;ACTIVITY;ANOMALY
10-26-2009 10:52;0;0
10-26-2009 10:53;97;0
10-26-2009 10:54;240;0
10-26-2009 10:55;294;0
10-26-2009 10:56;240;0
10-26-2009 10:57;567;0
10-26-2009 10:58;0;0
10-26-2009 10:59;168;0
10-26-2009 11:00;189;0
10-26-2009 11:01;24;0
10-26-2009 11:02;111;0
10-26-2009 11:03;0;0
10-26-2009 11:04;0;0
10-26-2009 11:05;175;0
10-26-2009 11:06;152;0
10-26-2009 11:07;498;0
10-26-2009 11:08;711;1
10-26-2009 11:09;567;0
10-26-2009 11:10;249;0
10-26-2009 11:11;304;0
10-26-2009 11:12;467;0
10-26-2009 11:13;384;0
10-26-2009 11:14;325;0
10-26-2009 11:15;275;0
10-26-2009 11:16;168;0
10-26-2009 11:17;216;0
10-26-2009 11:18;131;0
10-26-2009 11:19;336;0
10-26-2009 11:20;666;1
10-26-2009 11:21;275;0
10-26-2009 11:22;202;0
10-26-2009 11:23;175;0
10-26-2009 11:24;111;0
10-26-2009 11:25;624;0
10-26-2009 11:26;948;1
10-26-2009 11:27;168;0
10-26-2009 11:28;424;0
10-26-2009 11:29;666;1
10-26-2009 11:30;861;1
10-26-2009 11:31;567;0
10-26-2009 11:32;550;0
10-26-2009 11:33;396;0
10-26-2009 11:34;0;0
10-26-2009 11:35;0;0
10-26-2009 11:36;131;0
10-26-2009 11:37;3;0
10-26-2009 11:38;3;0
10-26-2009 11:39;14;0
10-26-2009 11:40;16;0
10-26-2009 11:41;22;0
10-26-2009 11:42;3;0
10-26-2009 11:43;5;0
10-26-2009 11:44;19;0
10-26-2009 11:45;86;0
10-26-2009 11:46;304;0
10-26-2009 11:47;0;0
10-26-2009 11:48;7;0
10-26-2009 11:49;14;0
10-26-2009 11:50;0;0
10-26-2009 11:51;14;0
10-26-2009 11:52;45;0
10-26-2009 11:53;202;0
10-26-2009 11:54;666;1
10-26-2009 11:55;80;0
10-26-2009 11:56;38;0
10-26-2009 11:57;325;0
10-26-2009 11:58;0;0
10-26-2009 11:59;47;0
10-26-2009 12:00;100;0
10-26-2009 12:01;10;0
10-26-2009 12:02;0;0
10-26-2009 12:03;0;0
10-26-2009 12:04;0;0
10-26-2009 12:05;107;0
10-26-2009 12:06;5;0
10-26-2009 12:07;35;0
10-26-2009 12:08;47;0
10-26-2009 12:09;55;0
10-26-2009 12:10;249;0
10-26-2009 12:11;93;0
10-26-2009 12:12;202;0
10-26-2009 12:13;152;0
10-26-2009 12:14;131;0
10-26-2009 12:15;384;0
10-26-2009 12:16;202;0
10-26-2009 12:17;83;0
10-26-2009 12:18;83;0
10-26-2009 12:19;3;0
10-26-2009 12:20;249;0
10-26-2009 12:21;348;0
10-26-2009 12:22;336;0
10-26-2009 12:23;195;0
10-26-2009 12:24;147;0
10-26-2009 12:25;249;0
10-26-2009 12:26;22;0
10-26-2009 12:27;90;0
10-26-2009 12:28;76;0
10-26-2009 12:29;3;0
10-26-2009 12:30;48;0
10-26-2009 12:31;142;0
10-26-2009 12:32;16;0
10-26-2009 12:33;137;0
10-26-2009 12:34;182;0
10-26-2009 12:35;69;0
10-26-2009 12:36;131;0
10-26-2009 12:37;168;0
10-26-2009 12:38;83;0
10-26-2009 12:39;107;0
10-26-2009 12:40;76;0
10-26-2009 12:41;567;0
10-26-2009 12:42;258;0
10-26-2009 12:43;38;0
10-26-2009 12:44;0;0
10-26-2009 12:45;451;0
10-26-2009 12:46;223;0
10-26-2009 12:47;83;0
10-26-2009 12:48;438;0
10-26-2009 12:49;258;0
10-26-2009 12:50;467;0
10-26-2009 12:51;396;0
10-26-2009 12:52;467;0
10-26-2009 12:53;348;0
10-26-2009 12:54;45;0
10-26-2009 12:55;111;0
10-26-2009 12:56;189;0
10-26-2009 12:57;142;0
10-26-2009 12:58;107;0
10-26-2009 12:59;348;0
10-26-2009 13:00;26;0
10-26-2009 13:01;55;0
10-26-2009 13:02;258;0
10-26-2009 13:03;111;0
10-26-2009 13:04;111;0
10-26-2009 13:05;55;0
10-26-2009 13:06;62;0
10-26-2009 13:07;86;0
10-26-2009 13:08;0;0
10-26-2009 13:09;0;0
10-26-2009 13:10;157;0
10-26-2009 13:11;36;0
10-26-2009 13:12;645;1
10-26-2009 13:13;483;0
10-26-2009 13:14;55;0
10-26-2009 13:15;24;0
10-26-2009 13:16;24;0
10-26-2009 13:17;107;0
10-26-2009 13:18;26;0
10-26-2009 13:19;0;0
10-26-2009 13:20;121;0
10-26-2009 13:21;0;0
10-26-2009 13:22;26;0
10-26-2009 13:23;258;0
10-26-2009 13:24;104;0
10-26-2009 13:25;5;0
10-26-2009 13:26;10;0
10-26-2009 13:27;35;0
10-26-2009 13:28;62;0
10-26-2009 13:29;38;0
10-26-2009 13:30;36;0
10-26-2009 13:31;69;0
10-26-2009 13:32;0;0
10-26-2009 13:33;36;0
10-26-2009 13:34;31;0
10-26-2009 13:35;3;0
10-26-2009 13:36;43;0
10-26-2009 13:37;62;0
10-26-2009 13:38;48;0
10-26-2009 13:39;240;0
10-26-2009 13:40;42;0
10-26-2009 13:41;22;0
10-26-2009 13:42;0;0
10-26-2009 13:43;16;0
10-26-2009 13:44;0;0
10-26-2009 13:45;147;0
10-26-2009 13:46;189;0
10-26-2009 13:47;336;0
10-26-2009 13:48;294;0
10-26-2009 13:49;304;0
10-26-2009 13:50;645;1
10-26-2009 13:51;258;0
10-26-2009 13:52;126;0
10-26-2009 13:53;111;0
10-26-2009 13:54;50;0
10-26-2009 13:55;325;0
10-26-2009 13:56;266;0
10-26-2009 13:57;498;0
10-26-2009 13:58;645;1
10-26-2009 13:59;624;0
10-26-2009 14:00;688;1
10-26-2009 14:01;550;0
10-26-2009 14:02;142;0
10-26-2009 14:03;202;0
10-26-2009 14:04;9;0
10-26-2009 14:05;116;0
10-26-2009 14:06;240;0
10-26-2009 14:07;451;0
10-26-2009 14:08;315;0
10-26-2009 14:09;62;0
10-26-2009 14:10;467;0
10-26-2009 14:11;66;0
10-26-2009 14:12;142;0
10-26-2009 14:13;216;0
10-26-2009 14:14;189;0
10-26-2009 14:15;451;0
10-26-2009 14:16;294;0
10-26-2009 14:17;73;0
10-26-2009 14:18;73;0
10-26-2009 14:19;62;0
10-26-2009 14:20;47;0
10-26-2009 14:21;83;0
10-26-2009 14:22;189;0
10-26-2009 14:23;372;0
10-26-2009 14:24;73;0
10-26-2009 14:25;3;0
10-26-2009 14:26;325;0
10-26-2009 14:27;121;0
10-26-2009 14:28;372;0
10-26-2009 14:29;808;1
10-26-2009 14:30;483;0
10-26-2009 14:31;438;0
10-26-2009 14:32;782;1
10-26-2009 14:33;438;0
10-26-2009 14:34;202;0
10-26-2009 14:35;232;0
10-26-2009 14:36;59;0
10-26-2009 14:37;116;0
10-26-2009 14:38;69;0
10-26-2009 14:39;336;0
10-26-2009 14:40;325;0
10-26-2009 14:41;275;0
10-26-2009 14:42;157;0
10-26-2009 14:43;758;1
10-26-2009 14:44;515;0
10-26-2009 14:45;605;0
10-26-2009 14:46;645;1
10-26-2009 14:47;396;0
10-26-2009 14:48;266;0
10-26-2009 14:49;232;0
10-26-2009 14:50;249;0
10-26-2009 14:51;100;0
10-26-2009 14:52;97;0
10-26-2009 14:53;107;0
10-26-2009 14:54;86;0
10-26-2009 14:55;223;0
10-26-2009 14:56;182;0
10-26-2009 14:57;209;0
10-26-2009 14:58;688;1
10-26-2009 14:59;605;0
10-26-2009 15:00;232;0
10-26-2009 15:01;59;0
10-26-2009 15:02;336;0
10-26-2009 15:03;467;0
10-26-2009 15:04;483;0
10-26-2009 15:05;645;1
10-26-2009 15:06;808;1
10-26-2009 15:07;315;0
10-26-2009 15:08;182;0
10-26-2009 15:09;258;0
10-26-2009 15:10;182;0
10-26-2009 15:11;163;0
10-26-2009 15:12;175;0
10-26-2009 15:13;202;0
10-26-2009 15:14;22;0
10-26-2009 15:15;16;0
10-26-2009 15:16;90;0
10-26-2009 15:17;62;0
10-26-2009 15:18;50;0
10-26-2009 15:19;43;0
10-26-2009 15:20;55;0
10-26-2009 15:21;86;0
10-26-2009 15:22;0;0
10-26-2009 15:23;38;0
10-26-2009 15:24;59;0
10-26-2009 15:25;31;0
10-26-2009 15:26;258;0
10-26-2009 15:27;567;0
10-26-2009 15:28;688;1
10-26-2009 15:29;249;0
10-26-2009 15:30;5;0
10-26-2009 15:31;21;0
10-26-2009 15:32;47;0
10-26-2009 15:33;0;0
10-26-2009 15:34;76;0
10-26-2009 15:35;31;0
10-26-2009 15:36;3;0
10-26-2009 15:37;93;0
10-26-2009 15:38;126;0
10-26-2009 15:39;0;0
10-26-2009 15:40;0;0
10-26-2009 15:41;0;0
10-26-2009 15:42;0;0
10-26-2009 15:43;0;0
10-26-2009 15:44;0;0
10-26-2009 15:45;0;0
10-26-2009 15:46;0;0
10-26-2009 15:47;0;0
10-26-2009 15:48;0;0
10-26-2009 15:49;0;0
10-26-2009 15:50;0;0
10-26-2009 15:51;0;0
10-26-2009 15:52;0;0
10-26-2009 15:53;0;0
10-26-2009 15:54;73;0
10-26-2009 15:55;240;0
10-26-2009 15:56;0;0
10-26-2009 15:57;0;0
10-26-2009 15:58;73;0
10-26-2009 15:59;624;0
10-26-2009 16:00;451;0
10-26-2009 16:01;189;0
10-26-2009 16:02;12;0
10-26-2009 16:03;126;0
10-26-2009 16:04;189;0
10-26-2009 16:05;168;0
10-26-2009 16:06;372;0
10-26-2009 16:07;1301;1
10-26-2009 16:08;266;0
10-26-2009 16:09;294;0
10-26-2009 16:10;733;1
10-26-2009 16:11;688;1
10-26-2009 16:12;861;1
10-26-2009 16:13;483;0
10-26-2009 16:14;624;0
10-26-2009 16:15;483;0
10-26-2009 16:16;131;0
10-26-2009 16:17;498;0
10-26-2009 16:18;294;0
10-26-2009 16:19;275;0
10-26-2009 16:20;240;0
10-26-2009 16:21;294;0
10-26-2009 16:22;111;0
10-26-2009 16:23;21;0
10-26-2009 16:24;76;0
10-26-2009 16:25;116;0
10-26-2009 16:26;0;0
10-26-2009 16:27;69;0
10-26-2009 16:28;410;0
10-26-2009 16:29;586;0
10-26-2009 16:30;266;0
10-26-2009 16:31;17;0
10-26-2009 16:32;59;0
10-26-2009 16:33;12;0
10-26-2009 16:34;121;0
10-26-2009 16:35;43;0
10-26-2009 16:36;54;0
10-26-2009 16:37;104;0
10-26-2009 16:38;294;0
10-26-2009 16:39;116;0
10-26-2009 16:40;69;0
10-26-2009 16:41;498;0
10-26-2009 16:42;275;0
10-26-2009 16:43;325;0
10-26-2009 16:44;202;0
10-26-2009 16:45;209;0
10-26-2009 16:46;73;0
10-26-2009 16:47;21;0
10-26-2009 16:48;116;0
10-26-2009 16:49;284;0
10-26-2009 16:50;3;0
10-26-2009 16:51;131;0
10-26-2009 16:52;240;0
10-26-2009 16:53;396;0
10-26-2009 16:54;294;0
10-26-2009 16:55;35;0
10-26-2009 16:56;0;0
10-26-2009 16:57;9;0
10-26-2009 16:58;0;0
10-26-2009 16:59;0;0
10-26-2009 17:00;83;0
10-26-2009 17:01;54;0
10-26-2009 17:02;35;0
10-26-2009 17:03;73;0
10-26-2009 17:04;0;0
10-26-2009 17:05;0;0
10-26-2009 17:06;0;0
10-26-2009 17:07;10;0
10-26-2009 17:08;29;0
10-26-2009 17:09;54;0
10-26-2009 17:10;17;0
10-26-2009 17:11;0;0
10-26-2009 17:12;0;0
10-26-2009 17:13;55;0
10-26-2009 17:14;22;0
10-26-2009 17:15;111;0
10-26-2009 17:16;43;0
10-26-2009 17:17;47;0
10-26-2009 17:18;0;0
10-26-2009 17:19;0;0
10-26-2009 17:20;111;0
10-26-2009 17:21;80;0
10-26-2009 17:22;100;0
10-26-2009 17:23;304;0
10-26-2009 17:24;142;0
10-26-2009 17:25;48;0
10-26-2009 17:26;372;0
10-26-2009 17:27;605;0
10-26-2009 17:28;605;0
10-26-2009 17:29;1076;1
10-26-2009 17:30;567;0
10-26-2009 17:31;567;0
10-26-2009 17:32;533;0
10-26-2009 17:33;733;1
10-26-2009 17:34;451;0
10-26-2009 17:35;209;0
10-26-2009 17:36;325;0
10-26-2009 17:37;275;0
10-26-2009 17:38;175;0
10-26-2009 17:39;315;0
10-26-2009 17:40;240;0
10-26-2009 17:41;336;0
10-26-2009 17:42;410;0
10-26-2009 17:43;550;0
10-26-2009 17:44;483;0
10-26-2009 17:45;66;0
10-26-2009 17:46;266;0
10-26-2009 17:47;86;0
10-26-2009 17:48;515;0
10-26-2009 17:49;688;1
10-26-2009 17:50;396;0
10-26-2009 17:51;336;0
10-26-2009 17:52;451;0
10-26-2009 17:53;43;0
10-26-2009 17:54;100;0
10-26-2009 17:55;48;0
10-26-2009 17:56;48;0
10-26-2009 17:57;137;0
10-26-2009 17:58;467;0
10-26-2009 17:59;348;0
10-26-2009 18:00;586;0
10-26-2009 18:01;605;0
10-26-2009 18:02;438;0
10-26-2009 18:03;111;0
10-26-2009 18:04;62;0
10-26-2009 18:05;284;0
10-26-2009 18:06;168;0
10-26-2009 18:07;31;0
10-26-2009 18:08;107;0
10-26-2009 18:09;688;1
10-26-2009 18:10;498;0
10-26-2009 18:11;605;0
10-26-2009 18:12;12;0
10-26-2009 18:13;16;0
10-26-2009 18:14;62;0
10-26-2009 18:15;31;0
10-26-2009 18:16;76;0
10-26-2009 18:17;100;0
10-26-2009 18:18;55;0
10-26-2009 18:19;29;0
10-26-2009 18:20;62;0
10-26-2009 18:21;52;0
10-26-2009 18:22;410;0
10-26-2009 18:23;59;0
10-26-2009 18:24;36;0
10-26-2009 18:25;14;0
10-26-2009 18:26;28;0
10-26-2009 18:27;711;1
10-26-2009 18:28;1110;1
10-26-2009 18:29;1782;1
10-26-2009 18:30;498;0
10-26-2009 18:31;979;1
10-26-2009 18:32;918;1
10-26-2009 18:33;624;0
10-26-2009 18:34;294;0
10-26-2009 18:35;1183;1
10-26-2009 18:36;240;0
10-26-2009 18:37;223;0
10-26-2009 18:38;116;0
10-26-2009 18:39;31;0
10-26-2009 18:40;0;0
10-26-2009 18:41;47;0
10-26-2009 18:42;62;0
10-26-2009 18:43;157;0
10-26-2009 18:44;59;0
10-26-2009 18:45;3;0
10-26-2009 18:46;372;0
10-26-2009 18:47;3;0
10-26-2009 18:48;325;0
10-26-2009 18:49;97;0
10-26-2009 18:50;0;0
10-26-2009 18:51;137;0
10-26-2009 18:52;304;0
10-26-2009 18:53;948;1
10-26-2009 18:54;1076;1
10-26-2009 18:55;834;1
10-26-2009 18:56;498;0
10-26-2009 18:57;182;0
10-26-2009 18:58;0;0
10-26-2009 18:59;182;0
10-26-2009 19:00;240;0
10-26-2009 19:01;688;1
10-26-2009 19:02;384;0
10-26-2009 19:03;175;0
10-26-2009 19:04;175;0
10-26-2009 19:05;93;0
10-26-2009 19:06;14;0
10-26-2009 19:07;36;0
10-26-2009 19:08;104;0
10-26-2009 19:09;0;0
10-26-2009 19:10;29;0
10-26-2009 19:11;24;0
10-26-2009 19:12;86;0
10-26-2009 19:13;498;0
10-26-2009 19:14;467;0
10-26-2009 19:15;294;0
10-26-2009 19:16;175;0
10-26-2009 19:17;325;0
10-26-2009 19:18;315;0
10-26-2009 19:19;467;0
10-26-2009 19:20;266;0
10-26-2009 19:21;147;0
10-26-2009 19:22;137;0
10-26-2009 19:23;175;0
10-26-2009 19:24;126;0
10-26-2009 19:25;73;0
10-26-2009 19:26;14;0
10-26-2009 19:27;451;0
10-26-2009 19:28;35;0
10-26-2009 19:29;36;0
10-26-2009 19:30;42;0
10-26-2009 19:31;0;0
10-26-2009 19:32;209;0
10-26-2009 19:33;0;0
10-26-2009 19:34;111;0
10-26-2009 19:35;202;0
10-26-2009 19:36;0;0
10-26-2009 19:37;17;0
10-26-2009 19:38;0;0
10-26-2009 19:39;3;0
10-26-2009 19:40;42;0
10-26-2009 19:41;410;0
10-26-2009 19:42;624;0
10-26-2009 19:43;567;0
10-26-2009 19:44;645;1
10-26-2009 19:45;137;0
10-26-2009 19:46;40;0
10-26-2009 19:47;73;0
10-26-2009 19:48;175;0
10-26-2009 19:49;163;0
10-26-2009 19:50;147;0
10-26-2009 19:51;40;0
10-26-2009 19:52;93;0
10-26-2009 19:53;116;0
10-26-2009 19:54;47;0
10-26-2009 19:55;116;0
10-26-2009 19:56;116;0
10-26-2009 19:57;223;0
10-26-2009 19:58;666;1
10-26-2009 19:59;396;0
10-26-2009 20:00;834;1
10-26-2009 20:01;834;1
10-26-2009 20:02;979;1
10-26-2009 20:03;758;1
10-26-2009 20:04;498;0
10-26-2009 20:05;515;0
10-26-2009 20:06;782;1
10-26-2009 20:07;424;0
10-26-2009 20:08;782;1
10-26-2009 20:09;688;1
10-26-2009 20:10;1430;1
10-26-2009 20:11;76;0
10-26-2009 20:12;168;0
10-26-2009 20:13;258;0
10-26-2009 20:14;216;0
10-26-2009 20:15;0;0
10-26-2009 20:16;0;0
10-26-2009 20:17;0;0
10-26-2009 20:18;62;0
10-26-2009 20:19;7;0
10-26-2009 20:20;0;0
10-26-2009 20:21;0;0
10-26-2009 20:22;0;0
10-26-2009 20:23;73;0
10-26-2009 20:24;29;0
10-26-2009 20:25;0;0
10-26-2009 20:26;0;0
10-26-2009 20:27;131;0
10-26-2009 20:28;12;0
10-26-2009 20:29;0;0
10-26-2009 20:30;10;0
10-26-2009 20:31;834;1
10-26-2009 20:32;126;0
10-26-2009 20:33;0;0
10-26-2009 20:34;0;0
10-26-2009 20:35;0;0
10-26-2009 20:36;0;0
10-26-2009 20:37;0;0
10-26-2009 20:38;0;0
10-26-2009 20:39;0;0
10-26-2009 20:40;0;0
10-26-2009 20:41;0;0
10-26-2009 20:42;0;0
10-26-2009 20:43;0;0
10-26-2009 20:44;10;0
10-26-2009 20:45;0;0
10-26-2009 20:46;0;0
10-26-2009 20:47;0;0
10-26-2009 20:48;28;0
10-26-2009 20:49;21;0
10-26-2009 20:50;515;0
10-26-2009 20:51;586;0
10-26-2009 20:52;111;0
10-26-2009 20:53;175;0
10-26-2009 20:54;232;0
10-26-2009 20:55;142;0
10-26-2009 20:56;294;0
10-26-2009 20:57;711;1
10-26-2009 20:58;384;0
10-26-2009 20:59;467;0
10-26-2009 21:00;131;0
10-26-2009 21:01;0;0
10-26-2009 21:02;0;0
10-26-2009 21:03;111;0
10-26-2009 21:04;410;0
10-26-2009 21:05;90;0
10-26-2009 21:06;605;0
10-26-2009 21:07;348;0
10-26-2009 21:08;142;0
10-26-2009 21:09;0;0
10-26-2009 21:10;0;0
10-26-2009 21:11;0;0
10-26-2009 21:12;116;0
10-26-2009 21:13;294;0
10-26-2009 21:14;157;0
10-26-2009 21:15;142;0
10-26-2009 21:16;121;0
10-26-2009 21:17;232;0
10-26-2009 21:18;284;0
10-26-2009 21:19;182;0
10-26-2009 21:20;294;0
10-26-2009 21:21;266;0
10-26-2009 21:22;586;0
10-26-2009 21:23;384;0
10-26-2009 21:24;948;1
10-26-2009 21:25;424;0
10-26-2009 21:26;410;0
10-26-2009 21:27;111;0
10-26-2009 21:28;126;0
10-26-2009 21:29;189;0
10-26-2009 21:30;147;0
10-26-2009 21:31;121;0
10-26-2009 21:32;93;0
10-26-2009 21:33;147;0
10-26-2009 21:34;137;0
10-26-2009 21:35;55;0
10-26-2009 21:36;83;0
10-26-2009 21:37;80;0
10-26-2009 21:38;66;0
10-26-2009 21:39;66;0
10-26-2009 21:40;284;0
10-26-2009 21:41;35;0
10-26-2009 21:42;232;0
10-26-2009 21:43;284;0
10-26-2009 21:44;0;0
10-26-2009 21:45;121;0
10-26-2009 21:46;142;0
10-26-2009 21:47;348;0
10-26-2009 21:48;240;0
10-26-2009 21:49;733;1
10-26-2009 21:50;104;0
10-26-2009 21:51;0;0
10-26-2009 21:52;35;0
10-26-2009 21:53;0;0
10-26-2009 21:54;0;0
10-26-2009 21:55;0;0
10-26-2009 21:56;0;0
10-26-2009 21:57;0;0
10-26-2009 21:58;0;0
10-26-2009 21:59;0;0
10-26-2009 22:00;0;0
10-26-2009 22:01;0;0
10-26-2009 22:02;0;0
10-26-2009 22:03;0;0
10-26-2009 22:04;0;0
10-26-2009 22:05;0;0
10-26-2009 22:06;0;0
10-26-2009 22:07;76;0
10-26-2009 22:08;0;0
10-26-2009 22:09;0;0
10-26-2009 22:10;0;0
10-26-2009 22:11;0;0
10-26-2009 22:12;3;0
10-26-2009 22:13;0;0
10-26-2009 22:14;0;0
10-26-2009 22:15;0;0
10-26-2009 22:16;0;0
10-26-2009 22:17;0;0
10-26-2009 22:18;0;0
10-26-2009 22:19;0;0
10-26-2009 22:20;0;0
10-26-2009 22:21;0;0
10-26-2009 22:22;0;0
10-26-2009 22:23;0;0
10-26-2009 22:24;0;0
10-26-2009 22:25;0;0
10-26-2009 22:26;0;0
10-26-2009 22:27;0;0
10-26-2009 22:28;0;0
10-26-2009 22:29;0;0
10-26-2009 22:30;0;0
10-26-2009 22:31;0;0
10-26-2009 22:32;0;0
10-26-2009 22:33;0;0
10-26-2009 22:34;0;0
10-26-2009 22:35;0;0
10-26-2009 22:36;0;0
10-26-2009 22:37;0;0
10-26-2009 22:38;0;0
10-26-2009 22:39;0;0
10-26-2009 22:40;0;0
10-26-2009 22:41;0;0
10-26-2009 22:42;0;0
10-26-2009 22:43;0;0
10-26-2009 22:44;0;0
10-26-2009 22:45;0;0
10-26-2009 22:46;0;0
10-26-2009 22:47;0;0
10-26-2009 22:48;0;0
10-26-2009 22:49;0;0
10-26-2009 22:50;0;0
10-26-2009 22:51;0;0
10-26-2009 22:52;0;0
10-26-2009 22:53;0;0
10-26-2009 22:54;0;0
10-26-2009 22:55;0;0
10-26-2009 22:56;0;0
10-26-2009 22:57;0;0
10-26-2009 22:58;0;0
10-26-2009 22:59;0;0
10-26-2009 23:00;0;0
10-26-2009 23:01;0;0
10-26-2009 23:02;86;0
10-26-2009 23:03;83;0
10-26-2009 23:04;0;0
10-26-2009 23:05;0;0
10-26-2009 23:06;0;0
10-26-2009 23:07;0;0
10-26-2009 23:08;0;0
10-26-2009 23:09;0;0
10-26-2009 23:10;0;0
10-26-2009 23:11;0;0
10-26-2009 23:12;0;0
10-26-2009 23:13;3;0
10-26-2009 23:14;0;0
10-26-2009 23:15;0;0
10-26-2009 23:16;0;0
10-26-2009 23:17;0;0
10-26-2009 23:18;0;0
10-26-2009 23:19;0;0
10-26-2009 23:20;0;0
10-26-2009 23:21;0;0
10-26-2009 23:22;55;0
10-26-2009 23:23;275;0
10-26-2009 23:24;0;0
10-26-2009 23:25;0;0
10-26-2009 23:26;0;0
10-26-2009 23:27;21;0
10-26-2009 23:28;0;0
10-26-2009 23:29;0;0
10-26-2009 23:30;104;0
10-26-2009 23:31;45;0
10-26-2009 23:32;0;0
10-26-2009 23:33;0;0
10-26-2009 23:34;0;0
10-26-2009 23:35;0;0
10-26-2009 23:36;0;0
10-26-2009 23:37;0;0
10-26-2009 23:38;0;0
10-26-2009 23:39;0;0
10-26-2009 23:40;33;0
10-26-2009 23:41;3;0
10-26-2009 23:42;0;0
10-26-2009 23:43;0;0
10-26-2009 23:44;0;0
10-26-2009 23:45;147;0
10-26-2009 23:46;137;0
10-26-2009 23:47;275;0
10-26-2009 23:48;410;0
10-26-2009 23:49;372;0
10-26-2009 23:50;35;0
10-26-2009 23:51;0;0
10-26-2009 23:52;0;0
10-26-2009 23:53;0;0
10-26-2009 23:54;0;0
10-26-2009 23:55;0;0
10-26-2009 23:56;0;0
10-26-2009 23:57;0;0
10-26-2009 23:58;275;0
10-26-2009 23:59;17;0
10-27-2009 00:00;175;0
10-27-2009 00:01;808;1
10-27-2009 00:02;294;0
10-27-2009 00:03;0;0
10-27-2009 00:04;0;0
10-27-2009 00:05;3;0
10-27-2009 00:06;0;0
10-27-2009 00:07;0;0
10-27-2009 00:08;0;0
10-27-2009 00:09;0;0
10-27-2009 00:10;3;0
10-27-2009 00:11;0;0
10-27-2009 00:12;0;0
10-27-2009 00:13;0;0
10-27-2009 00:14;116;0
10-27-2009 00:15;47;0
10-27-2009 00:16;0;0
10-27-2009 00:17;0;0
10-27-2009 00:18;0;0
10-27-2009 00:19;0;0
10-27-2009 00:20;0;0
10-27-2009 00:21;54;0
10-27-2009 00:22;0;0
10-27-2009 00:23;0;0
10-27-2009 00:24;0;0
10-27-2009 00:25;0;0
10-27-2009 00:26;0;0
10-27-2009 00:27;24;0
10-27-2009 00:28;5;0
10-27-2009 00:29;0;0
10-27-2009 00:30;0;0
10-27-2009 00:31;0;0
10-27-2009 00:32;0;0
10-27-2009 00:33;47;0
10-27-2009 00:34;0;0
10-27-2009 00:35;0;0
10-27-2009 00:36;0;0
10-27-2009 00:37;0;0
10-27-2009 00:38;0;0
10-27-2009 00:39;0;0
10-27-2009 00:40;0;0
10-27-2009 00:41;0;0
10-27-2009 00:42;100;0
10-27-2009 00:43;0;0
10-27-2009 00:44;0;0
10-27-2009 00:45;0;0
10-27-2009 00:46;0;0
10-27-2009 00:47;0;0
10-27-2009 00:48;0;0
10-27-2009 00:49;157;0
10-27-2009 00:50;0;0
10-27-2009 00:51;0;0
10-27-2009 00:52;0;0
10-27-2009 00:53;0;0
10-27-2009 00:54;0;0
10-27-2009 00:55;0;0
10-27-2009 00:56;0;0
10-27-2009 00:57;0;0
10-27-2009 00:58;0;0
10-27-2009 00:59;0;0
10-27-2009 01:00;195;0
10-27-2009 01:01;0;0
10-27-2009 01:02;0;0
10-27-2009 01:03;0;0
10-27-2009 01:04;0;0
10-27-2009 01:05;0;0
10-27-2009 01:06;0;0
10-27-2009 01:07;0;0
10-27-2009 01:08;0;0
10-27-2009 01:09;0;0
10-27-2009 01:10;0;0
10-27-2009 01:11;0;0
10-27-2009 01:12;0;0
10-27-2009 01:13;45;0
10-27-2009 01:14;0;0
10-27-2009 01:15;0;0
10-27-2009 01:16;0;0
10-27-2009 01:17;0;0
10-27-2009 01:18;0;0
10-27-2009 01:19;12;0
10-27-2009 01:20;0;0
10-27-2009 01:21;0;0
10-27-2009 01:22;0;0
10-27-2009 01:23;0;0
10-27-2009 01:24;0;0
10-27-2009 01:25;0;0
10-27-2009 01:26;90;0
10-27-2009 01:27;80;0
10-27-2009 01:28;0;0
10-27-2009 01:29;0;0
10-27-2009 01:30;0;0
10-27-2009 01:31;0;0
10-27-2009 01:32;0;0
10-27-2009 01:33;50;0
10-27-2009 01:34;0;0
10-27-2009 01:35;47;0
10-27-2009 01:36;35;0
10-27-2009 01:37;0;0
10-27-2009 01:38;0;0
10-27-2009 01:39;0;0
10-27-2009 01:40;0;0
10-27-2009 01:41;0;0
10-27-2009 01:42;86;0
10-27-2009 01:43;0;0
10-27-2009 01:44;73;0
10-27-2009 01:45;0;0
10-27-2009 01:46;0;0
10-27-2009 01:47;0;0
10-27-2009 01:48;0;0
10-27-2009 01:49;0;0
10-27-2009 01:50;0;0
10-27-2009 01:51;0;0
10-27-2009 01:52;83;0
10-27-2009 01:53;59;0
10-27-2009 01:54;16;0
10-27-2009 01:55;0;0
10-27-2009 01:56;0;0
10-27-2009 01:57;0;0
10-27-2009 01:58;0;0
10-27-2009 01:59;0;0
10-27-2009 02:00;0;0
10-27-2009 02:01;0;0
10-27-2009 02:02;0;0
10-27-2009 02:03;0;0
10-27-2009 02:04;0;0
10-27-2009 02:05;0;0
10-27-2009 02:06;0;0
10-27-2009 02:07;0;0
10-27-2009 02:08;0;0
10-27-2009 02:09;0;0
10-27-2009 02:10;0;0
10-27-2009 02:11;0;0
10-27-2009 02:12;0;0
10-27-2009 02:13;0;0
10-27-2009 02:14;0;0
10-27-2009 02:15;0;0
10-27-2009 02:16;0;0
10-27-2009 02:17;0;0
10-27-2009 02:18;0;0
10-27-2009 02:19;0;0
10-27-2009 02:20;0;0
10-27-2009 02:21;0;0
10-27-2009 02:22;14;0
10-27-2009 02:23;0;0
10-27-2009 02:24;0;0
10-27-2009 02:25;80;0
10-27-2009 02:26;0;0
10-27-2009 02:27;0;0
10-27-2009 02:28;66;0
10-27-2009 02:29;43;0
10-27-2009 02:30;10;0
10-27-2009 02:31;73;0
10-27-2009 02:32;168;0
10-27-2009 02:33;372;0
10-27-2009 02:34;43;0
10-27-2009 02:35;0;0
10-27-2009 02:36;0;0
10-27-2009 02:37;0;0
10-27-2009 02:38;0;0
10-27-2009 02:39;0;0
10-27-2009 02:40;0;0
10-27-2009 02:41;0;0
10-27-2009 02:42;0;0
10-27-2009 02:43;0;0
10-27-2009 02:44;0;0
10-27-2009 02:45;0;0
10-27-2009 02:46;0;0
10-27-2009 02:47;0;0
10-27-2009 02:48;0;0
10-27-2009 02:49;0;0
10-27-2009 02:50;0;0
10-27-2009 02:51;0;0
10-27-2009 02:52;0;0
10-27-2009 02:53;0;0
10-27-2009 02:54;76;0
10-27-2009 02:55;48;0
10-27-2009 02:56;73;0
10-27-2009 02:57;0;0
10-27-2009 02:58;0;0
10-27-2009 02:59;0;0
10-27-2009 03:00;0;0
10-27-2009 03:01;62;0
10-27-2009 03:02;0;0
10-27-2009 03:03;0;0
10-27-2009 03:04;0;0
10-27-2009 03:05;0;0
10-27-2009 03:06;0;0
10-27-2009 03:07;0;0
10-27-2009 03:08;0;0
10-27-2009 03:09;0;0
10-27-2009 03:10;33;0
10-27-2009 03:11;0;0
10-27-2009 03:12;0;0
10-27-2009 03:13;0;0
10-27-2009 03:14;0;0
10-27-2009 03:15;0;0
10-27-2009 03:16;0;0
10-27-2009 03:17;0;0
10-27-2009 03:18;33;0
10-27-2009 03:19;0;0
10-27-2009 03:20;0;0
10-27-2009 03:21;0;0
10-27-2009 03:22;50;0
10-27-2009 03:23;0;0
10-27-2009 03:24;0;0
10-27-2009 03:25;0;0
10-27-2009 03:26;0;0
10-27-2009 03:27;0;0
10-27-2009 03:28;0;0
10-27-2009 03:29;0;0
10-27-2009 03:30;0;0
10-27-2009 03:31;59;0
10-27-2009 03:32;45;0
10-27-2009 03:33;0;0
10-27-2009 03:34;0;0
10-27-2009 03:35;45;0
10-27-2009 03:36;0;0
10-27-2009 03:37;0;0
10-27-2009 03:38;5;0
10-27-2009 03:39;0;0
10-27-2009 03:40;0;0
10-27-2009 03:41;0;0
10-27-2009 03:42;152;0
10-27-2009 03:43;0;0
10-27-2009 03:44;0;0
10-27-2009 03:45;0;0
10-27-2009 03:46;0;0
10-27-2009 03:47;131;0
10-27-2009 03:48;0;0
10-27-2009 03:49;0;0
10-27-2009 03:50;54;0
10-27-2009 03:51;0;0
10-27-2009 03:52;97;0
10-27-2009 03:53;0;0
10-27-2009 03:54;0;0
10-27-2009 03:55;5;0
10-27-2009 03:56;0;0
10-27-2009 03:57;0;0
10-27-2009 03:58;0;0
10-27-2009 03:59;0;0
10-27-2009 04:00;0;0
10-27-2009 04:01;80;0
10-27-2009 04:02;90;0
10-27-2009 04:03;0;0
10-27-2009 04:04;0;0
10-27-2009 04:05;0;0
10-27-2009 04:06;0;0
10-27-2009 04:07;0;0
10-27-2009 04:08;0;0
10-27-2009 04:09;0;0
10-27-2009 04:10;0;0
10-27-2009 04:11;152;0
10-27-2009 04:12;0;0
10-27-2009 04:13;0;0
10-27-2009 04:14;0;0
10-27-2009 04:15;0;0
10-27-2009 04:16;0;0
10-27-2009 04:17;86;0
10-27-2009 04:18;0;0
10-27-2009 04:19;22;0
10-27-2009 04:20;0;0
10-27-2009 04:21;0;0
10-27-2009 04:22;3;0
10-27-2009 04:23;0;0
10-27-2009 04:24;0;0
10-27-2009 04:25;0;0
10-27-2009 04:26;0;0
10-27-2009 04:27;0;0
10-27-2009 04:28;0;0
10-27-2009 04:29;0;0
10-27-2009 04:30;0;0
10-27-2009 04:31;0;0
10-27-2009 04:32;0;0
10-27-2009 04:33;0;0
10-27-2009 04:34;0;0
10-27-2009 04:35;0;0
10-27-2009 04:36;0;0
10-27-2009 04:37;0;0
10-27-2009 04:38;0;0
10-27-2009 04:39;0;0
10-27-2009 04:40;0;0
10-27-2009 04:41;0;0
10-27-2009 04:42;0;0
10-27-2009 04:43;0;0
10-27-2009 04:44;0;0
10-27-2009 04:45;0;0
10-27-2009 04:46;0;0
10-27-2009 04:47;0;0
10-27-2009 04:48;0;0
10-27-2009 04:49;0;0
10-27-2009 04:50;0;0
10-27-2009 04:51;0;0
10-27-2009 04:52;0;0
10-27-2009 04:53;0;0
10-27-2009 04:54;42;0
10-27-2009 04:55;0;0
10-27-2009 04:56;0;0
10-27-2009 04:57;62;0
10-27-2009 04:58;0;0
10-27-2009 04:59;0;0
10-27-2009 05:00;0;0
10-27-2009 05:01;0;0
10-27-2009 05:02;0;0
10-27-2009 05:03;0;0
10-27-2009 05:04;0;0
10-27-2009 05:05;19;0
10-27-2009 05:06;69;0
10-27-2009 05:07;168;0
10-27-2009 05:08;0;0
10-27-2009 05:09;0;0
10-27-2009 05:10;33;0
10-27-2009 05:11;0;0
10-27-2009 05:12;0;0
10-27-2009 05:13;0;0
10-27-2009 05:14;0;0
10-27-2009 05:15;0;0
10-27-2009 05:16;0;0
10-27-2009 05:17;0;0
10-27-2009 05:18;0;0
10-27-2009 05:19;90;0
10-27-2009 05:20;14;0
10-27-2009 05:21;0;0
10-27-2009 05:22;0;0
10-27-2009 05:23;0;0
10-27-2009 05:24;5;0
10-27-2009 05:25;0;0
10-27-2009 05:26;17;0
10-27-2009 05:27;0;0
10-27-2009 05:28;3;0
10-27-2009 05:29;0;0
10-27-2009 05:30;0;0
10-27-2009 05:31;0;0
10-27-2009 05:32;0;0
10-27-2009 05:33;76;0
10-27-2009 05:34;0;0
10-27-2009 05:35;9;0
10-27-2009 05:36;0;0
10-27-2009 05:37;0;0
10-27-2009 05:38;0;0
10-27-2009 05:39;0;0
10-27-2009 05:40;0;0
10-27-2009 05:41;76;0
10-27-2009 05:42;0;0
10-27-2009 05:43;0;0
10-27-2009 05:44;0;0
10-27-2009 05:45;0;0
10-27-2009 05:46;42;0
10-27-2009 05:47;73;0
10-27-2009 05:48;0;0
10-27-2009 05:49;62;0
10-27-2009 05:50;0;0
10-27-2009 05:51;0;0
10-27-2009 05:52;182;0
10-27-2009 05:53;0;0
10-27-2009 05:54;0;0
10-27-2009 05:55;0;0
10-27-2009 05:56;0;0
10-27-2009 05:57;0;0
10-27-2009 05:58;0;0
10-27-2009 05:59;3;0
10-27-2009 06:00;0;0
10-27-2009 06:01;0;0
10-27-2009 06:02;0;0
10-27-2009 06:03;0;0
10-27-2009 06:04;0;0
10-27-2009 06:05;59;0
10-27-2009 06:06;0;0
10-27-2009 06:07;396;0
10-27-2009 06:08;36;0
10-27-2009 06:09;0;0
10-27-2009 06:10;0;0
10-27-2009 06:11;0;0
10-27-2009 06:12;0;0
10-27-2009 06:13;1043;1
10-27-2009 06:14;711;1
10-27-2009 06:15;567;0
10-27-2009 06:16;1110;1
10-27-2009 06:17;1110;1
10-27-2009 06:18;645;1
10-27-2009 06:19;1147;1
10-27-2009 06:20;325;0
10-27-2009 06:21;550;0
10-27-2009 06:22;410;0
10-27-2009 06:23;467;0
10-27-2009 06:24;83;0
10-27-2009 06:25;111;0
10-27-2009 06:26;9;0
10-27-2009 06:27;240;0
10-27-2009 06:28;275;0
10-27-2009 06:29;266;0
10-27-2009 06:30;100;0
10-27-2009 06:31;31;0
10-27-2009 06:32;0;0
10-27-2009 06:33;336;0
10-27-2009 06:34;624;0
10-27-2009 06:35;336;0
10-27-2009 06:36;100;0
10-27-2009 06:37;175;0
10-27-2009 06:38;515;0
10-27-2009 06:39;384;0
10-27-2009 06:40;410;0
10-27-2009 06:41;889;1
10-27-2009 06:42;182;0
10-27-2009 06:43;28;0
10-27-2009 06:44;249;0
10-27-2009 06:45;861;1
10-27-2009 06:46;372;0
10-27-2009 06:47;733;1
10-27-2009 06:48;168;0
10-27-2009 06:49;861;1
10-27-2009 06:50;586;0
10-27-2009 06:51;533;0
10-27-2009 06:52;624;0
10-27-2009 06:53;498;0
10-27-2009 06:54;195;0
10-27-2009 06:55;232;0
10-27-2009 06:56;223;0
10-27-2009 06:57;168;0
10-27-2009 06:58;284;0
10-27-2009 06:59;550;0
10-27-2009 07:00;550;0
10-27-2009 07:01;410;0
10-27-2009 07:02;384;0
10-27-2009 07:03;624;0
10-27-2009 07:04;47;0
10-27-2009 07:05;483;0
10-27-2009 07:06;116;0
10-27-2009 07:07;90;0
10-27-2009 07:08;688;1
10-27-2009 07:09;31;0
10-27-2009 07:10;10;0
10-27-2009 07:11;97;0
10-27-2009 07:12;21;0
10-27-2009 07:13;131;0
10-27-2009 07:14;80;0
10-27-2009 07:15;5;0
10-27-2009 07:16;0;0
10-27-2009 07:17;116;0
10-27-2009 07:18;12;0
10-27-2009 07:19;3;0
10-27-2009 07:20;38;0
10-27-2009 07:21;9;0
10-27-2009 07:22;3;0
10-27-2009 07:23;86;0
10-27-2009 07:24;216;0
10-27-2009 07:25;66;0
10-27-2009 07:26;33;0
10-27-2009 07:27;121;0
10-27-2009 07:28;438;0
10-27-2009 07:29;467;0
10-27-2009 07:30;55;0
10-27-2009 07:31;360;0
10-27-2009 07:32;782;1
10-27-2009 07:33;348;0
10-27-2009 07:34;304;0
10-27-2009 07:35;348;0
10-27-2009 07:36;348;0
10-27-2009 07:37;21;0
10-27-2009 07:38;336;0
10-27-2009 07:39;624;0
10-27-2009 07:40;168;0
10-27-2009 07:41;66;0
10-27-2009 07:42;240;0
10-27-2009 07:43;515;0
10-27-2009 07:44;28;0
10-27-2009 07:45;62;0
10-27-2009 07:46;168;0
10-27-2009 07:47;232;0
10-27-2009 07:48;567;0
10-27-2009 07:49;55;0
10-27-2009 07:50;7;0
10-27-2009 07:51;12;0
10-27-2009 07:52;533;0
10-27-2009 07:53;131;0
10-27-2009 07:54;21;0
10-27-2009 07:55;126;0
10-27-2009 07:56;137;0
10-27-2009 07:57;284;0
10-27-2009 07:58;66;0
10-27-2009 07:59;360;0
10-27-2009 08:00;157;0
10-27-2009 08:01;209;0
10-27-2009 08:02;126;0
10-27-2009 08:03;90;0
10-27-2009 08:04;35;0
10-27-2009 08:05;54;0
10-27-2009 08:06;0;0
10-27-2009 08:07;0;0
10-27-2009 08:08;12;0
10-27-2009 08:09;0;0
10-27-2009 08:10;12;0
10-27-2009 08:11;26;0
10-27-2009 08:12;33;0
10-27-2009 08:13;104;0
10-27-2009 08:14;5;0
10-27-2009 08:15;19;0
10-27-2009 08:16;0;0
10-27-2009 08:17;0;0
10-27-2009 08:18;9;0
10-27-2009 08:19;3;0
10-27-2009 08:20;42;0
10-27-2009 08:21;24;0
10-27-2009 08:22;9;0
10-27-2009 08:23;43;0
10-27-2009 08:24;9;0
10-27-2009 08:25;3;0
10-27-2009 08:26;0;0
10-27-2009 08:27;62;0
10-27-2009 08:28;47;0
10-27-2009 08:29;111;0
10-27-2009 08:30;0;0
10-27-2009 08:31;47;0
10-27-2009 08:32;35;0
10-27-2009 08:33;5;0
10-27-2009 08:34;52;0
10-27-2009 08:35;76;0
10-27-2009 08:36;240;0
10-27-2009 08:37;163;0
10-27-2009 08:38;111;0
10-27-2009 08:39;216;0
10-27-2009 08:40;232;0
10-27-2009 08:41;223;0
10-27-2009 08:42;168;0
10-27-2009 08:43;163;0
10-27-2009 08:44;16;0
10-27-2009 08:45;0;0
10-27-2009 08:46;0;0
10-27-2009 08:47;59;0
10-27-2009 08:48;216;0
10-27-2009 08:49;424;0
10-27-2009 08:50;325;0
10-27-2009 08:51;384;0
10-27-2009 08:52;93;0
10-27-2009 08:53;372;0
10-27-2009 08:54;372;0
10-27-2009 08:55;424;0
10-27-2009 08:56;424;0
10-27-2009 08:57;189;0
10-27-2009 08:58;152;0
10-27-2009 08:59;258;0
10-27-2009 09:00;104;0
10-27-2009 09:01;97;0
10-27-2009 09:02;97;0
10-27-2009 09:03;216;0
10-27-2009 09:04;294;0
10-27-2009 09:05;62;0
10-27-2009 09:06;0;0
10-27-2009 09:07;59;0
10-27-2009 09:08;69;0
10-27-2009 09:09;315;0
10-27-2009 09:10;100;0
10-27-2009 09:11;28;0
10-27-2009 09:12;55;0
10-27-2009 09:13;107;0
10-27-2009 09:14;59;0
10-27-2009 09:15;168;0
10-27-2009 09:16;62;0
10-27-2009 09:17;240;0
10-27-2009 09:18;284;0
10-27-2009 09:19;36;0
10-27-2009 09:20;384;0
10-27-2009 09:21;36;0
10-27-2009 09:22;62;0
10-27-2009 09:23;111;0
10-27-2009 09:24;22;0
10-27-2009 09:25;360;0
10-27-2009 09:26;3;0
10-27-2009 09:27;12;0
10-27-2009 09:28;372;0
10-27-2009 09:29;3;0
10-27-2009 09:30;9;0
10-27-2009 09:31;567;0
10-27-2009 09:32;22;0
10-27-2009 09:33;348;0
10-27-2009 09:34;86;0
10-27-2009 09:35;275;0
10-27-2009 09:36;35;0
10-27-2009 09:37;3;0
10-27-2009 09:38;325;0
10-27-2009 09:39;232;0
10-27-2009 09:40;315;0
10-27-2009 09:41;107;0
10-27-2009 09:42;315;0
10-27-2009 09:43;645;1
10-27-2009 09:44;157;0
10-27-2009 09:45;336;0
10-27-2009 09:46;336;0
10-27-2009 09:47;266;0
10-27-2009 09:48;76;0
10-27-2009 09:49;348;0
10-27-2009 09:50;175;0
10-27-2009 09:51;38;0
10-27-2009 09:52;50;0
10-27-2009 09:53;107;0
10-27-2009 09:54;189;0
10-27-2009 09:55;157;0
10-27-2009 09:56;157;0
10-27-2009 09:57;31;0
10-27-2009 09:58;0;0
10-27-2009 09:59;9;0
10-27-2009 10:00;73;0
10-27-2009 10:01;36;0
10-27-2009 10:02;69;0
10-27-2009 10:03;14;0
10-27-2009 10:04;54;0
10-27-2009 10:05;152;0
10-27-2009 10:06;26;0
10-27-2009 10:07;116;0
10-27-2009 10:08;688;1
10-27-2009 10:09;232;0
10-27-2009 10:10;451;0
10-27-2009 10:11;168;0
10-27-2009 10:12;35;0
10-27-2009 10:13;116;0
10-27-2009 10:14;73;0
10-27-2009 10:15;163;0
10-27-2009 10:16;232;0
10-27-2009 10:17;360;0
10-27-2009 10:18;137;0
10-27-2009 10:19;360;0
10-27-2009 10:20;17;0
10-27-2009 10:21;59;0
10-27-2009 10:22;16;0
10-27-2009 10:23;116;0
10-27-2009 10:24;384;0
10-27-2009 10:25;43;0
10-27-2009 10:26;147;0
10-27-2009 10:27;69;0
10-27-2009 10:28;348;0
10-27-2009 10:29;223;0
10-27-2009 10:30;24;0
10-27-2009 10:31;17;0
10-27-2009 10:32;121;0
10-27-2009 10:33;107;0
10-27-2009 10:34;0;0
10-27-2009 10:35;0;0
10-27-2009 10:36;21;0
10-27-2009 10:37;0;0
10-27-2009 10:38;86;0
10-27-2009 10:39;69;0
10-27-2009 10:40;147;0
10-27-2009 10:41;22;0
10-27-2009 10:42;304;0
10-27-2009 10:43;410;0
10-27-2009 10:44;10;0
10-27-2009 10:45;116;0
10-27-2009 10:46;93;0
10-27-2009 10:47;66;0
10-27-2009 10:48;438;0
10-27-2009 10:49;284;0
10-27-2009 10:50;0;0
10-27-2009 10:51;107;0
10-27-2009 10:52;26;0
10-27-2009 10:53;258;0
10-27-2009 10:54;645;1
10-27-2009 10:55;42;0
10-27-2009 10:56;3;0
10-27-2009 10:57;175;0
10-27-2009 10:58;93;0
10-27-2009 10:59;97;0
10-27-2009 11:00;348;0
10-27-2009 11:01;90;0
10-27-2009 11:02;223;0
10-27-2009 11:03;294;0
10-27-2009 11:04;605;0
10-27-2009 11:05;1010;1
10-27-2009 11:06;294;0
10-27-2009 11:07;360;0
10-27-2009 11:08;142;0
10-27-2009 11:09;223;0
10-27-2009 11:10;232;0
10-27-2009 11:11;645;1
10-27-2009 11:12;782;1
10-27-2009 11:13;284;0
10-27-2009 11:14;586;0
10-27-2009 11:15;666;1
10-27-2009 11:16;889;1
10-27-2009 11:17;372;0
10-27-2009 11:18;733;1
10-27-2009 11:19;1475;1
10-27-2009 11:20;1110;1
10-27-2009 11:21;782;1
10-27-2009 11:22;384;0
10-27-2009 11:23;304;0
10-27-2009 11:24;189;0
10-27-2009 11:25;315;0
10-27-2009 11:26;325;0
10-27-2009 11:27;438;0
10-27-2009 11:28;498;0
10-27-2009 11:29;605;0
10-27-2009 11:30;69;0
10-27-2009 11:31;9;0
10-27-2009 11:32;54;0
10-27-2009 11:33;834;1
10-27-2009 11:34;111;0
10-27-2009 11:35;175;0
10-27-2009 11:36;294;0
10-27-2009 11:37;47;0
10-27-2009 11:38;533;0
10-27-2009 11:39;336;0
10-27-2009 11:40;240;0
10-27-2009 11:41;325;0
10-27-2009 11:42;467;0
10-27-2009 11:43;76;0
10-27-2009 11:44;294;0
10-27-2009 11:45;0;0
10-27-2009 11:46;147;0
10-27-2009 11:47;424;0
10-27-2009 11:48;121;0
10-27-2009 11:49;59;0
10-27-2009 11:50;304;0
10-27-2009 11:51;55;0
10-27-2009 11:52;86;0
10-27-2009 11:53;223;0
10-27-2009 11:54;758;1
10-27-2009 11:55;360;0
10-27-2009 11:56;360;0
10-27-2009 11:57;336;0
10-27-2009 11:58;360;0
10-27-2009 11:59;62;0
10-27-2009 12:00;182;0
10-27-2009 12:01;36;0
10-27-2009 12:02;9;0
10-27-2009 12:03;3;0
10-27-2009 12:04;14;0
10-27-2009 12:05;10;0
10-27-2009 12:06;69;0
10-27-2009 12:07;69;0
10-27-2009 12:08;104;0
10-27-2009 12:09;33;0
10-27-2009 12:10;48;0
10-27-2009 12:11;3;0
10-27-2009 12:12;45;0
10-27-2009 12:13;9;0
10-27-2009 12:14;10;0
10-27-2009 12:15;55;0
10-27-2009 12:16;93;0
10-27-2009 12:17;73;0
10-27-2009 12:18;54;0
10-27-2009 12:19;50;0
10-27-2009 12:20;14;0
10-27-2009 12:21;9;0
10-27-2009 12:22;50;0
10-27-2009 12:23;22;0
10-27-2009 12:24;131;0
10-27-2009 12:25;5;0
10-27-2009 12:26;202;0
10-27-2009 12:27;14;0
10-27-2009 12:28;17;0
10-27-2009 12:29;131;0
10-27-2009 12:30;52;0
10-27-2009 12:31;142;0
10-27-2009 12:32;116;0
10-27-2009 12:33;142;0
10-27-2009 12:34;35;0
10-27-2009 12:35;31;0
10-27-2009 12:36;28;0
10-27-2009 12:37;26;0
10-27-2009 12:38;59;0
10-27-2009 12:39;38;0
10-27-2009 12:40;104;0
10-27-2009 12:41;80;0
10-27-2009 12:42;97;0
10-27-2009 12:43;16;0
10-27-2009 12:44;111;0
10-27-2009 12:45;111;0
10-27-2009 12:46;40;0
10-27-2009 12:47;16;0
10-27-2009 12:48;168;0
10-27-2009 12:49;9;0
10-27-2009 12:50;9;0
10-27-2009 12:51;424;0
10-27-2009 12:52;47;0
10-27-2009 12:53;55;0
10-27-2009 12:54;83;0
10-27-2009 12:55;3;0
10-27-2009 12:56;100;0
10-27-2009 12:57;9;0
10-27-2009 12:58;3;0
10-27-2009 12:59;121;0
10-27-2009 13:00;55;0
10-27-2009 13:01;29;0
10-27-2009 13:02;3;0
10-27-2009 13:03;152;0
10-27-2009 13:04;69;0
10-27-2009 13:05;55;0
10-27-2009 13:06;19;0
10-27-2009 13:07;126;0
10-27-2009 13:08;175;0
10-27-2009 13:09;275;0
10-27-2009 13:10;121;0
10-27-2009 13:11;90;0
10-27-2009 13:12;216;0
10-27-2009 13:13;0;0
10-27-2009 13:14;121;0
10-27-2009 13:15;195;0
10-27-2009 13:16;182;0
10-27-2009 13:17;294;0
10-27-2009 13:18;533;0
10-27-2009 13:19;666;1
10-27-2009 13:20;624;0
10-27-2009 13:21;467;0
10-27-2009 13:22;69;0
10-27-2009 13:23;384;0
10-27-2009 13:24;40;0
10-27-2009 13:25;249;0
10-27-2009 13:26;348;0
10-27-2009 13:27;195;0
10-27-2009 13:28;9;0
10-27-2009 13:29;325;0
10-27-2009 13:30;438;0
10-27-2009 13:31;69;0
10-27-2009 13:32;209;0
10-27-2009 13:33;0;0
10-27-2009 13:34;111;0
10-27-2009 13:35;48;0
10-27-2009 13:36;66;0
10-27-2009 13:37;17;0
10-27-2009 13:38;16;0
10-27-2009 13:39;31;0
10-27-2009 13:40;0;0
10-27-2009 13:41;0;0
10-27-2009 13:42;0;0
10-27-2009 13:43;48;0
10-27-2009 13:44;55;0
10-27-2009 13:45;33;0
10-27-2009 13:46;0;0
10-27-2009 13:47;29;0
10-27-2009 13:48;9;0
10-27-2009 13:49;24;0
10-27-2009 13:50;47;0
10-27-2009 13:51;0;0
10-27-2009 13:52;3;0
10-27-2009 13:53;29;0
10-27-2009 13:54;45;0
10-27-2009 13:55;19;0
10-27-2009 13:56;19;0
10-27-2009 13:57;69;0
10-27-2009 13:58;0;0
10-27-2009 13:59;38;0
10-27-2009 14:00;550;0
10-27-2009 14:01;733;1
10-27-2009 14:02;104;0
10-27-2009 14:03;438;0
10-27-2009 14:04;498;0
10-27-2009 14:05;1522;1
10-27-2009 14:06;266;0
10-27-2009 14:07;0;0
10-27-2009 14:08;22;0
10-27-2009 14:09;0;0
10-27-2009 14:10;126;0
10-27-2009 14:11;0;0
10-27-2009 14:12;86;0
10-27-2009 14:13;645;1
10-27-2009 14:14;1110;1
10-27-2009 14:15;1076;1
10-27-2009 14:16;202;0
10-27-2009 14:17;90;0
10-27-2009 14:18;325;0
10-27-2009 14:19;189;0
10-27-2009 14:20;294;0
10-27-2009 14:21;175;0
10-27-2009 14:22;137;0
10-27-2009 14:23;59;0
10-27-2009 14:24;47;0
10-27-2009 14:25;249;0
10-27-2009 14:26;384;0
10-27-2009 14:27;90;0
10-27-2009 14:28;0;0
10-27-2009 14:29;121;0
10-27-2009 14:30;126;0
10-27-2009 14:31;168;0
10-27-2009 14:32;142;0
10-27-2009 14:33;189;0
10-27-2009 14:34;107;0
10-27-2009 14:35;80;0
10-27-2009 14:36;0;0
10-27-2009 14:37;0;0
10-27-2009 14:38;17;0
10-27-2009 14:39;0;0
10-27-2009 14:40;142;0
10-27-2009 14:41;126;0
10-27-2009 14:42;16;0
10-27-2009 14:43;249;0
10-27-2009 14:44;182;0
10-27-2009 14:45;111;0
10-27-2009 14:46;175;0
10-27-2009 14:47;294;0
10-27-2009 14:48;275;0
10-27-2009 14:49;152;0
10-27-2009 14:50;336;0
10-27-2009 14:51;410;0
10-27-2009 14:52;209;0
10-27-2009 14:53;29;0
10-27-2009 14:54;336;0
10-27-2009 14:55;29;0
10-27-2009 14:56;182;0
10-27-2009 14:57;175;0
10-27-2009 14:58;336;0
10-27-2009 14:59;69;0
10-27-2009 15:00;294;0
10-27-2009 15:01;533;0
10-27-2009 15:02;147;0
10-27-2009 15:03;107;0
10-27-2009 15:04;758;1
10-27-2009 15:05;315;0
10-27-2009 15:06;889;1
10-27-2009 15:07;808;1
10-27-2009 15:08;666;1
10-27-2009 15:09;372;0
10-27-2009 15:10;258;0
10-27-2009 15:11;258;0
10-27-2009 15:12;336;0
10-27-2009 15:13;498;0
10-27-2009 15:14;372;0
10-27-2009 15:15;195;0
10-27-2009 15:16;396;0
10-27-2009 15:17;168;0
10-27-2009 15:18;384;0
10-27-2009 15:19;498;0
10-27-2009 15:20;733;1
10-27-2009 15:21;861;1
10-27-2009 15:22;294;0
10-27-2009 15:23;325;0
10-27-2009 15:24;586;0
10-27-2009 15:25;1043;1
10-27-2009 15:26;1043;1
10-27-2009 15:27;1571;1
10-27-2009 15:28;515;0
10-27-2009 15:29;808;1
10-27-2009 15:30;979;1
10-27-2009 15:31;1110;1
10-27-2009 15:32;645;1
10-27-2009 15:33;315;0
10-27-2009 15:34;861;1
10-27-2009 15:35;360;0
10-27-2009 15:36;1342;1
10-27-2009 15:37;834;1
10-27-2009 15:38;550;0
10-27-2009 15:39;550;0
10-27-2009 15:40;666;1
10-27-2009 15:41;586;0
10-27-2009 15:42;304;0
10-27-2009 15:43;410;0
10-27-2009 15:44;515;0
10-27-2009 15:45;711;1
10-27-2009 15:46;467;0
10-27-2009 15:47;1147;1
10-27-2009 15:48;1010;1
10-27-2009 15:49;40;0
10-27-2009 15:50;266;0
10-27-2009 15:51;1522;1
10-27-2009 15:52;1147;1
10-27-2009 15:53;223;0
10-27-2009 15:54;104;0
10-27-2009 15:55;396;0
10-27-2009 15:56;90;0
10-27-2009 15:57;19;0
10-27-2009 15:58;35;0
10-27-2009 15:59;59;0
10-27-2009 16:00;131;0
10-27-2009 16:01;31;0
10-27-2009 16:02;0;0
10-27-2009 16:03;0;0
10-27-2009 16:04;43;0
10-27-2009 16:05;116;0
10-27-2009 16:06;168;0
10-27-2009 16:07;304;0
10-27-2009 16:08;209;0
10-27-2009 16:09;36;0
10-27-2009 16:10;3;0
10-27-2009 16:11;16;0
10-27-2009 16:12;0;0
10-27-2009 16:13;126;0
10-27-2009 16:14;0;0
10-27-2009 16:15;28;0
10-27-2009 16:16;325;0
10-27-2009 16:17;29;0
10-27-2009 16:18;17;0
10-27-2009 16:19;69;0
10-27-2009 16:20;275;0
10-27-2009 16:21;304;0
10-27-2009 16:22;605;0
10-27-2009 16:23;889;1
10-27-2009 16:24;325;0
10-27-2009 16:25;782;1
10-27-2009 16:26;147;0
10-27-2009 16:27;131;0
10-27-2009 16:28;0;0
10-27-2009 16:29;0;0
10-27-2009 16:30;0;0
10-27-2009 16:31;17;0
10-27-2009 16:32;22;0
10-27-2009 16:33;0;0
10-27-2009 16:34;0;0
10-27-2009 16:35;0;0
10-27-2009 16:36;0;0
10-27-2009 16:37;0;0
10-27-2009 16:38;0;0
10-27-2009 16:39;0;0
10-27-2009 16:40;0;0
10-27-2009 16:41;0;0
10-27-2009 16:42;0;0
10-27-2009 16:43;0;0
10-27-2009 16:44;0;0
10-27-2009 16:45;0;0
10-27-2009 16:46;0;0
10-27-2009 16:47;0;0
10-27-2009 16:48;0;0
10-27-2009 16:49;0;0
10-27-2009 16:50;0;0
10-27-2009 16:51;0;0
10-27-2009 16:52;0;0
10-27-2009 16:53;0;0
10-27-2009 16:54;0;0
10-27-2009 16:55;0;0
10-27-2009 16:56;0;0
10-27-2009 16:57;0;0
10-27-2009 16:58;0;0
10-27-2009 16:59;0;0
10-27-2009 17:00;0;0
10-27-2009 17:01;0;0
10-27-2009 17:02;0;0
10-27-2009 17:03;0;0
10-27-2009 17:04;0;0
10-27-2009 17:05;0;0
10-27-2009 17:06;83;0
10-27-2009 17:07;0;0
10-27-2009 17:08;0;0
10-27-2009 17:09;0;0
10-27-2009 17:10;384;0
10-27-2009 17:11;424;0
10-27-2009 17:12;223;0
10-27-2009 17:13;147;0
10-27-2009 17:14;266;0
10-27-2009 17:15;348;0
10-27-2009 17:16;567;0
10-27-2009 17:17;360;0
10-27-2009 17:18;0;0
10-27-2009 17:19;45;0
10-27-2009 17:20;410;0
10-27-2009 17:21;12;0
10-27-2009 17:22;0;0
10-27-2009 17:23;0;0
10-27-2009 17:24;14;0
10-27-2009 17:25;0;0
10-27-2009 17:26;0;0
10-27-2009 17:27;0;0
10-27-2009 17:28;40;0
10-27-2009 17:29;80;0
10-27-2009 17:30;5;0
10-27-2009 17:31;0;0
10-27-2009 17:32;0;0
10-27-2009 17:33;0;0
10-27-2009 17:34;42;0
10-27-2009 17:35;0;0
10-27-2009 17:36;0;0
10-27-2009 17:37;26;0
10-27-2009 17:38;0;0
10-27-2009 17:39;3;0
10-27-2009 17:40;0;0
10-27-2009 17:41;0;0
10-27-2009 17:42;0;0
10-27-2009 17:43;126;0
10-27-2009 17:44;0;0
10-27-2009 17:45;5;0
10-27-2009 17:46;0;0
10-27-2009 17:47;26;0
10-27-2009 17:48;40;0
10-27-2009 17:49;0;0
10-27-2009 17:50;0;0
10-27-2009 17:51;55;0
10-27-2009 17:52;0;0
10-27-2009 17:53;0;0
10-27-2009 17:54;0;0
10-27-2009 17:55;0;0
10-27-2009 17:56;111;0
10-27-2009 17:57;889;1
10-27-2009 17:58;1522;1
10-27-2009 17:59;410;0
10-27-2009 18:00;451;0
10-27-2009 18:01;483;0
10-27-2009 18:02;624;0
10-27-2009 18:03;5;0
10-27-2009 18:04;0;0
10-27-2009 18:05;0;0
10-27-2009 18:06;0;0
10-27-2009 18:07;3;0
10-27-2009 18:08;0;0
10-27-2009 18:09;0;0
10-27-2009 18:10;0;0
10-27-2009 18:11;0;0
10-27-2009 18:12;0;0
10-27-2009 18:13;0;0
10-27-2009 18:14;0;0
10-27-2009 18:15;0;0
10-27-2009 18:16;0;0
10-27-2009 18:17;0;0
10-27-2009 18:18;0;0
10-27-2009 18:19;175;0
10-27-2009 18:20;0;0
10-27-2009 18:21;0;0
10-27-2009 18:22;0;0
10-27-2009 18:23;0;0
10-27-2009 18:24;0;0
10-27-2009 18:25;0;0
10-27-2009 18:26;0;0
10-27-2009 18:27;17;0
10-27-2009 18:28;0;0
10-27-2009 18:29;0;0
10-27-2009 18:30;0;0
10-27-2009 18:31;0;0
10-27-2009 18:32;0;0
10-27-2009 18:33;0;0
10-27-2009 18:34;0;0
10-27-2009 18:35;0;0
10-27-2009 18:36;12;0
10-27-2009 18:37;59;0
10-27-2009 18:38;0;0
10-27-2009 18:39;0;0
10-27-2009 18:40;0;0
10-27-2009 18:41;0;0
10-27-2009 18:42;0;0
10-27-2009 18:43;0;0
10-27-2009 18:44;0;0
10-27-2009 18:45;0;0
10-27-2009 18:46;0;0
10-27-2009 18:47;0;0
10-27-2009 18:48;69;0
10-27-2009 18:49;24;0
10-27-2009 18:50;0;0
10-27-2009 18:51;0;0
10-27-2009 18:52;0;0
10-27-2009 18:53;0;0
10-27-2009 18:54;0;0
10-27-2009 18:55;0;0
10-27-2009 18:56;0;0
10-27-2009 18:57;0;0
10-27-2009 18:58;258;0
10-27-2009 18:59;0;0
10-27-2009 19:00;0;0
10-27-2009 19:01;258;0
10-27-2009 19:02;396;0
10-27-2009 19:03;605;0
10-27-2009 19:04;645;1
10-27-2009 19:05;410;0
10-27-2009 19:06;645;1
10-27-2009 19:07;624;0
10-27-2009 19:08;1010;1
10-27-2009 19:09;1342;1
10-27-2009 19:10;223;0
10-27-2009 19:11;550;0
10-27-2009 19:12;424;0
10-27-2009 19:13;979;1
10-27-2009 19:14;808;1
10-27-2009 19:15;325;0
10-27-2009 19:16;483;0
10-27-2009 19:17;216;0
10-27-2009 19:18;223;0
10-27-2009 19:19;451;0
10-27-2009 19:20;348;0
10-27-2009 19:21;266;0
10-27-2009 19:22;0;0
10-27-2009 19:23;195;0
10-27-2009 19:24;5;0
10-27-2009 19:25;0;0
10-27-2009 19:26;111;0
10-27-2009 19:27;3;0
10-27-2009 19:28;5;0
10-27-2009 19:29;0;0
10-27-2009 19:30;0;0
10-27-2009 19:31;0;0
10-27-2009 19:32;3;0
10-27-2009 19:33;24;0
10-27-2009 19:34;3;0
10-27-2009 19:35;16;0
10-27-2009 19:36;9;0
10-27-2009 19:37;19;0
10-27-2009 19:38;24;0
10-27-2009 19:39;24;0
10-27-2009 19:40;209;0
10-27-2009 19:41;467;0
10-27-2009 19:42;424;0
10-27-2009 19:43;121;0
10-27-2009 19:44;147;0
10-27-2009 19:45;175;0
10-27-2009 19:46;216;0
10-27-2009 19:47;202;0
10-27-2009 19:48;142;0
10-27-2009 19:49;209;0
10-27-2009 19:50;209;0
10-27-2009 19:51;121;0
10-27-2009 19:52;209;0
10-27-2009 19:53;142;0
10-27-2009 19:54;111;0
10-27-2009 19:55;216;0
10-27-2009 19:56;142;0
10-27-2009 19:57;147;0
10-27-2009 19:58;0;0
10-27-2009 19:59;3;0
10-27-2009 20:00;0;0
10-27-2009 20:01;0;0
10-27-2009 20:02;0;0
10-27-2009 20:03;0;0
10-27-2009 20:04;0;0
10-27-2009 20:05;121;0
10-27-2009 20:06;28;0
10-27-2009 20:07;0;0
10-27-2009 20:08;47;0
10-27-2009 20:09;10;0
10-27-2009 20:10;35;0
10-27-2009 20:11;498;0
10-27-2009 20:12;90;0
10-27-2009 20:13;189;0
10-27-2009 20:14;9;0
10-27-2009 20:15;73;0
10-27-2009 20:16;0;0
10-27-2009 20:17;0;0
10-27-2009 20:18;9;0
10-27-2009 20:19;26;0
10-27-2009 20:20;10;0
10-27-2009 20:21;9;0
10-27-2009 20:22;22;0
10-27-2009 20:23;22;0
10-27-2009 20:24;55;0
10-27-2009 20:25;35;0
10-27-2009 20:26;26;0
10-27-2009 20:27;157;0
10-27-2009 20:28;62;0
10-27-2009 20:29;62;0
10-27-2009 20:30;50;0
10-27-2009 20:31;104;0
10-27-2009 20:32;396;0
10-27-2009 20:33;223;0
10-27-2009 20:34;304;0
10-27-2009 20:35;711;1
10-27-2009 20:36;550;0
10-27-2009 20:37;567;0
10-27-2009 20:38;624;0
10-27-2009 20:39;223;0
10-27-2009 20:40;336;0
10-27-2009 20:41;157;0
10-27-2009 20:42;0;0
10-27-2009 20:43;0;0
10-27-2009 20:44;0;0
10-27-2009 20:45;17;0
10-27-2009 20:46;76;0
10-27-2009 20:47;73;0
10-27-2009 20:48;28;0
10-27-2009 20:49;9;0
10-27-2009 20:50;17;0
10-27-2009 20:51;0;0
10-27-2009 20:52;28;0
10-27-2009 20:53;0;0
10-27-2009 20:54;0;0
10-27-2009 20:55;0;0
10-27-2009 20:56;0;0
10-27-2009 20:57;0;0
10-27-2009 20:58;0;0
10-27-2009 20:59;0;0
10-27-2009 21:00;107;0
10-27-2009 21:01;14;0
10-27-2009 21:02;175;0
10-27-2009 21:03;10;0
10-27-2009 21:04;0;0
10-27-2009 21:05;0;0
10-27-2009 21:06;0;0
10-27-2009 21:07;0;0
10-27-2009 21:08;107;0
10-27-2009 21:09;97;0
10-27-2009 21:10;54;0
10-27-2009 21:11;126;0
10-27-2009 21:12;80;0
10-27-2009 21:13;111;0
10-27-2009 21:14;100;0
10-27-2009 21:15;66;0
10-27-2009 21:16;12;0
10-27-2009 21:17;0;0
10-27-2009 21:18;29;0
10-27-2009 21:19;55;0
10-27-2009 21:20;483;0
10-27-2009 21:21;372;0
10-27-2009 21:22;483;0
10-27-2009 21:23;223;0
10-27-2009 21:24;97;0
10-27-2009 21:25;209;0
10-27-2009 21:26;360;0
10-27-2009 21:27;410;0
10-27-2009 21:28;438;0
10-27-2009 21:29;266;0
10-27-2009 21:30;266;0
10-27-2009 21:31;249;0
10-27-2009 21:32;266;0
10-27-2009 21:33;48;0
10-27-2009 21:34;232;0
10-27-2009 21:35;62;0
10-27-2009 21:36;111;0
10-27-2009 21:37;275;0
10-27-2009 21:38;195;0
10-27-2009 21:39;232;0
10-27-2009 21:40;80;0
10-27-2009 21:41;195;0
10-27-2009 21:42;645;1
10-27-2009 21:43;666;1
10-27-2009 21:44;266;0
10-27-2009 21:45;567;0
10-27-2009 21:46;410;0
10-27-2009 21:47;104;0
10-27-2009 21:48;0;0
10-27-2009 21:49;0;0
10-27-2009 21:50;0;0
10-27-2009 21:51;0;0
10-27-2009 21:52;0;0
10-27-2009 21:53;0;0
10-27-2009 21:54;0;0
10-27-2009 21:55;0;0
10-27-2009 21:56;0;0
10-27-2009 21:57;0;0
10-27-2009 21:58;16;0
10-27-2009 21:59;249;0
10-27-2009 22:00;249;0
10-27-2009 22:01;14;0
10-27-2009 22:02;175;0
10-27-2009 22:03;0;0
10-27-2009 22:04;0;0
10-27-2009 22:05;0;0
10-27-2009 22:06;451;0
10-27-2009 22:07;28;0
10-27-2009 22:08;24;0
10-27-2009 22:09;0;0
10-27-2009 22:10;0;0
10-27-2009 22:11;50;0
10-27-2009 22:12;0;0
10-27-2009 22:13;0;0
10-27-2009 22:14;0;0
10-27-2009 22:15;0;0
10-27-2009 22:16;0;0
10-27-2009 22:17;0;0
10-27-2009 22:18;0;0
10-27-2009 22:19;0;0
10-27-2009 22:20;0;0
10-27-2009 22:21;0;0
10-27-2009 22:22;0;0
10-27-2009 22:23;0;0
10-27-2009 22:24;0;0
10-27-2009 22:25;157;0
10-27-2009 22:26;0;0
10-27-2009 22:27;0;0
10-27-2009 22:28;0;0
10-27-2009 22:29;0;0
10-27-2009 22:30;0;0
10-27-2009 22:31;0;0
10-27-2009 22:32;0;0
10-27-2009 22:33;0;0
10-27-2009 22:34;0;0
10-27-2009 22:35;0;0
10-27-2009 22:36;0;0
10-27-2009 22:37;0;0
10-27-2009 22:38;0;0
10-27-2009 22:39;0;0
10-27-2009 22:40;0;0
10-27-2009 22:41;0;0
10-27-2009 22:42;0;0
10-27-2009 22:43;0;0
10-27-2009 22:44;0;0
10-27-2009 22:45;0;0
10-27-2009 22:46;0;0
10-27-2009 22:47;0;0
10-27-2009 22:48;0;0
10-27-2009 22:49;0;0
10-27-2009 22:50;0;0
10-27-2009 22:51;0;0
10-27-2009 22:52;0;0
10-27-2009 22:53;0;0
10-27-2009 22:54;0;0
10-27-2009 22:55;0;0
10-27-2009 22:56;0;0
10-27-2009 22:57;137;0
10-27-2009 22:58;9;0
10-27-2009 22:59;0;0
10-27-2009 23:00;9;0
10-27-2009 23:01;0;0
10-27-2009 23:02;0;0
10-27-2009 23:03;0;0
10-27-2009 23:04;0;0
10-27-2009 23:05;0;0
10-27-2009 23:06;0;0
10-27-2009 23:07;0;0
10-27-2009 23:08;0;0
10-27-2009 23:09;0;0
10-27-2009 23:10;0;0
10-27-2009 23:11;35;0
10-27-2009 23:12;0;0
10-27-2009 23:13;0;0
10-27-2009 23:14;0;0
10-27-2009 23:15;0;0
10-27-2009 23:16;0;0
10-27-2009 23:17;97;0
10-27-2009 23:18;47;0
10-27-2009 23:19;0;0
10-27-2009 23:20;0;0
10-27-2009 23:21;0;0
10-27-2009 23:22;0;0
10-27-2009 23:23;0;0
10-27-2009 23:24;0;0
10-27-2009 23:25;0;0
10-27-2009 23:26;0;0
10-27-2009 23:27;0;0
10-27-2009 23:28;0;0
10-27-2009 23:29;0;0
10-27-2009 23:30;0;0
10-27-2009 23:31;0;0
10-27-2009 23:32;0;0
10-27-2009 23:33;0;0
10-27-2009 23:34;0;0
10-27-2009 23:35;0;0
10-27-2009 23:36;168;0
10-27-2009 23:37;0;0
10-27-2009 23:38;0;0
10-27-2009 23:39;0;0
10-27-2009 23:40;0;0
10-27-2009 23:41;0;0
10-27-2009 23:42;0;0
10-27-2009 23:43;0;0
10-27-2009 23:44;0;0
10-27-2009 23:45;48;0
10-27-2009 23:46;0;0
10-27-2009 23:47;0;0
10-27-2009 23:48;0;0
10-27-2009 23:49;0;0
10-27-2009 23:50;0;0
10-27-2009 23:51;0;0
10-27-2009 23:52;0;0
10-27-2009 23:53;0;0
10-27-2009 23:54;0;0
10-27-2009 23:55;0;0
10-27-2009 23:56;0;0
10-27-2009 23:57;0;0
10-27-2009 23:58;0;0
10-27-2009 23:59;0;0
10-28-2009 00:00;0;0
10-28-2009 00:01;0;0
10-28-2009 00:02;0;0
10-28-2009 00:03;0;0
10-28-2009 00:04;586;0
10-28-2009 00:05;47;0
10-28-2009 00:06;0;0
10-28-2009 00:07;0;0
10-28-2009 00:08;0;0
10-28-2009 00:09;0;0
10-28-2009 00:10;0;0
10-28-2009 00:11;0;0
10-28-2009 00:12;0;0
10-28-2009 00:13;0;0
10-28-2009 00:14;0;0
10-28-2009 00:15;0;0
10-28-2009 00:16;0;0
10-28-2009 00:17;0;0
10-28-2009 00:18;0;0
10-28-2009 00:19;0;0
10-28-2009 00:20;0;0
10-28-2009 00:21;0;0
10-28-2009 00:22;0;0
10-28-2009 00:23;0;0
10-28-2009 00:24;0;0
10-28-2009 00:25;0;0
10-28-2009 00:26;121;0
10-28-2009 00:27;0;0
10-28-2009 00:28;0;0
10-28-2009 00:29;0;0
10-28-2009 00:30;0;0
10-28-2009 00:31;0;0
10-28-2009 00:32;0;0
10-28-2009 00:33;0;0
10-28-2009 00:34;0;0
10-28-2009 00:35;0;0
10-28-2009 00:36;0;0
10-28-2009 00:37;0;0
10-28-2009 00:38;0;0
10-28-2009 00:39;90;0
10-28-2009 00:40;0;0
10-28-2009 00:41;0;0
10-28-2009 00:42;0;0
10-28-2009 00:43;0;0
10-28-2009 00:44;83;0
10-28-2009 00:45;0;0
10-28-2009 00:46;142;0
10-28-2009 00:47;0;0
10-28-2009 00:48;0;0
10-28-2009 00:49;62;0
10-28-2009 00:50;0;0
10-28-2009 00:51;0;0
10-28-2009 00:52;0;0
10-28-2009 00:53;0;0
10-28-2009 00:54;0;0
10-28-2009 00:55;0;0
10-28-2009 00:56;0;0
10-28-2009 00:57;5;0
10-28-2009 00:58;0;0
10-28-2009 00:59;0;0
10-28-2009 01:00;0;0
10-28-2009 01:01;0;0
10-28-2009 01:02;0;0
10-28-2009 01:03;0;0
10-28-2009 01:04;0;0
10-28-2009 01:05;0;0
10-28-2009 01:06;0;0
10-28-2009 01:07;0;0
10-28-2009 01:08;0;0
10-28-2009 01:09;76;0
10-28-2009 01:10;0;0
10-28-2009 01:11;0;0
10-28-2009 01:12;0;0
10-28-2009 01:13;59;0
10-28-2009 01:14;42;0
10-28-2009 01:15;0;0
10-28-2009 01:16;0;0
10-28-2009 01:17;0;0
10-28-2009 01:18;0;0
10-28-2009 01:19;0;0
10-28-2009 01:20;0;0
10-28-2009 01:21;0;0
10-28-2009 01:22;0;0
10-28-2009 01:23;0;0
10-28-2009 01:24;0;0
10-28-2009 01:25;0;0
10-28-2009 01:26;0;0
10-28-2009 01:27;0;0
10-28-2009 01:28;182;0
10-28-2009 01:29;195;0
10-28-2009 01:30;0;0
10-28-2009 01:31;0;0
10-28-2009 01:32;0;0
10-28-2009 01:33;0;0
10-28-2009 01:34;0;0
10-28-2009 01:35;0;0
10-28-2009 01:36;0;0
10-28-2009 01:37;0;0
10-28-2009 01:38;0;0
10-28-2009 01:39;0;0
10-28-2009 01:40;0;0
10-28-2009 01:41;0;0
10-28-2009 01:42;0;0
10-28-2009 01:43;0;0
10-28-2009 01:44;0;0
10-28-2009 01:45;0;0
10-28-2009 01:46;0;0
10-28-2009 01:47;0;0
10-28-2009 01:48;0;0
10-28-2009 01:49;0;0
10-28-2009 01:50;0;0
10-28-2009 01:51;0;0
10-28-2009 01:52;0;0
10-28-2009 01:53;0;0
10-28-2009 01:54;0;0
10-28-2009 01:55;0;0
10-28-2009 01:56;0;0
10-28-2009 01:57;0;0
10-28-2009 01:58;59;0
10-28-2009 01:59;0;0
10-28-2009 02:00;0;0
10-28-2009 02:01;0;0
10-28-2009 02:02;0;0
10-28-2009 02:03;0;0
10-28-2009 02:04;0;0
10-28-2009 02:05;0;0
10-28-2009 02:06;52;0
10-28-2009 02:07;0;0
10-28-2009 02:08;0;0
10-28-2009 02:09;0;0
10-28-2009 02:10;55;0
10-28-2009 02:11;0;0
10-28-2009 02:12;3;0
10-28-2009 02:13;0;0
10-28-2009 02:14;0;0
10-28-2009 02:15;0;0
10-28-2009 02:16;93;0
10-28-2009 02:17;0;0
10-28-2009 02:18;0;0
10-28-2009 02:19;86;0
10-28-2009 02:20;0;0
10-28-2009 02:21;0;0
10-28-2009 02:22;0;0
10-28-2009 02:23;0;0
10-28-2009 02:24;0;0
10-28-2009 02:25;0;0
10-28-2009 02:26;0;0
10-28-2009 02:27;0;0
10-28-2009 02:28;0;0
10-28-2009 02:29;0;0
10-28-2009 02:30;0;0
10-28-2009 02:31;0;0
10-28-2009 02:32;0;0
10-28-2009 02:33;0;0
10-28-2009 02:34;0;0
10-28-2009 02:35;0;0
10-28-2009 02:36;0;0
10-28-2009 02:37;10;0
10-28-2009 02:38;55;0
10-28-2009 02:39;0;0
10-28-2009 02:40;80;0
10-28-2009 02:41;284;0
10-28-2009 02:42;360;0
10-28-2009 02:43;175;0
10-28-2009 02:44;0;0
10-28-2009 02:45;0;0
10-28-2009 02:46;0;0
10-28-2009 02:47;0;0
10-28-2009 02:48;0;0
10-28-2009 02:49;0;0
10-28-2009 02:50;0;0
10-28-2009 02:51;0;0
10-28-2009 02:52;0;0
10-28-2009 02:53;0;0
10-28-2009 02:54;0;0
10-28-2009 02:55;0;0
10-28-2009 02:56;62;0
10-28-2009 02:57;0;0
10-28-2009 02:58;0;0
10-28-2009 02:59;0;0
10-28-2009 03:00;0;0
10-28-2009 03:01;0;0
10-28-2009 03:02;0;0
10-28-2009 03:03;0;0
10-28-2009 03:04;0;0
10-28-2009 03:05;0;0
10-28-2009 03:06;0;0
10-28-2009 03:07;0;0
10-28-2009 03:08;0;0
10-28-2009 03:09;0;0
10-28-2009 03:10;73;0
10-28-2009 03:11;0;0
10-28-2009 03:12;0;0
10-28-2009 03:13;121;0
10-28-2009 03:14;0;0
10-28-2009 03:15;0;0
10-28-2009 03:16;0;0
10-28-2009 03:17;0;0
10-28-2009 03:18;38;0
10-28-2009 03:19;0;0
10-28-2009 03:20;0;0
10-28-2009 03:21;0;0
10-28-2009 03:22;0;0
10-28-2009 03:23;0;0
10-28-2009 03:24;0;0
10-28-2009 03:25;0;0
10-28-2009 03:26;0;0
10-28-2009 03:27;0;0
10-28-2009 03:28;0;0
10-28-2009 03:29;0;0
10-28-2009 03:30;0;0
10-28-2009 03:31;0;0
10-28-2009 03:32;0;0
10-28-2009 03:33;26;0
10-28-2009 03:34;0;0
10-28-2009 03:35;0;0
10-28-2009 03:36;0;0
10-28-2009 03:37;24;0
10-28-2009 03:38;36;0
10-28-2009 03:39;0;0
10-28-2009 03:40;55;0
10-28-2009 03:41;0;0
10-28-2009 03:42;0;0
10-28-2009 03:43;0;0
10-28-2009 03:44;0;0
10-28-2009 03:45;9;0
10-28-2009 03:46;0;0
10-28-2009 03:47;0;0
10-28-2009 03:48;147;0
10-28-2009 03:49;0;0
10-28-2009 03:50;0;0
10-28-2009 03:51;21;0
10-28-2009 03:52;0;0
10-28-2009 03:53;38;0
10-28-2009 03:54;0;0
10-28-2009 03:55;0;0
10-28-2009 03:56;189;0
10-28-2009 03:57;0;0
10-28-2009 03:58;0;0
10-28-2009 03:59;111;0
10-28-2009 04:00;0;0
10-28-2009 04:01;0;0
10-28-2009 04:02;0;0
10-28-2009 04:03;0;0
10-28-2009 04:04;0;0
10-28-2009 04:05;0;0
10-28-2009 04:06;76;0
10-28-2009 04:07;0;0
10-28-2009 04:08;0;0
10-28-2009 04:09;90;0
10-28-2009 04:10;0;0
10-28-2009 04:11;0;0
10-28-2009 04:12;0;0
10-28-2009 04:13;80;0
10-28-2009 04:14;0;0
10-28-2009 04:15;0;0
10-28-2009 04:16;14;0
10-28-2009 04:17;50;0
10-28-2009 04:18;0;0
10-28-2009 04:19;0;0
10-28-2009 04:20;0;0
10-28-2009 04:21;0;0
10-28-2009 04:22;131;0
10-28-2009 04:23;69;0
10-28-2009 04:24;0;0
10-28-2009 04:25;0;0
10-28-2009 04:26;0;0
10-28-2009 04:27;0;0
10-28-2009 04:28;0;0
10-28-2009 04:29;0;0
10-28-2009 04:30;0;0
10-28-2009 04:31;0;0
10-28-2009 04:32;0;0
10-28-2009 04:33;0;0
10-28-2009 04:34;0;0
10-28-2009 04:35;0;0
10-28-2009 04:36;0;0
10-28-2009 04:37;0;0
10-28-2009 04:38;0;0
10-28-2009 04:39;0;0
10-28-2009 04:40;0;0
10-28-2009 04:41;0;0
10-28-2009 04:42;0;0
10-28-2009 04:43;0;0
10-28-2009 04:44;0;0
10-28-2009 04:45;0;0
10-28-2009 04:46;0;0
10-28-2009 04:47;62;0
10-28-2009 04:48;22;0
10-28-2009 04:49;0;0
10-28-2009 04:50;3;0
10-28-2009 04:51;59;0
10-28-2009 04:52;0;0
10-28-2009 04:53;0;0
10-28-2009 04:54;0;0
10-28-2009 04:55;0;0
10-28-2009 04:56;0;0
10-28-2009 04:57;0;0
10-28-2009 04:58;12;0
10-28-2009 04:59;175;0
10-28-2009 05:00;0;0
10-28-2009 05:01;0;0
10-28-2009 05:02;0;0
10-28-2009 05:03;62;0
10-28-2009 05:04;0;0
10-28-2009 05:05;0;0
10-28-2009 05:06;0;0
10-28-2009 05:07;0;0
10-28-2009 05:08;0;0
10-28-2009 05:09;0;0
10-28-2009 05:10;0;0
10-28-2009 05:11;90;0
10-28-2009 05:12;0;0
10-28-2009 05:13;0;0
10-28-2009 05:14;0;0
10-28-2009 05:15;0;0
10-28-2009 05:16;52;0
10-28-2009 05:17;0;0
10-28-2009 05:18;0;0
10-28-2009 05:19;0;0
10-28-2009 05:20;0;0
10-28-2009 05:21;0;0
10-28-2009 05:22;0;0
10-28-2009 05:23;55;0
10-28-2009 05:24;55;0
10-28-2009 05:25;0;0
10-28-2009 05:26;0;0
10-28-2009 05:27;0;0
10-28-2009 05:28;0;0
10-28-2009 05:29;0;0
10-28-2009 05:30;0;0
10-28-2009 05:31;0;0
10-28-2009 05:32;0;0
10-28-2009 05:33;0;0
10-28-2009 05:34;0;0
10-28-2009 05:35;0;0
10-28-2009 05:36;93;0
10-28-2009 05:37;0;0
10-28-2009 05:38;0;0
10-28-2009 05:39;0;0
10-28-2009 05:40;0;0
10-28-2009 05:41;0;0
10-28-2009 05:42;121;0
10-28-2009 05:43;0;0
10-28-2009 05:44;0;0
10-28-2009 05:45;36;0
10-28-2009 05:46;116;0
10-28-2009 05:47;0;0
10-28-2009 05:48;0;0
10-28-2009 05:49;0;0
10-28-2009 05:50;0;0
10-28-2009 05:51;0;0
10-28-2009 05:52;80;0
10-28-2009 05:53;73;0
10-28-2009 05:54;0;0
10-28-2009 05:55;0;0
10-28-2009 05:56;163;0
10-28-2009 05:57;0;0
10-28-2009 05:58;0;0
10-28-2009 05:59;0;0
10-28-2009 06:00;0;0
10-28-2009 06:01;0;0
10-28-2009 06:02;35;0
10-28-2009 06:03;0;0
10-28-2009 06:04;0;0
10-28-2009 06:05;0;0
10-28-2009 06:06;0;0
10-28-2009 06:07;0;0
10-28-2009 06:08;43;0
10-28-2009 06:09;0;0
10-28-2009 06:10;0;0
10-28-2009 06:11;0;0
10-28-2009 06:12;0;0
10-28-2009 06:13;0;0
10-28-2009 06:14;86;0
10-28-2009 06:15;0;0
10-28-2009 06:16;0;0
10-28-2009 06:17;0;0
10-28-2009 06:18;0;0
10-28-2009 06:19;111;0
10-28-2009 06:20;121;0
10-28-2009 06:21;107;0
10-28-2009 06:22;209;0
10-28-2009 06:23;304;0
10-28-2009 06:24;131;0
10-28-2009 06:25;202;0
10-28-2009 06:26;14;0
10-28-2009 06:27;83;0
10-28-2009 06:28;5;0
10-28-2009 06:29;0;0
10-28-2009 06:30;69;0
10-28-2009 06:31;0;0
10-28-2009 06:32;0;0
10-28-2009 06:33;19;0
10-28-2009 06:34;0;0
10-28-2009 06:35;31;0
10-28-2009 06:36;137;0
10-28-2009 06:37;0;0
10-28-2009 06:38;43;0
10-28-2009 06:39;0;0
10-28-2009 06:40;0;0
10-28-2009 06:41;17;0
10-28-2009 06:42;451;0
10-28-2009 06:43;1043;1
10-28-2009 06:44;1110;1
10-28-2009 06:45;834;1
10-28-2009 06:46;384;0
10-28-2009 06:47;396;0
10-28-2009 06:48;216;0
10-28-2009 06:49;396;0
10-28-2009 06:50;275;0
10-28-2009 06:51;275;0
10-28-2009 06:52;396;0
10-28-2009 06:53;163;0
10-28-2009 06:54;38;0
10-28-2009 06:55;59;0
10-28-2009 06:56;16;0
10-28-2009 06:57;16;0
10-28-2009 06:58;240;0
10-28-2009 06:59;1010;1
10-28-2009 07:00;1342;1
10-28-2009 07:01;315;0
10-28-2009 07:02;360;0
10-28-2009 07:03;586;0
10-28-2009 07:04;834;1
10-28-2009 07:05;605;0
10-28-2009 07:06;410;0
10-28-2009 07:07;586;0
10-28-2009 07:08;348;0
10-28-2009 07:09;645;1
10-28-2009 07:10;424;0
10-28-2009 07:11;266;0
10-28-2009 07:12;223;0
10-28-2009 07:13;182;0
10-28-2009 07:14;325;0
10-28-2009 07:15;451;0
10-28-2009 07:16;834;1
10-28-2009 07:17;396;0
10-28-2009 07:18;1010;1
10-28-2009 07:19;0;0
10-28-2009 07:20;69;0
10-28-2009 07:21;29;0
10-28-2009 07:22;55;0
10-28-2009 07:23;168;0
10-28-2009 07:24;116;0
10-28-2009 07:25;19;0
10-28-2009 07:26;86;0
10-28-2009 07:27;131;0
10-28-2009 07:28;360;0
10-28-2009 07:29;424;0
10-28-2009 07:30;16;0
10-28-2009 07:31;202;0
10-28-2009 07:32;384;0
10-28-2009 07:33;266;0
10-28-2009 07:34;249;0
10-28-2009 07:35;688;1
10-28-2009 07:36;163;0
10-28-2009 07:37;62;0
10-28-2009 07:38;45;0
10-28-2009 07:39;325;0
10-28-2009 07:40;175;0
10-28-2009 07:41;59;0
10-28-2009 07:42;86;0
10-28-2009 07:43;163;0
10-28-2009 07:44;918;1
10-28-2009 07:45;861;1
10-28-2009 07:46;550;0
10-28-2009 07:47;168;0
10-28-2009 07:48;152;0
10-28-2009 07:49;372;0
10-28-2009 07:50;216;0
10-28-2009 07:51;209;0
10-28-2009 07:52;182;0
10-28-2009 07:53;104;0
10-28-2009 07:54;126;0
10-28-2009 07:55;29;0
10-28-2009 07:56;0;0
10-28-2009 07:57;97;0
10-28-2009 07:58;0;0
10-28-2009 07:59;36;0
10-28-2009 08:00;12;0
10-28-2009 08:01;175;0
10-28-2009 08:02;175;0
10-28-2009 08:03;152;0
10-28-2009 08:04;711;1
10-28-2009 08:05;889;1
10-28-2009 08:06;567;0
10-28-2009 08:07;111;0
10-28-2009 08:08;483;0
10-28-2009 08:09;17;0
10-28-2009 08:10;47;0
10-28-2009 08:11;0;0
10-28-2009 08:12;275;0
10-28-2009 08:13;0;0
10-28-2009 08:14;59;0
10-28-2009 08:15;202;0
10-28-2009 08:16;69;0
10-28-2009 08:17;28;0
10-28-2009 08:18;26;0
10-28-2009 08:19;14;0
10-28-2009 08:20;5;0
10-28-2009 08:21;90;0
10-28-2009 08:22;16;0
10-28-2009 08:23;47;0
10-28-2009 08:24;9;0
10-28-2009 08:25;54;0
10-28-2009 08:26;26;0
10-28-2009 08:27;80;0
10-28-2009 08:28;0;0
10-28-2009 08:29;45;0
10-28-2009 08:30;100;0
10-28-2009 08:31;83;0
10-28-2009 08:32;182;0
10-28-2009 08:33;0;0
10-28-2009 08:34;0;0
10-28-2009 08:35;36;0
10-28-2009 08:36;93;0
10-28-2009 08:37;33;0
10-28-2009 08:38;16;0
10-28-2009 08:39;104;0
10-28-2009 08:40;131;0
10-28-2009 08:41;59;0
10-28-2009 08:42;86;0
10-28-2009 08:43;59;0
10-28-2009 08:44;17;0
10-28-2009 08:45;111;0
10-28-2009 08:46;59;0
10-28-2009 08:47;3;0
10-28-2009 08:48;16;0
10-28-2009 08:49;100;0
10-28-2009 08:50;100;0
10-28-2009 08:51;189;0
10-28-2009 08:52;33;0
10-28-2009 08:53;3;0
10-28-2009 08:54;69;0
10-28-2009 08:55;73;0
10-28-2009 08:56;304;0
10-28-2009 08:57;483;0
10-28-2009 08:58;209;0
10-28-2009 08:59;808;1
10-28-2009 09:00;1147;1
10-28-2009 09:01;498;0
10-28-2009 09:02;240;0
10-28-2009 09:03;168;0
10-28-2009 09:04;275;0
10-28-2009 09:05;189;0
10-28-2009 09:06;147;0
10-28-2009 09:07;240;0
10-28-2009 09:08;16;0
10-28-2009 09:09;104;0
10-28-2009 09:10;31;0
10-28-2009 09:11;209;0
10-28-2009 09:12;533;0
10-28-2009 09:13;861;1
10-28-2009 09:14;782;1
10-28-2009 09:15;758;1
10-28-2009 09:16;515;0
10-28-2009 09:17;45;0
10-28-2009 09:18;195;0
10-28-2009 09:19;467;0
10-28-2009 09:20;147;0
10-28-2009 09:21;93;0
10-28-2009 09:22;3;0
10-28-2009 09:23;0;0
10-28-2009 09:24;0;0
10-28-2009 09:25;3;0
10-28-2009 09:26;0;0
10-28-2009 09:27;0;0
10-28-2009 09:28;467;0
10-28-2009 09:29;438;0
10-28-2009 09:30;438;0
10-28-2009 09:31;175;0
10-28-2009 09:32;3;0
10-28-2009 09:33;0;0
10-28-2009 09:34;0;0
10-28-2009 09:35;0;0
10-28-2009 09:36;7;0
10-28-2009 09:37;0;0
10-28-2009 09:38;0;0
10-28-2009 09:39;0;0
10-28-2009 09:40;0;0
10-28-2009 09:41;73;0
10-28-2009 09:42;0;0
10-28-2009 09:43;157;0
10-28-2009 09:44;336;0
10-28-2009 09:45;315;0
10-28-2009 09:46;175;0
10-28-2009 09:47;0;0
10-28-2009 09:48;0;0
10-28-2009 09:49;35;0
10-28-2009 09:50;55;0
10-28-2009 09:51;0;0
10-28-2009 09:52;0;0
10-28-2009 09:53;0;0
10-28-2009 09:54;0;0
10-28-2009 09:55;0;0
10-28-2009 09:56;10;0
10-28-2009 09:57;0;0
10-28-2009 09:58;0;0
10-28-2009 09:59;0;0
10-28-2009 10:00;0;0
10-28-2009 10:01;515;0
10-28-2009 10:02;384;0
10-28-2009 10:03;209;0
10-28-2009 10:04;54;0
10-28-2009 10:05;0;0
10-28-2009 10:06;26;0
10-28-2009 10:07;0;0
10-28-2009 10:08;0;0
10-28-2009 10:09;62;0
10-28-2009 10:10;12;0
10-28-2009 10:11;0;0
10-28-2009 10:12;9;0
10-28-2009 10:13;0;0
10-28-2009 10:14;17;0
10-28-2009 10:15;0;0
10-28-2009 10:16;0;0
10-28-2009 10:17;0;0
10-28-2009 10:18;0;0
10-28-2009 10:19;0;0
10-28-2009 10:20;0;0
10-28-2009 10:21;0;0
10-28-2009 10:22;0;0
10-28-2009 10:23;0;0
10-28-2009 10:24;86;0
10-28-2009 10:25;0;0
10-28-2009 10:26;0;0
10-28-2009 10:27;0;0
10-28-2009 10:28;26;0
10-28-2009 10:29;325;0
10-28-2009 10:30;232;0
10-28-2009 10:31;550;0
10-28-2009 10:32;284;0
10-28-2009 10:33;195;0
10-28-2009 10:34;758;1
10-28-2009 10:35;1221;1
10-28-2009 10:36;1261;1
10-28-2009 10:37;152;0
10-28-2009 10:38;782;1
10-28-2009 10:39;918;1
10-28-2009 10:40;240;0
10-28-2009 10:41;733;1
10-28-2009 10:42;533;0
10-28-2009 10:43;483;0
10-28-2009 10:44;223;0
10-28-2009 10:45;80;0
10-28-2009 10:46;168;0
10-28-2009 10:47;275;0
10-28-2009 10:48;111;0
10-28-2009 10:49;50;0
10-28-2009 10:50;0;0
10-28-2009 10:51;0;0
10-28-2009 10:52;16;0
10-28-2009 10:53;0;0
10-28-2009 10:54;76;0
10-28-2009 10:55;86;0
10-28-2009 10:56;3;0
10-28-2009 10:57;9;0
10-28-2009 10:58;3;0
10-28-2009 10:59;0;0
10-28-2009 11:00;0;0
10-28-2009 11:01;249;0
10-28-2009 11:02;384;0
10-28-2009 11:03;100;0
10-28-2009 11:04;605;0
10-28-2009 11:05;586;0
10-28-2009 11:06;348;0
10-28-2009 11:07;275;0
10-28-2009 11:08;223;0
10-28-2009 11:09;54;0
10-28-2009 11:10;304;0
10-28-2009 11:11;294;0
10-28-2009 11:12;48;0
10-28-2009 11:13;21;0
10-28-2009 11:14;424;0
10-28-2009 11:15;483;0
10-28-2009 11:16;10;0
10-28-2009 11:17;19;0
10-28-2009 11:18;0;0
10-28-2009 11:19;52;0
10-28-2009 11:20;0;0
10-28-2009 11:21;0;0
10-28-2009 11:22;0;0
10-28-2009 11:23;107;0
10-28-2009 11:24;0;0
10-28-2009 11:25;55;0
10-28-2009 11:26;19;0
10-28-2009 11:27;80;0
10-28-2009 11:28;16;0
10-28-2009 11:29;258;0
10-28-2009 11:30;948;1
10-28-2009 11:31;889;1
10-28-2009 11:32;918;1
10-28-2009 11:33;126;0
10-28-2009 11:34;93;0
10-28-2009 11:35;209;0
10-28-2009 11:36;1110;1
10-28-2009 11:37;834;1
10-28-2009 11:38;624;0
10-28-2009 11:39;515;0
10-28-2009 11:40;284;0
10-28-2009 11:41;372;0
10-28-2009 11:42;182;0
10-28-2009 11:43;195;0
10-28-2009 11:44;83;0
10-28-2009 11:45;73;0
10-28-2009 11:46;182;0
10-28-2009 11:47;97;0
10-28-2009 11:48;396;0
10-28-2009 11:49;834;1
10-28-2009 11:50;624;0
10-28-2009 11:51;1043;1
10-28-2009 11:52;424;0
10-28-2009 11:53;116;0
10-28-2009 11:54;294;0
10-28-2009 11:55;90;0
10-28-2009 11:56;157;0
10-28-2009 11:57;348;0
10-28-2009 11:58;315;0
10-28-2009 11:59;266;0
10-28-2009 12:00;275;0
10-28-2009 12:01;175;0
10-28-2009 12:02;240;0
10-28-2009 12:03;83;0
10-28-2009 12:04;9;0
10-28-2009 12:05;73;0
10-28-2009 12:06;294;0
10-28-2009 12:07;59;0
10-28-2009 12:08;515;0
10-28-2009 12:09;758;1
10-28-2009 12:10;240;0
10-28-2009 12:11;1076;1
10-28-2009 12:12;834;1
10-28-2009 12:13;861;1
10-28-2009 12:14;372;0
10-28-2009 12:15;384;0
10-28-2009 12:16;467;0
10-28-2009 12:17;467;0
10-28-2009 12:18;232;0
10-28-2009 12:19;223;0
10-28-2009 12:20;35;0
10-28-2009 12:21;152;0
10-28-2009 12:22;315;0
10-28-2009 12:23;126;0
10-28-2009 12:24;142;0
10-28-2009 12:25;467;0
10-28-2009 12:26;249;0
10-28-2009 12:27;240;0
10-28-2009 12:28;232;0
10-28-2009 12:29;249;0
10-28-2009 12:30;232;0
10-28-2009 12:31;42;0
10-28-2009 12:32;294;0
10-28-2009 12:33;97;0
10-28-2009 12:34;372;0
10-28-2009 12:35;533;0
10-28-2009 12:36;304;0
10-28-2009 12:37;69;0
10-28-2009 12:38;410;0
10-28-2009 12:39;424;0
10-28-2009 12:40;116;0
10-28-2009 12:41;410;0
10-28-2009 12:42;216;0
10-28-2009 12:43;0;0
10-28-2009 12:44;152;0
10-28-2009 12:45;336;0
10-28-2009 12:46;73;0
10-28-2009 12:47;249;0
10-28-2009 12:48;733;1
10-28-2009 12:49;232;0
10-28-2009 12:50;624;0
10-28-2009 12:51;438;0
10-28-2009 12:52;216;0
10-28-2009 12:53;126;0
10-28-2009 12:54;157;0
10-28-2009 12:55;55;0
10-28-2009 12:56;55;0
10-28-2009 12:57;284;0
10-28-2009 12:58;182;0
10-28-2009 12:59;126;0
10-28-2009 13:00;315;0
10-28-2009 13:01;451;0
10-28-2009 13:02;550;0
10-28-2009 13:03;1010;1
10-28-2009 13:04;688;1
10-28-2009 13:05;1010;1
10-28-2009 13:06;533;0
10-28-2009 13:07;533;0
10-28-2009 13:08;550;0
10-28-2009 13:09;304;0
10-28-2009 13:10;550;0
10-28-2009 13:11;451;0
10-28-2009 13:12;336;0
10-28-2009 13:13;249;0
10-28-2009 13:14;336;0
10-28-2009 13:15;266;0
10-28-2009 13:16;142;0
10-28-2009 13:17;137;0
10-28-2009 13:18;1342;1
10-28-2009 13:19;711;1
10-28-2009 13:20;711;1
10-28-2009 13:21;861;1
10-28-2009 13:22;688;1
10-28-2009 13:23;438;0
10-28-2009 13:24;17;0
10-28-2009 13:25;0;0
10-28-2009 13:26;90;0
10-28-2009 13:27;14;0
10-28-2009 13:28;189;0
10-28-2009 13:29;266;0
10-28-2009 13:30;384;0
10-28-2009 13:31;645;1
10-28-2009 13:32;284;0
10-28-2009 13:33;284;0
10-28-2009 13:34;10;0
10-28-2009 13:35;45;0
10-28-2009 13:36;3;0
10-28-2009 13:37;0;0
10-28-2009 13:38;19;0
10-28-2009 13:39;19;0
10-28-2009 13:40;0;0
10-28-2009 13:41;3;0
10-28-2009 13:42;14;0
10-28-2009 13:43;97;0
10-28-2009 13:44;168;0
10-28-2009 13:45;0;0
10-28-2009 13:46;0;0
10-28-2009 13:47;0;0
10-28-2009 13:48;0;0
10-28-2009 13:49;0;0
10-28-2009 13:50;0;0
10-28-2009 13:51;0;0
10-28-2009 13:52;0;0
10-28-2009 13:53;0;0
10-28-2009 13:54;0;0
10-28-2009 13:55;0;0
10-28-2009 13:56;0;0
10-28-2009 13:57;0;0
10-28-2009 13:58;0;0
10-28-2009 13:59;0;0
10-28-2009 14:00;0;0
10-28-2009 14:01;0;0
10-28-2009 14:02;0;0
10-28-2009 14:03;0;0
10-28-2009 14:04;0;0
10-28-2009 14:05;0;0
10-28-2009 14:06;0;0
10-28-2009 14:07;0;0
10-28-2009 14:08;0;0
10-28-2009 14:09;0;0
10-28-2009 14:10;0;0
10-28-2009 14:11;0;0
10-28-2009 14:12;0;0
10-28-2009 14:13;0;0
10-28-2009 14:14;0;0
10-28-2009 14:15;0;0
10-28-2009 14:16;0;0
10-28-2009 14:17;0;0
10-28-2009 14:18;0;0
10-28-2009 14:19;202;0
10-28-2009 14:20;0;0
10-28-2009 14:21;0;0
10-28-2009 14:22;0;0
10-28-2009 14:23;0;0
10-28-2009 14:24;0;0
10-28-2009 14:25;0;0
10-28-2009 14:26;0;0
10-28-2009 14:27;0;0
10-28-2009 14:28;0;0
10-28-2009 14:29;0;0
10-28-2009 14:30;0;0
10-28-2009 14:31;0;0
10-28-2009 14:32;0;0
10-28-2009 14:33;0;0
10-28-2009 14:34;0;0
10-28-2009 14:35;0;0
10-28-2009 14:36;0;0
10-28-2009 14:37;0;0
10-28-2009 14:38;0;0
10-28-2009 14:39;0;0
10-28-2009 14:40;0;0
10-28-2009 14:41;0;0
10-28-2009 14:42;0;0
10-28-2009 14:43;0;0
10-28-2009 14:44;0;0
10-28-2009 14:45;73;0
10-28-2009 14:46;0;0
10-28-2009 14:47;0;0
10-28-2009 14:48;0;0
10-28-2009 14:49;0;0
10-28-2009 14:50;0;0
10-28-2009 14:51;0;0
10-28-2009 14:52;80;0
10-28-2009 14:53;0;0
10-28-2009 14:54;0;0
10-28-2009 14:55;0;0
10-28-2009 14:56;0;0
10-28-2009 14:57;0;0
10-28-2009 14:58;0;0
10-28-2009 14:59;0;0
10-28-2009 15:00;0;0
10-28-2009 15:01;0;0
10-28-2009 15:02;0;0
10-28-2009 15:03;0;0
10-28-2009 15:04;0;0
10-28-2009 15:05;0;0
10-28-2009 15:06;0;0
10-28-2009 15:07;0;0
10-28-2009 15:08;0;0
10-28-2009 15:09;0;0
10-28-2009 15:10;0;0
10-28-2009 15:11;0;0
10-28-2009 15:12;0;0
10-28-2009 15:13;0;0
10-28-2009 15:14;33;0
10-28-2009 15:15;0;0
10-28-2009 15:16;0;0
10-28-2009 15:17;0;0
10-28-2009 15:18;0;0
10-28-2009 15:19;0;0
10-28-2009 15:20;0;0
10-28-2009 15:21;0;0
10-28-2009 15:22;360;0
10-28-2009 15:23;918;1
10-28-2009 15:24;1076;1
10-28-2009 15:25;758;1
10-28-2009 15:26;182;0
10-28-2009 15:27;240;0
10-28-2009 15:28;360;0
10-28-2009 15:29;275;0
10-28-2009 15:30;451;0
10-28-2009 15:31;624;0
10-28-2009 15:32;605;0
10-28-2009 15:33;605;0
10-28-2009 15:34;666;1
10-28-2009 15:35;483;0
10-28-2009 15:36;284;0
10-28-2009 15:37;62;0
10-28-2009 15:38;137;0
10-28-2009 15:39;336;0
10-28-2009 15:40;189;0
10-28-2009 15:41;266;0
10-28-2009 15:42;348;0
10-28-2009 15:43;142;0
10-28-2009 15:44;121;0
10-28-2009 15:45;266;0
10-28-2009 15:46;152;0
10-28-2009 15:47;733;1
10-28-2009 15:48;483;0
10-28-2009 15:49;567;0
10-28-2009 15:50;605;0
10-28-2009 15:51;979;1
10-28-2009 15:52;189;0
10-28-2009 15:53;232;0
10-28-2009 15:54;624;0
10-28-2009 15:55;645;1
10-28-2009 15:56;410;0
10-28-2009 15:57;168;0
10-28-2009 15:58;131;0
10-28-2009 15:59;360;0
10-28-2009 16:00;284;0
10-28-2009 16:01;19;0
10-28-2009 16:02;0;0
10-28-2009 16:03;19;0
10-28-2009 16:04;0;0
10-28-2009 16:05;17;0
10-28-2009 16:06;232;0
10-28-2009 16:07;209;0
10-28-2009 16:08;55;0
10-28-2009 16:09;137;0
10-28-2009 16:10;111;0
10-28-2009 16:11;284;0
10-28-2009 16:12;73;0
10-28-2009 16:13;0;0
10-28-2009 16:14;0;0
10-28-2009 16:15;116;0
10-28-2009 16:16;80;0
10-28-2009 16:17;3;0
10-28-2009 16:18;249;0
10-28-2009 16:19;90;0
10-28-2009 16:20;325;0
10-28-2009 16:21;384;0
10-28-2009 16:22;168;0
10-28-2009 16:23;182;0
10-28-2009 16:24;42;0
10-28-2009 16:25;66;0
10-28-2009 16:26;45;0
10-28-2009 16:27;14;0
10-28-2009 16:28;31;0
10-28-2009 16:29;5;0
10-28-2009 16:30;175;0
10-28-2009 16:31;336;0
10-28-2009 16:32;116;0
10-28-2009 16:33;26;0
10-28-2009 16:34;55;0
10-28-2009 16:35;29;0
10-28-2009 16:36;21;0
10-28-2009 16:37;86;0
10-28-2009 16:38;48;0
10-28-2009 16:39;38;0
10-28-2009 16:40;142;0
10-28-2009 16:41;410;0
10-28-2009 16:42;126;0
10-28-2009 16:43;424;0
10-28-2009 16:44;240;0
10-28-2009 16:45;126;0
10-28-2009 16:46;48;0
10-28-2009 16:47;266;0
10-28-2009 16:48;209;0
10-28-2009 16:49;66;0
10-28-2009 16:50;0;0
10-28-2009 16:51;0;0
10-28-2009 16:52;0;0
10-28-2009 16:53;0;0
10-28-2009 16:54;31;0
10-28-2009 16:55;142;0
10-28-2009 16:56;0;0
10-28-2009 16:57;0;0
10-28-2009 16:58;0;0
10-28-2009 16:59;0;0
10-28-2009 17:00;0;0
10-28-2009 17:01;0;0
10-28-2009 17:02;0;0
10-28-2009 17:03;0;0
10-28-2009 17:04;137;0
10-28-2009 17:05;33;0
10-28-2009 17:06;0;0
10-28-2009 17:07;0;0
10-28-2009 17:08;0;0
10-28-2009 17:09;0;0
10-28-2009 17:10;0;0
10-28-2009 17:11;0;0
10-28-2009 17:12;163;0
10-28-2009 17:13;0;0
10-28-2009 17:14;0;0
10-28-2009 17:15;10;0
10-28-2009 17:16;0;0
10-28-2009 17:17;0;0
10-28-2009 17:18;0;0
10-28-2009 17:19;0;0
10-28-2009 17:20;0;0
10-28-2009 17:21;0;0
10-28-2009 17:22;0;0
10-28-2009 17:23;0;0
10-28-2009 17:24;0;0
10-28-2009 17:25;0;0
10-28-2009 17:26;0;0
10-28-2009 17:27;0;0
10-28-2009 17:28;0;0
10-28-2009 17:29;0;0
10-28-2009 17:30;0;0
10-28-2009 17:31;0;0
10-28-2009 17:32;0;0
10-28-2009 17:33;0;0
10-28-2009 17:34;111;0
10-28-2009 17:35;48;0
10-28-2009 17:36;0;0
10-28-2009 17:37;0;0
10-28-2009 17:38;107;0
10-28-2009 17:39;22;0
10-28-2009 17:40;0;0
10-28-2009 17:41;40;0
10-28-2009 17:42;0;0
10-28-2009 17:43;55;0
10-28-2009 17:44;10;0
10-28-2009 17:45;0;0
10-28-2009 17:46;0;0
10-28-2009 17:47;43;0
10-28-2009 17:48;152;0
10-28-2009 17:49;0;0
10-28-2009 17:50;0;0
10-28-2009 17:51;0;0
10-28-2009 17:52;0;0
10-28-2009 17:53;0;0
10-28-2009 17:54;0;0
10-28-2009 17:55;0;0
10-28-2009 17:56;0;0
10-28-2009 17:57;0;0
10-28-2009 17:58;107;0
10-28-2009 17:59;0;0
10-28-2009 18:00;0;0
10-28-2009 18:01;3;0
10-28-2009 18:02;0;0
10-28-2009 18:03;0;0
10-28-2009 18:04;31;0
10-28-2009 18:05;266;0
10-28-2009 18:06;567;0
10-28-2009 18:07;733;1
10-28-2009 18:08;1076;1
10-28-2009 18:09;861;1
10-28-2009 18:10;605;0
10-28-2009 18:11;498;0
10-28-2009 18:12;467;0
10-28-2009 18:13;666;1
10-28-2009 18:14;782;1
10-28-2009 18:15;360;0
10-28-2009 18:16;223;0
10-28-2009 18:17;515;0
10-28-2009 18:18;533;0
10-28-2009 18:19;438;0
10-28-2009 18:20;258;0
10-28-2009 18:21;451;0
10-28-2009 18:22;424;0
10-28-2009 18:23;688;1
10-28-2009 18:24;834;1
10-28-2009 18:25;189;0
10-28-2009 18:26;304;0
10-28-2009 18:27;315;0
10-28-2009 18:28;410;0
10-28-2009 18:29;107;0
10-28-2009 18:30;372;0
10-28-2009 18:31;550;0
10-28-2009 18:32;533;0
10-28-2009 18:33;304;0
10-28-2009 18:34;36;0
10-28-2009 18:35;0;0
10-28-2009 18:36;0;0
10-28-2009 18:37;0;0
10-28-2009 18:38;0;0
10-28-2009 18:39;0;0
10-28-2009 18:40;0;0
10-28-2009 18:41;0;0
10-28-2009 18:42;0;0
10-28-2009 18:43;0;0
10-28-2009 18:44;0;0
10-28-2009 18:45;0;0
10-28-2009 18:46;0;0
10-28-2009 18:47;0;0
10-28-2009 18:48;0;0
10-28-2009 18:49;0;0
10-28-2009 18:50;0;0
10-28-2009 18:51;0;0
10-28-2009 18:52;0;0
10-28-2009 18:53;0;0
10-28-2009 18:54;0;0
10-28-2009 18:55;0;0
10-28-2009 18:56;0;0
10-28-2009 18:57;0;0
10-28-2009 18:58;0;0
10-28-2009 18:59;0;0
10-28-2009 19:00;0;0
10-28-2009 19:01;0;0
10-28-2009 19:02;0;0
10-28-2009 19:03;0;0
10-28-2009 19:04;0;0
10-28-2009 19:05;0;0
10-28-2009 19:06;0;0
10-28-2009 19:07;0;0
10-28-2009 19:08;348;0
10-28-2009 19:09;688;1
10-28-2009 19:10;605;0
10-28-2009 19:11;1010;1
10-28-2009 19:12;605;0
10-28-2009 19:13;152;0
10-28-2009 19:14;0;0
10-28-2009 19:15;182;0
10-28-2009 19:16;93;0
10-28-2009 19:17;121;0
10-28-2009 19:18;100;0
10-28-2009 19:19;438;0
10-28-2009 19:20;223;0
10-28-2009 19:21;17;0
10-28-2009 19:22;258;0
10-28-2009 19:23;451;0
10-28-2009 19:24;216;0
10-28-2009 19:25;249;0
10-28-2009 19:26;624;0
10-28-2009 19:27;438;0
10-28-2009 19:28;567;0
10-28-2009 19:29;467;0
10-28-2009 19:30;550;0
10-28-2009 19:31;275;0
10-28-2009 19:32;249;0
10-28-2009 19:33;688;1
10-28-2009 19:34;861;1
10-28-2009 19:35;93;0
10-28-2009 19:36;396;0
10-28-2009 19:37;249;0
10-28-2009 19:38;29;0
10-28-2009 19:39;0;0
10-28-2009 19:40;24;0
10-28-2009 19:41;0;0
10-28-2009 19:42;0;0
10-28-2009 19:43;50;0
10-28-2009 19:44;0;0
10-28-2009 19:45;0;0
10-28-2009 19:46;14;0
10-28-2009 19:47;3;0
10-28-2009 19:48;0;0
10-28-2009 19:49;33;0
10-28-2009 19:50;38;0
10-28-2009 19:51;0;0
10-28-2009 19:52;3;0
10-28-2009 19:53;7;0
10-28-2009 19:54;7;0
10-28-2009 19:55;12;0
10-28-2009 19:56;7;0
10-28-2009 19:57;19;0
10-28-2009 19:58;36;0
10-28-2009 19:59;66;0
10-28-2009 20:00;40;0
10-28-2009 20:01;3;0
10-28-2009 20:02;0;0
10-28-2009 20:03;24;0
10-28-2009 20:04;14;0
10-28-2009 20:05;3;0
10-28-2009 20:06;249;0
10-28-2009 20:07;0;0
10-28-2009 20:08;69;0
10-28-2009 20:09;80;0
10-28-2009 20:10;24;0
10-28-2009 20:11;10;0
10-28-2009 20:12;396;0
10-28-2009 20:13;62;0
10-28-2009 20:14;498;0
10-28-2009 20:15;550;0
10-28-2009 20:16;782;1
10-28-2009 20:17;567;0
10-28-2009 20:18;586;0
10-28-2009 20:19;189;0
10-28-2009 20:20;157;0
10-28-2009 20:21;384;0
10-28-2009 20:22;498;0
10-28-2009 20:23;438;0
10-28-2009 20:24;550;0
10-28-2009 20:25;483;0
10-28-2009 20:26;304;0
10-28-2009 20:27;948;1
10-28-2009 20:28;451;0
10-28-2009 20:29;216;0
10-28-2009 20:30;0;0
10-28-2009 20:31;533;0
10-28-2009 20:32;223;0
10-28-2009 20:33;0;0
10-28-2009 20:34;0;0
10-28-2009 20:35;0;0
10-28-2009 20:36;0;0
10-28-2009 20:37;0;0
10-28-2009 20:38;0;0
10-28-2009 20:39;202;0
10-28-2009 20:40;55;0
10-28-2009 20:41;29;0
10-28-2009 20:42;0;0
10-28-2009 20:43;38;0
10-28-2009 20:44;10;0
10-28-2009 20:45;137;0
10-28-2009 20:46;17;0
10-28-2009 20:47;121;0
10-28-2009 20:48;40;0
10-28-2009 20:49;50;0
10-28-2009 20:50;55;0
10-28-2009 20:51;0;0
10-28-2009 20:52;157;0
10-28-2009 20:53;284;0
10-28-2009 20:54;294;0
10-28-2009 20:55;605;0
10-28-2009 20:56;451;0
10-28-2009 20:57;483;0
10-28-2009 20:58;348;0
10-28-2009 20:59;336;0
10-28-2009 21:00;152;0
10-28-2009 21:01;107;0
10-28-2009 21:02;216;0
10-28-2009 21:03;182;0
10-28-2009 21:04;202;0
10-28-2009 21:05;48;0
10-28-2009 21:06;304;0
10-28-2009 21:07;182;0
10-28-2009 21:08;0;0
10-28-2009 21:09;0;0
10-28-2009 21:10;0;0
10-28-2009 21:11;10;0
10-28-2009 21:12;0;0
10-28-2009 21:13;0;0
10-28-2009 21:14;0;0
10-28-2009 21:15;0;0
10-28-2009 21:16;3;0
10-28-2009 21:17;0;0
10-28-2009 21:18;232;0
10-28-2009 21:19;189;0
10-28-2009 21:20;294;0
10-28-2009 21:21;59;0
10-28-2009 21:22;157;0
10-28-2009 21:23;157;0
10-28-2009 21:24;16;0
10-28-2009 21:25;111;0
10-28-2009 21:26;348;0
10-28-2009 21:27;533;0
10-28-2009 21:28;515;0
10-28-2009 21:29;586;0
10-28-2009 21:30;733;1
10-28-2009 21:31;688;1
10-28-2009 21:32;336;0
10-28-2009 21:33;711;1
10-28-2009 21:34;294;0
10-28-2009 21:35;782;1
10-28-2009 21:36;515;0
10-28-2009 21:37;304;0
10-28-2009 21:38;586;0
10-28-2009 21:39;325;0
10-28-2009 21:40;336;0
10-28-2009 21:41;605;0
10-28-2009 21:42;567;0
10-28-2009 21:43;586;0
10-28-2009 21:44;232;0
10-28-2009 21:45;498;0
10-28-2009 21:46;424;0
10-28-2009 21:47;275;0
10-28-2009 21:48;17;0
10-28-2009 21:49;0;0
10-28-2009 21:50;0;0
10-28-2009 21:51;0;0
10-28-2009 21:52;0;0
10-28-2009 21:53;0;0
10-28-2009 21:54;0;0
10-28-2009 21:55;21;0
10-28-2009 21:56;0;0
10-28-2009 21:57;19;0
10-28-2009 21:58;0;0
10-28-2009 21:59;33;0
10-28-2009 22:00;0;0
10-28-2009 22:01;0;0
10-28-2009 22:02;0;0
10-28-2009 22:03;0;0
10-28-2009 22:04;0;0
10-28-2009 22:05;515;0
10-28-2009 22:06;834;1
10-28-2009 22:07;1076;1
10-28-2009 22:08;424;0
10-28-2009 22:09;348;0
10-28-2009 22:10;202;0
10-28-2009 22:11;284;0
10-28-2009 22:12;182;0
10-28-2009 22:13;3;0
10-28-2009 22:14;348;0
10-28-2009 22:15;42;0
10-28-2009 22:16;284;0
10-28-2009 22:17;304;0
10-28-2009 22:18;567;0
10-28-2009 22:19;483;0
10-28-2009 22:20;131;0
10-28-2009 22:21;483;0
10-28-2009 22:22;918;1
10-28-2009 22:23;240;0
10-28-2009 22:24;69;0
10-28-2009 22:25;126;0
10-28-2009 22:26;0;0
10-28-2009 22:27;7;0
10-28-2009 22:28;0;0
10-28-2009 22:29;0;0
10-28-2009 22:30;0;0
10-28-2009 22:31;0;0
10-28-2009 22:32;0;0
10-28-2009 22:33;0;0
10-28-2009 22:34;14;0
10-28-2009 22:35;0;0
10-28-2009 22:36;232;0
10-28-2009 22:37;35;0
10-28-2009 22:38;0;0
10-28-2009 22:39;0;0
10-28-2009 22:40;0;0
10-28-2009 22:41;0;0
10-28-2009 22:42;38;0
10-28-2009 22:43;0;0
10-28-2009 22:44;0;0
10-28-2009 22:45;0;0
10-28-2009 22:46;0;0
10-28-2009 22:47;0;0
10-28-2009 22:48;0;0
10-28-2009 22:49;0;0
10-28-2009 22:50;0;0
10-28-2009 22:51;0;0
10-28-2009 22:52;0;0
10-28-2009 22:53;0;0
10-28-2009 22:54;0;0
10-28-2009 22:55;0;0
10-28-2009 22:56;0;0
10-28-2009 22:57;0;0
10-28-2009 22:58;0;0
10-28-2009 22:59;0;0
10-28-2009 23:00;0;0
10-28-2009 23:01;0;0
10-28-2009 23:02;0;0
10-28-2009 23:03;0;0
10-28-2009 23:04;0;0
10-28-2009 23:05;0;0
10-28-2009 23:06;0;0
10-28-2009 23:07;0;0
10-28-2009 23:08;0;0
10-28-2009 23:09;0;0
10-28-2009 23:10;0;0
10-28-2009 23:11;0;0
10-28-2009 23:12;0;0
10-28-2009 23:13;0;0
10-28-2009 23:14;0;0
10-28-2009 23:15;0;0
10-28-2009 23:16;121;0
10-28-2009 23:17;50;0
10-28-2009 23:18;0;0
10-28-2009 23:19;0;0
10-28-2009 23:20;0;0
10-28-2009 23:21;0;0
10-28-2009 23:22;147;0
10-28-2009 23:23;0;0
10-28-2009 23:24;0;0
10-28-2009 23:25;189;0
10-28-2009 23:26;0;0
10-28-2009 23:27;0;0
10-28-2009 23:28;0;0
10-28-2009 23:29;0;0
10-28-2009 23:30;0;0
10-28-2009 23:31;0;0
10-28-2009 23:32;0;0
10-28-2009 23:33;0;0
10-28-2009 23:34;0;0
10-28-2009 23:35;59;0
10-28-2009 23:36;0;0
10-28-2009 23:37;168;0
10-28-2009 23:38;0;0
10-28-2009 23:39;0;0
10-28-2009 23:40;104;0
10-28-2009 23:41;0;0
10-28-2009 23:42;24;0
10-28-2009 23:43;0;0
10-28-2009 23:44;0;0
10-28-2009 23:45;0;0
10-28-2009 23:46;0;0
10-28-2009 23:47;0;0
10-28-2009 23:48;0;0
10-28-2009 23:49;0;0
10-28-2009 23:50;0;0
10-28-2009 23:51;0;0
10-28-2009 23:52;0;0
10-28-2009 23:53;0;0
10-28-2009 23:54;0;0
10-28-2009 23:55;35;0
10-28-2009 23:56;97;0
10-28-2009 23:57;86;0
10-28-2009 23:58;0;0
10-28-2009 23:59;0;0
10-29-2009 00:00;0;0
10-29-2009 00:01;0;0
10-29-2009 00:02;0;0
10-29-2009 00:03;0;0
10-29-2009 00:04;0;0
10-29-2009 00:05;0;0
10-29-2009 00:06;0;0
10-29-2009 00:07;0;0
10-29-2009 00:08;0;0
10-29-2009 00:09;0;0
10-29-2009 00:10;0;0
10-29-2009 00:11;0;0
10-29-2009 00:12;0;0
10-29-2009 00:13;0;0
10-29-2009 00:14;69;0
10-29-2009 00:15;0;0
10-29-2009 00:16;0;0
10-29-2009 00:17;26;0
10-29-2009 00:18;0;0
10-29-2009 00:19;0;0
10-29-2009 00:20;0;0
10-29-2009 00:21;0;0
10-29-2009 00:22;0;0
10-29-2009 00:23;121;0
10-29-2009 00:24;26;0
10-29-2009 00:25;111;0
10-29-2009 00:26;240;0
10-29-2009 00:27;451;0
10-29-2009 00:28;266;0
10-29-2009 00:29;93;0
10-29-2009 00:30;0;0
10-29-2009 00:31;0;0
10-29-2009 00:32;55;0
10-29-2009 00:33;73;0
10-29-2009 00:34;0;0
10-29-2009 00:35;0;0
10-29-2009 00:36;0;0
10-29-2009 00:37;0;0
10-29-2009 00:38;0;0
10-29-2009 00:39;0;0
10-29-2009 00:40;0;0
10-29-2009 00:41;0;0
10-29-2009 00:42;0;0
10-29-2009 00:43;0;0
10-29-2009 00:44;0;0
10-29-2009 00:45;0;0
10-29-2009 00:46;0;0
10-29-2009 00:47;0;0
10-29-2009 00:48;152;0
10-29-2009 00:49;0;0
10-29-2009 00:50;0;0
10-29-2009 00:51;0;0
10-29-2009 00:52;28;0
10-29-2009 00:53;0;0
10-29-2009 00:54;0;0
10-29-2009 00:55;0;0
10-29-2009 00:56;0;0
10-29-2009 00:57;0;0
10-29-2009 00:58;3;0
10-29-2009 00:59;0;0
10-29-2009 01:00;0;0
10-29-2009 01:01;0;0
10-29-2009 01:02;232;0
10-29-2009 01:03;0;0
10-29-2009 01:04;0;0
10-29-2009 01:05;0;0
10-29-2009 01:06;0;0
10-29-2009 01:07;0;0
10-29-2009 01:08;3;0
10-29-2009 01:09;0;0
10-29-2009 01:10;0;0
10-29-2009 01:11;0;0
10-29-2009 01:12;33;0
10-29-2009 01:13;266;0
10-29-2009 01:14;0;0
10-29-2009 01:15;0;0
10-29-2009 01:16;0;0
10-29-2009 01:17;0;0
10-29-2009 01:18;0;0
10-29-2009 01:19;0;0
10-29-2009 01:20;0;0
10-29-2009 01:21;0;0
10-29-2009 01:22;22;0
10-29-2009 01:23;0;0
10-29-2009 01:24;0;0
10-29-2009 01:25;0;0
10-29-2009 01:26;0;0
10-29-2009 01:27;0;0
10-29-2009 01:28;0;0
10-29-2009 01:29;0;0
10-29-2009 01:30;0;0
10-29-2009 01:31;0;0
10-29-2009 01:32;0;0
10-29-2009 01:33;0;0
10-29-2009 01:34;0;0
10-29-2009 01:35;0;0
10-29-2009 01:36;0;0
10-29-2009 01:37;0;0
10-29-2009 01:38;0;0
10-29-2009 01:39;0;0
10-29-2009 01:40;0;0
10-29-2009 01:41;0;0
10-29-2009 01:42;0;0
10-29-2009 01:43;0;0
10-29-2009 01:44;0;0
10-29-2009 01:45;0;0
10-29-2009 01:46;0;0
10-29-2009 01:47;0;0
10-29-2009 01:48;0;0
10-29-2009 01:49;0;0
10-29-2009 01:50;59;0
10-29-2009 01:51;0;0
10-29-2009 01:52;0;0
10-29-2009 01:53;0;0
10-29-2009 01:54;0;0
10-29-2009 01:55;0;0
10-29-2009 01:56;0;0
10-29-2009 01:57;126;0
10-29-2009 01:58;0;0
10-29-2009 01:59;0;0
10-29-2009 02:00;0;0
10-29-2009 02:01;0;0
10-29-2009 02:02;0;0
10-29-2009 02:03;0;0
10-29-2009 02:04;0;0
10-29-2009 02:05;0;0
10-29-2009 02:06;0;0
10-29-2009 02:07;0;0
10-29-2009 02:08;0;0
10-29-2009 02:09;0;0
10-29-2009 02:10;0;0
10-29-2009 02:11;0;0
10-29-2009 02:12;47;0
10-29-2009 02:13;0;0
10-29-2009 02:14;0;0
10-29-2009 02:15;0;0
10-29-2009 02:16;0;0
10-29-2009 02:17;0;0
10-29-2009 02:18;59;0
10-29-2009 02:19;0;0
10-29-2009 02:20;0;0
10-29-2009 02:21;0;0
10-29-2009 02:22;0;0
10-29-2009 02:23;0;0
10-29-2009 02:24;0;0
10-29-2009 02:25;0;0
10-29-2009 02:26;0;0
10-29-2009 02:27;0;0
10-29-2009 02:28;0;0
10-29-2009 02:29;0;0
10-29-2009 02:30;0;0
10-29-2009 02:31;0;0
10-29-2009 02:32;0;0
10-29-2009 02:33;0;0
10-29-2009 02:34;0;0
10-29-2009 02:35;0;0
10-29-2009 02:36;0;0
10-29-2009 02:37;0;0
10-29-2009 02:38;0;0
10-29-2009 02:39;0;0
10-29-2009 02:40;93;0
10-29-2009 02:41;182;0
10-29-2009 02:42;979;1
10-29-2009 02:43;258;0
10-29-2009 02:44;21;0
10-29-2009 02:45;0;0
10-29-2009 02:46;0;0
10-29-2009 02:47;0;0
10-29-2009 02:48;0;0
10-29-2009 02:49;0;0
10-29-2009 02:50;0;0
10-29-2009 02:51;42;0
10-29-2009 02:52;0;0
10-29-2009 02:53;0;0
10-29-2009 02:54;7;0
10-29-2009 02:55;104;0
10-29-2009 02:56;0;0
10-29-2009 02:57;0;0
10-29-2009 02:58;0;0
10-29-2009 02:59;0;0
10-29-2009 03:00;0;0
10-29-2009 03:01;0;0
10-29-2009 03:02;0;0
10-29-2009 03:03;59;0
10-29-2009 03:04;0;0
10-29-2009 03:05;0;0
10-29-2009 03:06;9;0
10-29-2009 03:07;0;0
10-29-2009 03:08;0;0
10-29-2009 03:09;0;0
10-29-2009 03:10;5;0
10-29-2009 03:11;0;0
10-29-2009 03:12;62;0
10-29-2009 03:13;0;0
10-29-2009 03:14;0;0
10-29-2009 03:15;0;0
10-29-2009 03:16;0;0
10-29-2009 03:17;104;0
10-29-2009 03:18;0;0
10-29-2009 03:19;0;0
10-29-2009 03:20;0;0
10-29-2009 03:21;0;0
10-29-2009 03:22;0;0
10-29-2009 03:23;0;0
10-29-2009 03:24;0;0
10-29-2009 03:25;0;0
10-29-2009 03:26;0;0
10-29-2009 03:27;66;0
10-29-2009 03:28;0;0
10-29-2009 03:29;0;0
10-29-2009 03:30;0;0
10-29-2009 03:31;0;0
10-29-2009 03:32;0;0
10-29-2009 03:33;0;0
10-29-2009 03:34;35;0
10-29-2009 03:35;0;0
10-29-2009 03:36;43;0
10-29-2009 03:37;0;0
10-29-2009 03:38;0;0
10-29-2009 03:39;0;0
10-29-2009 03:40;0;0
10-29-2009 03:41;0;0
10-29-2009 03:42;0;0
10-29-2009 03:43;131;0
10-29-2009 03:44;31;0
10-29-2009 03:45;24;0
10-29-2009 03:46;0;0
10-29-2009 03:47;17;0
10-29-2009 03:48;0;0
10-29-2009 03:49;0;0
10-29-2009 03:50;0;0
10-29-2009 03:51;0;0
10-29-2009 03:52;142;0
10-29-2009 03:53;0;0
10-29-2009 03:54;0;0
10-29-2009 03:55;0;0
10-29-2009 03:56;0;0
10-29-2009 03:57;0;0
10-29-2009 03:58;0;0
10-29-2009 03:59;0;0
10-29-2009 04:00;0;0
10-29-2009 04:01;0;0
10-29-2009 04:02;0;0
10-29-2009 04:03;0;0
10-29-2009 04:04;0;0
10-29-2009 04:05;0;0
10-29-2009 04:06;0;0
10-29-2009 04:07;0;0
10-29-2009 04:08;240;0
10-29-2009 04:09;55;0
10-29-2009 04:10;157;0
10-29-2009 04:11;3;0
10-29-2009 04:12;0;0
10-29-2009 04:13;0;0
10-29-2009 04:14;0;0
10-29-2009 04:15;0;0
10-29-2009 04:16;0;0
10-29-2009 04:17;0;0
10-29-2009 04:18;0;0
10-29-2009 04:19;0;0
10-29-2009 04:20;0;0
10-29-2009 04:21;0;0
10-29-2009 04:22;24;0
10-29-2009 04:23;0;0
10-29-2009 04:24;16;0
10-29-2009 04:25;0;0
10-29-2009 04:26;0;0
10-29-2009 04:27;0;0
10-29-2009 04:28;0;0
10-29-2009 04:29;0;0
10-29-2009 04:30;0;0
10-29-2009 04:31;0;0
10-29-2009 04:32;0;0
10-29-2009 04:33;76;0
10-29-2009 04:34;0;0
10-29-2009 04:35;0;0
10-29-2009 04:36;66;0
10-29-2009 04:37;0;0
10-29-2009 04:38;0;0
10-29-2009 04:39;0;0
10-29-2009 04:40;31;0
10-29-2009 04:41;0;0
10-29-2009 04:42;0;0
10-29-2009 04:43;0;0
10-29-2009 04:44;0;0
10-29-2009 04:45;0;0
10-29-2009 04:46;147;0
10-29-2009 04:47;0;0
10-29-2009 04:48;0;0
10-29-2009 04:49;0;0
10-29-2009 04:50;40;0
10-29-2009 04:51;147;0
10-29-2009 04:52;0;0
10-29-2009 04:53;0;0
10-29-2009 04:54;0;0
10-29-2009 04:55;0;0
10-29-2009 04:56;0;0
10-29-2009 04:57;0;0
10-29-2009 04:58;0;0
10-29-2009 04:59;0;0
10-29-2009 05:00;0;0
10-29-2009 05:01;0;0
10-29-2009 05:02;0;0
10-29-2009 05:03;0;0
10-29-2009 05:04;0;0
10-29-2009 05:05;0;0
10-29-2009 05:06;0;0
10-29-2009 05:07;0;0
10-29-2009 05:08;0;0
10-29-2009 05:09;0;0
10-29-2009 05:10;0;0
10-29-2009 05:11;0;0
10-29-2009 05:12;0;0
10-29-2009 05:13;0;0
10-29-2009 05:14;0;0
10-29-2009 05:15;0;0
10-29-2009 05:16;0;0
10-29-2009 05:17;0;0
10-29-2009 05:18;0;0
10-29-2009 05:19;54;0
10-29-2009 05:20;0;0
10-29-2009 05:21;0;0
10-29-2009 05:22;0;0
10-29-2009 05:23;0;0
10-29-2009 05:24;0;0
10-29-2009 05:25;0;0
10-29-2009 05:26;0;0
10-29-2009 05:27;83;0
10-29-2009 05:28;0;0
10-29-2009 05:29;0;0
10-29-2009 05:30;3;0
10-29-2009 05:31;0;0
10-29-2009 05:32;0;0
10-29-2009 05:33;0;0
10-29-2009 05:34;0;0
10-29-2009 05:35;0;0
10-29-2009 05:36;19;0
10-29-2009 05:37;26;0
10-29-2009 05:38;0;0
10-29-2009 05:39;0;0
10-29-2009 05:40;131;0
10-29-2009 05:41;0;0
10-29-2009 05:42;0;0
10-29-2009 05:43;43;0
10-29-2009 05:44;0;0
10-29-2009 05:45;0;0
10-29-2009 05:46;107;0
10-29-2009 05:47;0;0
10-29-2009 05:48;0;0
10-29-2009 05:49;0;0
10-29-2009 05:50;137;0
10-29-2009 05:51;0;0
10-29-2009 05:52;0;0
10-29-2009 05:53;0;0
10-29-2009 05:54;0;0
10-29-2009 05:55;0;0
10-29-2009 05:56;90;0
10-29-2009 05:57;35;0
10-29-2009 05:58;0;0
10-29-2009 05:59;0;0
10-29-2009 06:00;0;0
10-29-2009 06:01;121;0
10-29-2009 06:02;0;0
10-29-2009 06:03;0;0
10-29-2009 06:04;0;0
10-29-2009 06:05;0;0
10-29-2009 06:06;55;0
10-29-2009 06:07;80;0
10-29-2009 06:08;483;0
10-29-2009 06:09;533;0
10-29-2009 06:10;121;0
10-29-2009 06:11;0;0
10-29-2009 06:12;0;0
10-29-2009 06:13;0;0
10-29-2009 06:14;0;0
10-29-2009 06:15;0;0
10-29-2009 06:16;0;0
10-29-2009 06:17;0;0
10-29-2009 06:18;0;0
10-29-2009 06:19;0;0
10-29-2009 06:20;0;0
10-29-2009 06:21;0;0
10-29-2009 06:22;54;0
10-29-2009 06:23;0;0
10-29-2009 06:24;0;0
10-29-2009 06:25;0;0
10-29-2009 06:26;0;0
10-29-2009 06:27;0;0
10-29-2009 06:28;0;0
10-29-2009 06:29;0;0
10-29-2009 06:30;0;0
10-29-2009 06:31;0;0
10-29-2009 06:32;0;0
10-29-2009 06:33;0;0
10-29-2009 06:34;0;0
10-29-2009 06:35;0;0
10-29-2009 06:36;0;0
10-29-2009 06:37;0;0
10-29-2009 06:38;0;0
10-29-2009 06:39;0;0
10-29-2009 06:40;0;0
10-29-2009 06:41;0;0
10-29-2009 06:42;0;0
10-29-2009 06:43;0;0
10-29-2009 06:44;0;0
10-29-2009 06:45;0;0
10-29-2009 06:46;0;0
10-29-2009 06:47;0;0
10-29-2009 06:48;107;0
10-29-2009 06:49;0;0
10-29-2009 06:50;0;0
10-29-2009 06:51;0;0
10-29-2009 06:52;0;0
10-29-2009 06:53;0;0
10-29-2009 06:54;0;0
10-29-2009 06:55;0;0
10-29-2009 06:56;0;0
10-29-2009 06:57;0;0
10-29-2009 06:58;0;0
10-29-2009 06:59;0;0
10-29-2009 07:00;0;0
10-29-2009 07:01;0;0
10-29-2009 07:02;0;0
10-29-2009 07:03;0;0
10-29-2009 07:04;55;0
10-29-2009 07:05;0;0
10-29-2009 07:06;0;0
10-29-2009 07:07;26;0
10-29-2009 07:08;26;0
10-29-2009 07:09;0;0
10-29-2009 07:10;284;0
10-29-2009 07:11;147;0
10-29-2009 07:12;0;0
10-29-2009 07:13;223;0
10-29-2009 07:14;137;0
10-29-2009 07:15;0;0
10-29-2009 07:16;24;0
10-29-2009 07:17;116;0
10-29-2009 07:18;0;0
10-29-2009 07:19;0;0
10-29-2009 07:20;21;0
10-29-2009 07:21;0;0
10-29-2009 07:22;0;0
10-29-2009 07:23;83;0
10-29-2009 07:24;12;0
10-29-2009 07:25;16;0
10-29-2009 07:26;59;0
10-29-2009 07:27;0;0
10-29-2009 07:28;50;0
10-29-2009 07:29;40;0
10-29-2009 07:30;38;0
10-29-2009 07:31;22;0
10-29-2009 07:32;0;0
10-29-2009 07:33;348;0
10-29-2009 07:34;1301;1
10-29-2009 07:35;1183;1
10-29-2009 07:36;666;1
10-29-2009 07:37;451;0
10-29-2009 07:38;451;0
10-29-2009 07:39;498;0
10-29-2009 07:40;147;0
10-29-2009 07:41;137;0
10-29-2009 07:42;43;0
10-29-2009 07:43;3;0
10-29-2009 07:44;284;0
10-29-2009 07:45;249;0
10-29-2009 07:46;189;0
10-29-2009 07:47;80;0
10-29-2009 07:48;17;0
10-29-2009 07:49;3;0
10-29-2009 07:50;19;0
10-29-2009 07:51;14;0
10-29-2009 07:52;10;0
10-29-2009 07:53;0;0
10-29-2009 07:54;107;0
10-29-2009 07:55;275;0
10-29-2009 07:56;209;0
10-29-2009 07:57;315;0
10-29-2009 07:58;360;0
10-29-2009 07:59;315;0
10-29-2009 08:00;10;0
10-29-2009 08:01;168;0
10-29-2009 08:02;275;0
10-29-2009 08:03;24;0
10-29-2009 08:04;9;0
10-29-2009 08:05;36;0
10-29-2009 08:06;0;0
10-29-2009 08:07;0;0
10-29-2009 08:08;5;0
10-29-2009 08:09;86;0
10-29-2009 08:10;232;0
10-29-2009 08:11;137;0
10-29-2009 08:12;0;0
10-29-2009 08:13;0;0
10-29-2009 08:14;0;0
10-29-2009 08:15;19;0
10-29-2009 08:16;52;0
10-29-2009 08:17;43;0
10-29-2009 08:18;168;0
10-29-2009 08:19;0;0
10-29-2009 08:20;5;0
10-29-2009 08:21;0;0
10-29-2009 08:22;3;0
10-29-2009 08:23;0;0
10-29-2009 08:24;5;0
10-29-2009 08:25;28;0
10-29-2009 08:26;16;0
10-29-2009 08:27;9;0
10-29-2009 08:28;5;0
10-29-2009 08:29;21;0
10-29-2009 08:30;10;0
10-29-2009 08:31;26;0
10-29-2009 08:32;21;0
10-29-2009 08:33;16;0
10-29-2009 08:34;0;0
10-29-2009 08:35;9;0
10-29-2009 08:36;3;0
10-29-2009 08:37;0;0
10-29-2009 08:38;10;0
10-29-2009 08:39;0;0
10-29-2009 08:40;12;0
10-29-2009 08:41;0;0
10-29-2009 08:42;12;0
10-29-2009 08:43;0;0
10-29-2009 08:44;3;0
10-29-2009 08:45;12;0
10-29-2009 08:46;3;0
10-29-2009 08:47;59;0
10-29-2009 08:48;9;0
10-29-2009 08:49;33;0
10-29-2009 08:50;59;0
10-29-2009 08:51;0;0
10-29-2009 08:52;31;0
10-29-2009 08:53;17;0
10-29-2009 08:54;0;0
10-29-2009 08:55;16;0
10-29-2009 08:56;0;0
10-29-2009 08:57;97;0
10-29-2009 08:58;22;0
10-29-2009 08:59;36;0
10-29-2009 09:00;304;0
10-29-2009 09:01;209;0
10-29-2009 09:02;116;0
10-29-2009 09:03;304;0
10-29-2009 09:04;758;1
10-29-2009 09:05;688;1
10-29-2009 09:06;410;0
10-29-2009 09:07;336;0
10-29-2009 09:08;889;1
10-29-2009 09:09;948;1
10-29-2009 09:10;567;0
10-29-2009 09:11;202;0
10-29-2009 09:12;163;0
10-29-2009 09:13;26;0
10-29-2009 09:14;157;0
10-29-2009 09:15;216;0
10-29-2009 09:16;175;0
10-29-2009 09:17;137;0
10-29-2009 09:18;175;0
10-29-2009 09:19;189;0
10-29-2009 09:20;137;0
10-29-2009 09:21;66;0
10-29-2009 09:22;55;0
10-29-2009 09:23;498;0
10-29-2009 09:24;688;1
10-29-2009 09:25;325;0
10-29-2009 09:26;240;0
10-29-2009 09:27;550;0
10-29-2009 09:28;189;0
10-29-2009 09:29;410;0
10-29-2009 09:30;348;0
10-29-2009 09:31;175;0
10-29-2009 09:32;223;0
10-29-2009 09:33;209;0
10-29-2009 09:34;168;0
10-29-2009 09:35;372;0
10-29-2009 09:36;275;0
10-29-2009 09:37;438;0
10-29-2009 09:38;223;0
10-29-2009 09:39;69;0
10-29-2009 09:40;142;0
10-29-2009 09:41;315;0
10-29-2009 09:42;62;0
10-29-2009 09:43;97;0
10-29-2009 09:44;62;0
10-29-2009 09:45;605;0
10-29-2009 09:46;424;0
10-29-2009 09:47;372;0
10-29-2009 09:48;137;0
10-29-2009 09:49;315;0
10-29-2009 09:50;711;1
10-29-2009 09:51;467;0
10-29-2009 09:52;258;0
10-29-2009 09:53;116;0
10-29-2009 09:54;467;0
10-29-2009 09:55;688;1
10-29-2009 09:56;567;0
10-29-2009 09:57;304;0
10-29-2009 09:58;195;0
10-29-2009 09:59;498;0
10-29-2009 10:00;216;0
10-29-2009 10:01;483;0
10-29-2009 10:02;93;0
10-29-2009 10:03;360;0
10-29-2009 10:04;0;0
10-29-2009 10:05;62;0
10-29-2009 10:06;12;0
10-29-2009 10:07;62;0
10-29-2009 10:08;384;0
10-29-2009 10:09;189;0
10-29-2009 10:10;168;0
10-29-2009 10:11;83;0
10-29-2009 10:12;131;0
10-29-2009 10:13;76;0
10-29-2009 10:14;202;0
10-29-2009 10:15;182;0
10-29-2009 10:16;116;0
10-29-2009 10:17;202;0
10-29-2009 10:18;232;0
10-29-2009 10:19;202;0
10-29-2009 10:20;90;0
10-29-2009 10:21;232;0
10-29-2009 10:22;59;0
10-29-2009 10:23;666;1
10-29-2009 10:24;249;0
10-29-2009 10:25;240;0
10-29-2009 10:26;66;0
10-29-2009 10:27;266;0
10-29-2009 10:28;16;0
10-29-2009 10:29;47;0
10-29-2009 10:30;111;0
10-29-2009 10:31;483;0
10-29-2009 10:32;360;0
10-29-2009 10:33;86;0
10-29-2009 10:34;216;0
10-29-2009 10:35;666;1
10-29-2009 10:36;126;0
10-29-2009 10:37;396;0
10-29-2009 10:38;336;0
10-29-2009 10:39;294;0
10-29-2009 10:40;93;0
10-29-2009 10:41;249;0
10-29-2009 10:42;223;0
10-29-2009 10:43;168;0
10-29-2009 10:44;189;0
10-29-2009 10:45;232;0
10-29-2009 10:46;1043;1
10-29-2009 10:47;666;1
10-29-2009 10:48;266;0
10-29-2009 10:49;195;0
10-29-2009 10:50;168;0
10-29-2009 10:51;498;0
10-29-2009 10:52;97;0
10-29-2009 10:53;758;1
10-29-2009 10:54;586;0
10-29-2009 10:55;275;0
10-29-2009 10:56;223;0
10-29-2009 10:57;410;0
10-29-2009 10:58;1183;1
10-29-2009 10:59;861;1
10-29-2009 11:00;688;1
10-29-2009 11:01;223;0
10-29-2009 11:02;189;0
10-29-2009 11:03;315;0
10-29-2009 11:04;152;0
10-29-2009 11:05;223;0
10-29-2009 11:06;152;0
10-29-2009 11:07;116;0
10-29-2009 11:08;175;0
10-29-2009 11:09;325;0
10-29-2009 11:10;645;1
10-29-2009 11:11;889;1
10-29-2009 11:12;586;0
10-29-2009 11:13;948;1
10-29-2009 11:14;304;0
10-29-2009 11:15;121;0
10-29-2009 11:16;410;0
10-29-2009 11:17;1183;1
10-29-2009 11:18;1147;1
10-29-2009 11:19;733;1
10-29-2009 11:20;733;1
10-29-2009 11:21;1043;1
10-29-2009 11:22;733;1
10-29-2009 11:23;304;0
10-29-2009 11:24;498;0
10-29-2009 11:25;384;0
10-29-2009 11:26;384;0
10-29-2009 11:27;451;0
10-29-2009 11:28;1043;1
10-29-2009 11:29;410;0
10-29-2009 11:30;645;1
10-29-2009 11:31;294;0
10-29-2009 11:32;294;0
10-29-2009 11:33;9;0
10-29-2009 11:34;126;0
10-29-2009 11:35;3;0
10-29-2009 11:36;19;0
10-29-2009 11:37;54;0
10-29-2009 11:38;10;0
10-29-2009 11:39;152;0
10-29-2009 11:40;52;0
10-29-2009 11:41;93;0
10-29-2009 11:42;157;0
10-29-2009 11:43;24;0
10-29-2009 11:44;550;0
10-29-2009 11:45;126;0
10-29-2009 11:46;55;0
10-29-2009 11:47;275;0
10-29-2009 11:48;294;0
10-29-2009 11:49;275;0
10-29-2009 11:50;3;0
10-29-2009 11:51;168;0
10-29-2009 11:52;467;0
10-29-2009 11:53;467;0
10-29-2009 11:54;294;0
10-29-2009 11:55;3;0
10-29-2009 11:56;0;0
10-29-2009 11:57;0;0
10-29-2009 11:58;54;0
10-29-2009 11:59;0;0
10-29-2009 12:00;0;0
10-29-2009 12:01;0;0
10-29-2009 12:02;12;0
10-29-2009 12:03;76;0
10-29-2009 12:04;0;0
10-29-2009 12:05;121;0
10-29-2009 12:06;0;0
10-29-2009 12:07;0;0
10-29-2009 12:08;0;0
10-29-2009 12:09;0;0
10-29-2009 12:10;0;0
10-29-2009 12:11;0;0
10-29-2009 12:12;0;0
10-29-2009 12:13;0;0
10-29-2009 12:14;0;0
10-29-2009 12:15;0;0
10-29-2009 12:16;0;0
10-29-2009 12:17;0;0
10-29-2009 12:18;0;0
10-29-2009 12:19;0;0
10-29-2009 12:20;0;0
10-29-2009 12:21;0;0
10-29-2009 12:22;0;0
10-29-2009 12:23;0;0
10-29-2009 12:24;0;0
10-29-2009 12:25;0;0
10-29-2009 12:26;0;0
10-29-2009 12:27;0;0
10-29-2009 12:28;0;0
10-29-2009 12:29;0;0
10-29-2009 12:30;0;0
10-29-2009 12:31;0;0
10-29-2009 12:32;0;0
10-29-2009 12:33;0;0
10-29-2009 12:34;0;0
10-29-2009 12:35;0;0
10-29-2009 12:36;0;0
10-29-2009 12:37;0;0
10-29-2009 12:38;0;0
10-29-2009 12:39;0;0
10-29-2009 12:40;0;0
10-29-2009 12:41;0;0
10-29-2009 12:42;195;0
10-29-2009 12:43;0;0
10-29-2009 12:44;0;0
10-29-2009 12:45;0;0
10-29-2009 12:46;0;0
10-29-2009 12:47;0;0
10-29-2009 12:48;0;0
10-29-2009 12:49;0;0
10-29-2009 12:50;0;0
10-29-2009 12:51;97;0
10-29-2009 12:52;0;0
10-29-2009 12:53;0;0
10-29-2009 12:54;0;0
10-29-2009 12:55;0;0
10-29-2009 12:56;0;0
10-29-2009 12:57;0;0
10-29-2009 12:58;0;0
10-29-2009 12:59;5;0
10-29-2009 13:00;0;0
10-29-2009 13:01;0;0
10-29-2009 13:02;0;0
10-29-2009 13:03;0;0
10-29-2009 13:04;0;0
10-29-2009 13:05;0;0
10-29-2009 13:06;0;0
10-29-2009 13:07;0;0
10-29-2009 13:08;0;0
10-29-2009 13:09;0;0
10-29-2009 13:10;0;0
10-29-2009 13:11;0;0
10-29-2009 13:12;0;0
10-29-2009 13:13;0;0
10-29-2009 13:14;0;0
10-29-2009 13:15;0;0
10-29-2009 13:16;0;0
10-29-2009 13:17;0;0
10-29-2009 13:18;0;0
10-29-2009 13:19;100;0
10-29-2009 13:20;66;0
10-29-2009 13:21;14;0
10-29-2009 13:22;336;0
10-29-2009 13:23;567;0
10-29-2009 13:24;438;0
10-29-2009 13:25;889;1
10-29-2009 13:26;948;1
10-29-2009 13:27;733;1
10-29-2009 13:28;1010;1
10-29-2009 13:29;624;0
10-29-2009 13:30;266;0
10-29-2009 13:31;223;0
10-29-2009 13:32;223;0
10-29-2009 13:33;948;1
10-29-2009 13:34;16;0
10-29-2009 13:35;3;0
10-29-2009 13:36;59;0
10-29-2009 13:37;0;0
10-29-2009 13:38;163;0
10-29-2009 13:39;240;0
10-29-2009 13:40;223;0
10-29-2009 13:41;195;0
10-29-2009 13:42;284;0
10-29-2009 13:43;304;0
10-29-2009 13:44;19;0
10-29-2009 13:45;0;0
10-29-2009 13:46;0;0
10-29-2009 13:47;35;0
10-29-2009 13:48;0;0
10-29-2009 13:49;0;0
10-29-2009 13:50;0;0
10-29-2009 13:51;0;0
10-29-2009 13:52;26;0
10-29-2009 13:53;33;0
10-29-2009 13:54;50;0
10-29-2009 13:55;21;0
10-29-2009 13:56;35;0
10-29-2009 13:57;3;0
10-29-2009 13:58;36;0
10-29-2009 13:59;24;0
10-29-2009 14:00;42;0
10-29-2009 14:01;31;0
10-29-2009 14:02;16;0
10-29-2009 14:03;86;0
10-29-2009 14:04;35;0
10-29-2009 14:05;24;0
10-29-2009 14:06;515;0
10-29-2009 14:07;808;1
10-29-2009 14:08;533;0
10-29-2009 14:09;372;0
10-29-2009 14:10;315;0
10-29-2009 14:11;533;0
10-29-2009 14:12;605;0
10-29-2009 14:13;360;0
10-29-2009 14:14;688;1
10-29-2009 14:15;304;0
10-29-2009 14:16;782;1
10-29-2009 14:17;1475;1
10-29-2009 14:18;533;0
10-29-2009 14:19;666;1
10-29-2009 14:20;410;0
10-29-2009 14:21;605;0
10-29-2009 14:22;483;0
10-29-2009 14:23;605;0
10-29-2009 14:24;19;0
10-29-2009 14:25;0;0
10-29-2009 14:26;0;0
10-29-2009 14:27;0;0
10-29-2009 14:28;0;0
10-29-2009 14:29;0;0
10-29-2009 14:30;0;0
10-29-2009 14:31;0;0
10-29-2009 14:32;0;0
10-29-2009 14:33;50;0
10-29-2009 14:34;467;0
10-29-2009 14:35;147;0
10-29-2009 14:36;240;0
10-29-2009 14:37;266;0
10-29-2009 14:38;240;0
10-29-2009 14:39;498;0
10-29-2009 14:40;304;0
10-29-2009 14:41;384;0
10-29-2009 14:42;240;0
10-29-2009 14:43;100;0
10-29-2009 14:44;284;0
10-29-2009 14:45;104;0
10-29-2009 14:46;325;0
10-29-2009 14:47;372;0
10-29-2009 14:48;498;0
10-29-2009 14:49;232;0
10-29-2009 14:50;315;0
10-29-2009 14:51;28;0
10-29-2009 14:52;438;0
10-29-2009 14:53;304;0
10-29-2009 14:54;93;0
10-29-2009 14:55;33;0
10-29-2009 14:56;0;0
10-29-2009 14:57;284;0
10-29-2009 14:58;137;0
10-29-2009 14:59;315;0
10-29-2009 15:00;55;0
10-29-2009 15:01;216;0
10-29-2009 15:02;80;0
10-29-2009 15:03;142;0
10-29-2009 15:04;372;0
10-29-2009 15:05;93;0
10-29-2009 15:06;182;0
10-29-2009 15:07;175;0
10-29-2009 15:08;147;0
10-29-2009 15:09;168;0
10-29-2009 15:10;9;0
10-29-2009 15:11;152;0
10-29-2009 15:12;315;0
10-29-2009 15:13;0;0
10-29-2009 15:14;83;0
10-29-2009 15:15;147;0
10-29-2009 15:16;202;0
10-29-2009 15:17;10;0
10-29-2009 15:18;40;0
10-29-2009 15:19;396;0
10-29-2009 15:20;645;1
10-29-2009 15:21;666;1
10-29-2009 15:22;733;1
10-29-2009 15:23;861;1
10-29-2009 15:24;688;1
10-29-2009 15:25;605;0
10-29-2009 15:26;451;0
10-29-2009 15:27;605;0
10-29-2009 15:28;360;0
10-29-2009 15:29;498;0
10-29-2009 15:30;396;0
10-29-2009 15:31;195;0
10-29-2009 15:32;66;0
10-29-2009 15:33;0;0
10-29-2009 15:34;483;0
10-29-2009 15:35;533;0
10-29-2009 15:36;29;0
10-29-2009 15:37;35;0
10-29-2009 15:38;0;0
10-29-2009 15:39;93;0
10-29-2009 15:40;21;0
10-29-2009 15:41;0;0
10-29-2009 15:42;28;0
10-29-2009 15:43;62;0
10-29-2009 15:44;40;0
10-29-2009 15:45;76;0
10-29-2009 15:46;121;0
10-29-2009 15:47;10;0
10-29-2009 15:48;137;0
10-29-2009 15:49;7;0
10-29-2009 15:50;0;0
10-29-2009 15:51;360;0
10-29-2009 15:52;467;0
10-29-2009 15:53;266;0
10-29-2009 15:54;384;0
10-29-2009 15:55;586;0
10-29-2009 15:56;498;0
10-29-2009 15:57;0;0
10-29-2009 15:58;0;0
10-29-2009 15:59;33;0
10-29-2009 16:00;0;0
10-29-2009 16:01;0;0
10-29-2009 16:02;142;0
10-29-2009 16:03;0;0
10-29-2009 16:04;0;0
10-29-2009 16:05;47;0
10-29-2009 16:06;0;0
10-29-2009 16:07;0;0
10-29-2009 16:08;59;0
10-29-2009 16:09;0;0
10-29-2009 16:10;0;0
10-29-2009 16:11;0;0
10-29-2009 16:12;0;0
10-29-2009 16:13;0;0
10-29-2009 16:14;0;0
10-29-2009 16:15;0;0
10-29-2009 16:16;0;0
10-29-2009 16:17;0;0
10-29-2009 16:18;0;0
10-29-2009 16:19;0;0
10-29-2009 16:20;0;0
10-29-2009 16:21;0;0
10-29-2009 16:22;0;0
10-29-2009 16:23;0;0
10-29-2009 16:24;0;0
10-29-2009 16:25;0;0
10-29-2009 16:26;0;0
10-29-2009 16:27;31;0
10-29-2009 16:28;0;0
10-29-2009 16:29;0;0
10-29-2009 16:30;0;0
10-29-2009 16:31;0;0
10-29-2009 16:32;0;0
10-29-2009 16:33;0;0
10-29-2009 16:34;0;0
10-29-2009 16:35;0;0
10-29-2009 16:36;0;0
10-29-2009 16:37;0;0
10-29-2009 16:38;0;0
10-29-2009 16:39;3;0
10-29-2009 16:40;0;0
10-29-2009 16:41;0;0
10-29-2009 16:42;0;0
10-29-2009 16:43;0;0
10-29-2009 16:44;17;0
10-29-2009 16:45;0;0
10-29-2009 16:46;0;0
10-29-2009 16:47;59;0
10-29-2009 16:48;33;0
10-29-2009 16:49;66;0
10-29-2009 16:50;216;0
10-29-2009 16:51;26;0
10-29-2009 16:52;0;0
10-29-2009 16:53;0;0
10-29-2009 16:54;26;0
10-29-2009 16:55;0;0
10-29-2009 16:56;14;0
10-29-2009 16:57;59;0
10-29-2009 16:58;33;0
10-29-2009 16:59;0;0
10-29-2009 17:00;0;0
10-29-2009 17:01;209;0
10-29-2009 17:02;0;0
10-29-2009 17:03;29;0
10-29-2009 17:04;73;0
10-29-2009 17:05;50;0
10-29-2009 17:06;62;0
10-29-2009 17:07;209;0
10-29-2009 17:08;304;0
10-29-2009 17:09;605;0
10-29-2009 17:10;979;1
10-29-2009 17:11;808;1
10-29-2009 17:12;209;0
10-29-2009 17:13;336;0
10-29-2009 17:14;451;0
10-29-2009 17:15;1839;1
10-29-2009 17:16;586;0
10-29-2009 17:17;336;0
10-29-2009 17:18;711;1
10-29-2009 17:19;202;0
10-29-2009 17:20;948;1
10-29-2009 17:21;666;1
10-29-2009 17:22;175;0
10-29-2009 17:23;7;0
10-29-2009 17:24;29;0
10-29-2009 17:25;14;0
10-29-2009 17:26;0;0
10-29-2009 17:27;0;0
10-29-2009 17:28;17;0
10-29-2009 17:29;0;0
10-29-2009 17:30;35;0
10-29-2009 17:31;0;0
10-29-2009 17:32;0;0
10-29-2009 17:33;0;0
10-29-2009 17:34;33;0
10-29-2009 17:35;550;0
10-29-2009 17:36;586;0
10-29-2009 17:37;438;0
10-29-2009 17:38;645;1
10-29-2009 17:39;533;0
10-29-2009 17:40;918;1
10-29-2009 17:41;758;1
10-29-2009 17:42;438;0
10-29-2009 17:43;216;0
10-29-2009 17:44;294;0
10-29-2009 17:45;249;0
10-29-2009 17:46;86;0
10-29-2009 17:47;142;0
10-29-2009 17:48;223;0
10-29-2009 17:49;83;0
10-29-2009 17:50;157;0
10-29-2009 17:51;90;0
10-29-2009 17:52;76;0
10-29-2009 17:53;62;0
10-29-2009 17:54;47;0
10-29-2009 17:55;0;0
10-29-2009 17:56;48;0
10-29-2009 17:57;175;0
10-29-2009 17:58;249;0
10-29-2009 17:59;424;0
10-29-2009 18:00;586;0
10-29-2009 18:01;515;0
10-29-2009 18:02;266;0
10-29-2009 18:03;168;0
10-29-2009 18:04;223;0
10-29-2009 18:05;202;0
10-29-2009 18:06;533;0
10-29-2009 18:07;515;0
10-29-2009 18:08;66;0
10-29-2009 18:09;42;0
10-29-2009 18:10;76;0
10-29-2009 18:11;26;0
10-29-2009 18:12;80;0
10-29-2009 18:13;69;0
10-29-2009 18:14;10;0
10-29-2009 18:15;31;0
10-29-2009 18:16;16;0
10-29-2009 18:17;43;0
10-29-2009 18:18;137;0
10-29-2009 18:19;31;0
10-29-2009 18:20;52;0
10-29-2009 18:21;372;0
10-29-2009 18:22;424;0
10-29-2009 18:23;451;0
10-29-2009 18:24;711;1
10-29-2009 18:25;1147;1
10-29-2009 18:26;1076;1
10-29-2009 18:27;711;1
10-29-2009 18:28;624;0
10-29-2009 18:29;202;0
10-29-2009 18:30;189;0
10-29-2009 18:31;97;0
10-29-2009 18:32;147;0
10-29-2009 18:33;111;0
10-29-2009 18:34;73;0
10-29-2009 18:35;66;0
10-29-2009 18:36;40;0
10-29-2009 18:37;294;0
10-29-2009 18:38;137;0
10-29-2009 18:39;348;0
10-29-2009 18:40;258;0
10-29-2009 18:41;142;0
10-29-2009 18:42;182;0
10-29-2009 18:43;175;0
10-29-2009 18:44;266;0
10-29-2009 18:45;711;1
10-29-2009 18:46;948;1
10-29-2009 18:47;1301;1
10-29-2009 18:48;1386;1
10-29-2009 18:49;396;0
10-29-2009 18:50;688;1
10-29-2009 18:51;711;1
10-29-2009 18:52;666;1
10-29-2009 18:53;1010;1
10-29-2009 18:54;711;1
10-29-2009 18:55;451;0
10-29-2009 18:56;451;0
10-29-2009 18:57;711;1
10-29-2009 18:58;550;0
10-29-2009 18:59;182;0
10-29-2009 19:00;438;0
10-29-2009 19:01;43;0
10-29-2009 19:02;424;0
10-29-2009 19:03;266;0
10-29-2009 19:04;451;0
10-29-2009 19:05;0;0
10-29-2009 19:06;121;0
10-29-2009 19:07;189;0
10-29-2009 19:08;410;0
10-29-2009 19:09;1010;1
10-29-2009 19:10;284;0
10-29-2009 19:11;157;0
10-29-2009 19:12;360;0
10-29-2009 19:13;3;0
10-29-2009 19:14;195;0
10-29-2009 19:15;483;0
10-29-2009 19:16;258;0
10-29-2009 19:17;451;0
10-29-2009 19:18;645;1
10-29-2009 19:19;889;1
10-29-2009 19:20;567;0
10-29-2009 19:21;948;1
10-29-2009 19:22;782;1
10-29-2009 19:23;889;1
10-29-2009 19:24;605;0
10-29-2009 19:25;266;0
10-29-2009 19:26;45;0
10-29-2009 19:27;0;0
10-29-2009 19:28;10;0
10-29-2009 19:29;33;0
10-29-2009 19:30;0;0
10-29-2009 19:31;16;0
10-29-2009 19:32;28;0
10-29-2009 19:33;26;0
10-29-2009 19:34;16;0
10-29-2009 19:35;19;0
10-29-2009 19:36;14;0
10-29-2009 19:37;9;0
10-29-2009 19:38;14;0
10-29-2009 19:39;3;0
10-29-2009 19:40;16;0
10-29-2009 19:41;16;0
10-29-2009 19:42;47;0
10-29-2009 19:43;16;0
10-29-2009 19:44;3;0
10-29-2009 19:45;10;0
10-29-2009 19:46;17;0
10-29-2009 19:47;31;0
10-29-2009 19:48;38;0
10-29-2009 19:49;0;0
10-29-2009 19:50;3;0
10-29-2009 19:51;0;0
10-29-2009 19:52;21;0
10-29-2009 19:53;33;0
10-29-2009 19:54;21;0
10-29-2009 19:55;31;0
10-29-2009 19:56;19;0
10-29-2009 19:57;66;0
10-29-2009 19:58;29;0
10-29-2009 19:59;9;0
10-29-2009 20:00;36;0
10-29-2009 20:01;35;0
10-29-2009 20:02;315;0
10-29-2009 20:03;22;0
10-29-2009 20:04;9;0
10-29-2009 20:05;0;0
10-29-2009 20:06;10;0
10-29-2009 20:07;9;0
10-29-2009 20:08;14;0
10-29-2009 20:09;12;0
10-29-2009 20:10;35;0
10-29-2009 20:11;24;0
10-29-2009 20:12;0;0
10-29-2009 20:13;0;0
10-29-2009 20:14;0;0
10-29-2009 20:15;0;0
10-29-2009 20:16;14;0
10-29-2009 20:17;14;0
10-29-2009 20:18;31;0
10-29-2009 20:19;14;0
10-29-2009 20:20;31;0
10-29-2009 20:21;17;0
10-29-2009 20:22;10;0
10-29-2009 20:23;40;0
10-29-2009 20:24;0;0
10-29-2009 20:25;0;0
10-29-2009 20:26;0;0
10-29-2009 20:27;0;0
10-29-2009 20:28;9;0
10-29-2009 20:29;16;0
10-29-2009 20:30;43;0
10-29-2009 20:31;19;0
10-29-2009 20:32;0;0
10-29-2009 20:33;372;0
10-29-2009 20:34;59;0
10-29-2009 20:35;336;0
10-29-2009 20:36;396;0
10-29-2009 20:37;249;0
10-29-2009 20:38;384;0
10-29-2009 20:39;483;0
10-29-2009 20:40;182;0
10-29-2009 20:41;0;0
10-29-2009 20:42;33;0
10-29-2009 20:43;5;0
10-29-2009 20:44;5;0
10-29-2009 20:45;9;0
10-29-2009 20:46;12;0
10-29-2009 20:47;0;0
10-29-2009 20:48;182;0
10-29-2009 20:49;384;0
10-29-2009 20:50;0;0
10-29-2009 20:51;66;0
10-29-2009 20:52;42;0
10-29-2009 20:53;69;0
10-29-2009 20:54;12;0
10-29-2009 20:55;19;0
10-29-2009 20:56;0;0
10-29-2009 20:57;86;0
10-29-2009 20:58;52;0
10-29-2009 20:59;52;0
10-29-2009 21:00;40;0
10-29-2009 21:01;24;0
10-29-2009 21:02;86;0
10-29-2009 21:03;0;0
10-29-2009 21:04;258;0
10-29-2009 21:05;304;0
10-29-2009 21:06;9;0
10-29-2009 21:07;0;0
10-29-2009 21:08;0;0
10-29-2009 21:09;0;0
10-29-2009 21:10;249;0
10-29-2009 21:11;121;0
10-29-2009 21:12;195;0
10-29-2009 21:13;93;0
10-29-2009 21:14;131;0
10-29-2009 21:15;45;0
10-29-2009 21:16;66;0
10-29-2009 21:17;157;0
10-29-2009 21:18;294;0
10-29-2009 21:19;0;0
10-29-2009 21:20;0;0
10-29-2009 21:21;0;0
10-29-2009 21:22;0;0
10-29-2009 21:23;0;0
10-29-2009 21:24;0;0
10-29-2009 21:25;0;0
10-29-2009 21:26;0;0
10-29-2009 21:27;50;0
10-29-2009 21:28;0;0
10-29-2009 21:29;0;0
10-29-2009 21:30;0;0
10-29-2009 21:31;0;0
10-29-2009 21:32;0;0
10-29-2009 21:33;3;0
10-29-2009 21:34;0;0
10-29-2009 21:35;9;0
10-29-2009 21:36;0;0
10-29-2009 21:37;0;0
10-29-2009 21:38;19;0
10-29-2009 21:39;0;0
10-29-2009 21:40;0;0
10-29-2009 21:41;0;0
10-29-2009 21:42;33;0
10-29-2009 21:43;3;0
10-29-2009 21:44;137;0
10-29-2009 21:45;515;0
10-29-2009 21:46;396;0
10-29-2009 21:47;758;1
10-29-2009 21:48;586;0
10-29-2009 21:49;688;1
10-29-2009 21:50;451;0
10-29-2009 21:51;258;0
10-29-2009 21:52;294;0
10-29-2009 21:53;834;1
10-29-2009 21:54;550;0
10-29-2009 21:55;384;0
10-29-2009 21:56;93;0
10-29-2009 21:57;223;0
10-29-2009 21:58;168;0
10-29-2009 21:59;325;0
10-29-2009 22:00;808;1
10-29-2009 22:01;116;0
10-29-2009 22:02;0;0
10-29-2009 22:03;0;0
10-29-2009 22:04;0;0
10-29-2009 22:05;47;0
10-29-2009 22:06;0;0
10-29-2009 22:07;12;0
10-29-2009 22:08;0;0
10-29-2009 22:09;0;0
10-29-2009 22:10;0;0
10-29-2009 22:11;121;0
10-29-2009 22:12;126;0
10-29-2009 22:13;168;0
10-29-2009 22:14;157;0
10-29-2009 22:15;216;0
10-29-2009 22:16;93;0
10-29-2009 22:17;209;0
10-29-2009 22:18;1076;1
10-29-2009 22:19;1076;1
10-29-2009 22:20;586;0
10-29-2009 22:21;325;0
10-29-2009 22:22;325;0
10-29-2009 22:23;26;0
10-29-2009 22:24;0;0
10-29-2009 22:25;3;0
10-29-2009 22:26;0;0
10-29-2009 22:27;3;0
10-29-2009 22:28;0;0
10-29-2009 22:29;0;0
10-29-2009 22:30;0;0
10-29-2009 22:31;0;0
10-29-2009 22:32;0;0
10-29-2009 22:33;0;0
10-29-2009 22:34;0;0
10-29-2009 22:35;0;0
10-29-2009 22:36;0;0
10-29-2009 22:37;0;0
10-29-2009 22:38;111;0
10-29-2009 22:39;97;0
10-29-2009 22:40;0;0
10-29-2009 22:41;0;0
10-29-2009 22:42;0;0
10-29-2009 22:43;163;0
10-29-2009 22:44;111;0
10-29-2009 22:45;0;0
10-29-2009 22:46;0;0
10-29-2009 22:47;0;0
10-29-2009 22:48;0;0
10-29-2009 22:49;0;0
10-29-2009 22:50;21;0
10-29-2009 22:51;0;0
10-29-2009 22:52;0;0
10-29-2009 22:53;0;0
10-29-2009 22:54;0;0
10-29-2009 22:55;0;0
10-29-2009 22:56;0;0
10-29-2009 22:57;0;0
10-29-2009 22:58;0;0
10-29-2009 22:59;0;0
10-29-2009 23:00;0;0
10-29-2009 23:01;0;0
10-29-2009 23:02;0;0
10-29-2009 23:03;0;0
10-29-2009 23:04;0;0
10-29-2009 23:05;55;0
10-29-2009 23:06;0;0
10-29-2009 23:07;0;0
10-29-2009 23:08;0;0
10-29-2009 23:09;0;0
10-29-2009 23:10;0;0
10-29-2009 23:11;0;0
10-29-2009 23:12;0;0
10-29-2009 23:13;0;0
10-29-2009 23:14;0;0
10-29-2009 23:15;0;0
10-29-2009 23:16;0;0
10-29-2009 23:17;0;0
10-29-2009 23:18;0;0
10-29-2009 23:19;0;0
10-29-2009 23:20;0;0
10-29-2009 23:21;0;0
10-29-2009 23:22;0;0
10-29-2009 23:23;0;0
10-29-2009 23:24;0;0
10-29-2009 23:25;0;0
10-29-2009 23:26;0;0
10-29-2009 23:27;0;0
10-29-2009 23:28;0;0
10-29-2009 23:29;0;0
10-29-2009 23:30;0;0
10-29-2009 23:31;0;0
10-29-2009 23:32;0;0
10-29-2009 23:33;0;0
10-29-2009 23:34;0;0
10-29-2009 23:35;195;0
10-29-2009 23:36;0;0
10-29-2009 23:37;0;0
10-29-2009 23:38;0;0
10-29-2009 23:39;0;0
10-29-2009 23:40;0;0
10-29-2009 23:41;0;0
10-29-2009 23:42;0;0
10-29-2009 23:43;0;0
10-29-2009 23:44;0;0
10-29-2009 23:45;0;0
10-29-2009 23:46;0;0
10-29-2009 23:47;0;0
10-29-2009 23:48;26;0
10-29-2009 23:49;0;0
10-29-2009 23:50;0;0
10-29-2009 23:51;0;0
10-29-2009 23:52;0;0
10-29-2009 23:53;131;0
10-29-2009 23:54;0;0
10-29-2009 23:55;0;0
10-29-2009 23:56;0;0
10-29-2009 23:57;0;0
10-29-2009 23:58;0;0
10-29-2009 23:59;0;0
10-30-2009 00:00;0;0
10-30-2009 00:01;157;0
10-30-2009 00:02;0;0
10-30-2009 00:03;0;0
10-30-2009 00:04;0;0
10-30-2009 00:05;0;0
10-30-2009 00:06;0;0
10-30-2009 00:07;0;0
10-30-2009 00:08;66;0
10-30-2009 00:09;0;0
10-30-2009 00:10;0;0
10-30-2009 00:11;12;0
10-30-2009 00:12;0;0
10-30-2009 00:13;0;0
10-30-2009 00:14;0;0
10-30-2009 00:15;0;0
10-30-2009 00:16;0;0
10-30-2009 00:17;0;0
10-30-2009 00:18;0;0
10-30-2009 00:19;0;0
10-30-2009 00:20;0;0
10-30-2009 00:21;0;0
10-30-2009 00:22;80;0
10-30-2009 00:23;100;0
10-30-2009 00:24;0;0
10-30-2009 00:25;0;0
10-30-2009 00:26;0;0
10-30-2009 00:27;35;0
10-30-2009 00:28;0;0
10-30-2009 00:29;0;0
10-30-2009 00:30;76;0
10-30-2009 00:31;0;0
10-30-2009 00:32;0;0
10-30-2009 00:33;0;0
10-30-2009 00:34;0;0
10-30-2009 00:35;0;0
10-30-2009 00:36;0;0
10-30-2009 00:37;209;0
10-30-2009 00:38;0;0
10-30-2009 00:39;0;0
10-30-2009 00:40;0;0
10-30-2009 00:41;0;0
10-30-2009 00:42;0;0
10-30-2009 00:43;0;0
10-30-2009 00:44;0;0
10-30-2009 00:45;168;0
10-30-2009 00:46;0;0
10-30-2009 00:47;0;0
10-30-2009 00:48;0;0
10-30-2009 00:49;0;0
10-30-2009 00:50;0;0
10-30-2009 00:51;0;0
10-30-2009 00:52;0;0
10-30-2009 00:53;0;0
10-30-2009 00:54;0;0
10-30-2009 00:55;0;0
10-30-2009 00:56;0;0
10-30-2009 00:57;0;0
10-30-2009 00:58;240;0
10-30-2009 00:59;0;0
10-30-2009 01:00;0;0
10-30-2009 01:01;0;0
10-30-2009 01:02;0;0
10-30-2009 01:03;0;0
10-30-2009 01:04;0;0
10-30-2009 01:05;0;0
10-30-2009 01:06;0;0
10-30-2009 01:07;0;0
10-30-2009 01:08;0;0
10-30-2009 01:09;0;0
10-30-2009 01:10;0;0
10-30-2009 01:11;43;0
10-30-2009 01:12;0;0
10-30-2009 01:13;0;0
10-30-2009 01:14;0;0
10-30-2009 01:15;0;0
10-30-2009 01:16;0;0
10-30-2009 01:17;36;0
10-30-2009 01:18;0;0
10-30-2009 01:19;0;0
10-30-2009 01:20;0;0
10-30-2009 01:21;0;0
10-30-2009 01:22;0;0
10-30-2009 01:23;0;0
10-30-2009 01:24;0;0
10-30-2009 01:25;0;0
10-30-2009 01:26;0;0
10-30-2009 01:27;80;0
10-30-2009 01:28;0;0
10-30-2009 01:29;0;0
10-30-2009 01:30;0;0
10-30-2009 01:31;0;0
10-30-2009 01:32;86;0
10-30-2009 01:33;0;0
10-30-2009 01:34;0;0
10-30-2009 01:35;0;0
10-30-2009 01:36;66;0
10-30-2009 01:37;0;0
10-30-2009 01:38;0;0
10-30-2009 01:39;0;0
10-30-2009 01:40;0;0
10-30-2009 01:41;0;0
10-30-2009 01:42;0;0
10-30-2009 01:43;0;0
10-30-2009 01:44;0;0
10-30-2009 01:45;0;0
10-30-2009 01:46;0;0
10-30-2009 01:47;0;0
10-30-2009 01:48;0;0
10-30-2009 01:49;142;0
10-30-2009 01:50;0;0
10-30-2009 01:51;0;0
10-30-2009 01:52;0;0
10-30-2009 01:53;0;0
10-30-2009 01:54;0;0
10-30-2009 01:55;0;0
10-30-2009 01:56;0;0
10-30-2009 01:57;0;0
10-30-2009 01:58;0;0
10-30-2009 01:59;0;0
10-30-2009 02:00;0;0
10-30-2009 02:01;0;0
10-30-2009 02:02;0;0
10-30-2009 02:03;0;0
10-30-2009 02:04;0;0
10-30-2009 02:05;0;0
10-30-2009 02:06;0;0
10-30-2009 02:07;0;0
10-30-2009 02:08;0;0
10-30-2009 02:09;0;0
10-30-2009 02:10;0;0
10-30-2009 02:11;50;0
10-30-2009 02:12;0;0
10-30-2009 02:13;3;0
10-30-2009 02:14;0;0
10-30-2009 02:15;62;0
10-30-2009 02:16;0;0
10-30-2009 02:17;0;0
10-30-2009 02:18;0;0
10-30-2009 02:19;0;0
10-30-2009 02:20;0;0
10-30-2009 02:21;0;0
10-30-2009 02:22;0;0
10-30-2009 02:23;0;0
10-30-2009 02:24;0;0
10-30-2009 02:25;0;0
10-30-2009 02:26;97;0
10-30-2009 02:27;0;0
10-30-2009 02:28;0;0
10-30-2009 02:29;182;0
10-30-2009 02:30;232;0
10-30-2009 02:31;232;0
10-30-2009 02:32;175;0
10-30-2009 02:33;131;0
10-30-2009 02:34;40;0
10-30-2009 02:35;336;0
10-30-2009 02:36;35;0
10-30-2009 02:37;28;0
10-30-2009 02:38;0;0
10-30-2009 02:39;0;0
10-30-2009 02:40;0;0
10-30-2009 02:41;59;0
10-30-2009 02:42;0;0
10-30-2009 02:43;0;0
10-30-2009 02:44;0;0
10-30-2009 02:45;0;0
10-30-2009 02:46;0;0
10-30-2009 02:47;0;0
10-30-2009 02:48;0;0
10-30-2009 02:49;0;0
10-30-2009 02:50;0;0
10-30-2009 02:51;0;0
10-30-2009 02:52;0;0
10-30-2009 02:53;0;0
10-30-2009 02:54;0;0
10-30-2009 02:55;0;0
10-30-2009 02:56;0;0
10-30-2009 02:57;0;0
10-30-2009 02:58;0;0
10-30-2009 02:59;0;0
10-30-2009 03:00;0;0
10-30-2009 03:01;0;0
10-30-2009 03:02;0;0
10-30-2009 03:03;0;0
10-30-2009 03:04;0;0
10-30-2009 03:05;0;0
10-30-2009 03:06;0;0
10-30-2009 03:07;0;0
10-30-2009 03:08;0;0
10-30-2009 03:09;0;0
10-30-2009 03:10;0;0
10-30-2009 03:11;0;0
10-30-2009 03:12;21;0
10-30-2009 03:13;0;0
10-30-2009 03:14;0;0
10-30-2009 03:15;48;0
10-30-2009 03:16;0;0
10-30-2009 03:17;7;0
10-30-2009 03:18;0;0
10-30-2009 03:19;0;0
10-30-2009 03:20;0;0
10-30-2009 03:21;111;0
10-30-2009 03:22;0;0
10-30-2009 03:23;0;0
10-30-2009 03:24;0;0
10-30-2009 03:25;0;0
10-30-2009 03:26;0;0
10-30-2009 03:27;0;0
10-30-2009 03:28;0;0
10-30-2009 03:29;116;0
10-30-2009 03:30;0;0
10-30-2009 03:31;0;0
10-30-2009 03:32;0;0
10-30-2009 03:33;0;0
10-30-2009 03:34;0;0
10-30-2009 03:35;0;0
10-30-2009 03:36;0;0
10-30-2009 03:37;0;0
10-30-2009 03:38;0;0
10-30-2009 03:39;0;0
10-30-2009 03:40;0;0
10-30-2009 03:41;0;0
10-30-2009 03:42;0;0
10-30-2009 03:43;0;0
10-30-2009 03:44;0;0
10-30-2009 03:45;0;0
10-30-2009 03:46;0;0
10-30-2009 03:47;0;0
10-30-2009 03:48;0;0
10-30-2009 03:49;0;0
10-30-2009 03:50;0;0
10-30-2009 03:51;0;0
10-30-2009 03:52;0;0
10-30-2009 03:53;0;0
10-30-2009 03:54;0;0
10-30-2009 03:55;0;0
10-30-2009 03:56;0;0
10-30-2009 03:57;0;0
10-30-2009 03:58;0;0
10-30-2009 03:59;0;0
10-30-2009 04:00;0;0
10-30-2009 04:01;0;0
10-30-2009 04:02;0;0
10-30-2009 04:03;0;0
10-30-2009 04:04;0;0
10-30-2009 04:05;0;0
10-30-2009 04:06;111;0
10-30-2009 04:07;0;0
10-30-2009 04:08;0;0
10-30-2009 04:09;0;0
10-30-2009 04:10;0;0
10-30-2009 04:11;0;0
10-30-2009 04:12;62;0
10-30-2009 04:13;0;0
10-30-2009 04:14;0;0
10-30-2009 04:15;0;0
10-30-2009 04:16;0;0
10-30-2009 04:17;0;0
10-30-2009 04:18;0;0
10-30-2009 04:19;137;0
10-30-2009 04:20;0;0
10-30-2009 04:21;0;0
10-30-2009 04:22;0;0
10-30-2009 04:23;0;0
10-30-2009 04:24;0;0
10-30-2009 04:25;0;0
10-30-2009 04:26;43;0
10-30-2009 04:27;0;0
10-30-2009 04:28;0;0
10-30-2009 04:29;14;0
10-30-2009 04:30;0;0
10-30-2009 04:31;21;0
10-30-2009 04:32;59;0
10-30-2009 04:33;9;0
10-30-2009 04:34;0;0
10-30-2009 04:35;9;0
10-30-2009 04:36;0;0
10-30-2009 04:37;126;0
10-30-2009 04:38;0;0
10-30-2009 04:39;0;0
10-30-2009 04:40;0;0
10-30-2009 04:41;36;0
10-30-2009 04:42;0;0
10-30-2009 04:43;0;0
10-30-2009 04:44;0;0
10-30-2009 04:45;0;0
10-30-2009 04:46;121;0
10-30-2009 04:47;0;0
10-30-2009 04:48;0;0
10-30-2009 04:49;59;0
10-30-2009 04:50;0;0
10-30-2009 04:51;0;0
10-30-2009 04:52;0;0
10-30-2009 04:53;116;0
10-30-2009 04:54;0;0
10-30-2009 04:55;0;0
10-30-2009 04:56;0;0
10-30-2009 04:57;0;0
10-30-2009 04:58;0;0
10-30-2009 04:59;126;0
10-30-2009 05:00;0;0
10-30-2009 05:01;0;0
10-30-2009 05:02;0;0
10-30-2009 05:03;249;0
10-30-2009 05:04;0;0
10-30-2009 05:05;0;0
10-30-2009 05:06;0;0
10-30-2009 05:07;0;0
10-30-2009 05:08;0;0
10-30-2009 05:09;0;0
10-30-2009 05:10;0;0
10-30-2009 05:11;0;0
10-30-2009 05:12;0;0
10-30-2009 05:13;0;0
10-30-2009 05:14;0;0
10-30-2009 05:15;0;0
10-30-2009 05:16;175;0
10-30-2009 05:17;0;0
10-30-2009 05:18;0;0
10-30-2009 05:19;66;0
10-30-2009 05:20;0;0
10-30-2009 05:21;0;0
10-30-2009 05:22;0;0
10-30-2009 05:23;55;0
10-30-2009 05:24;0;0
10-30-2009 05:25;0;0
10-30-2009 05:26;0;0
10-30-2009 05:27;0;0
10-30-2009 05:28;0;0
10-30-2009 05:29;0;0
10-30-2009 05:30;0;0
10-30-2009 05:31;0;0
10-30-2009 05:32;0;0
10-30-2009 05:33;0;0
10-30-2009 05:34;0;0
10-30-2009 05:35;0;0
10-30-2009 05:36;0;0
10-30-2009 05:37;12;0
10-30-2009 05:38;16;0
10-30-2009 05:39;0;0
10-30-2009 05:40;0;0
10-30-2009 05:41;0;0
10-30-2009 05:42;0;0
10-30-2009 05:43;76;0
10-30-2009 05:44;0;0
10-30-2009 05:45;0;0
10-30-2009 05:46;0;0
10-30-2009 05:47;0;0
10-30-2009 05:48;0;0
10-30-2009 05:49;0;0
10-30-2009 05:50;0;0
10-30-2009 05:51;0;0
10-30-2009 05:52;76;0
10-30-2009 05:53;0;0
10-30-2009 05:54;0;0
10-30-2009 05:55;5;0
10-30-2009 05:56;5;0
10-30-2009 05:57;0;0
10-30-2009 05:58;0;0
10-30-2009 05:59;0;0
10-30-2009 06:00;62;0
10-30-2009 06:01;0;0
10-30-2009 06:02;0;0
10-30-2009 06:03;0;0
10-30-2009 06:04;0;0
10-30-2009 06:05;3;0
10-30-2009 06:06;0;0
10-30-2009 06:07;100;0
10-30-2009 06:08;0;0
10-30-2009 06:09;0;0
10-30-2009 06:10;0;0
10-30-2009 06:11;0;0
10-30-2009 06:12;0;0
10-30-2009 06:13;0;0
10-30-2009 06:14;0;0
10-30-2009 06:15;0;0
10-30-2009 06:16;104;0
10-30-2009 06:17;0;0
10-30-2009 06:18;62;0
10-30-2009 06:19;9;0
10-30-2009 06:20;0;0
10-30-2009 06:21;0;0
10-30-2009 06:22;0;0
10-30-2009 06:23;0;0
10-30-2009 06:24;104;0
10-30-2009 06:25;0;0
10-30-2009 06:26;0;0
10-30-2009 06:27;0;0
10-30-2009 06:28;0;0
10-30-2009 06:29;0;0
10-30-2009 06:30;0;0
10-30-2009 06:31;0;0
10-30-2009 06:32;0;0
10-30-2009 06:33;0;0
10-30-2009 06:34;336;0
10-30-2009 06:35;0;0
10-30-2009 06:36;0;0
10-30-2009 06:37;0;0
10-30-2009 06:38;0;0
10-30-2009 06:39;0;0
10-30-2009 06:40;83;0
10-30-2009 06:41;0;0
10-30-2009 06:42;0;0
10-30-2009 06:43;0;0
10-30-2009 06:44;0;0
10-30-2009 06:45;0;0
10-30-2009 06:46;0;0
10-30-2009 06:47;0;0
10-30-2009 06:48;0;0
10-30-2009 06:49;0;0
10-30-2009 06:50;0;0
10-30-2009 06:51;0;0
10-30-2009 06:52;0;0
10-30-2009 06:53;0;0
10-30-2009 06:54;0;0
10-30-2009 06:55;0;0
10-30-2009 06:56;0;0
10-30-2009 06:57;0;0
10-30-2009 06:58;0;0
10-30-2009 06:59;0;0
10-30-2009 07:00;0;0
10-30-2009 07:01;0;0
10-30-2009 07:02;0;0
10-30-2009 07:03;0;0
10-30-2009 07:04;104;0
10-30-2009 07:05;348;0
10-30-2009 07:06;498;0
10-30-2009 07:07;258;0
10-30-2009 07:08;384;0
10-30-2009 07:09;384;0
10-30-2009 07:10;240;0
10-30-2009 07:11;733;1
10-30-2009 07:12;410;0
10-30-2009 07:13;605;0
10-30-2009 07:14;121;0
10-30-2009 07:15;209;0
10-30-2009 07:16;325;0
10-30-2009 07:17;550;0
10-30-2009 07:18;0;0
10-30-2009 07:19;0;0
10-30-2009 07:20;0;0
10-30-2009 07:21;0;0
10-30-2009 07:22;0;0
10-30-2009 07:23;0;0
10-30-2009 07:24;0;0
10-30-2009 07:25;0;0
10-30-2009 07:26;467;0
10-30-2009 07:27;1301;1
10-30-2009 07:28;1183;1
10-30-2009 07:29;1183;1
10-30-2009 07:30;645;1
10-30-2009 07:31;567;0
10-30-2009 07:32;605;0
10-30-2009 07:33;216;0
10-30-2009 07:34;360;0
10-30-2009 07:35;372;0
10-30-2009 07:36;384;0
10-30-2009 07:37;104;0
10-30-2009 07:38;0;0
10-30-2009 07:39;38;0
10-30-2009 07:40;9;0
10-30-2009 07:41;29;0
10-30-2009 07:42;10;0
10-30-2009 07:43;104;0
10-30-2009 07:44;157;0
10-30-2009 07:45;304;0
10-30-2009 07:46;348;0
10-30-2009 07:47;0;0
10-30-2009 07:48;152;0
10-30-2009 07:49;605;0
10-30-2009 07:50;240;0
10-30-2009 07:51;711;1
10-30-2009 07:52;438;0
10-30-2009 07:53;396;0
10-30-2009 07:54;550;0
10-30-2009 07:55;861;1
10-30-2009 07:56;711;1
10-30-2009 07:57;533;0
10-30-2009 07:58;315;0
10-30-2009 07:59;240;0
10-30-2009 08:00;240;0
10-30-2009 08:01;424;0
10-30-2009 08:02;666;1
10-30-2009 08:03;498;0
10-30-2009 08:04;645;1
10-30-2009 08:05;533;0
10-30-2009 08:06;142;0
10-30-2009 08:07;384;0
10-30-2009 08:08;861;1
10-30-2009 08:09;189;0
10-30-2009 08:10;223;0
10-30-2009 08:11;624;0
10-30-2009 08:12;284;0
10-30-2009 08:13;175;0
10-30-2009 08:14;189;0
10-30-2009 08:15;126;0
10-30-2009 08:16;22;0
10-30-2009 08:17;0;0
10-30-2009 08:18;31;0
10-30-2009 08:19;175;0
10-30-2009 08:20;315;0
10-30-2009 08:21;275;0
10-30-2009 08:22;688;1
10-30-2009 08:23;948;1
10-30-2009 08:24;195;0
10-30-2009 08:25;189;0
10-30-2009 08:26;66;0
10-30-2009 08:27;22;0
10-30-2009 08:28;76;0
10-30-2009 08:29;100;0
10-30-2009 08:30;216;0
10-30-2009 08:31;107;0
10-30-2009 08:32;137;0
10-30-2009 08:33;83;0
10-30-2009 08:34;131;0
10-30-2009 08:35;10;0
10-30-2009 08:36;80;0
10-30-2009 08:37;10;0
10-30-2009 08:38;0;0
10-30-2009 08:39;0;0
10-30-2009 08:40;0;0
10-30-2009 08:41;9;0
10-30-2009 08:42;0;0
10-30-2009 08:43;3;0
10-30-2009 08:44;0;0
10-30-2009 08:45;42;0
10-30-2009 08:46;348;0
10-30-2009 08:47;1076;1
10-30-2009 08:48;93;0
10-30-2009 08:49;24;0
10-30-2009 08:50;66;0
10-30-2009 08:51;12;0
10-30-2009 08:52;17;0
10-30-2009 08:53;55;0
10-30-2009 08:54;45;0
10-30-2009 08:55;258;0
10-30-2009 08:56;83;0
10-30-2009 08:57;14;0
10-30-2009 08:58;0;0
10-30-2009 08:59;26;0
10-30-2009 09:00;240;0
10-30-2009 09:01;142;0
10-30-2009 09:02;175;0
10-30-2009 09:03;40;0
10-30-2009 09:04;52;0
10-30-2009 09:05;50;0
10-30-2009 09:06;33;0
10-30-2009 09:07;33;0
10-30-2009 09:08;83;0
10-30-2009 09:09;249;0
10-30-2009 09:10;315;0
10-30-2009 09:11;294;0
10-30-2009 09:12;258;0
10-30-2009 09:13;111;0
10-30-2009 09:14;0;0
10-30-2009 09:15;59;0
10-30-2009 09:16;147;0
10-30-2009 09:17;624;0
10-30-2009 09:18;360;0
10-30-2009 09:19;451;0
10-30-2009 09:20;396;0
10-30-2009 09:21;131;0
10-30-2009 09:22;567;0
10-30-2009 09:23;66;0
10-30-2009 09:24;249;0
10-30-2009 09:25;80;0
10-30-2009 09:26;189;0
10-30-2009 09:27;121;0
10-30-2009 09:28;209;0
10-30-2009 09:29;232;0
10-30-2009 09:30;142;0
10-30-2009 09:31;59;0
10-30-2009 09:32;410;0
10-30-2009 09:33;384;0
10-30-2009 09:34;36;0
10-30-2009 09:35;0;0
10-30-2009 09:36;189;0
10-30-2009 09:37;83;0
10-30-2009 09:38;52;0
10-30-2009 09:39;3;0
10-30-2009 09:40;240;0
10-30-2009 09:41;157;0
10-30-2009 09:42;410;0
10-30-2009 09:43;147;0
10-30-2009 09:44;189;0
10-30-2009 09:45;284;0
10-30-2009 09:46;396;0
10-30-2009 09:47;284;0
10-30-2009 09:48;175;0
10-30-2009 09:49;0;0
10-30-2009 09:50;0;0
10-30-2009 09:51;17;0
10-30-2009 09:52;17;0
10-30-2009 09:53;83;0
10-30-2009 09:54;107;0
10-30-2009 09:55;59;0
10-30-2009 09:56;86;0
10-30-2009 09:57;232;0
10-30-2009 09:58;1261;1
10-30-2009 09:59;979;1
10-30-2009 10:00;76;0
10-30-2009 10:01;62;0
10-30-2009 10:02;54;0
10-30-2009 10:03;83;0
10-30-2009 10:04;29;0
10-30-2009 10:05;104;0
10-30-2009 10:06;10;0
10-30-2009 10:07;69;0
10-30-2009 10:08;1342;1
10-30-2009 10:09;666;1
10-30-2009 10:10;467;0
10-30-2009 10:11;645;1
10-30-2009 10:12;1076;1
10-30-2009 10:13;0;0
10-30-2009 10:14;0;0
10-30-2009 10:15;26;0
10-30-2009 10:16;35;0
10-30-2009 10:17;47;0
10-30-2009 10:18;14;0
10-30-2009 10:19;0;0
10-30-2009 10:20;16;0
10-30-2009 10:21;9;0
10-30-2009 10:22;121;0
10-30-2009 10:23;48;0
10-30-2009 10:24;40;0
10-30-2009 10:25;90;0
10-30-2009 10:26;55;0
10-30-2009 10:27;0;0
10-30-2009 10:28;0;0
10-30-2009 10:29;52;0
10-30-2009 10:30;223;0
10-30-2009 10:31;195;0
10-30-2009 10:32;168;0
10-30-2009 10:33;209;0
10-30-2009 10:34;216;0
10-30-2009 10:35;175;0
10-30-2009 10:36;567;0
10-30-2009 10:37;258;0
10-30-2009 10:38;202;0
10-30-2009 10:39;93;0
10-30-2009 10:40;59;0
10-30-2009 10:41;69;0
10-30-2009 10:42;325;0
10-30-2009 10:43;284;0
10-30-2009 10:44;100;0
10-30-2009 10:45;33;0
10-30-2009 10:46;126;0
10-30-2009 10:47;202;0
10-30-2009 10:48;14;0
10-30-2009 10:49;348;0
10-30-2009 10:50;216;0
10-30-2009 10:51;142;0
10-30-2009 10:52;325;0
10-30-2009 10:53;142;0
10-30-2009 10:54;168;0
10-30-2009 10:55;348;0
10-30-2009 10:56;66;0
10-30-2009 10:57;258;0
10-30-2009 10:58;304;0
10-30-2009 10:59;33;0
10-30-2009 11:00;157;0
10-30-2009 11:01;195;0
10-30-2009 11:02;24;0
10-30-2009 11:03;104;0
10-30-2009 11:04;17;0
10-30-2009 11:05;147;0
10-30-2009 11:06;19;0
10-30-2009 11:07;69;0
10-30-2009 11:08;216;0
10-30-2009 11:09;1342;1
10-30-2009 11:10;624;0
10-30-2009 11:11;467;0
10-30-2009 11:12;52;0
10-30-2009 11:13;73;0
10-30-2009 11:14;0;0
10-30-2009 11:15;152;0
10-30-2009 11:16;0;0
10-30-2009 11:17;0;0
10-30-2009 11:18;9;0
10-30-2009 11:19;9;0
10-30-2009 11:20;38;0
10-30-2009 11:21;258;0
10-30-2009 11:22;266;0
10-30-2009 11:23;515;0
10-30-2009 11:24;348;0
10-30-2009 11:25;384;0
10-30-2009 11:26;19;0
10-30-2009 11:27;50;0
10-30-2009 11:28;22;0
10-30-2009 11:29;0;0
10-30-2009 11:30;19;0
10-30-2009 11:31;38;0
10-30-2009 11:32;19;0
10-30-2009 11:33;3;0
10-30-2009 11:34;195;0
10-30-2009 11:35;83;0
10-30-2009 11:36;19;0
10-30-2009 11:37;12;0
10-30-2009 11:38;14;0
10-30-2009 11:39;40;0
10-30-2009 11:40;147;0
10-30-2009 11:41;45;0
10-30-2009 11:42;26;0
10-30-2009 11:43;42;0
10-30-2009 11:44;116;0
10-30-2009 11:45;209;0
10-30-2009 11:46;240;0
10-30-2009 11:47;55;0
10-30-2009 11:48;42;0
10-30-2009 11:49;0;0
10-30-2009 11:50;22;0
10-30-2009 11:51;733;1
10-30-2009 11:52;550;0
10-30-2009 11:53;80;0
10-30-2009 11:54;624;0
10-30-2009 11:55;424;0
10-30-2009 11:56;284;0
10-30-2009 11:57;163;0
10-30-2009 11:58;3;0
10-30-2009 11:59;126;0
10-30-2009 12:00;275;0
10-30-2009 12:01;59;0
10-30-2009 12:02;10;0
10-30-2009 12:03;889;1
10-30-2009 12:04;410;0
10-30-2009 12:05;111;0
10-30-2009 12:06;438;0
10-30-2009 12:07;1183;1
10-30-2009 12:08;325;0
10-30-2009 12:09;62;0
10-30-2009 12:10;73;0
10-30-2009 12:11;62;0
10-30-2009 12:12;10;0
10-30-2009 12:13;100;0
10-30-2009 12:14;175;0
10-30-2009 12:15;45;0
10-30-2009 12:16;10;0
10-30-2009 12:17;55;0
10-30-2009 12:18;758;1
10-30-2009 12:19;384;0
10-30-2009 12:20;5;0
10-30-2009 12:21;0;0
10-30-2009 12:22;0;0
10-30-2009 12:23;0;0
10-30-2009 12:24;0;0
10-30-2009 12:25;515;0
10-30-2009 12:26;202;0
10-30-2009 12:27;175;0
10-30-2009 12:28;83;0
10-30-2009 12:29;0;0
10-30-2009 12:30;73;0
10-30-2009 12:31;22;0
10-30-2009 12:32;66;0
10-30-2009 12:33;9;0
10-30-2009 12:34;3;0
10-30-2009 12:35;21;0
10-30-2009 12:36;0;0
10-30-2009 12:37;0;0
10-30-2009 12:38;142;0
10-30-2009 12:39;410;0
10-30-2009 12:40;336;0
10-30-2009 12:41;451;0
10-30-2009 12:42;137;0
10-30-2009 12:43;24;0
10-30-2009 12:44;294;0
10-30-2009 12:45;240;0
10-30-2009 12:46;195;0
10-30-2009 12:47;189;0
10-30-2009 12:48;0;0
10-30-2009 12:49;249;0
10-30-2009 12:50;35;0
10-30-2009 12:51;175;0
10-30-2009 12:52;36;0
10-30-2009 12:53;336;0
10-30-2009 12:54;168;0
10-30-2009 12:55;126;0
10-30-2009 12:56;1110;1
10-30-2009 12:57;1839;1
10-30-2009 12:58;17;0
10-30-2009 12:59;69;0
10-30-2009 13:00;0;0
10-30-2009 13:01;62;0
10-30-2009 13:02;0;0
10-30-2009 13:03;1261;1
10-30-2009 13:04;90;0
10-30-2009 13:05;14;0
10-30-2009 13:06;0;0
10-30-2009 13:07;5;0
10-30-2009 13:08;3;0
10-30-2009 13:09;90;0
10-30-2009 13:10;59;0
10-30-2009 13:11;47;0
10-30-2009 13:12;62;0
10-30-2009 13:13;42;0
10-30-2009 13:14;19;0
10-30-2009 13:15;90;0
10-30-2009 13:16;10;0
10-30-2009 13:17;69;0
10-30-2009 13:18;73;0
10-30-2009 13:19;33;0
10-30-2009 13:20;26;0
10-30-2009 13:21;0;0
10-30-2009 13:22;54;0
10-30-2009 13:23;163;0
10-30-2009 13:24;348;0
10-30-2009 13:25;372;0
10-30-2009 13:26;131;0
10-30-2009 13:27;284;0
10-30-2009 13:28;451;0
10-30-2009 13:29;90;0
10-30-2009 13:30;55;0
10-30-2009 13:31;157;0
10-30-2009 13:32;424;0
10-30-2009 13:33;336;0
10-30-2009 13:34;17;0
10-30-2009 13:35;97;0
10-30-2009 13:36;410;0
10-30-2009 13:37;758;1
10-30-2009 13:38;918;1
10-30-2009 13:39;498;0
10-30-2009 13:40;152;0
10-30-2009 13:41;567;0
10-30-2009 13:42;467;0
10-30-2009 13:43;360;0
10-30-2009 13:44;126;0
10-30-2009 13:45;325;0
10-30-2009 13:46;83;0
10-30-2009 13:47;0;0
10-30-2009 13:48;31;0
10-30-2009 13:49;14;0
10-30-2009 13:50;26;0
10-30-2009 13:51;168;0
10-30-2009 13:52;163;0
10-30-2009 13:53;83;0
10-30-2009 13:54;550;0
10-30-2009 13:55;1221;1
10-30-2009 13:56;808;1
10-30-2009 13:57;223;0
10-30-2009 13:58;0;0
10-30-2009 13:59;0;0
10-30-2009 14:00;0;0
10-30-2009 14:01;3;0
10-30-2009 14:02;3;0
10-30-2009 14:03;35;0
10-30-2009 14:04;157;0
10-30-2009 14:05;396;0
10-30-2009 14:06;360;0
10-30-2009 14:07;17;0
10-30-2009 14:08;0;0
10-30-2009 14:09;315;0
10-30-2009 14:10;175;0
10-30-2009 14:11;195;0
10-30-2009 14:12;1076;1
10-30-2009 14:13;451;0
10-30-2009 14:14;157;0
10-30-2009 14:15;33;0
10-30-2009 14:16;69;0
10-30-2009 14:17;483;0
10-30-2009 14:18;889;1
10-30-2009 14:19;586;0
10-30-2009 14:20;733;1
10-30-2009 14:21;550;0
10-30-2009 14:22;533;0
10-30-2009 14:23;360;0
10-30-2009 14:24;410;0
10-30-2009 14:25;348;0
10-30-2009 14:26;1010;1
10-30-2009 14:27;918;1
10-30-2009 14:28;782;1
10-30-2009 14:29;175;0
10-30-2009 14:30;66;0
10-30-2009 14:31;131;0
10-30-2009 14:32;223;0
10-30-2009 14:33;195;0
10-30-2009 14:34;733;1
10-30-2009 14:35;38;0
10-30-2009 14:36;249;0
10-30-2009 14:37;216;0
10-30-2009 14:38;195;0
10-30-2009 14:39;586;0
10-30-2009 14:40;861;1
10-30-2009 14:41;396;0
10-30-2009 14:42;131;0
10-30-2009 14:43;76;0
10-30-2009 14:44;195;0
10-30-2009 14:45;163;0
10-30-2009 14:46;315;0
10-30-2009 14:47;711;1
10-30-2009 14:48;889;1
10-30-2009 14:49;467;0
10-30-2009 14:50;979;1
10-30-2009 14:51;586;0
10-30-2009 14:52;733;1
10-30-2009 14:53;1110;1
10-30-2009 14:54;808;1
10-30-2009 14:55;315;0
10-30-2009 14:56;1147;1
10-30-2009 14:57;294;0
10-30-2009 14:58;232;0
10-30-2009 14:59;948;1
10-30-2009 15:00;586;0
10-30-2009 15:01;284;0
10-30-2009 15:02;498;0
10-30-2009 15:03;284;0
10-30-2009 15:04;0;0
10-30-2009 15:05;304;0
10-30-2009 15:06;567;0
10-30-2009 15:07;384;0
10-30-2009 15:08;567;0
10-30-2009 15:09;948;1
10-30-2009 15:10;498;0
10-30-2009 15:11;275;0
10-30-2009 15:12;424;0
10-30-2009 15:13;0;0
10-30-2009 15:14;43;0
10-30-2009 15:15;240;0
10-30-2009 15:16;0;0
10-30-2009 15:17;62;0
10-30-2009 15:18;19;0
10-30-2009 15:19;0;0
10-30-2009 15:20;9;0
10-30-2009 15:21;0;0
10-30-2009 15:22;28;0
10-30-2009 15:23;0;0
10-30-2009 15:24;126;0
10-30-2009 15:25;43;0
10-30-2009 15:26;0;0
10-30-2009 15:27;52;0
10-30-2009 15:28;163;0
10-30-2009 15:29;294;0
10-30-2009 15:30;36;0
10-30-2009 15:31;35;0
10-30-2009 15:32;232;0
10-30-2009 15:33;360;0
10-30-2009 15:34;498;0
10-30-2009 15:35;10;0
10-30-2009 15:36;294;0
10-30-2009 15:37;438;0
10-30-2009 15:38;97;0
10-30-2009 15:39;325;0
10-30-2009 15:40;515;0
10-30-2009 15:41;258;0
10-30-2009 15:42;666;1
10-30-2009 15:43;10;0
10-30-2009 15:44;0;0
10-30-2009 15:45;0;0
10-30-2009 15:46;0;0
10-30-2009 15:47;0;0
10-30-2009 15:48;0;0
10-30-2009 15:49;0;0
10-30-2009 15:50;0;0
10-30-2009 15:51;0;0
10-30-2009 15:52;0;0
10-30-2009 15:53;0;0
10-30-2009 15:54;0;0
10-30-2009 15:55;0;0
10-30-2009 15:56;0;0
10-30-2009 15:57;0;0
10-30-2009 15:58;0;0
10-30-2009 15:59;0;0
10-30-2009 16:00;0;0
10-30-2009 16:01;0;0
10-30-2009 16:02;0;0
10-30-2009 16:03;0;0
10-30-2009 16:04;0;0
10-30-2009 16:05;73;0
10-30-2009 16:06;0;0
10-30-2009 16:07;0;0
10-30-2009 16:08;0;0
10-30-2009 16:09;0;0
10-30-2009 16:10;0;0
10-30-2009 16:11;0;0
10-30-2009 16:12;0;0
10-30-2009 16:13;0;0
10-30-2009 16:14;0;0
10-30-2009 16:15;0;0
10-30-2009 16:16;0;0
10-30-2009 16:17;0;0
10-30-2009 16:18;0;0
10-30-2009 16:19;0;0
10-30-2009 16:20;83;0
10-30-2009 16:21;131;0
10-30-2009 16:22;0;0
10-30-2009 16:23;0;0
10-30-2009 16:24;0;0
10-30-2009 16:25;126;0
10-30-2009 16:26;0;0
10-30-2009 16:27;100;0
10-30-2009 16:28;336;0
10-30-2009 16:29;467;0
10-30-2009 16:30;515;0
10-30-2009 16:31;711;1
10-30-2009 16:32;168;0
10-30-2009 16:33;152;0
10-30-2009 16:34;424;0
10-30-2009 16:35;533;0
10-30-2009 16:36;515;0
10-30-2009 16:37;424;0
10-30-2009 16:38;567;0
10-30-2009 16:39;498;0
10-30-2009 16:40;533;0
10-30-2009 16:41;498;0
10-30-2009 16:42;467;0
10-30-2009 16:43;304;0
10-30-2009 16:44;348;0
10-30-2009 16:45;782;1
10-30-2009 16:46;586;0
10-30-2009 16:47;240;0
10-30-2009 16:48;142;0
10-30-2009 16:49;17;0
10-30-2009 16:50;38;0
10-30-2009 16:51;22;0
10-30-2009 16:52;36;0
10-30-2009 16:53;3;0
10-30-2009 16:54;360;0
10-30-2009 16:55;157;0
10-30-2009 16:56;209;0
10-30-2009 16:57;182;0
10-30-2009 16:58;410;0
10-30-2009 16:59;275;0
10-30-2009 17:00;195;0
10-30-2009 17:01;315;0
10-30-2009 17:02;348;0
10-30-2009 17:03;189;0
10-30-2009 17:04;232;0
10-30-2009 17:05;396;0
10-30-2009 17:06;202;0
10-30-2009 17:07;515;0
10-30-2009 17:08;304;0
10-30-2009 17:09;223;0
10-30-2009 17:10;209;0
10-30-2009 17:11;249;0
10-30-2009 17:12;483;0
10-30-2009 17:13;438;0
10-30-2009 17:14;861;1
10-30-2009 17:15;711;1
10-30-2009 17:16;325;0
10-30-2009 17:17;26;0
10-30-2009 17:18;0;0
10-30-2009 17:19;0;0
10-30-2009 17:20;69;0
10-30-2009 17:21;0;0
10-30-2009 17:22;0;0
10-30-2009 17:23;142;0
10-30-2009 17:24;195;0
10-30-2009 17:25;266;0
10-30-2009 17:26;410;0
10-30-2009 17:27;348;0
10-30-2009 17:28;19;0
10-30-2009 17:29;12;0
10-30-2009 17:30;24;0
10-30-2009 17:31;24;0
10-30-2009 17:32;0;0
10-30-2009 17:33;31;0
10-30-2009 17:34;17;0
10-30-2009 17:35;275;0
10-30-2009 17:36;126;0
10-30-2009 17:37;336;0
10-30-2009 17:38;424;0
10-30-2009 17:39;86;0
10-30-2009 17:40;17;0
10-30-2009 17:41;3;0
10-30-2009 17:42;29;0
10-30-2009 17:43;19;0
10-30-2009 17:44;9;0
10-30-2009 17:45;10;0
10-30-2009 17:46;21;0
10-30-2009 17:47;73;0
10-30-2009 17:48;97;0
10-30-2009 17:49;76;0
10-30-2009 17:50;40;0
10-30-2009 17:51;121;0
10-30-2009 17:52;54;0
10-30-2009 17:53;3;0
10-30-2009 17:54;69;0
10-30-2009 17:55;424;0
10-30-2009 17:56;1043;1
10-30-2009 17:57;1076;1
10-30-2009 17:58;605;0
10-30-2009 17:59;948;1
10-30-2009 18:00;688;1
10-30-2009 18:01;410;0
10-30-2009 18:02;202;0
10-30-2009 18:03;126;0
10-30-2009 18:04;137;0
10-30-2009 18:05;223;0
10-30-2009 18:06;315;0
10-30-2009 18:07;372;0
10-30-2009 18:08;733;1
10-30-2009 18:09;232;0
10-30-2009 18:10;3;0
10-30-2009 18:11;137;0
10-30-2009 18:12;0;0
10-30-2009 18:13;0;0
10-30-2009 18:14;47;0
10-30-2009 18:15;0;0
10-30-2009 18:16;3;0
10-30-2009 18:17;0;0
10-30-2009 18:18;0;0
10-30-2009 18:19;0;0
10-30-2009 18:20;0;0
10-30-2009 18:21;0;0
10-30-2009 18:22;9;0
10-30-2009 18:23;0;0
10-30-2009 18:24;0;0
10-30-2009 18:25;10;0
10-30-2009 18:26;0;0
10-30-2009 18:27;0;0
10-30-2009 18:28;17;0
10-30-2009 18:29;3;0
10-30-2009 18:30;0;0
10-30-2009 18:31;0;0
10-30-2009 18:32;0;0
10-30-2009 18:33;48;0
10-30-2009 18:34;14;0
10-30-2009 18:35;0;0
10-30-2009 18:36;0;0
10-30-2009 18:37;0;0
10-30-2009 18:38;12;0
10-30-2009 18:39;0;0
10-30-2009 18:40;9;0
10-30-2009 18:41;0;0
10-30-2009 18:42;100;0
10-30-2009 18:43;14;0
10-30-2009 18:44;0;0
10-30-2009 18:45;14;0
10-30-2009 18:46;31;0
10-30-2009 18:47;62;0
10-30-2009 18:48;55;0
10-30-2009 18:49;29;0
10-30-2009 18:50;31;0
10-30-2009 18:51;5;0
10-30-2009 18:52;35;0
10-30-2009 18:53;28;0
10-30-2009 18:54;0;0
10-30-2009 18:55;12;0
10-30-2009 18:56;157;0
10-30-2009 18:57;16;0
10-30-2009 18:58;3;0
10-30-2009 18:59;0;0
10-30-2009 19:00;0;0
10-30-2009 19:01;29;0
10-30-2009 19:02;104;0
10-30-2009 19:03;73;0
10-30-2009 19:04;315;0
10-30-2009 19:05;80;0
10-30-2009 19:06;384;0
10-30-2009 19:07;55;0
10-30-2009 19:08;360;0
10-30-2009 19:09;73;0
10-30-2009 19:10;533;0
10-30-2009 19:11;498;0
10-30-2009 19:12;666;1
10-30-2009 19:13;424;0
10-30-2009 19:14;104;0
10-30-2009 19:15;40;0
10-30-2009 19:16;5;0
10-30-2009 19:17;645;1
10-30-2009 19:18;202;0
10-30-2009 19:19;360;0
10-30-2009 19:20;294;0
10-30-2009 19:21;424;0
10-30-2009 19:22;152;0
10-30-2009 19:23;266;0
10-30-2009 19:24;232;0
10-30-2009 19:25;111;0
10-30-2009 19:26;142;0
10-30-2009 19:27;258;0
10-30-2009 19:28;240;0
10-30-2009 19:29;202;0
10-30-2009 19:30;152;0
10-30-2009 19:31;126;0
10-30-2009 19:32;126;0
10-30-2009 19:33;315;0
10-30-2009 19:34;157;0
10-30-2009 19:35;216;0
10-30-2009 19:36;294;0
10-30-2009 19:37;808;1
10-30-2009 19:38;808;1
10-30-2009 19:39;567;0
10-30-2009 19:40;567;0
10-30-2009 19:41;711;1
10-30-2009 19:42;758;1
10-30-2009 19:43;861;1
10-30-2009 19:44;515;0
10-30-2009 19:45;249;0
10-30-2009 19:46;249;0
10-30-2009 19:47;100;0
10-30-2009 19:48;195;0
10-30-2009 19:49;163;0
10-30-2009 19:50;142;0
10-30-2009 19:51;142;0
10-30-2009 19:52;348;0
10-30-2009 19:53;304;0
10-30-2009 19:54;202;0
10-30-2009 19:55;304;0
10-30-2009 19:56;47;0
10-30-2009 19:57;258;0
10-30-2009 19:58;24;0
10-30-2009 19:59;76;0
10-30-2009 20:00;55;0
10-30-2009 20:01;29;0
10-30-2009 20:02;14;0
10-30-2009 20:03;66;0
10-30-2009 20:04;567;0
10-30-2009 20:05;175;0
10-30-2009 20:06;284;0
10-30-2009 20:07;195;0
10-30-2009 20:08;69;0
10-30-2009 20:09;152;0
10-30-2009 20:10;410;0
10-30-2009 20:11;782;1
10-30-2009 20:12;304;0
10-30-2009 20:13;948;1
10-30-2009 20:14;711;1
10-30-2009 20:15;1010;1
10-30-2009 20:16;360;0
10-30-2009 20:17;168;0
10-30-2009 20:18;384;0
10-30-2009 20:19;808;1
10-30-2009 20:20;711;1
10-30-2009 20:21;808;1
10-30-2009 20:22;438;0
10-30-2009 20:23;889;1
10-30-2009 20:24;232;0
10-30-2009 20:25;175;0
10-30-2009 20:26;275;0
10-30-2009 20:27;325;0
10-30-2009 20:28;258;0
10-30-2009 20:29;711;1
10-30-2009 20:30;979;1
10-30-2009 20:31;467;0
10-30-2009 20:32;142;0
10-30-2009 20:33;43;0
10-30-2009 20:34;126;0
10-30-2009 20:35;0;0
10-30-2009 20:36;3;0
10-30-2009 20:37;0;0
10-30-2009 20:38;107;0
10-30-2009 20:39;73;0
10-30-2009 20:40;3;0
10-30-2009 20:41;73;0
10-30-2009 20:42;55;0
10-30-2009 20:43;21;0
10-30-2009 20:44;131;0
10-30-2009 20:45;55;0
10-30-2009 20:46;104;0
10-30-2009 20:47;111;0
10-30-2009 20:48;0;0
10-30-2009 20:49;131;0
10-30-2009 20:50;14;0
10-30-2009 20:51;10;0
10-30-2009 20:52;111;0
10-30-2009 20:53;21;0
10-30-2009 20:54;9;0
10-30-2009 20:55;28;0
10-30-2009 20:56;21;0
10-30-2009 20:57;93;0
10-30-2009 20:58;45;0
10-30-2009 20:59;29;0
10-30-2009 21:00;38;0
10-30-2009 21:01;59;0
10-30-2009 21:02;0;0
10-30-2009 21:03;86;0
10-30-2009 21:04;396;0
10-30-2009 21:05;498;0
10-30-2009 21:06;111;0
10-30-2009 21:07;0;0
10-30-2009 21:08;0;0
10-30-2009 21:09;0;0
10-30-2009 21:10;0;0
10-30-2009 21:11;0;0
10-30-2009 21:12;0;0
10-30-2009 21:13;0;0
10-30-2009 21:14;12;0
10-30-2009 21:15;3;0
10-30-2009 21:16;28;0
10-30-2009 21:17;26;0
10-30-2009 21:18;21;0
10-30-2009 21:19;0;0
10-30-2009 21:20;21;0
10-30-2009 21:21;3;0
10-30-2009 21:22;50;0
10-30-2009 21:23;36;0
10-30-2009 21:24;22;0
10-30-2009 21:25;45;0
10-30-2009 21:26;35;0
10-30-2009 21:27;45;0
10-30-2009 21:28;38;0
10-30-2009 21:29;3;0
10-30-2009 21:30;3;0
10-30-2009 21:31;86;0
10-30-2009 21:32;275;0
10-30-2009 21:33;121;0
10-30-2009 21:34;168;0
10-30-2009 21:35;483;0
10-30-2009 21:36;10;0
10-30-2009 21:37;209;0
10-30-2009 21:38;232;0
10-30-2009 21:39;157;0
10-30-2009 21:40;163;0
10-30-2009 21:41;168;0
10-30-2009 21:42;111;0
10-30-2009 21:43;36;0
10-30-2009 21:44;189;0
10-30-2009 21:45;137;0
10-30-2009 21:46;424;0
10-30-2009 21:47;0;0
10-30-2009 21:48;0;0
10-30-2009 21:49;0;0
10-30-2009 21:50;14;0
10-30-2009 21:51;42;0
10-30-2009 21:52;19;0
10-30-2009 21:53;86;0
10-30-2009 21:54;3;0
10-30-2009 21:55;80;0
10-30-2009 21:56;0;0
10-30-2009 21:57;100;0
10-30-2009 21:58;9;0
10-30-2009 21:59;3;0
10-30-2009 22:00;9;0
10-30-2009 22:01;22;0
10-30-2009 22:02;0;0
10-30-2009 22:03;40;0
10-30-2009 22:04;5;0
10-30-2009 22:05;24;0
10-30-2009 22:06;116;0
10-30-2009 22:07;66;0
10-30-2009 22:08;83;0
10-30-2009 22:09;55;0
10-30-2009 22:10;0;0
10-30-2009 22:11;0;0
10-30-2009 22:12;17;0
10-30-2009 22:13;0;0
10-30-2009 22:14;9;0
10-30-2009 22:15;0;0
10-30-2009 22:16;107;0
10-30-2009 22:17;45;0
10-30-2009 22:18;3;0
10-30-2009 22:19;372;0
10-30-2009 22:20;66;0
10-30-2009 22:21;40;0
10-30-2009 22:22;28;0
10-30-2009 22:23;12;0
10-30-2009 22:24;126;0
10-30-2009 22:25;90;0
10-30-2009 22:26;258;0
10-30-2009 22:27;266;0
10-30-2009 22:28;175;0
10-30-2009 22:29;29;0
10-30-2009 22:30;36;0
10-30-2009 22:31;9;0
10-30-2009 22:32;0;0
10-30-2009 22:33;498;0
10-30-2009 22:34;86;0
10-30-2009 22:35;19;0
10-30-2009 22:36;0;0
10-30-2009 22:37;93;0
10-30-2009 22:38;97;0
10-30-2009 22:39;21;0
10-30-2009 22:40;55;0
10-30-2009 22:41;0;0
10-30-2009 22:42;5;0
10-30-2009 22:43;0;0
10-30-2009 22:44;0;0
10-30-2009 22:45;0;0
10-30-2009 22:46;43;0
10-30-2009 22:47;19;0
10-30-2009 22:48;0;0
10-30-2009 22:49;0;0
10-30-2009 22:50;0;0
10-30-2009 22:51;10;0
10-30-2009 22:52;62;0
10-30-2009 22:53;0;0
10-30-2009 22:54;5;0
10-30-2009 22:55;21;0
10-30-2009 22:56;0;0
10-30-2009 22:57;14;0
10-30-2009 22:58;28;0
10-30-2009 22:59;0;0
10-30-2009 23:00;59;0
10-30-2009 23:01;14;0
10-30-2009 23:02;0;0
10-30-2009 23:03;0;0
10-30-2009 23:04;0;0
10-30-2009 23:05;28;0
10-30-2009 23:06;0;0
10-30-2009 23:07;48;0
10-30-2009 23:08;0;0
10-30-2009 23:09;0;0
10-30-2009 23:10;0;0
10-30-2009 23:11;0;0
10-30-2009 23:12;258;0
10-30-2009 23:13;175;0
10-30-2009 23:14;0;0
10-30-2009 23:15;0;0
10-30-2009 23:16;0;0
10-30-2009 23:17;50;0
10-30-2009 23:18;35;0
10-30-2009 23:19;240;0
10-30-2009 23:20;533;0
10-30-2009 23:21;451;0
10-30-2009 23:22;515;0
10-30-2009 23:23;498;0
10-30-2009 23:24;348;0
10-30-2009 23:25;498;0
10-30-2009 23:26;624;0
10-30-2009 23:27;410;0
10-30-2009 23:28;733;1
10-30-2009 23:29;451;0
10-30-2009 23:30;284;0
10-30-2009 23:31;315;0
10-30-2009 23:32;121;0
10-30-2009 23:33;3;0
10-30-2009 23:34;0;0
10-30-2009 23:35;0;0
10-30-2009 23:36;17;0
10-30-2009 23:37;0;0
10-30-2009 23:38;40;0
10-30-2009 23:39;0;0
10-30-2009 23:40;17;0
10-30-2009 23:41;168;0
10-30-2009 23:42;76;0
10-30-2009 23:43;861;1
10-30-2009 23:44;1342;1
10-30-2009 23:45;515;0
10-30-2009 23:46;24;0
10-30-2009 23:47;17;0
10-30-2009 23:48;9;0
10-30-2009 23:49;59;0
10-30-2009 23:50;59;0
10-30-2009 23:51;0;0
10-30-2009 23:52;0;0
10-30-2009 23:53;31;0
10-30-2009 23:54;116;0
10-30-2009 23:55;0;0
10-30-2009 23:56;0;0
10-30-2009 23:57;0;0
10-30-2009 23:58;0;0
10-30-2009 23:59;0;0
10-31-2009 00:00;0;0
10-31-2009 00:01;0;0
10-31-2009 00:02;0;0
10-31-2009 00:03;0;0
10-31-2009 00:04;0;0
10-31-2009 00:05;0;0
10-31-2009 00:06;0;0
10-31-2009 00:07;0;0
10-31-2009 00:08;0;0
10-31-2009 00:09;0;0
10-31-2009 00:10;0;0
10-31-2009 00:11;0;0
10-31-2009 00:12;0;0
10-31-2009 00:13;0;0
10-31-2009 00:14;0;0
10-31-2009 00:15;0;0
10-31-2009 00:16;0;0
10-31-2009 00:17;0;0
10-31-2009 00:18;0;0
10-31-2009 00:19;0;0
10-31-2009 00:20;0;0
10-31-2009 00:21;0;0
10-31-2009 00:22;0;0
10-31-2009 00:23;0;0
10-31-2009 00:24;0;0
10-31-2009 00:25;0;0
10-31-2009 00:26;0;0
10-31-2009 00:27;0;0
10-31-2009 00:28;0;0
10-31-2009 00:29;0;0
10-31-2009 00:30;0;0
10-31-2009 00:31;0;0
10-31-2009 00:32;0;0
10-31-2009 00:33;0;0
10-31-2009 00:34;0;0
10-31-2009 00:35;0;0
10-31-2009 00:36;0;0
10-31-2009 00:37;0;0
10-31-2009 00:38;0;0
10-31-2009 00:39;0;0
10-31-2009 00:40;0;0
10-31-2009 00:41;0;0
10-31-2009 00:42;0;0
10-31-2009 00:43;0;0
10-31-2009 00:44;0;0
10-31-2009 00:45;410;0
10-31-2009 00:46;0;0
10-31-2009 00:47;0;0
10-31-2009 00:48;0;0
10-31-2009 00:49;0;0
10-31-2009 00:50;0;0
10-31-2009 00:51;0;0
10-31-2009 00:52;0;0
10-31-2009 00:53;0;0
10-31-2009 00:54;0;0
10-31-2009 00:55;0;0
10-31-2009 00:56;0;0
10-31-2009 00:57;0;0
10-31-2009 00:58;0;0
10-31-2009 00:59;163;0
10-31-2009 01:00;100;0
10-31-2009 01:01;0;0
10-31-2009 01:02;62;0
10-31-2009 01:03;0;0
10-31-2009 01:04;0;0
10-31-2009 01:05;0;0
10-31-2009 01:06;0;0
10-31-2009 01:07;0;0
10-31-2009 01:08;0;0
10-31-2009 01:09;48;0
10-31-2009 01:10;0;0
10-31-2009 01:11;0;0
10-31-2009 01:12;73;0
10-31-2009 01:13;189;0
10-31-2009 01:14;83;0
10-31-2009 01:15;325;0
10-31-2009 01:16;410;0
10-31-2009 01:17;0;0
10-31-2009 01:18;0;0
10-31-2009 01:19;0;0
10-31-2009 01:20;0;0
10-31-2009 01:21;0;0
10-31-2009 01:22;0;0
10-31-2009 01:23;0;0
10-31-2009 01:24;0;0
10-31-2009 01:25;0;0
10-31-2009 01:26;0;0
10-31-2009 01:27;0;0
10-31-2009 01:28;0;0
10-31-2009 01:29;0;0
10-31-2009 01:30;152;0
10-31-2009 01:31;0;0
10-31-2009 01:32;0;0
10-31-2009 01:33;0;0
10-31-2009 01:34;0;0
10-31-2009 01:35;0;0
10-31-2009 01:36;0;0
10-31-2009 01:37;0;0
10-31-2009 01:38;59;0
10-31-2009 01:39;0;0
10-31-2009 01:40;0;0
10-31-2009 01:41;0;0
10-31-2009 01:42;0;0
10-31-2009 01:43;0;0
10-31-2009 01:44;0;0
10-31-2009 01:45;0;0
10-31-2009 01:46;0;0
10-31-2009 01:47;0;0
10-31-2009 01:48;0;0
10-31-2009 01:49;0;0
10-31-2009 01:50;0;0
10-31-2009 01:51;0;0
10-31-2009 01:52;0;0
10-31-2009 01:53;21;0
10-31-2009 01:54;182;0
10-31-2009 01:55;0;0
10-31-2009 01:56;0;0
10-31-2009 01:57;0;0
10-31-2009 01:58;0;0
10-31-2009 01:59;0;0
10-31-2009 02:00;0;0
10-31-2009 02:01;0;0
10-31-2009 02:02;0;0
10-31-2009 02:03;0;0
10-31-2009 02:04;0;0
10-31-2009 02:05;0;0
10-31-2009 02:06;0;0
10-31-2009 02:07;0;0
10-31-2009 02:08;0;0
10-31-2009 02:09;0;0
10-31-2009 02:10;0;0
10-31-2009 02:11;0;0
10-31-2009 02:12;0;0
10-31-2009 02:13;0;0
10-31-2009 02:14;0;0
10-31-2009 02:15;0;0
10-31-2009 02:16;0;0
10-31-2009 02:17;121;0
10-31-2009 02:18;0;0
10-31-2009 02:19;0;0
10-31-2009 02:20;0;0
10-31-2009 02:21;0;0
10-31-2009 02:22;0;0
10-31-2009 02:23;28;0
10-31-2009 02:24;0;0
10-31-2009 02:25;0;0
10-31-2009 02:26;0;0
10-31-2009 02:27;0;0
10-31-2009 02:28;0;0
10-31-2009 02:29;0;0
10-31-2009 02:30;0;0
10-31-2009 02:31;0;0
10-31-2009 02:32;0;0
10-31-2009 02:33;0;0
10-31-2009 02:34;0;0
10-31-2009 02:35;66;0
10-31-2009 02:36;48;0
10-31-2009 02:37;0;0
10-31-2009 02:38;0;0
10-31-2009 02:39;157;0
10-31-2009 02:40;0;0
10-31-2009 02:41;0;0
10-31-2009 02:42;0;0
10-31-2009 02:43;0;0
10-31-2009 02:44;0;0
10-31-2009 02:45;0;0
10-31-2009 02:46;0;0
10-31-2009 02:47;0;0
10-31-2009 02:48;0;0
10-31-2009 02:49;0;0
10-31-2009 02:50;0;0
10-31-2009 02:51;0;0
10-31-2009 02:52;0;0
10-31-2009 02:53;0;0
10-31-2009 02:54;0;0
10-31-2009 02:55;0;0
10-31-2009 02:56;0;0
10-31-2009 02:57;0;0
10-31-2009 02:58;0;0
10-31-2009 02:59;47;0
10-31-2009 03:00;0;0
10-31-2009 03:01;0;0
10-31-2009 03:02;0;0
10-31-2009 03:03;0;0
10-31-2009 03:04;0;0
10-31-2009 03:05;0;0
10-31-2009 03:06;0;0
10-31-2009 03:07;0;0
10-31-2009 03:08;0;0
10-31-2009 03:09;0;0
10-31-2009 03:10;0;0
10-31-2009 03:11;0;0
10-31-2009 03:12;0;0
10-31-2009 03:13;0;0
10-31-2009 03:14;0;0
10-31-2009 03:15;202;0
10-31-2009 03:16;0;0
10-31-2009 03:17;0;0
10-31-2009 03:18;0;0
10-31-2009 03:19;0;0
10-31-2009 03:20;0;0
10-31-2009 03:21;0;0
10-31-2009 03:22;0;0
10-31-2009 03:23;0;0
10-31-2009 03:24;0;0
10-31-2009 03:25;0;0
10-31-2009 03:26;0;0
10-31-2009 03:27;0;0
10-31-2009 03:28;0;0
10-31-2009 03:29;0;0
10-31-2009 03:30;0;0
10-31-2009 03:31;0;0
10-31-2009 03:32;0;0
10-31-2009 03:33;0;0
10-31-2009 03:34;38;0
10-31-2009 03:35;0;0
10-31-2009 03:36;0;0
10-31-2009 03:37;0;0
10-31-2009 03:38;0;0
10-31-2009 03:39;0;0
10-31-2009 03:40;0;0
10-31-2009 03:41;0;0
10-31-2009 03:42;0;0
10-31-2009 03:43;0;0
10-31-2009 03:44;0;0
10-31-2009 03:45;0;0
10-31-2009 03:46;0;0
10-31-2009 03:47;0;0
10-31-2009 03:48;0;0
10-31-2009 03:49;0;0
10-31-2009 03:50;0;0
10-31-2009 03:51;0;0
10-31-2009 03:52;0;0
10-31-2009 03:53;195;0
10-31-2009 03:54;0;0
10-31-2009 03:55;0;0
10-31-2009 03:56;0;0
10-31-2009 03:57;0;0
10-31-2009 03:58;0;0
10-31-2009 03:59;0;0
10-31-2009 04:00;26;0
10-31-2009 04:01;0;0
10-31-2009 04:02;0;0
10-31-2009 04:03;0;0
10-31-2009 04:04;0;0
10-31-2009 04:05;0;0
10-31-2009 04:06;0;0
10-31-2009 04:07;0;0
10-31-2009 04:08;0;0
10-31-2009 04:09;0;0
10-31-2009 04:10;0;0
10-31-2009 04:11;0;0
10-31-2009 04:12;0;0
10-31-2009 04:13;0;0
10-31-2009 04:14;0;0
10-31-2009 04:15;0;0
10-31-2009 04:16;0;0
10-31-2009 04:17;0;0
10-31-2009 04:18;107;0
10-31-2009 04:19;0;0
10-31-2009 04:20;0;0
10-31-2009 04:21;0;0
10-31-2009 04:22;0;0
10-31-2009 04:23;0;0
10-31-2009 04:24;0;0
10-31-2009 04:25;0;0
10-31-2009 04:26;5;0
10-31-2009 04:27;0;0
10-31-2009 04:28;0;0
10-31-2009 04:29;0;0
10-31-2009 04:30;0;0
10-31-2009 04:31;45;0
10-31-2009 04:32;59;0
10-31-2009 04:33;0;0
10-31-2009 04:34;0;0
10-31-2009 04:35;0;0
10-31-2009 04:36;0;0
10-31-2009 04:37;0;0
10-31-2009 04:38;73;0
10-31-2009 04:39;3;0
10-31-2009 04:40;0;0
10-31-2009 04:41;0;0
10-31-2009 04:42;0;0
10-31-2009 04:43;7;0
10-31-2009 04:44;93;0
10-31-2009 04:45;0;0
10-31-2009 04:46;0;0
10-31-2009 04:47;0;0
10-31-2009 04:48;0;0
10-31-2009 04:49;0;0
10-31-2009 04:50;0;0
10-31-2009 04:51;0;0
10-31-2009 04:52;0;0
10-31-2009 04:53;0;0
10-31-2009 04:54;0;0
10-31-2009 04:55;116;0
10-31-2009 04:56;0;0
10-31-2009 04:57;0;0
10-31-2009 04:58;50;0
10-31-2009 04:59;0;0
10-31-2009 05:00;189;0
10-31-2009 05:01;0;0
10-31-2009 05:02;0;0
10-31-2009 05:03;126;0
10-31-2009 05:04;0;0
10-31-2009 05:05;0;0
10-31-2009 05:06;0;0
10-31-2009 05:07;0;0
10-31-2009 05:08;0;0
10-31-2009 05:09;0;0
10-31-2009 05:10;0;0
10-31-2009 05:11;10;0
10-31-2009 05:12;0;0
10-31-2009 05:13;0;0
10-31-2009 05:14;0;0
10-31-2009 05:15;0;0
10-31-2009 05:16;0;0
10-31-2009 05:17;0;0
10-31-2009 05:18;0;0
10-31-2009 05:19;0;0
10-31-2009 05:20;0;0
10-31-2009 05:21;0;0
10-31-2009 05:22;0;0
10-31-2009 05:23;0;0
10-31-2009 05:24;0;0
10-31-2009 05:25;0;0
10-31-2009 05:26;0;0
10-31-2009 05:27;0;0
10-31-2009 05:28;0;0
10-31-2009 05:29;0;0
10-31-2009 05:30;0;0
10-31-2009 05:31;0;0
10-31-2009 05:32;0;0
10-31-2009 05:33;0;0
10-31-2009 05:34;0;0
10-31-2009 05:35;0;0
10-31-2009 05:36;0;0
10-31-2009 05:37;0;0
10-31-2009 05:38;0;0
10-31-2009 05:39;0;0
10-31-2009 05:40;0;0
10-31-2009 05:41;0;0
10-31-2009 05:42;0;0
10-31-2009 05:43;0;0
10-31-2009 05:44;0;0
10-31-2009 05:45;0;0
10-31-2009 05:46;0;0
10-31-2009 05:47;0;0
10-31-2009 05:48;0;0
10-31-2009 05:49;0;0
10-31-2009 05:50;147;0
10-31-2009 05:51;24;0
10-31-2009 05:52;0;0
10-31-2009 05:53;0;0
10-31-2009 05:54;73;0
10-31-2009 05:55;0;0
10-31-2009 05:56;0;0
10-31-2009 05:57;0;0
10-31-2009 05:58;0;0
10-31-2009 05:59;0;0
10-31-2009 06:00;48;0
10-31-2009 06:01;0;0
10-31-2009 06:02;0;0
10-31-2009 06:03;0;0
10-31-2009 06:04;0;0
10-31-2009 06:05;16;0
10-31-2009 06:06;0;0
10-31-2009 06:07;73;0
10-31-2009 06:08;0;0
10-31-2009 06:09;0;0
10-31-2009 06:10;0;0
10-31-2009 06:11;0;0
10-31-2009 06:12;0;0
10-31-2009 06:13;0;0
10-31-2009 06:14;0;0
10-31-2009 06:15;0;0
10-31-2009 06:16;50;0
10-31-2009 06:17;0;0
10-31-2009 06:18;0;0
10-31-2009 06:19;0;0
10-31-2009 06:20;0;0
10-31-2009 06:21;0;0
10-31-2009 06:22;35;0
10-31-2009 06:23;97;0
10-31-2009 06:24;0;0
10-31-2009 06:25;0;0
10-31-2009 06:26;0;0
10-31-2009 06:27;0;0
10-31-2009 06:28;0;0
10-31-2009 06:29;0;0
10-31-2009 06:30;0;0
10-31-2009 06:31;0;0
10-31-2009 06:32;0;0
10-31-2009 06:33;0;0
10-31-2009 06:34;17;0
10-31-2009 06:35;0;0
10-31-2009 06:36;0;0
10-31-2009 06:37;0;0
10-31-2009 06:38;0;0
10-31-2009 06:39;0;0
10-31-2009 06:40;0;0
10-31-2009 06:41;47;0
10-31-2009 06:42;0;0
10-31-2009 06:43;0;0
10-31-2009 06:44;0;0
10-31-2009 06:45;0;0
10-31-2009 06:46;0;0
10-31-2009 06:47;0;0
10-31-2009 06:48;0;0
10-31-2009 06:49;0;0
10-31-2009 06:50;0;0
10-31-2009 06:51;0;0
10-31-2009 06:52;0;0
10-31-2009 06:53;0;0
10-31-2009 06:54;0;0
10-31-2009 06:55;0;0
10-31-2009 06:56;0;0
10-31-2009 06:57;0;0
10-31-2009 06:58;0;0
10-31-2009 06:59;0;0
10-31-2009 07:00;0;0
10-31-2009 07:01;19;0
10-31-2009 07:02;0;0
10-31-2009 07:03;0;0
10-31-2009 07:04;0;0
10-31-2009 07:05;0;0
10-31-2009 07:06;0;0
10-31-2009 07:07;69;0
10-31-2009 07:08;0;0
10-31-2009 07:09;26;0
10-31-2009 07:10;0;0
10-31-2009 07:11;0;0
10-31-2009 07:12;0;0
10-31-2009 07:13;0;0
10-31-2009 07:14;0;0
10-31-2009 07:15;195;0
10-31-2009 07:16;175;0
10-31-2009 07:17;182;0
10-31-2009 07:18;163;0
10-31-2009 07:19;182;0
10-31-2009 07:20;137;0
10-31-2009 07:21;168;0
10-31-2009 07:22;216;0
10-31-2009 07:23;0;0
10-31-2009 07:24;0;0
10-31-2009 07:25;14;0
10-31-2009 07:26;0;0
10-31-2009 07:27;0;0
10-31-2009 07:28;0;0
10-31-2009 07:29;0;0
10-31-2009 07:30;100;0
10-31-2009 07:31;0;0
10-31-2009 07:32;31;0
10-31-2009 07:33;0;0
10-31-2009 07:34;12;0
10-31-2009 07:35;0;0
10-31-2009 07:36;266;0
10-31-2009 07:37;0;0
10-31-2009 07:38;35;0
10-31-2009 07:39;29;0
10-31-2009 07:40;111;0
10-31-2009 07:41;80;0
10-31-2009 07:42;59;0
10-31-2009 07:43;47;0
10-31-2009 07:44;0;0
10-31-2009 07:45;0;0
10-31-2009 07:46;48;0
10-31-2009 07:47;410;0
10-31-2009 07:48;76;0
10-31-2009 07:49;0;0
10-31-2009 07:50;0;0
10-31-2009 07:51;0;0
10-31-2009 07:52;40;0
10-31-2009 07:53;131;0
10-31-2009 07:54;410;0
10-31-2009 07:55;1010;1
10-31-2009 07:56;948;1
10-31-2009 07:57;861;1
10-31-2009 07:58;304;0
10-31-2009 07:59;157;0
10-31-2009 08:00;73;0
10-31-2009 08:01;451;0
10-31-2009 08:02;336;0
10-31-2009 08:03;410;0
10-31-2009 08:04;325;0
10-31-2009 08:05;195;0
10-31-2009 08:06;0;0
10-31-2009 08:07;0;0
10-31-2009 08:08;0;0
10-31-2009 08:09;0;0
10-31-2009 08:10;249;0
10-31-2009 08:11;202;0
10-31-2009 08:12;410;0
10-31-2009 08:13;348;0
10-31-2009 08:14;182;0
10-31-2009 08:15;104;0
10-31-2009 08:16;0;0
10-31-2009 08:17;42;0
10-31-2009 08:18;16;0
10-31-2009 08:19;209;0
10-31-2009 08:20;467;0
10-31-2009 08:21;304;0
10-31-2009 08:22;372;0
10-31-2009 08:23;0;0
10-31-2009 08:24;0;0
10-31-2009 08:25;0;0
10-31-2009 08:26;0;0
10-31-2009 08:27;0;0
10-31-2009 08:28;0;0
10-31-2009 08:29;0;0
10-31-2009 08:30;0;0
10-31-2009 08:31;0;0
10-31-2009 08:32;0;0
10-31-2009 08:33;0;0
10-31-2009 08:34;0;0
10-31-2009 08:35;0;0
10-31-2009 08:36;0;0
10-31-2009 08:37;438;0
10-31-2009 08:38;1010;1
10-31-2009 08:39;384;0
10-31-2009 08:40;42;0
10-31-2009 08:41;90;0
10-31-2009 08:42;1076;1
10-31-2009 08:43;515;0
10-31-2009 08:44;266;0
10-31-2009 08:45;275;0
10-31-2009 08:46;294;0
10-31-2009 08:47;111;0
10-31-2009 08:48;182;0
10-31-2009 08:49;258;0
10-31-2009 08:50;384;0
10-31-2009 08:51;384;0
10-31-2009 08:52;424;0
10-31-2009 08:53;758;1
10-31-2009 08:54;360;0
10-31-2009 08:55;567;0
10-31-2009 08:56;624;0
10-31-2009 08:57;498;0
10-31-2009 08:58;808;1
10-31-2009 08:59;624;0
10-31-2009 09:00;182;0
10-31-2009 09:01;315;0
10-31-2009 09:02;360;0
10-31-2009 09:03;304;0
10-31-2009 09:04;195;0
10-31-2009 09:05;142;0
10-31-2009 09:06;315;0
10-31-2009 09:07;348;0
10-31-2009 09:08;688;1
10-31-2009 09:09;533;0
10-31-2009 09:10;175;0
10-31-2009 09:11;0;0
10-31-2009 09:12;45;0
10-31-2009 09:13;3;0
10-31-2009 09:14;3;0
10-31-2009 09:15;55;0
10-31-2009 09:16;0;0
10-31-2009 09:17;0;0
10-31-2009 09:18;0;0
10-31-2009 09:19;69;0
10-31-2009 09:20;0;0
10-31-2009 09:21;0;0
10-31-2009 09:22;9;0
10-31-2009 09:23;52;0
10-31-2009 09:24;38;0
10-31-2009 09:25;33;0
10-31-2009 09:26;38;0
10-31-2009 09:27;3;0
10-31-2009 09:28;19;0
10-31-2009 09:29;10;0
10-31-2009 09:30;59;0
10-31-2009 09:31;116;0
10-31-2009 09:32;24;0
10-31-2009 09:33;26;0
10-31-2009 09:34;483;0
10-31-2009 09:35;586;0
10-31-2009 09:36;202;0
10-31-2009 09:37;131;0
10-31-2009 09:38;126;0
10-31-2009 09:39;384;0
10-31-2009 09:40;336;0
10-31-2009 09:41;147;0
10-31-2009 09:42;38;0
10-31-2009 09:43;97;0
10-31-2009 09:44;0;0
10-31-2009 09:45;97;0
10-31-2009 09:46;12;0
10-31-2009 09:47;9;0
10-31-2009 09:48;38;0
10-31-2009 09:49;83;0
10-31-2009 09:50;31;0
10-31-2009 09:51;48;0
10-31-2009 09:52;38;0
10-31-2009 09:53;35;0
10-31-2009 09:54;22;0
10-31-2009 09:55;47;0
10-31-2009 09:56;168;0
10-31-2009 09:57;54;0
10-31-2009 09:58;55;0
10-31-2009 09:59;116;0
10-31-2009 10:00;90;0
10-31-2009 10:01;38;0
10-31-2009 10:02;80;0
10-31-2009 10:03;66;0
10-31-2009 10:04;47;0
10-31-2009 10:05;54;0
10-31-2009 10:06;36;0
10-31-2009 10:07;43;0
10-31-2009 10:08;315;0
10-31-2009 10:09;808;1
10-31-2009 10:10;249;0
10-31-2009 10:11;121;0
10-31-2009 10:12;59;0
10-31-2009 10:13;40;0
10-31-2009 10:14;396;0
10-31-2009 10:15;275;0
10-31-2009 10:16;35;0
10-31-2009 10:17;66;0
10-31-2009 10:18;384;0
10-31-2009 10:19;22;0
10-31-2009 10:20;59;0
10-31-2009 10:21;31;0
10-31-2009 10:22;28;0
10-31-2009 10:23;104;0
10-31-2009 10:24;0;0
10-31-2009 10:25;0;0
10-31-2009 10:26;0;0
10-31-2009 10:27;0;0
10-31-2009 10:28;0;0
10-31-2009 10:29;26;0
10-31-2009 10:30;47;0
10-31-2009 10:31;266;0
10-31-2009 10:32;325;0
10-31-2009 10:33;0;0
10-31-2009 10:34;0;0
10-31-2009 10:35;93;0
10-31-2009 10:36;384;0
10-31-2009 10:37;50;0
10-31-2009 10:38;43;0
10-31-2009 10:39;266;0
10-31-2009 10:40;424;0
10-31-2009 10:41;1522;1
10-31-2009 10:42;266;0
10-31-2009 10:43;76;0
10-31-2009 10:44;40;0
10-31-2009 10:45;24;0
10-31-2009 10:46;28;0
10-31-2009 10:47;43;0
10-31-2009 10:48;0;0
10-31-2009 10:49;31;0
10-31-2009 10:50;40;0
10-31-2009 10:51;66;0
10-31-2009 10:52;80;0
10-31-2009 10:53;24;0
10-31-2009 10:54;36;0
10-31-2009 10:55;54;0
10-31-2009 10:56;31;0
10-31-2009 10:57;54;0
10-31-2009 10:58;35;0
10-31-2009 10:59;16;0
10-31-2009 11:00;42;0
10-31-2009 11:01;35;0
10-31-2009 11:02;80;0
10-31-2009 11:03;59;0
10-31-2009 11:04;50;0
10-31-2009 11:05;55;0
10-31-2009 11:06;111;0
10-31-2009 11:07;758;1
10-31-2009 11:08;336;0
10-31-2009 11:09;325;0
10-31-2009 11:10;688;1
10-31-2009 11:11;688;1
10-31-2009 11:12;294;0
10-31-2009 11:13;275;0
10-31-2009 11:14;195;0
10-31-2009 11:15;137;0
10-31-2009 11:16;147;0
10-31-2009 11:17;66;0
10-31-2009 11:18;40;0
10-31-2009 11:19;137;0
10-31-2009 11:20;97;0
10-31-2009 11:21;116;0
10-31-2009 11:22;258;0
10-31-2009 11:23;645;1
10-31-2009 11:24;384;0
10-31-2009 11:25;451;0
10-31-2009 11:26;396;0
10-31-2009 11:27;232;0
10-31-2009 11:28;147;0
10-31-2009 11:29;163;0
10-31-2009 11:30;266;0
10-31-2009 11:31;372;0
10-31-2009 11:32;216;0
10-31-2009 11:33;202;0
10-31-2009 11:34;711;1
10-31-2009 11:35;258;0
10-31-2009 11:36;918;1
10-31-2009 11:37;889;1
10-31-2009 11:38;550;0
10-31-2009 11:39;586;0
10-31-2009 11:40;645;1
10-31-2009 11:41;111;0
10-31-2009 11:42;0;0
10-31-2009 11:43;137;0
10-31-2009 11:44;131;0
10-31-2009 11:45;586;0
10-31-2009 11:46;483;0
10-31-2009 11:47;304;0
10-31-2009 11:48;209;0
10-31-2009 11:49;111;0
10-31-2009 11:50;80;0
10-31-2009 11:51;182;0
10-31-2009 11:52;438;0
10-31-2009 11:53;550;0
10-31-2009 11:54;533;0
10-31-2009 11:55;121;0
10-31-2009 11:56;175;0
10-31-2009 11:57;131;0
10-31-2009 11:58;126;0
10-31-2009 11:59;111;0
10-31-2009 12:00;3;0
10-31-2009 12:01;22;0
10-31-2009 12:02;10;0
10-31-2009 12:03;0;0
10-31-2009 12:04;249;0
10-31-2009 12:05;533;0
10-31-2009 12:06;483;0
10-31-2009 12:07;126;0
10-31-2009 12:08;249;0
10-31-2009 12:09;258;0
10-31-2009 12:10;3;0
10-31-2009 12:11;73;0
10-31-2009 12:12;0;0
10-31-2009 12:13;42;0
10-31-2009 12:14;0;0
10-31-2009 12:15;586;0
10-31-2009 12:16;0;0
10-31-2009 12:17;47;0
10-31-2009 12:18;100;0
10-31-2009 12:19;0;0
10-31-2009 12:20;0;0
10-31-2009 12:21;0;0
10-31-2009 12:22;0;0
10-31-2009 12:23;0;0
10-31-2009 12:24;0;0
10-31-2009 12:25;3;0
10-31-2009 12:26;76;0
10-31-2009 12:27;3;0
10-31-2009 12:28;0;0
10-31-2009 12:29;0;0
10-31-2009 12:30;19;0
10-31-2009 12:31;9;0
10-31-2009 12:32;26;0
10-31-2009 12:33;0;0
10-31-2009 12:34;0;0
10-31-2009 12:35;0;0
10-31-2009 12:36;22;0
10-31-2009 12:37;0;0
10-31-2009 12:38;17;0
10-31-2009 12:39;121;0
10-31-2009 12:40;0;0
10-31-2009 12:41;9;0
10-31-2009 12:42;0;0
10-31-2009 12:43;0;0
10-31-2009 12:44;16;0
10-31-2009 12:45;0;0
10-31-2009 12:46;0;0
10-31-2009 12:47;0;0
10-31-2009 12:48;808;1
10-31-2009 12:49;733;1
10-31-2009 12:50;209;0
10-31-2009 12:51;12;0
10-31-2009 12:52;116;0
10-31-2009 12:53;111;0
10-31-2009 12:54;325;0
10-31-2009 12:55;586;0
10-31-2009 12:56;240;0
10-31-2009 12:57;396;0
10-31-2009 12:58;782;1
10-31-2009 12:59;515;0
10-31-2009 13:00;284;0
10-31-2009 13:01;175;0
10-31-2009 13:02;360;0
10-31-2009 13:03;348;0
10-31-2009 13:04;348;0
10-31-2009 13:05;348;0
10-31-2009 13:06;232;0
10-31-2009 13:07;195;0
10-31-2009 13:08;467;0
10-31-2009 13:09;918;1
10-31-2009 13:10;948;1
10-31-2009 13:11;182;0
10-31-2009 13:12;107;0
10-31-2009 13:13;116;0
10-31-2009 13:14;86;0
10-31-2009 13:15;83;0
10-31-2009 13:16;152;0
10-31-2009 13:17;152;0
10-31-2009 13:18;111;0
10-31-2009 13:19;100;0
10-31-2009 13:20;43;0
10-31-2009 13:21;152;0
10-31-2009 13:22;424;0
10-31-2009 13:23;216;0
10-31-2009 13:24;284;0
10-31-2009 13:25;483;0
10-31-2009 13:26;325;0
10-31-2009 13:27;116;0
10-31-2009 13:28;189;0
10-31-2009 13:29;66;0
10-31-2009 13:30;126;0
10-31-2009 13:31;163;0
10-31-2009 13:32;17;0
10-31-2009 13:33;0;0
10-31-2009 13:34;80;0
10-31-2009 13:35;360;0
10-31-2009 13:36;83;0
10-31-2009 13:37;126;0
10-31-2009 13:38;284;0
10-31-2009 13:39;0;0
10-31-2009 13:40;360;0
10-31-2009 13:41;83;0
10-31-2009 13:42;451;0
10-31-2009 13:43;733;1
10-31-2009 13:44;116;0
10-31-2009 13:45;688;1
10-31-2009 13:46;733;1
10-31-2009 13:47;550;0
10-31-2009 13:48;889;1
10-31-2009 13:49;889;1
10-31-2009 13:50;624;0
10-31-2009 13:51;0;0
10-31-2009 13:52;0;0
10-31-2009 13:53;0;0
10-31-2009 13:54;266;0
10-31-2009 13:55;384;0
10-31-2009 13:56;1571;1
10-31-2009 13:57;861;1
10-31-2009 13:58;45;0
10-31-2009 13:59;22;0
10-31-2009 14:00;9;0
10-31-2009 14:01;17;0
10-31-2009 14:02;35;0
10-31-2009 14:03;0;0
10-31-2009 14:04;0;0
10-31-2009 14:05;0;0
10-31-2009 14:06;0;0
10-31-2009 14:07;216;0
10-31-2009 14:08;0;0
10-31-2009 14:09;3;0
10-31-2009 14:10;10;0
10-31-2009 14:11;0;0
10-31-2009 14:12;111;0
10-31-2009 14:13;666;1
10-31-2009 14:14;0;0
10-31-2009 14:15;0;0
10-31-2009 14:16;126;0
10-31-2009 14:17;36;0
10-31-2009 14:18;0;0
10-31-2009 14:19;0;0
10-31-2009 14:20;0;0
10-31-2009 14:21;0;0
10-31-2009 14:22;0;0
10-31-2009 14:23;0;0
10-31-2009 14:24;0;0
10-31-2009 14:25;0;0
10-31-2009 14:26;0;0
10-31-2009 14:27;0;0
10-31-2009 14:28;0;0
10-31-2009 14:29;0;0
10-31-2009 14:30;0;0
10-31-2009 14:31;0;0
10-31-2009 14:32;0;0
10-31-2009 14:33;0;0
10-31-2009 14:34;0;0
10-31-2009 14:35;0;0
10-31-2009 14:36;0;0
10-31-2009 14:37;0;0
10-31-2009 14:38;0;0
10-31-2009 14:39;0;0
10-31-2009 14:40;0;0
10-31-2009 14:41;0;0
10-31-2009 14:42;0;0
10-31-2009 14:43;0;0
10-31-2009 14:44;0;0
10-31-2009 14:45;0;0
10-31-2009 14:46;0;0
10-31-2009 14:47;0;0
10-31-2009 14:48;0;0
10-31-2009 14:49;0;0
10-31-2009 14:50;0;0
10-31-2009 14:51;0;0
10-31-2009 14:52;0;0
10-31-2009 14:53;0;0
10-31-2009 14:54;0;0
10-31-2009 14:55;0;0
10-31-2009 14:56;0;0
10-31-2009 14:57;0;0
10-31-2009 14:58;0;0
10-31-2009 14:59;0;0
10-31-2009 15:00;0;0
10-31-2009 15:01;0;0
10-31-2009 15:02;0;0
10-31-2009 15:03;0;0
10-31-2009 15:04;0;0
10-31-2009 15:05;0;0
10-31-2009 15:06;0;0
10-31-2009 15:07;0;0
10-31-2009 15:08;0;0
10-31-2009 15:09;232;0
10-31-2009 15:10;36;0
10-31-2009 15:11;0;0
10-31-2009 15:12;0;0
10-31-2009 15:13;0;0
10-31-2009 15:14;0;0
10-31-2009 15:15;0;0
10-31-2009 15:16;0;0
10-31-2009 15:17;0;0
10-31-2009 15:18;0;0
10-31-2009 15:19;83;0
10-31-2009 15:20;0;0
10-31-2009 15:21;0;0
10-31-2009 15:22;0;0
10-31-2009 15:23;0;0
10-31-2009 15:24;0;0
10-31-2009 15:25;0;0
10-31-2009 15:26;0;0
10-31-2009 15:27;0;0
10-31-2009 15:28;0;0
10-31-2009 15:29;0;0
10-31-2009 15:30;0;0
10-31-2009 15:31;0;0
10-31-2009 15:32;0;0
10-31-2009 15:33;0;0
10-31-2009 15:34;0;0
10-31-2009 15:35;0;0
10-31-2009 15:36;0;0
10-31-2009 15:37;0;0
10-31-2009 15:38;0;0
10-31-2009 15:39;0;0
10-31-2009 15:40;0;0
10-31-2009 15:41;0;0
10-31-2009 15:42;0;0
10-31-2009 15:43;0;0
10-31-2009 15:44;275;0
10-31-2009 15:45;175;0
10-31-2009 15:46;624;0
10-31-2009 15:47;567;0
10-31-2009 15:48;1839;1
10-31-2009 15:49;889;1
10-31-2009 15:50;1475;1
10-31-2009 15:51;348;0
10-31-2009 15:52;249;0
10-31-2009 15:53;147;0
10-31-2009 15:54;47;0
10-31-2009 15:55;550;0
10-31-2009 15:56;189;0
10-31-2009 15:57;47;0
10-31-2009 15:58;52;0
10-31-2009 15:59;0;0
10-31-2009 16:00;55;0
10-31-2009 16:01;9;0
10-31-2009 16:02;0;0
10-31-2009 16:03;284;0
10-31-2009 16:04;515;0
10-31-2009 16:05;223;0
10-31-2009 16:06;14;0
10-31-2009 16:07;0;0
10-31-2009 16:08;0;0
10-31-2009 16:09;50;0
10-31-2009 16:10;142;0
10-31-2009 16:11;325;0
10-31-2009 16:12;14;0
10-31-2009 16:13;3;0
10-31-2009 16:14;0;0
10-31-2009 16:15;0;0
10-31-2009 16:16;5;0
10-31-2009 16:17;10;0
10-31-2009 16:18;0;0
10-31-2009 16:19;40;0
10-31-2009 16:20;86;0
10-31-2009 16:21;10;0
10-31-2009 16:22;59;0
10-31-2009 16:23;336;0
10-31-2009 16:24;266;0
10-31-2009 16:25;384;0
10-31-2009 16:26;3;0
10-31-2009 16:27;0;0
10-31-2009 16:28;10;0
10-31-2009 16:29;3;0
10-31-2009 16:30;266;0
10-31-2009 16:31;808;1
10-31-2009 16:32;782;1
10-31-2009 16:33;889;1
10-31-2009 16:34;315;0
10-31-2009 16:35;733;1
10-31-2009 16:36;605;0
10-31-2009 16:37;325;0
10-31-2009 16:38;396;0
10-31-2009 16:39;451;0
10-31-2009 16:40;410;0
10-31-2009 16:41;202;0
10-31-2009 16:42;266;0
10-31-2009 16:43;498;0
10-31-2009 16:44;605;0
10-31-2009 16:45;550;0
10-31-2009 16:46;121;0
10-31-2009 16:47;624;0
10-31-2009 16:48;515;0
10-31-2009 16:49;3;0
10-31-2009 16:50;1076;1
10-31-2009 16:51;918;1
10-31-2009 16:52;1571;1
10-31-2009 16:53;624;0
10-31-2009 16:54;137;0
10-31-2009 16:55;55;0
10-31-2009 16:56;3;0
10-31-2009 16:57;0;0
10-31-2009 16:58;0;0
10-31-2009 16:59;0;0
10-31-2009 17:00;0;0
10-31-2009 17:01;0;0
10-31-2009 17:02;3;0
10-31-2009 17:03;0;0
10-31-2009 17:04;0;0
10-31-2009 17:05;0;0
10-31-2009 17:06;0;0
10-31-2009 17:07;0;0
10-31-2009 17:08;3;0
10-31-2009 17:09;62;0
10-31-2009 17:10;55;0
10-31-2009 17:11;137;0
10-31-2009 17:12;126;0
10-31-2009 17:13;116;0
10-31-2009 17:14;9;0
10-31-2009 17:15;76;0
10-31-2009 17:16;0;0
10-31-2009 17:17;59;0
10-31-2009 17:18;55;0
10-31-2009 17:19;175;0
10-31-2009 17:20;202;0
10-31-2009 17:21;249;0
10-31-2009 17:22;54;0
10-31-2009 17:23;33;0
10-31-2009 17:24;33;0
10-31-2009 17:25;43;0
10-31-2009 17:26;90;0
10-31-2009 17:27;47;0
10-31-2009 17:28;55;0
10-31-2009 17:29;59;0
10-31-2009 17:30;131;0
10-31-2009 17:31;0;0
10-31-2009 17:32;3;0
10-31-2009 17:33;31;0
10-31-2009 17:34;0;0
10-31-2009 17:35;93;0
10-31-2009 17:36;36;0
10-31-2009 17:37;43;0
10-31-2009 17:38;33;0
10-31-2009 17:39;209;0
10-31-2009 17:40;0;0
10-31-2009 17:41;348;0
10-31-2009 17:42;325;0
10-31-2009 17:43;10;0
10-31-2009 17:44;372;0
10-31-2009 17:45;467;0
10-31-2009 17:46;73;0
10-31-2009 17:47;223;0
10-31-2009 17:48;163;0
10-31-2009 17:49;0;0
10-31-2009 17:50;0;0
10-31-2009 17:51;0;0
10-31-2009 17:52;0;0
10-31-2009 17:53;111;0
10-31-2009 17:54;304;0
10-31-2009 17:55;24;0
10-31-2009 17:56;104;0
10-31-2009 17:57;275;0
10-31-2009 17:58;336;0
10-31-2009 17:59;19;0
10-31-2009 18:00;59;0
10-31-2009 18:01;142;0
10-31-2009 18:02;55;0
10-31-2009 18:03;168;0
10-31-2009 18:04;111;0
10-31-2009 18:05;0;0
10-31-2009 18:06;55;0
10-31-2009 18:07;9;0
10-31-2009 18:08;42;0
10-31-2009 18:09;0;0
10-31-2009 18:10;0;0
10-31-2009 18:11;372;0
10-31-2009 18:12;142;0
10-31-2009 18:13;249;0
10-31-2009 18:14;209;0
10-31-2009 18:15;410;0
10-31-2009 18:16;294;0
10-31-2009 18:17;275;0
10-31-2009 18:18;384;0
10-31-2009 18:19;758;1
10-31-2009 18:20;121;0
10-31-2009 18:21;424;0
10-31-2009 18:22;304;0
10-31-2009 18:23;249;0
10-31-2009 18:24;424;0
10-31-2009 18:25;467;0
10-31-2009 18:26;498;0
10-31-2009 18:27;372;0
10-31-2009 18:28;733;1
10-31-2009 18:29;733;1
10-31-2009 18:30;121;0
10-31-2009 18:31;182;0
10-31-2009 18:32;142;0
10-31-2009 18:33;232;0
10-31-2009 18:34;451;0
10-31-2009 18:35;384;0
10-31-2009 18:36;325;0
10-31-2009 18:37;424;0
10-31-2009 18:38;325;0
10-31-2009 18:39;275;0
10-31-2009 18:40;195;0
10-31-2009 18:41;384;0
10-31-2009 18:42;137;0
10-31-2009 18:43;47;0
10-31-2009 18:44;40;0
10-31-2009 18:45;0;0
10-31-2009 18:46;142;0
10-31-2009 18:47;304;0
10-31-2009 18:48;624;0
10-31-2009 18:49;315;0
10-31-2009 18:50;202;0
10-31-2009 18:51;384;0
10-31-2009 18:52;360;0
10-31-2009 18:53;258;0
10-31-2009 18:54;304;0
10-31-2009 18:55;360;0
10-31-2009 18:56;424;0
10-31-2009 18:57;550;0
10-31-2009 18:58;467;0
10-31-2009 18:59;498;0
10-31-2009 19:00;284;0
10-31-2009 19:01;325;0
10-31-2009 19:02;515;0
10-31-2009 19:03;258;0
10-31-2009 19:04;202;0
10-31-2009 19:05;59;0
10-31-2009 19:06;202;0
10-31-2009 19:07;126;0
10-31-2009 19:08;348;0
10-31-2009 19:09;26;0
10-31-2009 19:10;28;0
10-31-2009 19:11;0;0
10-31-2009 19:12;80;0
10-31-2009 19:13;131;0
10-31-2009 19:14;54;0
10-31-2009 19:15;28;0
10-31-2009 19:16;45;0
10-31-2009 19:17;73;0
10-31-2009 19:18;35;0
10-31-2009 19:19;100;0
10-31-2009 19:20;22;0
10-31-2009 19:21;26;0
10-31-2009 19:22;294;0
10-31-2009 19:23;304;0
10-31-2009 19:24;384;0
10-31-2009 19:25;384;0
10-31-2009 19:26;533;0
10-31-2009 19:27;410;0
10-31-2009 19:28;216;0
10-31-2009 19:29;175;0
10-31-2009 19:30;131;0
10-31-2009 19:31;336;0
10-31-2009 19:32;223;0
10-31-2009 19:33;33;0
10-31-2009 19:34;62;0
10-31-2009 19:35;384;0
10-31-2009 19:36;9;0
10-31-2009 19:37;5;0
10-31-2009 19:38;59;0
10-31-2009 19:39;43;0
10-31-2009 19:40;55;0
10-31-2009 19:41;17;0
10-31-2009 19:42;83;0
10-31-2009 19:43;137;0
10-31-2009 19:44;202;0
10-31-2009 19:45;66;0
10-31-2009 19:46;21;0
10-31-2009 19:47;232;0
10-31-2009 19:48;152;0
10-31-2009 19:49;240;0
10-31-2009 19:50;147;0
10-31-2009 19:51;104;0
10-31-2009 19:52;36;0
10-31-2009 19:53;284;0
10-31-2009 19:54;216;0
10-31-2009 19:55;116;0
10-31-2009 19:56;10;0
10-31-2009 19:57;33;0
10-31-2009 19:58;137;0
10-31-2009 19:59;59;0
10-31-2009 20:00;17;0
10-31-2009 20:01;116;0
10-31-2009 20:02;232;0
10-31-2009 20:03;21;0
10-31-2009 20:04;107;0
10-31-2009 20:05;0;0
10-31-2009 20:06;315;0
10-31-2009 20:07;483;0
10-31-2009 20:08;336;0
10-31-2009 20:09;315;0
10-31-2009 20:10;396;0
10-31-2009 20:11;396;0
10-31-2009 20:12;168;0
10-31-2009 20:13;10;0
10-31-2009 20:14;116;0
10-31-2009 20:15;93;0
10-31-2009 20:16;131;0
10-31-2009 20:17;372;0
10-31-2009 20:18;688;1
10-31-2009 20:19;249;0
10-31-2009 20:20;175;0
10-31-2009 20:21;782;1
10-31-2009 20:22;666;1
10-31-2009 20:23;48;0
10-31-2009 20:24;5;0
10-31-2009 20:25;16;0
10-31-2009 20:26;14;0
10-31-2009 20:27;45;0
10-31-2009 20:28;17;0
10-31-2009 20:29;360;0
10-31-2009 20:30;40;0
10-31-2009 20:31;202;0
10-31-2009 20:32;209;0
10-31-2009 20:33;3;0
10-31-2009 20:34;17;0
10-31-2009 20:35;0;0
10-31-2009 20:36;0;0
10-31-2009 20:37;189;0
10-31-2009 20:38;515;0
10-31-2009 20:39;645;1
10-31-2009 20:40;275;0
10-31-2009 20:41;182;0
10-31-2009 20:42;372;0
10-31-2009 20:43;467;0
10-31-2009 20:44;90;0
10-31-2009 20:45;0;0
10-31-2009 20:46;9;0
10-31-2009 20:47;59;0
10-31-2009 20:48;55;0
10-31-2009 20:49;17;0
10-31-2009 20:50;16;0
10-31-2009 20:51;97;0
10-31-2009 20:52;50;0
10-31-2009 20:53;76;0
10-31-2009 20:54;62;0
10-31-2009 20:55;62;0
10-31-2009 20:56;116;0
10-31-2009 20:57;0;0
10-31-2009 20:58;0;0
10-31-2009 20:59;0;0
10-31-2009 21:00;59;0
10-31-2009 21:01;0;0
10-31-2009 21:02;0;0
10-31-2009 21:03;0;0
10-31-2009 21:04;0;0
10-31-2009 21:05;35;0
10-31-2009 21:06;0;0
10-31-2009 21:07;0;0
10-31-2009 21:08;36;0
10-31-2009 21:09;43;0
10-31-2009 21:10;26;0
10-31-2009 21:11;48;0
10-31-2009 21:12;0;0
10-31-2009 21:13;0;0
10-31-2009 21:14;0;0
10-31-2009 21:15;0;0
10-31-2009 21:16;0;0
10-31-2009 21:17;24;0
10-31-2009 21:18;0;0
10-31-2009 21:19;0;0
10-31-2009 21:20;0;0
10-31-2009 21:21;258;0
10-31-2009 21:22;40;0
10-31-2009 21:23;26;0
10-31-2009 21:24;121;0
10-31-2009 21:25;137;0
10-31-2009 21:26;121;0
10-31-2009 21:27;168;0
10-31-2009 21:28;28;0
10-31-2009 21:29;0;0
10-31-2009 21:30;189;0
10-31-2009 21:31;73;0
10-31-2009 21:32;80;0
10-31-2009 21:33;59;0
10-31-2009 21:34;83;0
10-31-2009 21:35;0;0
10-31-2009 21:36;10;0
10-31-2009 21:37;59;0
10-31-2009 21:38;111;0
10-31-2009 21:39;163;0
10-31-2009 21:40;26;0
10-31-2009 21:41;733;1
10-31-2009 21:42;131;0
10-31-2009 21:43;24;0
10-31-2009 21:44;66;0
10-31-2009 21:45;35;0
10-31-2009 21:46;47;0
10-31-2009 21:47;17;0
10-31-2009 21:48;80;0
10-31-2009 21:49;0;0
10-31-2009 21:50;59;0
10-31-2009 21:51;69;0
10-31-2009 21:52;121;0
10-31-2009 21:53;533;0
10-31-2009 21:54;979;1
10-31-2009 21:55;35;0
10-31-2009 21:56;100;0
10-31-2009 21:57;758;1
10-31-2009 21:58;889;1
10-31-2009 21:59;438;0
10-31-2009 22:00;645;1
10-31-2009 22:01;889;1
10-31-2009 22:02;266;0
10-31-2009 22:03;688;1
10-31-2009 22:04;688;1
10-31-2009 22:05;438;0
10-31-2009 22:06;666;1
10-31-2009 22:07;232;0
10-31-2009 22:08;0;0
10-31-2009 22:09;90;0
10-31-2009 22:10;384;0
10-31-2009 22:11;586;0
10-31-2009 22:12;42;0
10-31-2009 22:13;3;0
10-31-2009 22:14;0;0
10-31-2009 22:15;7;0
10-31-2009 22:16;17;0
10-31-2009 22:17;10;0
10-31-2009 22:18;19;0
10-31-2009 22:19;16;0
10-31-2009 22:20;147;0
10-31-2009 22:21;62;0
10-31-2009 22:22;40;0
10-31-2009 22:23;47;0
10-31-2009 22:24;66;0
10-31-2009 22:25;97;0
10-31-2009 22:26;29;0
10-31-2009 22:27;59;0
10-31-2009 22:28;73;0
10-31-2009 22:29;48;0
10-31-2009 22:30;137;0
10-31-2009 22:31;232;0
10-31-2009 22:32;889;1
10-31-2009 22:33;52;0
10-31-2009 22:34;80;0
10-31-2009 22:35;384;0
10-31-2009 22:36;304;0
10-31-2009 22:37;163;0
10-31-2009 22:38;0;0
10-31-2009 22:39;0;0
10-31-2009 22:40;0;0
10-31-2009 22:41;0;0
10-31-2009 22:42;0;0
10-31-2009 22:43;0;0
10-31-2009 22:44;0;0
10-31-2009 22:45;0;0
10-31-2009 22:46;0;0
10-31-2009 22:47;14;0
10-31-2009 22:48;0;0
10-31-2009 22:49;0;0
10-31-2009 22:50;0;0
10-31-2009 22:51;0;0
10-31-2009 22:52;16;0
10-31-2009 22:53;12;0
10-31-2009 22:54;3;0
10-31-2009 22:55;17;0
10-31-2009 22:56;3;0
10-31-2009 22:57;43;0
10-31-2009 22:58;26;0
10-31-2009 22:59;35;0
10-31-2009 23:00;24;0
10-31-2009 23:01;73;0
10-31-2009 23:02;22;0
10-31-2009 23:03;69;0
10-31-2009 23:04;26;0
10-31-2009 23:05;76;0
10-31-2009 23:06;55;0
10-31-2009 23:07;62;0
10-31-2009 23:08;38;0
10-31-2009 23:09;209;0
10-31-2009 23:10;605;0
10-31-2009 23:11;175;0
10-31-2009 23:12;9;0
10-31-2009 23:13;483;0
10-31-2009 23:14;567;0
10-31-2009 23:15;1782;1
10-31-2009 23:16;498;0
10-31-2009 23:17;733;1
10-31-2009 23:18;515;0
10-31-2009 23:19;424;0
10-31-2009 23:20;73;0
10-31-2009 23:21;0;0
10-31-2009 23:22;0;0
10-31-2009 23:23;0;0
10-31-2009 23:24;0;0
10-31-2009 23:25;0;0
10-31-2009 23:26;0;0
10-31-2009 23:27;0;0
10-31-2009 23:28;0;0
10-31-2009 23:29;0;0
10-31-2009 23:30;0;0
10-31-2009 23:31;131;0
10-31-2009 23:32;157;0
10-31-2009 23:33;0;0
10-31-2009 23:34;189;0
10-31-2009 23:35;0;0
10-31-2009 23:36;0;0
10-31-2009 23:37;0;0
10-31-2009 23:38;0;0
10-31-2009 23:39;0;0
10-31-2009 23:40;0;0
10-31-2009 23:41;0;0
10-31-2009 23:42;0;0
10-31-2009 23:43;0;0
10-31-2009 23:44;12;0
10-31-2009 23:45;0;0
10-31-2009 23:46;0;0
10-31-2009 23:47;0;0
10-31-2009 23:48;0;0
10-31-2009 23:49;0;0
10-31-2009 23:50;0;0
10-31-2009 23:51;0;0
10-31-2009 23:52;52;0
10-31-2009 23:53;0;0
10-31-2009 23:54;0;0
10-31-2009 23:55;0;0
10-31-2009 23:56;0;0
10-31-2009 23:57;0;0
10-31-2009 23:58;0;0
10-31-2009 23:59;0;0
11-01-2009 00:00;0;0
11-01-2009 00:01;0;0
11-01-2009 00:02;0;0
11-01-2009 00:03;0;0
11-01-2009 00:04;0;0
11-01-2009 00:05;0;0
11-01-2009 00:06;0;0
11-01-2009 00:07;0;0
11-01-2009 00:08;0;0
11-01-2009 00:09;0;0
11-01-2009 00:10;0;0
11-01-2009 00:11;0;0
11-01-2009 00:12;0;0
11-01-2009 00:13;0;0
11-01-2009 00:14;0;0
11-01-2009 00:15;0;0
11-01-2009 00:16;0;0
11-01-2009 00:17;0;0
11-01-2009 00:18;0;0
11-01-2009 00:19;0;0
11-01-2009 00:20;0;0
11-01-2009 00:21;0;0
11-01-2009 00:22;0;0
11-01-2009 00:23;0;0
11-01-2009 00:24;0;0
11-01-2009 00:25;42;0
11-01-2009 00:26;0;0
11-01-2009 00:27;0;0
11-01-2009 00:28;0;0
11-01-2009 00:29;0;0
11-01-2009 00:30;0;0
11-01-2009 00:31;0;0
11-01-2009 00:32;0;0
11-01-2009 00:33;0;0
11-01-2009 00:34;0;0
11-01-2009 00:35;0;0
11-01-2009 00:36;0;0
11-01-2009 00:37;0;0
11-01-2009 00:38;0;0
11-01-2009 00:39;0;0
11-01-2009 00:40;0;0
11-01-2009 00:41;73;0
11-01-2009 00:42;0;0
11-01-2009 00:43;3;0
11-01-2009 00:44;0;0
11-01-2009 00:45;0;0
11-01-2009 00:46;0;0
11-01-2009 00:47;0;0
11-01-2009 00:48;0;0
11-01-2009 00:49;0;0
11-01-2009 00:50;0;0
11-01-2009 00:51;0;0
11-01-2009 00:52;0;0
11-01-2009 00:53;0;0
11-01-2009 00:54;0;0
11-01-2009 00:55;0;0
11-01-2009 00:56;66;0
11-01-2009 00:57;0;0
11-01-2009 00:58;0;0
11-01-2009 00:59;0;0
11-01-2009 01:00;0;0
11-01-2009 01:01;0;0
11-01-2009 01:02;76;0
11-01-2009 01:03;0;0
11-01-2009 01:04;0;0
11-01-2009 01:05;22;0
11-01-2009 01:06;17;0
11-01-2009 01:07;0;0
11-01-2009 01:08;0;0
11-01-2009 01:09;0;0
11-01-2009 01:10;0;0
11-01-2009 01:11;0;0
11-01-2009 01:12;0;0
11-01-2009 01:13;0;0
11-01-2009 01:14;0;0
11-01-2009 01:15;50;0
11-01-2009 01:16;0;0
11-01-2009 01:17;0;0
11-01-2009 01:18;0;0
11-01-2009 01:19;0;0
11-01-2009 01:20;0;0
11-01-2009 01:21;54;0
11-01-2009 01:22;0;0
11-01-2009 01:23;0;0
11-01-2009 01:24;0;0
11-01-2009 01:25;0;0
11-01-2009 01:26;0;0
11-01-2009 01:27;0;0
11-01-2009 01:28;0;0
11-01-2009 01:29;0;0
11-01-2009 01:30;0;0
11-01-2009 01:31;0;0
11-01-2009 01:32;0;0
11-01-2009 01:33;0;0
11-01-2009 01:34;0;0
11-01-2009 01:35;0;0
11-01-2009 01:36;0;0
11-01-2009 01:37;0;0
11-01-2009 01:38;0;0
11-01-2009 01:39;0;0
11-01-2009 01:40;0;0
11-01-2009 01:41;0;0
11-01-2009 01:42;0;0
11-01-2009 01:43;0;0
11-01-2009 01:44;0;0
11-01-2009 01:45;0;0
11-01-2009 01:46;0;0
11-01-2009 01:47;0;0
11-01-2009 01:48;0;0
11-01-2009 01:49;0;0
11-01-2009 01:50;0;0
11-01-2009 01:51;0;0
11-01-2009 01:52;0;0
11-01-2009 01:53;0;0
11-01-2009 01:54;0;0
11-01-2009 01:55;0;0
11-01-2009 01:56;0;0
11-01-2009 01:57;0;0
11-01-2009 01:58;0;0
11-01-2009 01:59;0;0
11-01-2009 02:00;0;0
11-01-2009 02:01;0;0
11-01-2009 02:02;0;0
11-01-2009 02:03;0;0
11-01-2009 02:04;0;0
11-01-2009 02:05;0;0
11-01-2009 02:06;0;0
11-01-2009 02:07;396;0
11-01-2009 02:08;24;0
11-01-2009 02:09;142;0
11-01-2009 02:10;410;0
11-01-2009 02:11;137;0
11-01-2009 02:12;360;0
11-01-2009 02:13;533;0
11-01-2009 02:14;189;0
11-01-2009 02:15;0;0
11-01-2009 02:16;0;0
11-01-2009 02:17;0;0
11-01-2009 02:18;0;0
11-01-2009 02:19;90;0
11-01-2009 02:20;126;0
11-01-2009 02:21;0;0
11-01-2009 02:22;0;0
11-01-2009 02:23;0;0
11-01-2009 02:24;0;0
11-01-2009 02:25;0;0
11-01-2009 02:26;0;0
11-01-2009 02:27;0;0
11-01-2009 02:28;0;0
11-01-2009 02:29;0;0
11-01-2009 02:30;0;0
11-01-2009 02:31;0;0
11-01-2009 02:32;0;0
11-01-2009 02:33;0;0
11-01-2009 02:34;0;0
11-01-2009 02:35;0;0
11-01-2009 02:36;0;0
11-01-2009 02:37;0;0
11-01-2009 02:38;0;0
11-01-2009 02:39;0;0
11-01-2009 02:40;0;0
11-01-2009 02:41;0;0
11-01-2009 02:42;0;0
11-01-2009 02:43;0;0
11-01-2009 02:44;0;0
11-01-2009 02:45;0;0
11-01-2009 02:46;0;0
11-01-2009 02:47;0;0
11-01-2009 02:48;0;0
11-01-2009 02:49;0;0
11-01-2009 02:50;0;0
11-01-2009 02:51;54;0
11-01-2009 02:52;116;0
11-01-2009 02:53;0;0
11-01-2009 02:54;0;0
11-01-2009 02:55;0;0
11-01-2009 02:56;0;0
11-01-2009 02:57;0;0
11-01-2009 02:58;29;0
11-01-2009 02:59;0;0
11-01-2009 03:00;0;0
11-01-2009 03:01;0;0
11-01-2009 03:02;0;0
11-01-2009 03:03;0;0
11-01-2009 03:04;0;0
11-01-2009 03:05;0;0
11-01-2009 03:06;0;0
11-01-2009 03:07;0;0
11-01-2009 03:08;0;0
11-01-2009 03:09;62;0
11-01-2009 03:10;0;0
11-01-2009 03:11;0;0
11-01-2009 03:12;0;0
11-01-2009 03:13;0;0
11-01-2009 03:14;0;0
11-01-2009 03:15;0;0
11-01-2009 03:16;0;0
11-01-2009 03:17;69;0
11-01-2009 03:18;0;0
11-01-2009 03:19;5;0
11-01-2009 03:20;0;0
11-01-2009 03:21;0;0
11-01-2009 03:22;80;0
11-01-2009 03:23;0;0
11-01-2009 03:24;0;0
11-01-2009 03:25;0;0
11-01-2009 03:26;0;0
11-01-2009 03:27;0;0
11-01-2009 03:28;0;0
11-01-2009 03:29;0;0
11-01-2009 03:30;0;0
11-01-2009 03:31;0;0
11-01-2009 03:32;0;0
11-01-2009 03:33;0;0
11-01-2009 03:34;36;0
11-01-2009 03:35;73;0
11-01-2009 03:36;0;0
11-01-2009 03:37;0;0
11-01-2009 03:38;0;0
11-01-2009 03:39;0;0
11-01-2009 03:40;0;0
11-01-2009 03:41;10;0
11-01-2009 03:42;0;0
11-01-2009 03:43;0;0
11-01-2009 03:44;0;0
11-01-2009 03:45;0;0
11-01-2009 03:46;0;0
11-01-2009 03:47;0;0
11-01-2009 03:48;0;0
11-01-2009 03:49;0;0
11-01-2009 03:50;0;0
11-01-2009 03:51;35;0
11-01-2009 03:52;76;0
11-01-2009 03:53;0;0
11-01-2009 03:54;0;0
11-01-2009 03:55;0;0
11-01-2009 03:56;16;0
11-01-2009 03:57;19;0
11-01-2009 03:58;0;0
11-01-2009 03:59;83;0
11-01-2009 04:00;0;0
11-01-2009 04:01;0;0
11-01-2009 04:02;0;0
11-01-2009 04:03;0;0
11-01-2009 04:04;0;0
11-01-2009 04:05;0;0
11-01-2009 04:06;0;0
11-01-2009 04:07;0;0
11-01-2009 04:08;0;0
11-01-2009 04:09;0;0
11-01-2009 04:10;0;0
11-01-2009 04:11;0;0
11-01-2009 04:12;168;0
11-01-2009 04:13;35;0
11-01-2009 04:14;111;0
11-01-2009 04:15;0;0
11-01-2009 04:16;0;0
11-01-2009 04:17;0;0
11-01-2009 04:18;0;0
11-01-2009 04:19;0;0
11-01-2009 04:20;0;0
11-01-2009 04:21;0;0
11-01-2009 04:22;0;0
11-01-2009 04:23;0;0
11-01-2009 04:24;0;0
11-01-2009 04:25;0;0
11-01-2009 04:26;0;0
11-01-2009 04:27;0;0
11-01-2009 04:28;0;0
11-01-2009 04:29;0;0
11-01-2009 04:30;152;0
11-01-2009 04:31;0;0
11-01-2009 04:32;0;0
11-01-2009 04:33;0;0
11-01-2009 04:34;0;0
11-01-2009 04:35;0;0
11-01-2009 04:36;0;0
11-01-2009 04:37;0;0
11-01-2009 04:38;59;0
11-01-2009 04:39;126;0
11-01-2009 04:40;3;0
11-01-2009 04:41;0;0
11-01-2009 04:42;0;0
11-01-2009 04:43;3;0
11-01-2009 04:44;0;0
11-01-2009 04:45;86;0
11-01-2009 04:46;0;0
11-01-2009 04:47;3;0
11-01-2009 04:48;0;0
11-01-2009 04:49;0;0
11-01-2009 04:50;116;0
11-01-2009 04:51;0;0
11-01-2009 04:52;0;0
11-01-2009 04:53;66;0
11-01-2009 04:54;104;0
11-01-2009 04:55;45;0
11-01-2009 04:56;0;0
11-01-2009 04:57;0;0
11-01-2009 04:58;3;0
11-01-2009 04:59;0;0
11-01-2009 05:00;0;0
11-01-2009 05:01;0;0
11-01-2009 05:02;80;0
11-01-2009 05:03;0;0
11-01-2009 05:04;0;0
11-01-2009 05:05;0;0
11-01-2009 05:06;0;0
11-01-2009 05:07;73;0
11-01-2009 05:08;0;0
11-01-2009 05:09;0;0
11-01-2009 05:10;0;0
11-01-2009 05:11;104;0
11-01-2009 05:12;3;0
11-01-2009 05:13;0;0
11-01-2009 05:14;0;0
11-01-2009 05:15;0;0
11-01-2009 05:16;0;0
11-01-2009 05:17;175;0
11-01-2009 05:18;0;0
11-01-2009 05:19;0;0
11-01-2009 05:20;0;0
11-01-2009 05:21;0;0
11-01-2009 05:22;0;0
11-01-2009 05:23;0;0
11-01-2009 05:24;0;0
11-01-2009 05:25;0;0
11-01-2009 05:26;55;0
11-01-2009 05:27;62;0
11-01-2009 05:28;0;0
11-01-2009 05:29;0;0
11-01-2009 05:30;35;0
11-01-2009 05:31;45;0
11-01-2009 05:32;0;0
11-01-2009 05:33;216;0
11-01-2009 05:34;0;0
11-01-2009 05:35;0;0
11-01-2009 05:36;0;0
11-01-2009 05:37;0;0
11-01-2009 05:38;0;0
11-01-2009 05:39;76;0
11-01-2009 05:40;0;0
11-01-2009 05:41;0;0
11-01-2009 05:42;0;0
11-01-2009 05:43;0;0
11-01-2009 05:44;0;0
11-01-2009 05:45;0;0
11-01-2009 05:46;0;0
11-01-2009 05:47;0;0
11-01-2009 05:48;0;0
11-01-2009 05:49;0;0
11-01-2009 05:50;0;0
11-01-2009 05:51;0;0
11-01-2009 05:52;0;0
11-01-2009 05:53;0;0
11-01-2009 05:54;0;0
11-01-2009 05:55;0;0
11-01-2009 05:56;0;0
11-01-2009 05:57;0;0
11-01-2009 05:58;0;0
11-01-2009 05:59;0;0
11-01-2009 06:00;0;0
11-01-2009 06:01;0;0
11-01-2009 06:02;0;0
11-01-2009 06:03;0;0
11-01-2009 06:04;0;0
11-01-2009 06:05;0;0
11-01-2009 06:06;0;0
11-01-2009 06:07;0;0
11-01-2009 06:08;0;0
11-01-2009 06:09;0;0
11-01-2009 06:10;0;0
11-01-2009 06:11;0;0
11-01-2009 06:12;0;0
11-01-2009 06:13;0;0
11-01-2009 06:14;0;0
11-01-2009 06:15;0;0
11-01-2009 06:16;0;0
11-01-2009 06:17;0;0
11-01-2009 06:18;0;0
11-01-2009 06:19;0;0
11-01-2009 06:20;0;0
11-01-2009 06:21;157;0
11-01-2009 06:22;223;0
11-01-2009 06:23;175;0
11-01-2009 06:24;284;0
11-01-2009 06:25;147;0
11-01-2009 06:26;533;0
11-01-2009 06:27;90;0
11-01-2009 06:28;16;0
11-01-2009 06:29;0;0
11-01-2009 06:30;0;0
11-01-2009 06:31;0;0
11-01-2009 06:32;0;0
11-01-2009 06:33;0;0
11-01-2009 06:34;0;0
11-01-2009 06:35;0;0
11-01-2009 06:36;0;0
11-01-2009 06:37;0;0
11-01-2009 06:38;0;0
11-01-2009 06:39;0;0
11-01-2009 06:40;0;0
11-01-2009 06:41;0;0
11-01-2009 06:42;0;0
11-01-2009 06:43;0;0
11-01-2009 06:44;0;0
11-01-2009 06:45;0;0
11-01-2009 06:46;0;0
11-01-2009 06:47;0;0
11-01-2009 06:48;0;0
11-01-2009 06:49;0;0
11-01-2009 06:50;0;0
11-01-2009 06:51;0;0
11-01-2009 06:52;0;0
11-01-2009 06:53;0;0
11-01-2009 06:54;0;0
11-01-2009 06:55;0;0
11-01-2009 06:56;36;0
11-01-2009 06:57;0;0
11-01-2009 06:58;0;0
11-01-2009 06:59;0;0
11-01-2009 07:00;0;0
11-01-2009 07:01;0;0
11-01-2009 07:02;0;0
11-01-2009 07:03;216;0
11-01-2009 07:04;0;0
11-01-2009 07:05;66;0
11-01-2009 07:06;0;0
11-01-2009 07:07;0;0
11-01-2009 07:08;0;0
11-01-2009 07:09;0;0
11-01-2009 07:10;107;0
11-01-2009 07:11;0;0
11-01-2009 07:12;0;0
11-01-2009 07:13;0;0
11-01-2009 07:14;0;0
11-01-2009 07:15;0;0
11-01-2009 07:16;0;0
11-01-2009 07:17;168;0
11-01-2009 07:18;0;0
11-01-2009 07:19;0;0
11-01-2009 07:20;0;0
11-01-2009 07:21;0;0
11-01-2009 07:22;0;0
11-01-2009 07:23;0;0
11-01-2009 07:24;0;0
11-01-2009 07:25;0;0
11-01-2009 07:26;45;0
11-01-2009 07:27;0;0
11-01-2009 07:28;45;0
11-01-2009 07:29;47;0
11-01-2009 07:30;147;0
11-01-2009 07:31;73;0
11-01-2009 07:32;17;0
11-01-2009 07:33;0;0
11-01-2009 07:34;0;0
11-01-2009 07:35;0;0
11-01-2009 07:36;12;0
11-01-2009 07:37;0;0
11-01-2009 07:38;0;0
11-01-2009 07:39;0;0
11-01-2009 07:40;0;0
11-01-2009 07:41;0;0
11-01-2009 07:42;0;0
11-01-2009 07:43;0;0
11-01-2009 07:44;0;0
11-01-2009 07:45;90;0
11-01-2009 07:46;0;0
11-01-2009 07:47;0;0
11-01-2009 07:48;0;0
11-01-2009 07:49;0;0
11-01-2009 07:50;0;0
11-01-2009 07:51;0;0
11-01-2009 07:52;0;0
11-01-2009 07:53;0;0
11-01-2009 07:54;0;0
11-01-2009 07:55;0;0
11-01-2009 07:56;0;0
11-01-2009 07:57;0;0
11-01-2009 07:58;0;0
11-01-2009 07:59;0;0
11-01-2009 08:00;0;0
11-01-2009 08:01;0;0
11-01-2009 08:02;0;0
11-01-2009 08:03;0;0
11-01-2009 08:04;0;0
11-01-2009 08:05;0;0
11-01-2009 08:06;59;0
11-01-2009 08:07;182;0
11-01-2009 08:08;5;0
11-01-2009 08:09;126;0
11-01-2009 08:10;182;0
11-01-2009 08:11;142;0
11-01-2009 08:12;0;0
11-01-2009 08:13;0;0
11-01-2009 08:14;209;0
11-01-2009 08:15;258;0
11-01-2009 08:16;0;0
11-01-2009 08:17;284;0
11-01-2009 08:18;605;0
11-01-2009 08:19;1147;1
11-01-2009 08:20;1043;1
11-01-2009 08:21;410;0
11-01-2009 08:22;645;1
11-01-2009 08:23;163;0
11-01-2009 08:24;348;0
11-01-2009 08:25;624;0
11-01-2009 08:26;17;0
11-01-2009 08:27;22;0
11-01-2009 08:28;24;0
11-01-2009 08:29;22;0
11-01-2009 08:30;47;0
11-01-2009 08:31;47;0
11-01-2009 08:32;35;0
11-01-2009 08:33;66;0
11-01-2009 08:34;26;0
11-01-2009 08:35;54;0
11-01-2009 08:36;55;0
11-01-2009 08:37;147;0
11-01-2009 08:38;21;0
11-01-2009 08:39;76;0
11-01-2009 08:40;372;0
11-01-2009 08:41;62;0
11-01-2009 08:42;315;0
11-01-2009 08:43;384;0
11-01-2009 08:44;438;0
11-01-2009 08:45;758;1
11-01-2009 08:46;498;0
11-01-2009 08:47;232;0
11-01-2009 08:48;624;0
11-01-2009 08:49;1076;1
11-01-2009 08:50;948;1
11-01-2009 08:51;586;0
11-01-2009 08:52;861;1
11-01-2009 08:53;758;1
11-01-2009 08:54;275;0
11-01-2009 08:55;483;0
11-01-2009 08:56;688;1
11-01-2009 08:57;624;0
11-01-2009 08:58;688;1
11-01-2009 08:59;808;1
11-01-2009 09:00;733;1
11-01-2009 09:01;152;0
11-01-2009 09:02;782;1
11-01-2009 09:03;733;1
11-01-2009 09:04;202;0
11-01-2009 09:05;284;0
11-01-2009 09:06;467;0
11-01-2009 09:07;424;0
11-01-2009 09:08;209;0
11-01-2009 09:09;73;0
11-01-2009 09:10;275;0
11-01-2009 09:11;240;0
11-01-2009 09:12;104;0
11-01-2009 09:13;36;0
11-01-2009 09:14;137;0
11-01-2009 09:15;111;0
11-01-2009 09:16;0;0
11-01-2009 09:17;0;0
11-01-2009 09:18;52;0
11-01-2009 09:19;202;0
11-01-2009 09:20;360;0
11-01-2009 09:21;121;0
11-01-2009 09:22;216;0
11-01-2009 09:23;66;0
11-01-2009 09:24;515;0
11-01-2009 09:25;223;0
11-01-2009 09:26;43;0
11-01-2009 09:27;131;0
11-01-2009 09:28;38;0
11-01-2009 09:29;0;0
11-01-2009 09:30;0;0
11-01-2009 09:31;0;0
11-01-2009 09:32;0;0
11-01-2009 09:33;0;0
11-01-2009 09:34;0;0
11-01-2009 09:35;0;0
11-01-2009 09:36;83;0
11-01-2009 09:37;249;0
11-01-2009 09:38;55;0
11-01-2009 09:39;45;0
11-01-2009 09:40;35;0
11-01-2009 09:41;76;0
11-01-2009 09:42;16;0
11-01-2009 09:43;0;0
11-01-2009 09:44;42;0
11-01-2009 09:45;10;0
11-01-2009 09:46;104;0
11-01-2009 09:47;100;0
11-01-2009 09:48;0;0
11-01-2009 09:49;0;0
11-01-2009 09:50;0;0
11-01-2009 09:51;0;0
11-01-2009 09:52;0;0
11-01-2009 09:53;0;0
11-01-2009 09:54;93;0
11-01-2009 09:55;0;0
11-01-2009 09:56;0;0
11-01-2009 09:57;29;0
11-01-2009 09:58;48;0
11-01-2009 09:59;86;0
11-01-2009 10:00;116;0
11-01-2009 10:01;111;0
11-01-2009 10:02;384;0
11-01-2009 10:03;83;0
11-01-2009 10:04;86;0
11-01-2009 10:05;42;0
11-01-2009 10:06;40;0
11-01-2009 10:07;100;0
11-01-2009 10:08;76;0
11-01-2009 10:09;104;0
11-01-2009 10:10;182;0
11-01-2009 10:11;223;0
11-01-2009 10:12;275;0
11-01-2009 10:13;157;0
11-01-2009 10:14;59;0
11-01-2009 10:15;29;0
11-01-2009 10:16;33;0
11-01-2009 10:17;3;0
11-01-2009 10:18;17;0
11-01-2009 10:19;7;0
11-01-2009 10:20;69;0
11-01-2009 10:21;137;0
11-01-2009 10:22;73;0
11-01-2009 10:23;189;0
11-01-2009 10:24;54;0
11-01-2009 10:25;29;0
11-01-2009 10:26;42;0
11-01-2009 10:27;55;0
11-01-2009 10:28;24;0
11-01-2009 10:29;80;0
11-01-2009 10:30;216;0
11-01-2009 10:31;80;0
11-01-2009 10:32;59;0
11-01-2009 10:33;59;0
11-01-2009 10:34;3;0
11-01-2009 10:35;126;0
11-01-2009 10:36;9;0
11-01-2009 10:37;73;0
11-01-2009 10:38;17;0
11-01-2009 10:39;9;0
11-01-2009 10:40;50;0
11-01-2009 10:41;38;0
11-01-2009 10:42;3;0
11-01-2009 10:43;9;0
11-01-2009 10:44;66;0
11-01-2009 10:45;35;0
11-01-2009 10:46;131;0
11-01-2009 10:47;550;0
11-01-2009 10:48;372;0
11-01-2009 10:49;834;1
11-01-2009 10:50;304;0
11-01-2009 10:51;567;0
11-01-2009 10:52;372;0
11-01-2009 10:53;325;0
11-01-2009 10:54;325;0
11-01-2009 10:55;498;0
11-01-2009 10:56;284;0
11-01-2009 10:57;410;0
11-01-2009 10:58;515;0
11-01-2009 10:59;384;0
11-01-2009 11:00;372;0
11-01-2009 11:01;195;0
11-01-2009 11:02;189;0
11-01-2009 11:03;348;0
11-01-2009 11:04;336;0
11-01-2009 11:05;396;0
11-01-2009 11:06;175;0
11-01-2009 11:07;249;0
11-01-2009 11:08;266;0
11-01-2009 11:09;266;0
11-01-2009 11:10;223;0
11-01-2009 11:11;467;0
11-01-2009 11:12;438;0
11-01-2009 11:13;137;0
11-01-2009 11:14;315;0
11-01-2009 11:15;43;0
11-01-2009 11:16;0;0
11-01-2009 11:17;0;0
11-01-2009 11:18;16;0
11-01-2009 11:19;0;0
11-01-2009 11:20;16;0
11-01-2009 11:21;9;0
11-01-2009 11:22;76;0
11-01-2009 11:23;157;0
11-01-2009 11:24;52;0
11-01-2009 11:25;131;0
11-01-2009 11:26;137;0
11-01-2009 11:27;55;0
11-01-2009 11:28;90;0
11-01-2009 11:29;131;0
11-01-2009 11:30;315;0
11-01-2009 11:31;275;0
11-01-2009 11:32;142;0
11-01-2009 11:33;294;0
11-01-2009 11:34;605;0
11-01-2009 11:35;624;0
11-01-2009 11:36;624;0
11-01-2009 11:37;372;0
11-01-2009 11:38;69;0
11-01-2009 11:39;0;0
11-01-2009 11:40;12;0
11-01-2009 11:41;62;0
11-01-2009 11:42;7;0
11-01-2009 11:43;152;0
11-01-2009 11:44;59;0
11-01-2009 11:45;45;0
11-01-2009 11:46;24;0
11-01-2009 11:47;19;0
11-01-2009 11:48;21;0
11-01-2009 11:49;80;0
11-01-2009 11:50;54;0
11-01-2009 11:51;38;0
11-01-2009 11:52;131;0
11-01-2009 11:53;325;0
11-01-2009 11:54;52;0
11-01-2009 11:55;232;0
11-01-2009 11:56;76;0
11-01-2009 11:57;66;0
11-01-2009 11:58;21;0
11-01-2009 11:59;22;0
11-01-2009 12:00;121;0
11-01-2009 12:01;14;0
11-01-2009 12:02;0;0
11-01-2009 12:03;0;0
11-01-2009 12:04;0;0
11-01-2009 12:05;0;0
11-01-2009 12:06;5;0
11-01-2009 12:07;104;0
11-01-2009 12:08;50;0
11-01-2009 12:09;90;0
11-01-2009 12:10;80;0
11-01-2009 12:11;19;0
11-01-2009 12:12;22;0
11-01-2009 12:13;93;0
11-01-2009 12:14;14;0
11-01-2009 12:15;38;0
11-01-2009 12:16;586;0
11-01-2009 12:17;223;0
11-01-2009 12:18;410;0
11-01-2009 12:19;410;0
11-01-2009 12:20;645;1
11-01-2009 12:21;121;0
11-01-2009 12:22;372;0
11-01-2009 12:23;266;0
11-01-2009 12:24;336;0
11-01-2009 12:25;294;0
11-01-2009 12:26;483;0
11-01-2009 12:27;107;0
11-01-2009 12:28;216;0
11-01-2009 12:29;152;0
11-01-2009 12:30;142;0
11-01-2009 12:31;121;0
11-01-2009 12:32;195;0
11-01-2009 12:33;116;0
11-01-2009 12:34;137;0
11-01-2009 12:35;202;0
11-01-2009 12:36;195;0
11-01-2009 12:37;121;0
11-01-2009 12:38;336;0
11-01-2009 12:39;258;0
11-01-2009 12:40;258;0
11-01-2009 12:41;645;1
11-01-2009 12:42;605;0
11-01-2009 12:43;189;0
11-01-2009 12:44;59;0
11-01-2009 12:45;3;0
11-01-2009 12:46;62;0
11-01-2009 12:47;48;0
11-01-2009 12:48;14;0
11-01-2009 12:49;0;0
11-01-2009 12:50;97;0
11-01-2009 12:51;29;0
11-01-2009 12:52;54;0
11-01-2009 12:53;80;0
11-01-2009 12:54;42;0
11-01-2009 12:55;36;0
11-01-2009 12:56;33;0
11-01-2009 12:57;59;0
11-01-2009 12:58;24;0
11-01-2009 12:59;26;0
11-01-2009 13:00;93;0
11-01-2009 13:01;157;0
11-01-2009 13:02;22;0
11-01-2009 13:03;59;0
11-01-2009 13:04;315;0
11-01-2009 13:05;24;0
11-01-2009 13:06;168;0
11-01-2009 13:07;43;0
11-01-2009 13:08;36;0
11-01-2009 13:09;73;0
11-01-2009 13:10;69;0
11-01-2009 13:11;9;0
11-01-2009 13:12;90;0
11-01-2009 13:13;66;0
11-01-2009 13:14;116;0
11-01-2009 13:15;28;0
11-01-2009 13:16;26;0
11-01-2009 13:17;40;0
11-01-2009 13:18;90;0
11-01-2009 13:19;59;0
11-01-2009 13:20;0;0
11-01-2009 13:21;0;0
11-01-2009 13:22;605;0
11-01-2009 13:23;515;0
11-01-2009 13:24;567;0
11-01-2009 13:25;240;0
11-01-2009 13:26;758;1
11-01-2009 13:27;483;0
11-01-2009 13:28;624;0
11-01-2009 13:29;223;0
11-01-2009 13:30;216;0
11-01-2009 13:31;175;0
11-01-2009 13:32;294;0
11-01-2009 13:33;111;0
11-01-2009 13:34;0;0
11-01-2009 13:35;126;0
11-01-2009 13:36;17;0
11-01-2009 13:37;45;0
11-01-2009 13:38;35;0
11-01-2009 13:39;0;0
11-01-2009 13:40;284;0
11-01-2009 13:41;0;0
11-01-2009 13:42;3;0
11-01-2009 13:43;424;0
11-01-2009 13:44;808;1
11-01-2009 13:45;410;0
11-01-2009 13:46;40;0
11-01-2009 13:47;0;0
11-01-2009 13:48;0;0
11-01-2009 13:49;266;0
11-01-2009 13:50;97;0
11-01-2009 13:51;100;0
11-01-2009 13:52;0;0
11-01-2009 13:53;0;0
11-01-2009 13:54;0;0
11-01-2009 13:55;0;0
11-01-2009 13:56;0;0
11-01-2009 13:57;59;0
11-01-2009 13:58;116;0
11-01-2009 13:59;19;0
11-01-2009 14:00;3;0
11-01-2009 14:01;152;0
11-01-2009 14:02;19;0
11-01-2009 14:03;19;0
11-01-2009 14:04;17;0
11-01-2009 14:05;69;0
11-01-2009 14:06;0;0
11-01-2009 14:07;116;0
11-01-2009 14:08;7;0
11-01-2009 14:09;76;0
11-01-2009 14:10;54;0
11-01-2009 14:11;76;0
11-01-2009 14:12;223;0
11-01-2009 14:13;232;0
11-01-2009 14:14;33;0
11-01-2009 14:15;86;0
11-01-2009 14:16;131;0
11-01-2009 14:17;348;0
11-01-2009 14:18;360;0
11-01-2009 14:19;645;1
11-01-2009 14:20;451;0
11-01-2009 14:21;147;0
11-01-2009 14:22;360;0
11-01-2009 14:23;232;0
11-01-2009 14:24;249;0
11-01-2009 14:25;266;0
11-01-2009 14:26;202;0
11-01-2009 14:27;258;0
11-01-2009 14:28;116;0
11-01-2009 14:29;107;0
11-01-2009 14:30;28;0
11-01-2009 14:31;202;0
11-01-2009 14:32;137;0
11-01-2009 14:33;38;0
11-01-2009 14:34;0;0
11-01-2009 14:35;483;0
11-01-2009 14:36;19;0
11-01-2009 14:37;38;0
11-01-2009 14:38;50;0
11-01-2009 14:39;5;0
11-01-2009 14:40;0;0
11-01-2009 14:41;0;0
11-01-2009 14:42;0;0
11-01-2009 14:43;69;0
11-01-2009 14:44;22;0
11-01-2009 14:45;0;0
11-01-2009 14:46;9;0
11-01-2009 14:47;14;0
11-01-2009 14:48;36;0
11-01-2009 14:49;73;0
11-01-2009 14:50;22;0
11-01-2009 14:51;24;0
11-01-2009 14:52;0;0
11-01-2009 14:53;50;0
11-01-2009 14:54;69;0
11-01-2009 14:55;19;0
11-01-2009 14:56;54;0
11-01-2009 14:57;7;0
11-01-2009 14:58;17;0
11-01-2009 14:59;14;0
11-01-2009 15:00;69;0
11-01-2009 15:01;624;0
11-01-2009 15:02;624;0
11-01-2009 15:03;451;0
11-01-2009 15:04;258;0
11-01-2009 15:05;550;0
11-01-2009 15:06;451;0
11-01-2009 15:07;586;0
11-01-2009 15:08;348;0
11-01-2009 15:09;137;0
11-01-2009 15:10;266;0
11-01-2009 15:11;111;0
11-01-2009 15:12;372;0
11-01-2009 15:13;216;0
11-01-2009 15:14;336;0
11-01-2009 15:15;550;0
11-01-2009 15:16;336;0
11-01-2009 15:17;315;0
11-01-2009 15:18;294;0
11-01-2009 15:19;175;0
11-01-2009 15:20;131;0
11-01-2009 15:21;157;0
11-01-2009 15:22;249;0
11-01-2009 15:23;223;0
11-01-2009 15:24;216;0
11-01-2009 15:25;325;0
11-01-2009 15:26;624;0
11-01-2009 15:27;567;0
11-01-2009 15:28;782;1
11-01-2009 15:29;396;0
11-01-2009 15:30;325;0
11-01-2009 15:31;42;0
11-01-2009 15:32;223;0
11-01-2009 15:33;152;0
11-01-2009 15:34;24;0
11-01-2009 15:35;5;0
11-01-2009 15:36;66;0
11-01-2009 15:37;0;0
11-01-2009 15:38;52;0
11-01-2009 15:39;5;0
11-01-2009 15:40;0;0
11-01-2009 15:41;0;0
11-01-2009 15:42;0;0
11-01-2009 15:43;59;0
11-01-2009 15:44;28;0
11-01-2009 15:45;24;0
11-01-2009 15:46;42;0
11-01-2009 15:47;29;0
11-01-2009 15:48;26;0
11-01-2009 15:49;47;0
11-01-2009 15:50;45;0
11-01-2009 15:51;21;0
11-01-2009 15:52;12;0
11-01-2009 15:53;54;0
11-01-2009 15:54;28;0
11-01-2009 15:55;90;0
11-01-2009 15:56;9;0
11-01-2009 15:57;59;0
11-01-2009 15:58;12;0
11-01-2009 15:59;33;0
11-01-2009 16:00;19;0
11-01-2009 16:01;111;0
11-01-2009 16:02;131;0
11-01-2009 16:03;782;1
11-01-2009 16:04;142;0
11-01-2009 16:05;24;0
11-01-2009 16:06;28;0
11-01-2009 16:07;47;0
11-01-2009 16:08;69;0
11-01-2009 16:09;97;0
11-01-2009 16:10;54;0
11-01-2009 16:11;104;0
11-01-2009 16:12;100;0
11-01-2009 16:13;66;0
11-01-2009 16:14;7;0
11-01-2009 16:15;21;0
11-01-2009 16:16;26;0
11-01-2009 16:17;93;0
11-01-2009 16:18;62;0
11-01-2009 16:19;93;0
11-01-2009 16:20;152;0
11-01-2009 16:21;54;0
11-01-2009 16:22;33;0
11-01-2009 16:23;59;0
11-01-2009 16:24;66;0
11-01-2009 16:25;52;0
11-01-2009 16:26;142;0
11-01-2009 16:27;195;0
11-01-2009 16:28;73;0
11-01-2009 16:29;19;0
11-01-2009 16:30;62;0
11-01-2009 16:31;24;0
11-01-2009 16:32;1301;1
11-01-2009 16:33;1475;1
11-01-2009 16:34;533;0
11-01-2009 16:35;424;0
11-01-2009 16:36;33;0
11-01-2009 16:37;438;0
11-01-2009 16:38;666;1
11-01-2009 16:39;1386;1
11-01-2009 16:40;163;0
11-01-2009 16:41;62;0
11-01-2009 16:42;0;0
11-01-2009 16:43;24;0
11-01-2009 16:44;43;0
11-01-2009 16:45;0;0
11-01-2009 16:46;21;0
11-01-2009 16:47;50;0
11-01-2009 16:48;50;0
11-01-2009 16:49;62;0
11-01-2009 16:50;21;0
11-01-2009 16:51;54;0
11-01-2009 16:52;97;0
11-01-2009 16:53;66;0
11-01-2009 16:54;59;0
11-01-2009 16:55;52;0
11-01-2009 16:56;168;0
11-01-2009 16:57;688;1
11-01-2009 16:58;1183;1
11-01-2009 16:59;1110;1
11-01-2009 17:00;834;1
11-01-2009 17:01;360;0
11-01-2009 17:02;605;0
11-01-2009 17:03;1076;1
11-01-2009 17:04;782;1
11-01-2009 17:05;624;0
11-01-2009 17:06;688;1
11-01-2009 17:07;396;0
11-01-2009 17:08;304;0
11-01-2009 17:09;240;0
11-01-2009 17:10;483;0
11-01-2009 17:11;209;0
11-01-2009 17:12;111;0
11-01-2009 17:13;107;0
11-01-2009 17:14;223;0
11-01-2009 17:15;157;0
11-01-2009 17:16;424;0
11-01-2009 17:17;688;1
11-01-2009 17:18;483;0
11-01-2009 17:19;275;0
11-01-2009 17:20;294;0
11-01-2009 17:21;232;0
11-01-2009 17:22;131;0
11-01-2009 17:23;304;0
11-01-2009 17:24;808;1
11-01-2009 17:25;861;1
11-01-2009 17:26;688;1
11-01-2009 17:27;586;0
11-01-2009 17:28;1301;1
11-01-2009 17:29;550;0
11-01-2009 17:30;348;0
11-01-2009 17:31;195;0
11-01-2009 17:32;116;0
11-01-2009 17:33;157;0
11-01-2009 17:34;1571;1
11-01-2009 17:35;1183;1
11-01-2009 17:36;645;1
11-01-2009 17:37;533;0
11-01-2009 17:38;336;0
11-01-2009 17:39;410;0
11-01-2009 17:40;605;0
11-01-2009 17:41;666;1
11-01-2009 17:42;550;0
11-01-2009 17:43;782;1
11-01-2009 17:44;758;1
11-01-2009 17:45;80;0
11-01-2009 17:46;76;0
11-01-2009 17:47;168;0
11-01-2009 17:48;304;0
11-01-2009 17:49;232;0
11-01-2009 17:50;424;0
11-01-2009 17:51;424;0
11-01-2009 17:52;336;0
11-01-2009 17:53;861;1
11-01-2009 17:54;325;0
11-01-2009 17:55;550;0
11-01-2009 17:56;424;0
11-01-2009 17:57;808;1
11-01-2009 17:58;889;1
11-01-2009 17:59;918;1
11-01-2009 18:00;483;0
11-01-2009 18:01;315;0
11-01-2009 18:02;315;0
11-01-2009 18:03;266;0
11-01-2009 18:04;384;0
11-01-2009 18:05;0;0
11-01-2009 18:06;17;0
11-01-2009 18:07;0;0
11-01-2009 18:08;3;0
11-01-2009 18:09;0;0
11-01-2009 18:10;35;0
11-01-2009 18:11;9;0
11-01-2009 18:12;17;0
11-01-2009 18:13;711;1
11-01-2009 18:14;948;1
11-01-2009 18:15;336;0
11-01-2009 18:16;360;0
11-01-2009 18:17;979;1
11-01-2009 18:18;202;0
11-01-2009 18:19;0;0
11-01-2009 18:20;0;0
11-01-2009 18:21;0;0
11-01-2009 18:22;0;0
11-01-2009 18:23;0;0
11-01-2009 18:24;0;0
11-01-2009 18:25;0;0
11-01-2009 18:26;0;0
11-01-2009 18:27;0;0
11-01-2009 18:28;0;0
11-01-2009 18:29;0;0
11-01-2009 18:30;0;0
11-01-2009 18:31;0;0
11-01-2009 18:32;0;0
11-01-2009 18:33;0;0
11-01-2009 18:34;0;0
11-01-2009 18:35;0;0
11-01-2009 18:36;0;0
11-01-2009 18:37;0;0
11-01-2009 18:38;0;0
11-01-2009 18:39;0;0
11-01-2009 18:40;0;0
11-01-2009 18:41;0;0
11-01-2009 18:42;0;0
11-01-2009 18:43;0;0
11-01-2009 18:44;0;0
11-01-2009 18:45;0;0
11-01-2009 18:46;0;0
11-01-2009 18:47;0;0
11-01-2009 18:48;0;0
11-01-2009 18:49;0;0
11-01-2009 18:50;0;0
11-01-2009 18:51;0;0
11-01-2009 18:52;0;0
11-01-2009 18:53;0;0
11-01-2009 18:54;0;0
11-01-2009 18:55;83;0
11-01-2009 18:56;889;1
11-01-2009 18:57;348;0
11-01-2009 18:58;758;1
11-01-2009 18:59;586;0
11-01-2009 19:00;624;0
11-01-2009 19:01;348;0
11-01-2009 19:02;249;0
11-01-2009 19:03;240;0
11-01-2009 19:04;55;0
11-01-2009 19:05;182;0
11-01-2009 19:06;9;0
11-01-2009 19:07;31;0
11-01-2009 19:08;42;0
11-01-2009 19:09;0;0
11-01-2009 19:10;16;0
11-01-2009 19:11;315;0
11-01-2009 19:12;137;0
11-01-2009 19:13;258;0
11-01-2009 19:14;336;0
11-01-2009 19:15;121;0
11-01-2009 19:16;0;0
11-01-2009 19:17;0;0
11-01-2009 19:18;0;0
11-01-2009 19:19;76;0
11-01-2009 19:20;131;0
11-01-2009 19:21;0;0
11-01-2009 19:22;202;0
11-01-2009 19:23;19;0
11-01-2009 19:24;36;0
11-01-2009 19:25;258;0
11-01-2009 19:26;240;0
11-01-2009 19:27;43;0
11-01-2009 19:28;100;0
11-01-2009 19:29;69;0
11-01-2009 19:30;3;0
11-01-2009 19:31;0;0
11-01-2009 19:32;0;0
11-01-2009 19:33;0;0
11-01-2009 19:34;0;0
11-01-2009 19:35;0;0
11-01-2009 19:36;0;0
11-01-2009 19:37;0;0
11-01-2009 19:38;189;0
11-01-2009 19:39;0;0
11-01-2009 19:40;0;0
11-01-2009 19:41;9;0
11-01-2009 19:42;16;0
11-01-2009 19:43;29;0
11-01-2009 19:44;36;0
11-01-2009 19:45;97;0
11-01-2009 19:46;86;0
11-01-2009 19:47;59;0
11-01-2009 19:48;21;0
11-01-2009 19:49;55;0
11-01-2009 19:50;304;0
11-01-2009 19:51;550;0
11-01-2009 19:52;424;0
11-01-2009 19:53;733;1
11-01-2009 19:54;438;0
11-01-2009 19:55;1183;1
11-01-2009 19:56;711;1
11-01-2009 19:57;1261;1
11-01-2009 19:58;424;0
11-01-2009 19:59;666;1
11-01-2009 20:00;688;1
11-01-2009 20:01;979;1
11-01-2009 20:02;861;1
11-01-2009 20:03;467;0
11-01-2009 20:04;533;0
11-01-2009 20:05;168;0
11-01-2009 20:06;711;1
11-01-2009 20:07;304;0
11-01-2009 20:08;586;0
11-01-2009 20:09;666;1
11-01-2009 20:10;424;0
11-01-2009 20:11;304;0
11-01-2009 20:12;1386;1
11-01-2009 20:13;216;0
11-01-2009 20:14;0;0
11-01-2009 20:15;0;0
11-01-2009 20:16;0;0
11-01-2009 20:17;0;0
11-01-2009 20:18;0;0
11-01-2009 20:19;0;0
11-01-2009 20:20;0;0
11-01-2009 20:21;0;0
11-01-2009 20:22;0;0
11-01-2009 20:23;0;0
11-01-2009 20:24;0;0
11-01-2009 20:25;223;0
11-01-2009 20:26;645;1
11-01-2009 20:27;861;1
11-01-2009 20:28;175;0
11-01-2009 20:29;29;0
11-01-2009 20:30;0;0
11-01-2009 20:31;0;0
11-01-2009 20:32;384;0
11-01-2009 20:33;315;0
11-01-2009 20:34;116;0
11-01-2009 20:35;0;0
11-01-2009 20:36;0;0
11-01-2009 20:37;0;0
11-01-2009 20:38;0;0
11-01-2009 20:39;0;0
11-01-2009 20:40;0;0
11-01-2009 20:41;104;0
11-01-2009 20:42;7;0
11-01-2009 20:43;12;0
11-01-2009 20:44;10;0
11-01-2009 20:45;3;0
11-01-2009 20:46;0;0
11-01-2009 20:47;182;0
11-01-2009 20:48;12;0
11-01-2009 20:49;29;0
11-01-2009 20:50;3;0
11-01-2009 20:51;3;0
11-01-2009 20:52;12;0
11-01-2009 20:53;28;0
11-01-2009 20:54;0;0
11-01-2009 20:55;0;0
11-01-2009 20:56;0;0
11-01-2009 20:57;21;0
11-01-2009 20:58;29;0
11-01-2009 20:59;3;0
11-01-2009 21:00;35;0
11-01-2009 21:01;336;0
11-01-2009 21:02;325;0
11-01-2009 21:03;410;0
11-01-2009 21:04;104;0
11-01-2009 21:05;0;0
11-01-2009 21:06;0;0
11-01-2009 21:07;5;0
11-01-2009 21:08;0;0
11-01-2009 21:09;0;0
11-01-2009 21:10;0;0
11-01-2009 21:11;12;0
11-01-2009 21:12;42;0
11-01-2009 21:13;16;0
11-01-2009 21:14;0;0
11-01-2009 21:15;21;0
11-01-2009 21:16;9;0
11-01-2009 21:17;9;0
11-01-2009 21:18;10;0
11-01-2009 21:19;55;0
11-01-2009 21:20;0;0
11-01-2009 21:21;29;0
11-01-2009 21:22;16;0
11-01-2009 21:23;42;0
11-01-2009 21:24;62;0
11-01-2009 21:25;40;0
11-01-2009 21:26;22;0
11-01-2009 21:27;73;0
11-01-2009 21:28;0;0
11-01-2009 21:29;0;0
11-01-2009 21:30;3;0
11-01-2009 21:31;54;0
11-01-2009 21:32;0;0
11-01-2009 21:33;0;0
11-01-2009 21:34;14;0
11-01-2009 21:35;142;0
11-01-2009 21:36;232;0
11-01-2009 21:37;137;0
11-01-2009 21:38;336;0
11-01-2009 21:39;284;0
11-01-2009 21:40;304;0
11-01-2009 21:41;315;0
11-01-2009 21:42;294;0
11-01-2009 21:43;688;1
11-01-2009 21:44;116;0
11-01-2009 21:45;29;0
11-01-2009 21:46;202;0
11-01-2009 21:47;202;0
11-01-2009 21:48;175;0
11-01-2009 21:49;111;0
11-01-2009 21:50;605;0
11-01-2009 21:51;1430;1
11-01-2009 21:52;38;0
11-01-2009 21:53;0;0
11-01-2009 21:54;0;0
11-01-2009 21:55;0;0
11-01-2009 21:56;0;0
11-01-2009 21:57;232;0
11-01-2009 21:58;59;0
11-01-2009 21:59;3;0
11-01-2009 22:00;0;0
11-01-2009 22:01;9;0
11-01-2009 22:02;0;0
11-01-2009 22:03;168;0
11-01-2009 22:04;0;0
11-01-2009 22:05;175;0
11-01-2009 22:06;157;0
11-01-2009 22:07;372;0
11-01-2009 22:08;83;0
11-01-2009 22:09;284;0
11-01-2009 22:10;410;0
11-01-2009 22:11;249;0
11-01-2009 22:12;410;0
11-01-2009 22:13;62;0
11-01-2009 22:14;0;0
11-01-2009 22:15;0;0
11-01-2009 22:16;0;0
11-01-2009 22:17;258;0
11-01-2009 22:18;0;0
11-01-2009 22:19;0;0
11-01-2009 22:20;0;0
11-01-2009 22:21;0;0
11-01-2009 22:22;0;0
11-01-2009 22:23;0;0
11-01-2009 22:24;83;0
11-01-2009 22:25;0;0
11-01-2009 22:26;0;0
11-01-2009 22:27;0;0
11-01-2009 22:28;0;0
11-01-2009 22:29;0;0
11-01-2009 22:30;31;0
11-01-2009 22:31;0;0
11-01-2009 22:32;0;0
11-01-2009 22:33;0;0
11-01-2009 22:34;0;0
11-01-2009 22:35;0;0
11-01-2009 22:36;0;0
11-01-2009 22:37;0;0
11-01-2009 22:38;0;0
11-01-2009 22:39;0;0
11-01-2009 22:40;0;0
11-01-2009 22:41;0;0
11-01-2009 22:42;0;0
11-01-2009 22:43;0;0
11-01-2009 22:44;0;0
11-01-2009 22:45;0;0
11-01-2009 22:46;0;0
11-01-2009 22:47;0;0
11-01-2009 22:48;0;0
11-01-2009 22:49;0;0
11-01-2009 22:50;0;0
11-01-2009 22:51;0;0
11-01-2009 22:52;0;0
11-01-2009 22:53;0;0
11-01-2009 22:54;0;0
11-01-2009 22:55;0;0
11-01-2009 22:56;0;0
11-01-2009 22:57;0;0
11-01-2009 22:58;0;0
11-01-2009 22:59;0;0
11-01-2009 23:00;0;0
11-01-2009 23:01;0;0
11-01-2009 23:02;0;0
11-01-2009 23:03;0;0
11-01-2009 23:04;21;0
11-01-2009 23:05;0;0
11-01-2009 23:06;0;0
11-01-2009 23:07;0;0
11-01-2009 23:08;0;0
11-01-2009 23:09;0;0
11-01-2009 23:10;0;0
11-01-2009 23:11;0;0
11-01-2009 23:12;0;0
11-01-2009 23:13;0;0
11-01-2009 23:14;0;0
11-01-2009 23:15;0;0
11-01-2009 23:16;0;0
11-01-2009 23:17;0;0
11-01-2009 23:18;0;0
11-01-2009 23:19;0;0
11-01-2009 23:20;0;0
11-01-2009 23:21;0;0
11-01-2009 23:22;137;0
11-01-2009 23:23;0;0
11-01-2009 23:24;0;0
11-01-2009 23:25;26;0
11-01-2009 23:26;0;0
11-01-2009 23:27;0;0
11-01-2009 23:28;17;0
11-01-2009 23:29;26;0
11-01-2009 23:30;0;0
11-01-2009 23:31;0;0
11-01-2009 23:32;0;0
11-01-2009 23:33;0;0
11-01-2009 23:34;0;0
11-01-2009 23:35;0;0
11-01-2009 23:36;0;0
11-01-2009 23:37;0;0
11-01-2009 23:38;0;0
11-01-2009 23:39;0;0
11-01-2009 23:40;0;0
11-01-2009 23:41;0;0
11-01-2009 23:42;0;0
11-01-2009 23:43;0;0
11-01-2009 23:44;0;0
11-01-2009 23:45;0;0
11-01-2009 23:46;0;0
11-01-2009 23:47;0;0
11-01-2009 23:48;0;0
11-01-2009 23:49;0;0
11-01-2009 23:50;0;0
11-01-2009 23:51;0;0
11-01-2009 23:52;0;0
11-01-2009 23:53;0;0
11-01-2009 23:54;0;0
11-01-2009 23:55;5;0
11-01-2009 23:56;0;0
11-01-2009 23:57;0;0
11-01-2009 23:58;0;0
11-01-2009 23:59;0;0
11-02-2009 00:00;0;0
11-02-2009 00:01;0;0
11-02-2009 00:02;0;0
11-02-2009 00:03;0;0
11-02-2009 00:04;0;0
11-02-2009 00:05;0;0
11-02-2009 00:06;0;0
11-02-2009 00:07;223;0
11-02-2009 00:08;0;0
11-02-2009 00:09;0;0
11-02-2009 00:10;0;0
11-02-2009 00:11;0;0
11-02-2009 00:12;0;0
11-02-2009 00:13;0;0
11-02-2009 00:14;0;0
11-02-2009 00:15;0;0
11-02-2009 00:16;0;0
11-02-2009 00:17;0;0
11-02-2009 00:18;111;0
11-02-2009 00:19;0;0
11-02-2009 00:20;0;0
11-02-2009 00:21;0;0
11-02-2009 00:22;0;0
11-02-2009 00:23;0;0
11-02-2009 00:24;0;0
11-02-2009 00:25;0;0
11-02-2009 00:26;0;0
11-02-2009 00:27;0;0
11-02-2009 00:28;0;0
11-02-2009 00:29;0;0
11-02-2009 00:30;0;0
11-02-2009 00:31;0;0
11-02-2009 00:32;0;0
11-02-2009 00:33;0;0
11-02-2009 00:34;24;0
11-02-2009 00:35;16;0
11-02-2009 00:36;7;0
11-02-2009 00:37;0;0
11-02-2009 00:38;0;0
11-02-2009 00:39;0;0
11-02-2009 00:40;40;0
11-02-2009 00:41;0;0
11-02-2009 00:42;0;0
11-02-2009 00:43;48;0
11-02-2009 00:44;0;0
11-02-2009 00:45;0;0
11-02-2009 00:46;16;0
11-02-2009 00:47;0;0
11-02-2009 00:48;0;0
11-02-2009 00:49;0;0
11-02-2009 00:50;0;0
11-02-2009 00:51;0;0
11-02-2009 00:52;0;0
11-02-2009 00:53;0;0
11-02-2009 00:54;0;0
11-02-2009 00:55;0;0
11-02-2009 00:56;0;0
11-02-2009 00:57;0;0
11-02-2009 00:58;0;0
11-02-2009 00:59;249;0
11-02-2009 01:00;396;0
11-02-2009 01:01;40;0
11-02-2009 01:02;0;0
11-02-2009 01:03;0;0
11-02-2009 01:04;0;0
11-02-2009 01:05;0;0
11-02-2009 01:06;0;0
11-02-2009 01:07;0;0
11-02-2009 01:08;0;0
11-02-2009 01:09;0;0
11-02-2009 01:10;0;0
11-02-2009 01:11;0;0
11-02-2009 01:12;76;0
11-02-2009 01:13;223;0
11-02-2009 01:14;0;0
11-02-2009 01:15;0;0
11-02-2009 01:16;0;0
11-02-2009 01:17;0;0
11-02-2009 01:18;0;0
11-02-2009 01:19;0;0
11-02-2009 01:20;0;0
11-02-2009 01:21;0;0
11-02-2009 01:22;0;0
11-02-2009 01:23;0;0
11-02-2009 01:24;0;0
11-02-2009 01:25;0;0
11-02-2009 01:26;0;0
11-02-2009 01:27;0;0
11-02-2009 01:28;0;0
11-02-2009 01:29;0;0
11-02-2009 01:30;0;0
11-02-2009 01:31;0;0
11-02-2009 01:32;0;0
11-02-2009 01:33;0;0
11-02-2009 01:34;0;0
11-02-2009 01:35;0;0
11-02-2009 01:36;0;0
11-02-2009 01:37;0;0
11-02-2009 01:38;0;0
11-02-2009 01:39;0;0
11-02-2009 01:40;0;0
11-02-2009 01:41;0;0
11-02-2009 01:42;0;0
11-02-2009 01:43;0;0
11-02-2009 01:44;0;0
11-02-2009 01:45;0;0
11-02-2009 01:46;0;0
11-02-2009 01:47;0;0
11-02-2009 01:48;0;0
11-02-2009 01:49;0;0
11-02-2009 01:50;0;0
11-02-2009 01:51;0;0
11-02-2009 01:52;0;0
11-02-2009 01:53;0;0
11-02-2009 01:54;59;0
11-02-2009 01:55;0;0
11-02-2009 01:56;0;0
11-02-2009 01:57;0;0
11-02-2009 01:58;42;0
11-02-2009 01:59;0;0
11-02-2009 02:00;0;0
11-02-2009 02:01;0;0
11-02-2009 02:02;0;0
11-02-2009 02:03;0;0
11-02-2009 02:04;0;0
11-02-2009 02:05;0;0
11-02-2009 02:06;7;0
11-02-2009 02:07;3;0
11-02-2009 02:08;0;0
11-02-2009 02:09;0;0
11-02-2009 02:10;0;0
11-02-2009 02:11;0;0
11-02-2009 02:12;0;0
11-02-2009 02:13;0;0
11-02-2009 02:14;0;0
11-02-2009 02:15;0;0
11-02-2009 02:16;0;0
11-02-2009 02:17;0;0
11-02-2009 02:18;0;0
11-02-2009 02:19;0;0
11-02-2009 02:20;240;0
11-02-2009 02:21;0;0
11-02-2009 02:22;0;0
11-02-2009 02:23;0;0
11-02-2009 02:24;0;0
11-02-2009 02:25;0;0
11-02-2009 02:26;40;0
11-02-2009 02:27;0;0
11-02-2009 02:28;0;0
11-02-2009 02:29;0;0
11-02-2009 02:30;0;0
11-02-2009 02:31;0;0
11-02-2009 02:32;0;0
11-02-2009 02:33;0;0
11-02-2009 02:34;116;0
11-02-2009 02:35;0;0
11-02-2009 02:36;0;0
11-02-2009 02:37;9;0
11-02-2009 02:38;0;0
11-02-2009 02:39;29;0
11-02-2009 02:40;0;0
11-02-2009 02:41;0;0
11-02-2009 02:42;0;0
11-02-2009 02:43;0;0
11-02-2009 02:44;0;0
11-02-2009 02:45;0;0
11-02-2009 02:46;0;0
11-02-2009 02:47;28;0
11-02-2009 02:48;80;0
11-02-2009 02:49;0;0
11-02-2009 02:50;0;0
11-02-2009 02:51;0;0
11-02-2009 02:52;163;0
11-02-2009 02:53;0;0
11-02-2009 02:54;0;0
11-02-2009 02:55;0;0
11-02-2009 02:56;0;0
11-02-2009 02:57;0;0
11-02-2009 02:58;0;0
11-02-2009 02:59;0;0
11-02-2009 03:00;0;0
11-02-2009 03:01;0;0
11-02-2009 03:02;0;0
11-02-2009 03:03;0;0
11-02-2009 03:04;0;0
11-02-2009 03:05;0;0
11-02-2009 03:06;0;0
11-02-2009 03:07;0;0
11-02-2009 03:08;0;0
11-02-2009 03:09;17;0
11-02-2009 03:10;0;0
11-02-2009 03:11;0;0
11-02-2009 03:12;0;0
11-02-2009 03:13;0;0
11-02-2009 03:14;0;0
11-02-2009 03:15;0;0
11-02-2009 03:16;0;0
11-02-2009 03:17;116;0
11-02-2009 03:18;0;0
11-02-2009 03:19;0;0
11-02-2009 03:20;0;0
11-02-2009 03:21;0;0
11-02-2009 03:22;0;0
11-02-2009 03:23;0;0
11-02-2009 03:24;0;0
11-02-2009 03:25;0;0
11-02-2009 03:26;0;0
11-02-2009 03:27;0;0
11-02-2009 03:28;0;0
11-02-2009 03:29;0;0
11-02-2009 03:30;0;0
11-02-2009 03:31;0;0
11-02-2009 03:32;0;0
11-02-2009 03:33;55;0
11-02-2009 03:34;17;0
11-02-2009 03:35;0;0
11-02-2009 03:36;0;0
11-02-2009 03:37;55;0
11-02-2009 03:38;0;0
11-02-2009 03:39;0;0
11-02-2009 03:40;0;0
11-02-2009 03:41;0;0
11-02-2009 03:42;0;0
11-02-2009 03:43;0;0
11-02-2009 03:44;0;0
11-02-2009 03:45;0;0
11-02-2009 03:46;10;0
11-02-2009 03:47;0;0
11-02-2009 03:48;0;0
11-02-2009 03:49;0;0
11-02-2009 03:50;0;0
11-02-2009 03:51;0;0
11-02-2009 03:52;0;0
11-02-2009 03:53;0;0
11-02-2009 03:54;0;0
11-02-2009 03:55;0;0
11-02-2009 03:56;0;0
11-02-2009 03:57;0;0
11-02-2009 03:58;0;0
11-02-2009 03:59;0;0
11-02-2009 04:00;0;0
11-02-2009 04:01;0;0
11-02-2009 04:02;0;0
11-02-2009 04:03;0;0
11-02-2009 04:04;0;0
11-02-2009 04:05;0;0
11-02-2009 04:06;0;0
11-02-2009 04:07;0;0
11-02-2009 04:08;0;0
11-02-2009 04:09;0;0
11-02-2009 04:10;0;0
11-02-2009 04:11;0;0
11-02-2009 04:12;0;0
11-02-2009 04:13;59;0
11-02-2009 04:14;116;0
11-02-2009 04:15;0;0
11-02-2009 04:16;0;0
11-02-2009 04:17;0;0
11-02-2009 04:18;0;0
11-02-2009 04:19;0;0
11-02-2009 04:20;9;0
11-02-2009 04:21;0;0
11-02-2009 04:22;0;0
11-02-2009 04:23;0;0
11-02-2009 04:24;73;0
11-02-2009 04:25;9;0
11-02-2009 04:26;0;0
11-02-2009 04:27;0;0
11-02-2009 04:28;22;0
11-02-2009 04:29;5;0
11-02-2009 04:30;0;0
11-02-2009 04:31;0;0
11-02-2009 04:32;0;0
11-02-2009 04:33;62;0
11-02-2009 04:34;0;0
11-02-2009 04:35;0;0
11-02-2009 04:36;10;0
11-02-2009 04:37;0;0
11-02-2009 04:38;100;0
11-02-2009 04:39;0;0
11-02-2009 04:40;14;0
11-02-2009 04:41;396;0
11-02-2009 04:42;284;0
11-02-2009 04:43;195;0
11-02-2009 04:44;3;0
11-02-2009 04:45;0;0
11-02-2009 04:46;0;0
11-02-2009 04:47;232;0
11-02-2009 04:48;55;0
11-02-2009 04:49;93;0
11-02-2009 04:50;0;0
11-02-2009 04:51;0;0
11-02-2009 04:52;0;0
11-02-2009 04:53;0;0
11-02-2009 04:54;33;0
11-02-2009 04:55;0;0
11-02-2009 04:56;0;0
11-02-2009 04:57;0;0
11-02-2009 04:58;0;0
11-02-2009 04:59;0;0
11-02-2009 05:00;0;0
11-02-2009 05:01;0;0
11-02-2009 05:02;0;0
11-02-2009 05:03;47;0
11-02-2009 05:04;0;0
11-02-2009 05:05;0;0
11-02-2009 05:06;0;0
11-02-2009 05:07;0;0
11-02-2009 05:08;35;0
11-02-2009 05:09;0;0
11-02-2009 05:10;0;0
11-02-2009 05:11;0;0
11-02-2009 05:12;0;0
11-02-2009 05:13;0;0
11-02-2009 05:14;0;0
11-02-2009 05:15;0;0
11-02-2009 05:16;0;0
11-02-2009 05:17;209;0
11-02-2009 05:18;0;0
11-02-2009 05:19;0;0
11-02-2009 05:20;0;0
11-02-2009 05:21;0;0
11-02-2009 05:22;0;0
11-02-2009 05:23;0;0
11-02-2009 05:24;0;0
11-02-2009 05:25;0;0
11-02-2009 05:26;0;0
11-02-2009 05:27;0;0
11-02-2009 05:28;0;0
11-02-2009 05:29;0;0
11-02-2009 05:30;0;0
11-02-2009 05:31;0;0
11-02-2009 05:32;0;0
11-02-2009 05:33;0;0
11-02-2009 05:34;0;0
11-02-2009 05:35;0;0
11-02-2009 05:36;0;0
11-02-2009 05:37;0;0
11-02-2009 05:38;0;0
11-02-2009 05:39;0;0
11-02-2009 05:40;0;0
11-02-2009 05:41;59;0
11-02-2009 05:42;0;0
11-02-2009 05:43;0;0
11-02-2009 05:44;0;0
11-02-2009 05:45;0;0
11-02-2009 05:46;0;0
11-02-2009 05:47;0;0
11-02-2009 05:48;0;0
11-02-2009 05:49;0;0
11-02-2009 05:50;0;0
11-02-2009 05:51;0;0
11-02-2009 05:52;69;0
11-02-2009 05:53;0;0
11-02-2009 05:54;0;0
11-02-2009 05:55;0;0
11-02-2009 05:56;0;0
11-02-2009 05:57;3;0
11-02-2009 05:58;22;0
11-02-2009 05:59;189;0
11-02-2009 06:00;0;0
11-02-2009 06:01;0;0
11-02-2009 06:02;0;0
11-02-2009 06:03;0;0
11-02-2009 06:04;0;0
11-02-2009 06:05;76;0
11-02-2009 06:06;0;0
11-02-2009 06:07;0;0
11-02-2009 06:08;0;0
11-02-2009 06:09;0;0
11-02-2009 06:10;76;0
11-02-2009 06:11;0;0
11-02-2009 06:12;0;0
11-02-2009 06:13;0;0
11-02-2009 06:14;0;0
11-02-2009 06:15;182;0
11-02-2009 06:16;12;0
11-02-2009 06:17;10;0
11-02-2009 06:18;0;0
11-02-2009 06:19;0;0
11-02-2009 06:20;7;0
11-02-2009 06:21;0;0
11-02-2009 06:22;0;0
11-02-2009 06:23;0;0
11-02-2009 06:24;3;0
11-02-2009 06:25;275;0
11-02-2009 06:26;0;0
11-02-2009 06:27;0;0
11-02-2009 06:28;0;0
11-02-2009 06:29;0;0
11-02-2009 06:30;100;0
11-02-2009 06:31;21;0
11-02-2009 06:32;410;0
11-02-2009 06:33;861;1
11-02-2009 06:34;918;1
11-02-2009 06:35;979;1
11-02-2009 06:36;1010;1
11-02-2009 06:37;372;0
11-02-2009 06:38;451;0
11-02-2009 06:39;424;0
11-02-2009 06:40;275;0
11-02-2009 06:41;304;0
11-02-2009 06:42;396;0
11-02-2009 06:43;666;1
11-02-2009 06:44;605;0
11-02-2009 06:45;275;0
11-02-2009 06:46;21;0
11-02-2009 06:47;9;0
11-02-2009 06:48;232;0
11-02-2009 06:49;515;0
11-02-2009 06:50;360;0
11-02-2009 06:51;467;0
11-02-2009 06:52;360;0
11-02-2009 06:53;918;1
11-02-2009 06:54;315;0
11-02-2009 06:55;889;1
11-02-2009 06:56;533;0
11-02-2009 06:57;304;0
11-02-2009 06:58;1043;1
11-02-2009 06:59;258;0
11-02-2009 07:00;515;0
11-02-2009 07:01;550;0
11-02-2009 07:02;284;0
11-02-2009 07:03;216;0
11-02-2009 07:04;175;0
11-02-2009 07:05;175;0
11-02-2009 07:06;336;0
11-02-2009 07:07;424;0
11-02-2009 07:08;605;0
11-02-2009 07:09;782;1
11-02-2009 07:10;195;0
11-02-2009 07:11;24;0
11-02-2009 07:12;97;0
11-02-2009 07:13;43;0
11-02-2009 07:14;223;0
11-02-2009 07:15;325;0
11-02-2009 07:16;372;0
11-02-2009 07:17;304;0
11-02-2009 07:18;157;0
11-02-2009 07:19;861;1
11-02-2009 07:20;157;0
11-02-2009 07:21;424;0
11-02-2009 07:22;567;0
11-02-2009 07:23;645;1
11-02-2009 07:24;137;0
11-02-2009 07:25;104;0
11-02-2009 07:26;45;0
11-02-2009 07:27;19;0
11-02-2009 07:28;9;0
11-02-2009 07:29;59;0
11-02-2009 07:30;438;0
11-02-2009 07:31;76;0
11-02-2009 07:32;348;0
11-02-2009 07:33;54;0
11-02-2009 07:34;33;0
11-02-2009 07:35;28;0
11-02-2009 07:36;73;0
11-02-2009 07:37;142;0
11-02-2009 07:38;808;1
11-02-2009 07:39;55;0
11-02-2009 07:40;126;0
11-02-2009 07:41;52;0
11-02-2009 07:42;240;0
11-02-2009 07:43;137;0
11-02-2009 07:44;42;0
11-02-2009 07:45;40;0
11-02-2009 07:46;62;0
11-02-2009 07:47;38;0
11-02-2009 07:48;175;0
11-02-2009 07:49;69;0
11-02-2009 07:50;189;0
11-02-2009 07:51;36;0
11-02-2009 07:52;59;0
11-02-2009 07:53;147;0
11-02-2009 07:54;275;0
11-02-2009 07:55;36;0
11-02-2009 07:56;62;0
11-02-2009 07:57;69;0
11-02-2009 07:58;19;0
11-02-2009 07:59;182;0
11-02-2009 08:00;66;0
11-02-2009 08:01;131;0
11-02-2009 08:02;17;0
11-02-2009 08:03;0;0
11-02-2009 08:04;126;0
11-02-2009 08:05;19;0
11-02-2009 08:06;80;0
11-02-2009 08:07;216;0
11-02-2009 08:08;62;0
11-02-2009 08:09;40;0
11-02-2009 08:10;59;0
11-02-2009 08:11;126;0
11-02-2009 08:12;3;0
11-02-2009 08:13;66;0
11-02-2009 08:14;304;0
11-02-2009 08:15;17;0
11-02-2009 08:16;16;0
11-02-2009 08:17;36;0
11-02-2009 08:18;76;0
11-02-2009 08:19;24;0
11-02-2009 08:20;83;0
11-02-2009 08:21;69;0
11-02-2009 08:22;100;0
11-02-2009 08:23;80;0
11-02-2009 08:24;152;0
11-02-2009 08:25;36;0
11-02-2009 08:26;240;0
11-02-2009 08:27;24;0
11-02-2009 08:28;69;0
11-02-2009 08:29;5;0
11-02-2009 08:30;100;0
11-02-2009 08:31;284;0
11-02-2009 08:32;182;0
11-02-2009 08:33;304;0
11-02-2009 08:34;348;0
11-02-2009 08:35;498;0
11-02-2009 08:36;438;0
11-02-2009 08:37;182;0
11-02-2009 08:38;86;0
11-02-2009 08:39;3;0
11-02-2009 08:40;0;0
11-02-2009 08:41;0;0
11-02-2009 08:42;360;0
11-02-2009 08:43;711;1
11-02-2009 08:44;31;0
11-02-2009 08:45;834;1
11-02-2009 08:46;733;1
11-02-2009 08:47;782;1
11-02-2009 08:48;372;0
11-02-2009 08:49;189;0
11-02-2009 08:50;168;0
11-02-2009 08:51;175;0
11-02-2009 08:52;304;0
11-02-2009 08:53;182;0
11-02-2009 08:54;372;0
11-02-2009 08:55;550;0
11-02-2009 08:56;782;1
11-02-2009 08:57;451;0
11-02-2009 08:58;861;1
11-02-2009 08:59;1221;1
11-02-2009 09:00;624;0
11-02-2009 09:01;666;1
11-02-2009 09:02;834;1
11-02-2009 09:03;209;0
11-02-2009 09:04;3;0
11-02-2009 09:05;0;0
11-02-2009 09:06;0;0
11-02-2009 09:07;0;0
11-02-2009 09:08;0;0
11-02-2009 09:09;711;1
11-02-2009 09:10;325;0
11-02-2009 09:11;131;0
11-02-2009 09:12;0;0
11-02-2009 09:13;142;0
11-02-2009 09:14;5;0
11-02-2009 09:15;83;0
11-02-2009 09:16;284;0
11-02-2009 09:17;22;0
11-02-2009 09:18;0;0
