TIMESTAMP;ACTIVITY;ANOMALY
11-12-2009 15:00;0;0
11-12-2009 15:01;21;0
11-12-2009 15:02;62;0
11-12-2009 15:03;22;0
11-12-2009 15:04;85;0
11-12-2009 15:05;468;0
11-12-2009 15:06;112;0
11-12-2009 15:07;138;0
11-12-2009 15:08;190;0
11-12-2009 15:09;709;0
11-12-2009 15:10;259;0
11-12-2009 15:11;178;0
11-12-2009 15:12;410;0
11-12-2009 15:13;149;0
11-12-2009 15:14;71;0
11-12-2009 15:15;40;0
11-12-2009 15:16;121;0
11-12-2009 15:17;74;0
11-12-2009 15:18;35;0
11-12-2009 15:19;40;0
11-12-2009 15:20;149;0
11-12-2009 15:21;1178;1
11-12-2009 15:22;1178;1
11-12-2009 15:23;1665;1
11-12-2009 15:24;531;0
11-12-2009 15:25;234;0
11-12-2009 15:26;74;0
11-12-2009 15:27;212;0
11-12-2009 15:28;184;0
11-12-2009 15:29;250;0
11-12-2009 15:30;91;0
11-12-2009 15:31;41;0
11-12-2009 15:32;65;0
11-12-2009 15:33;38;0
11-12-2009 15:34;22;0
11-12-2009 15:35;160;0
11-12-2009 15:36;94;0
11-12-2009 15:37;40;0
11-12-2009 15:38;12;0
11-12-2009 15:39;50;0
11-12-2009 15:40;71;0
11-12-2009 15:41;121;0
11-12-2009 15:42;35;0
11-12-2009 15:43;10;0
11-12-2009 15:44;99;0
11-12-2009 15:45;37;0
11-12-2009 15:46;172;0
11-12-2009 15:47;756;0
11-12-2009 15:48;1336;1
11-12-2009 15:49;1886;1
11-12-2009 15:50;1255;1
11-12-2009 15:51;227;0
11-12-2009 15:52;197;0
11-12-2009 15:53;160;0
11-12-2009 15:54;268;0
11-12-2009 15:55;268;0
11-12-2009 15:56;166;0
11-12-2009 15:57;88;0
11-12-2009 15:58;68;0
11-12-2009 15:59;241;0
11-12-2009 16:00;531;0
11-12-2009 16:01;483;0
11-12-2009 16:02;833;0
11-12-2009 16:03;190;0
11-12-2009 16:04;107;0
11-12-2009 16:05;41;0
11-12-2009 16:06;125;0
11-12-2009 16:07;71;0
11-12-2009 16:08;154;0
11-12-2009 16:09;112;0
11-12-2009 16:10;125;0
11-12-2009 16:11;129;0
11-12-2009 16:12;316;0
11-12-2009 16:13;644;0
11-12-2009 16:14;665;0
11-12-2009 16:15;24;0
11-12-2009 16:16;9;0
11-12-2009 16:17;9;0
11-12-2009 16:18;9;0
11-12-2009 16:19;9;0
11-12-2009 16:20;85;0
11-12-2009 16:21;56;0
11-12-2009 16:22;9;0
11-12-2009 16:23;79;0
11-12-2009 16:24;9;0
11-12-2009 16:25;15;0
11-12-2009 16:26;62;0
11-12-2009 16:27;9;0
11-12-2009 16:28;9;0
11-12-2009 16:29;28;0
11-12-2009 16:30;68;0
11-12-2009 16:31;112;0
11-12-2009 16:32;9;0
11-12-2009 16:33;71;0
11-12-2009 16:34;82;0
11-12-2009 16:35;43;0
11-12-2009 16:36;9;0
11-12-2009 16:37;9;0
11-12-2009 16:38;9;0
11-12-2009 16:39;34;0
11-12-2009 16:40;82;0
11-12-2009 16:41;166;0
11-12-2009 16:42;138;0
11-12-2009 16:43;154;0
11-12-2009 16:44;121;0
11-12-2009 16:45;549;0
11-12-2009 16:46;1178;1
11-12-2009 16:47;586;0
11-12-2009 16:48;709;0
11-12-2009 16:49;549;0
11-12-2009 16:50;1255;1
11-12-2009 16:51;1106;0
11-12-2009 16:52;709;0
11-12-2009 16:53;605;0
11-12-2009 16:54;549;0
11-12-2009 16:55;709;0
11-12-2009 16:56;549;0
11-12-2009 16:57;624;0
11-12-2009 16:58;566;0
11-12-2009 16:59;781;0
11-12-2009 17:00;586;0
11-12-2009 17:01;605;0
11-12-2009 17:02;687;0
11-12-2009 17:03;756;0
11-12-2009 17:04;733;0
11-12-2009 17:05;687;0
11-12-2009 17:06;665;0
11-12-2009 17:07;1073;0
11-12-2009 17:08;887;0
11-12-2009 17:09;665;0
11-12-2009 17:10;733;0
11-12-2009 17:11;915;0
11-12-2009 17:12;915;0
11-12-2009 17:13;833;0
11-12-2009 17:14;709;0
11-12-2009 17:15;806;0
11-12-2009 17:16;945;0
11-12-2009 17:17;945;0
11-12-2009 17:18;250;0
11-12-2009 17:19;915;0
11-12-2009 17:20;1006;0
11-12-2009 17:21;219;0
11-12-2009 17:22;41;0
11-12-2009 17:23;50;0
11-12-2009 17:24;65;0
11-12-2009 17:25;19;0
11-12-2009 17:26;9;0
11-12-2009 17:27;94;0
11-12-2009 17:28;9;0
11-12-2009 17:29;121;0
11-12-2009 17:30;149;0
11-12-2009 17:31;25;0
11-12-2009 17:32;37;0
11-12-2009 17:33;160;0
11-12-2009 17:34;112;0
11-12-2009 17:35;149;0
11-12-2009 17:36;134;0
11-12-2009 17:37;531;0
11-12-2009 17:38;125;0
11-12-2009 17:39;268;0
11-12-2009 17:40;94;0
11-12-2009 17:41;40;0
11-12-2009 17:42;10;0
11-12-2009 17:43;28;0
11-12-2009 17:44;154;0
11-12-2009 17:45;1178;1
11-12-2009 17:46;1106;0
11-12-2009 17:47;1336;1
11-12-2009 17:48;665;0
11-12-2009 17:49;586;0
11-12-2009 17:50;566;0
11-12-2009 17:51;178;0
11-12-2009 17:52;85;0
11-12-2009 17:53;138;0
11-12-2009 17:54;71;0
11-12-2009 17:55;44;0
11-12-2009 17:56;178;0
11-12-2009 17:57;50;0
11-12-2009 17:58;34;0
11-12-2009 17:59;103;0
11-12-2009 18:00;143;0
11-12-2009 18:01;31;0
11-12-2009 18:02;47;0
11-12-2009 18:03;22;0
11-12-2009 18:04;125;0
11-12-2009 18:05;121;0
11-12-2009 18:06;438;0
11-12-2009 18:07;85;0
11-12-2009 18:08;134;0
11-12-2009 18:09;227;0
11-12-2009 18:10;88;0
11-12-2009 18:11;234;0
11-12-2009 18:12;143;0
11-12-2009 18:13;116;0
11-12-2009 18:14;166;0
11-12-2009 18:15;227;0
11-12-2009 18:16;687;0
11-12-2009 18:17;1073;0
11-12-2009 18:18;781;0
11-12-2009 18:19;975;0
11-12-2009 18:20;709;0
11-12-2009 18:21;337;0
11-12-2009 18:22;149;0
11-12-2009 18:23;88;0
11-12-2009 18:24;285;0
11-12-2009 18:25;453;0
11-12-2009 18:26;453;0
11-12-2009 18:27;250;0
11-12-2009 18:28;384;0
11-12-2009 18:29;219;0
11-12-2009 18:30;143;0
11-12-2009 18:31;103;0
11-12-2009 18:32;116;0
11-12-2009 18:33;212;0
11-12-2009 18:34;197;0
11-12-2009 18:35;1564;1
11-12-2009 18:36;945;0
11-12-2009 18:37;887;0
11-12-2009 18:38;781;0
11-12-2009 18:39;833;0
11-12-2009 18:40;859;0
11-12-2009 18:41;483;0
11-12-2009 18:42;397;0
11-12-2009 18:43;586;0
11-12-2009 18:44;709;0
11-12-2009 18:45;644;0
11-12-2009 18:46;833;0
11-12-2009 18:47;1178;1
11-12-2009 18:48;915;0
11-12-2009 18:49;833;0
11-12-2009 18:50;915;0
11-12-2009 18:51;1073;0
11-12-2009 18:52;566;0
11-12-2009 18:53;327;0
11-12-2009 18:54;234;0
11-12-2009 18:55;172;0
11-12-2009 18:56;138;0
11-12-2009 18:57;47;0
11-12-2009 18:58;71;0
11-12-2009 18:59;71;0
11-12-2009 19:00;160;0
11-12-2009 19:01;56;0
11-12-2009 19:02;143;0
11-12-2009 19:03;160;0
11-12-2009 19:04;94;0
11-12-2009 19:05;82;0
11-12-2009 19:06;586;0
11-12-2009 19:07;756;0
11-12-2009 19:08;178;0
11-12-2009 19:09;79;0
11-12-2009 19:10;499;0
11-12-2009 19:11;40;0
11-12-2009 19:12;22;0
11-12-2009 19:13;316;0
11-12-2009 19:14;71;0
11-12-2009 19:15;47;0
11-12-2009 19:16;129;0
11-12-2009 19:17;234;0
11-12-2009 19:18;29;0
11-12-2009 19:19;205;0
11-12-2009 19:20;483;0
11-12-2009 19:21;47;0
11-12-2009 19:22;372;0
11-12-2009 19:23;149;0
11-12-2009 19:24;99;0
11-12-2009 19:25;121;0
11-12-2009 19:26;82;0
11-12-2009 19:27;166;0
11-12-2009 19:28;250;0
11-12-2009 19:29;316;0
11-12-2009 19:30;1217;0
11-12-2009 19:31;1614;1
11-12-2009 19:32;781;0
11-12-2009 19:33;1142;0
11-12-2009 19:34;733;0
11-12-2009 19:35;781;0
11-12-2009 19:36;125;0
11-12-2009 19:37;285;0
11-12-2009 19:38;143;0
11-12-2009 19:39;91;0
11-12-2009 19:40;47;0
11-12-2009 19:41;82;0
11-12-2009 19:42;709;0
11-12-2009 19:43;172;0
11-12-2009 19:44;327;0
11-12-2009 19:45;285;0
11-12-2009 19:46;205;0
11-12-2009 19:47;250;0
11-12-2009 19:48;65;0
11-12-2009 19:49;9;0
11-12-2009 19:50;40;0
11-12-2009 19:51;605;0
11-12-2009 19:52;241;0
11-12-2009 19:53;178;0
11-12-2009 19:54;285;0
11-12-2009 19:55;296;0
11-12-2009 19:56;531;0
11-12-2009 19:57;212;0
11-12-2009 19:58;29;0
11-12-2009 19:59;88;0
11-12-2009 20:00;205;0
11-12-2009 20:01;205;0
11-12-2009 20:02;166;0
11-12-2009 20:03;15;0
11-12-2009 20:04;13;0
11-12-2009 20:05;59;0
11-12-2009 20:06;9;0
11-12-2009 20:07;99;0
11-12-2009 20:08;349;0
11-12-2009 20:09;112;0
11-12-2009 20:10;21;0
11-12-2009 20:11;112;0
11-12-2009 20:12;94;0
11-12-2009 20:13;38;0
11-12-2009 20:14;34;0
11-12-2009 20:15;25;0
11-12-2009 20:16;219;0
11-12-2009 20:17;82;0
11-12-2009 20:18;68;0
11-12-2009 20:19;483;0
11-12-2009 20:20;859;0
11-12-2009 20:21;1423;1
11-12-2009 20:22;1217;0
11-12-2009 20:23;1106;0
11-12-2009 20:24;915;0
11-12-2009 20:25;327;0
11-12-2009 20:26;397;0
11-12-2009 20:27;99;0
11-12-2009 20:28;212;0
11-12-2009 20:29;349;0
11-12-2009 20:30;259;0
11-12-2009 20:31;438;0
11-12-2009 20:32;687;0
11-12-2009 20:33;28;0
11-12-2009 20:34;227;0
11-12-2009 20:35;499;0
11-12-2009 20:36;53;0
11-12-2009 20:37;212;0
11-12-2009 20:38;134;0
11-12-2009 20:39;47;0
11-12-2009 20:40;453;0
11-12-2009 20:41;26;0
11-12-2009 20:42;112;0
11-12-2009 20:43;349;0
11-12-2009 20:44;35;0
11-12-2009 20:45;107;0
11-12-2009 20:46;483;0
11-12-2009 20:47;586;0
11-12-2009 20:48;1178;1
11-12-2009 20:49;1255;1
11-12-2009 20:50;1886;1
11-12-2009 20:51;1039;0
11-12-2009 20:52;644;0
11-12-2009 20:53;112;0
11-12-2009 20:54;178;0
11-12-2009 20:55;13;0
11-12-2009 20:56;71;0
11-12-2009 20:57;47;0
11-12-2009 20:58;7;0
11-12-2009 20:59;7;0
11-12-2009 21:00;65;0
11-12-2009 21:01;116;0
11-12-2009 21:02;16;0
11-12-2009 21:03;166;0
11-12-2009 21:04;154;0
11-12-2009 21:05;197;0
11-12-2009 21:06;125;0
11-12-2009 21:07;234;0
11-12-2009 21:08;259;0
11-12-2009 21:09;184;0
11-12-2009 21:10;56;0
11-12-2009 21:11;91;0
11-12-2009 21:12;327;0
11-12-2009 21:13;172;0
11-12-2009 21:14;134;0
11-12-2009 21:15;10;0
11-12-2009 21:16;6;0
11-12-2009 21:17;134;0
11-12-2009 21:18;77;0
11-12-2009 21:19;25;0
11-12-2009 21:20;85;0
11-12-2009 21:21;31;0
11-12-2009 21:22;88;0
11-12-2009 21:23;6;0
11-12-2009 21:24;53;0
11-12-2009 21:25;6;0
11-12-2009 21:26;6;0
11-12-2009 21:27;6;0
11-12-2009 21:28;6;0
11-12-2009 21:29;6;0
11-12-2009 21:30;82;0
11-12-2009 21:31;13;0
11-12-2009 21:32;166;0
11-12-2009 21:33;32;0
11-12-2009 21:34;7;0
11-12-2009 21:35;41;0
11-12-2009 21:36;59;0
11-12-2009 21:37;116;0
11-12-2009 21:38;44;0
11-12-2009 21:39;79;0
11-12-2009 21:40;71;0
11-12-2009 21:41;116;0
11-12-2009 21:42;82;0
11-12-2009 21:43;107;0
11-12-2009 21:44;160;0
11-12-2009 21:45;644;0
11-12-2009 21:46;665;0
11-12-2009 21:47;781;0
11-12-2009 21:48;1379;1
11-12-2009 21:49;733;0
11-12-2009 21:50;1295;1
11-12-2009 21:51;687;0
11-12-2009 21:52;709;0
11-12-2009 21:53;605;0
11-12-2009 21:54;806;0
11-12-2009 21:55;1106;0
11-12-2009 21:56;781;0
11-12-2009 21:57;781;0
11-12-2009 21:58;2275;1
11-12-2009 21:59;687;0
11-12-2009 22:00;975;0
11-12-2009 22:01;781;0
11-12-2009 22:02;709;0
11-12-2009 22:03;515;0
11-12-2009 22:04;709;0
11-12-2009 22:05;483;0
11-12-2009 22:06;915;0
11-12-2009 22:07;1039;0
11-12-2009 22:08;887;0
11-12-2009 22:09;138;0
11-12-2009 22:10;112;0
11-12-2009 22:11;82;0
11-12-2009 22:12;9;0
11-12-2009 22:13;43;0
11-12-2009 22:14;9;0
11-12-2009 22:15;71;0
11-12-2009 22:16;10;0
11-12-2009 22:17;10;0
11-12-2009 22:18;306;0
11-12-2009 22:19;360;0
11-12-2009 22:20;160;0
11-12-2009 22:21;296;0
11-12-2009 22:22;116;0
11-12-2009 22:23;397;0
11-12-2009 22:24;21;0
11-12-2009 22:25;9;0
11-12-2009 22:26;7;0
11-12-2009 22:27;327;0
11-12-2009 22:28;24;0
11-12-2009 22:29;7;0
11-12-2009 22:30;9;0
11-12-2009 22:31;74;0
11-12-2009 22:32;9;0
11-12-2009 22:33;121;0
11-12-2009 22:34;41;0
11-12-2009 22:35;424;0
11-12-2009 22:36;806;0
11-12-2009 22:37;687;0
11-12-2009 22:38;316;0
11-12-2009 22:39;197;0
11-12-2009 22:40;13;0
11-12-2009 22:41;94;0
11-12-2009 22:42;18;0
11-12-2009 22:43;184;0
11-12-2009 22:44;172;0
11-12-2009 22:45;12;0
11-12-2009 22:46;6;0
11-12-2009 22:47;19;0
11-12-2009 22:48;56;0
11-12-2009 22:49;99;0
11-12-2009 22:50;65;0
11-12-2009 22:51;438;0
11-12-2009 22:52;234;0
11-12-2009 22:53;337;0
11-12-2009 22:54;306;0
11-12-2009 22:55;138;0
11-12-2009 22:56;241;0
11-12-2009 22:57;184;0
11-12-2009 22:58;833;0
11-12-2009 22:59;733;0
11-12-2009 23:00;644;0
11-12-2009 23:01;190;0
11-12-2009 23:02;397;0
11-12-2009 23:03;91;0
11-12-2009 23:04;112;0
11-12-2009 23:05;166;0
11-12-2009 23:06;4;0
11-12-2009 23:07;4;0
11-12-2009 23:08;212;0
11-12-2009 23:09;219;0
11-12-2009 23:10;0;0
11-12-2009 23:11;212;0
11-12-2009 23:12;0;0
11-12-2009 23:13;166;0
11-12-2009 23:14;56;0
11-12-2009 23:15;212;0
11-12-2009 23:16;166;0
11-12-2009 23:17;384;0
11-12-2009 23:18;806;0
11-12-2009 23:19;4;0
11-12-2009 23:20;13;0
11-12-2009 23:21;0;0
11-12-2009 23:22;0;0
11-12-2009 23:23;0;0
11-12-2009 23:24;205;0
11-12-2009 23:25;0;0
11-12-2009 23:26;0;0
11-12-2009 23:27;438;0
11-12-2009 23:28;3;0
11-12-2009 23:29;172;0
11-12-2009 23:30;154;0
11-12-2009 23:31;0;0
11-12-2009 23:32;94;0
11-12-2009 23:33;0;0
11-12-2009 23:34;0;0
11-12-2009 23:35;107;0
11-12-2009 23:36;197;0
11-12-2009 23:37;88;0
11-12-2009 23:38;0;0
11-12-2009 23:39;424;0
11-12-2009 23:40;250;0
11-12-2009 23:41;644;0
11-12-2009 23:42;296;0
11-12-2009 23:43;62;0
11-12-2009 23:44;337;0
11-12-2009 23:45;212;0
11-12-2009 23:46;154;0
11-12-2009 23:47;212;0
11-12-2009 23:48;337;0
11-12-2009 23:49;327;0
11-12-2009 23:50;190;0
11-12-2009 23:51;384;0
11-12-2009 23:52;227;0
11-12-2009 23:53;709;0
11-12-2009 23:54;0;0
11-12-2009 23:55;360;0
11-12-2009 23:56;687;0
11-12-2009 23:57;306;0
11-12-2009 23:58;349;0
11-12-2009 23:59;160;0
11-13-2009 00:00;37;0
11-13-2009 00:01;53;0
11-13-2009 00:02;306;0
11-13-2009 00:03;35;0
11-13-2009 00:04;0;0
11-13-2009 00:05;3;0
11-13-2009 00:06;0;0
11-13-2009 00:07;0;0
11-13-2009 00:08;0;0
11-13-2009 00:09;0;0
11-13-2009 00:10;438;0
11-13-2009 00:11;410;0
11-13-2009 00:12;337;0
11-13-2009 00:13;665;0
11-13-2009 00:14;397;0
11-13-2009 00:15;372;0
11-13-2009 00:16;178;0
11-13-2009 00:17;285;0
11-13-2009 00:18;166;0
11-13-2009 00:19;259;0
11-13-2009 00:20;277;0
11-13-2009 00:21;410;0
11-13-2009 00:22;349;0
11-13-2009 00:23;384;0
11-13-2009 00:24;234;0
11-13-2009 00:25;0;0
11-13-2009 00:26;0;0
11-13-2009 00:27;0;0
11-13-2009 00:28;349;0
11-13-2009 00:29;397;0
11-13-2009 00:30;0;0
11-13-2009 00:31;29;0
11-13-2009 00:32;756;0
11-13-2009 00:33;259;0
11-13-2009 00:34;212;0
11-13-2009 00:35;0;0
11-13-2009 00:36;0;0
11-13-2009 00:37;0;0
11-13-2009 00:38;0;0
11-13-2009 00:39;0;0
11-13-2009 00:40;4;0
11-13-2009 00:41;160;0
11-13-2009 00:42;306;0
11-13-2009 00:43;35;0
11-13-2009 00:44;121;0
11-13-2009 00:45;0;0
11-13-2009 00:46;79;0
11-13-2009 00:47;945;0
11-13-2009 00:48;77;0
11-13-2009 00:49;0;0
11-13-2009 00:50;56;0
11-13-2009 00:51;143;0
11-13-2009 00:52;34;0
11-13-2009 00:53;59;0
11-13-2009 00:54;499;0
11-13-2009 00:55;624;0
11-13-2009 00:56;915;0
11-13-2009 00:57;1379;1
11-13-2009 00:58;515;0
11-13-2009 00:59;0;0
11-13-2009 01:00;219;0
11-13-2009 01:01;99;0
11-13-2009 01:02;0;0
11-13-2009 01:03;0;0
11-13-2009 01:04;16;0
11-13-2009 01:05;0;0
11-13-2009 01:06;0;0
11-13-2009 01:07;0;0
11-13-2009 01:08;0;0
11-13-2009 01:09;0;0
11-13-2009 01:10;0;0
11-13-2009 01:11;0;0
11-13-2009 01:12;0;0
11-13-2009 01:13;6;0
11-13-2009 01:14;0;0
11-13-2009 01:15;0;0
11-13-2009 01:16;0;0
11-13-2009 01:17;0;0
11-13-2009 01:18;0;0
11-13-2009 01:19;0;0
11-13-2009 01:20;0;0
11-13-2009 01:21;0;0
11-13-2009 01:22;0;0
11-13-2009 01:23;0;0
11-13-2009 01:24;0;0
11-13-2009 01:25;160;0
11-13-2009 01:26;3;0
11-13-2009 01:27;0;0
11-13-2009 01:28;0;0
11-13-2009 01:29;0;0
11-13-2009 01:30;0;0
11-13-2009 01:31;53;0
11-13-2009 01:32;138;0
11-13-2009 01:33;205;0
11-13-2009 01:34;37;0
11-13-2009 01:35;15;0
11-13-2009 01:36;3;0
11-13-2009 01:37;6;0
11-13-2009 01:38;4;0
11-13-2009 01:39;13;0
11-13-2009 01:40;0;0
11-13-2009 01:41;0;0
11-13-2009 01:42;0;0
11-13-2009 01:43;0;0
11-13-2009 01:44;0;0
11-13-2009 01:45;0;0
11-13-2009 01:46;0;0
11-13-2009 01:47;0;0
11-13-2009 01:48;0;0
11-13-2009 01:49;0;0
11-13-2009 01:50;0;0
11-13-2009 01:51;0;0
11-13-2009 01:52;0;0
11-13-2009 01:53;0;0
11-13-2009 01:54;0;0
11-13-2009 01:55;0;0
11-13-2009 01:56;0;0
11-13-2009 01:57;0;0
11-13-2009 01:58;0;0
11-13-2009 01:59;0;0
11-13-2009 02:00;0;0
11-13-2009 02:01;4;0
11-13-2009 02:02;0;0
11-13-2009 02:03;0;0
11-13-2009 02:04;0;0
11-13-2009 02:05;0;0
11-13-2009 02:06;47;0
11-13-2009 02:07;0;0
11-13-2009 02:08;0;0
11-13-2009 02:09;0;0
11-13-2009 02:10;0;0
11-13-2009 02:11;0;0
11-13-2009 02:12;28;0
11-13-2009 02:13;3;0
11-13-2009 02:14;0;0
11-13-2009 02:15;0;0
11-13-2009 02:16;0;0
11-13-2009 02:17;0;0
11-13-2009 02:18;0;0
11-13-2009 02:19;0;0
11-13-2009 02:20;50;0
11-13-2009 02:21;0;0
11-13-2009 02:22;0;0
11-13-2009 02:23;9;0
11-13-2009 02:24;10;0
11-13-2009 02:25;349;0
11-13-2009 02:26;24;0
11-13-2009 02:27;0;0
11-13-2009 02:28;0;0
11-13-2009 02:29;18;0
11-13-2009 02:30;134;0
11-13-2009 02:31;0;0
11-13-2009 02:32;0;0
11-13-2009 02:33;0;0
11-13-2009 02:34;0;0
11-13-2009 02:35;0;0
11-13-2009 02:36;0;0
11-13-2009 02:37;0;0
11-13-2009 02:38;0;0
11-13-2009 02:39;0;0
11-13-2009 02:40;0;0
11-13-2009 02:41;0;0
11-13-2009 02:42;0;0
11-13-2009 02:43;0;0
11-13-2009 02:44;0;0
11-13-2009 02:45;0;0
11-13-2009 02:46;0;0
11-13-2009 02:47;0;0
11-13-2009 02:48;0;0
11-13-2009 02:49;0;0
11-13-2009 02:50;26;0
11-13-2009 02:51;0;0
11-13-2009 02:52;3;0
11-13-2009 02:53;0;0
11-13-2009 02:54;0;0
11-13-2009 02:55;0;0
11-13-2009 02:56;0;0
11-13-2009 02:57;0;0
11-13-2009 02:58;0;0
11-13-2009 02:59;0;0
11-13-2009 03:00;0;0
11-13-2009 03:01;0;0
11-13-2009 03:02;0;0
11-13-2009 03:03;0;0
11-13-2009 03:04;0;0
11-13-2009 03:05;0;0
11-13-2009 03:06;0;0
11-13-2009 03:07;0;0
11-13-2009 03:08;0;0
11-13-2009 03:09;0;0
11-13-2009 03:10;0;0
11-13-2009 03:11;0;0
11-13-2009 03:12;0;0
11-13-2009 03:13;0;0
11-13-2009 03:14;0;0
11-13-2009 03:15;0;0
11-13-2009 03:16;12;0
11-13-2009 03:17;9;0
11-13-2009 03:18;0;0
11-13-2009 03:19;0;0
11-13-2009 03:20;0;0
11-13-2009 03:21;0;0
11-13-2009 03:22;0;0
11-13-2009 03:23;0;0
11-13-2009 03:24;0;0
11-13-2009 03:25;0;0
11-13-2009 03:26;349;0
11-13-2009 03:27;0;0
11-13-2009 03:28;0;0
11-13-2009 03:29;7;0
11-13-2009 03:30;0;0
11-13-2009 03:31;0;0
11-13-2009 03:32;0;0
11-13-2009 03:33;0;0
11-13-2009 03:34;0;0
11-13-2009 03:35;0;0
11-13-2009 03:36;0;0
11-13-2009 03:37;0;0
11-13-2009 03:38;0;0
11-13-2009 03:39;0;0
11-13-2009 03:40;0;0
11-13-2009 03:41;0;0
11-13-2009 03:42;0;0
11-13-2009 03:43;205;0
11-13-2009 03:44;306;0
11-13-2009 03:45;160;0
11-13-2009 03:46;18;0
11-13-2009 03:47;85;0
11-13-2009 03:48;0;0
11-13-2009 03:49;0;0
11-13-2009 03:50;10;0
11-13-2009 03:51;0;0
11-13-2009 03:52;0;0
11-13-2009 03:53;22;0
11-13-2009 03:54;0;0
11-13-2009 03:55;0;0
11-13-2009 03:56;3;0
11-13-2009 03:57;0;0
11-13-2009 03:58;7;0
11-13-2009 03:59;0;0
11-13-2009 04:00;0;0
11-13-2009 04:01;3;0
11-13-2009 04:02;12;0
11-13-2009 04:03;0;0
11-13-2009 04:04;74;0
11-13-2009 04:05;0;0
11-13-2009 04:06;9;0
11-13-2009 04:07;13;0
11-13-2009 04:08;0;0
11-13-2009 04:09;0;0
11-13-2009 04:10;0;0
11-13-2009 04:11;31;0
11-13-2009 04:12;178;0
11-13-2009 04:13;0;0
11-13-2009 04:14;0;0
11-13-2009 04:15;0;0
11-13-2009 04:16;0;0
11-13-2009 04:17;32;0
11-13-2009 04:18;3;0
11-13-2009 04:19;125;0
11-13-2009 04:20;0;0
11-13-2009 04:21;0;0
11-13-2009 04:22;0;0
11-13-2009 04:23;56;0
11-13-2009 04:24;0;0
11-13-2009 04:25;0;0
11-13-2009 04:26;0;0
11-13-2009 04:27;0;0
11-13-2009 04:28;0;0
11-13-2009 04:29;0;0
11-13-2009 04:30;0;0
11-13-2009 04:31;0;0
11-13-2009 04:32;0;0
11-13-2009 04:33;0;0
11-13-2009 04:34;0;0
11-13-2009 04:35;0;0
11-13-2009 04:36;16;0
11-13-2009 04:37;0;0
11-13-2009 04:38;0;0
11-13-2009 04:39;0;0
11-13-2009 04:40;0;0
11-13-2009 04:41;0;0
11-13-2009 04:42;0;0
11-13-2009 04:43;0;0
11-13-2009 04:44;0;0
11-13-2009 04:45;0;0
11-13-2009 04:46;0;0
11-13-2009 04:47;0;0
11-13-2009 04:48;13;0
11-13-2009 04:49;0;0
11-13-2009 04:50;0;0
11-13-2009 04:51;0;0
11-13-2009 04:52;0;0
11-13-2009 04:53;0;0
11-13-2009 04:54;0;0
11-13-2009 04:55;0;0
11-13-2009 04:56;0;0
11-13-2009 04:57;0;0
11-13-2009 04:58;0;0
11-13-2009 04:59;0;0
11-13-2009 05:00;0;0
11-13-2009 05:01;0;0
11-13-2009 05:02;0;0
11-13-2009 05:03;0;0
11-13-2009 05:04;0;0
11-13-2009 05:05;0;0
11-13-2009 05:06;0;0
11-13-2009 05:07;0;0
11-13-2009 05:08;0;0
11-13-2009 05:09;0;0
11-13-2009 05:10;0;0
11-13-2009 05:11;0;0
11-13-2009 05:12;0;0
11-13-2009 05:13;0;0
11-13-2009 05:14;0;0
11-13-2009 05:15;0;0
11-13-2009 05:16;0;0
11-13-2009 05:17;0;0
11-13-2009 05:18;0;0
11-13-2009 05:19;0;0
11-13-2009 05:20;0;0
11-13-2009 05:21;0;0
11-13-2009 05:22;0;0
11-13-2009 05:23;0;0
11-13-2009 05:24;0;0
11-13-2009 05:25;0;0
11-13-2009 05:26;0;0
11-13-2009 05:27;0;0
11-13-2009 05:28;0;0
11-13-2009 05:29;0;0
11-13-2009 05:30;0;0
11-13-2009 05:31;0;0
11-13-2009 05:32;0;0
11-13-2009 05:33;0;0
11-13-2009 05:34;0;0
11-13-2009 05:35;0;0
11-13-2009 05:36;0;0
11-13-2009 05:37;227;0
11-13-2009 05:38;0;0
11-13-2009 05:39;0;0
11-13-2009 05:40;0;0
11-13-2009 05:41;0;0
11-13-2009 05:42;0;0
11-13-2009 05:43;0;0
11-13-2009 05:44;0;0
11-13-2009 05:45;0;0
11-13-2009 05:46;0;0
11-13-2009 05:47;0;0
11-13-2009 05:48;0;0
11-13-2009 05:49;0;0
11-13-2009 05:50;0;0
11-13-2009 05:51;38;0
11-13-2009 05:52;0;0
11-13-2009 05:53;0;0
11-13-2009 05:54;0;0
11-13-2009 05:55;0;0
11-13-2009 05:56;0;0
11-13-2009 05:57;0;0
11-13-2009 05:58;0;0
11-13-2009 05:59;0;0
11-13-2009 06:00;0;0
11-13-2009 06:01;0;0
11-13-2009 06:02;0;0
11-13-2009 06:03;0;0
11-13-2009 06:04;205;0
11-13-2009 06:05;3;0
11-13-2009 06:06;0;0
11-13-2009 06:07;94;0
11-13-2009 06:08;0;0
11-13-2009 06:09;0;0
11-13-2009 06:10;0;0
11-13-2009 06:11;0;0
11-13-2009 06:12;0;0
11-13-2009 06:13;0;0
11-13-2009 06:14;0;0
11-13-2009 06:15;0;0
11-13-2009 06:16;0;0
11-13-2009 06:17;0;0
11-13-2009 06:18;0;0
11-13-2009 06:19;0;0
11-13-2009 06:20;0;0
11-13-2009 06:21;0;0
11-13-2009 06:22;0;0
11-13-2009 06:23;0;0
11-13-2009 06:24;0;0
11-13-2009 06:25;0;0
11-13-2009 06:26;0;0
11-13-2009 06:27;0;0
11-13-2009 06:28;0;0
11-13-2009 06:29;0;0
11-13-2009 06:30;129;0
11-13-2009 06:31;0;0
11-13-2009 06:32;0;0
11-13-2009 06:33;0;0
11-13-2009 06:34;0;0
11-13-2009 06:35;0;0
11-13-2009 06:36;0;0
11-13-2009 06:37;0;0
11-13-2009 06:38;0;0
11-13-2009 06:39;0;0
11-13-2009 06:40;833;0
11-13-2009 06:41;0;0
11-13-2009 06:42;483;0
11-13-2009 06:43;0;0
11-13-2009 06:44;0;0
11-13-2009 06:45;0;0
11-13-2009 06:46;0;0
11-13-2009 06:47;0;0
11-13-2009 06:48;0;0
11-13-2009 06:49;0;0
11-13-2009 06:50;0;0
11-13-2009 06:51;0;0
11-13-2009 06:52;9;0
11-13-2009 06:53;6;0
11-13-2009 06:54;0;0
11-13-2009 06:55;3;0
11-13-2009 06:56;0;0
11-13-2009 06:57;0;0
11-13-2009 06:58;0;0
11-13-2009 06:59;806;0
11-13-2009 07:00;0;0
11-13-2009 07:01;0;0
11-13-2009 07:02;0;0
11-13-2009 07:03;16;0
11-13-2009 07:04;7;0
11-13-2009 07:05;18;0
11-13-2009 07:06;0;0
11-13-2009 07:07;0;0
11-13-2009 07:08;0;0
11-13-2009 07:09;306;0
11-13-2009 07:10;7;0
11-13-2009 07:11;0;0
11-13-2009 07:12;3;0
11-13-2009 07:13;7;0
11-13-2009 07:14;0;0
11-13-2009 07:15;3;0
11-13-2009 07:16;94;0
11-13-2009 07:17;7;0
11-13-2009 07:18;6;0
11-13-2009 07:19;166;0
11-13-2009 07:20;18;0
11-13-2009 07:21;4;0
11-13-2009 07:22;41;0
11-13-2009 07:23;29;0
11-13-2009 07:24;0;0
11-13-2009 07:25;4;0
11-13-2009 07:26;0;0
11-13-2009 07:27;0;0
11-13-2009 07:28;0;0
11-13-2009 07:29;74;0
11-13-2009 07:30;0;0
11-13-2009 07:31;624;0
11-13-2009 07:32;483;0
11-13-2009 07:33;1039;0
11-13-2009 07:34;975;0
11-13-2009 07:35;1829;1
11-13-2009 07:36;2275;1
11-13-2009 07:37;2008;1
11-13-2009 07:38;1295;1
11-13-2009 07:39;586;0
11-13-2009 07:40;2347;1
11-13-2009 07:41;1073;0
11-13-2009 07:42;915;0
11-13-2009 07:43;360;0
11-13-2009 07:44;397;0
11-13-2009 07:45;205;0
11-13-2009 07:46;549;0
11-13-2009 07:47;107;0
11-13-2009 07:48;833;0
11-13-2009 07:49;1946;1
11-13-2009 07:50;975;0
11-13-2009 07:51;781;0
11-13-2009 07:52;1039;0
11-13-2009 07:53;1178;1
11-13-2009 07:54;1665;1
11-13-2009 07:55;1006;0
11-13-2009 07:56;833;0
11-13-2009 07:57;1006;0
11-13-2009 07:58;438;0
11-13-2009 07:59;134;0
11-13-2009 08:00;18;0
11-13-2009 08:01;296;0
11-13-2009 08:02;1217;0
11-13-2009 08:03;1295;1
11-13-2009 08:04;259;0
11-13-2009 08:05;24;0
11-13-2009 08:06;0;0
11-13-2009 08:07;103;0
11-13-2009 08:08;3;0
11-13-2009 08:09;0;0
11-13-2009 08:10;82;0
11-13-2009 08:11;10;0
11-13-2009 08:12;0;0
11-13-2009 08:13;24;0
11-13-2009 08:14;0;0
11-13-2009 08:15;88;0
11-13-2009 08:16;0;0
11-13-2009 08:17;13;0
11-13-2009 08:18;0;0
11-13-2009 08:19;0;0
11-13-2009 08:20;13;0
11-13-2009 08:21;12;0
11-13-2009 08:22;0;0
11-13-2009 08:23;6;0
11-13-2009 08:24;0;0
11-13-2009 08:25;68;0
11-13-2009 08:26;4;0
11-13-2009 08:27;134;0
11-13-2009 08:28;234;0
11-13-2009 08:29;0;0
11-13-2009 08:30;0;0
11-13-2009 08:31;0;0
11-13-2009 08:32;0;0
11-13-2009 08:33;112;0
11-13-2009 08:34;0;0
11-13-2009 08:35;103;0
11-13-2009 08:36;40;0
11-13-2009 08:37;79;0
11-13-2009 08:38;138;0
11-13-2009 08:39;241;0
11-13-2009 08:40;65;0
11-13-2009 08:41;21;0
11-13-2009 08:42;3;0
11-13-2009 08:43;74;0
11-13-2009 08:44;138;0
11-13-2009 08:45;88;0
11-13-2009 08:46;134;0
11-13-2009 08:47;91;0
11-13-2009 08:48;3;0
11-13-2009 08:49;327;0
11-13-2009 08:50;7;0
11-13-2009 08:51;94;0
11-13-2009 08:52;28;0
11-13-2009 08:53;349;0
11-13-2009 08:54;644;0
11-13-2009 08:55;259;0
11-13-2009 08:56;227;0
11-13-2009 08:57;10;0
11-13-2009 08:58;47;0
11-13-2009 08:59;3;0
11-13-2009 09:00;0;0
11-13-2009 09:01;47;0
11-13-2009 09:02;833;0
11-13-2009 09:03;1515;1
11-13-2009 09:04;665;0
11-13-2009 09:05;644;0
11-13-2009 09:06;665;0
11-13-2009 09:07;1039;0
11-13-2009 09:08;1006;0
11-13-2009 09:09;306;0
11-13-2009 09:10;438;0
11-13-2009 09:11;1336;1
11-13-2009 09:12;806;0
11-13-2009 09:13;397;0
11-13-2009 09:14;172;0
11-13-2009 09:15;53;0
11-13-2009 09:16;184;0
11-13-2009 09:17;438;0
11-13-2009 09:18;349;0
11-13-2009 09:19;134;0
11-13-2009 09:20;438;0
11-13-2009 09:21;62;0
11-13-2009 09:22;25;0
11-13-2009 09:23;227;0
11-13-2009 09:24;9;0
11-13-2009 09:25;91;0
11-13-2009 09:26;4;0
11-13-2009 09:27;22;0
11-13-2009 09:28;50;0
11-13-2009 09:29;38;0
11-13-2009 09:30;945;0
11-13-2009 09:31;1039;0
11-13-2009 09:32;250;0
11-13-2009 09:33;306;0
11-13-2009 09:34;166;0
11-13-2009 09:35;112;0
11-13-2009 09:36;644;0
11-13-2009 09:37;285;0
11-13-2009 09:38;833;0
11-13-2009 09:39;227;0
11-13-2009 09:40;40;0
11-13-2009 09:41;3;0
11-13-2009 09:42;172;0
11-13-2009 09:43;160;0
11-13-2009 09:44;68;0
11-13-2009 09:45;41;0
11-13-2009 09:46;103;0
11-13-2009 09:47;337;0
11-13-2009 09:48;327;0
11-13-2009 09:49;22;0
11-13-2009 09:50;250;0
11-13-2009 09:51;0;0
11-13-2009 09:52;0;0
11-13-2009 09:53;6;0
11-13-2009 09:54;197;0
11-13-2009 09:55;327;0
11-13-2009 09:56;285;0
11-13-2009 09:57;438;0
11-13-2009 09:58;82;0
11-13-2009 09:59;56;0
11-13-2009 10:00;154;0
11-13-2009 10:01;112;0
11-13-2009 10:02;99;0
11-13-2009 10:03;453;0
11-13-2009 10:04;259;0
11-13-2009 10:05;116;0
11-13-2009 10:06;219;0
11-13-2009 10:07;337;0
11-13-2009 10:08;915;0
11-13-2009 10:09;806;0
11-13-2009 10:10;1423;1
11-13-2009 10:11;184;0
11-13-2009 10:12;483;0
11-13-2009 10:13;1039;0
11-13-2009 10:14;285;0
11-13-2009 10:15;483;0
11-13-2009 10:16;197;0
11-13-2009 10:17;41;0
11-13-2009 10:18;77;0
11-13-2009 10:19;4;0
11-13-2009 10:20;143;0
11-13-2009 10:21;74;0
11-13-2009 10:22;53;0
11-13-2009 10:23;29;0
11-13-2009 10:24;4;0
11-13-2009 10:25;59;0
11-13-2009 10:26;268;0
11-13-2009 10:27;227;0
11-13-2009 10:28;327;0
11-13-2009 10:29;47;0
11-13-2009 10:30;499;0
11-13-2009 10:31;644;0
11-13-2009 10:32;259;0
11-13-2009 10:33;372;0
11-13-2009 10:34;79;0
11-13-2009 10:35;107;0
11-13-2009 10:36;3;0
11-13-2009 10:37;349;0
11-13-2009 10:38;7;0
11-13-2009 10:39;154;0
11-13-2009 10:40;184;0
11-13-2009 10:41;197;0
11-13-2009 10:42;77;0
11-13-2009 10:43;59;0
11-13-2009 10:44;499;0
11-13-2009 10:45;74;0
11-13-2009 10:46;143;0
11-13-2009 10:47;384;0
11-13-2009 10:48;91;0
11-13-2009 10:49;4;0
11-13-2009 10:50;3;0
11-13-2009 10:51;62;0
11-13-2009 10:52;65;0
11-13-2009 10:53;453;0
11-13-2009 10:54;172;0
11-13-2009 10:55;687;0
11-13-2009 10:56;50;0
11-13-2009 10:57;71;0
11-13-2009 10:58;82;0
11-13-2009 10:59;1295;1
11-13-2009 11:00;1665;1
11-13-2009 11:01;1468;1
11-13-2009 11:02;1255;1
11-13-2009 11:03;285;0
11-13-2009 11:04;372;0
11-13-2009 11:05;1336;1
11-13-2009 11:06;1142;0
11-13-2009 11:07;945;0
11-13-2009 11:08;143;0
11-13-2009 11:09;41;0
11-13-2009 11:10;166;0
11-13-2009 11:11;259;0
11-13-2009 11:12;190;0
11-13-2009 11:13;154;0
11-13-2009 11:14;438;0
11-13-2009 11:15;296;0
11-13-2009 11:16;116;0
11-13-2009 11:17;644;0
11-13-2009 11:18;219;0
11-13-2009 11:19;1039;0
11-13-2009 11:20;756;0
11-13-2009 11:21;47;0
11-13-2009 11:22;644;0
11-13-2009 11:23;644;0
11-13-2009 11:24;975;0
11-13-2009 11:25;531;0
11-13-2009 11:26;259;0
11-13-2009 11:27;68;0
11-13-2009 11:28;268;0
11-13-2009 11:29;316;0
11-13-2009 11:30;453;0
11-13-2009 11:31;285;0
11-13-2009 11:32;91;0
11-13-2009 11:33;35;0
11-13-2009 11:34;65;0
11-13-2009 11:35;259;0
11-13-2009 11:36;178;0
11-13-2009 11:37;384;0
11-13-2009 11:38;241;0
11-13-2009 11:39;59;0
11-13-2009 11:40;21;0
11-13-2009 11:41;79;0
11-13-2009 11:42;915;0
11-13-2009 11:43;1006;0
11-13-2009 11:44;143;0
11-13-2009 11:45;384;0
11-13-2009 11:46;1039;0
11-13-2009 11:47;515;0
11-13-2009 11:48;166;0
11-13-2009 11:49;665;0
11-13-2009 11:50;915;0
11-13-2009 11:51;806;0
11-13-2009 11:52;197;0
11-13-2009 11:53;438;0
11-13-2009 11:54;19;0
11-13-2009 11:55;154;0
11-13-2009 11:56;316;0
11-13-2009 11:57;1106;0
11-13-2009 11:58;306;0
11-13-2009 11:59;296;0
11-13-2009 12:00;833;0
11-13-2009 12:01;605;0
11-13-2009 12:02;1073;0
11-13-2009 12:03;945;0
11-13-2009 12:04;1006;0
11-13-2009 12:05;205;0
11-13-2009 12:06;227;0
11-13-2009 12:07;424;0
11-13-2009 12:08;26;0
11-13-2009 12:09;47;0
11-13-2009 12:10;9;0
11-13-2009 12:11;6;0
11-13-2009 12:12;178;0
11-13-2009 12:13;41;0
11-13-2009 12:14;531;0
11-13-2009 12:15;91;0
11-13-2009 12:16;3;0
11-13-2009 12:17;397;0
11-13-2009 12:18;212;0
11-13-2009 12:19;103;0
11-13-2009 12:20;349;0
11-13-2009 12:21;22;0
11-13-2009 12:22;360;0
11-13-2009 12:23;234;0
11-13-2009 12:24;50;0
11-13-2009 12:25;1106;0
11-13-2009 12:26;1255;1
11-13-2009 12:27;1564;1
11-13-2009 12:28;1718;1
11-13-2009 12:29;1665;1
11-13-2009 12:30;1423;1
11-13-2009 12:31;1946;1
11-13-2009 12:32;1423;1
11-13-2009 12:33;515;0
11-13-2009 12:34;277;0
11-13-2009 12:35;166;0
11-13-2009 12:36;316;0
11-13-2009 12:37;483;0
11-13-2009 12:38;1142;0
11-13-2009 12:39;1336;1
11-13-2009 12:40;1106;0
11-13-2009 12:41;1515;1
11-13-2009 12:42;709;0
11-13-2009 12:43;306;0
11-13-2009 12:44;1336;1
11-13-2009 12:45;644;0
11-13-2009 12:46;756;0
11-13-2009 12:47;1217;0
11-13-2009 12:48;915;0
11-13-2009 12:49;687;0
11-13-2009 12:50;453;0
11-13-2009 12:51;586;0
11-13-2009 12:52;806;0
11-13-2009 12:53;687;0
11-13-2009 12:54;733;0
11-13-2009 12:55;468;0
11-13-2009 12:56;549;0
11-13-2009 12:57;687;0
11-13-2009 12:58;709;0
11-13-2009 12:59;624;0
11-13-2009 13:00;424;0
11-13-2009 13:01;531;0
11-13-2009 13:02;644;0
11-13-2009 13:03;1142;0
11-13-2009 13:04;531;0
11-13-2009 13:05;624;0
11-13-2009 13:06;687;0
11-13-2009 13:07;410;0
11-13-2009 13:08;644;0
11-13-2009 13:09;915;0
11-13-2009 13:10;644;0
11-13-2009 13:11;644;0
11-13-2009 13:12;1829;1
11-13-2009 13:13;709;0
11-13-2009 13:14;107;0
11-13-2009 13:15;134;0
11-13-2009 13:16;205;0
11-13-2009 13:17;1423;1
11-13-2009 13:18;709;0
11-13-2009 13:19;566;0
11-13-2009 13:20;733;0
11-13-2009 13:21;360;0
11-13-2009 13:22;1006;0
11-13-2009 13:23;424;0
11-13-2009 13:24;227;0
11-13-2009 13:25;149;0
11-13-2009 13:26;4;0
11-13-2009 13:27;190;0
11-13-2009 13:28;125;0
11-13-2009 13:29;605;0
11-13-2009 13:30;1006;0
11-13-2009 13:31;531;0
11-13-2009 13:32;424;0
11-13-2009 13:33;733;0
11-13-2009 13:34;781;0
11-13-2009 13:35;1039;0
11-13-2009 13:36;1006;0
11-13-2009 13:37;566;0
11-13-2009 13:38;806;0
11-13-2009 13:39;1006;0
11-13-2009 13:40;781;0
11-13-2009 13:41;605;0
11-13-2009 13:42;499;0
11-13-2009 13:43;360;0
11-13-2009 13:44;624;0
11-13-2009 13:45;372;0
11-13-2009 13:46;586;0
11-13-2009 13:47;549;0
11-13-2009 13:48;644;0
11-13-2009 13:49;665;0
11-13-2009 13:50;499;0
11-13-2009 13:51;438;0
11-13-2009 13:52;644;0
11-13-2009 13:53;859;0
11-13-2009 13:54;190;0
11-13-2009 13:55;205;0
11-13-2009 13:56;410;0
11-13-2009 13:57;285;0
11-13-2009 13:58;424;0
11-13-2009 13:59;887;0
11-13-2009 14:00;1773;1
11-13-2009 14:01;1379;1
11-13-2009 14:02;1564;1
11-13-2009 14:03;1379;1
11-13-2009 14:04;2275;1
11-13-2009 14:05;1336;1
11-13-2009 14:06;453;0
11-13-2009 14:07;605;0
11-13-2009 14:08;483;0
11-13-2009 14:09;107;0
11-13-2009 14:10;259;0
11-13-2009 14:11;316;0
11-13-2009 14:12;531;0
11-13-2009 14:13;453;0
11-13-2009 14:14;1564;1
11-13-2009 14:15;1829;1
11-13-2009 14:16;1379;1
11-13-2009 14:17;1142;0
11-13-2009 14:18;887;0
11-13-2009 14:19;1073;0
11-13-2009 14:20;756;0
11-13-2009 14:21;887;0
11-13-2009 14:22;499;0
11-13-2009 14:23;219;0
11-13-2009 14:24;134;0
11-13-2009 14:25;125;0
11-13-2009 14:26;327;0
11-13-2009 14:27;806;0
11-13-2009 14:28;887;0
11-13-2009 14:29;833;0
11-13-2009 14:30;887;0
11-13-2009 14:31;887;0
11-13-2009 14:32;337;0
11-13-2009 14:33;915;0
11-13-2009 14:34;586;0
11-13-2009 14:35;1006;0
11-13-2009 14:36;566;0
11-13-2009 14:37;1142;0
11-13-2009 14:38;806;0
11-13-2009 14:39;756;0
11-13-2009 14:40;887;0
11-13-2009 14:41;975;0
11-13-2009 14:42;1006;0
11-13-2009 14:43;1106;0
11-13-2009 14:44;887;0
11-13-2009 14:45;1039;0
11-13-2009 14:46;756;0
11-13-2009 14:47;859;0
11-13-2009 14:48;915;0
11-13-2009 14:49;1039;0
11-13-2009 14:50;833;0
11-13-2009 14:51;915;0
11-13-2009 14:52;1039;0
11-13-2009 14:53;756;0
11-13-2009 14:54;887;0
11-13-2009 14:55;665;0
11-13-2009 14:56;296;0
11-13-2009 14:57;887;0
11-13-2009 14:58;756;0
11-13-2009 14:59;531;0
11-13-2009 15:00;733;0
11-13-2009 15:01;1255;1
11-13-2009 15:02;296;0
11-13-2009 15:03;733;0
11-13-2009 15:04;372;0
11-13-2009 15:05;709;0
11-13-2009 15:06;915;0
11-13-2009 15:07;438;0
11-13-2009 15:08;709;0
11-13-2009 15:09;1295;1
11-13-2009 15:10;1718;1
11-13-2009 15:11;1886;1
11-13-2009 15:12;945;0
11-13-2009 15:13;549;0
11-13-2009 15:14;1039;0
11-13-2009 15:15;438;0
11-13-2009 15:16;190;0
11-13-2009 15:17;468;0
11-13-2009 15:18;781;0
11-13-2009 15:19;85;0
11-13-2009 15:20;241;0
11-13-2009 15:21;483;0
11-13-2009 15:22;781;0
11-13-2009 15:23;1379;1
11-13-2009 15:24;887;0
11-13-2009 15:25;453;0
11-13-2009 15:26;227;0
11-13-2009 15:27;438;0
11-13-2009 15:28;107;0
11-13-2009 15:29;15;0
11-13-2009 15:30;360;0
11-13-2009 15:31;586;0
11-13-2009 15:32;1006;0
11-13-2009 15:33;197;0
11-13-2009 15:34;268;0
11-13-2009 15:35;250;0
11-13-2009 15:36;227;0
11-13-2009 15:37;665;0
11-13-2009 15:38;806;0
11-13-2009 15:39;172;0
11-13-2009 15:40;259;0
11-13-2009 15:41;605;0
11-13-2009 15:42;586;0
11-13-2009 15:43;709;0
11-13-2009 15:44;71;0
11-13-2009 15:45;296;0
11-13-2009 15:46;212;0
11-13-2009 15:47;250;0
11-13-2009 15:48;438;0
11-13-2009 15:49;160;0
11-13-2009 15:50;227;0
11-13-2009 15:51;88;0
11-13-2009 15:52;337;0
11-13-2009 15:53;166;0
11-13-2009 15:54;41;0
11-13-2009 15:55;3;0
11-13-2009 15:56;438;0
11-13-2009 15:57;41;0
11-13-2009 15:58;0;0
11-13-2009 15:59;77;0
11-13-2009 16:00;166;0
11-13-2009 16:01;166;0
11-13-2009 16:02;154;0
11-13-2009 16:03;138;0
11-13-2009 16:04;234;0
11-13-2009 16:05;178;0
11-13-2009 16:06;212;0
11-13-2009 16:07;41;0
11-13-2009 16:08;234;0
11-13-2009 16:09;197;0
11-13-2009 16:10;424;0
11-13-2009 16:11;624;0
11-13-2009 16:12;468;0
11-13-2009 16:13;438;0
11-13-2009 16:14;687;0
11-13-2009 16:15;1829;1
11-13-2009 16:16;945;0
11-13-2009 16:17;1006;0
11-13-2009 16:18;887;0
11-13-2009 16:19;887;0
11-13-2009 16:20;833;0
11-13-2009 16:21;103;0
11-13-2009 16:22;1142;0
11-13-2009 16:23;945;0
11-13-2009 16:24;733;0
11-13-2009 16:25;859;0
11-13-2009 16:26;687;0
11-13-2009 16:27;1295;1
11-13-2009 16:28;859;0
11-13-2009 16:29;945;0
11-13-2009 16:30;733;0
11-13-2009 16:31;945;0
11-13-2009 16:32;1423;1
11-13-2009 16:33;2275;1
11-13-2009 16:34;515;0
11-13-2009 16:35;79;0
11-13-2009 16:36;134;0
11-13-2009 16:37;38;0
11-13-2009 16:38;65;0
11-13-2009 16:39;38;0
11-13-2009 16:40;35;0
11-13-2009 16:41;107;0
11-13-2009 16:42;116;0
11-13-2009 16:43;68;0
11-13-2009 16:44;172;0
11-13-2009 16:45;79;0
11-13-2009 16:46;285;0
11-13-2009 16:47;1468;1
11-13-2009 16:48;975;0
11-13-2009 16:49;1106;0
11-13-2009 16:50;1468;1
11-13-2009 16:51;756;0
11-13-2009 16:52;285;0
11-13-2009 16:53;190;0
11-13-2009 16:54;624;0
11-13-2009 16:55;859;0
11-13-2009 16:56;781;0
11-13-2009 16:57;154;0
11-13-2009 16:58;296;0
11-13-2009 16:59;184;0
11-13-2009 17:00;28;0
11-13-2009 17:01;0;0
11-13-2009 17:02;9;0
11-13-2009 17:03;34;0
11-13-2009 17:04;12;0
11-13-2009 17:05;112;0
11-13-2009 17:06;77;0
11-13-2009 17:07;184;0
11-13-2009 17:08;205;0
11-13-2009 17:09;25;0
11-13-2009 17:10;38;0
11-13-2009 17:11;38;0
11-13-2009 17:12;285;0
11-13-2009 17:13;0;0
11-13-2009 17:14;43;0
11-13-2009 17:15;197;0
11-13-2009 17:16;112;0
11-13-2009 17:17;79;0
11-13-2009 17:18;43;0
11-13-2009 17:19;566;0
11-13-2009 17:20;1039;0
11-13-2009 17:21;586;0
11-13-2009 17:22;709;0
11-13-2009 17:23;205;0
11-13-2009 17:24;56;0
11-13-2009 17:25;121;0
11-13-2009 17:26;6;0
11-13-2009 17:27;756;0
11-13-2009 17:28;0;0
11-13-2009 17:29;0;0
11-13-2009 17:30;0;0
11-13-2009 17:31;0;0
11-13-2009 17:32;0;0
11-13-2009 17:33;0;0
11-13-2009 17:34;0;0
11-13-2009 17:35;0;0
11-13-2009 17:36;0;0
11-13-2009 17:37;0;0
11-13-2009 17:38;0;0
11-13-2009 17:39;0;0
11-13-2009 17:40;0;0
11-13-2009 17:41;0;0
11-13-2009 17:42;0;0
11-13-2009 17:43;0;0
11-13-2009 17:44;0;0
11-13-2009 17:45;0;0
11-13-2009 17:46;0;0
11-13-2009 17:47;0;0
11-13-2009 17:48;0;0
11-13-2009 17:49;0;0
11-13-2009 17:50;0;0
11-13-2009 17:51;0;0
11-13-2009 17:52;0;0
11-13-2009 17:53;0;0
11-13-2009 17:54;0;0
11-13-2009 17:55;0;0
11-13-2009 17:56;0;0
11-13-2009 17:57;0;0
11-13-2009 17:58;0;0
11-13-2009 17:59;0;0
11-13-2009 18:00;0;0
11-13-2009 18:01;0;0
11-13-2009 18:02;0;0
11-13-2009 18:03;0;0
11-13-2009 18:04;0;0
11-13-2009 18:05;0;0
11-13-2009 18:06;0;0
11-13-2009 18:07;0;0
11-13-2009 18:08;0;0
11-13-2009 18:09;0;0
11-13-2009 18:10;0;0
11-13-2009 18:11;0;0
11-13-2009 18:12;0;0
11-13-2009 18:13;0;0
11-13-2009 18:14;0;0
11-13-2009 18:15;0;0
11-13-2009 18:16;0;0
11-13-2009 18:17;0;0
11-13-2009 18:18;0;0
11-13-2009 18:19;586;0
11-13-2009 18:20;1665;1
11-13-2009 18:21;975;0
11-13-2009 18:22;665;0
11-13-2009 18:23;1468;1
11-13-2009 18:24;1255;1
11-13-2009 18:25;1006;0
11-13-2009 18:26;1178;1
11-13-2009 18:27;1217;0
11-13-2009 18:28;1178;1
11-13-2009 18:29;1515;1
11-13-2009 18:30;1423;1
11-13-2009 18:31;277;0
11-13-2009 18:32;234;0
11-13-2009 18:33;316;0
11-13-2009 18:34;337;0
11-13-2009 18:35;468;0
11-13-2009 18:36;384;0
11-13-2009 18:37;172;0
11-13-2009 18:38;34;0
11-13-2009 18:39;227;0
11-13-2009 18:40;40;0
11-13-2009 18:41;24;0
11-13-2009 18:42;296;0
11-13-2009 18:43;138;0
11-13-2009 18:44;227;0
11-13-2009 18:45;166;0
11-13-2009 18:46;515;0
11-13-2009 18:47;306;0
11-13-2009 18:48;197;0
11-13-2009 18:49;410;0
11-13-2009 18:50;149;0
11-13-2009 18:51;154;0
11-13-2009 18:52;190;0
11-13-2009 18:53;79;0
11-13-2009 18:54;32;0
11-13-2009 18:55;103;0
11-13-2009 18:56;134;0
11-13-2009 18:57;112;0
11-13-2009 18:58;219;0
11-13-2009 18:59;149;0
11-13-2009 19:00;62;0
11-13-2009 19:01;483;0
11-13-2009 19:02;178;0
11-13-2009 19:03;149;0
11-13-2009 19:04;483;0
11-13-2009 19:05;1614;1
11-13-2009 19:06;259;0
11-13-2009 19:07;296;0
11-13-2009 19:08;327;0
11-13-2009 19:09;372;0
11-13-2009 19:10;756;0
11-13-2009 19:11;687;0
11-13-2009 19:12;149;0
11-13-2009 19:13;833;0
11-13-2009 19:14;438;0
11-13-2009 19:15;85;0
11-13-2009 19:16;134;0
11-13-2009 19:17;515;0
11-13-2009 19:18;410;0
11-13-2009 19:19;227;0
11-13-2009 19:20;197;0
11-13-2009 19:21;665;0
11-13-2009 19:22;566;0
11-13-2009 19:23;227;0
11-13-2009 19:24;665;0
11-13-2009 19:25;1006;0
11-13-2009 19:26;1295;1
11-13-2009 19:27;1564;1
11-13-2009 19:28;0;0
11-13-2009 19:29;0;0
11-13-2009 19:30;0;0
11-13-2009 19:31;0;0
11-13-2009 19:32;0;0
11-13-2009 19:33;0;0
11-13-2009 19:34;0;0
11-13-2009 19:35;0;0
11-13-2009 19:36;0;0
11-13-2009 19:37;0;0
11-13-2009 19:38;0;0
11-13-2009 19:39;0;0
11-13-2009 19:40;0;0
11-13-2009 19:41;0;0
11-13-2009 19:42;0;0
11-13-2009 19:43;0;0
11-13-2009 19:44;0;0
11-13-2009 19:45;0;0
11-13-2009 19:46;0;0
11-13-2009 19:47;0;0
11-13-2009 19:48;0;0
11-13-2009 19:49;0;0
11-13-2009 19:50;0;0
11-13-2009 19:51;0;0
11-13-2009 19:52;0;0
11-13-2009 19:53;0;0
11-13-2009 19:54;0;0
11-13-2009 19:55;0;0
11-13-2009 19:56;0;0
11-13-2009 19:57;0;0
11-13-2009 19:58;0;0
11-13-2009 19:59;0;0
11-13-2009 20:00;0;0
11-13-2009 20:01;0;0
11-13-2009 20:02;0;0
11-13-2009 20:03;0;0
11-13-2009 20:04;0;0
11-13-2009 20:05;0;0
11-13-2009 20:06;0;0
11-13-2009 20:07;0;0
11-13-2009 20:08;0;0
11-13-2009 20:09;0;0
11-13-2009 20:10;0;0
11-13-2009 20:11;0;0
11-13-2009 20:12;0;0
11-13-2009 20:13;0;0
11-13-2009 20:14;0;0
11-13-2009 20:15;0;0
11-13-2009 20:16;0;0
11-13-2009 20:17;0;0
11-13-2009 20:18;0;0
11-13-2009 20:19;0;0
11-13-2009 20:20;0;0
11-13-2009 20:21;0;0
11-13-2009 20:22;0;0
11-13-2009 20:23;0;0
11-13-2009 20:24;0;0
11-13-2009 20:25;0;0
11-13-2009 20:26;0;0
11-13-2009 20:27;0;0
11-13-2009 20:28;0;0
11-13-2009 20:29;0;0
11-13-2009 20:30;0;0
11-13-2009 20:31;0;0
11-13-2009 20:32;0;0
11-13-2009 20:33;0;0
11-13-2009 20:34;0;0
11-13-2009 20:35;0;0
11-13-2009 20:36;0;0
11-13-2009 20:37;0;0
11-13-2009 20:38;0;0
11-13-2009 20:39;0;0
11-13-2009 20:40;0;0
11-13-2009 20:41;0;0
11-13-2009 20:42;0;0
11-13-2009 20:43;0;0
11-13-2009 20:44;0;0
11-13-2009 20:45;0;0
11-13-2009 20:46;0;0
11-13-2009 20:47;0;0
11-13-2009 20:48;0;0
11-13-2009 20:49;0;0
11-13-2009 20:50;0;0
11-13-2009 20:51;0;0
11-13-2009 20:52;0;0
11-13-2009 20:53;0;0
11-13-2009 20:54;0;0
11-13-2009 20:55;0;0
11-13-2009 20:56;0;0
11-13-2009 20:57;0;0
11-13-2009 20:58;0;0
11-13-2009 20:59;0;0
11-13-2009 21:00;0;0
11-13-2009 21:01;0;0
11-13-2009 21:02;0;0
11-13-2009 21:03;0;0
11-13-2009 21:04;0;0
11-13-2009 21:05;0;0
11-13-2009 21:06;0;0
11-13-2009 21:07;0;0
11-13-2009 21:08;0;0
11-13-2009 21:09;0;0
11-13-2009 21:10;0;0
11-13-2009 21:11;0;0
11-13-2009 21:12;0;0
11-13-2009 21:13;0;0
11-13-2009 21:14;0;0
11-13-2009 21:15;0;0
11-13-2009 21:16;0;0
11-13-2009 21:17;0;0
11-13-2009 21:18;0;0
11-13-2009 21:19;0;0
11-13-2009 21:20;0;0
11-13-2009 21:21;0;0
11-13-2009 21:22;0;0
11-13-2009 21:23;0;0
11-13-2009 21:24;0;0
11-13-2009 21:25;0;0
11-13-2009 21:26;0;0
11-13-2009 21:27;0;0
11-13-2009 21:28;0;0
11-13-2009 21:29;0;0
11-13-2009 21:30;0;0
11-13-2009 21:31;0;0
11-13-2009 21:32;0;0
11-13-2009 21:33;0;0
11-13-2009 21:34;0;0
11-13-2009 21:35;0;0
11-13-2009 21:36;0;0
11-13-2009 21:37;0;0
11-13-2009 21:38;0;0
11-13-2009 21:39;0;0
11-13-2009 21:40;0;0
11-13-2009 21:41;0;0
11-13-2009 21:42;0;0
11-13-2009 21:43;0;0
11-13-2009 21:44;0;0
11-13-2009 21:45;0;0
11-13-2009 21:46;0;0
11-13-2009 21:47;0;0
11-13-2009 21:48;0;0
11-13-2009 21:49;0;0
11-13-2009 21:50;0;0
11-13-2009 21:51;0;0
11-13-2009 21:52;0;0
11-13-2009 21:53;0;0
11-13-2009 21:54;0;0
11-13-2009 21:55;0;0
11-13-2009 21:56;0;0
11-13-2009 21:57;0;0
11-13-2009 21:58;0;0
11-13-2009 21:59;0;0
11-13-2009 22:00;0;0
11-13-2009 22:01;0;0
11-13-2009 22:02;0;0
11-13-2009 22:03;0;0
11-13-2009 22:04;0;0
11-13-2009 22:05;0;0
11-13-2009 22:06;0;0
11-13-2009 22:07;0;0
11-13-2009 22:08;0;0
11-13-2009 22:09;0;0
11-13-2009 22:10;0;0
11-13-2009 22:11;0;0
11-13-2009 22:12;0;0
11-13-2009 22:13;0;0
11-13-2009 22:14;0;0
11-13-2009 22:15;0;0
11-13-2009 22:16;0;0
11-13-2009 22:17;0;0
11-13-2009 22:18;0;0
11-13-2009 22:19;0;0
11-13-2009 22:20;0;0
11-13-2009 22:21;0;0
11-13-2009 22:22;0;0
11-13-2009 22:23;0;0
11-13-2009 22:24;0;0
11-13-2009 22:25;0;0
11-13-2009 22:26;0;0
11-13-2009 22:27;0;0
11-13-2009 22:28;0;0
11-13-2009 22:29;0;0
11-13-2009 22:30;0;0
11-13-2009 22:31;0;0
11-13-2009 22:32;0;0
11-13-2009 22:33;0;0
11-13-2009 22:34;0;0
11-13-2009 22:35;0;0
11-13-2009 22:36;0;0
11-13-2009 22:37;0;0
11-13-2009 22:38;0;0
11-13-2009 22:39;0;0
11-13-2009 22:40;0;0
11-13-2009 22:41;0;0
11-13-2009 22:42;0;0
11-13-2009 22:43;0;0
11-13-2009 22:44;0;0
11-13-2009 22:45;0;0
11-13-2009 22:46;0;0
11-13-2009 22:47;0;0
11-13-2009 22:48;0;0
11-13-2009 22:49;0;0
11-13-2009 22:50;0;0
11-13-2009 22:51;0;0
11-13-2009 22:52;0;0
11-13-2009 22:53;0;0
11-13-2009 22:54;0;0
11-13-2009 22:55;0;0
11-13-2009 22:56;0;0
11-13-2009 22:57;0;0
11-13-2009 22:58;0;0
11-13-2009 22:59;0;0
11-13-2009 23:00;0;0
11-13-2009 23:01;0;0
11-13-2009 23:02;0;0
11-13-2009 23:03;0;0
11-13-2009 23:04;0;0
11-13-2009 23:05;0;0
11-13-2009 23:06;0;0
11-13-2009 23:07;0;0
11-13-2009 23:08;0;0
11-13-2009 23:09;0;0
11-13-2009 23:10;0;0
11-13-2009 23:11;0;0
11-13-2009 23:12;0;0
11-13-2009 23:13;0;0
11-13-2009 23:14;0;0
11-13-2009 23:15;0;0
11-13-2009 23:16;0;0
11-13-2009 23:17;0;0
11-13-2009 23:18;0;0
11-13-2009 23:19;0;0
11-13-2009 23:20;0;0
11-13-2009 23:21;0;0
11-13-2009 23:22;0;0
11-13-2009 23:23;0;0
11-13-2009 23:24;0;0
11-13-2009 23:25;0;0
11-13-2009 23:26;0;0
11-13-2009 23:27;0;0
11-13-2009 23:28;0;0
11-13-2009 23:29;0;0
11-13-2009 23:30;0;0
11-13-2009 23:31;0;0
11-13-2009 23:32;0;0
11-13-2009 23:33;0;0
11-13-2009 23:34;0;0
11-13-2009 23:35;0;0
11-13-2009 23:36;0;0
11-13-2009 23:37;0;0
11-13-2009 23:38;0;0
11-13-2009 23:39;0;0
11-13-2009 23:40;0;0
11-13-2009 23:41;0;0
11-13-2009 23:42;0;0
11-13-2009 23:43;0;0
11-13-2009 23:44;0;0
11-13-2009 23:45;0;0
11-13-2009 23:46;0;0
11-13-2009 23:47;0;0
11-13-2009 23:48;0;0
11-13-2009 23:49;0;0
11-13-2009 23:50;0;0
11-13-2009 23:51;0;0
11-13-2009 23:52;0;0
11-13-2009 23:53;0;0
11-13-2009 23:54;0;0
11-13-2009 23:55;0;0
11-13-2009 23:56;0;0
11-13-2009 23:57;0;0
11-13-2009 23:58;0;0
11-13-2009 23:59;0;0
11-14-2009 00:00;0;0
11-14-2009 00:01;0;0
11-14-2009 00:02;0;0
11-14-2009 00:03;0;0
11-14-2009 00:04;0;0
11-14-2009 00:05;0;0
11-14-2009 00:06;0;0
11-14-2009 00:07;0;0
11-14-2009 00:08;0;0
11-14-2009 00:09;0;0
11-14-2009 00:10;0;0
11-14-2009 00:11;0;0
11-14-2009 00:12;0;0
11-14-2009 00:13;0;0
11-14-2009 00:14;0;0
11-14-2009 00:15;0;0
11-14-2009 00:16;0;0
11-14-2009 00:17;0;0
11-14-2009 00:18;0;0
11-14-2009 00:19;0;0
11-14-2009 00:20;0;0
11-14-2009 00:21;0;0
11-14-2009 00:22;0;0
11-14-2009 00:23;0;0
11-14-2009 00:24;0;0
11-14-2009 00:25;0;0
11-14-2009 00:26;0;0
11-14-2009 00:27;0;0
11-14-2009 00:28;0;0
11-14-2009 00:29;0;0
11-14-2009 00:30;0;0
11-14-2009 00:31;0;0
11-14-2009 00:32;0;0
11-14-2009 00:33;0;0
11-14-2009 00:34;0;0
11-14-2009 00:35;0;0
11-14-2009 00:36;0;0
11-14-2009 00:37;0;0
11-14-2009 00:38;0;0
11-14-2009 00:39;0;0
11-14-2009 00:40;0;0
11-14-2009 00:41;0;0
11-14-2009 00:42;0;0
11-14-2009 00:43;0;0
11-14-2009 00:44;0;0
11-14-2009 00:45;0;0
11-14-2009 00:46;0;0
11-14-2009 00:47;0;0
11-14-2009 00:48;0;0
11-14-2009 00:49;0;0
11-14-2009 00:50;0;0
11-14-2009 00:51;0;0
11-14-2009 00:52;0;0
11-14-2009 00:53;0;0
11-14-2009 00:54;0;0
11-14-2009 00:55;0;0
11-14-2009 00:56;0;0
11-14-2009 00:57;0;0
11-14-2009 00:58;0;0
11-14-2009 00:59;0;0
11-14-2009 01:00;0;0
11-14-2009 01:01;0;0
11-14-2009 01:02;0;0
11-14-2009 01:03;0;0
11-14-2009 01:04;0;0
11-14-2009 01:05;0;0
11-14-2009 01:06;0;0
11-14-2009 01:07;0;0
11-14-2009 01:08;0;0
11-14-2009 01:09;0;0
11-14-2009 01:10;0;0
11-14-2009 01:11;0;0
11-14-2009 01:12;0;0
11-14-2009 01:13;0;0
11-14-2009 01:14;0;0
11-14-2009 01:15;0;0
11-14-2009 01:16;0;0
11-14-2009 01:17;0;0
11-14-2009 01:18;0;0
11-14-2009 01:19;0;0
11-14-2009 01:20;0;0
11-14-2009 01:21;0;0
11-14-2009 01:22;0;0
11-14-2009 01:23;0;0
11-14-2009 01:24;0;0
11-14-2009 01:25;0;0
11-14-2009 01:26;0;0
11-14-2009 01:27;0;0
11-14-2009 01:28;0;0
11-14-2009 01:29;0;0
11-14-2009 01:30;0;0
11-14-2009 01:31;0;0
11-14-2009 01:32;0;0
11-14-2009 01:33;0;0
11-14-2009 01:34;0;0
11-14-2009 01:35;0;0
11-14-2009 01:36;0;0
11-14-2009 01:37;0;0
11-14-2009 01:38;0;0
11-14-2009 01:39;0;0
11-14-2009 01:40;0;0
11-14-2009 01:41;0;0
11-14-2009 01:42;0;0
11-14-2009 01:43;0;0
11-14-2009 01:44;0;0
11-14-2009 01:45;0;0
11-14-2009 01:46;0;0
11-14-2009 01:47;0;0
11-14-2009 01:48;0;0
11-14-2009 01:49;0;0
11-14-2009 01:50;0;0
11-14-2009 01:51;0;0
11-14-2009 01:52;0;0
11-14-2009 01:53;0;0
11-14-2009 01:54;0;0
11-14-2009 01:55;0;0
11-14-2009 01:56;0;0
11-14-2009 01:57;0;0
11-14-2009 01:58;0;0
11-14-2009 01:59;0;0
11-14-2009 02:00;0;0
11-14-2009 02:01;0;0
11-14-2009 02:02;0;0
11-14-2009 02:03;0;0
11-14-2009 02:04;0;0
11-14-2009 02:05;0;0
11-14-2009 02:06;0;0
11-14-2009 02:07;0;0
11-14-2009 02:08;0;0
11-14-2009 02:09;0;0
11-14-2009 02:10;0;0
11-14-2009 02:11;0;0
11-14-2009 02:12;0;0
11-14-2009 02:13;0;0
11-14-2009 02:14;0;0
11-14-2009 02:15;0;0
11-14-2009 02:16;0;0
11-14-2009 02:17;0;0
11-14-2009 02:18;0;0
11-14-2009 02:19;0;0
11-14-2009 02:20;0;0
11-14-2009 02:21;0;0
11-14-2009 02:22;0;0
11-14-2009 02:23;0;0
11-14-2009 02:24;0;0
11-14-2009 02:25;0;0
11-14-2009 02:26;0;0
11-14-2009 02:27;0;0
11-14-2009 02:28;0;0
11-14-2009 02:29;0;0
11-14-2009 02:30;0;0
11-14-2009 02:31;0;0
11-14-2009 02:32;0;0
11-14-2009 02:33;0;0
11-14-2009 02:34;0;0
11-14-2009 02:35;0;0
11-14-2009 02:36;0;0
11-14-2009 02:37;0;0
11-14-2009 02:38;0;0
11-14-2009 02:39;0;0
11-14-2009 02:40;0;0
11-14-2009 02:41;0;0
11-14-2009 02:42;0;0
11-14-2009 02:43;0;0
11-14-2009 02:44;0;0
11-14-2009 02:45;0;0
11-14-2009 02:46;0;0
11-14-2009 02:47;0;0
11-14-2009 02:48;0;0
11-14-2009 02:49;0;0
11-14-2009 02:50;0;0
11-14-2009 02:51;0;0
11-14-2009 02:52;0;0
11-14-2009 02:53;0;0
11-14-2009 02:54;0;0
11-14-2009 02:55;0;0
11-14-2009 02:56;0;0
11-14-2009 02:57;0;0
11-14-2009 02:58;0;0
11-14-2009 02:59;0;0
11-14-2009 03:00;0;0
11-14-2009 03:01;0;0
11-14-2009 03:02;0;0
11-14-2009 03:03;0;0
11-14-2009 03:04;0;0
11-14-2009 03:05;0;0
11-14-2009 03:06;0;0
11-14-2009 03:07;0;0
11-14-2009 03:08;0;0
11-14-2009 03:09;0;0
11-14-2009 03:10;0;0
11-14-2009 03:11;0;0
11-14-2009 03:12;0;0
11-14-2009 03:13;0;0
11-14-2009 03:14;0;0
11-14-2009 03:15;0;0
11-14-2009 03:16;0;0
11-14-2009 03:17;0;0
11-14-2009 03:18;0;0
11-14-2009 03:19;0;0
11-14-2009 03:20;0;0
11-14-2009 03:21;0;0
11-14-2009 03:22;0;0
11-14-2009 03:23;0;0
11-14-2009 03:24;0;0
11-14-2009 03:25;0;0
11-14-2009 03:26;0;0
11-14-2009 03:27;0;0
11-14-2009 03:28;0;0
11-14-2009 03:29;0;0
11-14-2009 03:30;0;0
11-14-2009 03:31;0;0
11-14-2009 03:32;0;0
11-14-2009 03:33;0;0
11-14-2009 03:34;0;0
11-14-2009 03:35;0;0
11-14-2009 03:36;0;0
11-14-2009 03:37;0;0
11-14-2009 03:38;0;0
11-14-2009 03:39;0;0
11-14-2009 03:40;0;0
11-14-2009 03:41;0;0
11-14-2009 03:42;0;0
11-14-2009 03:43;0;0
11-14-2009 03:44;0;0
11-14-2009 03:45;0;0
11-14-2009 03:46;0;0
11-14-2009 03:47;0;0
11-14-2009 03:48;0;0
11-14-2009 03:49;0;0
11-14-2009 03:50;0;0
11-14-2009 03:51;0;0
11-14-2009 03:52;0;0
11-14-2009 03:53;0;0
11-14-2009 03:54;0;0
11-14-2009 03:55;0;0
11-14-2009 03:56;0;0
11-14-2009 03:57;0;0
11-14-2009 03:58;0;0
11-14-2009 03:59;0;0
11-14-2009 04:00;0;0
11-14-2009 04:01;0;0
11-14-2009 04:02;0;0
11-14-2009 04:03;0;0
11-14-2009 04:04;0;0
11-14-2009 04:05;0;0
11-14-2009 04:06;0;0
11-14-2009 04:07;0;0
11-14-2009 04:08;0;0
11-14-2009 04:09;0;0
11-14-2009 04:10;0;0
11-14-2009 04:11;0;0
11-14-2009 04:12;0;0
11-14-2009 04:13;0;0
11-14-2009 04:14;0;0
11-14-2009 04:15;0;0
11-14-2009 04:16;0;0
11-14-2009 04:17;0;0
11-14-2009 04:18;0;0
11-14-2009 04:19;0;0
11-14-2009 04:20;0;0
11-14-2009 04:21;0;0
11-14-2009 04:22;0;0
11-14-2009 04:23;0;0
11-14-2009 04:24;0;0
11-14-2009 04:25;0;0
11-14-2009 04:26;0;0
11-14-2009 04:27;0;0
11-14-2009 04:28;0;0
11-14-2009 04:29;0;0
11-14-2009 04:30;0;0
11-14-2009 04:31;0;0
11-14-2009 04:32;0;0
11-14-2009 04:33;0;0
11-14-2009 04:34;0;0
11-14-2009 04:35;0;0
11-14-2009 04:36;0;0
11-14-2009 04:37;0;0
11-14-2009 04:38;0;0
11-14-2009 04:39;0;0
11-14-2009 04:40;0;0
11-14-2009 04:41;0;0
11-14-2009 04:42;0;0
11-14-2009 04:43;0;0
11-14-2009 04:44;0;0
11-14-2009 04:45;0;0
11-14-2009 04:46;0;0
11-14-2009 04:47;0;0
11-14-2009 04:48;0;0
11-14-2009 04:49;0;0
11-14-2009 04:50;0;0
11-14-2009 04:51;0;0
11-14-2009 04:52;0;0
11-14-2009 04:53;0;0
11-14-2009 04:54;0;0
11-14-2009 04:55;0;0
11-14-2009 04:56;0;0
11-14-2009 04:57;0;0
11-14-2009 04:58;0;0
11-14-2009 04:59;0;0
11-14-2009 05:00;0;0
11-14-2009 05:01;0;0
11-14-2009 05:02;0;0
11-14-2009 05:03;0;0
11-14-2009 05:04;0;0
11-14-2009 05:05;0;0
11-14-2009 05:06;0;0
11-14-2009 05:07;0;0
11-14-2009 05:08;0;0
11-14-2009 05:09;0;0
11-14-2009 05:10;0;0
11-14-2009 05:11;0;0
11-14-2009 05:12;0;0
11-14-2009 05:13;0;0
11-14-2009 05:14;0;0
11-14-2009 05:15;0;0
11-14-2009 05:16;0;0
11-14-2009 05:17;0;0
11-14-2009 05:18;0;0
11-14-2009 05:19;0;0
11-14-2009 05:20;0;0
11-14-2009 05:21;0;0
11-14-2009 05:22;0;0
11-14-2009 05:23;0;0
11-14-2009 05:24;0;0
11-14-2009 05:25;0;0
11-14-2009 05:26;0;0
11-14-2009 05:27;0;0
11-14-2009 05:28;0;0
11-14-2009 05:29;0;0
11-14-2009 05:30;0;0
11-14-2009 05:31;0;0
11-14-2009 05:32;0;0
11-14-2009 05:33;0;0
11-14-2009 05:34;0;0
11-14-2009 05:35;0;0
11-14-2009 05:36;0;0
11-14-2009 05:37;0;0
11-14-2009 05:38;0;0
11-14-2009 05:39;0;0
11-14-2009 05:40;0;0
11-14-2009 05:41;0;0
11-14-2009 05:42;0;0
11-14-2009 05:43;0;0
11-14-2009 05:44;0;0
11-14-2009 05:45;0;0
11-14-2009 05:46;0;0
11-14-2009 05:47;0;0
11-14-2009 05:48;0;0
11-14-2009 05:49;0;0
11-14-2009 05:50;0;0
11-14-2009 05:51;0;0
11-14-2009 05:52;0;0
11-14-2009 05:53;0;0
11-14-2009 05:54;0;0
11-14-2009 05:55;0;0
11-14-2009 05:56;0;0
11-14-2009 05:57;0;0
11-14-2009 05:58;0;0
11-14-2009 05:59;0;0
11-14-2009 06:00;0;0
11-14-2009 06:01;0;0
11-14-2009 06:02;0;0
11-14-2009 06:03;0;0
11-14-2009 06:04;0;0
11-14-2009 06:05;0;0
11-14-2009 06:06;0;0
11-14-2009 06:07;0;0
11-14-2009 06:08;0;0
11-14-2009 06:09;0;0
11-14-2009 06:10;0;0
11-14-2009 06:11;0;0
11-14-2009 06:12;0;0
11-14-2009 06:13;0;0
11-14-2009 06:14;0;0
11-14-2009 06:15;0;0
11-14-2009 06:16;0;0
11-14-2009 06:17;0;0
11-14-2009 06:18;0;0
11-14-2009 06:19;0;0
11-14-2009 06:20;0;0
11-14-2009 06:21;0;0
11-14-2009 06:22;0;0
11-14-2009 06:23;0;0
11-14-2009 06:24;0;0
11-14-2009 06:25;0;0
11-14-2009 06:26;0;0
11-14-2009 06:27;0;0
11-14-2009 06:28;0;0
11-14-2009 06:29;0;0
11-14-2009 06:30;0;0
11-14-2009 06:31;0;0
11-14-2009 06:32;0;0
11-14-2009 06:33;0;0
11-14-2009 06:34;0;0
11-14-2009 06:35;0;0
11-14-2009 06:36;0;0
11-14-2009 06:37;0;0
11-14-2009 06:38;0;0
11-14-2009 06:39;0;0
11-14-2009 06:40;0;0
11-14-2009 06:41;0;0
11-14-2009 06:42;0;0
11-14-2009 06:43;0;0
11-14-2009 06:44;0;0
11-14-2009 06:45;0;0
11-14-2009 06:46;0;0
11-14-2009 06:47;0;0
11-14-2009 06:48;0;0
11-14-2009 06:49;0;0
11-14-2009 06:50;0;0
11-14-2009 06:51;0;0
11-14-2009 06:52;0;0
11-14-2009 06:53;0;0
11-14-2009 06:54;0;0
11-14-2009 06:55;0;0
11-14-2009 06:56;0;0
11-14-2009 06:57;0;0
11-14-2009 06:58;0;0
11-14-2009 06:59;0;0
11-14-2009 07:00;0;0
11-14-2009 07:01;0;0
11-14-2009 07:02;0;0
11-14-2009 07:03;0;0
11-14-2009 07:04;0;0
11-14-2009 07:05;0;0
11-14-2009 07:06;0;0
11-14-2009 07:07;0;0
11-14-2009 07:08;0;0
11-14-2009 07:09;0;0
11-14-2009 07:10;0;0
11-14-2009 07:11;0;0
11-14-2009 07:12;0;0
11-14-2009 07:13;0;0
11-14-2009 07:14;0;0
11-14-2009 07:15;0;0
11-14-2009 07:16;0;0
11-14-2009 07:17;0;0
11-14-2009 07:18;0;0
11-14-2009 07:19;0;0
11-14-2009 07:20;0;0
11-14-2009 07:21;0;0
11-14-2009 07:22;0;0
11-14-2009 07:23;0;0
11-14-2009 07:24;0;0
11-14-2009 07:25;0;0
11-14-2009 07:26;0;0
11-14-2009 07:27;0;0
11-14-2009 07:28;0;0
11-14-2009 07:29;0;0
11-14-2009 07:30;0;0
11-14-2009 07:31;0;0
11-14-2009 07:32;0;0
11-14-2009 07:33;0;0
11-14-2009 07:34;0;0
11-14-2009 07:35;0;0
11-14-2009 07:36;0;0
11-14-2009 07:37;0;0
11-14-2009 07:38;0;0
11-14-2009 07:39;0;0
11-14-2009 07:40;0;0
11-14-2009 07:41;0;0
11-14-2009 07:42;0;0
11-14-2009 07:43;0;0
11-14-2009 07:44;0;0
11-14-2009 07:45;0;0
11-14-2009 07:46;0;0
11-14-2009 07:47;0;0
11-14-2009 07:48;0;0
11-14-2009 07:49;0;0
11-14-2009 07:50;0;0
11-14-2009 07:51;0;0
11-14-2009 07:52;0;0
11-14-2009 07:53;0;0
11-14-2009 07:54;0;0
11-14-2009 07:55;0;0
11-14-2009 07:56;0;0
11-14-2009 07:57;0;0
11-14-2009 07:58;0;0
11-14-2009 07:59;0;0
11-14-2009 08:00;0;0
11-14-2009 08:01;0;0
11-14-2009 08:02;0;0
11-14-2009 08:03;0;0
11-14-2009 08:04;0;0
11-14-2009 08:05;0;0
11-14-2009 08:06;0;0
11-14-2009 08:07;0;0
11-14-2009 08:08;0;0
11-14-2009 08:09;0;0
11-14-2009 08:10;0;0
11-14-2009 08:11;0;0
11-14-2009 08:12;0;0
11-14-2009 08:13;0;0
11-14-2009 08:14;0;0
11-14-2009 08:15;0;0
11-14-2009 08:16;0;0
11-14-2009 08:17;0;0
11-14-2009 08:18;0;0
11-14-2009 08:19;0;0
11-14-2009 08:20;0;0
11-14-2009 08:21;0;0
11-14-2009 08:22;0;0
11-14-2009 08:23;0;0
11-14-2009 08:24;0;0
11-14-2009 08:25;0;0
11-14-2009 08:26;0;0
11-14-2009 08:27;0;0
11-14-2009 08:28;0;0
11-14-2009 08:29;0;0
11-14-2009 08:30;0;0
11-14-2009 08:31;0;0
11-14-2009 08:32;0;0
11-14-2009 08:33;0;0
11-14-2009 08:34;0;0
11-14-2009 08:35;0;0
11-14-2009 08:36;0;0
11-14-2009 08:37;0;0
11-14-2009 08:38;0;0
11-14-2009 08:39;0;0
11-14-2009 08:40;0;0
11-14-2009 08:41;0;0
11-14-2009 08:42;0;0
11-14-2009 08:43;0;0
11-14-2009 08:44;0;0
11-14-2009 08:45;0;0
11-14-2009 08:46;0;0
11-14-2009 08:47;0;0
11-14-2009 08:48;0;0
11-14-2009 08:49;0;0
11-14-2009 08:50;0;0
11-14-2009 08:51;0;0
11-14-2009 08:52;0;0
11-14-2009 08:53;0;0
11-14-2009 08:54;0;0
11-14-2009 08:55;0;0
11-14-2009 08:56;0;0
11-14-2009 08:57;0;0
11-14-2009 08:58;0;0
11-14-2009 08:59;0;0
11-14-2009 09:00;0;0
11-14-2009 09:01;0;0
11-14-2009 09:02;0;0
11-14-2009 09:03;0;0
11-14-2009 09:04;0;0
11-14-2009 09:05;0;0
11-14-2009 09:06;0;0
11-14-2009 09:07;0;0
11-14-2009 09:08;0;0
11-14-2009 09:09;0;0
11-14-2009 09:10;0;0
11-14-2009 09:11;0;0
11-14-2009 09:12;0;0
11-14-2009 09:13;0;0
11-14-2009 09:14;0;0
11-14-2009 09:15;0;0
11-14-2009 09:16;0;0
11-14-2009 09:17;0;0
11-14-2009 09:18;0;0
11-14-2009 09:19;0;0
11-14-2009 09:20;0;0
11-14-2009 09:21;0;0
11-14-2009 09:22;0;0
11-14-2009 09:23;0;0
11-14-2009 09:24;0;0
11-14-2009 09:25;0;0
11-14-2009 09:26;0;0
11-14-2009 09:27;0;0
11-14-2009 09:28;0;0
11-14-2009 09:29;0;0
11-14-2009 09:30;0;0
11-14-2009 09:31;0;0
11-14-2009 09:32;0;0
11-14-2009 09:33;0;0
11-14-2009 09:34;0;0
11-14-2009 09:35;0;0
11-14-2009 09:36;0;0
11-14-2009 09:37;0;0
11-14-2009 09:38;0;0
11-14-2009 09:39;0;0
11-14-2009 09:40;0;0
11-14-2009 09:41;0;0
11-14-2009 09:42;0;0
11-14-2009 09:43;0;0
11-14-2009 09:44;0;0
11-14-2009 09:45;0;0
11-14-2009 09:46;0;0
11-14-2009 09:47;0;0
11-14-2009 09:48;0;0
11-14-2009 09:49;0;0
11-14-2009 09:50;0;0
11-14-2009 09:51;0;0
11-14-2009 09:52;0;0
11-14-2009 09:53;0;0
11-14-2009 09:54;0;0
11-14-2009 09:55;0;0
11-14-2009 09:56;0;0
11-14-2009 09:57;0;0
11-14-2009 09:58;0;0
11-14-2009 09:59;0;0
11-14-2009 10:00;0;0
11-14-2009 10:01;0;0
11-14-2009 10:02;0;0
11-14-2009 10:03;0;0
11-14-2009 10:04;0;0
11-14-2009 10:05;0;0
11-14-2009 10:06;0;0
11-14-2009 10:07;0;0
11-14-2009 10:08;0;0
11-14-2009 10:09;0;0
11-14-2009 10:10;0;0
11-14-2009 10:11;0;0
11-14-2009 10:12;0;0
11-14-2009 10:13;0;0
11-14-2009 10:14;0;0
11-14-2009 10:15;0;0
11-14-2009 10:16;0;0
11-14-2009 10:17;0;0
11-14-2009 10:18;0;0
11-14-2009 10:19;0;0
11-14-2009 10:20;0;0
11-14-2009 10:21;0;0
11-14-2009 10:22;0;0
11-14-2009 10:23;0;0
11-14-2009 10:24;0;0
11-14-2009 10:25;0;0
11-14-2009 10:26;0;0
11-14-2009 10:27;0;0
11-14-2009 10:28;0;0
11-14-2009 10:29;0;0
11-14-2009 10:30;0;0
11-14-2009 10:31;0;0
11-14-2009 10:32;0;0
11-14-2009 10:33;0;0
11-14-2009 10:34;0;0
11-14-2009 10:35;0;0
11-14-2009 10:36;0;0
11-14-2009 10:37;0;0
11-14-2009 10:38;0;0
11-14-2009 10:39;0;0
11-14-2009 10:40;0;0
11-14-2009 10:41;0;0
11-14-2009 10:42;0;0
11-14-2009 10:43;0;0
11-14-2009 10:44;0;0
11-14-2009 10:45;0;0
11-14-2009 10:46;0;0
11-14-2009 10:47;0;0
11-14-2009 10:48;0;0
11-14-2009 10:49;0;0
11-14-2009 10:50;0;0
11-14-2009 10:51;0;0
11-14-2009 10:52;0;0
11-14-2009 10:53;0;0
11-14-2009 10:54;0;0
11-14-2009 10:55;0;0
11-14-2009 10:56;0;0
11-14-2009 10:57;0;0
11-14-2009 10:58;0;0
11-14-2009 10:59;0;0
11-14-2009 11:00;0;0
11-14-2009 11:01;0;0
11-14-2009 11:02;0;0
11-14-2009 11:03;0;0
11-14-2009 11:04;0;0
11-14-2009 11:05;0;0
11-14-2009 11:06;0;0
11-14-2009 11:07;0;0
11-14-2009 11:08;0;0
11-14-2009 11:09;0;0
11-14-2009 11:10;0;0
11-14-2009 11:11;0;0
11-14-2009 11:12;0;0
11-14-2009 11:13;0;0
11-14-2009 11:14;0;0
11-14-2009 11:15;0;0
11-14-2009 11:16;0;0
11-14-2009 11:17;0;0
11-14-2009 11:18;0;0
11-14-2009 11:19;0;0
11-14-2009 11:20;0;0
11-14-2009 11:21;0;0
11-14-2009 11:22;0;0
11-14-2009 11:23;0;0
11-14-2009 11:24;0;0
11-14-2009 11:25;0;0
11-14-2009 11:26;0;0
11-14-2009 11:27;0;0
11-14-2009 11:28;0;0
11-14-2009 11:29;0;0
11-14-2009 11:30;0;0
11-14-2009 11:31;0;0
11-14-2009 11:32;0;0
11-14-2009 11:33;0;0
11-14-2009 11:34;0;0
11-14-2009 11:35;0;0
11-14-2009 11:36;0;0
11-14-2009 11:37;0;0
11-14-2009 11:38;0;0
11-14-2009 11:39;0;0
11-14-2009 11:40;0;0
11-14-2009 11:41;0;0
11-14-2009 11:42;0;0
11-14-2009 11:43;0;0
11-14-2009 11:44;0;0
11-14-2009 11:45;0;0
11-14-2009 11:46;0;0
11-14-2009 11:47;0;0
11-14-2009 11:48;0;0
11-14-2009 11:49;0;0
11-14-2009 11:50;0;0
11-14-2009 11:51;0;0
11-14-2009 11:52;0;0
11-14-2009 11:53;0;0
11-14-2009 11:54;0;0
11-14-2009 11:55;0;0
11-14-2009 11:56;0;0
11-14-2009 11:57;0;0
11-14-2009 11:58;0;0
11-14-2009 11:59;0;0
11-14-2009 12:00;0;0
11-14-2009 12:01;0;0
11-14-2009 12:02;0;0
11-14-2009 12:03;0;0
11-14-2009 12:04;0;0
11-14-2009 12:05;0;0
11-14-2009 12:06;0;0
11-14-2009 12:07;0;0
11-14-2009 12:08;0;0
11-14-2009 12:09;0;0
11-14-2009 12:10;0;0
11-14-2009 12:11;0;0
11-14-2009 12:12;0;0
11-14-2009 12:13;0;0
11-14-2009 12:14;0;0
11-14-2009 12:15;0;0
11-14-2009 12:16;0;0
11-14-2009 12:17;0;0
11-14-2009 12:18;0;0
11-14-2009 12:19;0;0
11-14-2009 12:20;0;0
11-14-2009 12:21;0;0
11-14-2009 12:22;0;0
11-14-2009 12:23;0;0
11-14-2009 12:24;0;0
11-14-2009 12:25;0;0
11-14-2009 12:26;0;0
11-14-2009 12:27;0;0
11-14-2009 12:28;0;0
11-14-2009 12:29;0;0
11-14-2009 12:30;0;0
11-14-2009 12:31;0;0
11-14-2009 12:32;0;0
11-14-2009 12:33;0;0
11-14-2009 12:34;0;0
11-14-2009 12:35;0;0
11-14-2009 12:36;0;0
11-14-2009 12:37;0;0
11-14-2009 12:38;0;0
11-14-2009 12:39;0;0
11-14-2009 12:40;0;0
11-14-2009 12:41;0;0
11-14-2009 12:42;0;0
11-14-2009 12:43;0;0
11-14-2009 12:44;0;0
11-14-2009 12:45;0;0
11-14-2009 12:46;0;0
11-14-2009 12:47;0;0
11-14-2009 12:48;0;0
11-14-2009 12:49;0;0
11-14-2009 12:50;0;0
11-14-2009 12:51;0;0
11-14-2009 12:52;0;0
11-14-2009 12:53;0;0
11-14-2009 12:54;0;0
11-14-2009 12:55;0;0
11-14-2009 12:56;0;0
11-14-2009 12:57;0;0
11-14-2009 12:58;0;0
11-14-2009 12:59;887;0
11-14-2009 13:00;410;0
11-14-2009 13:01;0;0
11-14-2009 13:02;0;0
11-14-2009 13:03;0;0
11-14-2009 13:04;0;0
11-14-2009 13:05;0;0
11-14-2009 13:06;0;0
11-14-2009 13:07;0;0
11-14-2009 13:08;397;0
11-14-2009 13:09;0;0
11-14-2009 13:10;190;0
11-14-2009 13:11;25;0
11-14-2009 13:12;0;0
11-14-2009 13:13;74;0
11-14-2009 13:14;166;0
11-14-2009 13:15;184;0
11-14-2009 13:16;112;0
11-14-2009 13:17;65;0
11-14-2009 13:18;0;0
11-14-2009 13:19;0;0
11-14-2009 13:20;0;0
11-14-2009 13:21;107;0
11-14-2009 13:22;0;0
11-14-2009 13:23;227;0
11-14-2009 13:24;82;0
11-14-2009 13:25;68;0
11-14-2009 13:26;0;0
11-14-2009 13:27;0;0
11-14-2009 13:28;0;0
11-14-2009 13:29;0;0
11-14-2009 13:30;360;0
11-14-2009 13:31;0;0
11-14-2009 13:32;0;0
11-14-2009 13:33;0;0
11-14-2009 13:34;0;0
11-14-2009 13:35;0;0
11-14-2009 13:36;0;0
11-14-2009 13:37;0;0
11-14-2009 13:38;285;0
11-14-2009 13:39;0;0
11-14-2009 13:40;0;0
11-14-2009 13:41;0;0
11-14-2009 13:42;0;0
11-14-2009 13:43;0;0
11-14-2009 13:44;0;0
11-14-2009 13:45;0;0
11-14-2009 13:46;0;0
11-14-2009 13:47;103;0
11-14-2009 13:48;94;0
11-14-2009 13:49;0;0
11-14-2009 13:50;0;0
11-14-2009 13:51;0;0
11-14-2009 13:52;372;0
11-14-2009 13:53;0;0
11-14-2009 13:54;0;0
11-14-2009 13:55;0;0
11-14-2009 13:56;0;0
11-14-2009 13:57;0;0
11-14-2009 13:58;0;0
11-14-2009 13:59;0;0
11-14-2009 14:00;0;0
11-14-2009 14:01;0;0
11-14-2009 14:02;0;0
11-14-2009 14:03;0;0
11-14-2009 14:04;0;0
11-14-2009 14:05;0;0
11-14-2009 14:06;0;0
11-14-2009 14:07;0;0
11-14-2009 14:08;0;0
11-14-2009 14:09;0;0
11-14-2009 14:10;24;0
11-14-2009 14:11;0;0
11-14-2009 14:12;0;0
11-14-2009 14:13;0;0
11-14-2009 14:14;0;0
11-14-2009 14:15;0;0
11-14-2009 14:16;0;0
11-14-2009 14:17;0;0
11-14-2009 14:18;0;0
11-14-2009 14:19;0;0
11-14-2009 14:20;0;0
11-14-2009 14:21;0;0
11-14-2009 14:22;0;0
11-14-2009 14:23;0;0
11-14-2009 14:24;0;0
11-14-2009 14:25;7;0
11-14-2009 14:26;0;0
11-14-2009 14:27;0;0
11-14-2009 14:28;0;0
11-14-2009 14:29;0;0
11-14-2009 14:30;0;0
11-14-2009 14:31;0;0
11-14-2009 14:32;0;0
11-14-2009 14:33;0;0
11-14-2009 14:34;0;0
11-14-2009 14:35;0;0
11-14-2009 14:36;0;0
11-14-2009 14:37;0;0
11-14-2009 14:38;0;0
11-14-2009 14:39;0;0
11-14-2009 14:40;0;0
11-14-2009 14:41;0;0
11-14-2009 14:42;0;0
11-14-2009 14:43;0;0
11-14-2009 14:44;0;0
11-14-2009 14:45;0;0
11-14-2009 14:46;0;0
11-14-2009 14:47;234;0
11-14-2009 14:48;18;0
11-14-2009 14:49;53;0
11-14-2009 14:50;0;0
11-14-2009 14:51;0;0
11-14-2009 14:52;0;0
11-14-2009 14:53;71;0
11-14-2009 14:54;0;0
11-14-2009 14:55;0;0
11-14-2009 14:56;0;0
11-14-2009 14:57;0;0
11-14-2009 14:58;0;0
11-14-2009 14:59;0;0
11-14-2009 15:00;0;0
11-14-2009 15:01;0;0
11-14-2009 15:02;316;0
11-14-2009 15:03;531;0
11-14-2009 15:04;138;0
11-14-2009 15:05;3;0
11-14-2009 15:06;154;0
11-14-2009 15:07;32;0
11-14-2009 15:08;0;0
11-14-2009 15:09;0;0
11-14-2009 15:10;0;0
11-14-2009 15:11;0;0
11-14-2009 15:12;0;0
11-14-2009 15:13;103;0
11-14-2009 15:14;15;0
11-14-2009 15:15;0;0
11-14-2009 15:16;0;0
11-14-2009 15:17;4;0
11-14-2009 15:18;0;0
11-14-2009 15:19;0;0
11-14-2009 15:20;0;0
11-14-2009 15:21;28;0
11-14-2009 15:22;0;0
11-14-2009 15:23;0;0
11-14-2009 15:24;0;0
11-14-2009 15:25;0;0
11-14-2009 15:26;0;0
11-14-2009 15:27;0;0
11-14-2009 15:28;0;0
11-14-2009 15:29;0;0
11-14-2009 15:30;0;0
11-14-2009 15:31;0;0
11-14-2009 15:32;0;0
11-14-2009 15:33;0;0
11-14-2009 15:34;0;0
11-14-2009 15:35;0;0
11-14-2009 15:36;68;0
11-14-2009 15:37;0;0
11-14-2009 15:38;0;0
11-14-2009 15:39;3;0
11-14-2009 15:40;0;0
11-14-2009 15:41;0;0
11-14-2009 15:42;0;0
11-14-2009 15:43;0;0
11-14-2009 15:44;0;0
11-14-2009 15:45;219;0
11-14-2009 15:46;0;0
11-14-2009 15:47;0;0
11-14-2009 15:48;7;0
11-14-2009 15:49;0;0
11-14-2009 15:50;0;0
11-14-2009 15:51;0;0
11-14-2009 15:52;31;0
11-14-2009 15:53;82;0
11-14-2009 15:54;212;0
11-14-2009 15:55;0;0
11-14-2009 15:56;0;0
11-14-2009 15:57;0;0
11-14-2009 15:58;0;0
11-14-2009 15:59;0;0
11-14-2009 16:00;53;0
11-14-2009 16:01;0;0
11-14-2009 16:02;0;0
11-14-2009 16:03;35;0
11-14-2009 16:04;0;0
11-14-2009 16:05;18;0
11-14-2009 16:06;0;0
11-14-2009 16:07;0;0
11-14-2009 16:08;47;0
11-14-2009 16:09;0;0
11-14-2009 16:10;0;0
11-14-2009 16:11;0;0
11-14-2009 16:12;12;0
11-14-2009 16:13;0;0
11-14-2009 16:14;0;0
11-14-2009 16:15;0;0
11-14-2009 16:16;9;0
11-14-2009 16:17;0;0
11-14-2009 16:18;0;0
11-14-2009 16:19;0;0
11-14-2009 16:20;13;0
11-14-2009 16:21;3;0
11-14-2009 16:22;3;0
11-14-2009 16:23;0;0
11-14-2009 16:24;0;0
11-14-2009 16:25;0;0
11-14-2009 16:26;9;0
11-14-2009 16:27;0;0
11-14-2009 16:28;3;0
11-14-2009 16:29;9;0
11-14-2009 16:30;28;0
11-14-2009 16:31;25;0
11-14-2009 16:32;24;0
11-14-2009 16:33;3;0
11-14-2009 16:34;0;0
11-14-2009 16:35;0;0
11-14-2009 16:36;16;0
11-14-2009 16:37;3;0
11-14-2009 16:38;0;0
11-14-2009 16:39;0;0
11-14-2009 16:40;4;0
11-14-2009 16:41;18;0
11-14-2009 16:42;47;0
11-14-2009 16:43;149;0
11-14-2009 16:44;3;0
11-14-2009 16:45;7;0
11-14-2009 16:46;7;0
11-14-2009 16:47;44;0
11-14-2009 16:48;0;0
11-14-2009 16:49;0;0
11-14-2009 16:50;154;0
11-14-2009 16:51;3;0
11-14-2009 16:52;4;0
11-14-2009 16:53;0;0
11-14-2009 16:54;0;0
11-14-2009 16:55;0;0
11-14-2009 16:56;0;0
11-14-2009 16:57;0;0
11-14-2009 16:58;0;0
11-14-2009 16:59;0;0
11-14-2009 17:00;0;0
11-14-2009 17:01;47;0
11-14-2009 17:02;160;0
11-14-2009 17:03;125;0
11-14-2009 17:04;0;0
11-14-2009 17:05;16;0
11-14-2009 17:06;0;0
11-14-2009 17:07;316;0
11-14-2009 17:08;1614;1
11-14-2009 17:09;397;0
11-14-2009 17:10;0;0
11-14-2009 17:11;0;0
11-14-2009 17:12;0;0
11-14-2009 17:13;116;0
11-14-2009 17:14;1039;0
11-14-2009 17:15;2347;1
11-14-2009 17:16;1468;1
11-14-2009 17:17;709;0
11-14-2009 17:18;349;0
11-14-2009 17:19;756;0
11-14-2009 17:20;859;0
11-14-2009 17:21;644;0
11-14-2009 17:22;624;0
11-14-2009 17:23;166;0
11-14-2009 17:24;438;0
11-14-2009 17:25;549;0
11-14-2009 17:26;178;0
11-14-2009 17:27;531;0
11-14-2009 17:28;212;0
11-14-2009 17:29;1039;0
11-14-2009 17:30;285;0
11-14-2009 17:31;468;0
11-14-2009 17:32;154;0
11-14-2009 17:33;372;0
11-14-2009 17:34;68;0
11-14-2009 17:35;29;0
11-14-2009 17:36;1039;0
11-14-2009 17:37;1423;1
11-14-2009 17:38;945;0
11-14-2009 17:39;424;0
11-14-2009 17:40;82;0
11-14-2009 17:41;166;0
11-14-2009 17:42;34;0
11-14-2009 17:43;205;0
11-14-2009 17:44;1073;0
11-14-2009 17:45;665;0
11-14-2009 17:46;372;0
11-14-2009 17:47;138;0
11-14-2009 17:48;125;0
11-14-2009 17:49;337;0
11-14-2009 17:50;349;0
11-14-2009 17:51;549;0
11-14-2009 17:52;349;0
11-14-2009 17:53;515;0
11-14-2009 17:54;1039;0
11-14-2009 17:55;79;0
11-14-2009 17:56;112;0
11-14-2009 17:57;197;0
11-14-2009 17:58;160;0
11-14-2009 17:59;296;0
11-14-2009 18:00;172;0
11-14-2009 18:01;241;0
11-14-2009 18:02;438;0
11-14-2009 18:03;975;0
11-14-2009 18:04;605;0
11-14-2009 18:05;277;0
11-14-2009 18:06;227;0
11-14-2009 18:07;184;0
11-14-2009 18:08;337;0
11-14-2009 18:09;687;0
11-14-2009 18:10;624;0
11-14-2009 18:11;887;0
11-14-2009 18:12;531;0
11-14-2009 18:13;781;0
11-14-2009 18:14;397;0
11-14-2009 18:15;205;0
11-14-2009 18:16;531;0
11-14-2009 18:17;94;0
11-14-2009 18:18;219;0
11-14-2009 18:19;586;0
11-14-2009 18:20;687;0
11-14-2009 18:21;234;0
11-14-2009 18:22;945;0
11-14-2009 18:23;68;0
11-14-2009 18:24;59;0
11-14-2009 18:25;79;0
11-14-2009 18:26;129;0
11-14-2009 18:27;56;0
11-14-2009 18:28;945;0
11-14-2009 18:29;1178;1
11-14-2009 18:30;1564;1
11-14-2009 18:31;327;0
11-14-2009 18:32;62;0
11-14-2009 18:33;129;0
11-14-2009 18:34;116;0
11-14-2009 18:35;197;0
11-14-2009 18:36;1073;0
11-14-2009 18:37;1006;0
11-14-2009 18:38;138;0
11-14-2009 18:39;0;0
11-14-2009 18:40;40;0
11-14-2009 18:41;0;0
11-14-2009 18:42;219;0
11-14-2009 18:43;0;0
11-14-2009 18:44;149;0
11-14-2009 18:45;0;0
11-14-2009 18:46;103;0
11-14-2009 18:47;0;0
11-14-2009 18:48;74;0
11-14-2009 18:49;62;0
11-14-2009 18:50;190;0
11-14-2009 18:51;160;0
11-14-2009 18:52;410;0
11-14-2009 18:53;327;0
11-14-2009 18:54;424;0
11-14-2009 18:55;586;0
11-14-2009 18:56;138;0
11-14-2009 18:57;154;0
11-14-2009 18:58;756;0
11-14-2009 18:59;605;0
11-14-2009 19:00;227;0
11-14-2009 19:01;360;0
11-14-2009 19:02;250;0
11-14-2009 19:03;781;0
11-14-2009 19:04;3;0
11-14-2009 19:05;41;0
11-14-2009 19:06;129;0
11-14-2009 19:07;74;0
11-14-2009 19:08;56;0
11-14-2009 19:09;6;0
11-14-2009 19:10;149;0
11-14-2009 19:11;68;0
11-14-2009 19:12;709;0
11-14-2009 19:13;483;0
11-14-2009 19:14;0;0
11-14-2009 19:15;0;0
11-14-2009 19:16;62;0
11-14-2009 19:17;0;0
11-14-2009 19:18;13;0
11-14-2009 19:19;107;0
11-14-2009 19:20;22;0
11-14-2009 19:21;77;0
11-14-2009 19:22;7;0
11-14-2009 19:23;50;0
11-14-2009 19:24;372;0
11-14-2009 19:25;709;0
11-14-2009 19:26;384;0
11-14-2009 19:27;103;0
11-14-2009 19:28;3;0
11-14-2009 19:29;0;0
11-14-2009 19:30;605;0
11-14-2009 19:31;438;0
11-14-2009 19:32;125;0
11-14-2009 19:33;0;0
11-14-2009 19:34;0;0
11-14-2009 19:35;0;0
11-14-2009 19:36;94;0
11-14-2009 19:37;296;0
11-14-2009 19:38;4;0
11-14-2009 19:39;47;0
11-14-2009 19:40;53;0
11-14-2009 19:41;0;0
11-14-2009 19:42;0;0
11-14-2009 19:43;71;0
11-14-2009 19:44;3;0
11-14-2009 19:45;0;0
11-14-2009 19:46;31;0
11-14-2009 19:47;0;0
11-14-2009 19:48;0;0
11-14-2009 19:49;3;0
11-14-2009 19:50;0;0
11-14-2009 19:51;0;0
11-14-2009 19:52;0;0
11-14-2009 19:53;82;0
11-14-2009 19:54;53;0
11-14-2009 19:55;566;0
11-14-2009 19:56;1006;0
11-14-2009 19:57;1178;1
11-14-2009 19:58;499;0
11-14-2009 19:59;1336;1
11-14-2009 20:00;887;0
11-14-2009 20:01;915;0
11-14-2009 20:02;859;0
11-14-2009 20:03;624;0
11-14-2009 20:04;733;0
11-14-2009 20:05;733;0
11-14-2009 20:06;665;0
11-14-2009 20:07;781;0
11-14-2009 20:08;833;0
11-14-2009 20:09;1295;1
11-14-2009 20:10;1255;1
11-14-2009 20:11;1379;1
11-14-2009 20:12;1468;1
11-14-2009 20:13;1073;0
11-14-2009 20:14;1665;1
11-14-2009 20:15;337;0
11-14-2009 20:16;88;0
11-14-2009 20:17;85;0
11-14-2009 20:18;129;0
11-14-2009 20:19;74;0
11-14-2009 20:20;483;0
11-14-2009 20:21;32;0
11-14-2009 20:22;250;0
11-14-2009 20:23;0;0
11-14-2009 20:24;212;0
11-14-2009 20:25;316;0
11-14-2009 20:26;25;0
11-14-2009 20:27;0;0
11-14-2009 20:28;50;0
11-14-2009 20:29;107;0
11-14-2009 20:30;25;0
11-14-2009 20:31;3;0
11-14-2009 20:32;259;0
11-14-2009 20:33;65;0
11-14-2009 20:34;0;0
11-14-2009 20:35;0;0
11-14-2009 20:36;277;0
11-14-2009 20:37;4;0
11-14-2009 20:38;7;0
11-14-2009 20:39;0;0
11-14-2009 20:40;59;0
11-14-2009 20:41;0;0
11-14-2009 20:42;0;0
11-14-2009 20:43;3;0
11-14-2009 20:44;0;0
11-14-2009 20:45;0;0
11-14-2009 20:46;0;0
11-14-2009 20:47;0;0
11-14-2009 20:48;0;0
11-14-2009 20:49;0;0
11-14-2009 20:50;129;0
11-14-2009 20:51;103;0
11-14-2009 20:52;143;0
11-14-2009 20:53;65;0
11-14-2009 20:54;46;0
11-14-2009 20:55;234;0
11-14-2009 20:56;35;0
11-14-2009 20:57;134;0
11-14-2009 20:58;6;0
11-14-2009 20:59;166;0
11-14-2009 21:00;424;0
11-14-2009 21:01;116;0
11-14-2009 21:02;372;0
11-14-2009 21:03;88;0
11-14-2009 21:04;121;0
11-14-2009 21:05;107;0
11-14-2009 21:06;112;0
11-14-2009 21:07;129;0
11-14-2009 21:08;112;0
11-14-2009 21:09;172;0
11-14-2009 21:10;121;0
11-14-2009 21:11;103;0
11-14-2009 21:12;103;0
11-14-2009 21:13;360;0
11-14-2009 21:14;85;0
11-14-2009 21:15;103;0
11-14-2009 21:16;129;0
11-14-2009 21:17;234;0
11-14-2009 21:18;154;0
11-14-2009 21:19;79;0
11-14-2009 21:20;138;0
11-14-2009 21:21;116;0
11-14-2009 21:22;107;0
11-14-2009 21:23;103;0
11-14-2009 21:24;65;0
11-14-2009 21:25;219;0
11-14-2009 21:26;121;0
11-14-2009 21:27;212;0
11-14-2009 21:28;34;0
11-14-2009 21:29;94;0
11-14-2009 21:30;62;0
11-14-2009 21:31;190;0
11-14-2009 21:32;129;0
11-14-2009 21:33;178;0
11-14-2009 21:34;44;0
11-14-2009 21:35;234;0
11-14-2009 21:36;50;0
11-14-2009 21:37;34;0
11-14-2009 21:38;50;0
11-14-2009 21:39;112;0
11-14-2009 21:40;212;0
11-14-2009 21:41;4;0
11-14-2009 21:42;77;0
11-14-2009 21:43;19;0
11-14-2009 21:44;10;0
11-14-2009 21:45;29;0
11-14-2009 21:46;38;0
11-14-2009 21:47;3;0
11-14-2009 21:48;0;0
11-14-2009 21:49;19;0
11-14-2009 21:50;31;0
11-14-2009 21:51;3;0
11-14-2009 21:52;259;0
11-14-2009 21:53;121;0
11-14-2009 21:54;38;0
11-14-2009 21:55;107;0
11-14-2009 21:56;197;0
11-14-2009 21:57;887;0
11-14-2009 21:58;975;0
11-14-2009 21:59;781;0
11-14-2009 22:00;781;0
11-14-2009 22:01;624;0
11-14-2009 22:02;733;0
11-14-2009 22:03;184;0
11-14-2009 22:04;1006;0
11-14-2009 22:05;566;0
11-14-2009 22:06;515;0
11-14-2009 22:07;197;0
11-14-2009 22:08;1255;1
11-14-2009 22:09;234;0
11-14-2009 22:10;624;0
11-14-2009 22:11;549;0
11-14-2009 22:12;515;0
11-14-2009 22:13;549;0
11-14-2009 22:14;687;0
11-14-2009 22:15;624;0
11-14-2009 22:16;1336;1
11-14-2009 22:17;859;0
11-14-2009 22:18;709;0
11-14-2009 22:19;833;0
11-14-2009 22:20;709;0
11-14-2009 22:21;410;0
11-14-2009 22:22;190;0
11-14-2009 22:23;65;0
11-14-2009 22:24;259;0
11-14-2009 22:25;756;0
11-14-2009 22:26;945;0
11-14-2009 22:27;887;0
11-14-2009 22:28;1039;0
11-14-2009 22:29;1106;0
11-14-2009 22:30;94;0
11-14-2009 22:31;515;0
11-14-2009 22:32;212;0
11-14-2009 22:33;190;0
11-14-2009 22:34;212;0
11-14-2009 22:35;125;0
11-14-2009 22:36;687;0
11-14-2009 22:37;103;0
11-14-2009 22:38;531;0
11-14-2009 22:39;9;0
11-14-2009 22:40;241;0
11-14-2009 22:41;79;0
11-14-2009 22:42;0;0
11-14-2009 22:43;4;0
11-14-2009 22:44;859;0
11-14-2009 22:45;424;0
11-14-2009 22:46;121;0
11-14-2009 22:47;112;0
11-14-2009 22:48;197;0
11-14-2009 22:49;975;0
11-14-2009 22:50;410;0
11-14-2009 22:51;483;0
11-14-2009 22:52;1039;0
11-14-2009 22:53;1006;0
11-14-2009 22:54;1295;1
11-14-2009 22:55;1142;0
11-14-2009 22:56;1665;1
11-14-2009 22:57;1614;1
11-14-2009 22:58;1515;1
11-14-2009 22:59;1142;0
11-14-2009 23:00;1178;1
11-14-2009 23:01;1106;0
11-14-2009 23:02;887;0
11-14-2009 23:03;1106;0
11-14-2009 23:04;1106;0
11-14-2009 23:05;1423;1
11-14-2009 23:06;1379;1
11-14-2009 23:07;1178;1
11-14-2009 23:08;1336;1
11-14-2009 23:09;1255;1
11-14-2009 23:10;945;0
11-14-2009 23:11;945;0
11-14-2009 23:12;945;0
11-14-2009 23:13;1379;1
11-14-2009 23:14;1039;0
11-14-2009 23:15;1423;1
11-14-2009 23:16;915;0
11-14-2009 23:17;94;0
11-14-2009 23:18;28;0
11-14-2009 23:19;4;0
11-14-2009 23:20;68;0
11-14-2009 23:21;125;0
11-14-2009 23:22;116;0
11-14-2009 23:23;0;0
11-14-2009 23:24;0;0
11-14-2009 23:25;0;0
11-14-2009 23:26;0;0
11-14-2009 23:27;149;0
11-14-2009 23:28;0;0
11-14-2009 23:29;12;0
11-14-2009 23:30;172;0
11-14-2009 23:31;0;0
11-14-2009 23:32;0;0
11-14-2009 23:33;0;0
11-14-2009 23:34;0;0
11-14-2009 23:35;59;0
11-14-2009 23:36;166;0
11-14-2009 23:37;149;0
11-14-2009 23:38;91;0
11-14-2009 23:39;16;0
11-14-2009 23:40;38;0
11-14-2009 23:41;10;0
11-14-2009 23:42;3;0
11-14-2009 23:43;21;0
11-14-2009 23:44;31;0
11-14-2009 23:45;99;0
11-14-2009 23:46;25;0
11-14-2009 23:47;59;0
11-14-2009 23:48;0;0
11-14-2009 23:49;0;0
11-14-2009 23:50;56;0
11-14-2009 23:51;3;0
11-14-2009 23:52;0;0
11-14-2009 23:53;0;0
11-14-2009 23:54;94;0
11-14-2009 23:55;85;0
11-14-2009 23:56;13;0
11-14-2009 23:57;0;0
11-14-2009 23:58;0;0
11-14-2009 23:59;0;0
11-15-2009 00:00;0;0
11-15-2009 00:01;0;0
11-15-2009 00:02;0;0
11-15-2009 00:03;112;0
11-15-2009 00:04;3;0
11-15-2009 00:05;0;0
11-15-2009 00:06;0;0
11-15-2009 00:07;94;0
11-15-2009 00:08;0;0
11-15-2009 00:09;138;0
11-15-2009 00:10;7;0
11-15-2009 00:11;88;0
11-15-2009 00:12;47;0
11-15-2009 00:13;0;0
11-15-2009 00:14;178;0
11-15-2009 00:15;50;0
11-15-2009 00:16;24;0
11-15-2009 00:17;0;0
11-15-2009 00:18;40;0
11-15-2009 00:19;687;0
11-15-2009 00:20;624;0
11-15-2009 00:21;1006;0
11-15-2009 00:22;566;0
11-15-2009 00:23;1039;0
11-15-2009 00:24;833;0
11-15-2009 00:25;1336;1
11-15-2009 00:26;121;0
11-15-2009 00:27;116;0
11-15-2009 00:28;77;0
11-15-2009 00:29;0;0
11-15-2009 00:30;259;0
11-15-2009 00:31;154;0
11-15-2009 00:32;149;0
11-15-2009 00:33;0;0
11-15-2009 00:34;21;0
11-15-2009 00:35;13;0
11-15-2009 00:36;0;0
11-15-2009 00:37;46;0
11-15-2009 00:38;0;0
11-15-2009 00:39;3;0
11-15-2009 00:40;0;0
11-15-2009 00:41;0;0
11-15-2009 00:42;337;0
11-15-2009 00:43;0;0
11-15-2009 00:44;0;0
11-15-2009 00:45;0;0
11-15-2009 00:46;0;0
11-15-2009 00:47;0;0
11-15-2009 00:48;149;0
11-15-2009 00:49;172;0
11-15-2009 00:50;62;0
11-15-2009 00:51;531;0
11-15-2009 00:52;59;0
11-15-2009 00:53;0;0
11-15-2009 00:54;0;0
11-15-2009 00:55;116;0
11-15-2009 00:56;0;0
11-15-2009 00:57;316;0
11-15-2009 00:58;24;0
11-15-2009 00:59;149;0
11-15-2009 01:00;9;0
11-15-2009 01:01;0;0
11-15-2009 01:02;0;0
11-15-2009 01:03;0;0
11-15-2009 01:04;0;0
11-15-2009 01:05;74;0
11-15-2009 01:06;0;0
11-15-2009 01:07;0;0
11-15-2009 01:08;296;0
11-15-2009 01:09;116;0
11-15-2009 01:10;79;0
11-15-2009 01:11;0;0
11-15-2009 01:12;0;0
11-15-2009 01:13;0;0
11-15-2009 01:14;0;0
11-15-2009 01:15;0;0
11-15-2009 01:16;71;0
11-15-2009 01:17;0;0
11-15-2009 01:18;28;0
11-15-2009 01:19;0;0
11-15-2009 01:20;0;0
11-15-2009 01:21;0;0
11-15-2009 01:22;0;0
11-15-2009 01:23;3;0
11-15-2009 01:24;4;0
11-15-2009 01:25;0;0
11-15-2009 01:26;0;0
11-15-2009 01:27;0;0
11-15-2009 01:28;0;0
11-15-2009 01:29;0;0
11-15-2009 01:30;0;0
11-15-2009 01:31;16;0
11-15-2009 01:32;0;0
11-15-2009 01:33;0;0
11-15-2009 01:34;4;0
11-15-2009 01:35;0;0
11-15-2009 01:36;0;0
11-15-2009 01:37;0;0
11-15-2009 01:38;4;0
11-15-2009 01:39;0;0
11-15-2009 01:40;3;0
11-15-2009 01:41;0;0
11-15-2009 01:42;3;0
11-15-2009 01:43;0;0
11-15-2009 01:44;0;0
11-15-2009 01:45;18;0
11-15-2009 01:46;0;0
11-15-2009 01:47;0;0
11-15-2009 01:48;0;0
11-15-2009 01:49;0;0
11-15-2009 01:50;0;0
11-15-2009 01:51;0;0
11-15-2009 01:52;7;0
11-15-2009 01:53;3;0
11-15-2009 01:54;0;0
11-15-2009 01:55;0;0
11-15-2009 01:56;0;0
11-15-2009 01:57;3;0
11-15-2009 01:58;0;0
11-15-2009 01:59;0;0
11-15-2009 02:00;0;0
11-15-2009 02:01;46;0
11-15-2009 02:02;3;0
11-15-2009 02:03;91;0
11-15-2009 02:04;19;0
11-15-2009 02:05;0;0
11-15-2009 02:06;0;0
11-15-2009 02:07;0;0
11-15-2009 02:08;0;0
11-15-2009 02:09;0;0
11-15-2009 02:10;6;0
11-15-2009 02:11;0;0
11-15-2009 02:12;3;0
11-15-2009 02:13;0;0
11-15-2009 02:14;0;0
11-15-2009 02:15;9;0
11-15-2009 02:16;0;0
11-15-2009 02:17;3;0
11-15-2009 02:18;0;0
11-15-2009 02:19;0;0
11-15-2009 02:20;0;0
11-15-2009 02:21;0;0
11-15-2009 02:22;0;0
11-15-2009 02:23;0;0
11-15-2009 02:24;197;0
11-15-2009 02:25;0;0
11-15-2009 02:26;0;0
11-15-2009 02:27;0;0
11-15-2009 02:28;0;0
11-15-2009 02:29;0;0
11-15-2009 02:30;103;0
11-15-2009 02:31;0;0
11-15-2009 02:32;0;0
11-15-2009 02:33;0;0
11-15-2009 02:34;0;0
11-15-2009 02:35;0;0
11-15-2009 02:36;0;0
11-15-2009 02:37;0;0
11-15-2009 02:38;0;0
11-15-2009 02:39;0;0
11-15-2009 02:40;0;0
11-15-2009 02:41;0;0
11-15-2009 02:42;0;0
11-15-2009 02:43;0;0
11-15-2009 02:44;0;0
11-15-2009 02:45;0;0
11-15-2009 02:46;0;0
11-15-2009 02:47;0;0
11-15-2009 02:48;0;0
11-15-2009 02:49;94;0
11-15-2009 02:50;125;0
11-15-2009 02:51;9;0
11-15-2009 02:52;0;0
11-15-2009 02:53;94;0
11-15-2009 02:54;0;0
11-15-2009 02:55;0;0
11-15-2009 02:56;0;0
11-15-2009 02:57;0;0
11-15-2009 02:58;0;0
11-15-2009 02:59;18;0
11-15-2009 03:00;0;0
11-15-2009 03:01;0;0
11-15-2009 03:02;0;0
11-15-2009 03:03;46;0
11-15-2009 03:04;91;0
11-15-2009 03:05;0;0
11-15-2009 03:06;0;0
11-15-2009 03:07;0;0
11-15-2009 03:08;0;0
11-15-2009 03:09;0;0
11-15-2009 03:10;0;0
11-15-2009 03:11;0;0
11-15-2009 03:12;0;0
11-15-2009 03:13;13;0
11-15-2009 03:14;0;0
11-15-2009 03:15;0;0
11-15-2009 03:16;0;0
11-15-2009 03:17;0;0
11-15-2009 03:18;0;0
11-15-2009 03:19;0;0
11-15-2009 03:20;0;0
11-15-2009 03:21;0;0
11-15-2009 03:22;0;0
11-15-2009 03:23;0;0
11-15-2009 03:24;0;0
11-15-2009 03:25;0;0
11-15-2009 03:26;7;0
11-15-2009 03:27;0;0
11-15-2009 03:28;0;0
11-15-2009 03:29;0;0
11-15-2009 03:30;0;0
11-15-2009 03:31;0;0
11-15-2009 03:32;0;0
11-15-2009 03:33;3;0
11-15-2009 03:34;0;0
11-15-2009 03:35;0;0
11-15-2009 03:36;34;0
11-15-2009 03:37;234;0
11-15-2009 03:38;40;0
11-15-2009 03:39;0;0
11-15-2009 03:40;0;0
11-15-2009 03:41;0;0
11-15-2009 03:42;16;0
11-15-2009 03:43;0;0
11-15-2009 03:44;3;0
11-15-2009 03:45;0;0
11-15-2009 03:46;0;0
11-15-2009 03:47;0;0
11-15-2009 03:48;0;0
11-15-2009 03:49;0;0
11-15-2009 03:50;0;0
11-15-2009 03:51;0;0
11-15-2009 03:52;0;0
11-15-2009 03:53;0;0
11-15-2009 03:54;0;0
11-15-2009 03:55;531;0
11-15-2009 03:56;0;0
11-15-2009 03:57;0;0
11-15-2009 03:58;0;0
11-15-2009 03:59;50;0
11-15-2009 04:00;28;0
11-15-2009 04:01;277;0
11-15-2009 04:02;59;0
11-15-2009 04:03;0;0
11-15-2009 04:04;0;0
11-15-2009 04:05;172;0
11-15-2009 04:06;38;0
11-15-2009 04:07;28;0
11-15-2009 04:08;0;0
11-15-2009 04:09;77;0
11-15-2009 04:10;0;0
11-15-2009 04:11;0;0
11-15-2009 04:12;0;0
11-15-2009 04:13;0;0
11-15-2009 04:14;6;0
11-15-2009 04:15;0;0
11-15-2009 04:16;0;0
11-15-2009 04:17;0;0
11-15-2009 04:18;0;0
11-15-2009 04:19;3;0
11-15-2009 04:20;65;0
11-15-2009 04:21;0;0
11-15-2009 04:22;0;0
11-15-2009 04:23;4;0
11-15-2009 04:24;0;0
11-15-2009 04:25;0;0
11-15-2009 04:26;0;0
11-15-2009 04:27;0;0
11-15-2009 04:28;0;0
11-15-2009 04:29;9;0
11-15-2009 04:30;0;0
11-15-2009 04:31;0;0
11-15-2009 04:32;0;0
11-15-2009 04:33;0;0
11-15-2009 04:34;0;0
11-15-2009 04:35;0;0
11-15-2009 04:36;0;0
11-15-2009 04:37;0;0
11-15-2009 04:38;15;0
11-15-2009 04:39;0;0
11-15-2009 04:40;4;0
11-15-2009 04:41;0;0
11-15-2009 04:42;0;0
11-15-2009 04:43;0;0
11-15-2009 04:44;0;0
11-15-2009 04:45;0;0
11-15-2009 04:46;0;0
11-15-2009 04:47;0;0
11-15-2009 04:48;0;0
11-15-2009 04:49;0;0
11-15-2009 04:50;0;0
11-15-2009 04:51;0;0
11-15-2009 04:52;0;0
11-15-2009 04:53;0;0
11-15-2009 04:54;0;0
11-15-2009 04:55;0;0
11-15-2009 04:56;0;0
11-15-2009 04:57;0;0
11-15-2009 04:58;0;0
11-15-2009 04:59;0;0
11-15-2009 05:00;0;0
11-15-2009 05:01;0;0
11-15-2009 05:02;0;0
11-15-2009 05:03;0;0
11-15-2009 05:04;0;0
11-15-2009 05:05;0;0
11-15-2009 05:06;0;0
11-15-2009 05:07;0;0
11-15-2009 05:08;0;0
11-15-2009 05:09;0;0
11-15-2009 05:10;277;0
11-15-2009 05:11;40;0
11-15-2009 05:12;172;0
11-15-2009 05:13;0;0
11-15-2009 05:14;65;0
11-15-2009 05:15;0;0
11-15-2009 05:16;0;0
11-15-2009 05:17;0;0
11-15-2009 05:18;0;0
11-15-2009 05:19;0;0
11-15-2009 05:20;0;0
11-15-2009 05:21;0;0
11-15-2009 05:22;0;0
11-15-2009 05:23;0;0
11-15-2009 05:24;91;0
11-15-2009 05:25;0;0
11-15-2009 05:26;0;0
11-15-2009 05:27;0;0
11-15-2009 05:28;0;0
11-15-2009 05:29;0;0
11-15-2009 05:30;0;0
11-15-2009 05:31;0;0
11-15-2009 05:32;0;0
11-15-2009 05:33;0;0
11-15-2009 05:34;0;0
11-15-2009 05:35;0;0
11-15-2009 05:36;0;0
11-15-2009 05:37;10;0
11-15-2009 05:38;0;0
11-15-2009 05:39;549;0
11-15-2009 05:40;0;0
11-15-2009 05:41;0;0
11-15-2009 05:42;0;0
11-15-2009 05:43;0;0
11-15-2009 05:44;360;0
11-15-2009 05:45;0;0
11-15-2009 05:46;0;0
11-15-2009 05:47;0;0
11-15-2009 05:48;0;0
11-15-2009 05:49;25;0
11-15-2009 05:50;7;0
11-15-2009 05:51;0;0
11-15-2009 05:52;172;0
11-15-2009 05:53;0;0
11-15-2009 05:54;0;0
11-15-2009 05:55;0;0
11-15-2009 05:56;116;0
11-15-2009 05:57;0;0
11-15-2009 05:58;0;0
11-15-2009 05:59;0;0
11-15-2009 06:00;0;0
11-15-2009 06:01;6;0
11-15-2009 06:02;0;0
11-15-2009 06:03;0;0
11-15-2009 06:04;0;0
11-15-2009 06:05;0;0
11-15-2009 06:06;0;0
11-15-2009 06:07;0;0
11-15-2009 06:08;0;0
11-15-2009 06:09;0;0
11-15-2009 06:10;22;0
11-15-2009 06:11;0;0
11-15-2009 06:12;0;0
11-15-2009 06:13;0;0
11-15-2009 06:14;0;0
11-15-2009 06:15;0;0
11-15-2009 06:16;3;0
11-15-2009 06:17;0;0
11-15-2009 06:18;62;0
11-15-2009 06:19;85;0
11-15-2009 06:20;79;0
11-15-2009 06:21;134;0
11-15-2009 06:22;82;0
11-15-2009 06:23;0;0
11-15-2009 06:24;0;0
11-15-2009 06:25;0;0
11-15-2009 06:26;19;0
11-15-2009 06:27;0;0
11-15-2009 06:28;0;0
11-15-2009 06:29;16;0
11-15-2009 06:30;13;0
11-15-2009 06:31;0;0
11-15-2009 06:32;12;0
11-15-2009 06:33;0;0
11-15-2009 06:34;0;0
11-15-2009 06:35;0;0
11-15-2009 06:36;781;0
11-15-2009 06:37;0;0
11-15-2009 06:38;0;0
11-15-2009 06:39;0;0
11-15-2009 06:40;277;0
11-15-2009 06:41;103;0
11-15-2009 06:42;62;0
11-15-2009 06:43;9;0
11-15-2009 06:44;28;0
11-15-2009 06:45;3;0
11-15-2009 06:46;0;0
11-15-2009 06:47;0;0
11-15-2009 06:48;397;0
11-15-2009 06:49;0;0
11-15-2009 06:50;0;0
11-15-2009 06:51;0;0
11-15-2009 06:52;0;0
11-15-2009 06:53;0;0
11-15-2009 06:54;0;0
11-15-2009 06:55;0;0
11-15-2009 06:56;0;0
11-15-2009 06:57;0;0
11-15-2009 06:58;0;0
11-15-2009 06:59;0;0
11-15-2009 07:00;0;0
11-15-2009 07:01;0;0
11-15-2009 07:02;0;0
11-15-2009 07:03;0;0
11-15-2009 07:04;0;0
11-15-2009 07:05;0;0
11-15-2009 07:06;0;0
11-15-2009 07:07;0;0
11-15-2009 07:08;0;0
11-15-2009 07:09;0;0
11-15-2009 07:10;0;0
11-15-2009 07:11;0;0
11-15-2009 07:12;0;0
11-15-2009 07:13;0;0
11-15-2009 07:14;0;0
11-15-2009 07:15;0;0
11-15-2009 07:16;0;0
11-15-2009 07:17;0;0
11-15-2009 07:18;0;0
11-15-2009 07:19;0;0
11-15-2009 07:20;0;0
11-15-2009 07:21;0;0
11-15-2009 07:22;0;0
11-15-2009 07:23;0;0
11-15-2009 07:24;259;0
11-15-2009 07:25;71;0
11-15-2009 07:26;0;0
11-15-2009 07:27;0;0
11-15-2009 07:28;0;0
11-15-2009 07:29;0;0
11-15-2009 07:30;0;0
11-15-2009 07:31;143;0
11-15-2009 07:32;0;0
11-15-2009 07:33;0;0
11-15-2009 07:34;0;0
11-15-2009 07:35;0;0
11-15-2009 07:36;107;0
11-15-2009 07:37;0;0
11-15-2009 07:38;0;0
11-15-2009 07:39;0;0
11-15-2009 07:40;0;0
11-15-2009 07:41;0;0
11-15-2009 07:42;4;0
11-15-2009 07:43;0;0
11-15-2009 07:44;0;0
11-15-2009 07:45;166;0
11-15-2009 07:46;0;0
11-15-2009 07:47;0;0
11-15-2009 07:48;566;0
11-15-2009 07:49;0;0
11-15-2009 07:50;0;0
11-15-2009 07:51;0;0
11-15-2009 07:52;0;0
11-15-2009 07:53;13;0
11-15-2009 07:54;43;0
11-15-2009 07:55;32;0
11-15-2009 07:56;47;0
11-15-2009 07:57;0;0
11-15-2009 07:58;0;0
11-15-2009 07:59;82;0
11-15-2009 08:00;0;0
11-15-2009 08:01;29;0
11-15-2009 08:02;0;0
11-15-2009 08:03;19;0
11-15-2009 08:04;0;0
11-15-2009 08:05;7;0
11-15-2009 08:06;0;0
11-15-2009 08:07;0;0
11-15-2009 08:08;9;0
11-15-2009 08:09;0;0
11-15-2009 08:10;0;0
11-15-2009 08:11;0;0
11-15-2009 08:12;6;0
11-15-2009 08:13;3;0
11-15-2009 08:14;0;0
11-15-2009 08:15;19;0
11-15-2009 08:16;12;0
11-15-2009 08:17;0;0
11-15-2009 08:18;0;0
11-15-2009 08:19;31;0
11-15-2009 08:20;0;0
11-15-2009 08:21;0;0
11-15-2009 08:22;26;0
11-15-2009 08:23;0;0
11-15-2009 08:24;0;0
11-15-2009 08:25;0;0
11-15-2009 08:26;0;0
11-15-2009 08:27;250;0
11-15-2009 08:28;0;0
11-15-2009 08:29;0;0
11-15-2009 08:30;0;0
11-15-2009 08:31;0;0
11-15-2009 08:32;0;0
11-15-2009 08:33;0;0
11-15-2009 08:34;9;0
11-15-2009 08:35;0;0
11-15-2009 08:36;0;0
11-15-2009 08:37;0;0
11-15-2009 08:38;0;0
11-15-2009 08:39;91;0
11-15-2009 08:40;0;0
11-15-2009 08:41;4;0
11-15-2009 08:42;62;0
11-15-2009 08:43;0;0
11-15-2009 08:44;0;0
11-15-2009 08:45;0;0
11-15-2009 08:46;0;0
11-15-2009 08:47;85;0
11-15-2009 08:48;0;0
11-15-2009 08:49;0;0
11-15-2009 08:50;0;0
11-15-2009 08:51;0;0
11-15-2009 08:52;0;0
11-15-2009 08:53;0;0
11-15-2009 08:54;0;0
11-15-2009 08:55;3;0
11-15-2009 08:56;3;0
11-15-2009 08:57;4;0
11-15-2009 08:58;0;0
11-15-2009 08:59;143;0
11-15-2009 09:00;34;0
11-15-2009 09:01;0;0
11-15-2009 09:02;13;0
11-15-2009 09:03;77;0
11-15-2009 09:04;31;0
11-15-2009 09:05;0;0
11-15-2009 09:06;7;0
11-15-2009 09:07;6;0
11-15-2009 09:08;21;0
11-15-2009 09:09;0;0
11-15-2009 09:10;0;0
11-15-2009 09:11;0;0
11-15-2009 09:12;0;0
11-15-2009 09:13;25;0
11-15-2009 09:14;0;0
11-15-2009 09:15;0;0
11-15-2009 09:16;0;0
11-15-2009 09:17;0;0
11-15-2009 09:18;0;0
11-15-2009 09:19;0;0
11-15-2009 09:20;3;0
11-15-2009 09:21;0;0
11-15-2009 09:22;0;0
11-15-2009 09:23;3;0
11-15-2009 09:24;0;0
11-15-2009 09:25;0;0
11-15-2009 09:26;0;0
11-15-2009 09:27;0;0
11-15-2009 09:28;0;0
11-15-2009 09:29;0;0
11-15-2009 09:30;0;0
11-15-2009 09:31;0;0
11-15-2009 09:32;0;0
11-15-2009 09:33;0;0
11-15-2009 09:34;0;0
11-15-2009 09:35;0;0
11-15-2009 09:36;3;0
11-15-2009 09:37;0;0
11-15-2009 09:38;3;0
11-15-2009 09:39;0;0
11-15-2009 09:40;0;0
11-15-2009 09:41;0;0
11-15-2009 09:42;0;0
11-15-2009 09:43;0;0
11-15-2009 09:44;0;0
11-15-2009 09:45;0;0
11-15-2009 09:46;0;0
11-15-2009 09:47;0;0
11-15-2009 09:48;0;0
11-15-2009 09:49;9;0
11-15-2009 09:50;3;0
11-15-2009 09:51;0;0
11-15-2009 09:52;138;0
11-15-2009 09:53;26;0
11-15-2009 09:54;112;0
11-15-2009 09:55;0;0
11-15-2009 09:56;9;0
11-15-2009 09:57;0;0
11-15-2009 09:58;184;0
11-15-2009 09:59;13;0
11-15-2009 10:00;3;0
11-15-2009 10:01;71;0
11-15-2009 10:02;205;0
11-15-2009 10:03;0;0
11-15-2009 10:04;65;0
11-15-2009 10:05;3;0
11-15-2009 10:06;34;0
11-15-2009 10:07;3;0
11-15-2009 10:08;0;0
11-15-2009 10:09;91;0
11-15-2009 10:10;15;0
11-15-2009 10:11;0;0
11-15-2009 10:12;0;0
11-15-2009 10:13;0;0
11-15-2009 10:14;24;0
11-15-2009 10:15;13;0
11-15-2009 10:16;0;0
11-15-2009 10:17;0;0
11-15-2009 10:18;68;0
11-15-2009 10:19;0;0
11-15-2009 10:20;4;0
11-15-2009 10:21;107;0
11-15-2009 10:22;410;0
11-15-2009 10:23;0;0
11-15-2009 10:24;3;0
11-15-2009 10:25;0;0
11-15-2009 10:26;7;0
11-15-2009 10:27;0;0
11-15-2009 10:28;0;0
11-15-2009 10:29;0;0
11-15-2009 10:30;0;0
11-15-2009 10:31;0;0
11-15-2009 10:32;0;0
11-15-2009 10:33;0;0
11-15-2009 10:34;0;0
11-15-2009 10:35;82;0
11-15-2009 10:36;43;0
11-15-2009 10:37;0;0
11-15-2009 10:38;3;0
11-15-2009 10:39;3;0
11-15-2009 10:40;0;0
11-15-2009 10:41;3;0
11-15-2009 10:42;268;0
11-15-2009 10:43;0;0
11-15-2009 10:44;0;0
11-15-2009 10:45;0;0
11-15-2009 10:46;56;0
11-15-2009 10:47;0;0
11-15-2009 10:48;0;0
11-15-2009 10:49;3;0
11-15-2009 10:50;0;0
11-15-2009 10:51;16;0
11-15-2009 10:52;10;0
11-15-2009 10:53;6;0
11-15-2009 10:54;19;0
11-15-2009 10:55;0;0
11-15-2009 10:56;22;0
11-15-2009 10:57;0;0
11-15-2009 10:58;31;0
11-15-2009 10:59;25;0
11-15-2009 11:00;68;0
11-15-2009 11:01;0;0
11-15-2009 11:02;0;0
11-15-2009 11:03;0;0
11-15-2009 11:04;82;0
11-15-2009 11:05;56;0
11-15-2009 11:06;0;0
11-15-2009 11:07;25;0
11-15-2009 11:08;0;0
11-15-2009 11:09;0;0
11-15-2009 11:10;37;0
11-15-2009 11:11;31;0
11-15-2009 11:12;68;0
11-15-2009 11:13;22;0
11-15-2009 11:14;50;0
11-15-2009 11:15;50;0
11-15-2009 11:16;0;0
11-15-2009 11:17;0;0
11-15-2009 11:18;28;0
11-15-2009 11:19;3;0
11-15-2009 11:20;7;0
11-15-2009 11:21;31;0
11-15-2009 11:22;4;0
11-15-2009 11:23;9;0
11-15-2009 11:24;15;0
11-15-2009 11:25;0;0
11-15-2009 11:26;28;0
11-15-2009 11:27;0;0
11-15-2009 11:28;3;0
11-15-2009 11:29;0;0
11-15-2009 11:30;0;0
11-15-2009 11:31;12;0
11-15-2009 11:32;37;0
11-15-2009 11:33;3;0
11-15-2009 11:34;13;0
11-15-2009 11:35;28;0
11-15-2009 11:36;19;0
11-15-2009 11:37;22;0
11-15-2009 11:38;0;0
11-15-2009 11:39;0;0
11-15-2009 11:40;0;0
11-15-2009 11:41;0;0
11-15-2009 11:42;31;0
11-15-2009 11:43;0;0
11-15-2009 11:44;0;0
11-15-2009 11:45;3;0
11-15-2009 11:46;3;0
11-15-2009 11:47;0;0
11-15-2009 11:48;7;0
11-15-2009 11:49;0;0
11-15-2009 11:50;0;0
11-15-2009 11:51;0;0
11-15-2009 11:52;0;0
11-15-2009 11:53;3;0
11-15-2009 11:54;0;0
11-15-2009 11:55;0;0
11-15-2009 11:56;0;0
11-15-2009 11:57;47;0
11-15-2009 11:58;0;0
11-15-2009 11:59;0;0
11-15-2009 12:00;6;0
11-15-2009 12:01;468;0
11-15-2009 12:02;0;0
11-15-2009 12:03;0;0
11-15-2009 12:04;0;0
11-15-2009 12:05;0;0
11-15-2009 12:06;0;0
11-15-2009 12:07;4;0
11-15-2009 12:08;0;0
11-15-2009 12:09;4;0
11-15-2009 12:10;0;0
11-15-2009 12:11;0;0
11-15-2009 12:12;0;0
11-15-2009 12:13;0;0
11-15-2009 12:14;0;0
11-15-2009 12:15;0;0
11-15-2009 12:16;0;0
11-15-2009 12:17;3;0
11-15-2009 12:18;0;0
11-15-2009 12:19;22;0
11-15-2009 12:20;10;0
11-15-2009 12:21;0;0
11-15-2009 12:22;0;0
11-15-2009 12:23;0;0
11-15-2009 12:24;0;0
11-15-2009 12:25;16;0
11-15-2009 12:26;0;0
11-15-2009 12:27;0;0
11-15-2009 12:28;0;0
11-15-2009 12:29;0;0
11-15-2009 12:30;337;0
11-15-2009 12:31;227;0
11-15-2009 12:32;0;0
11-15-2009 12:33;7;0
11-15-2009 12:34;0;0
11-15-2009 12:35;0;0
11-15-2009 12:36;0;0
11-15-2009 12:37;0;0
11-15-2009 12:38;3;0
11-15-2009 12:39;0;0
11-15-2009 12:40;0;0
11-15-2009 12:41;0;0
11-15-2009 12:42;0;0
11-15-2009 12:43;0;0
11-15-2009 12:44;0;0
11-15-2009 12:45;227;0
11-15-2009 12:46;4;0
11-15-2009 12:47;0;0
11-15-2009 12:48;138;0
11-15-2009 12:49;0;0
11-15-2009 12:50;0;0
11-15-2009 12:51;337;0
11-15-2009 12:52;3;0
11-15-2009 12:53;22;0
11-15-2009 12:54;16;0
11-15-2009 12:55;9;0
11-15-2009 12:56;6;0
11-15-2009 12:57;4;0
11-15-2009 12:58;0;0
11-15-2009 12:59;0;0
11-15-2009 13:00;6;0
11-15-2009 13:01;34;0
11-15-2009 13:02;0;0
11-15-2009 13:03;4;0
11-15-2009 13:04;0;0
11-15-2009 13:05;0;0
11-15-2009 13:06;9;0
11-15-2009 13:07;3;0
11-15-2009 13:08;0;0
11-15-2009 13:09;0;0
11-15-2009 13:10;0;0
11-15-2009 13:11;0;0
11-15-2009 13:12;0;0
11-15-2009 13:13;3;0
11-15-2009 13:14;0;0
11-15-2009 13:15;0;0
11-15-2009 13:16;0;0
11-15-2009 13:17;0;0
11-15-2009 13:18;3;0
11-15-2009 13:19;0;0
11-15-2009 13:20;0;0
11-15-2009 13:21;0;0
11-15-2009 13:22;6;0
11-15-2009 13:23;15;0
11-15-2009 13:24;0;0
11-15-2009 13:25;0;0
11-15-2009 13:26;0;0
11-15-2009 13:27;0;0
11-15-2009 13:28;0;0
11-15-2009 13:29;0;0
11-15-2009 13:30;0;0
11-15-2009 13:31;0;0
11-15-2009 13:32;0;0
11-15-2009 13:33;0;0
11-15-2009 13:34;0;0
11-15-2009 13:35;0;0
11-15-2009 13:36;316;0
11-15-2009 13:37;6;0
11-15-2009 13:38;31;0
11-15-2009 13:39;10;0
11-15-2009 13:40;71;0
11-15-2009 13:41;25;0
11-15-2009 13:42;0;0
11-15-2009 13:43;349;0
11-15-2009 13:44;0;0
11-15-2009 13:45;0;0
11-15-2009 13:46;0;0
11-15-2009 13:47;227;0
11-15-2009 13:48;285;0
11-15-2009 13:49;219;0
11-15-2009 13:50;605;0
11-15-2009 13:51;15;0
11-15-2009 13:52;0;0
11-15-2009 13:53;806;0
11-15-2009 13:54;25;0
11-15-2009 13:55;26;0
11-15-2009 13:56;499;0
11-15-2009 13:57;50;0
11-15-2009 13:58;1073;0
11-15-2009 13:59;515;0
11-15-2009 14:00;833;0
11-15-2009 14:01;1178;1
11-15-2009 14:02;756;0
11-15-2009 14:03;709;0
11-15-2009 14:04;833;0
11-15-2009 14:05;566;0
11-15-2009 14:06;205;0
11-15-2009 14:07;1515;1
11-15-2009 14:08;733;0
11-15-2009 14:09;438;0
11-15-2009 14:10;531;0
11-15-2009 14:11;859;0
11-15-2009 14:12;62;0
11-15-2009 14:13;566;0
11-15-2009 14:14;337;0
11-15-2009 14:15;285;0
11-15-2009 14:16;205;0
11-15-2009 14:17;833;0
11-15-2009 14:18;709;0
11-15-2009 14:19;1142;0
11-15-2009 14:20;1886;1
11-15-2009 14:21;2008;1
11-15-2009 14:22;1468;1
11-15-2009 14:23;859;0
11-15-2009 14:24;2072;1
11-15-2009 14:25;1295;1
11-15-2009 14:26;2918;1
11-15-2009 14:27;1564;1
11-15-2009 14:28;1468;1
11-15-2009 14:29;1336;1
11-15-2009 14:30;1142;0
11-15-2009 14:31;624;0
11-15-2009 14:32;1106;0
11-15-2009 14:33;1379;1
11-15-2009 14:34;1379;1
11-15-2009 14:35;915;0
11-15-2009 14:36;1006;0
11-15-2009 14:37;1106;0
11-15-2009 14:38;1217;0
11-15-2009 14:39;1773;1
11-15-2009 14:40;1379;1
11-15-2009 14:41;1614;1
11-15-2009 14:42;1468;1
11-15-2009 14:43;1295;1
11-15-2009 14:44;1718;1
11-15-2009 14:45;1217;0
11-15-2009 14:46;1217;0
11-15-2009 14:47;1006;0
11-15-2009 14:48;1217;0
11-15-2009 14:49;1039;0
11-15-2009 14:50;1336;1
11-15-2009 14:51;1106;0
11-15-2009 14:52;1468;1
11-15-2009 14:53;1614;1
11-15-2009 14:54;1217;0
11-15-2009 14:55;1773;1
11-15-2009 14:56;1614;1
11-15-2009 14:57;1468;1
11-15-2009 14:58;1515;1
11-15-2009 14:59;1773;1
11-15-2009 15:00;1255;1
11-15-2009 15:01;1039;0
11-15-2009 15:02;1665;1
11-15-2009 15:03;1946;1
11-15-2009 15:04;2205;1
11-15-2009 15:05;1564;1
11-15-2009 15:06;1886;1
11-15-2009 15:07;1178;1
11-15-2009 15:08;1106;0
11-15-2009 15:09;1039;0
11-15-2009 15:10;1178;1
11-15-2009 15:11;945;0
11-15-2009 15:12;1142;0
11-15-2009 15:13;1423;1
11-15-2009 15:14;975;0
11-15-2009 15:15;781;0
11-15-2009 15:16;360;0
11-15-2009 15:17;733;0
11-15-2009 15:18;833;0
11-15-2009 15:19;586;0
11-15-2009 15:20;1073;0
11-15-2009 15:21;1006;0
11-15-2009 15:22;1073;0
11-15-2009 15:23;2008;1
11-15-2009 15:24;2008;1
11-15-2009 15:25;1106;0
11-15-2009 15:26;1039;0
11-15-2009 15:27;1106;0
11-15-2009 15:28;1142;0
11-15-2009 15:29;1379;1
11-15-2009 15:30;1255;1
11-15-2009 15:31;2497;1
11-15-2009 15:32;2420;1
11-15-2009 15:33;1718;1
11-15-2009 15:34;1946;1
11-15-2009 15:35;1773;1
11-15-2009 15:36;1423;1
11-15-2009 15:37;1718;1
11-15-2009 15:38;1718;1
11-15-2009 15:39;1423;1
11-15-2009 15:40;1564;1
11-15-2009 15:41;1515;1
11-15-2009 15:42;190;0
11-15-2009 15:43;59;0
11-15-2009 15:44;94;0
11-15-2009 15:45;37;0
11-15-2009 15:46;16;0
11-15-2009 15:47;91;0
11-15-2009 15:48;19;0
11-15-2009 15:49;138;0
11-15-2009 15:50;94;0
11-15-2009 15:51;74;0
11-15-2009 15:52;13;0
11-15-2009 15:53;19;0
11-15-2009 15:54;285;0
11-15-2009 15:55;337;0
11-15-2009 15:56;1073;0
11-15-2009 15:57;915;0
11-15-2009 15:58;624;0
11-15-2009 15:59;1039;0
11-15-2009 16:00;1255;1
11-15-2009 16:01;1379;1
11-15-2009 16:02;1665;1
11-15-2009 16:03;915;0
11-15-2009 16:04;887;0
11-15-2009 16:05;1336;1
11-15-2009 16:06;1515;1
11-15-2009 16:07;1255;1
11-15-2009 16:08;915;0
11-15-2009 16:09;975;0
11-15-2009 16:10;1379;1
11-15-2009 16:11;1379;1
11-15-2009 16:12;915;0
11-15-2009 16:13;1773;1
11-15-2009 16:14;1468;1
11-15-2009 16:15;915;0
11-15-2009 16:16;453;0
11-15-2009 16:17;1106;0
11-15-2009 16:18;306;0
11-15-2009 16:19;19;0
11-15-2009 16:20;9;0
11-15-2009 16:21;10;0
11-15-2009 16:22;9;0
11-15-2009 16:23;9;0
11-15-2009 16:24;7;0
11-15-2009 16:25;7;0
11-15-2009 16:26;7;0
11-15-2009 16:27;9;0
11-15-2009 16:28;7;0
11-15-2009 16:29;7;0
11-15-2009 16:30;9;0
11-15-2009 16:31;9;0
11-15-2009 16:32;9;0
11-15-2009 16:33;7;0
11-15-2009 16:34;9;0
11-15-2009 16:35;7;0
11-15-2009 16:36;7;0
11-15-2009 16:37;7;0
11-15-2009 16:38;7;0
11-15-2009 16:39;7;0
11-15-2009 16:40;7;0
11-15-2009 16:41;7;0
11-15-2009 16:42;7;0
11-15-2009 16:43;7;0
11-15-2009 16:44;7;0
11-15-2009 16:45;687;0
11-15-2009 16:46;1178;1
11-15-2009 16:47;945;0
11-15-2009 16:48;1886;1
11-15-2009 16:49;1295;1
11-15-2009 16:50;1006;0
11-15-2009 16:51;107;0
11-15-2009 16:52;453;0
11-15-2009 16:53;71;0
11-15-2009 16:54;1665;1
11-15-2009 16:55;605;0
11-15-2009 16:56;212;0
11-15-2009 16:57;116;0
11-15-2009 16:58;103;0
11-15-2009 16:59;184;0
11-15-2009 17:00;178;0
11-15-2009 17:01;103;0
11-15-2009 17:02;116;0
11-15-2009 17:03;121;0
11-15-2009 17:04;1006;0
11-15-2009 17:05;1106;0
11-15-2009 17:06;1106;0
11-15-2009 17:07;806;0
11-15-2009 17:08;915;0
11-15-2009 17:09;859;0
11-15-2009 17:10;756;0
11-15-2009 17:11;205;0
11-15-2009 17:12;1718;1
11-15-2009 17:13;2420;1
11-15-2009 17:14;2347;1
11-15-2009 17:15;1886;1
11-15-2009 17:16;2497;1
11-15-2009 17:17;1255;1
11-15-2009 17:18;1718;1
11-15-2009 17:19;975;0
11-15-2009 17:20;1665;1
11-15-2009 17:21;1073;0
11-15-2009 17:22;143;0
11-15-2009 17:23;531;0
11-15-2009 17:24;88;0
11-15-2009 17:25;327;0
11-15-2009 17:26;112;0
11-15-2009 17:27;172;0
11-15-2009 17:28;46;0
11-15-2009 17:29;24;0
11-15-2009 17:30;134;0
11-15-2009 17:31;1564;1
11-15-2009 17:32;1423;1
11-15-2009 17:33;586;0
11-15-2009 17:34;116;0
11-15-2009 17:35;349;0
11-15-2009 17:36;410;0
11-15-2009 17:37;975;0
11-15-2009 17:38;2420;1
11-15-2009 17:39;1336;1
11-15-2009 17:40;1217;0
11-15-2009 17:41;306;0
11-15-2009 17:42;74;0
11-15-2009 17:43;43;0
11-15-2009 17:44;22;0
11-15-2009 17:45;241;0
11-15-2009 17:46;665;0
11-15-2009 17:47;327;0
11-15-2009 17:48;154;0
11-15-2009 17:49;166;0
11-15-2009 17:50;79;0
11-15-2009 17:51;65;0
11-15-2009 17:52;47;0
11-15-2009 17:53;483;0
11-15-2009 17:54;756;0
11-15-2009 17:55;781;0
11-15-2009 17:56;1039;0
11-15-2009 17:57;1006;0
11-15-2009 17:58;424;0
11-15-2009 17:59;756;0
11-15-2009 18:00;468;0
11-15-2009 18:01;483;0
11-15-2009 18:02;887;0
11-15-2009 18:03;515;0
11-15-2009 18:04;59;0
11-15-2009 18:05;975;0
11-15-2009 18:06;859;0
11-15-2009 18:07;349;0
11-15-2009 18:08;644;0
11-15-2009 18:09;756;0
11-15-2009 18:10;277;0
11-15-2009 18:11;91;0
11-15-2009 18:12;68;0
11-15-2009 18:13;38;0
11-15-2009 18:14;56;0
11-15-2009 18:15;424;0
11-15-2009 18:16;59;0
11-15-2009 18:17;85;0
11-15-2009 18:18;134;0
11-15-2009 18:19;99;0
11-15-2009 18:20;46;0
11-15-2009 18:21;241;0
11-15-2009 18:22;85;0
11-15-2009 18:23;1073;0
11-15-2009 18:24;468;0
11-15-2009 18:25;515;0
11-15-2009 18:26;781;0
11-15-2009 18:27;1773;1
11-15-2009 18:28;833;0
11-15-2009 18:29;65;0
11-15-2009 18:30;38;0
11-15-2009 18:31;277;0
11-15-2009 18:32;1073;0
11-15-2009 18:33;1515;1
11-15-2009 18:34;1039;0
11-15-2009 18:35;781;0
11-15-2009 18:36;241;0
11-15-2009 18:37;644;0
11-15-2009 18:38;887;0
11-15-2009 18:39;172;0
11-15-2009 18:40;121;0
11-15-2009 18:41;306;0
11-15-2009 18:42;733;0
11-15-2009 18:43;624;0
11-15-2009 18:44;756;0
11-15-2009 18:45;531;0
11-15-2009 18:46;268;0
11-15-2009 18:47;687;0
11-15-2009 18:48;483;0
11-15-2009 18:49;644;0
11-15-2009 18:50;756;0
11-15-2009 18:51;227;0
11-15-2009 18:52;975;0
11-15-2009 18:53;1006;0
11-15-2009 18:54;665;0
11-15-2009 18:55;468;0
11-15-2009 18:56;77;0
11-15-2009 18:57;190;0
11-15-2009 18:58;160;0
11-15-2009 18:59;79;0
11-15-2009 19:00;166;0
11-15-2009 19:01;149;0
11-15-2009 19:02;94;0
11-15-2009 19:03;306;0
11-15-2009 19:04;154;0
11-15-2009 19:05;15;0
11-15-2009 19:06;0;0
11-15-2009 19:07;0;0
11-15-2009 19:08;306;0
11-15-2009 19:09;7;0
11-15-2009 19:10;13;0
11-15-2009 19:11;337;0
11-15-2009 19:12;178;0
11-15-2009 19:13;296;0
11-15-2009 19:14;160;0
11-15-2009 19:15;327;0
11-15-2009 19:16;316;0
11-15-2009 19:17;121;0
11-15-2009 19:18;0;0
11-15-2009 19:19;25;0
11-15-2009 19:20;7;0
11-15-2009 19:21;22;0
11-15-2009 19:22;0;0
11-15-2009 19:23;219;0
11-15-2009 19:24;259;0
11-15-2009 19:25;166;0
11-15-2009 19:26;53;0
11-15-2009 19:27;116;0
11-15-2009 19:28;37;0
11-15-2009 19:29;15;0
11-15-2009 19:30;99;0
11-15-2009 19:31;91;0
11-15-2009 19:32;219;0
11-15-2009 19:33;0;0
11-15-2009 19:34;46;0
11-15-2009 19:35;0;0
11-15-2009 19:36;0;0
11-15-2009 19:37;13;0
11-15-2009 19:38;15;0
11-15-2009 19:39;149;0
11-15-2009 19:40;306;0
11-15-2009 19:41;149;0
11-15-2009 19:42;197;0
11-15-2009 19:43;149;0
11-15-2009 19:44;28;0
11-15-2009 19:45;46;0
11-15-2009 19:46;0;0
11-15-2009 19:47;0;0
11-15-2009 19:48;12;0
11-15-2009 19:49;32;0
11-15-2009 19:50;0;0
11-15-2009 19:51;3;0
11-15-2009 19:52;125;0
11-15-2009 19:53;0;0
11-15-2009 19:54;15;0
11-15-2009 19:55;112;0
11-15-2009 19:56;50;0
11-15-2009 19:57;37;0
11-15-2009 19:58;19;0
11-15-2009 19:59;28;0
11-15-2009 20:00;0;0
11-15-2009 20:01;0;0
11-15-2009 20:02;34;0
11-15-2009 20:03;10;0
11-15-2009 20:04;12;0
11-15-2009 20:05;53;0
11-15-2009 20:06;29;0
11-15-2009 20:07;3;0
11-15-2009 20:08;0;0
11-15-2009 20:09;10;0
11-15-2009 20:10;0;0
11-15-2009 20:11;0;0
11-15-2009 20:12;4;0
11-15-2009 20:13;0;0
11-15-2009 20:14;0;0
11-15-2009 20:15;3;0
11-15-2009 20:16;0;0
11-15-2009 20:17;3;0
11-15-2009 20:18;250;0
11-15-2009 20:19;296;0
11-15-2009 20:20;88;0
11-15-2009 20:21;149;0
11-15-2009 20:22;0;0
11-15-2009 20:23;19;0
11-15-2009 20:24;384;0
11-15-2009 20:25;79;0
11-15-2009 20:26;47;0
11-15-2009 20:27;71;0
11-15-2009 20:28;103;0
11-15-2009 20:29;1106;0
11-15-2009 20:30;1295;1
11-15-2009 20:31;1379;1
11-15-2009 20:32;360;0
11-15-2009 20:33;316;0
11-15-2009 20:34;103;0
11-15-2009 20:35;1073;0
11-15-2009 20:36;549;0
11-15-2009 20:37;1614;1
11-15-2009 20:38;687;0
11-15-2009 20:39;756;0
11-15-2009 20:40;1217;0
11-15-2009 20:41;624;0
11-15-2009 20:42;531;0
11-15-2009 20:43;566;0
11-15-2009 20:44;410;0
11-15-2009 20:45;372;0
11-15-2009 20:46;285;0
11-15-2009 20:47;149;0
11-15-2009 20:48;172;0
11-15-2009 20:49;172;0
11-15-2009 20:50;337;0
11-15-2009 20:51;50;0
11-15-2009 20:52;384;0
11-15-2009 20:53;531;0
11-15-2009 20:54;227;0
11-15-2009 20:55;7;0
11-15-2009 20:56;0;0
11-15-2009 20:57;116;0
11-15-2009 20:58;360;0
11-15-2009 20:59;149;0
11-15-2009 21:00;37;0
11-15-2009 21:01;468;0
11-15-2009 21:02;62;0
11-15-2009 21:03;94;0
11-15-2009 21:04;234;0
11-15-2009 21:05;241;0
11-15-2009 21:06;438;0
11-15-2009 21:07;197;0
11-15-2009 21:08;268;0
11-15-2009 21:09;384;0
11-15-2009 21:10;68;0
11-15-2009 21:11;453;0
11-15-2009 21:12;12;0
11-15-2009 21:13;250;0
11-15-2009 21:14;197;0
11-15-2009 21:15;59;0
11-15-2009 21:16;94;0
11-15-2009 21:17;3;0
11-15-2009 21:18;0;0
11-15-2009 21:19;515;0
11-15-2009 21:20;665;0
11-15-2009 21:21;285;0
11-15-2009 21:22;349;0
11-15-2009 21:23;806;0
11-15-2009 21:24;468;0
11-15-2009 21:25;31;0
11-15-2009 21:26;859;0
11-15-2009 21:27;219;0
11-15-2009 21:28;1468;1
11-15-2009 21:29;1564;1
11-15-2009 21:30;1039;0
11-15-2009 21:31;1142;0
11-15-2009 21:32;1142;0
11-15-2009 21:33;1178;1
11-15-2009 21:34;1336;1
11-15-2009 21:35;79;0
11-15-2009 21:36;483;0
11-15-2009 21:37;296;0
11-15-2009 21:38;781;0
11-15-2009 21:39;806;0
11-15-2009 21:40;549;0
11-15-2009 21:41;665;0
11-15-2009 21:42;372;0
11-15-2009 21:43;227;0
11-15-2009 21:44;468;0
11-15-2009 21:45;483;0
11-15-2009 21:46;227;0
11-15-2009 21:47;94;0
11-15-2009 21:48;25;0
11-15-2009 21:49;56;0
11-15-2009 21:50;47;0
11-15-2009 21:51;53;0
11-15-2009 21:52;337;0
11-15-2009 21:53;40;0
11-15-2009 21:54;56;0
11-15-2009 21:55;62;0
11-15-2009 21:56;296;0
11-15-2009 21:57;1106;0
11-15-2009 21:58;531;0
11-15-2009 21:59;234;0
11-15-2009 22:00;268;0
11-15-2009 22:01;687;0
11-15-2009 22:02;806;0
11-15-2009 22:03;453;0
11-15-2009 22:04;945;0
11-15-2009 22:05;424;0
11-15-2009 22:06;1773;1
11-15-2009 22:07;1614;1
11-15-2009 22:08;327;0
11-15-2009 22:09;2347;1
11-15-2009 22:10;1336;1
11-15-2009 22:11;2275;1
11-15-2009 22:12;1614;1
11-15-2009 22:13;1614;1
11-15-2009 22:14;112;0
11-15-2009 22:15;7;0
11-15-2009 22:16;160;0
11-15-2009 22:17;190;0
11-15-2009 22:18;138;0
11-15-2009 22:19;1073;0
11-15-2009 22:20;1614;1
11-15-2009 22:21;1665;1
11-15-2009 22:22;3;0
11-15-2009 22:23;28;0
11-15-2009 22:24;40;0
11-15-2009 22:25;12;0
11-15-2009 22:26;16;0
11-15-2009 22:27;18;0
11-15-2009 22:28;82;0
11-15-2009 22:29;1423;1
11-15-2009 22:30;624;0
11-15-2009 22:31;349;0
11-15-2009 22:32;21;0
11-15-2009 22:33;103;0
11-15-2009 22:34;227;0
11-15-2009 22:35;134;0
11-15-2009 22:36;50;0
11-15-2009 22:37;605;0
11-15-2009 22:38;205;0
11-15-2009 22:39;107;0
11-15-2009 22:40;259;0
11-15-2009 22:41;483;0
11-15-2009 22:42;410;0
11-15-2009 22:43;82;0
11-15-2009 22:44;143;0
11-15-2009 22:45;241;0
11-15-2009 22:46;74;0
11-15-2009 22:47;0;0
11-15-2009 22:48;0;0
11-15-2009 22:49;0;0
11-15-2009 22:50;0;0
11-15-2009 22:51;0;0
11-15-2009 22:52;0;0
11-15-2009 22:53;32;0
11-15-2009 22:54;0;0
11-15-2009 22:55;3;0
11-15-2009 22:56;1142;0
11-15-2009 22:57;887;0
11-15-2009 22:58;21;0
11-15-2009 22:59;77;0
11-15-2009 23:00;915;0
11-15-2009 23:01;483;0
11-15-2009 23:02;372;0
11-15-2009 23:03;59;0
11-15-2009 23:04;234;0
11-15-2009 23:05;1142;0
11-15-2009 23:06;154;0
11-15-2009 23:07;40;0
11-15-2009 23:08;250;0
11-15-2009 23:09;178;0
11-15-2009 23:10;184;0
11-15-2009 23:11;212;0
11-15-2009 23:12;397;0
11-15-2009 23:13;0;0
11-15-2009 23:14;71;0
11-15-2009 23:15;227;0
11-15-2009 23:16;184;0
11-15-2009 23:17;349;0
11-15-2009 23:18;781;0
11-15-2009 23:19;205;0
11-15-2009 23:20;112;0
11-15-2009 23:21;154;0
11-15-2009 23:22;0;0
11-15-2009 23:23;0;0
11-15-2009 23:24;25;0
11-15-2009 23:25;18;0
11-15-2009 23:26;44;0
11-15-2009 23:27;129;0
11-15-2009 23:28;0;0
11-15-2009 23:29;3;0
11-15-2009 23:30;22;0
11-15-2009 23:31;0;0
11-15-2009 23:32;65;0
11-15-2009 23:33;46;0
11-15-2009 23:34;172;0
11-15-2009 23:35;21;0
11-15-2009 23:36;0;0
11-15-2009 23:37;56;0
11-15-2009 23:38;68;0
11-15-2009 23:39;0;0
11-15-2009 23:40;0;0
11-15-2009 23:41;0;0
11-15-2009 23:42;50;0
11-15-2009 23:43;28;0
11-15-2009 23:44;85;0
11-15-2009 23:45;94;0
11-15-2009 23:46;91;0
11-15-2009 23:47;149;0
11-15-2009 23:48;0;0
11-15-2009 23:49;40;0
11-15-2009 23:50;0;0
11-15-2009 23:51;0;0
11-15-2009 23:52;0;0
11-15-2009 23:53;0;0
11-15-2009 23:54;0;0
11-15-2009 23:55;53;0
11-15-2009 23:56;0;0
11-15-2009 23:57;47;0
11-15-2009 23:58;91;0
11-15-2009 23:59;50;0
11-16-2009 00:00;94;0
11-16-2009 00:01;349;0
11-16-2009 00:02;0;0
11-16-2009 00:03;149;0
11-16-2009 00:04;121;0
11-16-2009 00:05;85;0
11-16-2009 00:06;212;0
11-16-2009 00:07;0;0
11-16-2009 00:08;887;0
11-16-2009 00:09;975;0
11-16-2009 00:10;1073;0
11-16-2009 00:11;1295;1
11-16-2009 00:12;1039;0
11-16-2009 00:13;1336;1
11-16-2009 00:14;975;0
11-16-2009 00:15;277;0
11-16-2009 00:16;94;0
11-16-2009 00:17;94;0
11-16-2009 00:18;1217;0
11-16-2009 00:19;2275;1
11-16-2009 00:20;2008;1
11-16-2009 00:21;88;0
11-16-2009 00:22;59;0
11-16-2009 00:23;112;0
11-16-2009 00:24;296;0
11-16-2009 00:25;277;0
11-16-2009 00:26;56;0
11-16-2009 00:27;277;0
11-16-2009 00:28;68;0
11-16-2009 00:29;18;0
11-16-2009 00:30;12;0
11-16-2009 00:31;134;0
11-16-2009 00:32;10;0
11-16-2009 00:33;38;0
11-16-2009 00:34;13;0
11-16-2009 00:35;250;0
11-16-2009 00:36;29;0
11-16-2009 00:37;143;0
11-16-2009 00:38;82;0
11-16-2009 00:39;71;0
11-16-2009 00:40;6;0
11-16-2009 00:41;190;0
11-16-2009 00:42;372;0
11-16-2009 00:43;85;0
11-16-2009 00:44;624;0
11-16-2009 00:45;1564;1
11-16-2009 00:46;438;0
11-16-2009 00:47;166;0
11-16-2009 00:48;29;0
11-16-2009 00:49;28;0
11-16-2009 00:50;197;0
11-16-2009 00:51;15;0
11-16-2009 00:52;16;0
11-16-2009 00:53;44;0
11-16-2009 00:54;74;0
11-16-2009 00:55;9;0
11-16-2009 00:56;7;0
11-16-2009 00:57;7;0
11-16-2009 00:58;6;0
11-16-2009 00:59;25;0
11-16-2009 01:00;41;0
11-16-2009 01:01;6;0
11-16-2009 01:02;16;0
11-16-2009 01:03;77;0
11-16-2009 01:04;285;0
11-16-2009 01:05;15;0
11-16-2009 01:06;6;0
11-16-2009 01:07;6;0
11-16-2009 01:08;112;0
11-16-2009 01:09;7;0
11-16-2009 01:10;40;0
11-16-2009 01:11;16;0
11-16-2009 01:12;13;0
11-16-2009 01:13;38;0
11-16-2009 01:14;149;0
11-16-2009 01:15;59;0
11-16-2009 01:16;166;0
11-16-2009 01:17;268;0
11-16-2009 01:18;103;0
11-16-2009 01:19;29;0
11-16-2009 01:20;28;0
11-16-2009 01:21;77;0
11-16-2009 01:22;7;0
11-16-2009 01:23;0;0
11-16-2009 01:24;0;0
11-16-2009 01:25;149;0
11-16-2009 01:26;16;0
11-16-2009 01:27;24;0
11-16-2009 01:28;184;0
11-16-2009 01:29;756;0
11-16-2009 01:30;59;0
11-16-2009 01:31;7;0
11-16-2009 01:32;7;0
11-16-2009 01:33;6;0
11-16-2009 01:34;4;0
11-16-2009 01:35;88;0
11-16-2009 01:36;121;0
11-16-2009 01:37;9;0
11-16-2009 01:38;10;0
11-16-2009 01:39;50;0
11-16-2009 01:40;91;0
11-16-2009 01:41;327;0
11-16-2009 01:42;259;0
11-16-2009 01:43;9;0
11-16-2009 01:44;212;0
11-16-2009 01:45;7;0
11-16-2009 01:46;47;0
11-16-2009 01:47;16;0
11-16-2009 01:48;0;0
11-16-2009 01:49;0;0
11-16-2009 01:50;129;0
11-16-2009 01:51;0;0
11-16-2009 01:52;0;0
11-16-2009 01:53;178;0
11-16-2009 01:54;468;0
11-16-2009 01:55;566;0
11-16-2009 01:56;9;0
11-16-2009 01:57;3;0
11-16-2009 01:58;0;0
11-16-2009 01:59;0;0
11-16-2009 02:00;515;0
11-16-2009 02:01;0;0
11-16-2009 02:02;0;0
11-16-2009 02:03;0;0
11-16-2009 02:04;0;0
11-16-2009 02:05;0;0
11-16-2009 02:06;0;0
11-16-2009 02:07;424;0
11-16-2009 02:08;0;0
11-16-2009 02:09;0;0
11-16-2009 02:10;0;0
11-16-2009 02:11;0;0
11-16-2009 02:12;1039;0
11-16-2009 02:13;1515;1
11-16-2009 02:14;1946;1
11-16-2009 02:15;360;0
11-16-2009 02:16;190;0
11-16-2009 02:17;116;0
11-16-2009 02:18;134;0
11-16-2009 02:19;149;0
11-16-2009 02:20;1039;0
11-16-2009 02:21;915;0
11-16-2009 02:22;21;0
11-16-2009 02:23;32;0
11-16-2009 02:24;197;0
11-16-2009 02:25;0;0
11-16-2009 02:26;0;0
11-16-2009 02:27;134;0
11-16-2009 02:28;0;0
11-16-2009 02:29;234;0
11-16-2009 02:30;0;0
11-16-2009 02:31;0;0
11-16-2009 02:32;0;0
11-16-2009 02:33;35;0
11-16-2009 02:34;0;0
11-16-2009 02:35;0;0
11-16-2009 02:36;0;0
11-16-2009 02:37;0;0
11-16-2009 02:38;0;0
11-16-2009 02:39;0;0
11-16-2009 02:40;384;0
11-16-2009 02:41;0;0
11-16-2009 02:42;9;0
11-16-2009 02:43;103;0
11-16-2009 02:44;268;0
11-16-2009 02:45;0;0
11-16-2009 02:46;0;0
11-16-2009 02:47;0;0
11-16-2009 02:48;0;0
11-16-2009 02:49;0;0
11-16-2009 02:50;0;0
11-16-2009 02:51;0;0
11-16-2009 02:52;0;0
11-16-2009 02:53;0;0
11-16-2009 02:54;0;0
11-16-2009 02:55;0;0
11-16-2009 02:56;0;0
11-16-2009 02:57;0;0
11-16-2009 02:58;0;0
11-16-2009 02:59;0;0
11-16-2009 03:00;197;0
11-16-2009 03:01;143;0
11-16-2009 03:02;9;0
11-16-2009 03:03;0;0
11-16-2009 03:04;7;0
11-16-2009 03:05;0;0
11-16-2009 03:06;0;0
11-16-2009 03:07;0;0
11-16-2009 03:08;0;0
11-16-2009 03:09;0;0
11-16-2009 03:10;0;0
11-16-2009 03:11;0;0
11-16-2009 03:12;0;0
11-16-2009 03:13;0;0
11-16-2009 03:14;0;0
11-16-2009 03:15;234;0
11-16-2009 03:16;0;0
11-16-2009 03:17;0;0
11-16-2009 03:18;0;0
11-16-2009 03:19;0;0
11-16-2009 03:20;0;0
11-16-2009 03:21;0;0
11-16-2009 03:22;0;0
11-16-2009 03:23;0;0
11-16-2009 03:24;0;0
11-16-2009 03:25;0;0
11-16-2009 03:26;0;0
11-16-2009 03:27;0;0
11-16-2009 03:28;0;0
11-16-2009 03:29;0;0
11-16-2009 03:30;0;0
11-16-2009 03:31;0;0
11-16-2009 03:32;0;0
11-16-2009 03:33;0;0
11-16-2009 03:34;0;0
11-16-2009 03:35;227;0
11-16-2009 03:36;0;0
11-16-2009 03:37;4;0
11-16-2009 03:38;0;0
11-16-2009 03:39;0;0
11-16-2009 03:40;35;0
11-16-2009 03:41;0;0
11-16-2009 03:42;0;0
11-16-2009 03:43;0;0
11-16-2009 03:44;0;0
11-16-2009 03:45;0;0
11-16-2009 03:46;0;0
11-16-2009 03:47;0;0
11-16-2009 03:48;4;0
11-16-2009 03:49;0;0
11-16-2009 03:50;0;0
11-16-2009 03:51;0;0
11-16-2009 03:52;0;0
11-16-2009 03:53;15;0
11-16-2009 03:54;178;0
11-16-2009 03:55;59;0
11-16-2009 03:56;19;0
11-16-2009 03:57;9;0
11-16-2009 03:58;0;0
11-16-2009 03:59;0;0
11-16-2009 04:00;0;0
11-16-2009 04:01;0;0
11-16-2009 04:02;0;0
11-16-2009 04:03;0;0
11-16-2009 04:04;0;0
11-16-2009 04:05;0;0
11-16-2009 04:06;0;0
11-16-2009 04:07;0;0
11-16-2009 04:08;0;0
11-16-2009 04:09;0;0
11-16-2009 04:10;0;0
11-16-2009 04:11;0;0
11-16-2009 04:12;0;0
11-16-2009 04:13;0;0
11-16-2009 04:14;0;0
11-16-2009 04:15;0;0
11-16-2009 04:16;0;0
11-16-2009 04:17;0;0
11-16-2009 04:18;0;0
11-16-2009 04:19;0;0
11-16-2009 04:20;0;0
11-16-2009 04:21;0;0
11-16-2009 04:22;0;0
11-16-2009 04:23;0;0
11-16-2009 04:24;0;0
11-16-2009 04:25;0;0
11-16-2009 04:26;0;0
11-16-2009 04:27;0;0
11-16-2009 04:28;0;0
11-16-2009 04:29;0;0
11-16-2009 04:30;82;0
11-16-2009 04:31;3;0
11-16-2009 04:32;0;0
11-16-2009 04:33;0;0
11-16-2009 04:34;0;0
11-16-2009 04:35;0;0
11-16-2009 04:36;0;0
11-16-2009 04:37;0;0
11-16-2009 04:38;0;0
11-16-2009 04:39;0;0
11-16-2009 04:40;35;0
11-16-2009 04:41;0;0
11-16-2009 04:42;0;0
11-16-2009 04:43;0;0
11-16-2009 04:44;0;0
11-16-2009 04:45;0;0
11-16-2009 04:46;0;0
11-16-2009 04:47;0;0
11-16-2009 04:48;0;0
11-16-2009 04:49;0;0
11-16-2009 04:50;0;0
11-16-2009 04:51;26;0
11-16-2009 04:52;0;0
11-16-2009 04:53;0;0
11-16-2009 04:54;0;0
11-16-2009 04:55;0;0
11-16-2009 04:56;56;0
11-16-2009 04:57;0;0
11-16-2009 04:58;143;0
11-16-2009 04:59;0;0
11-16-2009 05:00;3;0
11-16-2009 05:01;0;0
11-16-2009 05:02;0;0
11-16-2009 05:03;0;0
11-16-2009 05:04;0;0
11-16-2009 05:05;0;0
11-16-2009 05:06;250;0
11-16-2009 05:07;0;0
11-16-2009 05:08;0;0
11-16-2009 05:09;0;0
11-16-2009 05:10;0;0
11-16-2009 05:11;0;0
11-16-2009 05:12;0;0
11-16-2009 05:13;0;0
11-16-2009 05:14;0;0
11-16-2009 05:15;29;0
11-16-2009 05:16;0;0
11-16-2009 05:17;0;0
11-16-2009 05:18;6;0
11-16-2009 05:19;0;0
11-16-2009 05:20;0;0
11-16-2009 05:21;0;0
11-16-2009 05:22;0;0
11-16-2009 05:23;0;0
11-16-2009 05:24;0;0
11-16-2009 05:25;0;0
11-16-2009 05:26;0;0
11-16-2009 05:27;0;0
11-16-2009 05:28;0;0
11-16-2009 05:29;0;0
11-16-2009 05:30;0;0
11-16-2009 05:31;3;0
11-16-2009 05:32;0;0
11-16-2009 05:33;0;0
11-16-2009 05:34;16;0
11-16-2009 05:35;0;0
11-16-2009 05:36;0;0
11-16-2009 05:37;0;0
11-16-2009 05:38;0;0
11-16-2009 05:39;0;0
11-16-2009 05:40;0;0
11-16-2009 05:41;0;0
11-16-2009 05:42;0;0
11-16-2009 05:43;0;0
11-16-2009 05:44;0;0
11-16-2009 05:45;0;0
11-16-2009 05:46;0;0
11-16-2009 05:47;0;0
11-16-2009 05:48;0;0
11-16-2009 05:49;0;0
11-16-2009 05:50;0;0
11-16-2009 05:51;0;0
11-16-2009 05:52;0;0
11-16-2009 05:53;219;0
11-16-2009 05:54;0;0
11-16-2009 05:55;0;0
11-16-2009 05:56;0;0
11-16-2009 05:57;0;0
11-16-2009 05:58;0;0
11-16-2009 05:59;0;0
11-16-2009 06:00;0;0
11-16-2009 06:01;0;0
11-16-2009 06:02;0;0
11-16-2009 06:03;0;0
11-16-2009 06:04;0;0
11-16-2009 06:05;0;0
11-16-2009 06:06;0;0
11-16-2009 06:07;0;0
11-16-2009 06:08;0;0
11-16-2009 06:09;18;0
11-16-2009 06:10;13;0
11-16-2009 06:11;0;0
11-16-2009 06:12;0;0
11-16-2009 06:13;0;0
11-16-2009 06:14;0;0
11-16-2009 06:15;0;0
11-16-2009 06:16;0;0
11-16-2009 06:17;0;0
11-16-2009 06:18;0;0
11-16-2009 06:19;0;0
11-16-2009 06:20;0;0
11-16-2009 06:21;0;0
11-16-2009 06:22;0;0
11-16-2009 06:23;0;0
11-16-2009 06:24;0;0
11-16-2009 06:25;0;0
11-16-2009 06:26;3;0
11-16-2009 06:27;197;0
11-16-2009 06:28;0;0
11-16-2009 06:29;0;0
11-16-2009 06:30;0;0
11-16-2009 06:31;0;0
11-16-2009 06:32;0;0
11-16-2009 06:33;0;0
11-16-2009 06:34;0;0
11-16-2009 06:35;0;0
11-16-2009 06:36;0;0
11-16-2009 06:37;0;0
11-16-2009 06:38;0;0
11-16-2009 06:39;0;0
11-16-2009 06:40;0;0
11-16-2009 06:41;0;0
11-16-2009 06:42;0;0
11-16-2009 06:43;0;0
11-16-2009 06:44;624;0
11-16-2009 06:45;0;0
11-16-2009 06:46;0;0
11-16-2009 06:47;0;0
11-16-2009 06:48;0;0
11-16-2009 06:49;0;0
11-16-2009 06:50;0;0
11-16-2009 06:51;0;0
11-16-2009 06:52;0;0
11-16-2009 06:53;0;0
11-16-2009 06:54;0;0
11-16-2009 06:55;0;0
11-16-2009 06:56;47;0
11-16-2009 06:57;0;0
11-16-2009 06:58;0;0
11-16-2009 06:59;219;0
11-16-2009 07:00;0;0
11-16-2009 07:01;0;0
11-16-2009 07:02;0;0
11-16-2009 07:03;46;0
11-16-2009 07:04;0;0
11-16-2009 07:05;0;0
11-16-2009 07:06;0;0
11-16-2009 07:07;0;0
11-16-2009 07:08;0;0
11-16-2009 07:09;62;0
11-16-2009 07:10;34;0
11-16-2009 07:11;0;0
11-16-2009 07:12;129;0
11-16-2009 07:13;0;0
11-16-2009 07:14;129;0
11-16-2009 07:15;0;0
11-16-2009 07:16;0;0
11-16-2009 07:17;0;0
11-16-2009 07:18;0;0
11-16-2009 07:19;438;0
11-16-2009 07:20;0;0
11-16-2009 07:21;0;0
11-16-2009 07:22;0;0
11-16-2009 07:23;0;0
11-16-2009 07:24;241;0
11-16-2009 07:25;40;0
11-16-2009 07:26;0;0
11-16-2009 07:27;0;0
11-16-2009 07:28;0;0
11-16-2009 07:29;43;0
11-16-2009 07:30;0;0
11-16-2009 07:31;0;0
11-16-2009 07:32;32;0
11-16-2009 07:33;50;0
11-16-2009 07:34;107;0
11-16-2009 07:35;0;0
11-16-2009 07:36;0;0
11-16-2009 07:37;6;0
11-16-2009 07:38;0;0
11-16-2009 07:39;26;0
11-16-2009 07:40;0;0
11-16-2009 07:41;31;0
11-16-2009 07:42;0;0
11-16-2009 07:43;43;0
11-16-2009 07:44;24;0
11-16-2009 07:45;887;0
11-16-2009 07:46;1039;0
11-16-2009 07:47;859;0
11-16-2009 07:48;2828;1
11-16-2009 07:49;859;0
11-16-2009 07:50;438;0
11-16-2009 07:51;250;0
11-16-2009 07:52;644;0
11-16-2009 07:53;384;0
11-16-2009 07:54;665;0
11-16-2009 07:55;1515;1
11-16-2009 07:56;1614;1
11-16-2009 07:57;1006;0
11-16-2009 07:58;1295;1
11-16-2009 07:59;1886;1
11-16-2009 08:00;1039;0
11-16-2009 08:01;1718;1
11-16-2009 08:02;1468;1
11-16-2009 08:03;1295;1
11-16-2009 08:04;1718;1
11-16-2009 08:05;1829;1
11-16-2009 08:06;1773;1
11-16-2009 08:07;1255;1
11-16-2009 08:08;1217;0
11-16-2009 08:09;1217;0
11-16-2009 08:10;1295;1
11-16-2009 08:11;1468;1
11-16-2009 08:12;1515;1
11-16-2009 08:13;1423;1
11-16-2009 08:14;1142;0
11-16-2009 08:15;1564;1
11-16-2009 08:16;1614;1
11-16-2009 08:17;1336;1
11-16-2009 08:18;1423;1
11-16-2009 08:19;1564;1
11-16-2009 08:20;2072;1
11-16-2009 08:21;1718;1
11-16-2009 08:22;1106;0
11-16-2009 08:23;859;0
11-16-2009 08:24;515;0
11-16-2009 08:25;833;0
11-16-2009 08:26;316;0
11-16-2009 08:27;499;0
11-16-2009 08:28;644;0
11-16-2009 08:29;887;0
11-16-2009 08:30;709;0
11-16-2009 08:31;605;0
11-16-2009 08:32;781;0
11-16-2009 08:33;1039;0
11-16-2009 08:34;438;0
11-16-2009 08:35;531;0
11-16-2009 08:36;337;0
11-16-2009 08:37;250;0
11-16-2009 08:38;250;0
11-16-2009 08:39;103;0
11-16-2009 08:40;227;0
11-16-2009 08:41;531;0
11-16-2009 08:42;499;0
11-16-2009 08:43;285;0
11-16-2009 08:44;21;0
11-16-2009 08:45;781;0
11-16-2009 08:46;665;0
11-16-2009 08:47;1006;0
11-16-2009 08:48;1379;1
11-16-2009 08:49;1295;1
11-16-2009 08:50;1423;1
11-16-2009 08:51;549;0
11-16-2009 08:52;259;0
11-16-2009 08:53;624;0
11-16-2009 08:54;410;0
11-16-2009 08:55;549;0
11-16-2009 08:56;349;0
11-16-2009 08:57;687;0
11-16-2009 08:58;887;0
11-16-2009 08:59;975;0
11-16-2009 09:00;833;0
11-16-2009 09:01;384;0
11-16-2009 09:02;116;0
11-16-2009 09:03;733;0
11-16-2009 09:04;806;0
11-16-2009 09:05;566;0
11-16-2009 09:06;397;0
11-16-2009 09:07;687;0
11-16-2009 09:08;250;0
11-16-2009 09:09;781;0
11-16-2009 09:10;975;0
11-16-2009 09:11;112;0
11-16-2009 09:12;306;0
11-16-2009 09:13;756;0
11-16-2009 09:14;781;0
11-16-2009 09:15;549;0
11-16-2009 09:16;975;0
11-16-2009 09:17;887;0
11-16-2009 09:18;733;0
11-16-2009 09:19;1178;1
11-16-2009 09:20;859;0
11-16-2009 09:21;549;0
11-16-2009 09:22;733;0
11-16-2009 09:23;1217;0
11-16-2009 09:24;833;0
11-16-2009 09:25;733;0
11-16-2009 09:26;806;0
11-16-2009 09:27;859;0
11-16-2009 09:28;915;0
11-16-2009 09:29;1073;0
11-16-2009 09:30;624;0
11-16-2009 09:31;306;0
11-16-2009 09:32;372;0
11-16-2009 09:33;806;0
11-16-2009 09:34;756;0
11-16-2009 09:35;624;0
11-16-2009 09:36;887;0
11-16-2009 09:37;1073;0
11-16-2009 09:38;515;0
11-16-2009 09:39;531;0
11-16-2009 09:40;468;0
11-16-2009 09:41;665;0
11-16-2009 09:42;887;0
11-16-2009 09:43;531;0
11-16-2009 09:44;887;0
11-16-2009 09:45;316;0
11-16-2009 09:46;197;0
11-16-2009 09:47;212;0
11-16-2009 09:48;296;0
11-16-2009 09:49;212;0
11-16-2009 09:50;833;0
11-16-2009 09:51;1515;1
11-16-2009 09:52;1718;1
11-16-2009 09:53;1142;0
11-16-2009 09:54;945;0
11-16-2009 09:55;709;0
11-16-2009 09:56;32;0
11-16-2009 09:57;143;0
11-16-2009 09:58;22;0
11-16-2009 09:59;116;0
11-16-2009 10:00;197;0
11-16-2009 10:01;468;0
11-16-2009 10:02;605;0
11-16-2009 10:03;397;0
11-16-2009 10:04;1379;1
11-16-2009 10:05;1295;1
11-16-2009 10:06;1217;0
11-16-2009 10:07;1295;1
11-16-2009 10:08;1006;0
11-16-2009 10:09;1423;1
11-16-2009 10:10;2008;1
11-16-2009 10:11;1142;0
11-16-2009 10:12;178;0
11-16-2009 10:13;77;0
11-16-2009 10:14;71;0
11-16-2009 10:15;166;0
11-16-2009 10:16;268;0
11-16-2009 10:17;219;0
11-16-2009 10:18;154;0
11-16-2009 10:19;25;0
11-16-2009 10:20;887;0
11-16-2009 10:21;1178;1
11-16-2009 10:22;1178;1
11-16-2009 10:23;1106;0
11-16-2009 10:24;1039;0
11-16-2009 10:25;781;0
11-16-2009 10:26;945;0
11-16-2009 10:27;549;0
11-16-2009 10:28;483;0
11-16-2009 10:29;887;0
11-16-2009 10:30;975;0
11-16-2009 10:31;687;0
11-16-2009 10:32;397;0
11-16-2009 10:33;234;0
11-16-2009 10:34;56;0
11-16-2009 10:35;6;0
11-16-2009 10:36;6;0
11-16-2009 10:37;6;0
11-16-2009 10:38;687;0
11-16-2009 10:39;665;0
11-16-2009 10:40;438;0
11-16-2009 10:41;241;0
11-16-2009 10:42;316;0
11-16-2009 10:43;586;0
11-16-2009 10:44;212;0
11-16-2009 10:45;687;0
11-16-2009 10:46;644;0
11-16-2009 10:47;468;0
11-16-2009 10:48;397;0
11-16-2009 10:49;227;0
11-16-2009 10:50;250;0
11-16-2009 10:51;227;0
11-16-2009 10:52;250;0
11-16-2009 10:53;234;0
11-16-2009 10:54;250;0
11-16-2009 10:55;219;0
11-16-2009 10:56;241;0
11-16-2009 10:57;285;0
11-16-2009 10:58;327;0
11-16-2009 10:59;806;0
11-16-2009 11:00;234;0
11-16-2009 11:01;13;0
11-16-2009 11:02;190;0
11-16-2009 11:03;9;0
11-16-2009 11:04;4;0
11-16-2009 11:05;4;0
11-16-2009 11:06;227;0
11-16-2009 11:07;12;0
11-16-2009 11:08;47;0
11-16-2009 11:09;68;0
11-16-2009 11:10;6;0
11-16-2009 11:11;6;0
11-16-2009 11:12;6;0
11-16-2009 11:13;6;0
11-16-2009 11:14;16;0
11-16-2009 11:15;6;0
11-16-2009 11:16;38;0
11-16-2009 11:17;18;0
11-16-2009 11:18;24;0
11-16-2009 11:19;24;0
11-16-2009 11:20;12;0
11-16-2009 11:21;31;0
11-16-2009 11:22;21;0
11-16-2009 11:23;6;0
11-16-2009 11:24;62;0
11-16-2009 11:25;21;0
11-16-2009 11:26;29;0
11-16-2009 11:27;6;0
11-16-2009 11:28;18;0
11-16-2009 11:29;50;0
11-16-2009 11:30;6;0
11-16-2009 11:31;15;0
11-16-2009 11:32;47;0
11-16-2009 11:33;24;0
11-16-2009 11:34;65;0
11-16-2009 11:35;6;0
11-16-2009 11:36;121;0
11-16-2009 11:37;125;0
11-16-2009 11:38;4;0
11-16-2009 11:39;4;0
11-16-2009 11:40;6;0
11-16-2009 11:41;6;0
11-16-2009 11:42;29;0
11-16-2009 11:43;4;0
11-16-2009 11:44;24;0
11-16-2009 11:45;4;0
11-16-2009 11:46;15;0
11-16-2009 11:47;4;0
11-16-2009 11:48;9;0
11-16-2009 11:49;4;0
11-16-2009 11:50;4;0
11-16-2009 11:51;7;0
11-16-2009 11:52;103;0
11-16-2009 11:53;15;0
11-16-2009 11:54;31;0
11-16-2009 11:55;116;0
11-16-2009 11:56;4;0
11-16-2009 11:57;605;0
11-16-2009 11:58;531;0
11-16-2009 11:59;241;0
11-16-2009 12:00;1515;1
11-16-2009 12:01;424;0
11-16-2009 12:02;47;0
11-16-2009 12:03;18;0
11-16-2009 12:04;50;0
11-16-2009 12:05;3;0
11-16-2009 12:06;94;0
11-16-2009 12:07;91;0
11-16-2009 12:08;4;0
11-16-2009 12:09;4;0
11-16-2009 12:10;4;0
11-16-2009 12:11;4;0
11-16-2009 12:12;4;0
11-16-2009 12:13;3;0
11-16-2009 12:14;3;0
11-16-2009 12:15;3;0
11-16-2009 12:16;134;0
11-16-2009 12:17;4;0
11-16-2009 12:18;4;0
11-16-2009 12:19;4;0
11-16-2009 12:20;4;0
11-16-2009 12:21;4;0
11-16-2009 12:22;4;0
11-16-2009 12:23;4;0
11-16-2009 12:24;4;0
11-16-2009 12:25;4;0
11-16-2009 12:26;4;0
11-16-2009 12:27;3;0
11-16-2009 12:28;3;0
11-16-2009 12:29;172;0
11-16-2009 12:30;9;0
11-16-2009 12:31;4;0
11-16-2009 12:32;4;0
11-16-2009 12:33;4;0
11-16-2009 12:34;4;0
11-16-2009 12:35;6;0
11-16-2009 12:36;7;0
11-16-2009 12:37;12;0
11-16-2009 12:38;4;0
11-16-2009 12:39;10;0
11-16-2009 12:40;6;0
11-16-2009 12:41;7;0
11-16-2009 12:42;9;0
11-16-2009 12:43;9;0
11-16-2009 12:44;9;0
11-16-2009 12:45;9;0
11-16-2009 12:46;10;0
11-16-2009 12:47;10;0
11-16-2009 12:48;10;0
11-16-2009 12:49;10;0
11-16-2009 12:50;10;0
11-16-2009 12:51;10;0
11-16-2009 12:52;10;0
11-16-2009 12:53;10;0
11-16-2009 12:54;10;0
11-16-2009 12:55;10;0
11-16-2009 12:56;10;0
11-16-2009 12:57;19;0
11-16-2009 12:58;10;0
11-16-2009 12:59;756;0
11-16-2009 13:00;154;0
11-16-2009 13:01;68;0
11-16-2009 13:02;316;0
11-16-2009 13:03;1039;0
11-16-2009 13:04;1423;1
11-16-2009 13:05;1468;1
11-16-2009 13:06;1423;1
11-16-2009 13:07;1423;1
11-16-2009 13:08;1006;0
11-16-2009 13:09;1423;1
11-16-2009 13:10;1295;1
11-16-2009 13:11;733;0
11-16-2009 13:12;154;0
11-16-2009 13:13;172;0
11-16-2009 13:14;250;0
11-16-2009 13:15;43;0
11-16-2009 13:16;360;0
11-16-2009 13:17;665;0
11-16-2009 13:18;94;0
11-16-2009 13:19;129;0
11-16-2009 13:20;138;0
11-16-2009 13:21;184;0
11-16-2009 13:22;112;0
11-16-2009 13:23;349;0
11-16-2009 13:24;129;0
11-16-2009 13:25;205;0
11-16-2009 13:26;121;0
11-16-2009 13:27;197;0
11-16-2009 13:28;410;0
11-16-2009 13:29;1468;1
11-16-2009 13:30;1217;0
11-16-2009 13:31;1142;0
11-16-2009 13:32;975;0
11-16-2009 13:33;833;0
11-16-2009 13:34;915;0
11-16-2009 13:35;1073;0
11-16-2009 13:36;781;0
11-16-2009 13:37;241;0
11-16-2009 13:38;15;0
11-16-2009 13:39;65;0
11-16-2009 13:40;9;0
11-16-2009 13:41;13;0
11-16-2009 13:42;85;0
11-16-2009 13:43;24;0
11-16-2009 13:44;26;0
11-16-2009 13:45;29;0
11-16-2009 13:46;50;0
11-16-2009 13:47;410;0
11-16-2009 13:48;34;0
11-16-2009 13:49;28;0
11-16-2009 13:50;16;0
11-16-2009 13:51;18;0
11-16-2009 13:52;38;0
11-16-2009 13:53;10;0
11-16-2009 13:54;9;0
11-16-2009 13:55;12;0
11-16-2009 13:56;184;0
11-16-2009 13:57;29;0
11-16-2009 13:58;65;0
11-16-2009 13:59;13;0
11-16-2009 14:00;29;0
11-16-2009 14:01;9;0
11-16-2009 14:02;99;0
11-16-2009 14:03;59;0
11-16-2009 14:04;82;0
11-16-2009 14:05;9;0
11-16-2009 14:06;21;0
11-16-2009 14:07;32;0
11-16-2009 14:08;7;0
11-16-2009 14:09;71;0
11-16-2009 14:10;219;0
11-16-2009 14:11;59;0
11-16-2009 14:12;28;0
11-16-2009 14:13;112;0
11-16-2009 14:14;47;0
11-16-2009 14:15;22;0
11-16-2009 14:16;468;0
11-16-2009 14:17;47;0
11-16-2009 14:18;50;0
11-16-2009 14:19;172;0
11-16-2009 14:20;197;0
11-16-2009 14:21;34;0
11-16-2009 14:22;13;0
11-16-2009 14:23;53;0
11-16-2009 14:24;9;0
11-16-2009 14:25;410;0
11-16-2009 14:26;410;0
11-16-2009 14:27;327;0
11-16-2009 14:28;25;0
11-16-2009 14:29;50;0
11-16-2009 14:30;687;0
11-16-2009 14:31;531;0
11-16-2009 14:32;410;0
11-16-2009 14:33;178;0
11-16-2009 14:34;178;0
11-16-2009 14:35;268;0
11-16-2009 14:36;143;0
11-16-2009 14:37;16;0
11-16-2009 14:38;16;0
11-16-2009 14:39;268;0
11-16-2009 14:40;250;0
11-16-2009 14:41;945;0
11-16-2009 14:42;1295;1
11-16-2009 14:43;1336;1
11-16-2009 14:44;1614;1
11-16-2009 14:45;1718;1
11-16-2009 14:46;1178;1
11-16-2009 14:47;1255;1
11-16-2009 14:48;644;0
11-16-2009 14:49;1073;0
11-16-2009 14:50;781;0
11-16-2009 14:51;733;0
11-16-2009 14:52;438;0
11-16-2009 14:53;483;0
11-16-2009 14:54;468;0
11-16-2009 14:55;212;0
11-16-2009 14:56;241;0
11-16-2009 14:57;1515;1
11-16-2009 14:58;1773;1
11-16-2009 14:59;1468;1
11-16-2009 15:00;1665;1
11-16-2009 15:01;975;0
11-16-2009 15:02;709;0
11-16-2009 15:03;306;0
11-16-2009 15:04;410;0
11-16-2009 15:05;483;0
11-16-2009 15:06;250;0
11-16-2009 15:07;586;0
11-16-2009 15:08;397;0
11-16-2009 15:09;65;0
11-16-2009 15:10;234;0
11-16-2009 15:11;1178;1
11-16-2009 15:12;1614;1
11-16-2009 15:13;1336;1
11-16-2009 15:14;687;0
11-16-2009 15:15;268;0
11-16-2009 15:16;453;0
11-16-2009 15:17;372;0
11-16-2009 15:18;103;0
11-16-2009 15:19;121;0
11-16-2009 15:20;1006;0
11-16-2009 15:21;1255;1
11-16-2009 15:22;781;0
11-16-2009 15:23;241;0
11-16-2009 15:24;733;0
11-16-2009 15:25;1178;1
11-16-2009 15:26;1379;1
11-16-2009 15:27;605;0
11-16-2009 15:28;733;0
11-16-2009 15:29;410;0
11-16-2009 15:30;19;0
11-16-2009 15:31;15;0
11-16-2009 15:32;15;0
11-16-2009 15:33;197;0
11-16-2009 15:34;733;0
11-16-2009 15:35;94;0
11-16-2009 15:36;7;0
11-16-2009 15:37;268;0
11-16-2009 15:38;1106;0
11-16-2009 15:39;453;0
11-16-2009 15:40;1178;1
11-16-2009 15:41;859;0
11-16-2009 15:42;16;0
11-16-2009 15:43;18;0
11-16-2009 15:44;227;0
11-16-2009 15:45;9;0
11-16-2009 15:46;3;0
11-16-2009 15:47;212;0
11-16-2009 15:48;160;0
11-16-2009 15:49;3;0
11-16-2009 15:50;25;0
11-16-2009 15:51;82;0
11-16-2009 15:52;3;0
11-16-2009 15:53;3;0
11-16-2009 15:54;3;0
11-16-2009 15:55;3;0
11-16-2009 15:56;3;0
11-16-2009 15:57;687;0
11-16-2009 15:58;624;0
11-16-2009 15:59;360;0
11-16-2009 16:00;337;0
11-16-2009 16:01;259;0
11-16-2009 16:02;65;0
11-16-2009 16:03;82;0
11-16-2009 16:04;112;0
11-16-2009 16:05;62;0
11-16-2009 16:06;190;0
11-16-2009 16:07;94;0
11-16-2009 16:08;0;0
11-16-2009 16:09;0;0
11-16-2009 16:10;3;0
11-16-2009 16:11;0;0
11-16-2009 16:12;0;0
11-16-2009 16:13;3;0
11-16-2009 16:14;172;0
11-16-2009 16:15;3;0
11-16-2009 16:16;296;0
11-16-2009 16:17;327;0
11-16-2009 16:18;1423;1
11-16-2009 16:19;733;0
11-16-2009 16:20;234;0
11-16-2009 16:21;35;0
11-16-2009 16:22;149;0
11-16-2009 16:23;781;0
11-16-2009 16:24;327;0
11-16-2009 16:25;372;0
11-16-2009 16:26;219;0
11-16-2009 16:27;234;0
11-16-2009 16:28;975;0
11-16-2009 16:29;1006;0
11-16-2009 16:30;499;0
11-16-2009 16:31;372;0
11-16-2009 16:32;327;0
11-16-2009 16:33;806;0
11-16-2009 16:34;1423;1
11-16-2009 16:35;806;0
11-16-2009 16:36;234;0
11-16-2009 16:37;665;0
11-16-2009 16:38;1829;1
11-16-2009 16:39;1255;1
11-16-2009 16:40;1468;1
11-16-2009 16:41;833;0
11-16-2009 16:42;212;0
11-16-2009 16:43;316;0
11-16-2009 16:44;515;0
11-16-2009 16:45;327;0
11-16-2009 16:46;74;0
11-16-2009 16:47;12;0
11-16-2009 16:48;44;0
11-16-2009 16:49;103;0
11-16-2009 16:50;149;0
11-16-2009 16:51;483;0
11-16-2009 16:52;665;0
11-16-2009 16:53;197;0
11-16-2009 16:54;227;0
11-16-2009 16:55;129;0
11-16-2009 16:56;227;0
11-16-2009 16:57;166;0
11-16-2009 16:58;121;0
11-16-2009 16:59;143;0
11-16-2009 17:00;296;0
11-16-2009 17:01;277;0
11-16-2009 17:02;68;0
11-16-2009 17:03;806;0
11-16-2009 17:04;1255;1
11-16-2009 17:05;1039;0
11-16-2009 17:06;915;0
11-16-2009 17:07;1073;0
11-16-2009 17:08;1295;1
11-16-2009 17:09;859;0
11-16-2009 17:10;806;0
11-16-2009 17:11;1142;0
11-16-2009 17:12;1039;0
11-16-2009 17:13;1006;0
11-16-2009 17:14;887;0
11-16-2009 17:15;277;0
11-16-2009 17:16;566;0
11-16-2009 17:17;285;0
11-16-2009 17:18;1255;1
11-16-2009 17:19;1423;1
11-16-2009 17:20;1665;1
11-16-2009 17:21;1564;1
11-16-2009 17:22;1255;1
11-16-2009 17:23;1295;1
11-16-2009 17:24;1178;1
11-16-2009 17:25;756;0
11-16-2009 17:26;687;0
11-16-2009 17:27;1178;1
11-16-2009 17:28;1106;0
11-16-2009 17:29;1255;1
11-16-2009 17:30;1379;1
11-16-2009 17:31;53;0
11-16-2009 17:32;160;0
11-16-2009 17:33;483;0
11-16-2009 17:34;91;0
11-16-2009 17:35;59;0
11-16-2009 17:36;116;0
11-16-2009 17:37;277;0
11-16-2009 17:38;59;0
11-16-2009 17:39;644;0
11-16-2009 17:40;16;0
11-16-2009 17:41;197;0
11-16-2009 17:42;107;0
11-16-2009 17:43;360;0
11-16-2009 17:44;166;0
11-16-2009 17:45;227;0
11-16-2009 17:46;327;0
11-16-2009 17:47;212;0
11-16-2009 17:48;234;0
11-16-2009 17:49;205;0
11-16-2009 17:50;327;0
11-16-2009 17:51;372;0
11-16-2009 17:52;285;0
11-16-2009 17:53;212;0
11-16-2009 17:54;138;0
11-16-2009 17:55;25;0
11-16-2009 17:56;205;0
11-16-2009 17:57;241;0
11-16-2009 17:58;372;0
11-16-2009 17:59;337;0
11-16-2009 18:00;410;0
11-16-2009 18:01;316;0
11-16-2009 18:02;410;0
11-16-2009 18:03;172;0
11-16-2009 18:04;277;0
11-16-2009 18:05;268;0
11-16-2009 18:06;259;0
11-16-2009 18:07;50;0
11-16-2009 18:08;219;0
11-16-2009 18:09;10;0
11-16-2009 18:10;62;0
11-16-2009 18:11;0;0
11-16-2009 18:12;0;0
11-16-2009 18:13;0;0
11-16-2009 18:14;0;0
11-16-2009 18:15;62;0
11-16-2009 18:16;47;0
11-16-2009 18:17;0;0
11-16-2009 18:18;197;0
11-16-2009 18:19;0;0
11-16-2009 18:20;53;0
11-16-2009 18:21;1614;1
11-16-2009 18:22;624;0
11-16-2009 18:23;1423;1
11-16-2009 18:24;1217;0
11-16-2009 18:25;1106;0
11-16-2009 18:26;277;0
11-16-2009 18:27;1006;0
11-16-2009 18:28;1773;1
11-16-2009 18:29;1665;1
11-16-2009 18:30;945;0
11-16-2009 18:31;468;0
11-16-2009 18:32;665;0
11-16-2009 18:33;384;0
11-16-2009 18:34;709;0
11-16-2009 18:35;424;0
11-16-2009 18:36;227;0
11-16-2009 18:37;372;0
11-16-2009 18:38;1379;1
11-16-2009 18:39;859;0
11-16-2009 18:40;806;0
11-16-2009 18:41;372;0
11-16-2009 18:42;709;0
11-16-2009 18:43;94;0
11-16-2009 18:44;190;0
11-16-2009 18:45;285;0
11-16-2009 18:46;586;0
11-16-2009 18:47;756;0
11-16-2009 18:48;112;0
11-16-2009 18:49;94;0
11-16-2009 18:50;781;0
11-16-2009 18:51;205;0
11-16-2009 18:52;349;0
11-16-2009 18:53;172;0
11-16-2009 18:54;205;0
11-16-2009 18:55;129;0
11-16-2009 18:56;116;0
11-16-2009 18:57;149;0
11-16-2009 18:58;219;0
11-16-2009 18:59;277;0
11-16-2009 19:00;149;0
11-16-2009 19:01;154;0
11-16-2009 19:02;453;0
11-16-2009 19:03;2828;1
11-16-2009 19:04;1336;1
11-16-2009 19:05;1178;1
11-16-2009 19:06;1106;0
11-16-2009 19:07;1886;1
11-16-2009 19:08;945;0
11-16-2009 19:09;515;0
11-16-2009 19:10;3;0
11-16-2009 19:11;4;0
11-16-2009 19:12;0;0
11-16-2009 19:13;0;0
11-16-2009 19:14;0;0
11-16-2009 19:15;0;0
11-16-2009 19:16;250;0
11-16-2009 19:17;166;0
11-16-2009 19:18;71;0
11-16-2009 19:19;79;0
11-16-2009 19:20;16;0
11-16-2009 19:21;6;0
11-16-2009 19:22;65;0
11-16-2009 19:23;121;0
11-16-2009 19:24;6;0
11-16-2009 19:25;107;0
11-16-2009 19:26;184;0
11-16-2009 19:27;62;0
11-16-2009 19:28;6;0
11-16-2009 19:29;4;0
11-16-2009 19:30;129;0
11-16-2009 19:31;149;0
11-16-2009 19:32;0;0
11-16-2009 19:33;172;0
11-16-2009 19:34;397;0
11-16-2009 19:35;3;0
11-16-2009 19:36;3;0
11-16-2009 19:37;4;0
11-16-2009 19:38;172;0
11-16-2009 19:39;10;0
11-16-2009 19:40;24;0
11-16-2009 19:41;71;0
11-16-2009 19:42;6;0
11-16-2009 19:43;6;0
11-16-2009 19:44;40;0
11-16-2009 19:45;6;0
11-16-2009 19:46;6;0
11-16-2009 19:47;6;0
11-16-2009 19:48;6;0
11-16-2009 19:49;6;0
11-16-2009 19:50;6;0
11-16-2009 19:51;6;0
11-16-2009 19:52;6;0
11-16-2009 19:53;6;0
11-16-2009 19:54;6;0
11-16-2009 19:55;327;0
11-16-2009 19:56;197;0
11-16-2009 19:57;205;0
11-16-2009 19:58;384;0
11-16-2009 19:59;644;0
11-16-2009 20:00;1039;0
11-16-2009 20:01;624;0
11-16-2009 20:02;438;0
11-16-2009 20:03;453;0
11-16-2009 20:04;515;0
11-16-2009 20:05;15;0
11-16-2009 20:06;7;0
11-16-2009 20:07;285;0
11-16-2009 20:08;12;0
11-16-2009 20:09;178;0
11-16-2009 20:10;15;0
11-16-2009 20:11;7;0
11-16-2009 20:12;7;0
11-16-2009 20:13;7;0
11-16-2009 20:14;88;0
11-16-2009 20:15;24;0
11-16-2009 20:16;7;0
11-16-2009 20:17;7;0
11-16-2009 20:18;7;0
11-16-2009 20:19;7;0
11-16-2009 20:20;7;0
11-16-2009 20:21;12;0
11-16-2009 20:22;6;0
11-16-2009 20:23;16;0
11-16-2009 20:24;6;0
11-16-2009 20:25;7;0
11-16-2009 20:26;7;0
11-16-2009 20:27;6;0
11-16-2009 20:28;887;0
11-16-2009 20:29;178;0
11-16-2009 20:30;47;0
11-16-2009 20:31;234;0
11-16-2009 20:32;178;0
11-16-2009 20:33;16;0
11-16-2009 20:34;9;0
11-16-2009 20:35;566;0
11-16-2009 20:36;13;0
11-16-2009 20:37;4;0
11-16-2009 20:38;6;0
11-16-2009 20:39;24;0
11-16-2009 20:40;6;0
11-16-2009 20:41;6;0
11-16-2009 20:42;6;0
11-16-2009 20:43;6;0
11-16-2009 20:44;6;0
11-16-2009 20:45;6;0
11-16-2009 20:46;125;0
11-16-2009 20:47;4;0
11-16-2009 20:48;6;0
11-16-2009 20:49;6;0
11-16-2009 20:50;74;0
11-16-2009 20:51;9;0
11-16-2009 20:52;7;0
11-16-2009 20:53;306;0
11-16-2009 20:54;665;0
11-16-2009 20:55;1142;0
11-16-2009 20:56;1006;0
11-16-2009 20:57;1946;1
11-16-2009 20:58;1039;0
11-16-2009 20:59;1255;1
11-16-2009 21:00;1665;1
11-16-2009 21:01;945;0
11-16-2009 21:02;1255;1
11-16-2009 21:03;781;0
11-16-2009 21:04;733;0
11-16-2009 21:05;833;0
11-16-2009 21:06;644;0
11-16-2009 21:07;665;0
11-16-2009 21:08;586;0
11-16-2009 21:09;499;0
11-16-2009 21:10;781;0
11-16-2009 21:11;1217;0
11-16-2009 21:12;515;0
11-16-2009 21:13;306;0
11-16-2009 21:14;277;0
11-16-2009 21:15;586;0
11-16-2009 21:16;1073;0
11-16-2009 21:17;586;0
11-16-2009 21:18;453;0
11-16-2009 21:19;515;0
11-16-2009 21:20;1142;0
11-16-2009 21:21;1336;1
11-16-2009 21:22;1336;1
11-16-2009 21:23;1106;0
11-16-2009 21:24;887;0
11-16-2009 21:25;733;0
11-16-2009 21:26;756;0
11-16-2009 21:27;624;0
11-16-2009 21:28;687;0
11-16-2009 21:29;859;0
11-16-2009 21:30;709;0
11-16-2009 21:31;945;0
11-16-2009 21:32;1142;0
11-16-2009 21:33;915;0
11-16-2009 21:34;1564;1
11-16-2009 21:35;665;0
11-16-2009 21:36;77;0
11-16-2009 21:37;166;0
11-16-2009 21:38;134;0
11-16-2009 21:39;56;0
11-16-2009 21:40;68;0
11-16-2009 21:41;121;0
11-16-2009 21:42;7;0
11-16-2009 21:43;22;0
11-16-2009 21:44;7;0
11-16-2009 21:45;6;0
11-16-2009 21:46;0;0
11-16-2009 21:47;143;0
11-16-2009 21:48;7;0
11-16-2009 21:49;0;0
11-16-2009 21:50;3;0
11-16-2009 21:51;59;0
11-16-2009 21:52;32;0
11-16-2009 21:53;397;0
11-16-2009 21:54;397;0
11-16-2009 21:55;143;0
11-16-2009 21:56;3;0
11-16-2009 21:57;0;0
11-16-2009 21:58;3;0
11-16-2009 21:59;3;0
11-16-2009 22:00;3;0
11-16-2009 22:01;68;0
11-16-2009 22:02;234;0
11-16-2009 22:03;3;0
11-16-2009 22:04;0;0
11-16-2009 22:05;3;0
11-16-2009 22:06;268;0
11-16-2009 22:07;3;0
11-16-2009 22:08;3;0
11-16-2009 22:09;3;0
11-16-2009 22:10;172;0
11-16-2009 22:11;18;0
11-16-2009 22:12;121;0
11-16-2009 22:13;149;0
11-16-2009 22:14;184;0
11-16-2009 22:15;121;0
11-16-2009 22:16;4;0
11-16-2009 22:17;40;0
11-16-2009 22:18;9;0
11-16-2009 22:19;47;0
11-16-2009 22:20;112;0
11-16-2009 22:21;94;0
11-16-2009 22:22;10;0
11-16-2009 22:23;4;0
11-16-2009 22:24;3;0
11-16-2009 22:25;3;0
11-16-2009 22:26;47;0
11-16-2009 22:27;166;0
11-16-2009 22:28;107;0
11-16-2009 22:29;32;0
11-16-2009 22:30;21;0
11-16-2009 22:31;4;0
11-16-2009 22:32;3;0
11-16-2009 22:33;3;0
11-16-2009 22:34;34;0
11-16-2009 22:35;3;0
11-16-2009 22:36;3;0
11-16-2009 22:37;16;0
11-16-2009 22:38;3;0
11-16-2009 22:39;40;0
11-16-2009 22:40;3;0
11-16-2009 22:41;4;0
11-16-2009 22:42;3;0
11-16-2009 22:43;18;0
11-16-2009 22:44;3;0
11-16-2009 22:45;3;0
11-16-2009 22:46;227;0
11-16-2009 22:47;1073;0
11-16-2009 22:48;241;0
11-16-2009 22:49;13;0
11-16-2009 22:50;665;0
11-16-2009 22:51;82;0
11-16-2009 22:52;47;0
11-16-2009 22:53;13;0
11-16-2009 22:54;34;0
11-16-2009 22:55;0;0
11-16-2009 22:56;166;0
11-16-2009 22:57;28;0
11-16-2009 22:58;53;0
11-16-2009 22:59;18;0
11-16-2009 23:00;65;0
11-16-2009 23:01;154;0
11-16-2009 23:02;296;0
11-16-2009 23:03;709;0
11-16-2009 23:04;1614;1
11-16-2009 23:05;806;0
11-16-2009 23:06;1217;0
11-16-2009 23:07;1379;1
11-16-2009 23:08;1379;1
11-16-2009 23:09;1468;1
11-16-2009 23:10;1379;1
11-16-2009 23:11;1073;0
11-16-2009 23:12;1106;0
11-16-2009 23:13;2275;1
11-16-2009 23:14;1295;1
11-16-2009 23:15;0;0
11-16-2009 23:16;0;0
11-16-2009 23:17;0;0
11-16-2009 23:18;0;0
11-16-2009 23:19;0;0
11-16-2009 23:20;0;0
11-16-2009 23:21;0;0
11-16-2009 23:22;0;0
11-16-2009 23:23;0;0
11-16-2009 23:24;0;0
11-16-2009 23:25;0;0
11-16-2009 23:26;0;0
11-16-2009 23:27;0;0
11-16-2009 23:28;0;0
11-16-2009 23:29;0;0
11-16-2009 23:30;0;0
11-16-2009 23:31;0;0
11-16-2009 23:32;0;0
11-16-2009 23:33;0;0
11-16-2009 23:34;0;0
11-16-2009 23:35;0;0
11-16-2009 23:36;0;0
11-16-2009 23:37;0;0
11-16-2009 23:38;0;0
11-16-2009 23:39;0;0
11-16-2009 23:40;410;0
11-16-2009 23:41;1142;0
11-16-2009 23:42;74;0
11-16-2009 23:43;0;0
11-16-2009 23:44;0;0
11-16-2009 23:45;0;0
11-16-2009 23:46;0;0
11-16-2009 23:47;0;0
11-16-2009 23:48;0;0
11-16-2009 23:49;0;0
11-16-2009 23:50;0;0
11-16-2009 23:51;0;0
11-16-2009 23:52;0;0
11-16-2009 23:53;4;0
11-16-2009 23:54;0;0
11-16-2009 23:55;0;0
11-16-2009 23:56;0;0
11-16-2009 23:57;0;0
11-16-2009 23:58;0;0
11-16-2009 23:59;0;0
11-17-2009 00:00;0;0
11-17-2009 00:01;0;0
11-17-2009 00:02;0;0
11-17-2009 00:03;0;0
11-17-2009 00:04;0;0
11-17-2009 00:05;0;0
11-17-2009 00:06;0;0
11-17-2009 00:07;0;0
11-17-2009 00:08;0;0
11-17-2009 00:09;0;0
11-17-2009 00:10;0;0
11-17-2009 00:11;0;0
11-17-2009 00:12;0;0
11-17-2009 00:13;0;0
11-17-2009 00:14;0;0
11-17-2009 00:15;0;0
11-17-2009 00:16;0;0
11-17-2009 00:17;0;0
11-17-2009 00:18;0;0
11-17-2009 00:19;0;0
11-17-2009 00:20;85;0
11-17-2009 00:21;107;0
11-17-2009 00:22;0;0
11-17-2009 00:23;0;0
11-17-2009 00:24;0;0
11-17-2009 00:25;0;0
11-17-2009 00:26;0;0
11-17-2009 00:27;0;0
11-17-2009 00:28;0;0
11-17-2009 00:29;0;0
11-17-2009 00:30;0;0
11-17-2009 00:31;0;0
11-17-2009 00:32;0;0
11-17-2009 00:33;0;0
11-17-2009 00:34;0;0
11-17-2009 00:35;0;0
11-17-2009 00:36;0;0
11-17-2009 00:37;0;0
11-17-2009 00:38;0;0
11-17-2009 00:39;0;0
11-17-2009 00:40;0;0
11-17-2009 00:41;0;0
11-17-2009 00:42;47;0
11-17-2009 00:43;107;0
11-17-2009 00:44;0;0
11-17-2009 00:45;0;0
11-17-2009 00:46;0;0
11-17-2009 00:47;0;0
11-17-2009 00:48;0;0
11-17-2009 00:49;0;0
11-17-2009 00:50;0;0
11-17-2009 00:51;0;0
11-17-2009 00:52;0;0
11-17-2009 00:53;3;0
11-17-2009 00:54;0;0
11-17-2009 00:55;0;0
11-17-2009 00:56;0;0
11-17-2009 00:57;0;0
11-17-2009 00:58;9;0
11-17-2009 00:59;0;0
11-17-2009 01:00;0;0
11-17-2009 01:01;3;0
11-17-2009 01:02;0;0
11-17-2009 01:03;0;0
11-17-2009 01:04;227;0
11-17-2009 01:05;47;0
11-17-2009 01:06;0;0
11-17-2009 01:07;0;0
11-17-2009 01:08;4;0
11-17-2009 01:09;32;0
11-17-2009 01:10;0;0
11-17-2009 01:11;0;0
11-17-2009 01:12;0;0
11-17-2009 01:13;0;0
11-17-2009 01:14;3;0
11-17-2009 01:15;0;0
11-17-2009 01:16;0;0
11-17-2009 01:17;0;0
11-17-2009 01:18;47;0
11-17-2009 01:19;0;0
11-17-2009 01:20;0;0
11-17-2009 01:21;0;0
11-17-2009 01:22;0;0
11-17-2009 01:23;0;0
11-17-2009 01:24;3;0
11-17-2009 01:25;0;0
11-17-2009 01:26;0;0
11-17-2009 01:27;15;0
11-17-2009 01:28;0;0
11-17-2009 01:29;19;0
11-17-2009 01:30;178;0
11-17-2009 01:31;0;0
11-17-2009 01:32;0;0
11-17-2009 01:33;68;0
11-17-2009 01:34;26;0
11-17-2009 01:35;0;0
11-17-2009 01:36;15;0
11-17-2009 01:37;0;0
11-17-2009 01:38;0;0
11-17-2009 01:39;0;0
11-17-2009 01:40;40;0
11-17-2009 01:41;0;0
11-17-2009 01:42;0;0
11-17-2009 01:43;0;0
11-17-2009 01:44;0;0
11-17-2009 01:45;0;0
11-17-2009 01:46;16;0
11-17-2009 01:47;24;0
11-17-2009 01:48;0;0
11-17-2009 01:49;0;0
11-17-2009 01:50;0;0
11-17-2009 01:51;0;0
11-17-2009 01:52;0;0
11-17-2009 01:53;0;0
11-17-2009 01:54;0;0
11-17-2009 01:55;0;0
11-17-2009 01:56;0;0
11-17-2009 01:57;0;0
11-17-2009 01:58;0;0
11-17-2009 01:59;0;0
11-17-2009 02:00;0;0
11-17-2009 02:01;0;0
11-17-2009 02:02;0;0
11-17-2009 02:03;50;0
11-17-2009 02:04;0;0
11-17-2009 02:05;0;0
11-17-2009 02:06;0;0
11-17-2009 02:07;0;0
11-17-2009 02:08;0;0
11-17-2009 02:09;0;0
11-17-2009 02:10;0;0
11-17-2009 02:11;0;0
11-17-2009 02:12;0;0
11-17-2009 02:13;0;0
11-17-2009 02:14;0;0
11-17-2009 02:15;0;0
11-17-2009 02:16;0;0
11-17-2009 02:17;250;0
11-17-2009 02:18;0;0
11-17-2009 02:19;0;0
11-17-2009 02:20;0;0
11-17-2009 02:21;0;0
11-17-2009 02:22;0;0
11-17-2009 02:23;0;0
11-17-2009 02:24;0;0
11-17-2009 02:25;0;0
11-17-2009 02:26;0;0
11-17-2009 02:27;0;0
11-17-2009 02:28;0;0
11-17-2009 02:29;121;0
11-17-2009 02:30;0;0
11-17-2009 02:31;0;0
11-17-2009 02:32;0;0
11-17-2009 02:33;0;0
11-17-2009 02:34;0;0
11-17-2009 02:35;0;0
11-17-2009 02:36;0;0
11-17-2009 02:37;0;0
11-17-2009 02:38;0;0
11-17-2009 02:39;0;0
11-17-2009 02:40;0;0
11-17-2009 02:41;0;0
11-17-2009 02:42;0;0
11-17-2009 02:43;0;0
11-17-2009 02:44;0;0
11-17-2009 02:45;0;0
11-17-2009 02:46;0;0
11-17-2009 02:47;0;0
11-17-2009 02:48;0;0
11-17-2009 02:49;0;0
11-17-2009 02:50;0;0
11-17-2009 02:51;0;0
11-17-2009 02:52;0;0
11-17-2009 02:53;0;0
11-17-2009 02:54;0;0
11-17-2009 02:55;0;0
11-17-2009 02:56;0;0
11-17-2009 02:57;0;0
11-17-2009 02:58;0;0
11-17-2009 02:59;0;0
11-17-2009 03:00;0;0
11-17-2009 03:01;0;0
11-17-2009 03:02;0;0
11-17-2009 03:03;0;0
11-17-2009 03:04;0;0
11-17-2009 03:05;0;0
11-17-2009 03:06;0;0
11-17-2009 03:07;0;0
11-17-2009 03:08;0;0
11-17-2009 03:09;0;0
11-17-2009 03:10;0;0
11-17-2009 03:11;0;0
11-17-2009 03:12;0;0
11-17-2009 03:13;0;0
11-17-2009 03:14;0;0
11-17-2009 03:15;0;0
11-17-2009 03:16;0;0
11-17-2009 03:17;138;0
11-17-2009 03:18;68;0
11-17-2009 03:19;0;0
11-17-2009 03:20;0;0
11-17-2009 03:21;0;0
11-17-2009 03:22;0;0
11-17-2009 03:23;0;0
11-17-2009 03:24;0;0
11-17-2009 03:25;3;0
11-17-2009 03:26;0;0
11-17-2009 03:27;0;0
11-17-2009 03:28;0;0
11-17-2009 03:29;0;0
11-17-2009 03:30;0;0
11-17-2009 03:31;0;0
11-17-2009 03:32;0;0
11-17-2009 03:33;4;0
11-17-2009 03:34;0;0
11-17-2009 03:35;0;0
11-17-2009 03:36;0;0
11-17-2009 03:37;9;0
11-17-2009 03:38;0;0
11-17-2009 03:39;644;0
11-17-2009 03:40;316;0
11-17-2009 03:41;0;0
11-17-2009 03:42;0;0
11-17-2009 03:43;15;0
11-17-2009 03:44;37;0
11-17-2009 03:45;7;0
11-17-2009 03:46;277;0
11-17-2009 03:47;0;0
11-17-2009 03:48;0;0
11-17-2009 03:49;0;0
11-17-2009 03:50;121;0
11-17-2009 03:51;0;0
11-17-2009 03:52;0;0
11-17-2009 03:53;44;0
11-17-2009 03:54;0;0
11-17-2009 03:55;0;0
11-17-2009 03:56;0;0
11-17-2009 03:57;0;0
11-17-2009 03:58;0;0
11-17-2009 03:59;0;0
11-17-2009 04:00;0;0
11-17-2009 04:01;0;0
11-17-2009 04:02;0;0
11-17-2009 04:03;0;0
11-17-2009 04:04;0;0
11-17-2009 04:05;0;0
11-17-2009 04:06;0;0
11-17-2009 04:07;0;0
11-17-2009 04:08;0;0
11-17-2009 04:09;0;0
11-17-2009 04:10;0;0
11-17-2009 04:11;0;0
11-17-2009 04:12;0;0
11-17-2009 04:13;0;0
11-17-2009 04:14;0;0
11-17-2009 04:15;0;0
11-17-2009 04:16;0;0
11-17-2009 04:17;0;0
11-17-2009 04:18;0;0
11-17-2009 04:19;0;0
11-17-2009 04:20;0;0
11-17-2009 04:21;0;0
11-17-2009 04:22;0;0
11-17-2009 04:23;9;0
11-17-2009 04:24;0;0
11-17-2009 04:25;205;0
11-17-2009 04:26;0;0
11-17-2009 04:27;0;0
11-17-2009 04:28;0;0
11-17-2009 04:29;0;0
11-17-2009 04:30;0;0
11-17-2009 04:31;0;0
11-17-2009 04:32;0;0
11-17-2009 04:33;0;0
11-17-2009 04:34;0;0
11-17-2009 04:35;0;0
11-17-2009 04:36;0;0
11-17-2009 04:37;15;0
11-17-2009 04:38;0;0
11-17-2009 04:39;0;0
11-17-2009 04:40;0;0
11-17-2009 04:41;0;0
11-17-2009 04:42;0;0
11-17-2009 04:43;0;0
11-17-2009 04:44;0;0
11-17-2009 04:45;0;0
11-17-2009 04:46;0;0
11-17-2009 04:47;0;0
11-17-2009 04:48;0;0
11-17-2009 04:49;0;0
11-17-2009 04:50;3;0
11-17-2009 04:51;0;0
11-17-2009 04:52;0;0
11-17-2009 04:53;32;0
11-17-2009 04:54;0;0
11-17-2009 04:55;0;0
11-17-2009 04:56;0;0
11-17-2009 04:57;0;0
11-17-2009 04:58;3;0
11-17-2009 04:59;0;0
11-17-2009 05:00;0;0
11-17-2009 05:01;0;0
11-17-2009 05:02;0;0
11-17-2009 05:03;0;0
11-17-2009 05:04;103;0
11-17-2009 05:05;62;0
11-17-2009 05:06;0;0
11-17-2009 05:07;3;0
11-17-2009 05:08;0;0
11-17-2009 05:09;0;0
11-17-2009 05:10;0;0
11-17-2009 05:11;53;0
11-17-2009 05:12;9;0
11-17-2009 05:13;10;0
11-17-2009 05:14;0;0
11-17-2009 05:15;0;0
11-17-2009 05:16;0;0
11-17-2009 05:17;143;0
11-17-2009 05:18;53;0
11-17-2009 05:19;205;0
11-17-2009 05:20;28;0
11-17-2009 05:21;0;0
11-17-2009 05:22;0;0
11-17-2009 05:23;59;0
11-17-2009 05:24;0;0
11-17-2009 05:25;0;0
11-17-2009 05:26;0;0
11-17-2009 05:27;15;0
11-17-2009 05:28;13;0
11-17-2009 05:29;134;0
11-17-2009 05:30;71;0
11-17-2009 05:31;197;0
11-17-2009 05:32;59;0
11-17-2009 05:33;3;0
11-17-2009 05:34;0;0
11-17-2009 05:35;10;0
11-17-2009 05:36;16;0
11-17-2009 05:37;7;0
11-17-2009 05:38;0;0
11-17-2009 05:39;0;0
11-17-2009 05:40;0;0
11-17-2009 05:41;99;0
11-17-2009 05:42;0;0
11-17-2009 05:43;0;0
11-17-2009 05:44;0;0
11-17-2009 05:45;0;0
11-17-2009 05:46;0;0
11-17-2009 05:47;0;0
11-17-2009 05:48;0;0
11-17-2009 05:49;3;0
11-17-2009 05:50;0;0
11-17-2009 05:51;38;0
11-17-2009 05:52;31;0
11-17-2009 05:53;0;0
11-17-2009 05:54;0;0
11-17-2009 05:55;18;0
11-17-2009 05:56;46;0
11-17-2009 05:57;59;0
11-17-2009 05:58;29;0
11-17-2009 05:59;0;0
11-17-2009 06:00;0;0
11-17-2009 06:01;0;0
11-17-2009 06:02;0;0
11-17-2009 06:03;0;0
11-17-2009 06:04;0;0
11-17-2009 06:05;16;0
11-17-2009 06:06;483;0
11-17-2009 06:07;7;0
11-17-2009 06:08;0;0
11-17-2009 06:09;24;0
11-17-2009 06:10;29;0
11-17-2009 06:11;0;0
11-17-2009 06:12;7;0
11-17-2009 06:13;3;0
11-17-2009 06:14;0;0
11-17-2009 06:15;4;0
11-17-2009 06:16;0;0
11-17-2009 06:17;0;0
11-17-2009 06:18;0;0
11-17-2009 06:19;0;0
11-17-2009 06:20;0;0
11-17-2009 06:21;0;0
11-17-2009 06:22;0;0
11-17-2009 06:23;0;0
11-17-2009 06:24;0;0
11-17-2009 06:25;0;0
11-17-2009 06:26;0;0
11-17-2009 06:27;0;0
11-17-2009 06:28;0;0
11-17-2009 06:29;0;0
11-17-2009 06:30;0;0
11-17-2009 06:31;0;0
11-17-2009 06:32;0;0
11-17-2009 06:33;0;0
11-17-2009 06:34;0;0
11-17-2009 06:35;0;0
11-17-2009 06:36;0;0
11-17-2009 06:37;0;0
11-17-2009 06:38;19;0
11-17-2009 06:39;0;0
11-17-2009 06:40;0;0
11-17-2009 06:41;0;0
11-17-2009 06:42;0;0
11-17-2009 06:43;0;0
11-17-2009 06:44;0;0
11-17-2009 06:45;0;0
11-17-2009 06:46;0;0
11-17-2009 06:47;0;0
11-17-2009 06:48;0;0
11-17-2009 06:49;0;0
11-17-2009 06:50;0;0
11-17-2009 06:51;0;0
11-17-2009 06:52;0;0
11-17-2009 06:53;0;0
11-17-2009 06:54;0;0
11-17-2009 06:55;0;0
11-17-2009 06:56;0;0
11-17-2009 06:57;0;0
11-17-2009 06:58;0;0
11-17-2009 06:59;0;0
11-17-2009 07:00;0;0
11-17-2009 07:01;0;0
11-17-2009 07:02;0;0
11-17-2009 07:03;0;0
11-17-2009 07:04;0;0
11-17-2009 07:05;0;0
11-17-2009 07:06;0;0
11-17-2009 07:07;0;0
11-17-2009 07:08;0;0
11-17-2009 07:09;0;0
11-17-2009 07:10;0;0
11-17-2009 07:11;0;0
11-17-2009 07:12;0;0
11-17-2009 07:13;0;0
11-17-2009 07:14;0;0
11-17-2009 07:15;0;0
11-17-2009 07:16;0;0
11-17-2009 07:17;0;0
11-17-2009 07:18;259;0
11-17-2009 07:19;277;0
11-17-2009 07:20;0;0
11-17-2009 07:21;0;0
11-17-2009 07:22;13;0
11-17-2009 07:23;0;0
11-17-2009 07:24;3;0
11-17-2009 07:25;0;0
11-17-2009 07:26;154;0
11-17-2009 07:27;166;0
11-17-2009 07:28;6;0
11-17-2009 07:29;0;0
11-17-2009 07:30;4;0
11-17-2009 07:31;6;0
11-17-2009 07:32;4;0
11-17-2009 07:33;3;0
11-17-2009 07:34;12;0
11-17-2009 07:35;24;0
11-17-2009 07:36;0;0
11-17-2009 07:37;9;0
11-17-2009 07:38;3;0
11-17-2009 07:39;19;0
11-17-2009 07:40;0;0
11-17-2009 07:41;0;0
11-17-2009 07:42;0;0
11-17-2009 07:43;3;0
11-17-2009 07:44;4;0
11-17-2009 07:45;0;0
11-17-2009 07:46;0;0
11-17-2009 07:47;12;0
11-17-2009 07:48;3;0
11-17-2009 07:49;16;0
11-17-2009 07:50;0;0
11-17-2009 07:51;0;0
11-17-2009 07:52;0;0
11-17-2009 07:53;0;0
11-17-2009 07:54;0;0
11-17-2009 07:55;0;0
11-17-2009 07:56;121;0
11-17-2009 07:57;0;0
11-17-2009 07:58;197;0
11-17-2009 07:59;0;0
11-17-2009 08:00;6;0
11-17-2009 08:01;15;0
11-17-2009 08:02;0;0
11-17-2009 08:03;4;0
11-17-2009 08:04;3;0
11-17-2009 08:05;0;0
11-17-2009 08:06;0;0
11-17-2009 08:07;129;0
11-17-2009 08:08;0;0
11-17-2009 08:09;0;0
11-17-2009 08:10;0;0
11-17-2009 08:11;0;0
11-17-2009 08:12;0;0
11-17-2009 08:13;0;0
11-17-2009 08:14;0;0
11-17-2009 08:15;0;0
11-17-2009 08:16;0;0
11-17-2009 08:17;0;0
11-17-2009 08:18;0;0
11-17-2009 08:19;0;0
11-17-2009 08:20;0;0
11-17-2009 08:21;0;0
11-17-2009 08:22;0;0
11-17-2009 08:23;0;0
11-17-2009 08:24;0;0
11-17-2009 08:25;0;0
11-17-2009 08:26;0;0
11-17-2009 08:27;0;0
11-17-2009 08:28;0;0
11-17-2009 08:29;149;0
11-17-2009 08:30;515;0
11-17-2009 08:31;0;0
11-17-2009 08:32;0;0
11-17-2009 08:33;0;0
11-17-2009 08:34;0;0
11-17-2009 08:35;277;0
11-17-2009 08:36;0;0
11-17-2009 08:37;0;0
11-17-2009 08:38;4;0
11-17-2009 08:39;184;0
11-17-2009 08:40;0;0
11-17-2009 08:41;3;0
11-17-2009 08:42;6;0
11-17-2009 08:43;0;0
11-17-2009 08:44;0;0
11-17-2009 08:45;0;0
11-17-2009 08:46;15;0
11-17-2009 08:47;0;0
11-17-2009 08:48;0;0
11-17-2009 08:49;483;0
11-17-2009 08:50;0;0
11-17-2009 08:51;0;0
11-17-2009 08:52;0;0
11-17-2009 08:53;0;0
11-17-2009 08:54;0;0
11-17-2009 08:55;3;0
11-17-2009 08:56;4;0
11-17-2009 08:57;0;0
11-17-2009 08:58;13;0
11-17-2009 08:59;372;0
11-17-2009 09:00;116;0
11-17-2009 09:01;0;0
11-17-2009 09:02;0;0
11-17-2009 09:03;0;0
11-17-2009 09:04;0;0
11-17-2009 09:05;0;0
11-17-2009 09:06;0;0
11-17-2009 09:07;0;0
11-17-2009 09:08;227;0
11-17-2009 09:09;40;0
11-17-2009 09:10;3;0
11-17-2009 09:11;26;0
11-17-2009 09:12;0;0
11-17-2009 09:13;0;0
11-17-2009 09:14;16;0
11-17-2009 09:15;0;0
11-17-2009 09:16;0;0
11-17-2009 09:17;0;0
11-17-2009 09:18;0;0
11-17-2009 09:19;21;0
11-17-2009 09:20;3;0
11-17-2009 09:21;10;0
11-17-2009 09:22;94;0
11-17-2009 09:23;0;0
11-17-2009 09:24;19;0
11-17-2009 09:25;3;0
11-17-2009 09:26;0;0
11-17-2009 09:27;29;0
11-17-2009 09:28;19;0
11-17-2009 09:29;268;0
11-17-2009 09:30;0;0
11-17-2009 09:31;91;0
11-17-2009 09:32;0;0
11-17-2009 09:33;0;0
11-17-2009 09:34;0;0
11-17-2009 09:35;0;0
11-17-2009 09:36;0;0
11-17-2009 09:37;327;0
11-17-2009 09:38;859;0
11-17-2009 09:39;1564;1
11-17-2009 09:40;1773;1
11-17-2009 09:41;1946;1
11-17-2009 09:42;1515;1
11-17-2009 09:43;1217;0
11-17-2009 09:44;1468;1
11-17-2009 09:45;1515;1
11-17-2009 09:46;1515;1
11-17-2009 09:47;1106;0
11-17-2009 09:48;1718;1
11-17-2009 09:49;1217;0
11-17-2009 09:50;1178;1
11-17-2009 09:51;1006;0
11-17-2009 09:52;624;0
11-17-2009 09:53;975;0
11-17-2009 09:54;945;0
11-17-2009 09:55;806;0
11-17-2009 09:56;212;0
11-17-2009 09:57;3;0
11-17-2009 09:58;859;0
11-17-2009 09:59;624;0
11-17-2009 10:00;733;0
11-17-2009 10:01;1039;0
11-17-2009 10:02;833;0
11-17-2009 10:03;1217;0
11-17-2009 10:04;887;0
11-17-2009 10:05;833;0
11-17-2009 10:06;781;0
11-17-2009 10:07;605;0
11-17-2009 10:08;605;0
11-17-2009 10:09;468;0
11-17-2009 10:10;586;0
11-17-2009 10:11;733;0
11-17-2009 10:12;549;0
11-17-2009 10:13;624;0
11-17-2009 10:14;756;0
11-17-2009 10:15;549;0
11-17-2009 10:16;586;0
11-17-2009 10:17;833;0
11-17-2009 10:18;1564;1
11-17-2009 10:19;1379;1
11-17-2009 10:20;453;0
11-17-2009 10:21;756;0
11-17-2009 10:22;1073;0
11-17-2009 10:23;806;0
11-17-2009 10:24;945;0
11-17-2009 10:25;859;0
11-17-2009 10:26;806;0
11-17-2009 10:27;833;0
11-17-2009 10:28;733;0
11-17-2009 10:29;733;0
11-17-2009 10:30;756;0
11-17-2009 10:31;859;0
11-17-2009 10:32;859;0
11-17-2009 10:33;499;0
11-17-2009 10:34;410;0
11-17-2009 10:35;566;0
11-17-2009 10:36;781;0
11-17-2009 10:37;384;0
11-17-2009 10:38;624;0
11-17-2009 10:39;372;0
11-17-2009 10:40;624;0
11-17-2009 10:41;483;0
11-17-2009 10:42;644;0
11-17-2009 10:43;566;0
11-17-2009 10:44;424;0
11-17-2009 10:45;1217;0
11-17-2009 10:46;781;0
11-17-2009 10:47;1423;1
11-17-2009 10:48;1039;0
11-17-2009 10:49;1295;1
11-17-2009 10:50;1039;0
11-17-2009 10:51;806;0
11-17-2009 10:52;624;0
11-17-2009 10:53;781;0
11-17-2009 10:54;515;0
11-17-2009 10:55;605;0
11-17-2009 10:56;397;0
11-17-2009 10:57;549;0
11-17-2009 10:58;483;0
11-17-2009 10:59;566;0
11-17-2009 11:00;624;0
11-17-2009 11:01;1255;1
11-17-2009 11:02;806;0
11-17-2009 11:03;605;0
11-17-2009 11:04;915;0
11-17-2009 11:05;687;0
11-17-2009 11:06;945;0
11-17-2009 11:07;709;0
11-17-2009 11:08;665;0
11-17-2009 11:09;515;0
11-17-2009 11:10;859;0
11-17-2009 11:11;781;0
11-17-2009 11:12;833;0
11-17-2009 11:13;945;0
11-17-2009 11:14;1039;0
11-17-2009 11:15;483;0
11-17-2009 11:16;531;0
11-17-2009 11:17;833;0
11-17-2009 11:18;806;0
11-17-2009 11:19;833;0
11-17-2009 11:20;887;0
11-17-2009 11:21;605;0
11-17-2009 11:22;624;0
11-17-2009 11:23;259;0
11-17-2009 11:24;410;0
11-17-2009 11:25;915;0
11-17-2009 11:26;1255;1
11-17-2009 11:27;1039;0
11-17-2009 11:28;1336;1
11-17-2009 11:29;1295;1
11-17-2009 11:30;1468;1
11-17-2009 11:31;1073;0
11-17-2009 11:32;687;0
11-17-2009 11:33;268;0
11-17-2009 11:34;178;0
11-17-2009 11:35;499;0
11-17-2009 11:36;665;0
11-17-2009 11:37;644;0
11-17-2009 11:38;644;0
11-17-2009 11:39;756;0
11-17-2009 11:40;644;0
11-17-2009 11:41;887;0
11-17-2009 11:42;781;0
11-17-2009 11:43;296;0
11-17-2009 11:44;806;0
11-17-2009 11:45;781;0
11-17-2009 11:46;337;0
11-17-2009 11:47;316;0
11-17-2009 11:48;7;0
11-17-2009 11:49;975;0
11-17-2009 11:50;945;0
11-17-2009 11:51;733;0
11-17-2009 11:52;687;0
11-17-2009 11:53;499;0
11-17-2009 11:54;586;0
11-17-2009 11:55;975;0
11-17-2009 11:56;833;0
11-17-2009 11:57;586;0
11-17-2009 11:58;1423;1
11-17-2009 11:59;687;0
11-17-2009 12:00;410;0
11-17-2009 12:01;483;0
11-17-2009 12:02;1379;1
11-17-2009 12:03;1217;0
11-17-2009 12:04;1006;0
11-17-2009 12:05;1295;1
11-17-2009 12:06;360;0
11-17-2009 12:07;859;0
11-17-2009 12:08;915;0
11-17-2009 12:09;665;0
11-17-2009 12:10;781;0
11-17-2009 12:11;756;0
11-17-2009 12:12;549;0
11-17-2009 12:13;915;0
11-17-2009 12:14;887;0
11-17-2009 12:15;665;0
11-17-2009 12:16;384;0
11-17-2009 12:17;197;0
11-17-2009 12:18;149;0
11-17-2009 12:19;71;0
11-17-2009 12:20;316;0
11-17-2009 12:21;68;0
11-17-2009 12:22;687;0
11-17-2009 12:23;197;0
11-17-2009 12:24;112;0
11-17-2009 12:25;515;0
11-17-2009 12:26;531;0
11-17-2009 12:27;833;0
11-17-2009 12:28;566;0
11-17-2009 12:29;624;0
11-17-2009 12:30;644;0
11-17-2009 12:31;372;0
11-17-2009 12:32;531;0
11-17-2009 12:33;915;0
11-17-2009 12:34;1106;0
11-17-2009 12:35;468;0
11-17-2009 12:36;438;0
11-17-2009 12:37;468;0
11-17-2009 12:38;1178;1
11-17-2009 12:39;1006;0
11-17-2009 12:40;1336;1
11-17-2009 12:41;483;0
11-17-2009 12:42;859;0
11-17-2009 12:43;781;0
11-17-2009 12:44;806;0
11-17-2009 12:45;566;0
11-17-2009 12:46;515;0
11-17-2009 12:47;372;0
11-17-2009 12:48;468;0
11-17-2009 12:49;483;0
11-17-2009 12:50;349;0
11-17-2009 12:51;806;0
11-17-2009 12:52;1379;1
11-17-2009 12:53;1217;0
11-17-2009 12:54;833;0
11-17-2009 12:55;781;0
11-17-2009 12:56;296;0
11-17-2009 12:57;143;0
11-17-2009 12:58;184;0
11-17-2009 12:59;360;0
11-17-2009 13:00;438;0
11-17-2009 13:01;259;0
11-17-2009 13:02;665;0
11-17-2009 13:03;410;0
11-17-2009 13:04;566;0
11-17-2009 13:05;566;0
11-17-2009 13:06;733;0
11-17-2009 13:07;733;0
11-17-2009 13:08;859;0
11-17-2009 13:09;945;0
11-17-2009 13:10;1379;1
11-17-2009 13:11;1178;1
11-17-2009 13:12;833;0
11-17-2009 13:13;1423;1
11-17-2009 13:14;2275;1
11-17-2009 13:15;859;0
11-17-2009 13:16;549;0
11-17-2009 13:17;410;0
11-17-2009 13:18;586;0
11-17-2009 13:19;212;0
11-17-2009 13:20;18;0
11-17-2009 13:21;25;0
11-17-2009 13:22;62;0
11-17-2009 13:23;337;0
11-17-2009 13:24;781;0
11-17-2009 13:25;709;0
11-17-2009 13:26;945;0
11-17-2009 13:27;756;0
11-17-2009 13:28;129;0
11-17-2009 13:29;316;0
11-17-2009 13:30;349;0
11-17-2009 13:31;665;0
11-17-2009 13:32;306;0
11-17-2009 13:33;349;0
11-17-2009 13:34;227;0
11-17-2009 13:35;197;0
11-17-2009 13:36;296;0
11-17-2009 13:37;327;0
11-17-2009 13:38;337;0
11-17-2009 13:39;833;0
11-17-2009 13:40;781;0
11-17-2009 13:41;483;0
11-17-2009 13:42;945;0
11-17-2009 13:43;945;0
11-17-2009 13:44;859;0
11-17-2009 13:45;756;0
11-17-2009 13:46;945;0
11-17-2009 13:47;709;0
11-17-2009 13:48;887;0
11-17-2009 13:49;915;0
11-17-2009 13:50;975;0
11-17-2009 13:51;887;0
11-17-2009 13:52;1006;0
11-17-2009 13:53;1039;0
11-17-2009 13:54;833;0
11-17-2009 13:55;1773;1
11-17-2009 13:56;2072;1
11-17-2009 13:57;1073;0
11-17-2009 13:58;806;0
11-17-2009 13:59;833;0
11-17-2009 14:00;1073;0
11-17-2009 14:01;887;0
11-17-2009 14:02;915;0
11-17-2009 14:03;499;0
11-17-2009 14:04;859;0
11-17-2009 14:05;566;0
11-17-2009 14:06;483;0
11-17-2009 14:07;337;0
11-17-2009 14:08;197;0
11-17-2009 14:09;103;0
11-17-2009 14:10;515;0
11-17-2009 14:11;296;0
11-17-2009 14:12;121;0
11-17-2009 14:13;62;0
11-17-2009 14:14;277;0
11-17-2009 14:15;19;0
11-17-2009 14:16;205;0
11-17-2009 14:17;79;0
11-17-2009 14:18;515;0
11-17-2009 14:19;833;0
11-17-2009 14:20;1073;0
11-17-2009 14:21;1295;1
11-17-2009 14:22;549;0
11-17-2009 14:23;1006;0
11-17-2009 14:24;887;0
11-17-2009 14:25;1106;0
11-17-2009 14:26;1255;1
11-17-2009 14:27;1142;0
11-17-2009 14:28;360;0
11-17-2009 14:29;384;0
11-17-2009 14:30;709;0
11-17-2009 14:31;372;0
11-17-2009 14:32;59;0
11-17-2009 14:33;47;0
11-17-2009 14:34;71;0
11-17-2009 14:35;12;0
11-17-2009 14:36;549;0
11-17-2009 14:37;1336;1
11-17-2009 14:38;1295;1
11-17-2009 14:39;1178;1
11-17-2009 14:40;1039;0
11-17-2009 14:41;1106;0
11-17-2009 14:42;1468;1
11-17-2009 14:43;709;0
11-17-2009 14:44;22;0
11-17-2009 14:45;438;0
11-17-2009 14:46;756;0
11-17-2009 14:47;268;0
11-17-2009 14:48;349;0
11-17-2009 14:49;227;0
11-17-2009 14:50;56;0
11-17-2009 14:51;0;0
11-17-2009 14:52;0;0
11-17-2009 14:53;0;0
11-17-2009 14:54;107;0
11-17-2009 14:55;0;0
11-17-2009 14:56;21;0
11-17-2009 14:57;7;0
11-17-2009 14:58;0;0
11-17-2009 14:59;0;0
11-17-2009 15:00;316;0
11-17-2009 15:01;859;0
11-17-2009 15:02;756;0
11-17-2009 15:03;453;0
11-17-2009 15:04;306;0
11-17-2009 15:05;16;0
11-17-2009 15:06;0;0
11-17-2009 15:07;68;0
11-17-2009 15:08;88;0
11-17-2009 15:09;47;0
11-17-2009 15:10;3;0
11-17-2009 15:11;0;0
11-17-2009 15:12;0;0
11-17-2009 15:13;0;0
11-17-2009 15:14;0;0
11-17-2009 15:15;0;0
11-17-2009 15:16;0;0
11-17-2009 15:17;12;0
11-17-2009 15:18;143;0
11-17-2009 15:19;85;0
11-17-2009 15:20;149;0
11-17-2009 15:21;116;0
11-17-2009 15:22;65;0
11-17-2009 15:23;47;0
11-17-2009 15:24;687;0
11-17-2009 15:25;531;0
11-17-2009 15:26;37;0
11-17-2009 15:27;397;0
11-17-2009 15:28;327;0
11-17-2009 15:29;3;0
11-17-2009 15:30;7;0
11-17-2009 15:31;3;0
11-17-2009 15:32;3;0
11-17-2009 15:33;28;0
11-17-2009 15:34;25;0
11-17-2009 15:35;12;0
11-17-2009 15:36;28;0
11-17-2009 15:37;50;0
11-17-2009 15:38;178;0
11-17-2009 15:39;184;0
11-17-2009 15:40;975;0
11-17-2009 15:41;1073;0
11-17-2009 15:42;1255;1
11-17-2009 15:43;644;0
11-17-2009 15:44;285;0
11-17-2009 15:45;138;0
11-17-2009 15:46;9;0
11-17-2009 15:47;372;0
11-17-2009 15:48;360;0
11-17-2009 15:49;586;0
11-17-2009 15:50;116;0
11-17-2009 15:51;327;0
11-17-2009 15:52;0;0
11-17-2009 15:53;4;0
11-17-2009 15:54;9;0
11-17-2009 15:55;88;0
11-17-2009 15:56;0;0
11-17-2009 15:57;0;0
11-17-2009 15:58;0;0
11-17-2009 15:59;0;0
11-17-2009 16:00;0;0
11-17-2009 16:01;24;0
11-17-2009 16:02;116;0
11-17-2009 16:03;7;0
11-17-2009 16:04;384;0
11-17-2009 16:05;975;0
11-17-2009 16:06;384;0
11-17-2009 16:07;0;0
11-17-2009 16:08;0;0
11-17-2009 16:09;0;0
11-17-2009 16:10;0;0
11-17-2009 16:11;0;0
11-17-2009 16:12;138;0
11-17-2009 16:13;0;0
11-17-2009 16:14;0;0
11-17-2009 16:15;0;0
11-17-2009 16:16;3;0
11-17-2009 16:17;0;0
11-17-2009 16:18;0;0
11-17-2009 16:19;0;0
11-17-2009 16:20;0;0
11-17-2009 16:21;0;0
11-17-2009 16:22;0;0
11-17-2009 16:23;0;0
11-17-2009 16:24;0;0
11-17-2009 16:25;0;0
11-17-2009 16:26;0;0
11-17-2009 16:27;0;0
11-17-2009 16:28;0;0
11-17-2009 16:29;0;0
11-17-2009 16:30;7;0
11-17-2009 16:31;0;0
11-17-2009 16:32;0;0
11-17-2009 16:33;0;0
11-17-2009 16:34;0;0
11-17-2009 16:35;0;0
11-17-2009 16:36;3;0
11-17-2009 16:37;0;0
11-17-2009 16:38;0;0
11-17-2009 16:39;0;0
11-17-2009 16:40;0;0
11-17-2009 16:41;3;0
11-17-2009 16:42;3;0
11-17-2009 16:43;0;0
11-17-2009 16:44;0;0
11-17-2009 16:45;0;0
11-17-2009 16:46;0;0
11-17-2009 16:47;0;0
11-17-2009 16:48;0;0
11-17-2009 16:49;0;0
11-17-2009 16:50;0;0
11-17-2009 16:51;0;0
11-17-2009 16:52;605;0
11-17-2009 16:53;99;0
11-17-2009 16:54;7;0
11-17-2009 16:55;0;0
11-17-2009 16:56;0;0
11-17-2009 16:57;38;0
11-17-2009 16:58;0;0
11-17-2009 16:59;3;0
11-17-2009 17:00;0;0
11-17-2009 17:01;0;0
11-17-2009 17:02;0;0
11-17-2009 17:03;0;0
11-17-2009 17:04;4;0
11-17-2009 17:05;0;0
11-17-2009 17:06;0;0
11-17-2009 17:07;0;0
11-17-2009 17:08;0;0
11-17-2009 17:09;0;0
11-17-2009 17:10;0;0
11-17-2009 17:11;0;0
11-17-2009 17:12;0;0
11-17-2009 17:13;0;0
11-17-2009 17:14;0;0
11-17-2009 17:15;0;0
11-17-2009 17:16;0;0
11-17-2009 17:17;0;0
11-17-2009 17:18;0;0
11-17-2009 17:19;0;0
11-17-2009 17:20;0;0
11-17-2009 17:21;0;0
11-17-2009 17:22;316;0
11-17-2009 17:23;35;0
11-17-2009 17:24;0;0
11-17-2009 17:25;0;0
11-17-2009 17:26;0;0
11-17-2009 17:27;0;0
11-17-2009 17:28;0;0
11-17-2009 17:29;190;0
11-17-2009 17:30;327;0
11-17-2009 17:31;4;0
11-17-2009 17:32;91;0
11-17-2009 17:33;26;0
11-17-2009 17:34;9;0
11-17-2009 17:35;0;0
11-17-2009 17:36;0;0
11-17-2009 17:37;0;0
11-17-2009 17:38;18;0
11-17-2009 17:39;38;0
11-17-2009 17:40;12;0
11-17-2009 17:41;0;0
11-17-2009 17:42;3;0
11-17-2009 17:43;0;0
11-17-2009 17:44;0;0
11-17-2009 17:45;0;0
11-17-2009 17:46;0;0
11-17-2009 17:47;0;0
11-17-2009 17:48;0;0
11-17-2009 17:49;79;0
11-17-2009 17:50;250;0
11-17-2009 17:51;0;0
11-17-2009 17:52;0;0
11-17-2009 17:53;0;0
11-17-2009 17:54;0;0
11-17-2009 17:55;0;0
11-17-2009 17:56;0;0
11-17-2009 17:57;0;0
11-17-2009 17:58;0;0
11-17-2009 17:59;0;0
11-17-2009 18:00;0;0
11-17-2009 18:01;0;0
11-17-2009 18:02;0;0
11-17-2009 18:03;0;0
11-17-2009 18:04;0;0
11-17-2009 18:05;0;0
11-17-2009 18:06;0;0
11-17-2009 18:07;0;0
11-17-2009 18:08;0;0
11-17-2009 18:09;0;0
11-17-2009 18:10;0;0
11-17-2009 18:11;0;0
11-17-2009 18:12;0;0
11-17-2009 18:13;0;0
11-17-2009 18:14;0;0
11-17-2009 18:15;0;0
11-17-2009 18:16;0;0
11-17-2009 18:17;0;0
11-17-2009 18:18;0;0
11-17-2009 18:19;0;0
11-17-2009 18:20;0;0
11-17-2009 18:21;0;0
11-17-2009 18:22;0;0
11-17-2009 18:23;0;0
11-17-2009 18:24;0;0
11-17-2009 18:25;0;0
11-17-2009 18:26;0;0
11-17-2009 18:27;0;0
11-17-2009 18:28;0;0
11-17-2009 18:29;0;0
11-17-2009 18:30;0;0
11-17-2009 18:31;0;0
11-17-2009 18:32;0;0
11-17-2009 18:33;0;0
11-17-2009 18:34;0;0
11-17-2009 18:35;0;0
11-17-2009 18:36;0;0
11-17-2009 18:37;0;0
11-17-2009 18:38;0;0
11-17-2009 18:39;91;0
11-17-2009 18:40;349;0
11-17-2009 18:41;0;0
11-17-2009 18:42;26;0
11-17-2009 18:43;0;0
11-17-2009 18:44;0;0
11-17-2009 18:45;3;0
11-17-2009 18:46;0;0
11-17-2009 18:47;0;0
11-17-2009 18:48;7;0
11-17-2009 18:49;121;0
11-17-2009 18:50;178;0
11-17-2009 18:51;0;0
11-17-2009 18:52;0;0
11-17-2009 18:53;0;0
11-17-2009 18:54;6;0
11-17-2009 18:55;0;0
11-17-2009 18:56;4;0
11-17-2009 18:57;0;0
11-17-2009 18:58;0;0
11-17-2009 18:59;0;0
11-17-2009 19:00;0;0
11-17-2009 19:01;0;0
11-17-2009 19:02;0;0
11-17-2009 19:03;0;0
11-17-2009 19:04;0;0
11-17-2009 19:05;0;0
11-17-2009 19:06;0;0
11-17-2009 19:07;0;0
11-17-2009 19:08;0;0
11-17-2009 19:09;0;0
11-17-2009 19:10;0;0
11-17-2009 19:11;0;0
11-17-2009 19:12;0;0
11-17-2009 19:13;0;0
11-17-2009 19:14;0;0
11-17-2009 19:15;0;0
11-17-2009 19:16;0;0
11-17-2009 19:17;1039;0
11-17-2009 19:18;0;0
11-17-2009 19:19;0;0
11-17-2009 19:20;0;0
11-17-2009 19:21;99;0
11-17-2009 19:22;28;0
11-17-2009 19:23;945;0
11-17-2009 19:24;644;0
11-17-2009 19:25;515;0
11-17-2009 19:26;468;0
11-17-2009 19:27;1614;1
11-17-2009 19:28;1217;0
11-17-2009 19:29;79;0
11-17-2009 19:30;0;0
11-17-2009 19:31;149;0
11-17-2009 19:32;125;0
11-17-2009 19:33;0;0
11-17-2009 19:34;0;0
11-17-2009 19:35;65;0
11-17-2009 19:36;0;0
11-17-2009 19:37;9;0
11-17-2009 19:38;0;0
11-17-2009 19:39;0;0
11-17-2009 19:40;0;0
11-17-2009 19:41;0;0
11-17-2009 19:42;0;0
11-17-2009 19:43;0;0
11-17-2009 19:44;0;0
11-17-2009 19:45;0;0
11-17-2009 19:46;0;0
11-17-2009 19:47;0;0
11-17-2009 19:48;0;0
11-17-2009 19:49;0;0
11-17-2009 19:50;19;0
11-17-2009 19:51;7;0
11-17-2009 19:52;79;0
11-17-2009 19:53;40;0
11-17-2009 19:54;0;0
11-17-2009 19:55;1073;0
11-17-2009 19:56;149;0
11-17-2009 19:57;71;0
11-17-2009 19:58;234;0
11-17-2009 19:59;68;0
11-17-2009 20:00;143;0
11-17-2009 20:01;88;0
11-17-2009 20:02;125;0
11-17-2009 20:03;38;0
11-17-2009 20:04;134;0
11-17-2009 20:05;68;0
11-17-2009 20:06;15;0
11-17-2009 20:07;1039;0
11-17-2009 20:08;1614;1
11-17-2009 20:09;945;0
11-17-2009 20:10;1423;1
11-17-2009 20:11;833;0
11-17-2009 20:12;833;0
11-17-2009 20:13;733;0
11-17-2009 20:14;756;0
11-17-2009 20:15;756;0
11-17-2009 20:16;806;0
11-17-2009 20:17;781;0
11-17-2009 20:18;687;0
11-17-2009 20:19;756;0
11-17-2009 20:20;859;0
11-17-2009 20:21;1106;0
11-17-2009 20:22;566;0
11-17-2009 20:23;1515;1
11-17-2009 20:24;296;0
11-17-2009 20:25;82;0
11-17-2009 20:26;0;0
11-17-2009 20:27;43;0
11-17-2009 20:28;41;0
11-17-2009 20:29;40;0
11-17-2009 20:30;99;0
11-17-2009 20:31;59;0
11-17-2009 20:32;4;0
11-17-2009 20:33;0;0
11-17-2009 20:34;65;0
11-17-2009 20:35;4;0
11-17-2009 20:36;62;0
11-17-2009 20:37;94;0
11-17-2009 20:38;0;0
11-17-2009 20:39;129;0
11-17-2009 20:40;0;0
11-17-2009 20:41;22;0
11-17-2009 20:42;3;0
11-17-2009 20:43;0;0
11-17-2009 20:44;0;0
11-17-2009 20:45;18;0
11-17-2009 20:46;40;0
11-17-2009 20:47;0;0
11-17-2009 20:48;99;0
11-17-2009 20:49;9;0
11-17-2009 20:50;0;0
11-17-2009 20:51;0;0
11-17-2009 20:52;0;0
11-17-2009 20:53;0;0
11-17-2009 20:54;0;0
11-17-2009 20:55;26;0
11-17-2009 20:56;833;0
11-17-2009 20:57;316;0
11-17-2009 20:58;316;0
11-17-2009 20:59;296;0
11-17-2009 21:00;154;0
11-17-2009 21:01;197;0
11-17-2009 21:02;74;0
11-17-2009 21:03;53;0
11-17-2009 21:04;0;0
11-17-2009 21:05;71;0
11-17-2009 21:06;0;0
11-17-2009 21:07;178;0
11-17-2009 21:08;0;0
11-17-2009 21:09;197;0
11-17-2009 21:10;234;0
11-17-2009 21:11;327;0
11-17-2009 21:12;47;0
11-17-2009 21:13;143;0
11-17-2009 21:14;1255;1
11-17-2009 21:15;859;0
11-17-2009 21:16;806;0
11-17-2009 21:17;756;0
11-17-2009 21:18;566;0
11-17-2009 21:19;531;0
11-17-2009 21:20;103;0
11-17-2009 21:21;605;0
11-17-2009 21:22;410;0
11-17-2009 21:23;605;0
11-17-2009 21:24;624;0
11-17-2009 21:25;1106;0
11-17-2009 21:26;268;0
11-17-2009 21:27;756;0
11-17-2009 21:28;1106;0
11-17-2009 21:29;586;0
11-17-2009 21:30;515;0
11-17-2009 21:31;205;0
11-17-2009 21:32;166;0
11-17-2009 21:33;197;0
11-17-2009 21:34;205;0
11-17-2009 21:35;277;0
11-17-2009 21:36;453;0
11-17-2009 21:37;499;0
11-17-2009 21:38;143;0
11-17-2009 21:39;227;0
11-17-2009 21:40;268;0
11-17-2009 21:41;40;0
11-17-2009 21:42;47;0
11-17-2009 21:43;47;0
11-17-2009 21:44;47;0
11-17-2009 21:45;121;0
11-17-2009 21:46;85;0
11-17-2009 21:47;184;0
11-17-2009 21:48;327;0
11-17-2009 21:49;277;0
11-17-2009 21:50;212;0
11-17-2009 21:51;733;0
11-17-2009 21:52;624;0
11-17-2009 21:53;306;0
11-17-2009 21:54;296;0
11-17-2009 21:55;1178;1
11-17-2009 21:56;1073;0
11-17-2009 21:57;1106;0
11-17-2009 21:58;1178;1
11-17-2009 21:59;975;0
11-17-2009 22:00;915;0
11-17-2009 22:01;975;0
11-17-2009 22:02;915;0
11-17-2009 22:03;1006;0
11-17-2009 22:04;1255;1
11-17-2009 22:05;0;0
11-17-2009 22:06;12;0
11-17-2009 22:07;0;0
11-17-2009 22:08;0;0
11-17-2009 22:09;0;0
11-17-2009 22:10;3;0
11-17-2009 22:11;19;0
11-17-2009 22:12;129;0
11-17-2009 22:13;121;0
11-17-2009 22:14;586;0
11-17-2009 22:15;138;0
11-17-2009 22:16;160;0
11-17-2009 22:17;65;0
11-17-2009 22:18;0;0
11-17-2009 22:19;85;0
11-17-2009 22:20;25;0
11-17-2009 22:21;77;0
11-17-2009 22:22;16;0
11-17-2009 22:23;47;0
11-17-2009 22:24;0;0
11-17-2009 22:25;0;0
11-17-2009 22:26;15;0
11-17-2009 22:27;29;0
11-17-2009 22:28;62;0
11-17-2009 22:29;71;0
11-17-2009 22:30;21;0
11-17-2009 22:31;94;0
11-17-2009 22:32;88;0
11-17-2009 22:33;62;0
11-17-2009 22:34;35;0
11-17-2009 22:35;149;0
11-17-2009 22:36;82;0
11-17-2009 22:37;88;0
11-17-2009 22:38;219;0
11-17-2009 22:39;107;0
11-17-2009 22:40;53;0
11-17-2009 22:41;53;0
11-17-2009 22:42;68;0
11-17-2009 22:43;94;0
11-17-2009 22:44;0;0
11-17-2009 22:45;53;0
11-17-2009 22:46;22;0
11-17-2009 22:47;88;0
11-17-2009 22:48;41;0
11-17-2009 22:49;28;0
11-17-2009 22:50;71;0
11-17-2009 22:51;47;0
11-17-2009 22:52;234;0
11-17-2009 22:53;53;0
11-17-2009 22:54;50;0
11-17-2009 22:55;38;0
11-17-2009 22:56;12;0
11-17-2009 22:57;0;0
11-17-2009 22:58;125;0
11-17-2009 22:59;190;0
11-17-2009 23:00;47;0
11-17-2009 23:01;26;0
11-17-2009 23:02;19;0
11-17-2009 23:03;143;0
11-17-2009 23:04;285;0
11-17-2009 23:05;134;0
11-17-2009 23:06;166;0
11-17-2009 23:07;112;0
11-17-2009 23:08;227;0
11-17-2009 23:09;71;0
11-17-2009 23:10;259;0
11-17-2009 23:11;172;0
11-17-2009 23:12;62;0
11-17-2009 23:13;35;0
11-17-2009 23:14;121;0
11-17-2009 23:15;172;0
11-17-2009 23:16;77;0
11-17-2009 23:17;121;0
11-17-2009 23:18;0;0
11-17-2009 23:19;53;0
11-17-2009 23:20;85;0
11-17-2009 23:21;77;0
11-17-2009 23:22;129;0
11-17-2009 23:23;205;0
11-17-2009 23:24;28;0
11-17-2009 23:25;40;0
11-17-2009 23:26;337;0
11-17-2009 23:27;687;0
11-17-2009 23:28;605;0
11-17-2009 23:29;125;0
11-17-2009 23:30;277;0
11-17-2009 23:31;453;0
11-17-2009 23:32;499;0
11-17-2009 23:33;781;0
11-17-2009 23:34;453;0
11-17-2009 23:35;116;0
11-17-2009 23:36;12;0
11-17-2009 23:37;15;0
11-17-2009 23:38;0;0
11-17-2009 23:39;453;0
11-17-2009 23:40;644;0
11-17-2009 23:41;384;0
11-17-2009 23:42;499;0
11-17-2009 23:43;624;0
11-17-2009 23:44;453;0
11-17-2009 23:45;566;0
11-17-2009 23:46;586;0
11-17-2009 23:47;397;0
11-17-2009 23:48;424;0
11-17-2009 23:49;624;0
11-17-2009 23:50;665;0
11-17-2009 23:51;410;0
11-17-2009 23:52;605;0
11-17-2009 23:53;586;0
11-17-2009 23:54;349;0
11-17-2009 23:55;410;0
11-17-2009 23:56;154;0
11-17-2009 23:57;438;0
11-17-2009 23:58;499;0
11-17-2009 23:59;806;0
11-18-2009 00:00;887;0
11-18-2009 00:01;665;0
11-18-2009 00:02;531;0
11-18-2009 00:03;1073;0
11-18-2009 00:04;515;0
11-18-2009 00:05;349;0
11-18-2009 00:06;112;0
11-18-2009 00:07;197;0
11-18-2009 00:08;149;0
11-18-2009 00:09;197;0
11-18-2009 00:10;549;0
11-18-2009 00:11;1039;0
11-18-2009 00:12;1142;0
11-18-2009 00:13;0;0
11-18-2009 00:14;46;0
11-18-2009 00:15;31;0
11-18-2009 00:16;24;0
11-18-2009 00:17;0;0
11-18-2009 00:18;0;0
11-18-2009 00:19;0;0
11-18-2009 00:20;306;0
11-18-2009 00:21;0;0
11-18-2009 00:22;0;0
11-18-2009 00:23;205;0
11-18-2009 00:24;12;0
11-18-2009 00:25;0;0
11-18-2009 00:26;241;0
11-18-2009 00:27;3;0
11-18-2009 00:28;44;0
11-18-2009 00:29;337;0
11-18-2009 00:30;53;0
11-18-2009 00:31;35;0
11-18-2009 00:32;3;0
11-18-2009 00:33;0;0
11-18-2009 00:34;0;0
11-18-2009 00:35;0;0
11-18-2009 00:36;7;0
11-18-2009 00:37;483;0
11-18-2009 00:38;605;0
11-18-2009 00:39;0;0
11-18-2009 00:40;16;0
11-18-2009 00:41;43;0
11-18-2009 00:42;0;0
11-18-2009 00:43;0;0
11-18-2009 00:44;0;0
11-18-2009 00:45;0;0
11-18-2009 00:46;268;0
11-18-2009 00:47;9;0
11-18-2009 00:48;0;0
11-18-2009 00:49;0;0
11-18-2009 00:50;0;0
11-18-2009 00:51;0;0
11-18-2009 00:52;0;0
11-18-2009 00:53;0;0
11-18-2009 00:54;0;0
11-18-2009 00:55;0;0
11-18-2009 00:56;212;0
11-18-2009 00:57;644;0
11-18-2009 00:58;160;0
11-18-2009 00:59;47;0
11-18-2009 01:00;56;0
11-18-2009 01:01;241;0
11-18-2009 01:02;0;0
11-18-2009 01:03;0;0
11-18-2009 01:04;0;0
11-18-2009 01:05;0;0
11-18-2009 01:06;259;0
11-18-2009 01:07;219;0
11-18-2009 01:08;184;0
11-18-2009 01:09;483;0
11-18-2009 01:10;1295;1
11-18-2009 01:11;531;0
11-18-2009 01:12;644;0
11-18-2009 01:13;138;0
11-18-2009 01:14;112;0
11-18-2009 01:15;190;0
11-18-2009 01:16;79;0
11-18-2009 01:17;190;0
11-18-2009 01:18;44;0
11-18-2009 01:19;31;0
11-18-2009 01:20;154;0
11-18-2009 01:21;94;0
11-18-2009 01:22;53;0
11-18-2009 01:23;34;0
11-18-2009 01:24;160;0
11-18-2009 01:25;21;0
11-18-2009 01:26;94;0
11-18-2009 01:27;149;0
11-18-2009 01:28;3;0
11-18-2009 01:29;24;0
11-18-2009 01:30;62;0
11-18-2009 01:31;10;0
11-18-2009 01:32;24;0
11-18-2009 01:33;4;0
11-18-2009 01:34;4;0
11-18-2009 01:35;227;0
11-18-2009 01:36;121;0
11-18-2009 01:37;6;0
11-18-2009 01:38;7;0
11-18-2009 01:39;205;0
11-18-2009 01:40;121;0
11-18-2009 01:41;205;0
11-18-2009 01:42;43;0
11-18-2009 01:43;197;0
11-18-2009 01:44;77;0
11-18-2009 01:45;483;0
11-18-2009 01:46;1106;0
11-18-2009 01:47;134;0
11-18-2009 01:48;268;0
11-18-2009 01:49;372;0
11-18-2009 01:50;438;0
11-18-2009 01:51;143;0
11-18-2009 01:52;116;0
11-18-2009 01:53;71;0
11-18-2009 01:54;82;0
11-18-2009 01:55;184;0
11-18-2009 01:56;47;0
11-18-2009 01:57;4;0
11-18-2009 01:58;4;0
11-18-2009 01:59;13;0
11-18-2009 02:00;4;0
11-18-2009 02:01;4;0
11-18-2009 02:02;4;0
11-18-2009 02:03;4;0
11-18-2009 02:04;79;0
11-18-2009 02:05;143;0
11-18-2009 02:06;40;0
11-18-2009 02:07;184;0
11-18-2009 02:08;99;0
11-18-2009 02:09;35;0
11-18-2009 02:10;9;0
11-18-2009 02:11;3;0
11-18-2009 02:12;9;0
11-18-2009 02:13;3;0
11-18-2009 02:14;40;0
11-18-2009 02:15;1142;0
11-18-2009 02:16;1336;1
11-18-2009 02:17;349;0
11-18-2009 02:18;71;0
11-18-2009 02:19;143;0
11-18-2009 02:20;134;0
11-18-2009 02:21;268;0
11-18-2009 02:22;0;0
11-18-2009 02:23;0;0
11-18-2009 02:24;7;0
11-18-2009 02:25;3;0
11-18-2009 02:26;0;0
11-18-2009 02:27;0;0
11-18-2009 02:28;0;0
11-18-2009 02:29;781;0
11-18-2009 02:30;112;0
11-18-2009 02:31;107;0
11-18-2009 02:32;7;0
11-18-2009 02:33;0;0
11-18-2009 02:34;0;0
11-18-2009 02:35;0;0
11-18-2009 02:36;9;0
11-18-2009 02:37;9;0
11-18-2009 02:38;7;0
11-18-2009 02:39;7;0
11-18-2009 02:40;7;0
11-18-2009 02:41;327;0
11-18-2009 02:42;22;0
11-18-2009 02:43;0;0
11-18-2009 02:44;0;0
11-18-2009 02:45;4;0
11-18-2009 02:46;3;0
11-18-2009 02:47;7;0
11-18-2009 02:48;372;0
11-18-2009 02:49;125;0
11-18-2009 02:50;4;0
11-18-2009 02:51;116;0
11-18-2009 02:52;4;0
11-18-2009 02:53;4;0
11-18-2009 02:54;4;0
11-18-2009 02:55;4;0
11-18-2009 02:56;4;0
11-18-2009 02:57;4;0
11-18-2009 02:58;4;0
11-18-2009 02:59;4;0
11-18-2009 03:00;4;0
11-18-2009 03:01;6;0
11-18-2009 03:02;4;0
11-18-2009 03:03;10;0
11-18-2009 03:04;4;0
11-18-2009 03:05;4;0
11-18-2009 03:06;4;0
11-18-2009 03:07;4;0
11-18-2009 03:08;4;0
11-18-2009 03:09;4;0
11-18-2009 03:10;4;0
11-18-2009 03:11;4;0
11-18-2009 03:12;4;0
11-18-2009 03:13;3;0
11-18-2009 03:14;116;0
11-18-2009 03:15;34;0
11-18-2009 03:16;3;0
11-18-2009 03:17;12;0
11-18-2009 03:18;4;0
11-18-2009 03:19;3;0
11-18-2009 03:20;7;0
11-18-2009 03:21;3;0
11-18-2009 03:22;3;0
11-18-2009 03:23;28;0
11-18-2009 03:24;25;0
11-18-2009 03:25;10;0
11-18-2009 03:26;107;0
11-18-2009 03:27;143;0
11-18-2009 03:28;10;0
11-18-2009 03:29;6;0
11-18-2009 03:30;6;0
11-18-2009 03:31;6;0
11-18-2009 03:32;3;0
11-18-2009 03:33;6;0
11-18-2009 03:34;6;0
11-18-2009 03:35;6;0
11-18-2009 03:36;32;0
11-18-2009 03:37;4;0
11-18-2009 03:38;4;0
11-18-2009 03:39;4;0
11-18-2009 03:40;4;0
11-18-2009 03:41;4;0
11-18-2009 03:42;6;0
11-18-2009 03:43;15;0
11-18-2009 03:44;94;0
11-18-2009 03:45;15;0
11-18-2009 03:46;6;0
11-18-2009 03:47;6;0
11-18-2009 03:48;6;0
11-18-2009 03:49;6;0
11-18-2009 03:50;6;0
11-18-2009 03:51;6;0
11-18-2009 03:52;68;0
11-18-2009 03:53;424;0
11-18-2009 03:54;99;0
11-18-2009 03:55;7;0
11-18-2009 03:56;6;0
11-18-2009 03:57;4;0
11-18-2009 03:58;10;0
11-18-2009 03:59;4;0
11-18-2009 04:00;0;0
11-18-2009 04:01;0;0
11-18-2009 04:02;3;0
11-18-2009 04:03;3;0
11-18-2009 04:04;3;0
11-18-2009 04:05;0;0
11-18-2009 04:06;0;0
11-18-2009 04:07;0;0
11-18-2009 04:08;9;0
11-18-2009 04:09;219;0
11-18-2009 04:10;10;0
11-18-2009 04:11;0;0
11-18-2009 04:12;0;0
11-18-2009 04:13;21;0
11-18-2009 04:14;4;0
11-18-2009 04:15;22;0
11-18-2009 04:16;0;0
11-18-2009 04:17;7;0
11-18-2009 04:18;0;0
11-18-2009 04:19;0;0
11-18-2009 04:20;12;0
11-18-2009 04:21;134;0
11-18-2009 04:22;0;0
11-18-2009 04:23;0;0
11-18-2009 04:24;0;0
11-18-2009 04:25;0;0
11-18-2009 04:26;85;0
11-18-2009 04:27;22;0
11-18-2009 04:28;0;0
11-18-2009 04:29;0;0
11-18-2009 04:30;0;0
11-18-2009 04:31;0;0
11-18-2009 04:32;6;0
11-18-2009 04:33;0;0
11-18-2009 04:34;0;0
11-18-2009 04:35;0;0
11-18-2009 04:36;0;0
11-18-2009 04:37;205;0
11-18-2009 04:38;112;0
11-18-2009 04:39;18;0
11-18-2009 04:40;6;0
11-18-2009 04:41;4;0
11-18-2009 04:42;56;0
11-18-2009 04:43;6;0
11-18-2009 04:44;99;0
11-18-2009 04:45;6;0
11-18-2009 04:46;6;0
11-18-2009 04:47;6;0
11-18-2009 04:48;6;0
11-18-2009 04:49;6;0
11-18-2009 04:50;6;0
11-18-2009 04:51;6;0
11-18-2009 04:52;4;0
11-18-2009 04:53;6;0
11-18-2009 04:54;6;0
11-18-2009 04:55;6;0
11-18-2009 04:56;9;0
11-18-2009 04:57;4;0
11-18-2009 04:58;6;0
11-18-2009 04:59;6;0
11-18-2009 05:00;6;0
11-18-2009 05:01;6;0
11-18-2009 05:02;10;0
11-18-2009 05:03;6;0
11-18-2009 05:04;6;0
11-18-2009 05:05;6;0
11-18-2009 05:06;6;0
11-18-2009 05:07;6;0
11-18-2009 05:08;6;0
11-18-2009 05:09;6;0
11-18-2009 05:10;6;0
11-18-2009 05:11;22;0
11-18-2009 05:12;6;0
11-18-2009 05:13;6;0
11-18-2009 05:14;6;0
11-18-2009 05:15;6;0
11-18-2009 05:16;6;0
11-18-2009 05:17;6;0
11-18-2009 05:18;6;0
11-18-2009 05:19;12;0
11-18-2009 05:20;6;0
11-18-2009 05:21;6;0
11-18-2009 05:22;6;0
11-18-2009 05:23;6;0
11-18-2009 05:24;6;0
11-18-2009 05:25;6;0
11-18-2009 05:26;6;0
11-18-2009 05:27;6;0
11-18-2009 05:28;6;0
11-18-2009 05:29;6;0
11-18-2009 05:30;6;0
11-18-2009 05:31;6;0
11-18-2009 05:32;6;0
11-18-2009 05:33;6;0
11-18-2009 05:34;6;0
11-18-2009 05:35;6;0
11-18-2009 05:36;6;0
11-18-2009 05:37;6;0
11-18-2009 05:38;197;0
11-18-2009 05:39;71;0
11-18-2009 05:40;7;0
11-18-2009 05:41;6;0
11-18-2009 05:42;4;0
11-18-2009 05:43;4;0
11-18-2009 05:44;4;0
11-18-2009 05:45;4;0
11-18-2009 05:46;4;0
11-18-2009 05:47;4;0
11-18-2009 05:48;4;0
11-18-2009 05:49;4;0
11-18-2009 05:50;4;0
11-18-2009 05:51;4;0
11-18-2009 05:52;4;0
11-18-2009 05:53;4;0
11-18-2009 05:54;65;0
11-18-2009 05:55;21;0
11-18-2009 05:56;4;0
11-18-2009 05:57;4;0
11-18-2009 05:58;4;0
11-18-2009 05:59;4;0
11-18-2009 06:00;28;0
11-18-2009 06:01;4;0
11-18-2009 06:02;4;0
11-18-2009 06:03;44;0
11-18-2009 06:04;53;0
11-18-2009 06:05;4;0
11-18-2009 06:06;4;0
11-18-2009 06:07;4;0
11-18-2009 06:08;4;0
11-18-2009 06:09;4;0
11-18-2009 06:10;82;0
11-18-2009 06:11;116;0
11-18-2009 06:12;68;0
11-18-2009 06:13;6;0
11-18-2009 06:14;65;0
11-18-2009 06:15;4;0
11-18-2009 06:16;50;0
11-18-2009 06:17;19;0
11-18-2009 06:18;19;0
11-18-2009 06:19;34;0
11-18-2009 06:20;4;0
11-18-2009 06:21;9;0
11-18-2009 06:22;12;0
11-18-2009 06:23;4;0
11-18-2009 06:24;4;0
11-18-2009 06:25;4;0
11-18-2009 06:26;4;0
11-18-2009 06:27;4;0
11-18-2009 06:28;4;0
11-18-2009 06:29;4;0
11-18-2009 06:30;4;0
11-18-2009 06:31;4;0
11-18-2009 06:32;4;0
11-18-2009 06:33;4;0
11-18-2009 06:34;4;0
11-18-2009 06:35;4;0
11-18-2009 06:36;4;0
11-18-2009 06:37;4;0
11-18-2009 06:38;4;0
11-18-2009 06:39;4;0
11-18-2009 06:40;4;0
11-18-2009 06:41;4;0
11-18-2009 06:42;4;0
11-18-2009 06:43;40;0
11-18-2009 06:44;6;0
11-18-2009 06:45;29;0
11-18-2009 06:46;4;0
11-18-2009 06:47;4;0
11-18-2009 06:48;4;0
11-18-2009 06:49;4;0
11-18-2009 06:50;4;0
11-18-2009 06:51;4;0
11-18-2009 06:52;4;0
11-18-2009 06:53;4;0
11-18-2009 06:54;4;0
11-18-2009 06:55;4;0
11-18-2009 06:56;4;0
11-18-2009 06:57;4;0
11-18-2009 06:58;4;0
11-18-2009 06:59;4;0
11-18-2009 07:00;4;0
11-18-2009 07:01;88;0
11-18-2009 07:02;4;0
11-18-2009 07:03;6;0
11-18-2009 07:04;6;0
11-18-2009 07:05;4;0
11-18-2009 07:06;4;0
11-18-2009 07:07;6;0
11-18-2009 07:08;6;0
11-18-2009 07:09;6;0
11-18-2009 07:10;6;0
11-18-2009 07:11;6;0
11-18-2009 07:12;6;0
11-18-2009 07:13;129;0
11-18-2009 07:14;10;0
11-18-2009 07:15;6;0
11-18-2009 07:16;6;0
11-18-2009 07:17;6;0
11-18-2009 07:18;178;0
11-18-2009 07:19;99;0
11-18-2009 07:20;134;0
11-18-2009 07:21;13;0
11-18-2009 07:22;26;0
11-18-2009 07:23;6;0
11-18-2009 07:24;6;0
11-18-2009 07:25;7;0
11-18-2009 07:26;7;0
11-18-2009 07:27;7;0
11-18-2009 07:28;7;0
11-18-2009 07:29;7;0
11-18-2009 07:30;7;0
11-18-2009 07:31;59;0
11-18-2009 07:32;219;0
11-18-2009 07:33;190;0
11-18-2009 07:34;3;0
11-18-2009 07:35;0;0
11-18-2009 07:36;29;0
11-18-2009 07:37;4;0
11-18-2009 07:38;6;0
11-18-2009 07:39;4;0
11-18-2009 07:40;6;0
11-18-2009 07:41;6;0
11-18-2009 07:42;6;0
11-18-2009 07:43;6;0
11-18-2009 07:44;6;0
11-18-2009 07:45;227;0
11-18-2009 07:46;12;0
11-18-2009 07:47;12;0
11-18-2009 07:48;18;0
11-18-2009 07:49;6;0
11-18-2009 07:50;47;0
11-18-2009 07:51;10;0
11-18-2009 07:52;7;0
11-18-2009 07:53;6;0
11-18-2009 07:54;6;0
11-18-2009 07:55;24;0
11-18-2009 07:56;7;0
11-18-2009 07:57;7;0
11-18-2009 07:58;12;0
11-18-2009 07:59;26;0
11-18-2009 08:00;349;0
11-18-2009 08:01;47;0
11-18-2009 08:02;9;0
11-18-2009 08:03;7;0
11-18-2009 08:04;6;0
11-18-2009 08:05;6;0
11-18-2009 08:06;6;0
11-18-2009 08:07;6;0
11-18-2009 08:08;6;0
11-18-2009 08:09;6;0
11-18-2009 08:10;4;0
11-18-2009 08:11;6;0
11-18-2009 08:12;4;0
11-18-2009 08:13;6;0
11-18-2009 08:14;6;0
11-18-2009 08:15;6;0
11-18-2009 08:16;6;0
11-18-2009 08:17;6;0
11-18-2009 08:18;6;0
11-18-2009 08:19;6;0
11-18-2009 08:20;6;0
11-18-2009 08:21;4;0
11-18-2009 08:22;13;0
11-18-2009 08:23;6;0
11-18-2009 08:24;6;0
11-18-2009 08:25;6;0
11-18-2009 08:26;6;0
11-18-2009 08:27;4;0
11-18-2009 08:28;6;0
11-18-2009 08:29;138;0
11-18-2009 08:30;143;0
11-18-2009 08:31;10;0
11-18-2009 08:32;4;0
11-18-2009 08:33;277;0
11-18-2009 08:34;12;0
11-18-2009 08:35;10;0
11-18-2009 08:36;4;0
11-18-2009 08:37;4;0
11-18-2009 08:38;4;0
11-18-2009 08:39;107;0
11-18-2009 08:40;219;0
11-18-2009 08:41;22;0
11-18-2009 08:42;4;0
11-18-2009 08:43;4;0
11-18-2009 08:44;34;0
11-18-2009 08:45;4;0
11-18-2009 08:46;4;0
11-18-2009 08:47;4;0
11-18-2009 08:48;4;0
11-18-2009 08:49;99;0
11-18-2009 08:50;372;0
11-18-2009 08:51;12;0
11-18-2009 08:52;9;0
11-18-2009 08:53;4;0
11-18-2009 08:54;43;0
11-18-2009 08:55;13;0
11-18-2009 08:56;9;0
11-18-2009 08:57;4;0
11-18-2009 08:58;10;0
11-18-2009 08:59;71;0
11-18-2009 09:00;116;0
11-18-2009 09:01;6;0
11-18-2009 09:02;4;0
11-18-2009 09:03;50;0
11-18-2009 09:04;4;0
11-18-2009 09:05;6;0
11-18-2009 09:06;35;0
11-18-2009 09:07;6;0
11-18-2009 09:08;4;0
11-18-2009 09:09;43;0
11-18-2009 09:10;190;0
11-18-2009 09:11;9;0
11-18-2009 09:12;3;0
11-18-2009 09:13;99;0
11-18-2009 09:14;1614;1
11-18-2009 09:15;85;0
11-18-2009 09:16;35;0
11-18-2009 09:17;15;0
11-18-2009 09:18;15;0
11-18-2009 09:19;21;0
11-18-2009 09:20;0;0
11-18-2009 09:21;9;0
11-18-2009 09:22;15;0
11-18-2009 09:23;15;0
11-18-2009 09:24;13;0
11-18-2009 09:25;16;0
11-18-2009 09:26;12;0
11-18-2009 09:27;15;0
11-18-2009 09:28;13;0
11-18-2009 09:29;15;0
11-18-2009 09:30;13;0
11-18-2009 09:31;687;0
11-18-2009 09:32;709;0
11-18-2009 09:33;453;0
11-18-2009 09:34;397;0
11-18-2009 09:35;915;0
11-18-2009 09:36;1614;1
11-18-2009 09:37;2828;1
11-18-2009 09:38;2657;1
11-18-2009 09:39;1336;1
11-18-2009 09:40;1142;0
11-18-2009 09:41;915;0
11-18-2009 09:42;1665;1
11-18-2009 09:43;1073;0
11-18-2009 09:44;1106;0
11-18-2009 09:45;1515;1
11-18-2009 09:46;1217;0
11-18-2009 09:47;372;0
11-18-2009 09:48;605;0
11-18-2009 09:49;337;0
11-18-2009 09:50;50;0
11-18-2009 09:51;47;0
11-18-2009 09:52;79;0
11-18-2009 09:53;53;0
11-18-2009 09:54;531;0
11-18-2009 09:55;1217;0
11-18-2009 09:56;915;0
11-18-2009 09:57;1468;1
11-18-2009 09:58;483;0
11-18-2009 09:59;756;0
11-18-2009 10:00;887;0
11-18-2009 10:01;384;0
11-18-2009 10:02;709;0
11-18-2009 10:03;397;0
11-18-2009 10:04;566;0
11-18-2009 10:05;1217;0
11-18-2009 10:06;219;0
11-18-2009 10:07;410;0
11-18-2009 10:08;483;0
11-18-2009 10:09;212;0
11-18-2009 10:10;360;0
11-18-2009 10:11;184;0
11-18-2009 10:12;15;0
11-18-2009 10:13;285;0
11-18-2009 10:14;397;0
11-18-2009 10:15;227;0
11-18-2009 10:16;227;0
11-18-2009 10:17;499;0
11-18-2009 10:18;372;0
11-18-2009 10:19;453;0
11-18-2009 10:20;372;0
11-18-2009 10:21;859;0
11-18-2009 10:22;975;0
11-18-2009 10:23;1006;0
11-18-2009 10:24;483;0
11-18-2009 10:25;166;0
11-18-2009 10:26;1379;1
11-18-2009 10:27;1614;1
11-18-2009 10:28;1178;1
11-18-2009 10:29;1106;0
11-18-2009 10:30;733;0
11-18-2009 10:31;733;0
11-18-2009 10:32;806;0
11-18-2009 10:33;687;0
11-18-2009 10:34;756;0
11-18-2009 10:35;424;0
11-18-2009 10:36;1073;0
11-18-2009 10:37;1073;0
11-18-2009 10:38;384;0
11-18-2009 10:39;129;0
11-18-2009 10:40;197;0
11-18-2009 10:41;531;0
11-18-2009 10:42;166;0
11-18-2009 10:43;531;0
11-18-2009 10:44;566;0
11-18-2009 10:45;806;0
11-18-2009 10:46;644;0
11-18-2009 10:47;733;0
11-18-2009 10:48;945;0
11-18-2009 10:49;915;0
11-18-2009 10:50;1255;1
11-18-2009 10:51;733;0
11-18-2009 10:52;1073;0
11-18-2009 10:53;1217;0
11-18-2009 10:54;1255;1
11-18-2009 10:55;1178;1
11-18-2009 10:56;605;0
11-18-2009 10:57;285;0
11-18-2009 10:58;453;0
11-18-2009 10:59;586;0
11-18-2009 11:00;483;0
11-18-2009 11:01;250;0
11-18-2009 11:02;586;0
11-18-2009 11:03;624;0
11-18-2009 11:04;756;0
11-18-2009 11:05;296;0
11-18-2009 11:06;453;0
11-18-2009 11:07;531;0
11-18-2009 11:08;483;0
11-18-2009 11:09;372;0
11-18-2009 11:10;306;0
11-18-2009 11:11;397;0
11-18-2009 11:12;438;0
11-18-2009 11:13;424;0
11-18-2009 11:14;515;0
11-18-2009 11:15;483;0
11-18-2009 11:16;438;0
11-18-2009 11:17;268;0
11-18-2009 11:18;372;0
11-18-2009 11:19;566;0
11-18-2009 11:20;945;0
11-18-2009 11:21;915;0
11-18-2009 11:22;499;0
11-18-2009 11:23;733;0
11-18-2009 11:24;1217;0
11-18-2009 11:25;160;0
11-18-2009 11:26;453;0
11-18-2009 11:27;453;0
11-18-2009 11:28;624;0
11-18-2009 11:29;1039;0
11-18-2009 11:30;1142;0
11-18-2009 11:31;1142;0
11-18-2009 11:32;975;0
11-18-2009 11:33;605;0
11-18-2009 11:34;1217;0
11-18-2009 11:35;945;0
11-18-2009 11:36;945;0
11-18-2009 11:37;781;0
11-18-2009 11:38;549;0
11-18-2009 11:39;975;0
11-18-2009 11:40;1665;1
11-18-2009 11:41;499;0
11-18-2009 11:42;149;0
11-18-2009 11:43;468;0
11-18-2009 11:44;665;0
11-18-2009 11:45;316;0
11-18-2009 11:46;234;0
11-18-2009 11:47;499;0
11-18-2009 11:48;915;0
11-18-2009 11:49;1217;0
11-18-2009 11:50;915;0
11-18-2009 11:51;112;0
11-18-2009 11:52;13;0
11-18-2009 11:53;22;0
11-18-2009 11:54;227;0
11-18-2009 11:55;12;0
11-18-2009 11:56;121;0
11-18-2009 11:57;138;0
11-18-2009 11:58;160;0
11-18-2009 11:59;687;0
11-18-2009 12:00;1295;1
11-18-2009 12:01;1614;1
11-18-2009 12:02;1178;1
11-18-2009 12:03;1006;0
11-18-2009 12:04;859;0
11-18-2009 12:05;709;0
11-18-2009 12:06;624;0
11-18-2009 12:07;1106;0
11-18-2009 12:08;1379;1
11-18-2009 12:09;945;0
11-18-2009 12:10;1665;1
11-18-2009 12:11;1515;1
11-18-2009 12:12;397;0
11-18-2009 12:13;781;0
11-18-2009 12:14;975;0
11-18-2009 12:15;915;0
11-18-2009 12:16;1379;1
11-18-2009 12:17;687;0
11-18-2009 12:18;1217;0
11-18-2009 12:19;644;0
11-18-2009 12:20;190;0
11-18-2009 12:21;112;0
11-18-2009 12:22;397;0
11-18-2009 12:23;1006;0
11-18-2009 12:24;1255;1
11-18-2009 12:25;975;0
11-18-2009 12:26;756;0
11-18-2009 12:27;1006;0
11-18-2009 12:28;1255;1
11-18-2009 12:29;1295;1
11-18-2009 12:30;360;0
11-18-2009 12:31;453;0
11-18-2009 12:32;453;0
11-18-2009 12:33;259;0
11-18-2009 12:34;384;0
11-18-2009 12:35;79;0
11-18-2009 12:36;219;0
11-18-2009 12:37;219;0
11-18-2009 12:38;234;0
11-18-2009 12:39;349;0
11-18-2009 12:40;12;0
11-18-2009 12:41;4;0
11-18-2009 12:42;4;0
11-18-2009 12:43;0;0
11-18-2009 12:44;549;0
11-18-2009 12:45;50;0
11-18-2009 12:46;499;0
11-18-2009 12:47;586;0
11-18-2009 12:48;121;0
11-18-2009 12:49;13;0
11-18-2009 12:50;65;0
11-18-2009 12:51;32;0
11-18-2009 12:52;34;0
11-18-2009 12:53;125;0
11-18-2009 12:54;149;0
11-18-2009 12:55;397;0
11-18-2009 12:56;531;0
11-18-2009 12:57;733;0
11-18-2009 12:58;859;0
11-18-2009 12:59;624;0
11-18-2009 13:00;160;0
11-18-2009 13:01;134;0
11-18-2009 13:02;549;0
11-18-2009 13:03;1255;1
11-18-2009 13:04;1073;0
11-18-2009 13:05;709;0
11-18-2009 13:06;296;0
11-18-2009 13:07;1039;0
11-18-2009 13:08;781;0
11-18-2009 13:09;624;0
11-18-2009 13:10;586;0
11-18-2009 13:11;586;0
11-18-2009 13:12;438;0
11-18-2009 13:13;107;0
11-18-2009 13:14;515;0
11-18-2009 13:15;143;0
11-18-2009 13:16;296;0
11-18-2009 13:17;397;0
11-18-2009 13:18;468;0
11-18-2009 13:19;74;0
11-18-2009 13:20;21;0
11-18-2009 13:21;103;0
11-18-2009 13:22;134;0
11-18-2009 13:23;82;0
11-18-2009 13:24;149;0
11-18-2009 13:25;99;0
11-18-2009 13:26;99;0
11-18-2009 13:27;143;0
11-18-2009 13:28;250;0
11-18-2009 13:29;586;0
11-18-2009 13:30;1039;0
11-18-2009 13:31;975;0
11-18-2009 13:32;1142;0
11-18-2009 13:33;1039;0
11-18-2009 13:34;1106;0
11-18-2009 13:35;833;0
11-18-2009 13:36;1006;0
11-18-2009 13:37;1106;0
11-18-2009 13:38;687;0
11-18-2009 13:39;781;0
11-18-2009 13:40;665;0
11-18-2009 13:41;945;0
11-18-2009 13:42;1106;0
11-18-2009 13:43;733;0
11-18-2009 13:44;887;0
11-18-2009 13:45;1773;1
11-18-2009 13:46;945;0
11-18-2009 13:47;1515;1
11-18-2009 13:48;806;0
11-18-2009 13:49;2008;1
11-18-2009 13:50;531;0
11-18-2009 13:51;733;0
11-18-2009 13:52;549;0
11-18-2009 13:53;453;0
11-18-2009 13:54;483;0
11-18-2009 13:55;1379;1
11-18-2009 13:56;1178;1
11-18-2009 13:57;1718;1
11-18-2009 13:58;1564;1
11-18-2009 13:59;1106;0
11-18-2009 14:00;1423;1
11-18-2009 14:01;1178;1
11-18-2009 14:02;806;0
11-18-2009 14:03;372;0
11-18-2009 14:04;85;0
11-18-2009 14:05;134;0
11-18-2009 14:06;566;0
11-18-2009 14:07;756;0
11-18-2009 14:08;296;0
11-18-2009 14:09;46;0
11-18-2009 14:10;397;0
11-18-2009 14:11;644;0
11-18-2009 14:12;103;0
11-18-2009 14:13;499;0
11-18-2009 14:14;47;0
11-18-2009 14:15;15;0
11-18-2009 14:16;62;0
11-18-2009 14:17;50;0
11-18-2009 14:18;166;0
11-18-2009 14:19;143;0
11-18-2009 14:20;806;0
11-18-2009 14:21;833;0
11-18-2009 14:22;709;0
11-18-2009 14:23;915;0
11-18-2009 14:24;975;0
11-18-2009 14:25;806;0
11-18-2009 14:26;1379;1
11-18-2009 14:27;1039;0
11-18-2009 14:28;781;0
11-18-2009 14:29;756;0
11-18-2009 14:30;806;0
11-18-2009 14:31;566;0
11-18-2009 14:32;687;0
11-18-2009 14:33;644;0
11-18-2009 14:34;1217;0
11-18-2009 14:35;806;0
11-18-2009 14:36;1106;0
11-18-2009 14:37;453;0
11-18-2009 14:38;397;0
11-18-2009 14:39;499;0
11-18-2009 14:40;296;0
11-18-2009 14:41;360;0
11-18-2009 14:42;499;0
11-18-2009 14:43;453;0
11-18-2009 14:44;56;0
11-18-2009 14:45;212;0
11-18-2009 14:46;85;0
11-18-2009 14:47;360;0
11-18-2009 14:48;285;0
11-18-2009 14:49;499;0
11-18-2009 14:50;781;0
11-18-2009 14:51;915;0
11-18-2009 14:52;424;0
11-18-2009 14:53;453;0
11-18-2009 14:54;468;0
11-18-2009 14:55;756;0
11-18-2009 14:56;915;0
11-18-2009 14:57;1073;0
11-18-2009 14:58;1073;0
11-18-2009 14:59;605;0
11-18-2009 15:00;37;0
11-18-2009 15:01;19;0
11-18-2009 15:02;91;0
11-18-2009 15:03;40;0
11-18-2009 15:04;59;0
11-18-2009 15:05;483;0
11-18-2009 15:06;91;0
11-18-2009 15:07;53;0
11-18-2009 15:08;88;0
11-18-2009 15:09;65;0
11-18-2009 15:10;18;0
11-18-2009 15:11;32;0
11-18-2009 15:12;40;0
11-18-2009 15:13;134;0
11-18-2009 15:14;94;0
11-18-2009 15:15;53;0
11-18-2009 15:16;166;0
11-18-2009 15:17;99;0
11-18-2009 15:18;103;0
11-18-2009 15:19;79;0
11-18-2009 15:20;259;0
11-18-2009 15:21;1039;0
11-18-2009 15:22;1039;0
11-18-2009 15:23;709;0
11-18-2009 15:24;116;0
11-18-2009 15:25;250;0
11-18-2009 15:26;1142;0
11-18-2009 15:27;327;0
11-18-2009 15:28;499;0
11-18-2009 15:29;833;0
11-18-2009 15:30;644;0
11-18-2009 15:31;35;0
11-18-2009 15:32;19;0
11-18-2009 15:33;19;0
11-18-2009 15:34;85;0
11-18-2009 15:35;16;0
11-18-2009 15:36;18;0
11-18-2009 15:37;16;0
11-18-2009 15:38;16;0
11-18-2009 15:39;16;0
11-18-2009 15:40;190;0
11-18-2009 15:41;143;0
11-18-2009 15:42;134;0
11-18-2009 15:43;37;0
11-18-2009 15:44;112;0
11-18-2009 15:45;68;0
11-18-2009 15:46;34;0
11-18-2009 15:47;15;0
11-18-2009 15:48;15;0
11-18-2009 15:49;138;0
11-18-2009 15:50;166;0
11-18-2009 15:51;99;0
11-18-2009 15:52;212;0
11-18-2009 15:53;99;0
11-18-2009 15:54;296;0
11-18-2009 15:55;50;0
11-18-2009 15:56;15;0
11-18-2009 15:57;15;0
11-18-2009 15:58;103;0
11-18-2009 15:59;26;0
11-18-2009 16:00;18;0
11-18-2009 16:01;16;0
11-18-2009 16:02;16;0
11-18-2009 16:03;16;0
11-18-2009 16:04;149;0
11-18-2009 16:05;28;0
11-18-2009 16:06;21;0
11-18-2009 16:07;24;0
11-18-2009 16:08;35;0
11-18-2009 16:09;19;0
11-18-2009 16:10;116;0
11-18-2009 16:11;79;0
11-18-2009 16:12;65;0
11-18-2009 16:13;18;0
11-18-2009 16:14;337;0
11-18-2009 16:15;859;0
11-18-2009 16:16;1886;1
11-18-2009 16:17;665;0
11-18-2009 16:18;1665;1
11-18-2009 16:19;531;0
11-18-2009 16:20;1039;0
11-18-2009 16:21;1006;0
11-18-2009 16:22;1718;1
11-18-2009 16:23;1564;1
11-18-2009 16:24;945;0
11-18-2009 16:25;945;0
11-18-2009 16:26;1106;0
11-18-2009 16:27;1336;1
11-18-2009 16:28;1142;0
11-18-2009 16:29;499;0
11-18-2009 16:30;1423;1
11-18-2009 16:31;1423;1
11-18-2009 16:32;438;0
11-18-2009 16:33;71;0
11-18-2009 16:34;65;0
11-18-2009 16:35;41;0
11-18-2009 16:36;410;0
11-18-2009 16:37;605;0
11-18-2009 16:38;149;0
11-18-2009 16:39;116;0
11-18-2009 16:40;116;0
11-18-2009 16:41;82;0
11-18-2009 16:42;178;0
11-18-2009 16:43;125;0
11-18-2009 16:44;296;0
11-18-2009 16:45;468;0
11-18-2009 16:46;125;0
11-18-2009 16:47;85;0
11-18-2009 16:48;154;0
11-18-2009 16:49;205;0
11-18-2009 16:50;62;0
11-18-2009 16:51;154;0
11-18-2009 16:52;28;0
11-18-2009 16:53;337;0
11-18-2009 16:54;125;0
11-18-2009 16:55;172;0
11-18-2009 16:56;50;0
11-18-2009 16:57;18;0
11-18-2009 16:58;46;0
11-18-2009 16:59;44;0
11-18-2009 17:00;410;0
11-18-2009 17:01;915;0
11-18-2009 17:02;337;0
11-18-2009 17:03;21;0
11-18-2009 17:04;644;0
11-18-2009 17:05;1336;1
11-18-2009 17:06;1006;0
11-18-2009 17:07;1073;0
11-18-2009 17:08;781;0
11-18-2009 17:09;531;0
11-18-2009 17:10;349;0
11-18-2009 17:11;138;0
11-18-2009 17:12;327;0
11-18-2009 17:13;138;0
11-18-2009 17:14;197;0
11-18-2009 17:15;47;0
11-18-2009 17:16;129;0
11-18-2009 17:17;306;0
11-18-2009 17:18;384;0
11-18-2009 17:19;250;0
11-18-2009 17:20;26;0
11-18-2009 17:21;107;0
11-18-2009 17:22;18;0
11-18-2009 17:23;88;0
11-18-2009 17:24;12;0
11-18-2009 17:25;79;0
11-18-2009 17:26;99;0
11-18-2009 17:27;268;0
11-18-2009 17:28;1255;1
11-18-2009 17:29;1178;1
11-18-2009 17:30;1073;0
11-18-2009 17:31;1423;1
11-18-2009 17:32;1614;1
11-18-2009 17:33;1106;0
11-18-2009 17:34;1379;1
11-18-2009 17:35;1255;1
11-18-2009 17:36;1515;1
11-18-2009 17:37;1178;1
11-18-2009 17:38;1217;0
11-18-2009 17:39;1515;1
11-18-2009 17:40;1295;1
11-18-2009 17:41;1073;0
11-18-2009 17:42;1217;0
11-18-2009 17:43;833;0
11-18-2009 17:44;234;0
11-18-2009 17:45;349;0
11-18-2009 17:46;178;0
11-18-2009 17:47;212;0
11-18-2009 17:48;756;0
11-18-2009 17:49;915;0
11-18-2009 17:50;733;0
11-18-2009 17:51;975;0
11-18-2009 17:52;1142;0
11-18-2009 17:53;859;0
11-18-2009 17:54;306;0
11-18-2009 17:55;349;0
11-18-2009 17:56;397;0
11-18-2009 17:57;1295;1
11-18-2009 17:58;531;0
11-18-2009 17:59;424;0
11-18-2009 18:00;166;0
11-18-2009 18:01;166;0
11-18-2009 18:02;349;0
11-18-2009 18:03;453;0
11-18-2009 18:04;259;0
11-18-2009 18:05;53;0
11-18-2009 18:06;781;0
11-18-2009 18:07;410;0
11-18-2009 18:08;515;0
11-18-2009 18:09;172;0
11-18-2009 18:10;438;0
11-18-2009 18:11;234;0
11-18-2009 18:12;360;0
11-18-2009 18:13;316;0
11-18-2009 18:14;586;0
11-18-2009 18:15;644;0
11-18-2009 18:16;1073;0
11-18-2009 18:17;453;0
11-18-2009 18:18;605;0
11-18-2009 18:19;1379;1
11-18-2009 18:20;624;0
11-18-2009 18:21;88;0
11-18-2009 18:22;285;0
11-18-2009 18:23;624;0
11-18-2009 18:24;833;0
11-18-2009 18:25;945;0
11-18-2009 18:26;62;0
11-18-2009 18:27;234;0
11-18-2009 18:28;143;0
11-18-2009 18:29;107;0
11-18-2009 18:30;71;0
11-18-2009 18:31;77;0
11-18-2009 18:32;296;0
11-18-2009 18:33;733;0
11-18-2009 18:34;605;0
11-18-2009 18:35;566;0
11-18-2009 18:36;549;0
11-18-2009 18:37;687;0
11-18-2009 18:38;515;0
11-18-2009 18:39;781;0
11-18-2009 18:40;687;0
11-18-2009 18:41;438;0
11-18-2009 18:42;349;0
11-18-2009 18:43;360;0
11-18-2009 18:44;424;0
11-18-2009 18:45;212;0
11-18-2009 18:46;134;0
11-18-2009 18:47;125;0
11-18-2009 18:48;316;0
11-18-2009 18:49;143;0
11-18-2009 18:50;62;0
11-18-2009 18:51;68;0
11-18-2009 18:52;733;0
11-18-2009 18:53;975;0
11-18-2009 18:54;945;0
11-18-2009 18:55;945;0
11-18-2009 18:56;733;0
11-18-2009 18:57;259;0
11-18-2009 18:58;160;0
11-18-2009 18:59;47;0
11-18-2009 19:00;121;0
11-18-2009 19:01;107;0
11-18-2009 19:02;531;0
11-18-2009 19:03;624;0
11-18-2009 19:04;397;0
11-18-2009 19:05;268;0
11-18-2009 19:06;172;0
11-18-2009 19:07;59;0
11-18-2009 19:08;154;0
11-18-2009 19:09;41;0
11-18-2009 19:10;154;0
11-18-2009 19:11;44;0
11-18-2009 19:12;21;0
11-18-2009 19:13;116;0
11-18-2009 19:14;65;0
11-18-2009 19:15;47;0
11-18-2009 19:16;34;0
11-18-2009 19:17;337;0
11-18-2009 19:18;121;0
11-18-2009 19:19;1178;1
11-18-2009 19:20;1178;1
11-18-2009 19:21;733;0
11-18-2009 19:22;1614;1
11-18-2009 19:23;915;0
11-18-2009 19:24;1142;0
11-18-2009 19:25;154;0
11-18-2009 19:26;41;0
11-18-2009 19:27;15;0
11-18-2009 19:28;16;0
11-18-2009 19:29;15;0
11-18-2009 19:30;15;0
11-18-2009 19:31;24;0
11-18-2009 19:32;16;0
11-18-2009 19:33;644;0
11-18-2009 19:34;32;0
11-18-2009 19:35;16;0
11-18-2009 19:36;18;0
11-18-2009 19:37;18;0
11-18-2009 19:38;18;0
11-18-2009 19:39;18;0
11-18-2009 19:40;32;0
11-18-2009 19:41;16;0
11-18-2009 19:42;88;0
11-18-2009 19:43;21;0
11-18-2009 19:44;16;0
11-18-2009 19:45;82;0
11-18-2009 19:46;16;0
11-18-2009 19:47;24;0
11-18-2009 19:48;16;0
11-18-2009 19:49;16;0
11-18-2009 19:50;62;0
11-18-2009 19:51;25;0
11-18-2009 19:52;22;0
11-18-2009 19:53;566;0
11-18-2009 19:54;88;0
11-18-2009 19:55;154;0
11-18-2009 19:56;605;0
11-18-2009 19:57;34;0
11-18-2009 19:58;184;0
11-18-2009 19:59;32;0
11-18-2009 20:00;16;0
11-18-2009 20:01;16;0
11-18-2009 20:02;16;0
11-18-2009 20:03;154;0
11-18-2009 20:04;197;0
11-18-2009 20:05;88;0
11-18-2009 20:06;85;0
11-18-2009 20:07;85;0
11-18-2009 20:08;129;0
11-18-2009 20:09;125;0
11-18-2009 20:10;25;0
11-18-2009 20:11;16;0
11-18-2009 20:12;65;0
11-18-2009 20:13;82;0
11-18-2009 20:14;99;0
11-18-2009 20:15;21;0
11-18-2009 20:16;71;0
11-18-2009 20:17;125;0
11-18-2009 20:18;91;0
11-18-2009 20:19;154;0
11-18-2009 20:20;107;0
11-18-2009 20:21;24;0
11-18-2009 20:22;16;0
11-18-2009 20:23;116;0
11-18-2009 20:24;25;0
11-18-2009 20:25;424;0
11-18-2009 20:26;154;0
11-18-2009 20:27;129;0
11-18-2009 20:28;241;0
11-18-2009 20:29;74;0
11-18-2009 20:30;205;0
11-18-2009 20:31;149;0
11-18-2009 20:32;40;0
11-18-2009 20:33;234;0
11-18-2009 20:34;166;0
11-18-2009 20:35;212;0
11-18-2009 20:36;190;0
11-18-2009 20:37;21;0
11-18-2009 20:38;129;0
11-18-2009 20:39;116;0
11-18-2009 20:40;121;0
11-18-2009 20:41;154;0
11-18-2009 20:42;138;0
11-18-2009 20:43;197;0
11-18-2009 20:44;129;0
11-18-2009 20:45;134;0
11-18-2009 20:46;19;0
11-18-2009 20:47;85;0
11-18-2009 20:48;22;0
11-18-2009 20:49;212;0
11-18-2009 20:50;154;0
11-18-2009 20:51;337;0
11-18-2009 20:52;68;0
11-18-2009 20:53;644;0
11-18-2009 20:54;1614;1
11-18-2009 20:55;2008;1
11-18-2009 20:56;605;0
11-18-2009 20:57;327;0
11-18-2009 20:58;316;0
11-18-2009 20:59;1665;1
11-18-2009 21:00;1515;1
11-18-2009 21:01;1295;1
11-18-2009 21:02;1468;1
11-18-2009 21:03;915;0
11-18-2009 21:04;1336;1
11-18-2009 21:05;1379;1
11-18-2009 21:06;1073;0
11-18-2009 21:07;945;0
11-18-2009 21:08;915;0
11-18-2009 21:09;1073;0
11-18-2009 21:10;1106;0
11-18-2009 21:11;945;0
11-18-2009 21:12;1073;0
11-18-2009 21:13;975;0
11-18-2009 21:14;945;0
11-18-2009 21:15;945;0
11-18-2009 21:16;1255;1
11-18-2009 21:17;1106;0
11-18-2009 21:18;1829;1
11-18-2009 21:19;781;0
11-18-2009 21:20;178;0
11-18-2009 21:21;74;0
11-18-2009 21:22;74;0
11-18-2009 21:23;79;0
11-18-2009 21:24;205;0
11-18-2009 21:25;125;0
11-18-2009 21:26;88;0
11-18-2009 21:27;31;0
11-18-2009 21:28;74;0
11-18-2009 21:29;143;0
11-18-2009 21:30;74;0
11-18-2009 21:31;138;0
11-18-2009 21:32;28;0
11-18-2009 21:33;143;0
11-18-2009 21:34;25;0
11-18-2009 21:35;103;0
11-18-2009 21:36;15;0
11-18-2009 21:37;121;0
11-18-2009 21:38;259;0
11-18-2009 21:39;138;0
11-18-2009 21:40;549;0
11-18-2009 21:41;22;0
11-18-2009 21:42;13;0
11-18-2009 21:43;13;0
11-18-2009 21:44;13;0
11-18-2009 21:45;190;0
11-18-2009 21:46;24;0
11-18-2009 21:47;12;0
11-18-2009 21:48;12;0
11-18-2009 21:49;12;0
11-18-2009 21:50;12;0
11-18-2009 21:51;154;0
11-18-2009 21:52;306;0
11-18-2009 21:53;24;0
11-18-2009 21:54;12;0
11-18-2009 21:55;91;0
11-18-2009 21:56;19;0
11-18-2009 21:57;79;0
11-18-2009 21:58;28;0
11-18-2009 21:59;277;0
11-18-2009 22:00;50;0
11-18-2009 22:01;91;0
11-18-2009 22:02;68;0
11-18-2009 22:03;21;0
11-18-2009 22:04;21;0
11-18-2009 22:05;21;0
11-18-2009 22:06;56;0
11-18-2009 22:07;46;0
11-18-2009 22:08;21;0
11-18-2009 22:09;77;0
11-18-2009 22:10;26;0
11-18-2009 22:11;71;0
11-18-2009 22:12;149;0
11-18-2009 22:13;316;0
11-18-2009 22:14;35;0
11-18-2009 22:15;13;0
11-18-2009 22:16;166;0
11-18-2009 22:17;172;0
11-18-2009 22:18;29;0
11-18-2009 22:19;13;0
11-18-2009 22:20;13;0
11-18-2009 22:21;12;0
11-18-2009 22:22;12;0
11-18-2009 22:23;349;0
11-18-2009 22:24;129;0
11-18-2009 22:25;46;0
11-18-2009 22:26;16;0
11-18-2009 22:27;138;0
11-18-2009 22:28;34;0
11-18-2009 22:29;16;0
11-18-2009 22:30;665;0
11-18-2009 22:31;372;0
11-18-2009 22:32;756;0
11-18-2009 22:33;74;0
11-18-2009 22:34;29;0
11-18-2009 22:35;833;0
11-18-2009 22:36;1217;0
11-18-2009 22:37;1295;1
11-18-2009 22:38;397;0
11-18-2009 22:39;306;0
11-18-2009 22:40;1515;1
11-18-2009 22:41;1336;1
11-18-2009 22:42;2420;1
11-18-2009 22:43;360;0
11-18-2009 22:44;10;0
11-18-2009 22:45;4;0
11-18-2009 22:46;4;0
11-18-2009 22:47;3;0
11-18-2009 22:48;4;0
11-18-2009 22:49;4;0
11-18-2009 22:50;4;0
11-18-2009 22:51;4;0
11-18-2009 22:52;4;0
11-18-2009 22:53;4;0
11-18-2009 22:54;4;0
11-18-2009 22:55;4;0
11-18-2009 22:56;4;0
11-18-2009 22:57;975;0
11-18-2009 22:58;28;0
11-18-2009 22:59;32;0
11-18-2009 23:00;12;0
11-18-2009 23:01;13;0
11-18-2009 23:02;13;0
11-18-2009 23:03;107;0
11-18-2009 23:04;515;0
11-18-2009 23:05;74;0
11-18-2009 23:06;10;0
11-18-2009 23:07;13;0
11-18-2009 23:08;134;0
11-18-2009 23:09;31;0
11-18-2009 23:10;212;0
11-18-2009 23:11;227;0
11-18-2009 23:12;219;0
11-18-2009 23:13;32;0
11-18-2009 23:14;16;0
11-18-2009 23:15;16;0
11-18-2009 23:16;16;0
11-18-2009 23:17;337;0
11-18-2009 23:18;35;0
11-18-2009 23:19;35;0
11-18-2009 23:20;15;0
11-18-2009 23:21;16;0
11-18-2009 23:22;16;0
11-18-2009 23:23;16;0
11-18-2009 23:24;468;0
11-18-2009 23:25;19;0
11-18-2009 23:26;6;0
11-18-2009 23:27;6;0
11-18-2009 23:28;6;0
11-18-2009 23:29;6;0
11-18-2009 23:30;360;0
11-18-2009 23:31;28;0
11-18-2009 23:32;10;0
11-18-2009 23:33;9;0
11-18-2009 23:34;143;0
11-18-2009 23:35;6;0
11-18-2009 23:36;3;0
11-18-2009 23:37;149;0
11-18-2009 23:38;18;0
11-18-2009 23:39;3;0
11-18-2009 23:40;3;0
11-18-2009 23:41;3;0
11-18-2009 23:42;3;0
11-18-2009 23:43;3;0
11-18-2009 23:44;3;0
11-18-2009 23:45;3;0
11-18-2009 23:46;3;0
11-18-2009 23:47;121;0
11-18-2009 23:48;605;0
11-18-2009 23:49;9;0
11-18-2009 23:50;4;0
11-18-2009 23:51;12;0
11-18-2009 23:52;4;0
11-18-2009 23:53;56;0
11-18-2009 23:54;3;0
11-18-2009 23:55;687;0
11-18-2009 23:56;219;0
11-18-2009 23:57;9;0
11-18-2009 23:58;50;0
11-18-2009 23:59;4;0
11-19-2009 00:00;9;0
11-19-2009 00:01;438;0
11-19-2009 00:02;34;0
11-19-2009 00:03;43;0
11-19-2009 00:04;205;0
11-19-2009 00:05;32;0
11-19-2009 00:06;13;0
11-19-2009 00:07;13;0
11-19-2009 00:08;13;0
11-19-2009 00:09;13;0
11-19-2009 00:10;22;0
11-19-2009 00:11;13;0
11-19-2009 00:12;13;0
11-19-2009 00:13;13;0
11-19-2009 00:14;29;0
11-19-2009 00:15;13;0
11-19-2009 00:16;13;0
11-19-2009 00:17;13;0
11-19-2009 00:18;13;0
11-19-2009 00:19;13;0
11-19-2009 00:20;397;0
11-19-2009 00:21;296;0
11-19-2009 00:22;62;0
11-19-2009 00:23;212;0
11-19-2009 00:24;250;0
11-19-2009 00:25;190;0
11-19-2009 00:26;79;0
11-19-2009 00:27;79;0
11-19-2009 00:28;9;0
11-19-2009 00:29;13;0
11-19-2009 00:30;9;0
11-19-2009 00:31;9;0
11-19-2009 00:32;9;0
11-19-2009 00:33;9;0
11-19-2009 00:34;13;0
11-19-2009 00:35;9;0
11-19-2009 00:36;9;0
11-19-2009 00:37;9;0
11-19-2009 00:38;9;0
11-19-2009 00:39;9;0
11-19-2009 00:40;9;0
11-19-2009 00:41;9;0
11-19-2009 00:42;9;0
11-19-2009 00:43;9;0
11-19-2009 00:44;9;0
11-19-2009 00:45;13;0
11-19-2009 00:46;9;0
11-19-2009 00:47;9;0
11-19-2009 00:48;9;0
11-19-2009 00:49;9;0
11-19-2009 00:50;9;0
11-19-2009 00:51;9;0
11-19-2009 00:52;9;0
11-19-2009 00:53;9;0
11-19-2009 00:54;9;0
11-19-2009 00:55;9;0
11-19-2009 00:56;9;0
11-19-2009 00:57;9;0
11-19-2009 00:58;9;0
11-19-2009 00:59;9;0
11-19-2009 01:00;9;0
11-19-2009 01:01;85;0
11-19-2009 01:02;9;0
11-19-2009 01:03;9;0
11-19-2009 01:04;9;0
11-19-2009 01:05;9;0
11-19-2009 01:06;9;0
11-19-2009 01:07;259;0
11-19-2009 01:08;46;0
11-19-2009 01:09;172;0
11-19-2009 01:10;25;0
11-19-2009 01:11;9;0
11-19-2009 01:12;9;0
11-19-2009 01:13;9;0
11-19-2009 01:14;10;0
11-19-2009 01:15;32;0
11-19-2009 01:16;31;0
11-19-2009 01:17;9;0
11-19-2009 01:18;24;0
11-19-2009 01:19;9;0
11-19-2009 01:20;9;0
11-19-2009 01:21;15;0
11-19-2009 01:22;7;0
11-19-2009 01:23;12;0
11-19-2009 01:24;7;0
11-19-2009 01:25;7;0
11-19-2009 01:26;7;0
11-19-2009 01:27;3;0
11-19-2009 01:28;13;0
11-19-2009 01:29;12;0
11-19-2009 01:30;3;0
11-19-2009 01:31;468;0
11-19-2009 01:32;18;0
11-19-2009 01:33;24;0
11-19-2009 01:34;7;0
11-19-2009 01:35;7;0
11-19-2009 01:36;7;0
11-19-2009 01:37;7;0
11-19-2009 01:38;7;0
11-19-2009 01:39;7;0
11-19-2009 01:40;7;0
11-19-2009 01:41;7;0
11-19-2009 01:42;7;0
11-19-2009 01:43;7;0
11-19-2009 01:44;7;0
11-19-2009 01:45;7;0
11-19-2009 01:46;7;0
11-19-2009 01:47;7;0
11-19-2009 01:48;7;0
11-19-2009 01:49;7;0
11-19-2009 01:50;7;0
11-19-2009 01:51;7;0
11-19-2009 01:52;7;0
11-19-2009 01:53;7;0
11-19-2009 01:54;7;0
11-19-2009 01:55;7;0
11-19-2009 01:56;7;0
11-19-2009 01:57;7;0
11-19-2009 01:58;7;0
11-19-2009 01:59;7;0
11-19-2009 02:00;7;0
11-19-2009 02:01;7;0
11-19-2009 02:02;7;0
11-19-2009 02:03;7;0
11-19-2009 02:04;7;0
11-19-2009 02:05;7;0
11-19-2009 02:06;7;0
11-19-2009 02:07;7;0
11-19-2009 02:08;50;0
11-19-2009 02:09;125;0
11-19-2009 02:10;9;0
11-19-2009 02:11;7;0
11-19-2009 02:12;7;0
11-19-2009 02:13;6;0
11-19-2009 02:14;6;0
11-19-2009 02:15;7;0
11-19-2009 02:16;7;0
11-19-2009 02:17;7;0
11-19-2009 02:18;7;0
11-19-2009 02:19;7;0
11-19-2009 02:20;7;0
11-19-2009 02:21;7;0
11-19-2009 02:22;7;0
11-19-2009 02:23;7;0
11-19-2009 02:24;7;0
11-19-2009 02:25;7;0
11-19-2009 02:26;7;0
11-19-2009 02:27;7;0
11-19-2009 02:28;7;0
11-19-2009 02:29;7;0
11-19-2009 02:30;37;0
11-19-2009 02:31;56;0
11-19-2009 02:32;9;0
11-19-2009 02:33;7;0
11-19-2009 02:34;7;0
11-19-2009 02:35;7;0
11-19-2009 02:36;88;0
11-19-2009 02:37;7;0
11-19-2009 02:38;50;0
11-19-2009 02:39;7;0
11-19-2009 02:40;184;0
11-19-2009 02:41;40;0
11-19-2009 02:42;6;0
11-19-2009 02:43;50;0
11-19-2009 02:44;94;0
11-19-2009 02:45;94;0
11-19-2009 02:46;25;0
11-19-2009 02:47;6;0
11-19-2009 02:48;6;0
11-19-2009 02:49;10;0
11-19-2009 02:50;6;0
11-19-2009 02:51;6;0
11-19-2009 02:52;6;0
11-19-2009 02:53;6;0
11-19-2009 02:54;85;0
11-19-2009 02:55;397;0
11-19-2009 02:56;13;0
11-19-2009 02:57;172;0
11-19-2009 02:58;53;0
11-19-2009 02:59;32;0
11-19-2009 03:00;6;0
11-19-2009 03:01;7;0
11-19-2009 03:02;10;0
11-19-2009 03:03;10;0
11-19-2009 03:04;149;0
11-19-2009 03:05;12;0
11-19-2009 03:06;6;0
11-19-2009 03:07;12;0
11-19-2009 03:08;125;0
11-19-2009 03:09;29;0
11-19-2009 03:10;7;0
11-19-2009 03:11;43;0
11-19-2009 03:12;24;0
11-19-2009 03:13;47;0
11-19-2009 03:14;7;0
11-19-2009 03:15;10;0
11-19-2009 03:16;6;0
11-19-2009 03:17;6;0
11-19-2009 03:18;32;0
11-19-2009 03:19;50;0
11-19-2009 03:20;6;0
11-19-2009 03:21;6;0
11-19-2009 03:22;6;0
11-19-2009 03:23;22;0
11-19-2009 03:24;46;0
11-19-2009 03:25;6;0
11-19-2009 03:26;6;0
11-19-2009 03:27;6;0
11-19-2009 03:28;10;0
11-19-2009 03:29;10;0
11-19-2009 03:30;6;0
11-19-2009 03:31;6;0
11-19-2009 03:32;6;0
11-19-2009 03:33;103;0
11-19-2009 03:34;327;0
11-19-2009 03:35;15;0
11-19-2009 03:36;6;0
11-19-2009 03:37;6;0
11-19-2009 03:38;6;0
11-19-2009 03:39;6;0
11-19-2009 03:40;88;0
11-19-2009 03:41;7;0
11-19-2009 03:42;29;0
11-19-2009 03:43;12;0
11-19-2009 03:44;7;0
11-19-2009 03:45;7;0
11-19-2009 03:46;7;0
11-19-2009 03:47;7;0
11-19-2009 03:48;7;0
11-19-2009 03:49;7;0
11-19-2009 03:50;7;0
11-19-2009 03:51;7;0
11-19-2009 03:52;7;0
11-19-2009 03:53;7;0
11-19-2009 03:54;7;0
11-19-2009 03:55;7;0
11-19-2009 03:56;7;0
11-19-2009 03:57;7;0
11-19-2009 03:58;31;0
11-19-2009 03:59;9;0
11-19-2009 04:00;9;0
11-19-2009 04:01;7;0
11-19-2009 04:02;7;0
11-19-2009 04:03;6;0
11-19-2009 04:04;7;0
11-19-2009 04:05;7;0
11-19-2009 04:06;7;0
11-19-2009 04:07;7;0
11-19-2009 04:08;7;0
11-19-2009 04:09;7;0
11-19-2009 04:10;7;0
11-19-2009 04:11;7;0
11-19-2009 04:12;6;0
11-19-2009 04:13;7;0
11-19-2009 04:14;7;0
11-19-2009 04:15;7;0
11-19-2009 04:16;7;0
11-19-2009 04:17;7;0
11-19-2009 04:18;7;0
11-19-2009 04:19;6;0
11-19-2009 04:20;7;0
11-19-2009 04:21;7;0
11-19-2009 04:22;7;0
11-19-2009 04:23;7;0
11-19-2009 04:24;7;0
11-19-2009 04:25;7;0
11-19-2009 04:26;12;0
11-19-2009 04:27;259;0
11-19-2009 04:28;21;0
11-19-2009 04:29;9;0
11-19-2009 04:30;9;0
11-19-2009 04:31;7;0
11-19-2009 04:32;7;0
11-19-2009 04:33;7;0
11-19-2009 04:34;7;0
11-19-2009 04:35;7;0
11-19-2009 04:36;7;0
11-19-2009 04:37;7;0
11-19-2009 04:38;7;0
11-19-2009 04:39;7;0
11-19-2009 04:40;6;0
11-19-2009 04:41;6;0
11-19-2009 04:42;41;0
11-19-2009 04:43;31;0
11-19-2009 04:44;4;0
11-19-2009 04:45;4;0
11-19-2009 04:46;4;0
11-19-2009 04:47;4;0
11-19-2009 04:48;4;0
11-19-2009 04:49;4;0
11-19-2009 04:50;4;0
11-19-2009 04:51;4;0
11-19-2009 04:52;4;0
11-19-2009 04:53;4;0
11-19-2009 04:54;6;0
11-19-2009 04:55;4;0
11-19-2009 04:56;4;0
11-19-2009 04:57;134;0
11-19-2009 04:58;65;0
11-19-2009 04:59;32;0
11-19-2009 05:00;4;0
11-19-2009 05:01;4;0
11-19-2009 05:02;4;0
11-19-2009 05:03;4;0
11-19-2009 05:04;4;0
11-19-2009 05:05;4;0
11-19-2009 05:06;46;0
11-19-2009 05:07;16;0
11-19-2009 05:08;4;0
11-19-2009 05:09;18;0
11-19-2009 05:10;12;0
11-19-2009 05:11;37;0
11-19-2009 05:12;28;0
11-19-2009 05:13;44;0
11-19-2009 05:14;4;0
11-19-2009 05:15;259;0
11-19-2009 05:16;9;0
11-19-2009 05:17;43;0
11-19-2009 05:18;4;0
11-19-2009 05:19;227;0
11-19-2009 05:20;22;0
11-19-2009 05:21;10;0
11-19-2009 05:22;82;0
11-19-2009 05:23;4;0
11-19-2009 05:24;40;0
11-19-2009 05:25;68;0
11-19-2009 05:26;6;0
11-19-2009 05:27;16;0
11-19-2009 05:28;107;0
11-19-2009 05:29;250;0
11-19-2009 05:30;13;0
11-19-2009 05:31;4;0
11-19-2009 05:32;4;0
11-19-2009 05:33;4;0
11-19-2009 05:34;4;0
11-19-2009 05:35;4;0
11-19-2009 05:36;4;0
11-19-2009 05:37;4;0
11-19-2009 05:38;4;0
11-19-2009 05:39;4;0
11-19-2009 05:40;4;0
11-19-2009 05:41;4;0
11-19-2009 05:42;4;0
11-19-2009 05:43;4;0
11-19-2009 05:44;4;0
11-19-2009 05:45;4;0
11-19-2009 05:46;4;0
11-19-2009 05:47;3;0
11-19-2009 05:48;154;0
11-19-2009 05:49;9;0
11-19-2009 05:50;4;0
11-19-2009 05:51;4;0
11-19-2009 05:52;6;0
11-19-2009 05:53;3;0
11-19-2009 05:54;3;0
11-19-2009 05:55;3;0
11-19-2009 05:56;3;0
11-19-2009 05:57;3;0
11-19-2009 05:58;9;0
11-19-2009 05:59;149;0
11-19-2009 06:00;10;0
11-19-2009 06:01;6;0
11-19-2009 06:02;6;0
11-19-2009 06:03;4;0
11-19-2009 06:04;4;0
11-19-2009 06:05;6;0
11-19-2009 06:06;6;0
11-19-2009 06:07;6;0
11-19-2009 06:08;6;0
11-19-2009 06:09;6;0
11-19-2009 06:10;6;0
11-19-2009 06:11;6;0
11-19-2009 06:12;6;0
11-19-2009 06:13;6;0
11-19-2009 06:14;6;0
11-19-2009 06:15;6;0
11-19-2009 06:16;6;0
11-19-2009 06:17;6;0
11-19-2009 06:18;6;0
11-19-2009 06:19;6;0
11-19-2009 06:20;212;0
11-19-2009 06:21;94;0
11-19-2009 06:22;121;0
11-19-2009 06:23;74;0
11-19-2009 06:24;85;0
11-19-2009 06:25;6;0
11-19-2009 06:26;15;0
11-19-2009 06:27;6;0
11-19-2009 06:28;6;0
11-19-2009 06:29;197;0
11-19-2009 06:30;9;0
11-19-2009 06:31;4;0
11-19-2009 06:32;4;0
11-19-2009 06:33;4;0
11-19-2009 06:34;4;0
11-19-2009 06:35;4;0
11-19-2009 06:36;4;0
11-19-2009 06:37;4;0
11-19-2009 06:38;4;0
11-19-2009 06:39;4;0
11-19-2009 06:40;4;0
11-19-2009 06:41;4;0
11-19-2009 06:42;4;0
11-19-2009 06:43;4;0
11-19-2009 06:44;9;0
11-19-2009 06:45;4;0
11-19-2009 06:46;9;0
11-19-2009 06:47;4;0
11-19-2009 06:48;4;0
11-19-2009 06:49;10;0
11-19-2009 06:50;103;0
11-19-2009 06:51;53;0
11-19-2009 06:52;91;0
11-19-2009 06:53;6;0
11-19-2009 06:54;10;0
11-19-2009 06:55;12;0
11-19-2009 06:56;50;0
11-19-2009 06:57;16;0
11-19-2009 06:58;12;0
11-19-2009 06:59;4;0
11-19-2009 07:00;4;0
11-19-2009 07:01;4;0
11-19-2009 07:02;4;0
11-19-2009 07:03;4;0
11-19-2009 07:04;12;0
11-19-2009 07:05;4;0
11-19-2009 07:06;125;0
11-19-2009 07:07;6;0
11-19-2009 07:08;21;0
11-19-2009 07:09;586;0
11-19-2009 07:10;50;0
11-19-2009 07:11;7;0
11-19-2009 07:12;6;0
11-19-2009 07:13;6;0
11-19-2009 07:14;6;0
11-19-2009 07:15;6;0
11-19-2009 07:16;6;0
11-19-2009 07:17;6;0
11-19-2009 07:18;6;0
11-19-2009 07:19;6;0
11-19-2009 07:20;6;0
11-19-2009 07:21;6;0
11-19-2009 07:22;6;0
11-19-2009 07:23;6;0
11-19-2009 07:24;112;0
11-19-2009 07:25;7;0
11-19-2009 07:26;6;0
11-19-2009 07:27;6;0
11-19-2009 07:28;6;0
11-19-2009 07:29;6;0
11-19-2009 07:30;6;0
11-19-2009 07:31;6;0
11-19-2009 07:32;6;0
11-19-2009 07:33;6;0
11-19-2009 07:34;6;0
11-19-2009 07:35;6;0
11-19-2009 07:36;6;0
11-19-2009 07:37;34;0
11-19-2009 07:38;7;0
11-19-2009 07:39;7;0
11-19-2009 07:40;7;0
11-19-2009 07:41;6;0
11-19-2009 07:42;6;0
11-19-2009 07:43;6;0
11-19-2009 07:44;6;0
11-19-2009 07:45;6;0
11-19-2009 07:46;6;0
11-19-2009 07:47;62;0
11-19-2009 07:48;6;0
11-19-2009 07:49;6;0
11-19-2009 07:50;6;0
11-19-2009 07:51;6;0
11-19-2009 07:52;6;0
11-19-2009 07:53;6;0
11-19-2009 07:54;6;0
11-19-2009 07:55;71;0
11-19-2009 07:56;28;0
11-19-2009 07:57;6;0
11-19-2009 07:58;6;0
11-19-2009 07:59;26;0
11-19-2009 08:00;16;0
11-19-2009 08:01;6;0
11-19-2009 08:02;12;0
11-19-2009 08:03;172;0
11-19-2009 08:04;15;0
11-19-2009 08:05;7;0
11-19-2009 08:06;6;0
11-19-2009 08:07;6;0
11-19-2009 08:08;10;0
11-19-2009 08:09;4;0
11-19-2009 08:10;6;0
11-19-2009 08:11;10;0
11-19-2009 08:12;85;0
11-19-2009 08:13;50;0
11-19-2009 08:14;22;0
11-19-2009 08:15;12;0
11-19-2009 08:16;234;0
11-19-2009 08:17;12;0
11-19-2009 08:18;6;0
11-19-2009 08:19;6;0
11-19-2009 08:20;6;0
11-19-2009 08:21;6;0
11-19-2009 08:22;6;0
11-19-2009 08:23;6;0
11-19-2009 08:24;6;0
11-19-2009 08:25;6;0
11-19-2009 08:26;134;0
11-19-2009 08:27;13;0
11-19-2009 08:28;7;0
11-19-2009 08:29;7;0
11-19-2009 08:30;438;0
11-19-2009 08:31;13;0
11-19-2009 08:32;6;0
11-19-2009 08:33;6;0
11-19-2009 08:34;6;0
11-19-2009 08:35;138;0
11-19-2009 08:36;7;0
11-19-2009 08:37;6;0
11-19-2009 08:38;6;0
11-19-2009 08:39;6;0
11-19-2009 08:40;103;0
11-19-2009 08:41;6;0
11-19-2009 08:42;4;0
11-19-2009 08:43;6;0
11-19-2009 08:44;4;0
11-19-2009 08:45;6;0
11-19-2009 08:46;4;0
11-19-2009 08:47;6;0
11-19-2009 08:48;4;0
11-19-2009 08:49;4;0
11-19-2009 08:50;219;0
11-19-2009 08:51;12;0
11-19-2009 08:52;6;0
11-19-2009 08:53;6;0
11-19-2009 08:54;6;0
11-19-2009 08:55;6;0
11-19-2009 08:56;6;0
11-19-2009 08:57;6;0
11-19-2009 08:58;6;0
11-19-2009 08:59;6;0
11-19-2009 09:00;624;0
11-19-2009 09:01;13;0
11-19-2009 09:02;6;0
11-19-2009 09:03;160;0
11-19-2009 09:04;29;0
11-19-2009 09:05;6;0
11-19-2009 09:06;6;0
11-19-2009 09:07;6;0
11-19-2009 09:08;6;0
11-19-2009 09:09;82;0
11-19-2009 09:10;112;0
11-19-2009 09:11;6;0
11-19-2009 09:12;6;0
11-19-2009 09:13;40;0
11-19-2009 09:14;6;0
11-19-2009 09:15;6;0
11-19-2009 09:16;6;0
11-19-2009 09:17;6;0
11-19-2009 09:18;29;0
11-19-2009 09:19;6;0
11-19-2009 09:20;397;0
11-19-2009 09:21;15;0
11-19-2009 09:22;6;0
11-19-2009 09:23;18;0
11-19-2009 09:24;34;0
11-19-2009 09:25;4;0
11-19-2009 09:26;6;0
11-19-2009 09:27;4;0
11-19-2009 09:28;6;0
11-19-2009 09:29;59;0
11-19-2009 09:30;1178;1
11-19-2009 09:31;887;0
11-19-2009 09:32;1295;1
11-19-2009 09:33;1468;1
11-19-2009 09:34;1614;1
11-19-2009 09:35;337;0
11-19-2009 09:36;316;0
11-19-2009 09:37;1718;1
11-19-2009 09:38;1379;1
11-19-2009 09:39;1564;1
11-19-2009 09:40;1073;0
11-19-2009 09:41;586;0
11-19-2009 09:42;644;0
11-19-2009 09:43;1178;1
11-19-2009 09:44;1073;0
11-19-2009 09:45;1773;1
11-19-2009 09:46;1142;0
11-19-2009 09:47;945;0
11-19-2009 09:48;1217;0
11-19-2009 09:49;665;0
11-19-2009 09:50;586;0
11-19-2009 09:51;586;0
11-19-2009 09:52;781;0
11-19-2009 09:53;887;0
11-19-2009 09:54;384;0
11-19-2009 09:55;88;0
11-19-2009 09:56;605;0
11-19-2009 09:57;337;0
11-19-2009 09:58;178;0
11-19-2009 09:59;250;0
11-19-2009 10:00;624;0
11-19-2009 10:01;806;0
11-19-2009 10:02;1515;1
11-19-2009 10:03;644;0
11-19-2009 10:04;277;0
11-19-2009 10:05;644;0
11-19-2009 10:06;945;0
11-19-2009 10:07;605;0
11-19-2009 10:08;438;0
11-19-2009 10:09;975;0
11-19-2009 10:10;397;0
11-19-2009 10:11;733;0
11-19-2009 10:12;82;0
11-19-2009 10:13;35;0
11-19-2009 10:14;59;0
11-19-2009 10:15;43;0
11-19-2009 10:16;59;0
11-19-2009 10:17;43;0
11-19-2009 10:18;59;0
11-19-2009 10:19;53;0
11-19-2009 10:20;103;0
11-19-2009 10:21;234;0
11-19-2009 10:22;74;0
11-19-2009 10:23;172;0
11-19-2009 10:24;337;0
11-19-2009 10:25;372;0
11-19-2009 10:26;360;0
11-19-2009 10:27;566;0
11-19-2009 10:28;531;0
11-19-2009 10:29;65;0
11-19-2009 10:30;82;0
11-19-2009 10:31;91;0
11-19-2009 10:32;205;0
11-19-2009 10:33;40;0
11-19-2009 10:34;166;0
11-19-2009 10:35;241;0
11-19-2009 10:36;424;0
11-19-2009 10:37;15;0
11-19-2009 10:38;91;0
11-19-2009 10:39;945;0
11-19-2009 10:40;945;0
11-19-2009 10:41;887;0
11-19-2009 10:42;915;0
11-19-2009 10:43;172;0
11-19-2009 10:44;438;0
11-19-2009 10:45;945;0
11-19-2009 10:46;665;0
11-19-2009 10:47;887;0
11-19-2009 10:48;1178;1
11-19-2009 10:49;859;0
11-19-2009 10:50;859;0
11-19-2009 10:51;468;0
11-19-2009 10:52;665;0
11-19-2009 10:53;384;0
11-19-2009 10:54;241;0
11-19-2009 10:55;624;0
11-19-2009 10:56;624;0
11-19-2009 10:57;665;0
11-19-2009 10:58;833;0
11-19-2009 10:59;624;0
11-19-2009 11:00;833;0
11-19-2009 11:01;975;0
11-19-2009 11:02;687;0
11-19-2009 11:03;1006;0
11-19-2009 11:04;1073;0
11-19-2009 11:05;453;0
11-19-2009 11:06;644;0
11-19-2009 11:07;709;0
11-19-2009 11:08;549;0
11-19-2009 11:09;709;0
11-19-2009 11:10;687;0
11-19-2009 11:11;566;0
11-19-2009 11:12;296;0
11-19-2009 11:13;372;0
11-19-2009 11:14;483;0
11-19-2009 11:15;250;0
11-19-2009 11:16;296;0
11-19-2009 11:17;549;0
11-19-2009 11:18;806;0
11-19-2009 11:19;549;0
11-19-2009 11:20;212;0
11-19-2009 11:21;438;0
11-19-2009 11:22;624;0
11-19-2009 11:23;531;0
11-19-2009 11:24;121;0
11-19-2009 11:25;190;0
11-19-2009 11:26;327;0
11-19-2009 11:27;178;0
11-19-2009 11:28;227;0
11-19-2009 11:29;483;0
11-19-2009 11:30;945;0
11-19-2009 11:31;806;0
11-19-2009 11:32;781;0
11-19-2009 11:33;887;0
11-19-2009 11:34;566;0
11-19-2009 11:35;410;0
11-19-2009 11:36;1039;0
11-19-2009 11:37;887;0
11-19-2009 11:38;349;0
11-19-2009 11:39;515;0
11-19-2009 11:40;453;0
11-19-2009 11:41;59;0
11-19-2009 11:42;65;0
11-19-2009 11:43;71;0
11-19-2009 11:44;29;0
11-19-2009 11:45;31;0
11-19-2009 11:46;121;0
11-19-2009 11:47;91;0
11-19-2009 11:48;77;0
11-19-2009 11:49;56;0
11-19-2009 11:50;53;0
11-19-2009 11:51;219;0
11-19-2009 11:52;34;0
11-19-2009 11:53;15;0
11-19-2009 11:54;259;0
11-19-2009 11:55;397;0
11-19-2009 11:56;756;0
11-19-2009 11:57;1217;0
11-19-2009 11:58;1379;1
11-19-2009 11:59;1142;0
11-19-2009 12:00;833;0
11-19-2009 12:01;733;0
11-19-2009 12:02;1039;0
11-19-2009 12:03;285;0
11-19-2009 12:04;227;0
11-19-2009 12:05;1295;1
11-19-2009 12:06;624;0
11-19-2009 12:07;499;0
11-19-2009 12:08;107;0
11-19-2009 12:09;79;0
11-19-2009 12:10;184;0
11-19-2009 12:11;586;0
11-19-2009 12:12;975;0
11-19-2009 12:13;227;0
11-19-2009 12:14;121;0
11-19-2009 12:15;306;0
11-19-2009 12:16;1142;0
11-19-2009 12:17;975;0
11-19-2009 12:18;1773;1
11-19-2009 12:19;1379;1
11-19-2009 12:20;945;0
11-19-2009 12:21;1217;0
11-19-2009 12:22;1006;0
11-19-2009 12:23;833;0
11-19-2009 12:24;1006;0
11-19-2009 12:25;709;0
11-19-2009 12:26;438;0
11-19-2009 12:27;99;0
11-19-2009 12:28;306;0
11-19-2009 12:29;121;0
11-19-2009 12:30;197;0
11-19-2009 12:31;384;0
11-19-2009 12:32;781;0
11-19-2009 12:33;65;0
11-19-2009 12:34;134;0
11-19-2009 12:35;134;0
11-19-2009 12:36;184;0
11-19-2009 12:37;91;0
11-19-2009 12:38;125;0
11-19-2009 12:39;134;0
11-19-2009 12:40;644;0
11-19-2009 12:41;733;0
11-19-2009 12:42;250;0
11-19-2009 12:43;975;0
11-19-2009 12:44;360;0
11-19-2009 12:45;531;0
11-19-2009 12:46;781;0
11-19-2009 12:47;781;0
11-19-2009 12:48;410;0
11-19-2009 12:49;134;0
11-19-2009 12:50;121;0
11-19-2009 12:51;438;0
11-19-2009 12:52;234;0
11-19-2009 12:53;205;0
11-19-2009 12:54;644;0
11-19-2009 12:55;781;0
11-19-2009 12:56;709;0
11-19-2009 12:57;549;0
11-19-2009 12:58;227;0
11-19-2009 12:59;397;0
11-19-2009 13:00;687;0
11-19-2009 13:01;1217;0
11-19-2009 13:02;915;0
11-19-2009 13:03;438;0
11-19-2009 13:04;499;0
11-19-2009 13:05;424;0
11-19-2009 13:06;241;0
11-19-2009 13:07;268;0
11-19-2009 13:08;483;0
11-19-2009 13:09;241;0
11-19-2009 13:10;859;0
11-19-2009 13:11;468;0
11-19-2009 13:12;781;0
11-19-2009 13:13;687;0
11-19-2009 13:14;468;0
11-19-2009 13:15;915;0
11-19-2009 13:16;709;0
11-19-2009 13:17;397;0
11-19-2009 13:18;160;0
11-19-2009 13:19;1142;0
11-19-2009 13:20;1039;0
11-19-2009 13:21;2008;1
11-19-2009 13:22;945;0
11-19-2009 13:23;781;0
11-19-2009 13:24;975;0
11-19-2009 13:25;25;0
11-19-2009 13:26;154;0
11-19-2009 13:27;372;0
11-19-2009 13:28;160;0
11-19-2009 13:29;112;0
11-19-2009 13:30;756;0
11-19-2009 13:31;945;0
11-19-2009 13:32;859;0
11-19-2009 13:33;1217;0
11-19-2009 13:34;1073;0
11-19-2009 13:35;945;0
11-19-2009 13:36;1423;1
11-19-2009 13:37;833;0
11-19-2009 13:38;806;0
11-19-2009 13:39;1006;0
11-19-2009 13:40;1178;1
11-19-2009 13:41;1106;0
11-19-2009 13:42;709;0
11-19-2009 13:43;915;0
11-19-2009 13:44;833;0
11-19-2009 13:45;975;0
11-19-2009 13:46;806;0
11-19-2009 13:47;833;0
11-19-2009 13:48;1039;0
11-19-2009 13:49;975;0
11-19-2009 13:50;887;0
11-19-2009 13:51;887;0
11-19-2009 13:52;665;0
11-19-2009 13:53;687;0
11-19-2009 13:54;833;0
11-19-2009 13:55;806;0
11-19-2009 13:56;566;0
11-19-2009 13:57;709;0
11-19-2009 13:58;549;0
11-19-2009 13:59;99;0
11-19-2009 14:00;77;0
11-19-2009 14:01;250;0
11-19-2009 14:02;268;0
11-19-2009 14:03;268;0
11-19-2009 14:04;296;0
11-19-2009 14:05;1217;0
11-19-2009 14:06;1515;1
11-19-2009 14:07;665;0
11-19-2009 14:08;1423;1
11-19-2009 14:09;1073;0
11-19-2009 14:10;859;0
11-19-2009 14:11;82;0
11-19-2009 14:12;38;0
11-19-2009 14:13;7;0
11-19-2009 14:14;337;0
11-19-2009 14:15;483;0
11-19-2009 14:16;34;0
11-19-2009 14:17;31;0
11-19-2009 14:18;6;0
11-19-2009 14:19;16;0
11-19-2009 14:20;13;0
11-19-2009 14:21;3;0
11-19-2009 14:22;1006;0
11-19-2009 14:23;1178;1
11-19-2009 14:24;1379;1
11-19-2009 14:25;806;0
11-19-2009 14:26;0;0
11-19-2009 14:27;46;0
11-19-2009 14:28;0;0
11-19-2009 14:29;0;0
11-19-2009 14:30;0;0
11-19-2009 14:31;0;0
11-19-2009 14:32;0;0
11-19-2009 14:33;0;0
11-19-2009 14:34;833;0
11-19-2009 14:35;806;0
11-19-2009 14:36;0;0
11-19-2009 14:37;0;0
11-19-2009 14:38;0;0
11-19-2009 14:39;0;0
11-19-2009 14:40;0;0
11-19-2009 14:41;0;0
11-19-2009 14:42;0;0
11-19-2009 14:43;0;0
11-19-2009 14:44;0;0
11-19-2009 14:45;0;0
11-19-2009 14:46;0;0
11-19-2009 14:47;0;0
11-19-2009 14:48;0;0
11-19-2009 14:49;0;0
11-19-2009 14:50;0;0
11-19-2009 14:51;0;0
11-19-2009 14:52;0;0
11-19-2009 14:53;0;0
11-19-2009 14:54;0;0
11-19-2009 14:55;0;0
11-19-2009 14:56;0;0
11-19-2009 14:57;0;0
11-19-2009 14:58;4;0
11-19-2009 14:59;0;0
11-19-2009 15:00;0;0
11-19-2009 15:01;0;0
11-19-2009 15:02;0;0
11-19-2009 15:03;0;0
11-19-2009 15:04;0;0
11-19-2009 15:05;0;0
11-19-2009 15:06;0;0
11-19-2009 15:07;0;0
11-19-2009 15:08;0;0
11-19-2009 15:09;0;0
11-19-2009 15:10;0;0
11-19-2009 15:11;0;0
11-19-2009 15:12;0;0
11-19-2009 15:13;0;0
11-19-2009 15:14;0;0
11-19-2009 15:15;0;0
11-19-2009 15:16;0;0
11-19-2009 15:17;0;0
11-19-2009 15:18;0;0
11-19-2009 15:19;0;0
11-19-2009 15:20;0;0
11-19-2009 15:21;0;0
11-19-2009 15:22;0;0
11-19-2009 15:23;0;0
11-19-2009 15:24;0;0
11-19-2009 15:25;0;0
11-19-2009 15:26;0;0
11-19-2009 15:27;0;0
11-19-2009 15:28;0;0
11-19-2009 15:29;0;0
11-19-2009 15:30;0;0
11-19-2009 15:31;0;0
11-19-2009 15:32;0;0
11-19-2009 15:33;0;0
11-19-2009 15:34;0;0
11-19-2009 15:35;0;0
11-19-2009 15:36;0;0
11-19-2009 15:37;0;0
11-19-2009 15:38;0;0
11-19-2009 15:39;0;0
11-19-2009 15:40;0;0
11-19-2009 15:41;0;0
11-19-2009 15:42;0;0
11-19-2009 15:43;0;0
11-19-2009 15:44;9;0
11-19-2009 15:45;0;0
11-19-2009 15:46;0;0
11-19-2009 15:47;0;0
11-19-2009 15:48;0;0
11-19-2009 15:49;0;0
11-19-2009 15:50;0;0
11-19-2009 15:51;0;0
11-19-2009 15:52;0;0
11-19-2009 15:53;0;0
11-19-2009 15:54;0;0
11-19-2009 15:55;0;0
11-19-2009 15:56;0;0
11-19-2009 15:57;0;0
11-19-2009 15:58;0;0
11-19-2009 15:59;0;0
11-19-2009 16:00;0;0
11-19-2009 16:01;0;0
11-19-2009 16:02;0;0
11-19-2009 16:03;0;0
11-19-2009 16:04;0;0
11-19-2009 16:05;0;0
11-19-2009 16:06;99;0
11-19-2009 16:07;0;0
11-19-2009 16:08;0;0
11-19-2009 16:09;0;0
11-19-2009 16:10;0;0
11-19-2009 16:11;0;0
11-19-2009 16:12;1142;0
11-19-2009 16:13;1106;0
11-19-2009 16:14;1946;1
11-19-2009 16:15;1515;1
11-19-2009 16:16;349;0
11-19-2009 16:17;91;0
11-19-2009 16:18;65;0
11-19-2009 16:19;125;0
11-19-2009 16:20;85;0
11-19-2009 16:21;515;0
11-19-2009 16:22;410;0
11-19-2009 16:23;172;0
11-19-2009 16:24;94;0
11-19-2009 16:25;82;0
11-19-2009 16:26;71;0
11-19-2009 16:27;205;0
11-19-2009 16:28;77;0
11-19-2009 16:29;47;0
11-19-2009 16:30;0;0
11-19-2009 16:31;0;0
11-19-2009 16:32;41;0
11-19-2009 16:33;166;0
11-19-2009 16:34;59;0
11-19-2009 16:35;349;0
11-19-2009 16:36;190;0
11-19-2009 16:37;397;0
11-19-2009 16:38;605;0
11-19-2009 16:39;859;0
11-19-2009 16:40;2657;1
11-19-2009 16:41;453;0
11-19-2009 16:42;94;0
11-19-2009 16:43;99;0
11-19-2009 16:44;37;0
11-19-2009 16:45;134;0
11-19-2009 16:46;915;0
11-19-2009 16:47;1336;1
11-19-2009 16:48;1564;1
11-19-2009 16:49;1468;1
11-19-2009 16:50;1217;0
11-19-2009 16:51;1217;0
11-19-2009 16:52;945;0
11-19-2009 16:53;1073;0
11-19-2009 16:54;1073;0
11-19-2009 16:55;1336;1
11-19-2009 16:56;1423;1
11-19-2009 16:57;549;0
11-19-2009 16:58;887;0
11-19-2009 16:59;1006;0
11-19-2009 17:00;178;0
11-19-2009 17:01;190;0
11-19-2009 17:02;833;0
11-19-2009 17:03;154;0
11-19-2009 17:04;0;0
11-19-2009 17:05;7;0
11-19-2009 17:06;915;0
11-19-2009 17:07;1178;1
11-19-2009 17:08;79;0
11-19-2009 17:09;166;0
11-19-2009 17:10;316;0
11-19-2009 17:11;605;0
11-19-2009 17:12;82;0
11-19-2009 17:13;94;0
11-19-2009 17:14;47;0
11-19-2009 17:15;53;0
11-19-2009 17:16;88;0
11-19-2009 17:17;77;0
11-19-2009 17:18;79;0
11-19-2009 17:19;687;0
11-19-2009 17:20;1829;1
11-19-2009 17:21;1718;1
11-19-2009 17:22;1423;1
11-19-2009 17:23;62;0
11-19-2009 17:24;241;0
11-19-2009 17:25;138;0
11-19-2009 17:26;0;0
11-19-2009 17:27;0;0
11-19-2009 17:28;0;0
11-19-2009 17:29;0;0
11-19-2009 17:30;0;0
11-19-2009 17:31;0;0
11-19-2009 17:32;0;0
11-19-2009 17:33;0;0
11-19-2009 17:34;0;0
11-19-2009 17:35;0;0
11-19-2009 17:36;0;0
11-19-2009 17:37;0;0
11-19-2009 17:38;21;0
11-19-2009 17:39;0;0
11-19-2009 17:40;0;0
11-19-2009 17:41;0;0
11-19-2009 17:42;0;0
11-19-2009 17:43;0;0
11-19-2009 17:44;0;0
11-19-2009 17:45;0;0
11-19-2009 17:46;915;0
11-19-2009 17:47;586;0
11-19-2009 17:48;112;0
11-19-2009 17:49;781;0
11-19-2009 17:50;781;0
11-19-2009 17:51;709;0
11-19-2009 17:52;733;0
11-19-2009 17:53;733;0
11-19-2009 17:54;833;0
11-19-2009 17:55;975;0
11-19-2009 17:56;945;0
11-19-2009 17:57;806;0
11-19-2009 17:58;733;0
11-19-2009 17:59;859;0
11-19-2009 18:00;859;0
11-19-2009 18:01;945;0
11-19-2009 18:02;566;0
11-19-2009 18:03;515;0
11-19-2009 18:04;0;0
11-19-2009 18:05;0;0
11-19-2009 18:06;0;0
11-19-2009 18:07;0;0
11-19-2009 18:08;0;0
11-19-2009 18:09;0;0
11-19-2009 18:10;0;0
11-19-2009 18:11;28;0
11-19-2009 18:12;129;0
11-19-2009 18:13;112;0
11-19-2009 18:14;515;0
11-19-2009 18:15;62;0
11-19-2009 18:16;32;0
11-19-2009 18:17;134;0
11-19-2009 18:18;1515;1
11-19-2009 18:19;859;0
11-19-2009 18:20;1336;1
11-19-2009 18:21;1718;1
11-19-2009 18:22;1718;1
11-19-2009 18:23;1515;1
11-19-2009 18:24;915;0
11-19-2009 18:25;94;0
11-19-2009 18:26;62;0
11-19-2009 18:27;12;0
11-19-2009 18:28;37;0
11-19-2009 18:29;360;0
11-19-2009 18:30;1564;1
11-19-2009 18:31;1773;1
11-19-2009 18:32;1614;1
11-19-2009 18:33;1142;0
11-19-2009 18:34;687;0
11-19-2009 18:35;687;0
11-19-2009 18:36;687;0
11-19-2009 18:37;756;0
11-19-2009 18:38;1295;1
11-19-2009 18:39;515;0
11-19-2009 18:40;0;0
11-19-2009 18:41;0;0
11-19-2009 18:42;0;0
11-19-2009 18:43;0;0
11-19-2009 18:44;4;0
11-19-2009 18:45;234;0
11-19-2009 18:46;337;0
11-19-2009 18:47;16;0
11-19-2009 18:48;3;0
11-19-2009 18:49;306;0
11-19-2009 18:50;40;0
11-19-2009 18:51;19;0
11-19-2009 18:52;12;0
11-19-2009 18:53;74;0
11-19-2009 18:54;125;0
11-19-2009 18:55;43;0
11-19-2009 18:56;53;0
11-19-2009 18:57;107;0
11-19-2009 18:58;91;0
11-19-2009 18:59;47;0
11-19-2009 19:00;1039;0
11-19-2009 19:01;1468;1
11-19-2009 19:02;1665;1
11-19-2009 19:03;859;0
11-19-2009 19:04;605;0
11-19-2009 19:05;22;0
11-19-2009 19:06;172;0
11-19-2009 19:07;71;0
11-19-2009 19:08;13;0
11-19-2009 19:09;34;0
11-19-2009 19:10;0;0
11-19-2009 19:11;0;0
11-19-2009 19:12;0;0
11-19-2009 19:13;7;0
11-19-2009 19:14;24;0
11-19-2009 19:15;3;0
11-19-2009 19:16;35;0
11-19-2009 19:17;227;0
11-19-2009 19:18;483;0
11-19-2009 19:19;107;0
11-19-2009 19:20;268;0
11-19-2009 19:21;549;0
11-19-2009 19:22;2138;1
11-19-2009 19:23;1665;1
11-19-2009 19:24;0;0
