TIMESTAMP;ACTIVITY;ANOMALY
10-12-2010 17:00;0;0
10-12-2010 17:01;915;1
10-12-2010 17:02;327;0
10-12-2010 17:03;234;0
10-12-2010 17:04;349;0
10-12-2010 17:05;566;0
10-12-2010 17:06;566;0
10-12-2010 17:07;453;0
10-12-2010 17:08;410;0
10-12-2010 17:09;709;1
10-12-2010 17:10;549;0
10-12-2010 17:11;424;0
10-12-2010 17:12;125;0
10-12-2010 17:13;438;0
10-12-2010 17:14;277;0
10-12-2010 17:15;154;0
10-12-2010 17:16;68;0
10-12-2010 17:17;410;0
10-12-2010 17:18;234;0
10-12-2010 17:19;234;0
10-12-2010 17:20;4;0
10-12-2010 17:21;24;0
10-12-2010 17:22;6;0
10-12-2010 17:23;53;0
10-12-2010 17:24;13;0
10-12-2010 17:25;103;0
10-12-2010 17:26;91;0
10-12-2010 17:27;166;0
10-12-2010 17:28;38;0
10-12-2010 17:29;644;0
10-12-2010 17:30;709;1
10-12-2010 17:31;687;1
10-12-2010 17:32;384;0
10-12-2010 17:33;62;0
10-12-2010 17:34;129;0
10-12-2010 17:35;50;0
10-12-2010 17:36;410;0
10-12-2010 17:37;337;0
10-12-2010 17:38;349;0
10-12-2010 17:39;397;0
10-12-2010 17:40;107;0
10-12-2010 17:41;166;0
10-12-2010 17:42;806;1
10-12-2010 17:43;129;0
10-12-2010 17:44;79;0
10-12-2010 17:45;112;0
10-12-2010 17:46;24;0
10-12-2010 17:47;241;0
10-12-2010 17:48;50;0
10-12-2010 17:49;13;0
10-12-2010 17:50;0;0
10-12-2010 17:51;15;0
10-12-2010 17:52;28;0
10-12-2010 17:53;190;0
10-12-2010 17:54;285;0
10-12-2010 17:55;178;0
10-12-2010 17:56;531;0
10-12-2010 17:57;121;0
10-12-2010 17:58;47;0
10-12-2010 17:59;3;0
10-12-2010 18:00;306;0
10-12-2010 18:01;26;0
10-12-2010 18:02;9;0
10-12-2010 18:03;99;0
10-12-2010 18:04;285;0
10-12-2010 18:05;154;0
10-12-2010 18:06;227;0
10-12-2010 18:07;316;0
10-12-2010 18:08;250;0
10-12-2010 18:09;0;0
10-12-2010 18:10;53;0
10-12-2010 18:11;112;0
10-12-2010 18:12;22;0
10-12-2010 18:13;56;0
10-12-2010 18:14;3;0
10-12-2010 18:15;85;0
10-12-2010 18:16;79;0
10-12-2010 18:17;116;0
10-12-2010 18:18;0;0
10-12-2010 18:19;259;0
10-12-2010 18:20;35;0
10-12-2010 18:21;0;0
10-12-2010 18:22;65;0
10-12-2010 18:23;166;0
10-12-2010 18:24;26;0
10-12-2010 18:25;40;0
10-12-2010 18:26;134;0
10-12-2010 18:27;259;0
10-12-2010 18:28;154;0
10-12-2010 18:29;205;0
10-12-2010 18:30;68;0
10-12-2010 18:31;116;0
10-12-2010 18:32;149;0
10-12-2010 18:33;349;0
10-12-2010 18:34;37;0
10-12-2010 18:35;21;0
10-12-2010 18:36;82;0
10-12-2010 18:37;91;0
10-12-2010 18:38;212;0
10-12-2010 18:39;143;0
10-12-2010 18:40;212;0
10-12-2010 18:41;410;0
10-12-2010 18:42;41;0
10-12-2010 18:43;160;0
10-12-2010 18:44;184;0
10-12-2010 18:45;19;0
10-12-2010 18:46;21;0
10-12-2010 18:47;15;0
10-12-2010 18:48;62;0
10-12-2010 18:49;44;0
10-12-2010 18:50;190;0
10-12-2010 18:51;172;0
10-12-2010 18:52;624;0
10-12-2010 18:53;184;0
10-12-2010 18:54;77;0
10-12-2010 18:55;7;0
10-12-2010 18:56;0;0
10-12-2010 18:57;13;0
10-12-2010 18:58;3;0
10-12-2010 18:59;31;0
10-12-2010 19:00;337;0
10-12-2010 19:01;13;0
10-12-2010 19:02;43;0
10-12-2010 19:03;50;0
10-12-2010 19:04;68;0
10-12-2010 19:05;0;0
10-12-2010 19:06;3;0
10-12-2010 19:07;99;0
10-12-2010 19:08;0;0
10-12-2010 19:09;88;0
10-12-2010 19:10;0;0
10-12-2010 19:11;4;0
10-12-2010 19:12;0;0
10-12-2010 19:13;0;0
10-12-2010 19:14;85;0
10-12-2010 19:15;40;0
10-12-2010 19:16;71;0
10-12-2010 19:17;0;0
10-12-2010 19:18;41;0
10-12-2010 19:19;99;0
10-12-2010 19:20;21;0
10-12-2010 19:21;56;0
10-12-2010 19:22;99;0
10-12-2010 19:23;47;0
10-12-2010 19:24;184;0
10-12-2010 19:25;50;0
10-12-2010 19:26;372;0
10-12-2010 19:27;316;0
10-12-2010 19:28;337;0
10-12-2010 19:29;65;0
10-12-2010 19:30;12;0
10-12-2010 19:31;3;0
10-12-2010 19:32;316;0
10-12-2010 19:33;424;0
10-12-2010 19:34;285;0
10-12-2010 19:35;410;0
10-12-2010 19:36;219;0
10-12-2010 19:37;234;0
10-12-2010 19:38;566;0
10-12-2010 19:39;327;0
10-12-2010 19:40;24;0
10-12-2010 19:41;268;0
10-12-2010 19:42;116;0
10-12-2010 19:43;384;0
10-12-2010 19:44;453;0
10-12-2010 19:45;166;0
10-12-2010 19:46;125;0
10-12-2010 19:47;149;0
10-12-2010 19:48;285;0
10-12-2010 19:49;410;0
10-12-2010 19:50;184;0
10-12-2010 19:51;3;0
10-12-2010 19:52;82;0
10-12-2010 19:53;0;0
10-12-2010 19:54;0;0
10-12-2010 19:55;178;0
10-12-2010 19:56;397;0
10-12-2010 19:57;384;0
10-12-2010 19:58;53;0
10-12-2010 19:59;47;0
10-12-2010 20:00;172;0
10-12-2010 20:01;285;0
10-12-2010 20:02;360;0
10-12-2010 20:03;129;0
10-12-2010 20:04;82;0
10-12-2010 20:05;82;0
10-12-2010 20:06;178;0
10-12-2010 20:07;160;0
10-12-2010 20:08;499;0
10-12-2010 20:09;160;0
10-12-2010 20:10;586;0
10-12-2010 20:11;160;0
10-12-2010 20:12;160;0
10-12-2010 20:13;197;0
10-12-2010 20:14;586;0
10-12-2010 20:15;833;1
10-12-2010 20:16;531;0
10-12-2010 20:17;859;1
10-12-2010 20:18;85;0
10-12-2010 20:19;424;0
10-12-2010 20:20;172;0
10-12-2010 20:21;3;0
10-12-2010 20:22;453;0
10-12-2010 20:23;327;0
10-12-2010 20:24;566;0
10-12-2010 20:25;285;0
10-12-2010 20:26;138;0
10-12-2010 20:27;138;0
10-12-2010 20:28;125;0
10-12-2010 20:29;116;0
10-12-2010 20:30;709;1
10-12-2010 20:31;259;0
10-12-2010 20:32;397;0
10-12-2010 20:33;438;0
10-12-2010 20:34;360;0
10-12-2010 20:35;549;0
10-12-2010 20:36;483;0
10-12-2010 20:37;859;1
10-12-2010 20:38;605;0
10-12-2010 20:39;549;0
10-12-2010 20:40;756;1
10-12-2010 20:41;624;0
10-12-2010 20:42;531;0
10-12-2010 20:43;250;0
10-12-2010 20:44;268;0
10-12-2010 20:45;212;0
10-12-2010 20:46;453;0
10-12-2010 20:47;285;0
10-12-2010 20:48;515;0
10-12-2010 20:49;605;0
10-12-2010 20:50;566;0
10-12-2010 20:51;360;0
10-12-2010 20:52;178;0
10-12-2010 20:53;79;0
10-12-2010 20:54;112;0
10-12-2010 20:55;227;0
10-12-2010 20:56;154;0
10-12-2010 20:57;59;0
10-12-2010 20:58;94;0
10-12-2010 20:59;499;0
10-12-2010 21:00;205;0
10-12-2010 21:01;125;0
10-12-2010 21:02;7;0
10-12-2010 21:03;316;0
10-12-2010 21:04;468;0
10-12-2010 21:05;190;0
10-12-2010 21:06;134;0
10-12-2010 21:07;94;0
10-12-2010 21:08;806;1
10-12-2010 21:09;515;0
10-12-2010 21:10;197;0
10-12-2010 21:11;410;0
10-12-2010 21:12;32;0
10-12-2010 21:13;268;0
10-12-2010 21:14;438;0
10-12-2010 21:15;178;0
10-12-2010 21:16;154;0
10-12-2010 21:17;197;0
10-12-2010 21:18;259;0
10-12-2010 21:19;285;0
10-12-2010 21:20;197;0
10-12-2010 21:21;285;0
10-12-2010 21:22;259;0
10-12-2010 21:23;154;0
10-12-2010 21:24;212;0
10-12-2010 21:25;197;0
10-12-2010 21:26;172;0
10-12-2010 21:27;103;0
10-12-2010 21:28;166;0
10-12-2010 21:29;94;0
10-12-2010 21:30;121;0
10-12-2010 21:31;56;0
10-12-2010 21:32;125;0
10-12-2010 21:33;143;0
10-12-2010 21:34;107;0
10-12-2010 21:35;103;0
10-12-2010 21:36;172;0
10-12-2010 21:37;138;0
10-12-2010 21:38;62;0
10-12-2010 21:39;178;0
10-12-2010 21:40;915;1
10-12-2010 21:41;85;0
10-12-2010 21:42;268;0
10-12-2010 21:43;138;0
10-12-2010 21:44;1106;1
10-12-2010 21:45;82;0
10-12-2010 21:46;410;0
10-12-2010 21:47;227;0
10-12-2010 21:48;65;0
10-12-2010 21:49;212;0
10-12-2010 21:50;268;0
10-12-2010 21:51;184;0
10-12-2010 21:52;166;0
10-12-2010 21:53;1255;1
10-12-2010 21:54;205;0
10-12-2010 21:55;515;0
10-12-2010 21:56;125;0
10-12-2010 21:57;37;0
10-12-2010 21:58;0;0
10-12-2010 21:59;50;0
10-12-2010 22:00;0;0
10-12-2010 22:01;0;0
10-12-2010 22:02;0;0
10-12-2010 22:03;0;0
10-12-2010 22:04;0;0
10-12-2010 22:05;0;0
10-12-2010 22:06;12;0
10-12-2010 22:07;9;0
10-12-2010 22:08;0;0
10-12-2010 22:09;0;0
10-12-2010 22:10;0;0
10-12-2010 22:11;0;0
10-12-2010 22:12;0;0
10-12-2010 22:13;0;0
10-12-2010 22:14;0;0
10-12-2010 22:15;9;0
10-12-2010 22:16;0;0
10-12-2010 22:17;50;0
10-12-2010 22:18;143;0
10-12-2010 22:19;277;0
10-12-2010 22:20;337;0
10-12-2010 22:21;397;0
10-12-2010 22:22;316;0
10-12-2010 22:23;268;0
10-12-2010 22:24;56;0
10-12-2010 22:25;327;0
10-12-2010 22:26;94;0
10-12-2010 22:27;71;0
10-12-2010 22:28;88;0
10-12-2010 22:29;56;0
10-12-2010 22:30;26;0
10-12-2010 22:31;62;0
10-12-2010 22:32;19;0
10-12-2010 22:33;50;0
10-12-2010 22:34;38;0
10-12-2010 22:35;91;0
10-12-2010 22:36;71;0
10-12-2010 22:37;0;0
10-12-2010 22:38;9;0
10-12-2010 22:39;0;0
10-12-2010 22:40;0;0
10-12-2010 22:41;0;0
10-12-2010 22:42;859;1
10-12-2010 22:43;205;0
10-12-2010 22:44;91;0
10-12-2010 22:45;103;0
10-12-2010 22:46;531;0
10-12-2010 22:47;337;0
10-12-2010 22:48;259;0
10-12-2010 22:49;197;0
10-12-2010 22:50;190;0
10-12-2010 22:51;306;0
10-12-2010 22:52;438;0
10-12-2010 22:53;859;1
10-12-2010 22:54;424;0
10-12-2010 22:55;327;0
10-12-2010 22:56;337;0
10-12-2010 22:57;285;0
10-12-2010 22:58;250;0
10-12-2010 22:59;77;0
10-12-2010 23:00;91;0
10-12-2010 23:01;205;0
10-12-2010 23:02;227;0
10-12-2010 23:03;410;0
10-12-2010 23:04;316;0
10-12-2010 23:05;68;0
10-12-2010 23:06;483;0
10-12-2010 23:07;566;0
10-12-2010 23:08;605;0
10-12-2010 23:09;781;1
10-12-2010 23:10;143;0
10-12-2010 23:11;410;0
10-12-2010 23:12;138;0
10-12-2010 23:13;24;0
10-12-2010 23:14;103;0
10-12-2010 23:15;316;0
10-12-2010 23:16;107;0
10-12-2010 23:17;7;0
10-12-2010 23:18;154;0
10-12-2010 23:19;134;0
10-12-2010 23:20;268;0
10-12-2010 23:21;499;0
10-12-2010 23:22;384;0
10-12-2010 23:23;205;0
10-12-2010 23:24;285;0
10-12-2010 23:25;349;0
10-12-2010 23:26;624;0
10-12-2010 23:27;250;0
10-12-2010 23:28;316;0
10-12-2010 23:29;82;0
10-12-2010 23:30;438;0
10-12-2010 23:31;337;0
10-12-2010 23:32;360;0
10-12-2010 23:33;438;0
10-12-2010 23:34;424;0
10-12-2010 23:35;166;0
10-12-2010 23:36;227;0
10-12-2010 23:37;112;0
10-12-2010 23:38;0;0
10-12-2010 23:39;0;0
10-12-2010 23:40;99;0
10-12-2010 23:41;285;0
10-12-2010 23:42;41;0
10-12-2010 23:43;16;0
10-12-2010 23:44;44;0
10-12-2010 23:45;56;0
10-12-2010 23:46;0;0
10-12-2010 23:47;0;0
10-12-2010 23:48;0;0
10-12-2010 23:49;68;0
10-12-2010 23:50;3;0
10-12-2010 23:51;0;0
10-12-2010 23:52;4;0
10-12-2010 23:53;0;0
10-12-2010 23:54;0;0
10-12-2010 23:55;7;0
10-12-2010 23:56;0;0
10-12-2010 23:57;0;0
10-12-2010 23:58;34;0
10-12-2010 23:59;13;0
10-13-2010 00:00;0;0
10-13-2010 00:01;0;0
10-13-2010 00:02;53;0
10-13-2010 00:03;0;0
10-13-2010 00:04;16;0
10-13-2010 00:05;24;0
10-13-2010 00:06;18;0
10-13-2010 00:07;0;0
10-13-2010 00:08;7;0
10-13-2010 00:09;22;0
10-13-2010 00:10;397;0
10-13-2010 00:11;121;0
10-13-2010 00:12;47;0
10-13-2010 00:13;0;0
10-13-2010 00:14;0;0
10-13-2010 00:15;0;0
10-13-2010 00:16;0;0
10-13-2010 00:17;0;0
10-13-2010 00:18;0;0
10-13-2010 00:19;0;0
10-13-2010 00:20;0;0
10-13-2010 00:21;0;0
10-13-2010 00:22;0;0
10-13-2010 00:23;40;0
10-13-2010 00:24;32;0
10-13-2010 00:25;7;0
10-13-2010 00:26;0;0
10-13-2010 00:27;3;0
10-13-2010 00:28;0;0
10-13-2010 00:29;397;0
10-13-2010 00:30;31;0
10-13-2010 00:31;34;0
10-13-2010 00:32;197;0
10-13-2010 00:33;71;0
10-13-2010 00:34;3;0
10-13-2010 00:35;38;0
10-13-2010 00:36;47;0
10-13-2010 00:37;22;0
10-13-2010 00:38;138;0
10-13-2010 00:39;28;0
10-13-2010 00:40;0;0
10-13-2010 00:41;0;0
10-13-2010 00:42;515;0
10-13-2010 00:43;190;0
10-13-2010 00:44;212;0
10-13-2010 00:45;149;0
10-13-2010 00:46;103;0
10-13-2010 00:47;268;0
10-13-2010 00:48;91;0
10-13-2010 00:49;26;0
10-13-2010 00:50;566;0
10-13-2010 00:51;65;0
10-13-2010 00:52;0;0
10-13-2010 00:53;0;0
10-13-2010 00:54;166;0
10-13-2010 00:55;46;0
10-13-2010 00:56;85;0
10-13-2010 00:57;56;0
10-13-2010 00:58;410;0
10-13-2010 00:59;74;0
10-13-2010 01:00;103;0
10-13-2010 01:01;756;1
10-13-2010 01:02;438;0
10-13-2010 01:03;360;0
10-13-2010 01:04;285;0
10-13-2010 01:05;85;0
10-13-2010 01:06;134;0
10-13-2010 01:07;38;0
10-13-2010 01:08;219;0
10-13-2010 01:09;3;0
10-13-2010 01:10;143;0
10-13-2010 01:11;38;0
10-13-2010 01:12;68;0
10-13-2010 01:13;4;0
10-13-2010 01:14;50;0
10-13-2010 01:15;26;0
10-13-2010 01:16;107;0
10-13-2010 01:17;0;0
10-13-2010 01:18;0;0
10-13-2010 01:19;0;0
10-13-2010 01:20;56;0
10-13-2010 01:21;99;0
10-13-2010 01:22;79;0
10-13-2010 01:23;59;0
10-13-2010 01:24;31;0
10-13-2010 01:25;99;0
10-13-2010 01:26;172;0
10-13-2010 01:27;59;0
10-13-2010 01:28;77;0
10-13-2010 01:29;112;0
10-13-2010 01:30;43;0
10-13-2010 01:31;56;0
10-13-2010 01:32;91;0
10-13-2010 01:33;0;0
10-13-2010 01:34;94;0
10-13-2010 01:35;65;0
10-13-2010 01:36;9;0
10-13-2010 01:37;0;0
10-13-2010 01:38;0;0
10-13-2010 01:39;71;0
10-13-2010 01:40;9;0
10-13-2010 01:41;184;0
10-13-2010 01:42;94;0
10-13-2010 01:43;88;0
10-13-2010 01:44;37;0
10-13-2010 01:45;71;0
10-13-2010 01:46;3;0
10-13-2010 01:47;15;0
10-13-2010 01:48;77;0
10-13-2010 01:49;154;0
10-13-2010 01:50;154;0
10-13-2010 01:51;149;0
10-13-2010 01:52;160;0
10-13-2010 01:53;12;0
10-13-2010 01:54;0;0
10-13-2010 01:55;0;0
10-13-2010 01:56;0;0
10-13-2010 01:57;0;0
10-13-2010 01:58;18;0
10-13-2010 01:59;7;0
10-13-2010 02:00;0;0
10-13-2010 02:01;12;0
10-13-2010 02:02;0;0
10-13-2010 02:03;0;0
10-13-2010 02:04;7;0
10-13-2010 02:05;154;0
10-13-2010 02:06;0;0
10-13-2010 02:07;0;0
10-13-2010 02:08;0;0
10-13-2010 02:09;0;0
10-13-2010 02:10;0;0
10-13-2010 02:11;4;0
10-13-2010 02:12;0;0
10-13-2010 02:13;0;0
10-13-2010 02:14;0;0
10-13-2010 02:15;234;0
10-13-2010 02:16;59;0
10-13-2010 02:17;46;0
10-13-2010 02:18;50;0
10-13-2010 02:19;7;0
10-13-2010 02:20;268;0
10-13-2010 02:21;149;0
10-13-2010 02:22;53;0
10-13-2010 02:23;85;0
10-13-2010 02:24;112;0
10-13-2010 02:25;190;0
10-13-2010 02:26;259;0
10-13-2010 02:27;19;0
10-13-2010 02:28;13;0
10-13-2010 02:29;7;0
10-13-2010 02:30;0;0
10-13-2010 02:31;0;0
10-13-2010 02:32;3;0
10-13-2010 02:33;0;0
10-13-2010 02:34;3;0
10-13-2010 02:35;18;0
10-13-2010 02:36;0;0
10-13-2010 02:37;3;0
10-13-2010 02:38;0;0
10-13-2010 02:39;3;0
10-13-2010 02:40;0;0
10-13-2010 02:41;149;0
10-13-2010 02:42;337;0
10-13-2010 02:43;296;0
10-13-2010 02:44;59;0
10-13-2010 02:45;112;0
10-13-2010 02:46;116;0
10-13-2010 02:47;3;0
10-13-2010 02:48;0;0
10-13-2010 02:49;19;0
10-13-2010 02:50;24;0
10-13-2010 02:51;154;0
10-13-2010 02:52;4;0
10-13-2010 02:53;0;0
10-13-2010 02:54;10;0
10-13-2010 02:55;0;0
10-13-2010 02:56;99;0
10-13-2010 02:57;212;0
10-13-2010 02:58;74;0
10-13-2010 02:59;62;0
10-13-2010 03:00;18;0
10-13-2010 03:01;0;0
10-13-2010 03:02;0;0
10-13-2010 03:03;277;0
10-13-2010 03:04;277;0
10-13-2010 03:05;25;0
10-13-2010 03:06;28;0
10-13-2010 03:07;107;0
10-13-2010 03:08;50;0
10-13-2010 03:09;0;0
10-13-2010 03:10;53;0
10-13-2010 03:11;0;0
10-13-2010 03:12;0;0
10-13-2010 03:13;0;0
10-13-2010 03:14;0;0
10-13-2010 03:15;0;0
10-13-2010 03:16;0;0
10-13-2010 03:17;0;0
10-13-2010 03:18;0;0
10-13-2010 03:19;0;0
10-13-2010 03:20;9;0
10-13-2010 03:21;372;0
10-13-2010 03:22;10;0
10-13-2010 03:23;10;0
10-13-2010 03:24;143;0
10-13-2010 03:25;21;0
10-13-2010 03:26;74;0
10-13-2010 03:27;31;0
10-13-2010 03:28;13;0
10-13-2010 03:29;53;0
10-13-2010 03:30;19;0
10-13-2010 03:31;53;0
10-13-2010 03:32;24;0
10-13-2010 03:33;103;0
10-13-2010 03:34;25;0
10-13-2010 03:35;16;0
10-13-2010 03:36;18;0
10-13-2010 03:37;47;0
10-13-2010 03:38;12;0
10-13-2010 03:39;16;0
10-13-2010 03:40;0;0
10-13-2010 03:41;0;0
10-13-2010 03:42;0;0
10-13-2010 03:43;0;0
10-13-2010 03:44;0;0
10-13-2010 03:45;0;0
10-13-2010 03:46;0;0
10-13-2010 03:47;0;0
10-13-2010 03:48;0;0
10-13-2010 03:49;0;0
10-13-2010 03:50;0;0
10-13-2010 03:51;0;0
10-13-2010 03:52;0;0
10-13-2010 03:53;10;0
10-13-2010 03:54;0;0
10-13-2010 03:55;172;0
10-13-2010 03:56;10;0
10-13-2010 03:57;77;0
10-13-2010 03:58;241;0
10-13-2010 03:59;184;0
10-13-2010 04:00;0;0
10-13-2010 04:01;9;0
10-13-2010 04:02;0;0
10-13-2010 04:03;3;0
10-13-2010 04:04;12;0
10-13-2010 04:05;12;0
10-13-2010 04:06;25;0
10-13-2010 04:07;7;0
10-13-2010 04:08;53;0
10-13-2010 04:09;26;0
10-13-2010 04:10;13;0
10-13-2010 04:11;28;0
10-13-2010 04:12;12;0
10-13-2010 04:13;0;0
10-13-2010 04:14;0;0
10-13-2010 04:15;26;0
10-13-2010 04:16;3;0
10-13-2010 04:17;0;0
10-13-2010 04:18;53;0
10-13-2010 04:19;0;0
10-13-2010 04:20;19;0
10-13-2010 04:21;0;0
10-13-2010 04:22;0;0
10-13-2010 04:23;6;0
10-13-2010 04:24;0;0
10-13-2010 04:25;0;0
10-13-2010 04:26;0;0
10-13-2010 04:27;0;0
10-13-2010 04:28;0;0
10-13-2010 04:29;0;0
10-13-2010 04:30;0;0
10-13-2010 04:31;0;0
10-13-2010 04:32;0;0
10-13-2010 04:33;0;0
10-13-2010 04:34;0;0
10-13-2010 04:35;0;0
10-13-2010 04:36;0;0
10-13-2010 04:37;0;0
10-13-2010 04:38;0;0
10-13-2010 04:39;0;0
10-13-2010 04:40;0;0
10-13-2010 04:41;0;0
10-13-2010 04:42;0;0
10-13-2010 04:43;0;0
10-13-2010 04:44;0;0
10-13-2010 04:45;0;0
10-13-2010 04:46;0;0
10-13-2010 04:47;0;0
10-13-2010 04:48;149;0
10-13-2010 04:49;10;0
10-13-2010 04:50;32;0
10-13-2010 04:51;125;0
10-13-2010 04:52;0;0
10-13-2010 04:53;0;0
10-13-2010 04:54;0;0
10-13-2010 04:55;0;0
10-13-2010 04:56;0;0
10-13-2010 04:57;0;0
10-13-2010 04:58;0;0
10-13-2010 04:59;0;0
10-13-2010 05:00;19;0
10-13-2010 05:01;37;0
10-13-2010 05:02;0;0
10-13-2010 05:03;0;0
10-13-2010 05:04;0;0
10-13-2010 05:05;0;0
10-13-2010 05:06;0;0
10-13-2010 05:07;0;0
10-13-2010 05:08;0;0
10-13-2010 05:09;0;0
10-13-2010 05:10;0;0
10-13-2010 05:11;0;0
10-13-2010 05:12;0;0
10-13-2010 05:13;0;0
10-13-2010 05:14;0;0
10-13-2010 05:15;0;0
10-13-2010 05:16;0;0
10-13-2010 05:17;0;0
10-13-2010 05:18;0;0
10-13-2010 05:19;0;0
10-13-2010 05:20;0;0
10-13-2010 05:21;0;0
10-13-2010 05:22;0;0
10-13-2010 05:23;0;0
10-13-2010 05:24;0;0
10-13-2010 05:25;0;0
10-13-2010 05:26;0;0
10-13-2010 05:27;0;0
10-13-2010 05:28;0;0
10-13-2010 05:29;0;0
10-13-2010 05:30;0;0
10-13-2010 05:31;0;0
10-13-2010 05:32;0;0
10-13-2010 05:33;0;0
10-13-2010 05:34;0;0
10-13-2010 05:35;0;0
10-13-2010 05:36;0;0
10-13-2010 05:37;0;0
10-13-2010 05:38;0;0
10-13-2010 05:39;0;0
10-13-2010 05:40;0;0
10-13-2010 05:41;0;0
10-13-2010 05:42;0;0
10-13-2010 05:43;0;0
10-13-2010 05:44;0;0
10-13-2010 05:45;0;0
10-13-2010 05:46;0;0
10-13-2010 05:47;0;0
10-13-2010 05:48;0;0
10-13-2010 05:49;0;0
10-13-2010 05:50;0;0
10-13-2010 05:51;0;0
10-13-2010 05:52;0;0
10-13-2010 05:53;0;0
10-13-2010 05:54;0;0
10-13-2010 05:55;21;0
10-13-2010 05:56;0;0
10-13-2010 05:57;0;0
10-13-2010 05:58;0;0
10-13-2010 05:59;0;0
10-13-2010 06:00;0;0
10-13-2010 06:01;0;0
10-13-2010 06:02;0;0
10-13-2010 06:03;0;0
10-13-2010 06:04;0;0
10-13-2010 06:05;0;0
10-13-2010 06:06;0;0
10-13-2010 06:07;0;0
10-13-2010 06:08;0;0
10-13-2010 06:09;0;0
10-13-2010 06:10;0;0
10-13-2010 06:11;0;0
10-13-2010 06:12;0;0
10-13-2010 06:13;0;0
10-13-2010 06:14;0;0
10-13-2010 06:15;0;0
10-13-2010 06:16;0;0
10-13-2010 06:17;0;0
10-13-2010 06:18;0;0
10-13-2010 06:19;0;0
10-13-2010 06:20;0;0
10-13-2010 06:21;0;0
10-13-2010 06:22;0;0
10-13-2010 06:23;0;0
10-13-2010 06:24;0;0
10-13-2010 06:25;143;0
10-13-2010 06:26;0;0
10-13-2010 06:27;166;0
10-13-2010 06:28;250;0
10-13-2010 06:29;53;0
10-13-2010 06:30;0;0
10-13-2010 06:31;0;0
10-13-2010 06:32;0;0
10-13-2010 06:33;0;0
10-13-2010 06:34;0;0
10-13-2010 06:35;0;0
10-13-2010 06:36;0;0
10-13-2010 06:37;0;0
10-13-2010 06:38;37;0
10-13-2010 06:39;29;0
10-13-2010 06:40;0;0
10-13-2010 06:41;56;0
10-13-2010 06:42;0;0
10-13-2010 06:43;0;0
10-13-2010 06:44;0;0
10-13-2010 06:45;0;0
10-13-2010 06:46;360;0
10-13-2010 06:47;0;0
10-13-2010 06:48;0;0
10-13-2010 06:49;4;0
10-13-2010 06:50;3;0
10-13-2010 06:51;0;0
10-13-2010 06:52;0;0
10-13-2010 06:53;0;0
10-13-2010 06:54;0;0
10-13-2010 06:55;0;0
10-13-2010 06:56;0;0
10-13-2010 06:57;0;0
10-13-2010 06:58;53;0
10-13-2010 06:59;0;0
10-13-2010 07:00;0;0
10-13-2010 07:01;0;0
10-13-2010 07:02;0;0
10-13-2010 07:03;0;0
10-13-2010 07:04;0;0
10-13-2010 07:05;7;0
10-13-2010 07:06;0;0
10-13-2010 07:07;0;0
10-13-2010 07:08;0;0
10-13-2010 07:09;0;0
10-13-2010 07:10;0;0
10-13-2010 07:11;0;0
10-13-2010 07:12;0;0
10-13-2010 07:13;0;0
10-13-2010 07:14;0;0
10-13-2010 07:15;0;0
10-13-2010 07:16;0;0
10-13-2010 07:17;0;0
10-13-2010 07:18;0;0
10-13-2010 07:19;59;0
10-13-2010 07:20;0;0
10-13-2010 07:21;0;0
10-13-2010 07:22;0;0
10-13-2010 07:23;0;0
10-13-2010 07:24;0;0
10-13-2010 07:25;0;0
10-13-2010 07:26;0;0
10-13-2010 07:27;0;0
10-13-2010 07:28;0;0
10-13-2010 07:29;0;0
10-13-2010 07:30;0;0
10-13-2010 07:31;0;0
10-13-2010 07:32;0;0
10-13-2010 07:33;0;0
10-13-2010 07:34;0;0
10-13-2010 07:35;0;0
10-13-2010 07:36;0;0
10-13-2010 07:37;0;0
10-13-2010 07:38;0;0
10-13-2010 07:39;4;0
10-13-2010 07:40;0;0
10-13-2010 07:41;0;0
10-13-2010 07:42;121;0
10-13-2010 07:43;149;0
10-13-2010 07:44;0;0
10-13-2010 07:45;68;0
10-13-2010 07:46;0;0
10-13-2010 07:47;0;0
10-13-2010 07:48;337;0
10-13-2010 07:49;31;0
10-13-2010 07:50;0;0
10-13-2010 07:51;0;0
10-13-2010 07:52;0;0
10-13-2010 07:53;0;0
10-13-2010 07:54;32;0
10-13-2010 07:55;0;0
10-13-2010 07:56;47;0
10-13-2010 07:57;3;0
10-13-2010 07:58;0;0
10-13-2010 07:59;0;0
10-13-2010 08:00;40;0
10-13-2010 08:01;0;0
10-13-2010 08:02;212;0
10-13-2010 08:03;0;0
10-13-2010 08:04;0;0
10-13-2010 08:05;99;0
10-13-2010 08:06;0;0
10-13-2010 08:07;0;0
10-13-2010 08:08;74;0
10-13-2010 08:09;0;0
10-13-2010 08:10;0;0
10-13-2010 08:11;28;0
10-13-2010 08:12;0;0
10-13-2010 08:13;316;0
10-13-2010 08:14;0;0
10-13-2010 08:15;13;0
10-13-2010 08:16;31;0
10-13-2010 08:17;0;0
10-13-2010 08:18;0;0
10-13-2010 08:19;372;0
10-13-2010 08:20;0;0
10-13-2010 08:21;0;0
10-13-2010 08:22;0;0
10-13-2010 08:23;0;0
10-13-2010 08:24;0;0
10-13-2010 08:25;0;0
10-13-2010 08:26;0;0
10-13-2010 08:27;0;0
10-13-2010 08:28;138;0
10-13-2010 08:29;0;0
10-13-2010 08:30;0;0
10-13-2010 08:31;0;0
10-13-2010 08:32;219;0
10-13-2010 08:33;129;0
10-13-2010 08:34;499;0
10-13-2010 08:35;227;0
10-13-2010 08:36;277;0
10-13-2010 08:37;833;1
10-13-2010 08:38;190;0
10-13-2010 08:39;3;0
10-13-2010 08:40;13;0
10-13-2010 08:41;0;0
10-13-2010 08:42;3;0
10-13-2010 08:43;138;0
10-13-2010 08:44;15;0
10-13-2010 08:45;4;0
10-13-2010 08:46;234;0
10-13-2010 08:47;4;0
10-13-2010 08:48;50;0
10-13-2010 08:49;38;0
10-13-2010 08:50;77;0
10-13-2010 08:51;25;0
10-13-2010 08:52;59;0
10-13-2010 08:53;0;0
10-13-2010 08:54;50;0
10-13-2010 08:55;0;0
10-13-2010 08:56;0;0
10-13-2010 08:57;0;0
10-13-2010 08:58;29;0
10-13-2010 08:59;184;0
10-13-2010 09:00;4;0
10-13-2010 09:01;62;0
10-13-2010 09:02;0;0
10-13-2010 09:03;0;0
10-13-2010 09:04;0;0
10-13-2010 09:05;0;0
10-13-2010 09:06;82;0
10-13-2010 09:07;0;0
10-13-2010 09:08;13;0
10-13-2010 09:09;0;0
10-13-2010 09:10;0;0
10-13-2010 09:11;0;0
10-13-2010 09:12;0;0
10-13-2010 09:13;0;0
10-13-2010 09:14;0;0
10-13-2010 09:15;0;0
10-13-2010 09:16;15;0
10-13-2010 09:17;7;0
10-13-2010 09:18;0;0
10-13-2010 09:19;99;0
10-13-2010 09:20;0;0
10-13-2010 09:21;0;0
10-13-2010 09:22;0;0
10-13-2010 09:23;0;0
10-13-2010 09:24;0;0
10-13-2010 09:25;4;0
10-13-2010 09:26;19;0
10-13-2010 09:27;0;0
10-13-2010 09:28;0;0
10-13-2010 09:29;3;0
10-13-2010 09:30;0;0
10-13-2010 09:31;3;0
10-13-2010 09:32;0;0
10-13-2010 09:33;0;0
10-13-2010 09:34;0;0
10-13-2010 09:35;0;0
10-13-2010 09:36;0;0
10-13-2010 09:37;0;0
10-13-2010 09:38;0;0
10-13-2010 09:39;0;0
10-13-2010 09:40;0;0
10-13-2010 09:41;0;0
10-13-2010 09:42;0;0
10-13-2010 09:43;107;0
10-13-2010 09:44;0;0
10-13-2010 09:45;0;0
10-13-2010 09:46;0;0
10-13-2010 09:47;0;0
10-13-2010 09:48;0;0
10-13-2010 09:49;0;0
10-13-2010 09:50;0;0
10-13-2010 09:51;0;0
10-13-2010 09:52;0;0
10-13-2010 09:53;0;0
10-13-2010 09:54;0;0
10-13-2010 09:55;0;0
10-13-2010 09:56;0;0
10-13-2010 09:57;0;0
10-13-2010 09:58;0;0
10-13-2010 09:59;0;0
10-13-2010 10:00;0;0
10-13-2010 10:01;0;0
10-13-2010 10:02;0;0
10-13-2010 10:03;0;0
10-13-2010 10:04;0;0
10-13-2010 10:05;0;0
10-13-2010 10:06;0;0
10-13-2010 10:07;0;0
10-13-2010 10:08;0;0
10-13-2010 10:09;0;0
10-13-2010 10:10;0;0
10-13-2010 10:11;116;0
10-13-2010 10:12;0;0
10-13-2010 10:13;0;0
10-13-2010 10:14;0;0
10-13-2010 10:15;0;0
10-13-2010 10:16;0;0
10-13-2010 10:17;0;0
10-13-2010 10:18;0;0
10-13-2010 10:19;0;0
10-13-2010 10:20;0;0
10-13-2010 10:21;0;0
10-13-2010 10:22;0;0
10-13-2010 10:23;0;0
10-13-2010 10:24;62;0
10-13-2010 10:25;0;0
10-13-2010 10:26;0;0
10-13-2010 10:27;134;0
10-13-2010 10:28;3;0
10-13-2010 10:29;0;0
10-13-2010 10:30;0;0
10-13-2010 10:31;9;0
10-13-2010 10:32;0;0
10-13-2010 10:33;0;0
10-13-2010 10:34;0;0
10-13-2010 10:35;0;0
10-13-2010 10:36;0;0
10-13-2010 10:37;3;0
10-13-2010 10:38;0;0
10-13-2010 10:39;0;0
10-13-2010 10:40;0;0
10-13-2010 10:41;0;0
10-13-2010 10:42;0;0
10-13-2010 10:43;0;0
10-13-2010 10:44;24;0
10-13-2010 10:45;0;0
10-13-2010 10:46;0;0
10-13-2010 10:47;0;0
10-13-2010 10:48;0;0
10-13-2010 10:49;0;0
10-13-2010 10:50;0;0
10-13-2010 10:51;0;0
10-13-2010 10:52;0;0
10-13-2010 10:53;47;0
10-13-2010 10:54;0;0
10-13-2010 10:55;0;0
10-13-2010 10:56;0;0
10-13-2010 10:57;0;0
10-13-2010 10:58;13;0
10-13-2010 10:59;0;0
10-13-2010 11:00;0;0
10-13-2010 11:01;0;0
10-13-2010 11:02;0;0
10-13-2010 11:03;0;0
10-13-2010 11:04;0;0
10-13-2010 11:05;0;0
10-13-2010 11:06;0;0
10-13-2010 11:07;0;0
10-13-2010 11:08;0;0
10-13-2010 11:09;0;0
10-13-2010 11:10;0;0
10-13-2010 11:11;0;0
10-13-2010 11:12;0;0
10-13-2010 11:13;0;0
10-13-2010 11:14;88;0
10-13-2010 11:15;0;0
10-13-2010 11:16;0;0
10-13-2010 11:17;0;0
10-13-2010 11:18;0;0
10-13-2010 11:19;0;0
10-13-2010 11:20;0;0
10-13-2010 11:21;0;0
10-13-2010 11:22;0;0
10-13-2010 11:23;0;0
10-13-2010 11:24;19;0
10-13-2010 11:25;0;0
10-13-2010 11:26;0;0
10-13-2010 11:27;0;0
10-13-2010 11:28;0;0
10-13-2010 11:29;0;0
10-13-2010 11:30;0;0
10-13-2010 11:31;0;0
10-13-2010 11:32;0;0
10-13-2010 11:33;0;0
10-13-2010 11:34;0;0
10-13-2010 11:35;0;0
10-13-2010 11:36;0;0
10-13-2010 11:37;0;0
10-13-2010 11:38;0;0
10-13-2010 11:39;0;0
10-13-2010 11:40;0;0
10-13-2010 11:41;0;0
10-13-2010 11:42;0;0
10-13-2010 11:43;0;0
10-13-2010 11:44;0;0
10-13-2010 11:45;0;0
10-13-2010 11:46;0;0
10-13-2010 11:47;0;0
10-13-2010 11:48;0;0
10-13-2010 11:49;0;0
10-13-2010 11:50;0;0
10-13-2010 11:51;0;0
10-13-2010 11:52;0;0
10-13-2010 11:53;0;0
10-13-2010 11:54;0;0
10-13-2010 11:55;0;0
10-13-2010 11:56;25;0
10-13-2010 11:57;0;0
10-13-2010 11:58;0;0
10-13-2010 11:59;0;0
10-13-2010 12:00;0;0
10-13-2010 12:01;285;0
10-13-2010 12:02;112;0
10-13-2010 12:03;0;0
10-13-2010 12:04;0;0
10-13-2010 12:05;0;0
10-13-2010 12:06;0;0
10-13-2010 12:07;116;0
10-13-2010 12:08;107;0
10-13-2010 12:09;85;0
10-13-2010 12:10;424;0
10-13-2010 12:11;945;1
10-13-2010 12:12;372;0
10-13-2010 12:13;424;0
10-13-2010 12:14;268;0
10-13-2010 12:15;665;1
10-13-2010 12:16;499;0
10-13-2010 12:17;268;0
10-13-2010 12:18;0;0
10-13-2010 12:19;0;0
10-13-2010 12:20;62;0
10-13-2010 12:21;0;0
10-13-2010 12:22;0;0
10-13-2010 12:23;3;0
10-13-2010 12:24;0;0
10-13-2010 12:25;0;0
10-13-2010 12:26;0;0
10-13-2010 12:27;3;0
10-13-2010 12:28;0;0
10-13-2010 12:29;4;0
10-13-2010 12:30;99;0
10-13-2010 12:31;40;0
10-13-2010 12:32;0;0
10-13-2010 12:33;0;0
10-13-2010 12:34;16;0
10-13-2010 12:35;3;0
10-13-2010 12:36;9;0
10-13-2010 12:37;166;0
10-13-2010 12:38;50;0
10-13-2010 12:39;0;0
10-13-2010 12:40;0;0
10-13-2010 12:41;372;0
10-13-2010 12:42;665;1
10-13-2010 12:43;384;0
10-13-2010 12:44;499;0
10-13-2010 12:45;438;0
10-13-2010 12:46;483;0
10-13-2010 12:47;515;0
10-13-2010 12:48;468;0
10-13-2010 12:49;483;0
10-13-2010 12:50;337;0
10-13-2010 12:51;372;0
10-13-2010 12:52;1178;1
10-13-2010 12:53;624;0
10-13-2010 12:54;665;1
10-13-2010 12:55;687;1
10-13-2010 12:56;499;0
10-13-2010 12:57;605;0
10-13-2010 12:58;644;0
10-13-2010 12:59;687;1
10-13-2010 13:00;665;1
10-13-2010 13:01;624;0
10-13-2010 13:02;277;0
10-13-2010 13:03;56;0
10-13-2010 13:04;285;0
10-13-2010 13:05;172;0
10-13-2010 13:06;277;0
10-13-2010 13:07;316;0
10-13-2010 13:08;483;0
10-13-2010 13:09;234;0
10-13-2010 13:10;306;0
10-13-2010 13:11;107;0
10-13-2010 13:12;77;0
10-13-2010 13:13;22;0
10-13-2010 13:14;79;0
10-13-2010 13:15;107;0
10-13-2010 13:16;26;0
10-13-2010 13:17;212;0
10-13-2010 13:18;453;0
10-13-2010 13:19;103;0
10-13-2010 13:20;227;0
10-13-2010 13:21;0;0
10-13-2010 13:22;3;0
10-13-2010 13:23;0;0
10-13-2010 13:24;99;0
10-13-2010 13:25;316;0
10-13-2010 13:26;531;0
10-13-2010 13:27;859;1
10-13-2010 13:28;424;0
10-13-2010 13:29;859;1
10-13-2010 13:30;756;1
10-13-2010 13:31;833;1
10-13-2010 13:32;515;0
10-13-2010 13:33;733;1
10-13-2010 13:34;624;0
10-13-2010 13:35;143;0
10-13-2010 13:36;453;0
10-13-2010 13:37;91;0
10-13-2010 13:38;197;0
10-13-2010 13:39;190;0
10-13-2010 13:40;531;0
10-13-2010 13:41;227;0
10-13-2010 13:42;483;0
10-13-2010 13:43;665;1
10-13-2010 13:44;644;0
10-13-2010 13:45;515;0
10-13-2010 13:46;644;0
10-13-2010 13:47;624;0
10-13-2010 13:48;483;0
10-13-2010 13:49;438;0
10-13-2010 13:50;337;0
10-13-2010 13:51;205;0
10-13-2010 13:52;227;0
10-13-2010 13:53;74;0
10-13-2010 13:54;219;0
10-13-2010 13:55;259;0
10-13-2010 13:56;26;0
10-13-2010 13:57;99;0
10-13-2010 13:58;103;0
10-13-2010 13:59;44;0
10-13-2010 14:00;38;0
10-13-2010 14:01;327;0
10-13-2010 14:02;349;0
10-13-2010 14:03;160;0
10-13-2010 14:04;18;0
10-13-2010 14:05;71;0
10-13-2010 14:06;82;0
10-13-2010 14:07;18;0
10-13-2010 14:08;77;0
10-13-2010 14:09;349;0
10-13-2010 14:10;756;1
10-13-2010 14:11;887;1
10-13-2010 14:12;125;0
10-13-2010 14:13;397;0
10-13-2010 14:14;1039;1
10-13-2010 14:15;1295;1
10-13-2010 14:16;468;0
10-13-2010 14:17;121;0
10-13-2010 14:18;644;0
10-13-2010 14:19;733;1
10-13-2010 14:20;515;0
10-13-2010 14:21;234;0
10-13-2010 14:22;268;0
10-13-2010 14:23;316;0
10-13-2010 14:24;125;0
10-13-2010 14:25;190;0
10-13-2010 14:26;212;0
10-13-2010 14:27;107;0
10-13-2010 14:28;316;0
10-13-2010 14:29;116;0
10-13-2010 14:30;99;0
10-13-2010 14:31;31;0
10-13-2010 14:32;134;0
10-13-2010 14:33;327;0
10-13-2010 14:34;68;0
10-13-2010 14:35;94;0
10-13-2010 14:36;143;0
10-13-2010 14:37;125;0
10-13-2010 14:38;212;0
10-13-2010 14:39;99;0
10-13-2010 14:40;197;0
10-13-2010 14:41;71;0
10-13-2010 14:42;3;0
10-13-2010 14:43;349;0
10-13-2010 14:44;143;0
10-13-2010 14:45;166;0
10-13-2010 14:46;268;0
10-13-2010 14:47;15;0
10-13-2010 14:48;154;0
10-13-2010 14:49;56;0
10-13-2010 14:50;241;0
10-13-2010 14:51;26;0
10-13-2010 14:52;234;0
10-13-2010 14:53;9;0
10-13-2010 14:54;12;0
10-13-2010 14:55;53;0
10-13-2010 14:56;9;0
10-13-2010 14:57;0;0
10-13-2010 14:58;59;0
10-13-2010 14:59;13;0
10-13-2010 15:00;605;0
10-13-2010 15:01;205;0
10-13-2010 15:02;116;0
10-13-2010 15:03;384;0
10-13-2010 15:04;107;0
10-13-2010 15:05;65;0
10-13-2010 15:06;0;0
10-13-2010 15:07;13;0
10-13-2010 15:08;46;0
10-13-2010 15:09;3;0
10-13-2010 15:10;25;0
10-13-2010 15:11;88;0
10-13-2010 15:12;59;0
10-13-2010 15:13;99;0
10-13-2010 15:14;29;0
10-13-2010 15:15;12;0
10-13-2010 15:16;74;0
10-13-2010 15:17;112;0
10-13-2010 15:18;12;0
10-13-2010 15:19;12;0
10-13-2010 15:20;4;0
10-13-2010 15:21;6;0
10-13-2010 15:22;65;0
10-13-2010 15:23;71;0
10-13-2010 15:24;24;0
10-13-2010 15:25;3;0
10-13-2010 15:26;138;0
10-13-2010 15:27;665;1
10-13-2010 15:28;687;1
10-13-2010 15:29;316;0
10-13-2010 15:30;372;0
10-13-2010 15:31;241;0
10-13-2010 15:32;129;0
10-13-2010 15:33;37;0
10-13-2010 15:34;531;0
10-13-2010 15:35;268;0
10-13-2010 15:36;94;0
10-13-2010 15:37;241;0
10-13-2010 15:38;129;0
10-13-2010 15:39;71;0
10-13-2010 15:40;327;0
10-13-2010 15:41;62;0
10-13-2010 15:42;16;0
10-13-2010 15:43;26;0
10-13-2010 15:44;121;0
10-13-2010 15:45;62;0
10-13-2010 15:46;316;0
10-13-2010 15:47;268;0
10-13-2010 15:48;327;0
10-13-2010 15:49;250;0
10-13-2010 15:50;37;0
10-13-2010 15:51;134;0
10-13-2010 15:52;129;0
10-13-2010 15:53;40;0
10-13-2010 15:54;56;0
10-13-2010 15:55;116;0
10-13-2010 15:56;268;0
10-13-2010 15:57;360;0
10-13-2010 15:58;410;0
10-13-2010 15:59;549;0
10-13-2010 16:00;349;0
10-13-2010 16:01;259;0
10-13-2010 16:02;285;0
10-13-2010 16:03;53;0
10-13-2010 16:04;285;0
10-13-2010 16:05;99;0
10-13-2010 16:06;0;0
10-13-2010 16:07;3;0
10-13-2010 16:08;0;0
10-13-2010 16:09;0;0
10-13-2010 16:10;4;0
10-13-2010 16:11;0;0
10-13-2010 16:12;0;0
10-13-2010 16:13;15;0
10-13-2010 16:14;116;0
10-13-2010 16:15;35;0
10-13-2010 16:16;483;0
10-13-2010 16:17;531;0
10-13-2010 16:18;277;0
10-13-2010 16:19;71;0
10-13-2010 16:20;65;0
10-13-2010 16:21;212;0
10-13-2010 16:22;26;0
10-13-2010 16:23;172;0
10-13-2010 16:24;103;0
10-13-2010 16:25;4;0
10-13-2010 16:26;0;0
10-13-2010 16:27;3;0
10-13-2010 16:28;18;0
10-13-2010 16:29;3;0
10-13-2010 16:30;19;0
10-13-2010 16:31;190;0
10-13-2010 16:32;372;0
10-13-2010 16:33;531;0
10-13-2010 16:34;190;0
10-13-2010 16:35;277;0
10-13-2010 16:36;26;0
10-13-2010 16:37;99;0
10-13-2010 16:38;34;0
10-13-2010 16:39;40;0
10-13-2010 16:40;7;0
10-13-2010 16:41;16;0
10-13-2010 16:42;24;0
10-13-2010 16:43;85;0
10-13-2010 16:44;79;0
10-13-2010 16:45;91;0
10-13-2010 16:46;62;0
10-13-2010 16:47;227;0
10-13-2010 16:48;219;0
10-13-2010 16:49;166;0
10-13-2010 16:50;116;0
10-13-2010 16:51;143;0
10-13-2010 16:52;337;0
10-13-2010 16:53;234;0
10-13-2010 16:54;134;0
10-13-2010 16:55;306;0
10-13-2010 16:56;149;0
10-13-2010 16:57;85;0
10-13-2010 16:58;268;0
10-13-2010 16:59;149;0
10-13-2010 17:00;129;0
10-13-2010 17:01;40;0
10-13-2010 17:02;160;0
10-13-2010 17:03;34;0
10-13-2010 17:04;94;0
10-13-2010 17:05;112;0
10-13-2010 17:06;125;0
10-13-2010 17:07;306;0
10-13-2010 17:08;85;0
10-13-2010 17:09;19;0
10-13-2010 17:10;0;0
10-13-2010 17:11;74;0
10-13-2010 17:12;26;0
10-13-2010 17:13;0;0
10-13-2010 17:14;0;0
10-13-2010 17:15;82;0
10-13-2010 17:16;134;0
10-13-2010 17:17;91;0
10-13-2010 17:18;21;0
10-13-2010 17:19;19;0
10-13-2010 17:20;40;0
10-13-2010 17:21;112;0
10-13-2010 17:22;12;0
10-13-2010 17:23;94;0
10-13-2010 17:24;277;0
10-13-2010 17:25;166;0
10-13-2010 17:26;184;0
10-13-2010 17:27;285;0
10-13-2010 17:28;410;0
10-13-2010 17:29;149;0
10-13-2010 17:30;143;0
10-13-2010 17:31;566;0
10-13-2010 17:32;499;0
10-13-2010 17:33;859;1
10-13-2010 17:34;781;1
10-13-2010 17:35;709;1
10-13-2010 17:36;915;1
10-13-2010 17:37;453;0
10-13-2010 17:38;781;1
10-13-2010 17:39;1073;1
10-13-2010 17:40;1073;1
10-13-2010 17:41;566;0
10-13-2010 17:42;586;0
10-13-2010 17:43;1073;1
10-13-2010 17:44;975;1
10-13-2010 17:45;859;1
10-13-2010 17:46;1006;1
10-13-2010 17:47;438;0
10-13-2010 17:48;453;0
10-13-2010 17:49;499;0
10-13-2010 17:50;687;1
10-13-2010 17:51;833;1
10-13-2010 17:52;515;0
10-13-2010 17:53;709;1
10-13-2010 17:54;806;1
10-13-2010 17:55;624;0
10-13-2010 17:56;1379;1
10-13-2010 17:57;453;0
10-13-2010 17:58;241;0
10-13-2010 17:59;515;0
10-13-2010 18:00;806;1
10-13-2010 18:01;410;0
10-13-2010 18:02;499;0
10-13-2010 18:03;515;0
10-13-2010 18:04;833;1
10-13-2010 18:05;586;0
10-13-2010 18:06;277;0
10-13-2010 18:07;125;0
10-13-2010 18:08;285;0
10-13-2010 18:09;733;1
10-13-2010 18:10;337;0
10-13-2010 18:11;531;0
10-13-2010 18:12;384;0
10-13-2010 18:13;515;0
10-13-2010 18:14;306;0
10-13-2010 18:15;397;0
10-13-2010 18:16;468;0
10-13-2010 18:17;384;0
10-13-2010 18:18;605;0
10-13-2010 18:19;644;0
10-13-2010 18:20;1039;1
10-13-2010 18:21;360;0
10-13-2010 18:22;1039;1
10-13-2010 18:23;806;1
10-13-2010 18:24;499;0
10-13-2010 18:25;259;0
10-13-2010 18:26;665;1
10-13-2010 18:27;665;1
10-13-2010 18:28;975;1
10-13-2010 18:29;316;0
10-13-2010 18:30;178;0
10-13-2010 18:31;372;0
10-13-2010 18:32;360;0
10-13-2010 18:33;483;0
10-13-2010 18:34;259;0
10-13-2010 18:35;143;0
10-13-2010 18:36;468;0
10-13-2010 18:37;160;0
10-13-2010 18:38;268;0
10-13-2010 18:39;296;0
10-13-2010 18:40;424;0
10-13-2010 18:41;59;0
10-13-2010 18:42;833;1
10-13-2010 18:43;531;0
10-13-2010 18:44;605;0
10-13-2010 18:45;605;0
10-13-2010 18:46;172;0
10-13-2010 18:47;316;0
10-13-2010 18:48;453;0
10-13-2010 18:49;468;0
10-13-2010 18:50;71;0
10-13-2010 18:51;121;0
10-13-2010 18:52;94;0
10-13-2010 18:53;349;0
10-13-2010 18:54;184;0
10-13-2010 18:55;241;0
10-13-2010 18:56;149;0
10-13-2010 18:57;7;0
10-13-2010 18:58;143;0
10-13-2010 18:59;107;0
10-13-2010 19:00;285;0
10-13-2010 19:01;337;0
10-13-2010 19:02;227;0
10-13-2010 19:03;709;1
10-13-2010 19:04;99;0
10-13-2010 19:05;28;0
10-13-2010 19:06;3;0
10-13-2010 19:07;18;0
10-13-2010 19:08;327;0
10-13-2010 19:09;259;0
10-13-2010 19:10;453;0
10-13-2010 19:11;515;0
10-13-2010 19:12;566;0
10-13-2010 19:13;259;0
10-13-2010 19:14;178;0
10-13-2010 19:15;184;0
10-13-2010 19:16;143;0
10-13-2010 19:17;227;0
10-13-2010 19:18;624;0
10-13-2010 19:19;549;0
10-13-2010 19:20;197;0
10-13-2010 19:21;71;0
10-13-2010 19:22;134;0
10-13-2010 19:23;360;0
10-13-2010 19:24;212;0
10-13-2010 19:25;349;0
10-13-2010 19:26;190;0
10-13-2010 19:27;349;0
10-13-2010 19:28;0;0
10-13-2010 19:29;0;0
10-13-2010 19:30;125;0
10-13-2010 19:31;0;0
10-13-2010 19:32;77;0
10-13-2010 19:33;296;0
10-13-2010 19:34;327;0
10-13-2010 19:35;372;0
10-13-2010 19:36;116;0
10-13-2010 19:37;31;0
10-13-2010 19:38;53;0
10-13-2010 19:39;112;0
10-13-2010 19:40;483;0
10-13-2010 19:41;397;0
10-13-2010 19:42;483;0
10-13-2010 19:43;129;0
10-13-2010 19:44;53;0
10-13-2010 19:45;259;0
10-13-2010 19:46;4;0
10-13-2010 19:47;234;0
10-13-2010 19:48;74;0
10-13-2010 19:49;0;0
10-13-2010 19:50;0;0
10-13-2010 19:51;0;0
10-13-2010 19:52;0;0
10-13-2010 19:53;0;0
10-13-2010 19:54;0;0
10-13-2010 19:55;0;0
10-13-2010 19:56;112;0
10-13-2010 19:57;125;0
10-13-2010 19:58;129;0
10-13-2010 19:59;77;0
10-13-2010 20:00;172;0
10-13-2010 20:01;99;0
10-13-2010 20:02;103;0
10-13-2010 20:03;91;0
10-13-2010 20:04;103;0
10-13-2010 20:05;24;0
10-13-2010 20:06;18;0
10-13-2010 20:07;34;0
10-13-2010 20:08;56;0
10-13-2010 20:09;53;0
10-13-2010 20:10;7;0
10-13-2010 20:11;149;0
10-13-2010 20:12;6;0
10-13-2010 20:13;41;0
10-13-2010 20:14;0;0
10-13-2010 20:15;0;0
10-13-2010 20:16;0;0
10-13-2010 20:17;0;0
10-13-2010 20:18;0;0
10-13-2010 20:19;0;0
10-13-2010 20:20;18;0
10-13-2010 20:21;6;0
10-13-2010 20:22;0;0
10-13-2010 20:23;0;0
10-13-2010 20:24;0;0
10-13-2010 20:25;99;0
10-13-2010 20:26;241;0
10-13-2010 20:27;241;0
10-13-2010 20:28;219;0
10-13-2010 20:29;149;0
10-13-2010 20:30;62;0
10-13-2010 20:31;360;0
10-13-2010 20:32;74;0
10-13-2010 20:33;0;0
10-13-2010 20:34;0;0
10-13-2010 20:35;285;0
10-13-2010 20:36;268;0
10-13-2010 20:37;88;0
10-13-2010 20:38;499;0
10-13-2010 20:39;806;1
10-13-2010 20:40;624;0
10-13-2010 20:41;32;0
10-13-2010 20:42;296;0
10-13-2010 20:43;227;0
10-13-2010 20:44;227;0
10-13-2010 20:45;205;0
10-13-2010 20:46;138;0
10-13-2010 20:47;306;0
10-13-2010 20:48;82;0
10-13-2010 20:49;0;0
10-13-2010 20:50;0;0
10-13-2010 20:51;149;0
10-13-2010 20:52;74;0
10-13-2010 20:53;0;0
10-13-2010 20:54;34;0
10-13-2010 20:55;7;0
10-13-2010 20:56;50;0
10-13-2010 20:57;0;0
10-13-2010 20:58;0;0
10-13-2010 20:59;0;0
10-13-2010 21:00;0;0
10-13-2010 21:01;0;0
10-13-2010 21:02;0;0
10-13-2010 21:03;499;0
10-13-2010 21:04;160;0
10-13-2010 21:05;4;0
10-13-2010 21:06;0;0
10-13-2010 21:07;0;0
10-13-2010 21:08;129;0
10-13-2010 21:09;4;0
10-13-2010 21:10;24;0
10-13-2010 21:11;35;0
10-13-2010 21:12;143;0
10-13-2010 21:13;160;0
10-13-2010 21:14;212;0
10-13-2010 21:15;316;0
10-13-2010 21:16;0;0
10-13-2010 21:17;197;0
10-13-2010 21:18;160;0
10-13-2010 21:19;24;0
10-13-2010 21:20;0;0
10-13-2010 21:21;0;0
10-13-2010 21:22;71;0
10-13-2010 21:23;0;0
10-13-2010 21:24;77;0
10-13-2010 21:25;296;0
10-13-2010 21:26;10;0
10-13-2010 21:27;205;0
10-13-2010 21:28;0;0
10-13-2010 21:29;7;0
10-13-2010 21:30;0;0
10-13-2010 21:31;85;0
10-13-2010 21:32;112;0
10-13-2010 21:33;134;0
10-13-2010 21:34;3;0
10-13-2010 21:35;74;0
10-13-2010 21:36;18;0
10-13-2010 21:37;15;0
10-13-2010 21:38;0;0
10-13-2010 21:39;0;0
10-13-2010 21:40;22;0
10-13-2010 21:41;227;0
10-13-2010 21:42;184;0
10-13-2010 21:43;268;0
10-13-2010 21:44;62;0
10-13-2010 21:45;79;0
10-13-2010 21:46;149;0
10-13-2010 21:47;0;0
10-13-2010 21:48;0;0
10-13-2010 21:49;53;0
10-13-2010 21:50;0;0
10-13-2010 21:51;143;0
10-13-2010 21:52;0;0
10-13-2010 21:53;6;0
10-13-2010 21:54;0;0
10-13-2010 21:55;121;0
10-13-2010 21:56;0;0
10-13-2010 21:57;53;0
10-13-2010 21:58;68;0
10-13-2010 21:59;21;0
10-13-2010 22:00;3;0
10-13-2010 22:01;644;0
10-13-2010 22:02;468;0
10-13-2010 22:03;483;0
10-13-2010 22:04;410;0
10-13-2010 22:05;397;0
10-13-2010 22:06;424;0
10-13-2010 22:07;424;0
10-13-2010 22:08;887;1
10-13-2010 22:09;687;1
10-13-2010 22:10;687;1
10-13-2010 22:11;468;0
10-13-2010 22:12;1073;1
10-13-2010 22:13;1295;1
10-13-2010 22:14;687;1
10-13-2010 22:15;515;0
10-13-2010 22:16;337;0
10-13-2010 22:17;178;0
10-13-2010 22:18;197;0
10-13-2010 22:19;160;0
10-13-2010 22:20;483;0
10-13-2010 22:21;384;0
10-13-2010 22:22;190;0
10-13-2010 22:23;259;0
10-13-2010 22:24;178;0
10-13-2010 22:25;149;0
10-13-2010 22:26;316;0
10-13-2010 22:27;134;0
10-13-2010 22:28;91;0
10-13-2010 22:29;59;0
10-13-2010 22:30;160;0
10-13-2010 22:31;227;0
10-13-2010 22:32;166;0
10-13-2010 22:33;149;0
10-13-2010 22:34;149;0
10-13-2010 22:35;125;0
10-13-2010 22:36;172;0
10-13-2010 22:37;190;0
10-13-2010 22:38;43;0
10-13-2010 22:39;0;0
10-13-2010 22:40;41;0
10-13-2010 22:41;241;0
10-13-2010 22:42;71;0
10-13-2010 22:43;397;0
10-13-2010 22:44;166;0
10-13-2010 22:45;234;0
10-13-2010 22:46;59;0
10-13-2010 22:47;212;0
10-13-2010 22:48;107;0
10-13-2010 22:49;219;0
10-13-2010 22:50;306;0
10-13-2010 22:51;360;0
10-13-2010 22:52;129;0
10-13-2010 22:53;349;0
10-13-2010 22:54;327;0
10-13-2010 22:55;166;0
10-13-2010 22:56;337;0
10-13-2010 22:57;499;0
10-13-2010 22:58;259;0
10-13-2010 22:59;234;0
10-13-2010 23:00;277;0
10-13-2010 23:01;499;0
10-13-2010 23:02;709;1
10-13-2010 23:03;125;0
10-13-2010 23:04;250;0
10-13-2010 23:05;296;0
10-13-2010 23:06;384;0
10-13-2010 23:07;178;0
10-13-2010 23:08;125;0
10-13-2010 23:09;259;0
10-13-2010 23:10;531;0
10-13-2010 23:11;531;0
10-13-2010 23:12;384;0
10-13-2010 23:13;85;0
10-13-2010 23:14;0;0
10-13-2010 23:15;13;0
10-13-2010 23:16;28;0
10-13-2010 23:17;31;0
10-13-2010 23:18;94;0
10-13-2010 23:19;6;0
10-13-2010 23:20;0;0
10-13-2010 23:21;34;0
10-13-2010 23:22;0;0
10-13-2010 23:23;0;0
10-13-2010 23:24;0;0
10-13-2010 23:25;0;0
10-13-2010 23:26;0;0
10-13-2010 23:27;0;0
10-13-2010 23:28;0;0
10-13-2010 23:29;40;0
10-13-2010 23:30;0;0
10-13-2010 23:31;172;0
10-13-2010 23:32;384;0
10-13-2010 23:33;24;0
10-13-2010 23:34;41;0
10-13-2010 23:35;46;0
10-13-2010 23:36;306;0
10-13-2010 23:37;0;0
10-13-2010 23:38;0;0
10-13-2010 23:39;56;0
10-13-2010 23:40;184;0
10-13-2010 23:41;107;0
10-13-2010 23:42;41;0
10-13-2010 23:43;40;0
10-13-2010 23:44;85;0
10-13-2010 23:45;687;1
10-13-2010 23:46;277;0
10-13-2010 23:47;781;1
10-13-2010 23:48;483;0
10-13-2010 23:49;372;0
10-13-2010 23:50;372;0
10-13-2010 23:51;268;0
10-13-2010 23:52;259;0
10-13-2010 23:53;103;0
10-13-2010 23:54;16;0
10-13-2010 23:55;250;0
10-13-2010 23:56;107;0
10-13-2010 23:57;16;0
10-13-2010 23:58;65;0
10-13-2010 23:59;384;0
10-14-2010 00:00;85;0
10-14-2010 00:01;125;0
10-14-2010 00:02;205;0
10-14-2010 00:03;9;0
10-14-2010 00:04;0;0
10-14-2010 00:05;0;0
10-14-2010 00:06;327;0
10-14-2010 00:07;34;0
10-14-2010 00:08;125;0
10-14-2010 00:09;26;0
10-14-2010 00:10;0;0
10-14-2010 00:11;56;0
10-14-2010 00:12;24;0
10-14-2010 00:13;94;0
10-14-2010 00:14;79;0
10-14-2010 00:15;3;0
10-14-2010 00:16;94;0
10-14-2010 00:17;18;0
10-14-2010 00:18;468;0
10-14-2010 00:19;468;0
10-14-2010 00:20;397;0
10-14-2010 00:21;0;0
10-14-2010 00:22;74;0
10-14-2010 00:23;62;0
10-14-2010 00:24;0;0
10-14-2010 00:25;0;0
10-14-2010 00:26;0;0
10-14-2010 00:27;3;0
10-14-2010 00:28;4;0
10-14-2010 00:29;468;0
10-14-2010 00:30;453;0
10-14-2010 00:31;56;0
10-14-2010 00:32;149;0
10-14-2010 00:33;68;0
10-14-2010 00:34;197;0
10-14-2010 00:35;38;0
10-14-2010 00:36;31;0
10-14-2010 00:37;26;0
10-14-2010 00:38;13;0
10-14-2010 00:39;91;0
10-14-2010 00:40;125;0
10-14-2010 00:41;31;0
10-14-2010 00:42;709;1
10-14-2010 00:43;709;1
10-14-2010 00:44;129;0
10-14-2010 00:45;46;0
10-14-2010 00:46;56;0
10-14-2010 00:47;103;0
10-14-2010 00:48;0;0
10-14-2010 00:49;46;0
10-14-2010 00:50;32;0
10-14-2010 00:51;3;0
10-14-2010 00:52;13;0
10-14-2010 00:53;0;0
10-14-2010 00:54;12;0
10-14-2010 00:55;94;0
10-14-2010 00:56;56;0
10-14-2010 00:57;10;0
10-14-2010 00:58;53;0
10-14-2010 00:59;53;0
10-14-2010 01:00;18;0
10-14-2010 01:01;53;0
10-14-2010 01:02;41;0
10-14-2010 01:03;22;0
10-14-2010 01:04;28;0
10-14-2010 01:05;0;0
10-14-2010 01:06;0;0
10-14-2010 01:07;43;0
10-14-2010 01:08;50;0
10-14-2010 01:09;0;0
10-14-2010 01:10;50;0
10-14-2010 01:11;18;0
10-14-2010 01:12;44;0
10-14-2010 01:13;53;0
10-14-2010 01:14;46;0
10-14-2010 01:15;0;0
10-14-2010 01:16;9;0
10-14-2010 01:17;28;0
10-14-2010 01:18;29;0
10-14-2010 01:19;28;0
10-14-2010 01:20;143;0
10-14-2010 01:21;15;0
10-14-2010 01:22;22;0
10-14-2010 01:23;47;0
10-14-2010 01:24;37;0
10-14-2010 01:25;3;0
10-14-2010 01:26;259;0
10-14-2010 01:27;515;0
10-14-2010 01:28;44;0
10-14-2010 01:29;296;0
10-14-2010 01:30;91;0
10-14-2010 01:31;4;0
10-14-2010 01:32;234;0
10-14-2010 01:33;50;0
10-14-2010 01:34;3;0
10-14-2010 01:35;16;0
10-14-2010 01:36;28;0
10-14-2010 01:37;3;0
10-14-2010 01:38;18;0
10-14-2010 01:39;4;0
10-14-2010 01:40;44;0
10-14-2010 01:41;0;0
10-14-2010 01:42;13;0
10-14-2010 01:43;0;0
10-14-2010 01:44;53;0
10-14-2010 01:45;29;0
10-14-2010 01:46;3;0
10-14-2010 01:47;56;0
10-14-2010 01:48;219;0
10-14-2010 01:49;349;0
10-14-2010 01:50;82;0
10-14-2010 01:51;549;0
10-14-2010 01:52;250;0
10-14-2010 01:53;205;0
10-14-2010 01:54;172;0
10-14-2010 01:55;129;0
10-14-2010 01:56;99;0
10-14-2010 01:57;47;0
10-14-2010 01:58;28;0
10-14-2010 01:59;46;0
10-14-2010 02:00;121;0
10-14-2010 02:01;44;0
10-14-2010 02:02;53;0
10-14-2010 02:03;34;0
10-14-2010 02:04;10;0
10-14-2010 02:05;91;0
10-14-2010 02:06;4;0
10-14-2010 02:07;138;0
10-14-2010 02:08;50;0
10-14-2010 02:09;31;0
10-14-2010 02:10;0;0
10-14-2010 02:11;0;0
10-14-2010 02:12;337;0
10-14-2010 02:13;77;0
10-14-2010 02:14;107;0
10-14-2010 02:15;184;0
10-14-2010 02:16;172;0
10-14-2010 02:17;28;0
10-14-2010 02:18;15;0
10-14-2010 02:19;129;0
10-14-2010 02:20;0;0
10-14-2010 02:21;37;0
10-14-2010 02:22;43;0
10-14-2010 02:23;53;0
10-14-2010 02:24;0;0
10-14-2010 02:25;53;0
10-14-2010 02:26;94;0
10-14-2010 02:27;205;0
10-14-2010 02:28;0;0
10-14-2010 02:29;149;0
10-14-2010 02:30;15;0
10-14-2010 02:31;65;0
10-14-2010 02:32;77;0
10-14-2010 02:33;74;0
10-14-2010 02:34;0;0
10-14-2010 02:35;88;0
10-14-2010 02:36;65;0
10-14-2010 02:37;50;0
10-14-2010 02:38;4;0
10-14-2010 02:39;116;0
10-14-2010 02:40;59;0
10-14-2010 02:41;50;0
10-14-2010 02:42;9;0
10-14-2010 02:43;9;0
10-14-2010 02:44;9;0
10-14-2010 02:45;129;0
10-14-2010 02:46;15;0
10-14-2010 02:47;7;0
10-14-2010 02:48;0;0
10-14-2010 02:49;3;0
10-14-2010 02:50;241;0
10-14-2010 02:51;65;0
10-14-2010 02:52;10;0
10-14-2010 02:53;129;0
10-14-2010 02:54;59;0
10-14-2010 02:55;10;0
10-14-2010 02:56;277;0
10-14-2010 02:57;21;0
10-14-2010 02:58;15;0
10-14-2010 02:59;34;0
10-14-2010 03:00;28;0
10-14-2010 03:01;7;0
10-14-2010 03:02;0;0
10-14-2010 03:03;0;0
10-14-2010 03:04;32;0
10-14-2010 03:05;59;0
10-14-2010 03:06;56;0
10-14-2010 03:07;0;0
10-14-2010 03:08;0;0
10-14-2010 03:09;37;0
10-14-2010 03:10;47;0
10-14-2010 03:11;4;0
10-14-2010 03:12;44;0
10-14-2010 03:13;0;0
10-14-2010 03:14;0;0
10-14-2010 03:15;85;0
10-14-2010 03:16;116;0
10-14-2010 03:17;62;0
10-14-2010 03:18;0;0
10-14-2010 03:19;0;0
10-14-2010 03:20;29;0
10-14-2010 03:21;116;0
10-14-2010 03:22;43;0
10-14-2010 03:23;16;0
10-14-2010 03:24;12;0
10-14-2010 03:25;53;0
10-14-2010 03:26;50;0
10-14-2010 03:27;41;0
10-14-2010 03:28;35;0
10-14-2010 03:29;250;0
10-14-2010 03:30;0;0
10-14-2010 03:31;91;0
10-14-2010 03:32;0;0
10-14-2010 03:33;99;0
10-14-2010 03:34;4;0
10-14-2010 03:35;154;0
10-14-2010 03:36;47;0
10-14-2010 03:37;16;0
10-14-2010 03:38;31;0
10-14-2010 03:39;360;0
10-14-2010 03:40;306;0
10-14-2010 03:41;160;0
10-14-2010 03:42;250;0
10-14-2010 03:43;71;0
10-14-2010 03:44;12;0
10-14-2010 03:45;0;0
10-14-2010 03:46;71;0
10-14-2010 03:47;22;0
10-14-2010 03:48;47;0
10-14-2010 03:49;0;0
10-14-2010 03:50;31;0
10-14-2010 03:51;79;0
10-14-2010 03:52;34;0
10-14-2010 03:53;7;0
10-14-2010 03:54;4;0
10-14-2010 03:55;4;0
10-14-2010 03:56;34;0
10-14-2010 03:57;56;0
10-14-2010 03:58;166;0
10-14-2010 03:59;0;0
10-14-2010 04:00;34;0
10-14-2010 04:01;107;0
10-14-2010 04:02;0;0
10-14-2010 04:03;0;0
10-14-2010 04:04;9;0
10-14-2010 04:05;3;0
10-14-2010 04:06;0;0
10-14-2010 04:07;3;0
10-14-2010 04:08;99;0
10-14-2010 04:09;16;0
10-14-2010 04:10;15;0
10-14-2010 04:11;62;0
10-14-2010 04:12;212;0
10-14-2010 04:13;91;0
10-14-2010 04:14;0;0
10-14-2010 04:15;88;0
10-14-2010 04:16;143;0
10-14-2010 04:17;205;0
10-14-2010 04:18;384;0
10-14-2010 04:19;277;0
10-14-2010 04:20;103;0
10-14-2010 04:21;26;0
10-14-2010 04:22;7;0
10-14-2010 04:23;37;0
10-14-2010 04:24;227;0
10-14-2010 04:25;71;0
10-14-2010 04:26;46;0
10-14-2010 04:27;47;0
10-14-2010 04:28;0;0
10-14-2010 04:29;7;0
10-14-2010 04:30;0;0
10-14-2010 04:31;3;0
10-14-2010 04:32;0;0
10-14-2010 04:33;56;0
10-14-2010 04:34;0;0
10-14-2010 04:35;172;0
10-14-2010 04:36;172;0
10-14-2010 04:37;125;0
10-14-2010 04:38;59;0
10-14-2010 04:39;277;0
10-14-2010 04:40;129;0
10-14-2010 04:41;40;0
10-14-2010 04:42;0;0
10-14-2010 04:43;22;0
10-14-2010 04:44;31;0
10-14-2010 04:45;166;0
10-14-2010 04:46;40;0
10-14-2010 04:47;107;0
10-14-2010 04:48;0;0
10-14-2010 04:49;0;0
10-14-2010 04:50;0;0
10-14-2010 04:51;19;0
10-14-2010 04:52;0;0
10-14-2010 04:53;306;0
10-14-2010 04:54;0;0
10-14-2010 04:55;0;0
10-14-2010 04:56;0;0
10-14-2010 04:57;0;0
10-14-2010 04:58;0;0
10-14-2010 04:59;0;0
10-14-2010 05:00;0;0
10-14-2010 05:01;0;0
10-14-2010 05:02;0;0
10-14-2010 05:03;0;0
10-14-2010 05:04;0;0
10-14-2010 05:05;0;0
10-14-2010 05:06;68;0
10-14-2010 05:07;0;0
10-14-2010 05:08;28;0
10-14-2010 05:09;25;0
10-14-2010 05:10;212;0
10-14-2010 05:11;41;0
10-14-2010 05:12;65;0
10-14-2010 05:13;16;0
10-14-2010 05:14;12;0
10-14-2010 05:15;0;0
10-14-2010 05:16;0;0
10-14-2010 05:17;0;0
10-14-2010 05:18;12;0
10-14-2010 05:19;0;0
10-14-2010 05:20;0;0
10-14-2010 05:21;26;0
10-14-2010 05:22;0;0
10-14-2010 05:23;40;0
10-14-2010 05:24;6;0
10-14-2010 05:25;3;0
10-14-2010 05:26;29;0
10-14-2010 05:27;46;0
10-14-2010 05:28;91;0
10-14-2010 05:29;43;0
10-14-2010 05:30;53;0
10-14-2010 05:31;99;0
10-14-2010 05:32;190;0
10-14-2010 05:33;88;0
10-14-2010 05:34;10;0
10-14-2010 05:35;10;0
10-14-2010 05:36;0;0
10-14-2010 05:37;0;0
10-14-2010 05:38;15;0
10-14-2010 05:39;0;0
10-14-2010 05:40;0;0
10-14-2010 05:41;0;0
10-14-2010 05:42;0;0
10-14-2010 05:43;0;0
10-14-2010 05:44;0;0
10-14-2010 05:45;0;0
10-14-2010 05:46;0;0
10-14-2010 05:47;0;0
10-14-2010 05:48;0;0
10-14-2010 05:49;0;0
10-14-2010 05:50;0;0
10-14-2010 05:51;0;0
10-14-2010 05:52;0;0
10-14-2010 05:53;0;0
10-14-2010 05:54;0;0
10-14-2010 05:55;0;0
10-14-2010 05:56;0;0
10-14-2010 05:57;0;0
10-14-2010 05:58;0;0
10-14-2010 05:59;0;0
10-14-2010 06:00;0;0
10-14-2010 06:01;0;0
10-14-2010 06:02;0;0
10-14-2010 06:03;0;0
10-14-2010 06:04;0;0
10-14-2010 06:05;0;0
10-14-2010 06:06;0;0
10-14-2010 06:07;0;0
10-14-2010 06:08;0;0
10-14-2010 06:09;0;0
10-14-2010 06:10;0;0
10-14-2010 06:11;0;0
10-14-2010 06:12;0;0
10-14-2010 06:13;0;0
10-14-2010 06:14;0;0
10-14-2010 06:15;0;0
10-14-2010 06:16;0;0
10-14-2010 06:17;0;0
10-14-2010 06:18;0;0
10-14-2010 06:19;160;0
10-14-2010 06:20;68;0
10-14-2010 06:21;7;0
10-14-2010 06:22;0;0
10-14-2010 06:23;0;0
10-14-2010 06:24;0;0
10-14-2010 06:25;0;0
10-14-2010 06:26;0;0
10-14-2010 06:27;0;0
10-14-2010 06:28;0;0
10-14-2010 06:29;0;0
10-14-2010 06:30;0;0
10-14-2010 06:31;0;0
10-14-2010 06:32;0;0
10-14-2010 06:33;0;0
10-14-2010 06:34;0;0
10-14-2010 06:35;0;0
10-14-2010 06:36;0;0
10-14-2010 06:37;0;0
10-14-2010 06:38;0;0
10-14-2010 06:39;0;0
10-14-2010 06:40;0;0
10-14-2010 06:41;134;0
10-14-2010 06:42;62;0
10-14-2010 06:43;25;0
10-14-2010 06:44;0;0
10-14-2010 06:45;3;0
10-14-2010 06:46;107;0
10-14-2010 06:47;0;0
10-14-2010 06:48;0;0
10-14-2010 06:49;0;0
10-14-2010 06:50;0;0
10-14-2010 06:51;0;0
10-14-2010 06:52;0;0
10-14-2010 06:53;0;0
10-14-2010 06:54;0;0
10-14-2010 06:55;0;0
10-14-2010 06:56;0;0
10-14-2010 06:57;0;0
10-14-2010 06:58;0;0
10-14-2010 06:59;0;0
10-14-2010 07:00;0;0
10-14-2010 07:01;0;0
10-14-2010 07:02;0;0
10-14-2010 07:03;0;0
10-14-2010 07:04;0;0
10-14-2010 07:05;62;0
10-14-2010 07:06;107;0
10-14-2010 07:07;0;0
10-14-2010 07:08;250;0
10-14-2010 07:09;99;0
10-14-2010 07:10;0;0
10-14-2010 07:11;0;0
10-14-2010 07:12;0;0
10-14-2010 07:13;0;0
10-14-2010 07:14;62;0
10-14-2010 07:15;0;0
10-14-2010 07:16;0;0
10-14-2010 07:17;0;0
10-14-2010 07:18;0;0
10-14-2010 07:19;0;0
10-14-2010 07:20;0;0
10-14-2010 07:21;0;0
10-14-2010 07:22;0;0
10-14-2010 07:23;0;0
10-14-2010 07:24;0;0
10-14-2010 07:25;0;0
10-14-2010 07:26;0;0
10-14-2010 07:27;0;0
10-14-2010 07:28;0;0
10-14-2010 07:29;0;0
10-14-2010 07:30;0;0
10-14-2010 07:31;0;0
10-14-2010 07:32;0;0
10-14-2010 07:33;0;0
10-14-2010 07:34;0;0
10-14-2010 07:35;0;0
10-14-2010 07:36;0;0
10-14-2010 07:37;0;0
10-14-2010 07:38;0;0
10-14-2010 07:39;0;0
10-14-2010 07:40;0;0
10-14-2010 07:41;372;0
10-14-2010 07:42;0;0
10-14-2010 07:43;0;0
10-14-2010 07:44;26;0
10-14-2010 07:45;9;0
10-14-2010 07:46;0;0
10-14-2010 07:47;0;0
10-14-2010 07:48;50;0
10-14-2010 07:49;0;0
10-14-2010 07:50;0;0
10-14-2010 07:51;0;0
10-14-2010 07:52;112;0
10-14-2010 07:53;0;0
10-14-2010 07:54;0;0
10-14-2010 07:55;35;0
10-14-2010 07:56;0;0
10-14-2010 07:57;0;0
10-14-2010 07:58;316;0
10-14-2010 07:59;3;0
10-14-2010 08:00;3;0
10-14-2010 08:01;0;0
10-14-2010 08:02;0;0
10-14-2010 08:03;0;0
10-14-2010 08:04;0;0
10-14-2010 08:05;0;0
10-14-2010 08:06;0;0
10-14-2010 08:07;0;0
10-14-2010 08:08;0;0
10-14-2010 08:09;34;0
10-14-2010 08:10;0;0
10-14-2010 08:11;0;0
10-14-2010 08:12;0;0
10-14-2010 08:13;0;0
10-14-2010 08:14;0;0
10-14-2010 08:15;0;0
10-14-2010 08:16;250;0
10-14-2010 08:17;35;0
10-14-2010 08:18;25;0
10-14-2010 08:19;107;0
10-14-2010 08:20;62;0
10-14-2010 08:21;0;0
10-14-2010 08:22;0;0
10-14-2010 08:23;0;0
10-14-2010 08:24;0;0
10-14-2010 08:25;0;0
10-14-2010 08:26;0;0
10-14-2010 08:27;0;0
10-14-2010 08:28;0;0
10-14-2010 08:29;0;0
10-14-2010 08:30;0;0
10-14-2010 08:31;0;0
10-14-2010 08:32;0;0
10-14-2010 08:33;0;0
10-14-2010 08:34;0;0
10-14-2010 08:35;0;0
10-14-2010 08:36;0;0
10-14-2010 08:37;0;0
10-14-2010 08:38;0;0
10-14-2010 08:39;0;0
10-14-2010 08:40;0;0
10-14-2010 08:41;0;0
10-14-2010 08:42;0;0
10-14-2010 08:43;0;0
10-14-2010 08:44;0;0
10-14-2010 08:45;0;0
10-14-2010 08:46;0;0
10-14-2010 08:47;0;0
10-14-2010 08:48;0;0
10-14-2010 08:49;0;0
10-14-2010 08:50;0;0
10-14-2010 08:51;0;0
10-14-2010 08:52;0;0
10-14-2010 08:53;0;0
10-14-2010 08:54;0;0
10-14-2010 08:55;0;0
10-14-2010 08:56;0;0
10-14-2010 08:57;0;0
10-14-2010 08:58;0;0
10-14-2010 08:59;0;0
10-14-2010 09:00;0;0
10-14-2010 09:01;0;0
10-14-2010 09:02;0;0
10-14-2010 09:03;0;0
10-14-2010 09:04;0;0
10-14-2010 09:05;0;0
10-14-2010 09:06;0;0
10-14-2010 09:07;0;0
10-14-2010 09:08;0;0
10-14-2010 09:09;0;0
10-14-2010 09:10;0;0
10-14-2010 09:11;0;0
10-14-2010 09:12;0;0
10-14-2010 09:13;0;0
10-14-2010 09:14;0;0
10-14-2010 09:15;0;0
10-14-2010 09:16;0;0
10-14-2010 09:17;0;0
10-14-2010 09:18;0;0
10-14-2010 09:19;0;0
10-14-2010 09:20;154;0
10-14-2010 09:21;0;0
10-14-2010 09:22;178;0
10-14-2010 09:23;0;0
10-14-2010 09:24;56;0
10-14-2010 09:25;0;0
10-14-2010 09:26;0;0
10-14-2010 09:27;0;0
10-14-2010 09:28;0;0
10-14-2010 09:29;0;0
10-14-2010 09:30;0;0
10-14-2010 09:31;94;0
10-14-2010 09:32;0;0
10-14-2010 09:33;0;0
10-14-2010 09:34;0;0
10-14-2010 09:35;0;0
10-14-2010 09:36;125;0
10-14-2010 09:37;0;0
10-14-2010 09:38;0;0
10-14-2010 09:39;3;0
10-14-2010 09:40;3;0
10-14-2010 09:41;0;0
10-14-2010 09:42;0;0
10-14-2010 09:43;0;0
10-14-2010 09:44;0;0
10-14-2010 09:45;268;0
10-14-2010 09:46;4;0
10-14-2010 09:47;138;0
10-14-2010 09:48;91;0
10-14-2010 09:49;103;0
10-14-2010 09:50;0;0
10-14-2010 09:51;149;0
10-14-2010 09:52;154;0
10-14-2010 09:53;6;0
10-14-2010 09:54;31;0
10-14-2010 09:55;4;0
10-14-2010 09:56;134;0
10-14-2010 09:57;327;0
10-14-2010 09:58;134;0
10-14-2010 09:59;13;0
10-14-2010 10:00;0;0
10-14-2010 10:01;65;0
10-14-2010 10:02;40;0
10-14-2010 10:03;22;0
10-14-2010 10:04;107;0
10-14-2010 10:05;29;0
10-14-2010 10:06;47;0
10-14-2010 10:07;32;0
10-14-2010 10:08;7;0
10-14-2010 10:09;56;0
10-14-2010 10:10;316;0
10-14-2010 10:11;531;0
10-14-2010 10:12;1178;1
10-14-2010 10:13;549;0
10-14-2010 10:14;1142;1
10-14-2010 10:15;605;0
10-14-2010 10:16;296;0
10-14-2010 10:17;806;1
10-14-2010 10:18;316;0
10-14-2010 10:19;549;0
10-14-2010 10:20;241;0
10-14-2010 10:21;887;1
10-14-2010 10:22;259;0
10-14-2010 10:23;453;0
10-14-2010 10:24;337;0
10-14-2010 10:25;483;0
10-14-2010 10:26;360;0
10-14-2010 10:27;250;0
10-14-2010 10:28;410;0
10-14-2010 10:29;212;0
10-14-2010 10:30;160;0
10-14-2010 10:31;178;0
10-14-2010 10:32;349;0
10-14-2010 10:33;99;0
10-14-2010 10:34;160;0
10-14-2010 10:35;306;0
10-14-2010 10:36;234;0
10-14-2010 10:37;43;0
10-14-2010 10:38;166;0
10-14-2010 10:39;107;0
10-14-2010 10:40;327;0
10-14-2010 10:41;103;0
10-14-2010 10:42;384;0
10-14-2010 10:43;372;0
10-14-2010 10:44;82;0
10-14-2010 10:45;360;0
10-14-2010 10:46;586;0
10-14-2010 10:47;88;0
10-14-2010 10:48;397;0
10-14-2010 10:49;154;0
10-14-2010 10:50;859;1
10-14-2010 10:51;605;0
10-14-2010 10:52;327;0
10-14-2010 10:53;549;0
10-14-2010 10:54;384;0
10-14-2010 10:55;349;0
10-14-2010 10:56;360;0
10-14-2010 10:57;531;0
10-14-2010 10:58;424;0
10-14-2010 10:59;515;0
10-14-2010 11:00;372;0
10-14-2010 11:01;709;1
10-14-2010 11:02;277;0
10-14-2010 11:03;34;0
10-14-2010 11:04;44;0
10-14-2010 11:05;250;0
10-14-2010 11:06;82;0
10-14-2010 11:07;160;0
10-14-2010 11:08;0;0
10-14-2010 11:09;13;0
10-14-2010 11:10;10;0
10-14-2010 11:11;79;0
10-14-2010 11:12;15;0
10-14-2010 11:13;3;0
10-14-2010 11:14;9;0
10-14-2010 11:15;268;0
10-14-2010 11:16;219;0
10-14-2010 11:17;59;0
10-14-2010 11:18;31;0
10-14-2010 11:19;22;0
10-14-2010 11:20;160;0
10-14-2010 11:21;121;0
10-14-2010 11:22;125;0
10-14-2010 11:23;268;0
10-14-2010 11:24;9;0
10-14-2010 11:25;205;0
10-14-2010 11:26;31;0
10-14-2010 11:27;219;0
10-14-2010 11:28;71;0
10-14-2010 11:29;438;0
10-14-2010 11:30;687;1
10-14-2010 11:31;149;0
10-14-2010 11:32;360;0
10-14-2010 11:33;887;1
10-14-2010 11:34;349;0
10-14-2010 11:35;438;0
10-14-2010 11:36;306;0
10-14-2010 11:37;59;0
10-14-2010 11:38;259;0
10-14-2010 11:39;709;1
10-14-2010 11:40;756;1
10-14-2010 11:41;483;0
10-14-2010 11:42;410;0
10-14-2010 11:43;438;0
10-14-2010 11:44;975;1
10-14-2010 11:45;1515;1
10-14-2010 11:46;915;1
10-14-2010 11:47;887;1
10-14-2010 11:48;424;0
10-14-2010 11:49;781;1
10-14-2010 11:50;1006;1
10-14-2010 11:51;1073;1
10-14-2010 11:52;1073;1
10-14-2010 11:53;1336;1
10-14-2010 11:54;1142;1
10-14-2010 11:55;397;0
10-14-2010 11:56;1255;1
10-14-2010 11:57;1073;1
10-14-2010 11:58;709;1
10-14-2010 11:59;499;0
10-14-2010 12:00;306;0
10-14-2010 12:01;499;0
10-14-2010 12:02;453;0
10-14-2010 12:03;296;0
10-14-2010 12:04;296;0
10-14-2010 12:05;709;1
10-14-2010 12:06;859;1
10-14-2010 12:07;1039;1
10-14-2010 12:08;1379;1
10-14-2010 12:09;1423;1
10-14-2010 12:10;1379;1
10-14-2010 12:11;1217;1
10-14-2010 12:12;687;1
10-14-2010 12:13;531;0
10-14-2010 12:14;566;0
10-14-2010 12:15;781;1
10-14-2010 12:16;624;0
10-14-2010 12:17;1295;1
10-14-2010 12:18;1423;1
10-14-2010 12:19;1039;1
10-14-2010 12:20;687;1
10-14-2010 12:21;1039;1
10-14-2010 12:22;945;1
10-14-2010 12:23;549;0
10-14-2010 12:24;453;0
10-14-2010 12:25;0;0
10-14-2010 12:26;227;0
10-14-2010 12:27;91;0
10-14-2010 12:28;250;0
10-14-2010 12:29;296;0
10-14-2010 12:30;4;0
10-14-2010 12:31;499;0
10-14-2010 12:32;259;0
10-14-2010 12:33;515;0
10-14-2010 12:34;384;0
10-14-2010 12:35;499;0
10-14-2010 12:36;566;0
10-14-2010 12:37;709;1
10-14-2010 12:38;241;0
10-14-2010 12:39;68;0
10-14-2010 12:40;68;0
10-14-2010 12:41;0;0
10-14-2010 12:42;22;0
10-14-2010 12:43;138;0
10-14-2010 12:44;22;0
10-14-2010 12:45;16;0
10-14-2010 12:46;4;0
10-14-2010 12:47;13;0
10-14-2010 12:48;549;0
10-14-2010 12:49;806;1
10-14-2010 12:50;1006;1
10-14-2010 12:51;859;1
10-14-2010 12:52;410;0
10-14-2010 12:53;1255;1
10-14-2010 12:54;586;0
10-14-2010 12:55;975;1
10-14-2010 12:56;1255;1
10-14-2010 12:57;945;1
10-14-2010 12:58;515;0
10-14-2010 12:59;483;0
10-14-2010 13:00;806;1
10-14-2010 13:01;1295;1
10-14-2010 13:02;915;1
10-14-2010 13:03;337;0
10-14-2010 13:04;1039;1
10-14-2010 13:05;468;0
10-14-2010 13:06;337;0
10-14-2010 13:07;327;0
10-14-2010 13:08;756;1
10-14-2010 13:09;360;0
10-14-2010 13:10;143;0
10-14-2010 13:11;160;0
10-14-2010 13:12;241;0
10-14-2010 13:13;59;0
10-14-2010 13:14;205;0
10-14-2010 13:15;160;0
10-14-2010 13:16;149;0
10-14-2010 13:17;138;0
10-14-2010 13:18;160;0
10-14-2010 13:19;219;0
10-14-2010 13:20;178;0
10-14-2010 13:21;372;0
10-14-2010 13:22;197;0
10-14-2010 13:23;16;0
10-14-2010 13:24;499;0
10-14-2010 13:25;197;0
10-14-2010 13:26;125;0
10-14-2010 13:27;372;0
10-14-2010 13:28;35;0
10-14-2010 13:29;566;0
10-14-2010 13:30;349;0
10-14-2010 13:31;227;0
10-14-2010 13:32;397;0
10-14-2010 13:33;277;0
10-14-2010 13:34;349;0
10-14-2010 13:35;644;0
10-14-2010 13:36;327;0
10-14-2010 13:37;1006;1
10-14-2010 13:38;360;0
10-14-2010 13:39;227;0
10-14-2010 13:40;337;0
10-14-2010 13:41;945;1
10-14-2010 13:42;143;0
10-14-2010 13:43;166;0
10-14-2010 13:44;91;0
10-14-2010 13:45;112;0
10-14-2010 13:46;438;0
10-14-2010 13:47;134;0
10-14-2010 13:48;337;0
10-14-2010 13:49;549;0
10-14-2010 13:50;82;0
10-14-2010 13:51;327;0
10-14-2010 13:52;129;0
10-14-2010 13:53;234;0
10-14-2010 13:54;250;0
10-14-2010 13:55;337;0
10-14-2010 13:56;887;1
10-14-2010 13:57;121;0
10-14-2010 13:58;756;1
10-14-2010 13:59;781;1
10-14-2010 14:00;1073;1
10-14-2010 14:01;756;1
10-14-2010 14:02;833;1
10-14-2010 14:03;756;1
10-14-2010 14:04;945;1
10-14-2010 14:05;178;0
10-14-2010 14:06;285;0
10-14-2010 14:07;268;0
10-14-2010 14:08;360;0
10-14-2010 14:09;453;0
10-14-2010 14:10;205;0
10-14-2010 14:11;178;0
10-14-2010 14:12;709;1
10-14-2010 14:13;531;0
10-14-2010 14:14;154;0
10-14-2010 14:15;112;0
10-14-2010 14:16;149;0
10-14-2010 14:17;79;0
10-14-2010 14:18;250;0
10-14-2010 14:19;212;0
10-14-2010 14:20;160;0
10-14-2010 14:21;316;0
10-14-2010 14:22;566;0
10-14-2010 14:23;205;0
10-14-2010 14:24;644;0
10-14-2010 14:25;184;0
10-14-2010 14:26;733;1
10-14-2010 14:27;268;0
10-14-2010 14:28;197;0
10-14-2010 14:29;424;0
10-14-2010 14:30;112;0
10-14-2010 14:31;349;0
10-14-2010 14:32;384;0
10-14-2010 14:33;665;1
10-14-2010 14:34;438;0
10-14-2010 14:35;277;0
10-14-2010 14:36;468;0
10-14-2010 14:37;605;0
10-14-2010 14:38;468;0
10-14-2010 14:39;250;0
10-14-2010 14:40;184;0
10-14-2010 14:41;397;0
10-14-2010 14:42;138;0
10-14-2010 14:43;424;0
10-14-2010 14:44;285;0
10-14-2010 14:45;531;0
10-14-2010 14:46;384;0
10-14-2010 14:47;241;0
10-14-2010 14:48;103;0
10-14-2010 14:49;94;0
10-14-2010 14:50;107;0
10-14-2010 14:51;134;0
10-14-2010 14:52;586;0
10-14-2010 14:53;410;0
10-14-2010 14:54;586;0
10-14-2010 14:55;277;0
10-14-2010 14:56;306;0
10-14-2010 14:57;31;0
10-14-2010 14:58;44;0
10-14-2010 14:59;154;0
10-14-2010 15:00;316;0
10-14-2010 15:01;410;0
10-14-2010 15:02;306;0
10-14-2010 15:03;112;0
10-14-2010 15:04;190;0
10-14-2010 15:05;605;0
10-14-2010 15:06;277;0
10-14-2010 15:07;184;0
10-14-2010 15:08;190;0
10-14-2010 15:09;410;0
10-14-2010 15:10;268;0
10-14-2010 15:11;424;0
10-14-2010 15:12;624;0
10-14-2010 15:13;499;0
10-14-2010 15:14;125;0
10-14-2010 15:15;549;0
10-14-2010 15:16;184;0
10-14-2010 15:17;316;0
10-14-2010 15:18;85;0
10-14-2010 15:19;7;0
10-14-2010 15:20;32;0
10-14-2010 15:21;833;1
10-14-2010 15:22;975;1
10-14-2010 15:23;1295;1
10-14-2010 15:24;1073;1
10-14-2010 15:25;566;0
10-14-2010 15:26;1423;1
10-14-2010 15:27;1178;1
10-14-2010 15:28;1142;1
10-14-2010 15:29;384;0
10-14-2010 15:30;197;0
10-14-2010 15:31;190;0
10-14-2010 15:32;88;0
10-14-2010 15:33;197;0
10-14-2010 15:34;212;0
10-14-2010 15:35;160;0
10-14-2010 15:36;277;0
10-14-2010 15:37;296;0
10-14-2010 15:38;71;0
10-14-2010 15:39;103;0
10-14-2010 15:40;316;0
10-14-2010 15:41;624;0
10-14-2010 15:42;268;0
10-14-2010 15:43;85;0
10-14-2010 15:44;586;0
10-14-2010 15:45;438;0
10-14-2010 15:46;372;0
10-14-2010 15:47;438;0
10-14-2010 15:48;859;1
10-14-2010 15:49;268;0
10-14-2010 15:50;349;0
10-14-2010 15:51;605;0
10-14-2010 15:52;59;0
10-14-2010 15:53;219;0
10-14-2010 15:54;190;0
10-14-2010 15:55;337;0
10-14-2010 15:56;285;0
10-14-2010 15:57;212;0
10-14-2010 15:58;549;0
10-14-2010 15:59;438;0
10-14-2010 16:00;410;0
10-14-2010 16:01;756;1
10-14-2010 16:02;268;0
10-14-2010 16:03;91;0
10-14-2010 16:04;178;0
10-14-2010 16:05;149;0
10-14-2010 16:06;306;0
10-14-2010 16:07;285;0
10-14-2010 16:08;397;0
10-14-2010 16:09;250;0
10-14-2010 16:10;468;0
10-14-2010 16:11;205;0
10-14-2010 16:12;515;0
10-14-2010 16:13;91;0
10-14-2010 16:14;605;0
10-14-2010 16:15;360;0
10-14-2010 16:16;56;0
10-14-2010 16:17;160;0
10-14-2010 16:18;154;0
10-14-2010 16:19;227;0
10-14-2010 16:20;29;0
10-14-2010 16:21;234;0
10-14-2010 16:22;316;0
10-14-2010 16:23;468;0
10-14-2010 16:24;88;0
10-14-2010 16:25;29;0
10-14-2010 16:26;85;0
10-14-2010 16:27;424;0
10-14-2010 16:28;781;1
10-14-2010 16:29;709;1
10-14-2010 16:30;1073;1
10-14-2010 16:31;1006;1
10-14-2010 16:32;1073;1
10-14-2010 16:33;1142;1
10-14-2010 16:34;1106;1
10-14-2010 16:35;1178;1
10-14-2010 16:36;1255;1
10-14-2010 16:37;1178;1
10-14-2010 16:38;887;1
10-14-2010 16:39;1039;1
10-14-2010 16:40;1039;1
10-14-2010 16:41;1217;1
10-14-2010 16:42;1142;1
10-14-2010 16:43;665;1
10-14-2010 16:44;277;0
10-14-2010 16:45;372;0
10-14-2010 16:46;337;0
10-14-2010 16:47;549;0
10-14-2010 16:48;483;0
10-14-2010 16:49;781;1
10-14-2010 16:50;756;1
10-14-2010 16:51;733;1
10-14-2010 16:52;733;1
10-14-2010 16:53;665;1
10-14-2010 16:54;327;0
10-14-2010 16:55;531;0
10-14-2010 16:56;665;1
10-14-2010 16:57;483;0
10-14-2010 16:58;410;0
10-14-2010 16:59;410;0
10-14-2010 17:00;410;0
10-14-2010 17:01;468;0
10-14-2010 17:02;184;0
10-14-2010 17:03;277;0
10-14-2010 17:04;134;0
10-14-2010 17:05;687;1
10-14-2010 17:06;1039;1
10-14-2010 17:07;149;0
10-14-2010 17:08;65;0
10-14-2010 17:09;0;0
10-14-2010 17:10;0;0
10-14-2010 17:11;250;0
10-14-2010 17:12;1106;1
10-14-2010 17:13;499;0
10-14-2010 17:14;125;0
10-14-2010 17:15;99;0
10-14-2010 17:16;7;0
10-14-2010 17:17;32;0
10-14-2010 17:18;68;0
10-14-2010 17:19;337;0
10-14-2010 17:20;107;0
10-14-2010 17:21;259;0
10-14-2010 17:22;438;0
10-14-2010 17:23;116;0
10-14-2010 17:24;149;0
10-14-2010 17:25;234;0
10-14-2010 17:26;197;0
10-14-2010 17:27;134;0
10-14-2010 17:28;134;0
10-14-2010 17:29;77;0
10-14-2010 17:30;149;0
10-14-2010 17:31;566;0
10-14-2010 17:32;197;0
10-14-2010 17:33;424;0
10-14-2010 17:34;316;0
10-14-2010 17:35;410;0
10-14-2010 17:36;285;0
10-14-2010 17:37;277;0
10-14-2010 17:38;149;0
10-14-2010 17:39;53;0
10-14-2010 17:40;154;0
10-14-2010 17:41;29;0
10-14-2010 17:42;134;0
10-14-2010 17:43;172;0
10-14-2010 17:44;438;0
10-14-2010 17:45;205;0
10-14-2010 17:46;166;0
10-14-2010 17:47;50;0
10-14-2010 17:48;121;0
10-14-2010 17:49;160;0
10-14-2010 17:50;138;0
10-14-2010 17:51;259;0
10-14-2010 17:52;103;0
10-14-2010 17:53;166;0
10-14-2010 17:54;219;0
10-14-2010 17:55;138;0
10-14-2010 17:56;31;0
10-14-2010 17:57;99;0
10-14-2010 17:58;190;0
10-14-2010 17:59;277;0
10-14-2010 18:00;71;0
10-14-2010 18:01;184;0
10-14-2010 18:02;121;0
10-14-2010 18:03;178;0
10-14-2010 18:04;99;0
10-14-2010 18:05;94;0
10-14-2010 18:06;483;0
10-14-2010 18:07;665;1
10-14-2010 18:08;687;1
10-14-2010 18:09;566;0
10-14-2010 18:10;549;0
10-14-2010 18:11;586;0
10-14-2010 18:12;327;0
10-14-2010 18:13;337;0
10-14-2010 18:14;154;0
10-14-2010 18:15;13;0
10-14-2010 18:16;85;0
10-14-2010 18:17;453;0
10-14-2010 18:18;410;0
10-14-2010 18:19;360;0
10-14-2010 18:20;219;0
10-14-2010 18:21;197;0
10-14-2010 18:22;205;0
10-14-2010 18:23;197;0
10-14-2010 18:24;349;0
10-14-2010 18:25;733;1
10-14-2010 18:26;915;1
10-14-2010 18:27;549;0
10-14-2010 18:28;337;0
10-14-2010 18:29;781;1
10-14-2010 18:30;915;1
10-14-2010 18:31;453;0
10-14-2010 18:32;234;0
10-14-2010 18:33;424;0
10-14-2010 18:34;296;0
10-14-2010 18:35;178;0
10-14-2010 18:36;250;0
10-14-2010 18:37;88;0
10-14-2010 18:38;143;0
10-14-2010 18:39;227;0
10-14-2010 18:40;15;0
10-14-2010 18:41;1106;1
10-14-2010 18:42;166;0
10-14-2010 18:43;241;0
10-14-2010 18:44;68;0
10-14-2010 18:45;129;0
10-14-2010 18:46;733;1
10-14-2010 18:47;515;0
10-14-2010 18:48;79;0
10-14-2010 18:49;0;0
10-14-2010 18:50;0;0
10-14-2010 18:51;531;0
10-14-2010 18:52;178;0
10-14-2010 18:53;384;0
10-14-2010 18:54;483;0
10-14-2010 18:55;586;0
10-14-2010 18:56;566;0
10-14-2010 18:57;733;1
10-14-2010 18:58;190;0
10-14-2010 18:59;499;0
10-14-2010 19:00;887;1
10-14-2010 19:01;453;0
10-14-2010 19:02;806;1
10-14-2010 19:03;205;0
10-14-2010 19:04;94;0
10-14-2010 19:05;178;0
10-14-2010 19:06;116;0
10-14-2010 19:07;468;0
10-14-2010 19:08;259;0
10-14-2010 19:09;384;0
10-14-2010 19:10;125;0
10-14-2010 19:11;316;0
10-14-2010 19:12;397;0
10-14-2010 19:13;205;0
10-14-2010 19:14;397;0
10-14-2010 19:15;468;0
10-14-2010 19:16;306;0
10-14-2010 19:17;586;0
10-14-2010 19:18;166;0
10-14-2010 19:19;172;0
10-14-2010 19:20;277;0
10-14-2010 19:21;94;0
10-14-2010 19:22;277;0
10-14-2010 19:23;112;0
10-14-2010 19:24;107;0
10-14-2010 19:25;25;0
10-14-2010 19:26;103;0
10-14-2010 19:27;59;0
10-14-2010 19:28;41;0
10-14-2010 19:29;4;0
10-14-2010 19:30;13;0
10-14-2010 19:31;4;0
10-14-2010 19:32;205;0
10-14-2010 19:33;149;0
10-14-2010 19:34;59;0
10-14-2010 19:35;277;0
10-14-2010 19:36;687;1
10-14-2010 19:37;306;0
10-14-2010 19:38;337;0
10-14-2010 19:39;468;0
10-14-2010 19:40;227;0
10-14-2010 19:41;327;0
10-14-2010 19:42;172;0
10-14-2010 19:43;149;0
10-14-2010 19:44;143;0
10-14-2010 19:45;234;0
10-14-2010 19:46;234;0
10-14-2010 19:47;586;0
10-14-2010 19:48;483;0
10-14-2010 19:49;438;0
10-14-2010 19:50;372;0
10-14-2010 19:51;687;1
10-14-2010 19:52;306;0
10-14-2010 19:53;624;0
10-14-2010 19:54;733;1
10-14-2010 19:55;499;0
10-14-2010 19:56;549;0
10-14-2010 19:57;149;0
10-14-2010 19:58;733;1
10-14-2010 19:59;515;0
10-14-2010 20:00;327;0
10-14-2010 20:01;316;0
10-14-2010 20:02;172;0
10-14-2010 20:03;12;0
10-14-2010 20:04;197;0
10-14-2010 20:05;483;0
10-14-2010 20:06;0;0
10-14-2010 20:07;107;0
10-14-2010 20:08;219;0
10-14-2010 20:09;397;0
10-14-2010 20:10;327;0
10-14-2010 20:11;296;0
10-14-2010 20:12;103;0
10-14-2010 20:13;3;0
10-14-2010 20:14;12;0
10-14-2010 20:15;205;0
10-14-2010 20:16;227;0
10-14-2010 20:17;40;0
10-14-2010 20:18;26;0
10-14-2010 20:19;349;0
10-14-2010 20:20;21;0
10-14-2010 20:21;453;0
10-14-2010 20:22;833;1
10-14-2010 20:23;1073;1
10-14-2010 20:24;91;0
10-14-2010 20:25;349;0
10-14-2010 20:26;234;0
10-14-2010 20:27;306;0
10-14-2010 20:28;91;0
10-14-2010 20:29;22;0
10-14-2010 20:30;468;0
10-14-2010 20:31;410;0
10-14-2010 20:32;74;0
10-14-2010 20:33;296;0
10-14-2010 20:34;219;0
10-14-2010 20:35;166;0
10-14-2010 20:36;285;0
10-14-2010 20:37;178;0
10-14-2010 20:38;160;0
10-14-2010 20:39;129;0
10-14-2010 20:40;134;0
10-14-2010 20:41;65;0
10-14-2010 20:42;35;0
10-14-2010 20:43;65;0
10-14-2010 20:44;41;0
10-14-2010 20:45;85;0
10-14-2010 20:46;85;0
10-14-2010 20:47;190;0
10-14-2010 20:48;77;0
10-14-2010 20:49;205;0
10-14-2010 20:50;154;0
10-14-2010 20:51;103;0
10-14-2010 20:52;79;0
10-14-2010 20:53;134;0
10-14-2010 20:54;397;0
10-14-2010 20:55;397;0
10-14-2010 20:56;453;0
10-14-2010 20:57;605;0
10-14-2010 20:58;103;0
10-14-2010 20:59;277;0
10-14-2010 21:00;25;0
10-14-2010 21:01;10;0
10-14-2010 21:02;154;0
10-14-2010 21:03;184;0
10-14-2010 21:04;94;0
10-14-2010 21:05;234;0
10-14-2010 21:06;384;0
10-14-2010 21:07;384;0
10-14-2010 21:08;112;0
10-14-2010 21:09;296;0
10-14-2010 21:10;154;0
10-14-2010 21:11;0;0
10-14-2010 21:12;0;0
10-14-2010 21:13;0;0
10-14-2010 21:14;0;0
10-14-2010 21:15;82;0
10-14-2010 21:16;103;0
10-14-2010 21:17;499;0
10-14-2010 21:18;424;0
10-14-2010 21:19;327;0
10-14-2010 21:20;154;0
10-14-2010 21:21;327;0
10-14-2010 21:22;424;0
10-14-2010 21:23;0;0
10-14-2010 21:24;129;0
10-14-2010 21:25;44;0
10-14-2010 21:26;7;0
10-14-2010 21:27;7;0
10-14-2010 21:28;9;0
10-14-2010 21:29;227;0
10-14-2010 21:30;160;0
10-14-2010 21:31;143;0
10-14-2010 21:32;107;0
10-14-2010 21:33;337;0
10-14-2010 21:34;99;0
10-14-2010 21:35;154;0
10-14-2010 21:36;16;0
10-14-2010 21:37;0;0
10-14-2010 21:38;47;0
10-14-2010 21:39;241;0
10-14-2010 21:40;59;0
10-14-2010 21:41;99;0
10-14-2010 21:42;327;0
10-14-2010 21:43;50;0
10-14-2010 21:44;79;0
10-14-2010 21:45;125;0
10-14-2010 21:46;65;0
10-14-2010 21:47;134;0
10-14-2010 21:48;372;0
10-14-2010 21:49;77;0
10-14-2010 21:50;13;0
10-14-2010 21:51;116;0
10-14-2010 21:52;25;0
10-14-2010 21:53;18;0
10-14-2010 21:54;129;0
10-14-2010 21:55;190;0
10-14-2010 21:56;46;0
10-14-2010 21:57;18;0
10-14-2010 21:58;0;0
10-14-2010 21:59;0;0
10-14-2010 22:00;3;0
10-14-2010 22:01;13;0
10-14-2010 22:02;7;0
10-14-2010 22:03;35;0
10-14-2010 22:04;0;0
10-14-2010 22:05;0;0
10-14-2010 22:06;0;0
10-14-2010 22:07;3;0
10-14-2010 22:08;0;0
10-14-2010 22:09;0;0
10-14-2010 22:10;71;0
10-14-2010 22:11;68;0
10-14-2010 22:12;112;0
10-14-2010 22:13;3;0
10-14-2010 22:14;50;0
10-14-2010 22:15;32;0
10-14-2010 22:16;40;0
10-14-2010 22:17;59;0
10-14-2010 22:18;0;0
10-14-2010 22:19;15;0
10-14-2010 22:20;166;0
10-14-2010 22:21;121;0
10-14-2010 22:22;91;0
10-14-2010 22:23;59;0
10-14-2010 22:24;116;0
10-14-2010 22:25;219;0
10-14-2010 22:26;166;0
10-14-2010 22:27;0;0
10-14-2010 22:28;26;0
10-14-2010 22:29;0;0
10-14-2010 22:30;18;0
10-14-2010 22:31;160;0
10-14-2010 22:32;91;0
10-14-2010 22:33;3;0
10-14-2010 22:34;0;0
10-14-2010 22:35;6;0
10-14-2010 22:36;12;0
10-14-2010 22:37;99;0
10-14-2010 22:38;6;0
10-14-2010 22:39;12;0
10-14-2010 22:40;19;0
10-14-2010 22:41;0;0
10-14-2010 22:42;549;0
10-14-2010 22:43;306;0
10-14-2010 22:44;499;0
10-14-2010 22:45;241;0
10-14-2010 22:46;268;0
10-14-2010 22:47;316;0
10-14-2010 22:48;515;0
10-14-2010 22:49;349;0
10-14-2010 22:50;410;0
10-14-2010 22:51;184;0
10-14-2010 22:52;6;0
10-14-2010 22:53;0;0
10-14-2010 22:54;129;0
10-14-2010 22:55;79;0
10-14-2010 22:56;24;0
10-14-2010 22:57;178;0
10-14-2010 22:58;197;0
10-14-2010 22:59;296;0
10-14-2010 23:00;241;0
10-14-2010 23:01;50;0
10-14-2010 23:02;268;0
10-14-2010 23:03;316;0
10-14-2010 23:04;56;0
10-14-2010 23:05;15;0
10-14-2010 23:06;0;0
10-14-2010 23:07;12;0
10-14-2010 23:08;25;0
10-14-2010 23:09;56;0
10-14-2010 23:10;103;0
10-14-2010 23:11;178;0
10-14-2010 23:12;515;0
10-14-2010 23:13;41;0
10-14-2010 23:14;306;0
10-14-2010 23:15;160;0
10-14-2010 23:16;129;0
10-14-2010 23:17;143;0
10-14-2010 23:18;154;0
10-14-2010 23:19;154;0
10-14-2010 23:20;12;0
10-14-2010 23:21;4;0
10-14-2010 23:22;74;0
10-14-2010 23:23;79;0
10-14-2010 23:24;79;0
10-14-2010 23:25;31;0
10-14-2010 23:26;103;0
10-14-2010 23:27;410;0
10-14-2010 23:28;59;0
10-14-2010 23:29;65;0
10-14-2010 23:30;15;0
10-14-2010 23:31;143;0
10-14-2010 23:32;154;0
10-14-2010 23:33;9;0
10-14-2010 23:34;112;0
10-14-2010 23:35;21;0
10-14-2010 23:36;9;0
10-14-2010 23:37;77;0
10-14-2010 23:38;50;0
10-14-2010 23:39;10;0
10-14-2010 23:40;566;0
10-14-2010 23:41;103;0
10-14-2010 23:42;0;0
10-14-2010 23:43;99;0
10-14-2010 23:44;143;0
10-14-2010 23:45;65;0
10-14-2010 23:46;178;0
10-14-2010 23:47;44;0
10-14-2010 23:48;160;0
10-14-2010 23:49;665;1
10-14-2010 23:50;285;0
10-14-2010 23:51;138;0
10-14-2010 23:52;99;0
10-14-2010 23:53;107;0
10-14-2010 23:54;121;0
10-14-2010 23:55;59;0
10-14-2010 23:56;172;0
10-14-2010 23:57;94;0
10-14-2010 23:58;88;0
10-14-2010 23:59;29;0
10-15-2010 00:00;26;0
10-15-2010 00:01;59;0
10-15-2010 00:02;94;0
10-15-2010 00:03;296;0
10-15-2010 00:04;190;0
10-15-2010 00:05;134;0
10-15-2010 00:06;129;0
10-15-2010 00:07;62;0
10-15-2010 00:08;190;0
10-15-2010 00:09;50;0
10-15-2010 00:10;18;0
10-15-2010 00:11;38;0
10-15-2010 00:12;0;0
10-15-2010 00:13;0;0
10-15-2010 00:14;0;0
10-15-2010 00:15;160;0
10-15-2010 00:16;259;0
10-15-2010 00:17;85;0
10-15-2010 00:18;6;0
10-15-2010 00:19;18;0
10-15-2010 00:20;59;0
10-15-2010 00:21;178;0
10-15-2010 00:22;149;0
10-15-2010 00:23;138;0
10-15-2010 00:24;37;0
10-15-2010 00:25;9;0
10-15-2010 00:26;0;0
10-15-2010 00:27;7;0
10-15-2010 00:28;53;0
10-15-2010 00:29;29;0
10-15-2010 00:30;77;0
10-15-2010 00:31;143;0
10-15-2010 00:32;129;0
10-15-2010 00:33;18;0
10-15-2010 00:34;190;0
10-15-2010 00:35;44;0
10-15-2010 00:36;241;0
10-15-2010 00:37;178;0
10-15-2010 00:38;99;0
10-15-2010 00:39;190;0
10-15-2010 00:40;77;0
10-15-2010 00:41;259;0
10-15-2010 00:42;59;0
10-15-2010 00:43;79;0
10-15-2010 00:44;3;0
10-15-2010 00:45;833;1
10-15-2010 00:46;586;0
10-15-2010 00:47;277;0
10-15-2010 00:48;0;0
10-15-2010 00:49;31;0
10-15-2010 00:50;21;0
10-15-2010 00:51;13;0
10-15-2010 00:52;138;0
10-15-2010 00:53;91;0
10-15-2010 00:54;50;0
10-15-2010 00:55;397;0
10-15-2010 00:56;24;0
10-15-2010 00:57;424;0
10-15-2010 00:58;531;0
10-15-2010 00:59;733;1
10-15-2010 01:00;644;0
10-15-2010 01:01;605;0
10-15-2010 01:02;1178;1
10-15-2010 01:03;1106;1
10-15-2010 01:04;316;0
10-15-2010 01:05;566;0
10-15-2010 01:06;360;0
10-15-2010 01:07;327;0
10-15-2010 01:08;277;0
10-15-2010 01:09;424;0
10-15-2010 01:10;499;0
10-15-2010 01:11;384;0
10-15-2010 01:12;605;0
10-15-2010 01:13;306;0
10-15-2010 01:14;296;0
10-15-2010 01:15;99;0
10-15-2010 01:16;68;0
10-15-2010 01:17;397;0
10-15-2010 01:18;499;0
10-15-2010 01:19;468;0
10-15-2010 01:20;1217;1
10-15-2010 01:21;166;0
10-15-2010 01:22;624;0
10-15-2010 01:23;605;0
10-15-2010 01:24;285;0
10-15-2010 01:25;285;0
10-15-2010 01:26;184;0
10-15-2010 01:27;360;0
10-15-2010 01:28;424;0
10-15-2010 01:29;205;0
10-15-2010 01:30;438;0
10-15-2010 01:31;241;0
10-15-2010 01:32;327;0
10-15-2010 01:33;438;0
10-15-2010 01:34;107;0
10-15-2010 01:35;227;0
10-15-2010 01:36;107;0
10-15-2010 01:37;197;0
10-15-2010 01:38;15;0
10-15-2010 01:39;197;0
10-15-2010 01:40;360;0
10-15-2010 01:41;268;0
10-15-2010 01:42;134;0
10-15-2010 01:43;468;0
10-15-2010 01:44;277;0
10-15-2010 01:45;453;0
10-15-2010 01:46;372;0
10-15-2010 01:47;549;0
10-15-2010 01:48;349;0
10-15-2010 01:49;372;0
10-15-2010 01:50;410;0
10-15-2010 01:51;107;0
10-15-2010 01:52;18;0
10-15-2010 01:53;32;0
10-15-2010 01:54;3;0
10-15-2010 01:55;3;0
10-15-2010 01:56;129;0
10-15-2010 01:57;71;0
10-15-2010 01:58;327;0
10-15-2010 01:59;337;0
10-15-2010 02:00;227;0
10-15-2010 02:01;410;0
10-15-2010 02:02;360;0
10-15-2010 02:03;103;0
10-15-2010 02:04;172;0
10-15-2010 02:05;219;0
10-15-2010 02:06;360;0
10-15-2010 02:07;337;0
10-15-2010 02:08;129;0
10-15-2010 02:09;285;0
10-15-2010 02:10;0;0
10-15-2010 02:11;0;0
10-15-2010 02:12;71;0
10-15-2010 02:13;74;0
10-15-2010 02:14;103;0
10-15-2010 02:15;94;0
10-15-2010 02:16;16;0
10-15-2010 02:17;0;0
10-15-2010 02:18;9;0
10-15-2010 02:19;94;0
10-15-2010 02:20;3;0
10-15-2010 02:21;0;0
10-15-2010 02:22;7;0
10-15-2010 02:23;0;0
10-15-2010 02:24;21;0
10-15-2010 02:25;0;0
10-15-2010 02:26;0;0
10-15-2010 02:27;0;0
10-15-2010 02:28;0;0
10-15-2010 02:29;10;0
10-15-2010 02:30;0;0
10-15-2010 02:31;259;0
10-15-2010 02:32;259;0
10-15-2010 02:33;0;0
10-15-2010 02:34;0;0
10-15-2010 02:35;0;0
10-15-2010 02:36;43;0
10-15-2010 02:37;46;0
10-15-2010 02:38;0;0
10-15-2010 02:39;99;0
10-15-2010 02:40;43;0
10-15-2010 02:41;50;0
10-15-2010 02:42;0;0
10-15-2010 02:43;0;0
10-15-2010 02:44;0;0
10-15-2010 02:45;0;0
10-15-2010 02:46;15;0
10-15-2010 02:47;138;0
10-15-2010 02:48;0;0
10-15-2010 02:49;0;0
10-15-2010 02:50;0;0
10-15-2010 02:51;0;0
10-15-2010 02:52;0;0
10-15-2010 02:53;0;0
10-15-2010 02:54;250;0
10-15-2010 02:55;44;0
10-15-2010 02:56;212;0
10-15-2010 02:57;0;0
10-15-2010 02:58;0;0
10-15-2010 02:59;10;0
10-15-2010 03:00;65;0
10-15-2010 03:01;316;0
10-15-2010 03:02;337;0
10-15-2010 03:03;531;0
10-15-2010 03:04;184;0
10-15-2010 03:05;16;0
10-15-2010 03:06;40;0
10-15-2010 03:07;268;0
10-15-2010 03:08;68;0
10-15-2010 03:09;178;0
10-15-2010 03:10;268;0
10-15-2010 03:11;154;0
10-15-2010 03:12;178;0
10-15-2010 03:13;212;0
10-15-2010 03:14;7;0
10-15-2010 03:15;129;0
10-15-2010 03:16;0;0
10-15-2010 03:17;149;0
10-15-2010 03:18;316;0
10-15-2010 03:19;103;0
10-15-2010 03:20;172;0
10-15-2010 03:21;26;0
10-15-2010 03:22;22;0
10-15-2010 03:23;515;0
10-15-2010 03:24;360;0
10-15-2010 03:25;149;0
10-15-2010 03:26;116;0
10-15-2010 03:27;47;0
10-15-2010 03:28;71;0
10-15-2010 03:29;56;0
10-15-2010 03:30;134;0
10-15-2010 03:31;453;0
10-15-2010 03:32;337;0
10-15-2010 03:33;241;0
10-15-2010 03:34;306;0
10-15-2010 03:35;234;0
10-15-2010 03:36;62;0
10-15-2010 03:37;0;0
10-15-2010 03:38;0;0
10-15-2010 03:39;82;0
10-15-2010 03:40;316;0
10-15-2010 03:41;138;0
10-15-2010 03:42;35;0
10-15-2010 03:43;32;0
10-15-2010 03:44;13;0
10-15-2010 03:45;79;0
10-15-2010 03:46;0;0
10-15-2010 03:47;13;0
10-15-2010 03:48;3;0
10-15-2010 03:49;59;0
10-15-2010 03:50;24;0
10-15-2010 03:51;32;0
10-15-2010 03:52;18;0
10-15-2010 03:53;47;0
10-15-2010 03:54;29;0
10-15-2010 03:55;46;0
10-15-2010 03:56;0;0
10-15-2010 03:57;0;0
10-15-2010 03:58;4;0
10-15-2010 03:59;0;0
10-15-2010 04:00;0;0
10-15-2010 04:01;62;0
10-15-2010 04:02;71;0
10-15-2010 04:03;59;0
10-15-2010 04:04;16;0
10-15-2010 04:05;28;0
10-15-2010 04:06;18;0
10-15-2010 04:07;82;0
10-15-2010 04:08;19;0
10-15-2010 04:09;0;0
10-15-2010 04:10;0;0
10-15-2010 04:11;0;0
10-15-2010 04:12;0;0
10-15-2010 04:13;0;0
10-15-2010 04:14;0;0
10-15-2010 04:15;0;0
10-15-2010 04:16;0;0
10-15-2010 04:17;3;0
10-15-2010 04:18;77;0
10-15-2010 04:19;227;0
10-15-2010 04:20;149;0
10-15-2010 04:21;0;0
10-15-2010 04:22;43;0
10-15-2010 04:23;62;0
10-15-2010 04:24;0;0
10-15-2010 04:25;0;0
10-15-2010 04:26;6;0
10-15-2010 04:27;0;0
10-15-2010 04:28;25;0
10-15-2010 04:29;18;0
10-15-2010 04:30;468;0
10-15-2010 04:31;7;0
10-15-2010 04:32;7;0
10-15-2010 04:33;149;0
10-15-2010 04:34;134;0
10-15-2010 04:35;3;0
10-15-2010 04:36;0;0
10-15-2010 04:37;0;0
10-15-2010 04:38;3;0
10-15-2010 04:39;0;0
10-15-2010 04:40;0;0
10-15-2010 04:41;0;0
10-15-2010 04:42;0;0
10-15-2010 04:43;0;0
10-15-2010 04:44;0;0
10-15-2010 04:45;0;0
10-15-2010 04:46;7;0
10-15-2010 04:47;112;0
10-15-2010 04:48;0;0
10-15-2010 04:49;0;0
10-15-2010 04:50;0;0
10-15-2010 04:51;22;0
10-15-2010 04:52;3;0
10-15-2010 04:53;85;0
10-15-2010 04:54;0;0
10-15-2010 04:55;53;0
10-15-2010 04:56;0;0
10-15-2010 04:57;0;0
10-15-2010 04:58;0;0
10-15-2010 04:59;0;0
10-15-2010 05:00;0;0
10-15-2010 05:01;0;0
10-15-2010 05:02;0;0
10-15-2010 05:03;0;0
10-15-2010 05:04;0;0
10-15-2010 05:05;0;0
10-15-2010 05:06;0;0
10-15-2010 05:07;0;0
10-15-2010 05:08;0;0
10-15-2010 05:09;0;0
10-15-2010 05:10;0;0
10-15-2010 05:11;0;0
10-15-2010 05:12;0;0
10-15-2010 05:13;0;0
10-15-2010 05:14;0;0
10-15-2010 05:15;0;0
10-15-2010 05:16;0;0
10-15-2010 05:17;47;0
10-15-2010 05:18;0;0
10-15-2010 05:19;0;0
10-15-2010 05:20;0;0
10-15-2010 05:21;0;0
10-15-2010 05:22;0;0
10-15-2010 05:23;0;0
10-15-2010 05:24;0;0
10-15-2010 05:25;0;0
10-15-2010 05:26;0;0
10-15-2010 05:27;0;0
10-15-2010 05:28;0;0
10-15-2010 05:29;0;0
10-15-2010 05:30;0;0
10-15-2010 05:31;0;0
10-15-2010 05:32;0;0
10-15-2010 05:33;0;0
10-15-2010 05:34;0;0
10-15-2010 05:35;0;0
10-15-2010 05:36;0;0
10-15-2010 05:37;0;0
10-15-2010 05:38;0;0
10-15-2010 05:39;0;0
10-15-2010 05:40;0;0
10-15-2010 05:41;0;0
10-15-2010 05:42;0;0
10-15-2010 05:43;0;0
10-15-2010 05:44;0;0
10-15-2010 05:45;0;0
10-15-2010 05:46;0;0
10-15-2010 05:47;0;0
10-15-2010 05:48;0;0
10-15-2010 05:49;0;0
10-15-2010 05:50;0;0
10-15-2010 05:51;0;0
10-15-2010 05:52;0;0
10-15-2010 05:53;0;0
10-15-2010 05:54;0;0
10-15-2010 05:55;0;0
10-15-2010 05:56;0;0
10-15-2010 05:57;0;0
10-15-2010 05:58;0;0
10-15-2010 05:59;0;0
10-15-2010 06:00;0;0
10-15-2010 06:01;0;0
10-15-2010 06:02;0;0
10-15-2010 06:03;0;0
10-15-2010 06:04;0;0
10-15-2010 06:05;0;0
10-15-2010 06:06;0;0
10-15-2010 06:07;0;0
10-15-2010 06:08;0;0
10-15-2010 06:09;0;0
10-15-2010 06:10;0;0
10-15-2010 06:11;0;0
10-15-2010 06:12;0;0
10-15-2010 06:13;0;0
10-15-2010 06:14;4;0
10-15-2010 06:15;99;0
10-15-2010 06:16;0;0
10-15-2010 06:17;0;0
10-15-2010 06:18;0;0
10-15-2010 06:19;0;0
10-15-2010 06:20;0;0
10-15-2010 06:21;0;0
10-15-2010 06:22;0;0
10-15-2010 06:23;0;0
10-15-2010 06:24;0;0
10-15-2010 06:25;0;0
10-15-2010 06:26;0;0
10-15-2010 06:27;0;0
10-15-2010 06:28;0;0
10-15-2010 06:29;0;0
10-15-2010 06:30;0;0
10-15-2010 06:31;0;0
10-15-2010 06:32;0;0
10-15-2010 06:33;0;0
10-15-2010 06:34;0;0
10-15-2010 06:35;438;0
10-15-2010 06:36;184;0
10-15-2010 06:37;166;0
10-15-2010 06:38;0;0
10-15-2010 06:39;0;0
10-15-2010 06:40;0;0
10-15-2010 06:41;0;0
10-15-2010 06:42;0;0
10-15-2010 06:43;0;0
10-15-2010 06:44;0;0
10-15-2010 06:45;0;0
10-15-2010 06:46;0;0
10-15-2010 06:47;0;0
10-15-2010 06:48;0;0
10-15-2010 06:49;0;0
10-15-2010 06:50;0;0
10-15-2010 06:51;0;0
10-15-2010 06:52;0;0
10-15-2010 06:53;0;0
10-15-2010 06:54;0;0
10-15-2010 06:55;0;0
10-15-2010 06:56;0;0
10-15-2010 06:57;0;0
10-15-2010 06:58;0;0
10-15-2010 06:59;0;0
10-15-2010 07:00;0;0
10-15-2010 07:01;0;0
10-15-2010 07:02;0;0
10-15-2010 07:03;0;0
10-15-2010 07:04;0;0
10-15-2010 07:05;0;0
10-15-2010 07:06;0;0
10-15-2010 07:07;0;0
10-15-2010 07:08;0;0
10-15-2010 07:09;0;0
10-15-2010 07:10;0;0
10-15-2010 07:11;0;0
10-15-2010 07:12;0;0
10-15-2010 07:13;0;0
10-15-2010 07:14;0;0
10-15-2010 07:15;0;0
10-15-2010 07:16;0;0
10-15-2010 07:17;0;0
10-15-2010 07:18;0;0
10-15-2010 07:19;0;0
10-15-2010 07:20;0;0
10-15-2010 07:21;0;0
10-15-2010 07:22;0;0
10-15-2010 07:23;0;0
10-15-2010 07:24;91;0
10-15-2010 07:25;0;0
10-15-2010 07:26;0;0
10-15-2010 07:27;0;0
10-15-2010 07:28;0;0
10-15-2010 07:29;0;0
10-15-2010 07:30;0;0
10-15-2010 07:31;0;0
10-15-2010 07:32;0;0
10-15-2010 07:33;0;0
10-15-2010 07:34;0;0
10-15-2010 07:35;40;0
10-15-2010 07:36;6;0
10-15-2010 07:37;6;0
10-15-2010 07:38;0;0
10-15-2010 07:39;0;0
10-15-2010 07:40;0;0
10-15-2010 07:41;0;0
10-15-2010 07:42;0;0
10-15-2010 07:43;19;0
10-15-2010 07:44;0;0
10-15-2010 07:45;0;0
10-15-2010 07:46;0;0
10-15-2010 07:47;205;0
10-15-2010 07:48;468;0
10-15-2010 07:49;0;0
10-15-2010 07:50;0;0
10-15-2010 07:51;0;0
10-15-2010 07:52;0;0
10-15-2010 07:53;0;0
10-15-2010 07:54;0;0
10-15-2010 07:55;0;0
10-15-2010 07:56;0;0
10-15-2010 07:57;0;0
10-15-2010 07:58;0;0
10-15-2010 07:59;0;0
10-15-2010 08:00;99;0
10-15-2010 08:01;0;0
10-15-2010 08:02;0;0
10-15-2010 08:03;3;0
10-15-2010 08:04;0;0
10-15-2010 08:05;0;0
10-15-2010 08:06;0;0
10-15-2010 08:07;0;0
10-15-2010 08:08;0;0
10-15-2010 08:09;0;0
10-15-2010 08:10;0;0
10-15-2010 08:11;0;0
10-15-2010 08:12;0;0
10-15-2010 08:13;0;0
10-15-2010 08:14;0;0
10-15-2010 08:15;0;0
10-15-2010 08:16;0;0
10-15-2010 08:17;0;0
10-15-2010 08:18;0;0
10-15-2010 08:19;0;0
10-15-2010 08:20;0;0
10-15-2010 08:21;0;0
10-15-2010 08:22;0;0
10-15-2010 08:23;0;0
10-15-2010 08:24;0;0
10-15-2010 08:25;0;0
10-15-2010 08:26;0;0
10-15-2010 08:27;0;0
10-15-2010 08:28;250;0
10-15-2010 08:29;68;0
10-15-2010 08:30;0;0
10-15-2010 08:31;0;0
10-15-2010 08:32;0;0
10-15-2010 08:33;0;0
10-15-2010 08:34;0;0
10-15-2010 08:35;0;0
10-15-2010 08:36;0;0
10-15-2010 08:37;0;0
10-15-2010 08:38;0;0
10-15-2010 08:39;0;0
10-15-2010 08:40;0;0
10-15-2010 08:41;0;0
10-15-2010 08:42;0;0
10-15-2010 08:43;0;0
10-15-2010 08:44;0;0
10-15-2010 08:45;0;0
10-15-2010 08:46;0;0
10-15-2010 08:47;0;0
10-15-2010 08:48;0;0
10-15-2010 08:49;0;0
10-15-2010 08:50;0;0
10-15-2010 08:51;0;0
10-15-2010 08:52;0;0
10-15-2010 08:53;0;0
10-15-2010 08:54;0;0
10-15-2010 08:55;0;0
10-15-2010 08:56;0;0
10-15-2010 08:57;0;0
10-15-2010 08:58;0;0
10-15-2010 08:59;10;0
10-15-2010 09:00;397;0
10-15-2010 09:01;71;0
10-15-2010 09:02;0;0
10-15-2010 09:03;99;0
10-15-2010 09:04;644;0
10-15-2010 09:05;327;0
10-15-2010 09:06;12;0
10-15-2010 09:07;0;0
10-15-2010 09:08;0;0
10-15-2010 09:09;4;0
10-15-2010 09:10;0;0
10-15-2010 09:11;0;0
10-15-2010 09:12;0;0
10-15-2010 09:13;0;0
10-15-2010 09:14;0;0
10-15-2010 09:15;0;0
10-15-2010 09:16;0;0
10-15-2010 09:17;0;0
10-15-2010 09:18;0;0
10-15-2010 09:19;62;0
10-15-2010 09:20;0;0
10-15-2010 09:21;0;0
10-15-2010 09:22;0;0
10-15-2010 09:23;0;0
10-15-2010 09:24;0;0
10-15-2010 09:25;0;0
10-15-2010 09:26;0;0
10-15-2010 09:27;0;0
10-15-2010 09:28;0;0
10-15-2010 09:29;0;0
10-15-2010 09:30;0;0
10-15-2010 09:31;0;0
10-15-2010 09:32;46;0
10-15-2010 09:33;0;0
10-15-2010 09:34;0;0
10-15-2010 09:35;0;0
10-15-2010 09:36;0;0
10-15-2010 09:37;0;0
10-15-2010 09:38;116;0
10-15-2010 09:39;0;0
10-15-2010 09:40;0;0
10-15-2010 09:41;0;0
10-15-2010 09:42;0;0
10-15-2010 09:43;0;0
10-15-2010 09:44;0;0
10-15-2010 09:45;0;0
10-15-2010 09:46;0;0
10-15-2010 09:47;0;0
10-15-2010 09:48;0;0
10-15-2010 09:49;3;0
10-15-2010 09:50;0;0
10-15-2010 09:51;43;0
10-15-2010 09:52;0;0
10-15-2010 09:53;0;0
10-15-2010 09:54;0;0
10-15-2010 09:55;0;0
10-15-2010 09:56;0;0
10-15-2010 09:57;0;0
10-15-2010 09:58;0;0
10-15-2010 09:59;0;0
10-15-2010 10:00;0;0
10-15-2010 10:01;349;0
10-15-2010 10:02;0;0
10-15-2010 10:03;0;0
10-15-2010 10:04;0;0
10-15-2010 10:05;0;0
10-15-2010 10:06;0;0
10-15-2010 10:07;125;0
10-15-2010 10:08;0;0
10-15-2010 10:09;0;0
10-15-2010 10:10;0;0
10-15-2010 10:11;0;0
10-15-2010 10:12;0;0
10-15-2010 10:13;0;0
10-15-2010 10:14;234;0
10-15-2010 10:15;71;0
10-15-2010 10:16;0;0
10-15-2010 10:17;0;0
10-15-2010 10:18;0;0
10-15-2010 10:19;0;0
10-15-2010 10:20;0;0
10-15-2010 10:21;0;0
10-15-2010 10:22;0;0
10-15-2010 10:23;0;0
10-15-2010 10:24;0;0
10-15-2010 10:25;0;0
10-15-2010 10:26;0;0
10-15-2010 10:27;0;0
10-15-2010 10:28;0;0
10-15-2010 10:29;0;0
10-15-2010 10:30;0;0
10-15-2010 10:31;0;0
10-15-2010 10:32;0;0
10-15-2010 10:33;0;0
10-15-2010 10:34;0;0
10-15-2010 10:35;0;0
10-15-2010 10:36;0;0
10-15-2010 10:37;0;0
10-15-2010 10:38;0;0
10-15-2010 10:39;0;0
10-15-2010 10:40;0;0
10-15-2010 10:41;0;0
10-15-2010 10:42;0;0
10-15-2010 10:43;0;0
10-15-2010 10:44;0;0
10-15-2010 10:45;121;0
10-15-2010 10:46;0;0
10-15-2010 10:47;0;0
10-15-2010 10:48;0;0
10-15-2010 10:49;0;0
10-15-2010 10:50;0;0
10-15-2010 10:51;349;0
10-15-2010 10:52;0;0
10-15-2010 10:53;0;0
10-15-2010 10:54;19;0
10-15-2010 10:55;79;0
10-15-2010 10:56;0;0
10-15-2010 10:57;65;0
10-15-2010 10:58;0;0
10-15-2010 10:59;424;0
10-15-2010 11:00;806;1
10-15-2010 11:01;360;0
10-15-2010 11:02;887;1
10-15-2010 11:03;945;1
10-15-2010 11:04;605;0
10-15-2010 11:05;665;1
10-15-2010 11:06;709;1
10-15-2010 11:07;410;0
10-15-2010 11:08;605;0
10-15-2010 11:09;515;0
10-15-2010 11:10;134;0
10-15-2010 11:11;79;0
10-15-2010 11:12;85;0
10-15-2010 11:13;62;0
10-15-2010 11:14;47;0
10-15-2010 11:15;43;0
10-15-2010 11:16;103;0
10-15-2010 11:17;43;0
10-15-2010 11:18;605;0
10-15-2010 11:19;438;0
10-15-2010 11:20;424;0
10-15-2010 11:21;250;0
10-15-2010 11:22;1515;1
10-15-2010 11:23;733;1
10-15-2010 11:24;531;0
10-15-2010 11:25;499;0
10-15-2010 11:26;644;0
10-15-2010 11:27;296;0
10-15-2010 11:28;241;0
10-15-2010 11:29;219;0
10-15-2010 11:30;644;0
10-15-2010 11:31;915;1
10-15-2010 11:32;424;0
10-15-2010 11:33;384;0
10-15-2010 11:34;499;0
10-15-2010 11:35;624;0
10-15-2010 11:36;68;0
10-15-2010 11:37;15;0
10-15-2010 11:38;107;0
10-15-2010 11:39;149;0
10-15-2010 11:40;212;0
10-15-2010 11:41;499;0
10-15-2010 11:42;806;1
10-15-2010 11:43;586;0
10-15-2010 11:44;515;0
10-15-2010 11:45;438;0
10-15-2010 11:46;384;0
10-15-2010 11:47;94;0
10-15-2010 11:48;349;0
10-15-2010 11:49;483;0
10-15-2010 11:50;424;0
10-15-2010 11:51;268;0
10-15-2010 11:52;499;0
10-15-2010 11:53;285;0
10-15-2010 11:54;184;0
10-15-2010 11:55;227;0
10-15-2010 11:56;384;0
10-15-2010 11:57;687;1
10-15-2010 11:58;172;0
10-15-2010 11:59;687;1
10-15-2010 12:00;360;0
10-15-2010 12:01;384;0
10-15-2010 12:02;190;0
10-15-2010 12:03;212;0
10-15-2010 12:04;483;0
10-15-2010 12:05;227;0
10-15-2010 12:06;515;0
10-15-2010 12:07;384;0
10-15-2010 12:08;887;1
10-15-2010 12:09;733;1
10-15-2010 12:10;1336;1
10-15-2010 12:11;1468;1
10-15-2010 12:12;1217;1
10-15-2010 12:13;1178;1
10-15-2010 12:14;1379;1
10-15-2010 12:15;74;0
10-15-2010 12:16;99;0
10-15-2010 12:17;129;0
10-15-2010 12:18;277;0
10-15-2010 12:19;975;1
10-15-2010 12:20;234;0
10-15-2010 12:21;624;0
10-15-2010 12:22;756;1
10-15-2010 12:23;499;0
10-15-2010 12:24;277;0
10-15-2010 12:25;219;0
10-15-2010 12:26;277;0
10-15-2010 12:27;227;0
10-15-2010 12:28;566;0
10-15-2010 12:29;483;0
10-15-2010 12:30;172;0
10-15-2010 12:31;337;0
10-15-2010 12:32;143;0
10-15-2010 12:33;397;0
10-15-2010 12:34;605;0
10-15-2010 12:35;397;0
10-15-2010 12:36;134;0
10-15-2010 12:37;178;0
10-15-2010 12:38;549;0
10-15-2010 12:39;360;0
10-15-2010 12:40;549;0
10-15-2010 12:41;397;0
10-15-2010 12:42;605;0
10-15-2010 12:43;483;0
10-15-2010 12:44;306;0
10-15-2010 12:45;166;0
10-15-2010 12:46;15;0
10-15-2010 12:47;665;1
10-15-2010 12:48;438;0
10-15-2010 12:49;178;0
10-15-2010 12:50;241;0
10-15-2010 12:51;149;0
10-15-2010 12:52;410;0
10-15-2010 12:53;16;0
10-15-2010 12:54;24;0
10-15-2010 12:55;154;0
10-15-2010 12:56;43;0
10-15-2010 12:57;0;0
10-15-2010 12:58;16;0
10-15-2010 12:59;129;0
10-15-2010 13:00;50;0
10-15-2010 13:01;68;0
10-15-2010 13:02;178;0
10-15-2010 13:03;34;0
10-15-2010 13:04;172;0
10-15-2010 13:05;121;0
10-15-2010 13:06;190;0
10-15-2010 13:07;372;0
10-15-2010 13:08;143;0
10-15-2010 13:09;160;0
10-15-2010 13:10;178;0
10-15-2010 13:11;197;0
10-15-2010 13:12;184;0
10-15-2010 13:13;116;0
10-15-2010 13:14;296;0
10-15-2010 13:15;197;0
10-15-2010 13:16;38;0
10-15-2010 13:17;268;0
10-15-2010 13:18;28;0
10-15-2010 13:19;44;0
10-15-2010 13:20;205;0
10-15-2010 13:21;296;0
10-15-2010 13:22;125;0
10-15-2010 13:23;79;0
10-15-2010 13:24;285;0
10-15-2010 13:25;424;0
10-15-2010 13:26;605;0
10-15-2010 13:27;212;0
10-15-2010 13:28;337;0
10-15-2010 13:29;453;0
10-15-2010 13:30;62;0
10-15-2010 13:31;296;0
10-15-2010 13:32;68;0
10-15-2010 13:33;424;0
10-15-2010 13:34;349;0
10-15-2010 13:35;172;0
10-15-2010 13:36;360;0
10-15-2010 13:37;62;0
10-15-2010 13:38;0;0
10-15-2010 13:39;50;0
10-15-2010 13:40;3;0
10-15-2010 13:41;0;0
10-15-2010 13:42;3;0
10-15-2010 13:43;10;0
10-15-2010 13:44;59;0
10-15-2010 13:45;50;0
10-15-2010 13:46;22;0
10-15-2010 13:47;0;0
10-15-2010 13:48;43;0
10-15-2010 13:49;35;0
10-15-2010 13:50;91;0
10-15-2010 13:51;62;0
10-15-2010 13:52;7;0
10-15-2010 13:53;0;0
10-15-2010 13:54;349;0
10-15-2010 13:55;424;0
10-15-2010 13:56;424;0
10-15-2010 13:57;56;0
10-15-2010 13:58;0;0
10-15-2010 13:59;0;0
10-15-2010 14:00;0;0
10-15-2010 14:01;0;0
10-15-2010 14:02;19;0
10-15-2010 14:03;25;0
10-15-2010 14:04;56;0
10-15-2010 14:05;85;0
10-15-2010 14:06;1217;1
10-15-2010 14:07;1039;1
10-15-2010 14:08;79;0
10-15-2010 14:09;483;0
10-15-2010 14:10;349;0
10-15-2010 14:11;197;0
10-15-2010 14:12;74;0
10-15-2010 14:13;160;0
10-15-2010 14:14;116;0
10-15-2010 14:15;372;0
10-15-2010 14:16;116;0
10-15-2010 14:17;499;0
10-15-2010 14:18;250;0
10-15-2010 14:19;43;0
10-15-2010 14:20;0;0
10-15-2010 14:21;0;0
10-15-2010 14:22;0;0
10-15-2010 14:23;0;0
10-15-2010 14:24;77;0
10-15-2010 14:25;91;0
10-15-2010 14:26;205;0
10-15-2010 14:27;116;0
10-15-2010 14:28;499;0
10-15-2010 14:29;349;0
10-15-2010 14:30;107;0
10-15-2010 14:31;7;0
10-15-2010 14:32;6;0
10-15-2010 14:33;24;0
10-15-2010 14:34;0;0
10-15-2010 14:35;0;0
10-15-2010 14:36;0;0
10-15-2010 14:37;0;0
10-15-2010 14:38;0;0
10-15-2010 14:39;372;0
10-15-2010 14:40;143;0
10-15-2010 14:41;88;0
10-15-2010 14:42;172;0
10-15-2010 14:43;397;0
10-15-2010 14:44;438;0
10-15-2010 14:45;372;0
10-15-2010 14:46;219;0
10-15-2010 14:47;219;0
10-15-2010 14:48;259;0
10-15-2010 14:49;47;0
10-15-2010 14:50;18;0
10-15-2010 14:51;3;0
10-15-2010 14:52;94;0
10-15-2010 14:53;178;0
10-15-2010 14:54;259;0
10-15-2010 14:55;129;0
10-15-2010 14:56;26;0
10-15-2010 14:57;372;0
10-15-2010 14:58;424;0
10-15-2010 14:59;360;0
10-15-2010 15:00;160;0
10-15-2010 15:01;337;0
10-15-2010 15:02;360;0
10-15-2010 15:03;143;0
10-15-2010 15:04;103;0
10-15-2010 15:05;259;0
10-15-2010 15:06;0;0
10-15-2010 15:07;68;0
10-15-2010 15:08;149;0
10-15-2010 15:09;25;0
10-15-2010 15:10;44;0
10-15-2010 15:11;7;0
10-15-2010 15:12;71;0
10-15-2010 15:13;29;0
10-15-2010 15:14;0;0
10-15-2010 15:15;0;0
10-15-2010 15:16;549;0
10-15-2010 15:17;549;0
10-15-2010 15:18;499;0
10-15-2010 15:19;143;0
10-15-2010 15:20;586;0
10-15-2010 15:21;384;0
10-15-2010 15:22;438;0
10-15-2010 15:23;121;0
10-15-2010 15:24;103;0
10-15-2010 15:25;50;0
10-15-2010 15:26;234;0
10-15-2010 15:27;349;0
10-15-2010 15:28;74;0
10-15-2010 15:29;277;0
10-15-2010 15:30;337;0
10-15-2010 15:31;384;0
10-15-2010 15:32;134;0
10-15-2010 15:33;285;0
10-15-2010 15:34;327;0
10-15-2010 15:35;41;0
10-15-2010 15:36;372;0
10-15-2010 15:37;172;0
10-15-2010 15:38;190;0
10-15-2010 15:39;160;0
10-15-2010 15:40;219;0
10-15-2010 15:41;219;0
10-15-2010 15:42;68;0
10-15-2010 15:43;53;0
10-15-2010 15:44;178;0
10-15-2010 15:45;227;0
10-15-2010 15:46;121;0
10-15-2010 15:47;166;0
10-15-2010 15:48;134;0
10-15-2010 15:49;268;0
10-15-2010 15:50;172;0
10-15-2010 15:51;10;0
10-15-2010 15:52;0;0
10-15-2010 15:53;0;0
10-15-2010 15:54;121;0
10-15-2010 15:55;68;0
10-15-2010 15:56;94;0
10-15-2010 15:57;160;0
10-15-2010 15:58;9;0
10-15-2010 15:59;94;0
10-15-2010 16:00;71;0
10-15-2010 16:01;26;0
10-15-2010 16:02;116;0
10-15-2010 16:03;62;0
10-15-2010 16:04;241;0
10-15-2010 16:05;53;0
10-15-2010 16:06;234;0
10-15-2010 16:07;103;0
10-15-2010 16:08;46;0
10-15-2010 16:09;19;0
10-15-2010 16:10;205;0
10-15-2010 16:11;250;0
10-15-2010 16:12;337;0
10-15-2010 16:13;349;0
10-15-2010 16:14;184;0
10-15-2010 16:15;107;0
10-15-2010 16:16;531;0
10-15-2010 16:17;285;0
10-15-2010 16:18;184;0
10-15-2010 16:19;112;0
10-15-2010 16:20;549;0
10-15-2010 16:21;94;0
10-15-2010 16:22;349;0
10-15-2010 16:23;25;0
10-15-2010 16:24;103;0
10-15-2010 16:25;82;0
10-15-2010 16:26;149;0
10-15-2010 16:27;250;0
10-15-2010 16:28;172;0
10-15-2010 16:29;384;0
10-15-2010 16:30;250;0
10-15-2010 16:31;44;0
10-15-2010 16:32;18;0
10-15-2010 16:33;134;0
10-15-2010 16:34;29;0
10-15-2010 16:35;3;0
10-15-2010 16:36;143;0
10-15-2010 16:37;18;0
10-15-2010 16:38;0;0
10-15-2010 16:39;0;0
10-15-2010 16:40;37;0
10-15-2010 16:41;3;0
10-15-2010 16:42;0;0
10-15-2010 16:43;0;0
10-15-2010 16:44;0;0
10-15-2010 16:45;3;0
10-15-2010 16:46;6;0
10-15-2010 16:47;31;0
10-15-2010 16:48;99;0
10-15-2010 16:49;71;0
10-15-2010 16:50;0;0
10-15-2010 16:51;277;0
10-15-2010 16:52;424;0
10-15-2010 16:53;605;0
10-15-2010 16:54;160;0
10-15-2010 16:55;166;0
10-15-2010 16:56;184;0
10-15-2010 16:57;26;0
10-15-2010 16:58;197;0
10-15-2010 16:59;99;0
10-15-2010 17:00;53;0
10-15-2010 17:01;241;0
10-15-2010 17:02;99;0
10-15-2010 17:03;50;0
10-15-2010 17:04;134;0
10-15-2010 17:05;605;0
10-15-2010 17:06;197;0
10-15-2010 17:07;71;0
10-15-2010 17:08;227;0
10-15-2010 17:09;71;0
10-15-2010 17:10;250;0
10-15-2010 17:11;103;0
10-15-2010 17:12;134;0
10-15-2010 17:13;62;0
10-15-2010 17:14;16;0
10-15-2010 17:15;50;0
10-15-2010 17:16;62;0
10-15-2010 17:17;32;0
10-15-2010 17:18;212;0
10-15-2010 17:19;306;0
10-15-2010 17:20;172;0
10-15-2010 17:21;103;0
10-15-2010 17:22;85;0
10-15-2010 17:23;71;0
10-15-2010 17:24;103;0
10-15-2010 17:25;65;0
10-15-2010 17:26;687;1
10-15-2010 17:27;515;0
10-15-2010 17:28;59;0
10-15-2010 17:29;71;0
10-15-2010 17:30;28;0
10-15-2010 17:31;3;0
10-15-2010 17:32;3;0
10-15-2010 17:33;13;0
10-15-2010 17:34;62;0
10-15-2010 17:35;3;0
10-15-2010 17:36;16;0
10-15-2010 17:37;16;0
10-15-2010 17:38;219;0
10-15-2010 17:39;178;0
10-15-2010 17:40;172;0
10-15-2010 17:41;424;0
10-15-2010 17:42;154;0
10-15-2010 17:43;833;1
10-15-2010 17:44;531;0
10-15-2010 17:45;166;0
10-15-2010 17:46;154;0
10-15-2010 17:47;234;0
10-15-2010 17:48;483;0
10-15-2010 17:49;94;0
10-15-2010 17:50;41;0
10-15-2010 17:51;372;0
10-15-2010 17:52;499;0
10-15-2010 17:53;384;0
10-15-2010 17:54;709;1
10-15-2010 17:55;586;0
10-15-2010 17:56;806;1
10-15-2010 17:57;624;0
10-15-2010 17:58;349;0
10-15-2010 17:59;549;0
10-15-2010 18:00;566;0
10-15-2010 18:01;26;0
10-15-2010 18:02;178;0
10-15-2010 18:03;327;0
10-15-2010 18:04;88;0
10-15-2010 18:05;316;0
10-15-2010 18:06;71;0
10-15-2010 18:07;103;0
10-15-2010 18:08;285;0
10-15-2010 18:09;337;0
10-15-2010 18:10;77;0
10-15-2010 18:11;138;0
10-15-2010 18:12;103;0
10-15-2010 18:13;268;0
10-15-2010 18:14;483;0
10-15-2010 18:15;112;0
10-15-2010 18:16;190;0
10-15-2010 18:17;116;0
10-15-2010 18:18;99;0
10-15-2010 18:19;94;0
10-15-2010 18:20;91;0
10-15-2010 18:21;116;0
10-15-2010 18:22;103;0
10-15-2010 18:23;103;0
10-15-2010 18:24;10;0
10-15-2010 18:25;74;0
10-15-2010 18:26;82;0
10-15-2010 18:27;15;0
10-15-2010 18:28;44;0
10-15-2010 18:29;103;0
10-15-2010 18:30;205;0
10-15-2010 18:31;134;0
10-15-2010 18:32;32;0
10-15-2010 18:33;50;0
10-15-2010 18:34;15;0
10-15-2010 18:35;129;0
10-15-2010 18:36;112;0
10-15-2010 18:37;4;0
10-15-2010 18:38;129;0
10-15-2010 18:39;349;0
10-15-2010 18:40;250;0
10-15-2010 18:41;154;0
10-15-2010 18:42;250;0
10-15-2010 18:43;46;0
10-15-2010 18:44;40;0
10-15-2010 18:45;82;0
10-15-2010 18:46;26;0
10-15-2010 18:47;285;0
10-15-2010 18:48;360;0
10-15-2010 18:49;586;0
10-15-2010 18:50;88;0
10-15-2010 18:51;13;0
10-15-2010 18:52;166;0
10-15-2010 18:53;268;0
10-15-2010 18:54;94;0
10-15-2010 18:55;53;0
10-15-2010 18:56;172;0
10-15-2010 18:57;337;0
10-15-2010 18:58;197;0
10-15-2010 18:59;277;0
10-15-2010 19:00;384;0
10-15-2010 19:01;6;0
10-15-2010 19:02;125;0
10-15-2010 19:03;149;0
10-15-2010 19:04;285;0
10-15-2010 19:05;125;0
10-15-2010 19:06;103;0
10-15-2010 19:07;25;0
10-15-2010 19:08;285;0
10-15-2010 19:09;121;0
10-15-2010 19:10;6;0
10-15-2010 19:11;47;0
10-15-2010 19:12;16;0
10-15-2010 19:13;37;0
10-15-2010 19:14;62;0
10-15-2010 19:15;82;0
10-15-2010 19:16;65;0
10-15-2010 19:17;219;0
10-15-2010 19:18;107;0
10-15-2010 19:19;26;0
10-15-2010 19:20;121;0
10-15-2010 19:21;59;0
10-15-2010 19:22;160;0
10-15-2010 19:23;184;0
10-15-2010 19:24;143;0
10-15-2010 19:25;77;0
10-15-2010 19:26;77;0
10-15-2010 19:27;160;0
10-15-2010 19:28;337;0
10-15-2010 19:29;327;0
10-15-2010 19:30;65;0
10-15-2010 19:31;103;0
10-15-2010 19:32;241;0
10-15-2010 19:33;172;0
10-15-2010 19:34;94;0
10-15-2010 19:35;197;0
10-15-2010 19:36;88;0
10-15-2010 19:37;327;0
10-15-2010 19:38;483;0
10-15-2010 19:39;285;0
10-15-2010 19:40;47;0
10-15-2010 19:41;34;0
10-15-2010 19:42;21;0
10-15-2010 19:43;154;0
10-15-2010 19:44;34;0
10-15-2010 19:45;250;0
10-15-2010 19:46;138;0
10-15-2010 19:47;35;0
10-15-2010 19:48;306;0
10-15-2010 19:49;515;0
10-15-2010 19:50;71;0
10-15-2010 19:51;71;0
10-15-2010 19:52;88;0
10-15-2010 19:53;21;0
10-15-2010 19:54;46;0
10-15-2010 19:55;453;0
10-15-2010 19:56;160;0
10-15-2010 19:57;806;1
10-15-2010 19:58;268;0
10-15-2010 19:59;38;0
10-15-2010 20:00;26;0
10-15-2010 20:01;41;0
10-15-2010 20:02;37;0
10-15-2010 20:03;99;0
10-15-2010 20:04;88;0
10-15-2010 20:05;37;0
10-15-2010 20:06;154;0
10-15-2010 20:07;68;0
10-15-2010 20:08;372;0
10-15-2010 20:09;250;0
10-15-2010 20:10;184;0
10-15-2010 20:11;219;0
10-15-2010 20:12;372;0
10-15-2010 20:13;483;0
10-15-2010 20:14;205;0
10-15-2010 20:15;397;0
10-15-2010 20:16;178;0
10-15-2010 20:17;190;0
10-15-2010 20:18;285;0
10-15-2010 20:19;103;0
10-15-2010 20:20;134;0
10-15-2010 20:21;515;0
10-15-2010 20:22;212;0
10-15-2010 20:23;79;0
10-15-2010 20:24;121;0
10-15-2010 20:25;143;0
10-15-2010 20:26;26;0
10-15-2010 20:27;154;0
10-15-2010 20:28;306;0
10-15-2010 20:29;88;0
10-15-2010 20:30;190;0
10-15-2010 20:31;316;0
10-15-2010 20:32;149;0
10-15-2010 20:33;178;0
10-15-2010 20:34;82;0
10-15-2010 20:35;178;0
10-15-2010 20:36;116;0
10-15-2010 20:37;129;0
10-15-2010 20:38;149;0
10-15-2010 20:39;205;0
10-15-2010 20:40;327;0
10-15-2010 20:41;50;0
10-15-2010 20:42;0;0
10-15-2010 20:43;0;0
10-15-2010 20:44;438;0
10-15-2010 20:45;138;0
10-15-2010 20:46;212;0
10-15-2010 20:47;178;0
10-15-2010 20:48;605;0
10-15-2010 20:49;453;0
10-15-2010 20:50;112;0
10-15-2010 20:51;3;0
10-15-2010 20:52;94;0
10-15-2010 20:53;227;0
10-15-2010 20:54;268;0
10-15-2010 20:55;94;0
10-15-2010 20:56;372;0
10-15-2010 20:57;945;1
10-15-2010 20:58;438;0
10-15-2010 20:59;438;0
10-15-2010 21:00;397;0
10-15-2010 21:01;337;0
10-15-2010 21:02;219;0
10-15-2010 21:03;531;0
10-15-2010 21:04;277;0
10-15-2010 21:05;410;0
10-15-2010 21:06;453;0
10-15-2010 21:07;349;0
10-15-2010 21:08;945;1
10-15-2010 21:09;1106;1
10-15-2010 21:10;277;0
10-15-2010 21:11;160;0
10-15-2010 21:12;160;0
10-15-2010 21:13;360;0
10-15-2010 21:14;259;0
10-15-2010 21:15;65;0
10-15-2010 21:16;94;0
10-15-2010 21:17;296;0
10-15-2010 21:18;0;0
10-15-2010 21:19;665;1
10-15-2010 21:20;0;0
10-15-2010 21:21;337;0
10-15-2010 21:22;160;0
10-15-2010 21:23;285;0
10-15-2010 21:24;134;0
10-15-2010 21:25;756;1
10-15-2010 21:26;91;0
10-15-2010 21:27;7;0
10-15-2010 21:28;21;0
10-15-2010 21:29;21;0
10-15-2010 21:30;107;0
10-15-2010 21:31;59;0
10-15-2010 21:32;134;0
10-15-2010 21:33;71;0
10-15-2010 21:34;205;0
10-15-2010 21:35;166;0
10-15-2010 21:36;134;0
10-15-2010 21:37;160;0
10-15-2010 21:38;103;0
10-15-2010 21:39;134;0
10-15-2010 21:40;85;0
10-15-2010 21:41;184;0
10-15-2010 21:42;178;0
10-15-2010 21:43;71;0
10-15-2010 21:44;26;0
10-15-2010 21:45;184;0
10-15-2010 21:46;116;0
10-15-2010 21:47;44;0
10-15-2010 21:48;212;0
10-15-2010 21:49;129;0
10-15-2010 21:50;0;0
10-15-2010 21:51;0;0
10-15-2010 21:52;0;0
10-15-2010 21:53;0;0
10-15-2010 21:54;0;0
10-15-2010 21:55;0;0
10-15-2010 21:56;0;0
10-15-2010 21:57;0;0
10-15-2010 21:58;41;0
10-15-2010 21:59;32;0
10-15-2010 22:00;0;0
10-15-2010 22:01;0;0
10-15-2010 22:02;65;0
10-15-2010 22:03;212;0
10-15-2010 22:04;349;0
10-15-2010 22:05;453;0
10-15-2010 22:06;566;0
10-15-2010 22:07;372;0
10-15-2010 22:08;483;0
10-15-2010 22:09;468;0
10-15-2010 22:10;566;0
10-15-2010 22:11;410;0
10-15-2010 22:12;360;0
10-15-2010 22:13;160;0
10-15-2010 22:14;29;0
10-15-2010 22:15;0;0
10-15-2010 22:16;13;0
10-15-2010 22:17;0;0
10-15-2010 22:18;0;0
10-15-2010 22:19;26;0
10-15-2010 22:20;285;0
10-15-2010 22:21;219;0
10-15-2010 22:22;468;0
10-15-2010 22:23;82;0
10-15-2010 22:24;112;0
10-15-2010 22:25;18;0
10-15-2010 22:26;35;0
10-15-2010 22:27;47;0
10-15-2010 22:28;154;0
10-15-2010 22:29;605;0
10-15-2010 22:30;468;0
10-15-2010 22:31;531;0
10-15-2010 22:32;397;0
10-15-2010 22:33;116;0
10-15-2010 22:34;327;0
10-15-2010 22:35;277;0
10-15-2010 22:36;0;0
10-15-2010 22:37;0;0
10-15-2010 22:38;0;0
10-15-2010 22:39;424;0
10-15-2010 22:40;945;1
10-15-2010 22:41;337;0
10-15-2010 22:42;316;0
10-15-2010 22:43;82;0
10-15-2010 22:44;116;0
10-15-2010 22:45;285;0
10-15-2010 22:46;0;0
10-15-2010 22:47;0;0
10-15-2010 22:48;0;0
10-15-2010 22:49;0;0
10-15-2010 22:50;212;0
10-15-2010 22:51;172;0
10-15-2010 22:52;360;0
10-15-2010 22:53;360;0
10-15-2010 22:54;360;0
10-15-2010 22:55;112;0
10-15-2010 22:56;327;0
10-15-2010 22:57;337;0
10-15-2010 22:58;337;0
10-15-2010 22:59;154;0
10-15-2010 23:00;190;0
10-15-2010 23:01;149;0
10-15-2010 23:02;337;0
10-15-2010 23:03;32;0
10-15-2010 23:04;349;0
10-15-2010 23:05;138;0
10-15-2010 23:06;468;0
10-15-2010 23:07;166;0
10-15-2010 23:08;0;0
10-15-2010 23:09;85;0
10-15-2010 23:10;166;0
10-15-2010 23:11;250;0
10-15-2010 23:12;178;0
10-15-2010 23:13;410;0
10-15-2010 23:14;349;0
10-15-2010 23:15;0;0
10-15-2010 23:16;0;0
10-15-2010 23:17;0;0
10-15-2010 23:18;0;0
10-15-2010 23:19;0;0
10-15-2010 23:20;121;0
10-15-2010 23:21;205;0
10-15-2010 23:22;0;0
10-15-2010 23:23;205;0
10-15-2010 23:24;121;0
10-15-2010 23:25;77;0
10-15-2010 23:26;59;0
10-15-2010 23:27;0;0
10-15-2010 23:28;4;0
10-15-2010 23:29;3;0
10-15-2010 23:30;0;0
10-15-2010 23:31;0;0
10-15-2010 23:32;0;0
10-15-2010 23:33;0;0
10-15-2010 23:34;82;0
10-15-2010 23:35;0;0
10-15-2010 23:36;0;0
10-15-2010 23:37;0;0
10-15-2010 23:38;12;0
10-15-2010 23:39;0;0
10-15-2010 23:40;0;0
10-15-2010 23:41;0;0
10-15-2010 23:42;0;0
10-15-2010 23:43;0;0
10-15-2010 23:44;0;0
10-15-2010 23:45;0;0
10-15-2010 23:46;0;0
10-15-2010 23:47;0;0
10-15-2010 23:48;0;0
10-15-2010 23:49;149;0
10-15-2010 23:50;121;0
10-15-2010 23:51;65;0
10-15-2010 23:52;47;0
10-15-2010 23:53;38;0
10-15-2010 23:54;129;0
10-15-2010 23:55;277;0
10-15-2010 23:56;82;0
10-15-2010 23:57;18;0
10-15-2010 23:58;0;0
10-15-2010 23:59;0;0
10-16-2010 00:00;0;0
10-16-2010 00:01;35;0
10-16-2010 00:02;0;0
10-16-2010 00:03;0;0
10-16-2010 00:04;0;0
10-16-2010 00:05;0;0
10-16-2010 00:06;0;0
10-16-2010 00:07;0;0
10-16-2010 00:08;4;0
10-16-2010 00:09;0;0
10-16-2010 00:10;0;0
10-16-2010 00:11;0;0
10-16-2010 00:12;0;0
10-16-2010 00:13;0;0
10-16-2010 00:14;0;0
10-16-2010 00:15;0;0
10-16-2010 00:16;0;0
10-16-2010 00:17;19;0
10-16-2010 00:18;10;0
10-16-2010 00:19;0;0
10-16-2010 00:20;0;0
10-16-2010 00:21;0;0
10-16-2010 00:22;0;0
10-16-2010 00:23;0;0
10-16-2010 00:24;0;0
10-16-2010 00:25;0;0
10-16-2010 00:26;0;0
10-16-2010 00:27;0;0
10-16-2010 00:28;0;0
10-16-2010 00:29;0;0
10-16-2010 00:30;0;0
10-16-2010 00:31;0;0
10-16-2010 00:32;0;0
10-16-2010 00:33;0;0
10-16-2010 00:34;0;0
10-16-2010 00:35;0;0
10-16-2010 00:36;0;0
10-16-2010 00:37;0;0
10-16-2010 00:38;0;0
10-16-2010 00:39;0;0
10-16-2010 00:40;0;0
10-16-2010 00:41;0;0
10-16-2010 00:42;12;0
10-16-2010 00:43;0;0
10-16-2010 00:44;0;0
10-16-2010 00:45;0;0
10-16-2010 00:46;0;0
10-16-2010 00:47;0;0
10-16-2010 00:48;0;0
10-16-2010 00:49;0;0
10-16-2010 00:50;3;0
10-16-2010 00:51;0;0
10-16-2010 00:52;0;0
10-16-2010 00:53;0;0
10-16-2010 00:54;0;0
10-16-2010 00:55;0;0
10-16-2010 00:56;0;0
10-16-2010 00:57;0;0
10-16-2010 00:58;0;0
10-16-2010 00:59;0;0
10-16-2010 01:00;0;0
10-16-2010 01:01;0;0
10-16-2010 01:02;0;0
10-16-2010 01:03;0;0
10-16-2010 01:04;0;0
10-16-2010 01:05;0;0
10-16-2010 01:06;0;0
10-16-2010 01:07;0;0
10-16-2010 01:08;12;0
10-16-2010 01:09;0;0
10-16-2010 01:10;0;0
10-16-2010 01:11;0;0
10-16-2010 01:12;0;0
10-16-2010 01:13;0;0
10-16-2010 01:14;0;0
10-16-2010 01:15;0;0
10-16-2010 01:16;0;0
10-16-2010 01:17;0;0
10-16-2010 01:18;0;0
10-16-2010 01:19;0;0
10-16-2010 01:20;0;0
10-16-2010 01:21;0;0
10-16-2010 01:22;0;0
10-16-2010 01:23;0;0
10-16-2010 01:24;0;0
10-16-2010 01:25;0;0
10-16-2010 01:26;0;0
10-16-2010 01:27;0;0
10-16-2010 01:28;0;0
10-16-2010 01:29;12;0
10-16-2010 01:30;0;0
10-16-2010 01:31;0;0
10-16-2010 01:32;0;0
10-16-2010 01:33;0;0
10-16-2010 01:34;0;0
10-16-2010 01:35;0;0
10-16-2010 01:36;0;0
10-16-2010 01:37;6;0
10-16-2010 01:38;28;0
10-16-2010 01:39;0;0
10-16-2010 01:40;0;0
10-16-2010 01:41;0;0
10-16-2010 01:42;0;0
10-16-2010 01:43;0;0
10-16-2010 01:44;0;0
10-16-2010 01:45;0;0
10-16-2010 01:46;0;0
10-16-2010 01:47;0;0
10-16-2010 01:48;12;0
10-16-2010 01:49;0;0
10-16-2010 01:50;0;0
10-16-2010 01:51;0;0
10-16-2010 01:52;0;0
10-16-2010 01:53;0;0
10-16-2010 01:54;0;0
10-16-2010 01:55;0;0
10-16-2010 01:56;15;0
10-16-2010 01:57;0;0
10-16-2010 01:58;0;0
10-16-2010 01:59;0;0
10-16-2010 02:00;0;0
10-16-2010 02:01;0;0
10-16-2010 02:02;0;0
10-16-2010 02:03;0;0
10-16-2010 02:04;0;0
10-16-2010 02:05;0;0
10-16-2010 02:06;0;0
10-16-2010 02:07;0;0
10-16-2010 02:08;0;0
10-16-2010 02:09;53;0
10-16-2010 02:10;0;0
10-16-2010 02:11;0;0
10-16-2010 02:12;0;0
10-16-2010 02:13;0;0
10-16-2010 02:14;0;0
10-16-2010 02:15;0;0
10-16-2010 02:16;0;0
10-16-2010 02:17;0;0
10-16-2010 02:18;0;0
10-16-2010 02:19;0;0
10-16-2010 02:20;0;0
10-16-2010 02:21;0;0
10-16-2010 02:22;18;0
10-16-2010 02:23;0;0
10-16-2010 02:24;0;0
10-16-2010 02:25;0;0
10-16-2010 02:26;0;0
10-16-2010 02:27;0;0
10-16-2010 02:28;0;0
10-16-2010 02:29;0;0
10-16-2010 02:30;0;0
10-16-2010 02:31;0;0
10-16-2010 02:32;0;0
10-16-2010 02:33;0;0
10-16-2010 02:34;0;0
10-16-2010 02:35;0;0
10-16-2010 02:36;0;0
10-16-2010 02:37;0;0
10-16-2010 02:38;0;0
10-16-2010 02:39;0;0
10-16-2010 02:40;0;0
10-16-2010 02:41;0;0
10-16-2010 02:42;0;0
10-16-2010 02:43;7;0
10-16-2010 02:44;0;0
10-16-2010 02:45;0;0
10-16-2010 02:46;0;0
10-16-2010 02:47;4;0
10-16-2010 02:48;0;0
10-16-2010 02:49;0;0
10-16-2010 02:50;0;0
10-16-2010 02:51;0;0
10-16-2010 02:52;0;0
10-16-2010 02:53;0;0
10-16-2010 02:54;0;0
10-16-2010 02:55;0;0
10-16-2010 02:56;0;0
10-16-2010 02:57;0;0
10-16-2010 02:58;0;0
10-16-2010 02:59;25;0
10-16-2010 03:00;0;0
10-16-2010 03:01;0;0
10-16-2010 03:02;3;0
10-16-2010 03:03;0;0
10-16-2010 03:04;0;0
10-16-2010 03:05;0;0
10-16-2010 03:06;3;0
10-16-2010 03:07;0;0
10-16-2010 03:08;29;0
10-16-2010 03:09;0;0
10-16-2010 03:10;0;0
10-16-2010 03:11;0;0
10-16-2010 03:12;0;0
10-16-2010 03:13;0;0
10-16-2010 03:14;0;0
10-16-2010 03:15;0;0
10-16-2010 03:16;0;0
10-16-2010 03:17;0;0
10-16-2010 03:18;0;0
10-16-2010 03:19;0;0
10-16-2010 03:20;0;0
10-16-2010 03:21;0;0
10-16-2010 03:22;0;0
10-16-2010 03:23;0;0
10-16-2010 03:24;0;0
10-16-2010 03:25;0;0
10-16-2010 03:26;0;0
10-16-2010 03:27;0;0
10-16-2010 03:28;0;0
10-16-2010 03:29;0;0
10-16-2010 03:30;0;0
10-16-2010 03:31;0;0
10-16-2010 03:32;0;0
10-16-2010 03:33;0;0
10-16-2010 03:34;0;0
10-16-2010 03:35;0;0
10-16-2010 03:36;0;0
10-16-2010 03:37;0;0
10-16-2010 03:38;0;0
10-16-2010 03:39;0;0
10-16-2010 03:40;0;0
10-16-2010 03:41;0;0
10-16-2010 03:42;0;0
10-16-2010 03:43;0;0
10-16-2010 03:44;0;0
10-16-2010 03:45;0;0
10-16-2010 03:46;0;0
10-16-2010 03:47;0;0
10-16-2010 03:48;0;0
10-16-2010 03:49;0;0
10-16-2010 03:50;3;0
10-16-2010 03:51;0;0
10-16-2010 03:52;0;0
10-16-2010 03:53;0;0
10-16-2010 03:54;0;0
10-16-2010 03:55;0;0
10-16-2010 03:56;0;0
10-16-2010 03:57;0;0
10-16-2010 03:58;0;0
10-16-2010 03:59;0;0
10-16-2010 04:00;0;0
10-16-2010 04:01;0;0
10-16-2010 04:02;0;0
10-16-2010 04:03;0;0
10-16-2010 04:04;0;0
10-16-2010 04:05;7;0
10-16-2010 04:06;0;0
10-16-2010 04:07;0;0
10-16-2010 04:08;0;0
10-16-2010 04:09;62;0
10-16-2010 04:10;0;0
10-16-2010 04:11;0;0
10-16-2010 04:12;0;0
10-16-2010 04:13;0;0
10-16-2010 04:14;0;0
10-16-2010 04:15;0;0
10-16-2010 04:16;0;0
10-16-2010 04:17;0;0
10-16-2010 04:18;0;0
10-16-2010 04:19;0;0
10-16-2010 04:20;0;0
10-16-2010 04:21;0;0
10-16-2010 04:22;7;0
10-16-2010 04:23;0;0
10-16-2010 04:24;0;0
10-16-2010 04:25;0;0
10-16-2010 04:26;0;0
10-16-2010 04:27;0;0
10-16-2010 04:28;0;0
10-16-2010 04:29;0;0
10-16-2010 04:30;0;0
10-16-2010 04:31;0;0
10-16-2010 04:32;0;0
10-16-2010 04:33;0;0
10-16-2010 04:34;0;0
10-16-2010 04:35;0;0
10-16-2010 04:36;0;0
10-16-2010 04:37;0;0
10-16-2010 04:38;0;0
10-16-2010 04:39;0;0
10-16-2010 04:40;0;0
10-16-2010 04:41;0;0
10-16-2010 04:42;0;0
10-16-2010 04:43;0;0
10-16-2010 04:44;0;0
10-16-2010 04:45;0;0
10-16-2010 04:46;0;0
10-16-2010 04:47;0;0
10-16-2010 04:48;0;0
10-16-2010 04:49;0;0
10-16-2010 04:50;0;0
10-16-2010 04:51;0;0
10-16-2010 04:52;0;0
10-16-2010 04:53;0;0
10-16-2010 04:54;0;0
10-16-2010 04:55;0;0
10-16-2010 04:56;41;0
10-16-2010 04:57;0;0
10-16-2010 04:58;0;0
10-16-2010 04:59;0;0
10-16-2010 05:00;0;0
10-16-2010 05:01;0;0
10-16-2010 05:02;0;0
10-16-2010 05:03;0;0
10-16-2010 05:04;18;0
10-16-2010 05:05;0;0
10-16-2010 05:06;0;0
10-16-2010 05:07;0;0
10-16-2010 05:08;0;0
10-16-2010 05:09;0;0
10-16-2010 05:10;0;0
10-16-2010 05:11;0;0
10-16-2010 05:12;0;0
10-16-2010 05:13;0;0
10-16-2010 05:14;0;0
10-16-2010 05:15;0;0
10-16-2010 05:16;0;0
10-16-2010 05:17;0;0
10-16-2010 05:18;0;0
10-16-2010 05:19;0;0
10-16-2010 05:20;0;0
10-16-2010 05:21;0;0
10-16-2010 05:22;0;0
10-16-2010 05:23;0;0
10-16-2010 05:24;0;0
10-16-2010 05:25;0;0
10-16-2010 05:26;0;0
10-16-2010 05:27;74;0
10-16-2010 05:28;0;0
10-16-2010 05:29;0;0
10-16-2010 05:30;112;0
10-16-2010 05:31;0;0
10-16-2010 05:32;0;0
10-16-2010 05:33;0;0
10-16-2010 05:34;0;0
10-16-2010 05:35;0;0
10-16-2010 05:36;0;0
10-16-2010 05:37;0;0
10-16-2010 05:38;0;0
10-16-2010 05:39;0;0
10-16-2010 05:40;0;0
10-16-2010 05:41;0;0
10-16-2010 05:42;0;0
10-16-2010 05:43;0;0
10-16-2010 05:44;0;0
10-16-2010 05:45;0;0
10-16-2010 05:46;0;0
10-16-2010 05:47;0;0
10-16-2010 05:48;0;0
10-16-2010 05:49;56;0
10-16-2010 05:50;0;0
10-16-2010 05:51;59;0
10-16-2010 05:52;0;0
10-16-2010 05:53;31;0
10-16-2010 05:54;31;0
10-16-2010 05:55;0;0
10-16-2010 05:56;0;0
10-16-2010 05:57;0;0
10-16-2010 05:58;0;0
10-16-2010 05:59;0;0
10-16-2010 06:00;0;0
10-16-2010 06:01;0;0
10-16-2010 06:02;34;0
10-16-2010 06:03;0;0
10-16-2010 06:04;0;0
10-16-2010 06:05;22;0
10-16-2010 06:06;0;0
10-16-2010 06:07;0;0
10-16-2010 06:08;0;0
10-16-2010 06:09;15;0
10-16-2010 06:10;13;0
10-16-2010 06:11;0;0
10-16-2010 06:12;0;0
10-16-2010 06:13;24;0
10-16-2010 06:14;26;0
10-16-2010 06:15;29;0
10-16-2010 06:16;0;0
10-16-2010 06:17;0;0
10-16-2010 06:18;0;0
10-16-2010 06:19;0;0
10-16-2010 06:20;0;0
10-16-2010 06:21;0;0
10-16-2010 06:22;0;0
10-16-2010 06:23;4;0
10-16-2010 06:24;0;0
10-16-2010 06:25;0;0
10-16-2010 06:26;0;0
10-16-2010 06:27;0;0
10-16-2010 06:28;0;0
10-16-2010 06:29;0;0
10-16-2010 06:30;0;0
10-16-2010 06:31;0;0
10-16-2010 06:32;0;0
10-16-2010 06:33;0;0
10-16-2010 06:34;0;0
10-16-2010 06:35;0;0
10-16-2010 06:36;0;0
10-16-2010 06:37;0;0
10-16-2010 06:38;0;0
10-16-2010 06:39;0;0
10-16-2010 06:40;0;0
10-16-2010 06:41;0;0
10-16-2010 06:42;0;0
10-16-2010 06:43;0;0
10-16-2010 06:44;0;0
10-16-2010 06:45;50;0
10-16-2010 06:46;0;0
10-16-2010 06:47;9;0
10-16-2010 06:48;0;0
10-16-2010 06:49;0;0
10-16-2010 06:50;0;0
10-16-2010 06:51;0;0
10-16-2010 06:52;0;0
10-16-2010 06:53;0;0
10-16-2010 06:54;0;0
10-16-2010 06:55;0;0
10-16-2010 06:56;0;0
10-16-2010 06:57;0;0
10-16-2010 06:58;0;0
10-16-2010 06:59;0;0
10-16-2010 07:00;0;0
10-16-2010 07:01;0;0
10-16-2010 07:02;0;0
10-16-2010 07:03;0;0
10-16-2010 07:04;0;0
10-16-2010 07:05;0;0
10-16-2010 07:06;0;0
10-16-2010 07:07;1073;1
10-16-2010 07:08;0;0
10-16-2010 07:09;0;0
10-16-2010 07:10;26;0
10-16-2010 07:11;0;0
10-16-2010 07:12;0;0
10-16-2010 07:13;3;0
10-16-2010 07:14;0;0
10-16-2010 07:15;0;0
10-16-2010 07:16;0;0
10-16-2010 07:17;0;0
10-16-2010 07:18;0;0
10-16-2010 07:19;0;0
10-16-2010 07:20;26;0
10-16-2010 07:21;0;0
10-16-2010 07:22;0;0
10-16-2010 07:23;0;0
10-16-2010 07:24;0;0
10-16-2010 07:25;0;0
10-16-2010 07:26;0;0
10-16-2010 07:27;0;0
10-16-2010 07:28;0;0
10-16-2010 07:29;0;0
10-16-2010 07:30;38;0
10-16-2010 07:31;0;0
10-16-2010 07:32;0;0
10-16-2010 07:33;0;0
10-16-2010 07:34;0;0
10-16-2010 07:35;18;0
10-16-2010 07:36;0;0
10-16-2010 07:37;0;0
10-16-2010 07:38;0;0
10-16-2010 07:39;0;0
10-16-2010 07:40;0;0
10-16-2010 07:41;0;0
10-16-2010 07:42;0;0
10-16-2010 07:43;0;0
10-16-2010 07:44;0;0
10-16-2010 07:45;0;0
10-16-2010 07:46;0;0
10-16-2010 07:47;0;0
10-16-2010 07:48;0;0
10-16-2010 07:49;0;0
10-16-2010 07:50;0;0
10-16-2010 07:51;0;0
10-16-2010 07:52;0;0
10-16-2010 07:53;0;0
10-16-2010 07:54;0;0
10-16-2010 07:55;0;0
10-16-2010 07:56;0;0
10-16-2010 07:57;0;0
10-16-2010 07:58;0;0
10-16-2010 07:59;34;0
10-16-2010 08:00;468;0
10-16-2010 08:01;0;0
10-16-2010 08:02;0;0
10-16-2010 08:03;0;0
10-16-2010 08:04;0;0
10-16-2010 08:05;0;0
10-16-2010 08:06;0;0
10-16-2010 08:07;0;0
10-16-2010 08:08;0;0
10-16-2010 08:09;0;0
10-16-2010 08:10;0;0
10-16-2010 08:11;0;0
10-16-2010 08:12;0;0
10-16-2010 08:13;0;0
10-16-2010 08:14;0;0
10-16-2010 08:15;91;0
10-16-2010 08:16;10;0
10-16-2010 08:17;0;0
10-16-2010 08:18;0;0
10-16-2010 08:19;605;0
10-16-2010 08:20;0;0
10-16-2010 08:21;0;0
10-16-2010 08:22;0;0
10-16-2010 08:23;0;0
10-16-2010 08:24;0;0
10-16-2010 08:25;0;0
10-16-2010 08:26;0;0
10-16-2010 08:27;0;0
10-16-2010 08:28;0;0
10-16-2010 08:29;0;0
10-16-2010 08:30;0;0
10-16-2010 08:31;3;0
10-16-2010 08:32;0;0
10-16-2010 08:33;0;0
10-16-2010 08:34;0;0
10-16-2010 08:35;0;0
10-16-2010 08:36;40;0
10-16-2010 08:37;138;0
10-16-2010 08:38;372;0
10-16-2010 08:39;0;0
10-16-2010 08:40;0;0
10-16-2010 08:41;0;0
10-16-2010 08:42;31;0
10-16-2010 08:43;0;0
10-16-2010 08:44;0;0
10-16-2010 08:45;0;0
10-16-2010 08:46;0;0
10-16-2010 08:47;0;0
10-16-2010 08:48;37;0
10-16-2010 08:49;0;0
10-16-2010 08:50;0;0
10-16-2010 08:51;0;0
10-16-2010 08:52;4;0
10-16-2010 08:53;0;0
10-16-2010 08:54;0;0
10-16-2010 08:55;0;0
10-16-2010 08:56;107;0
10-16-2010 08:57;0;0
10-16-2010 08:58;0;0
10-16-2010 08:59;0;0
10-16-2010 09:00;0;0
10-16-2010 09:01;0;0
10-16-2010 09:02;0;0
10-16-2010 09:03;0;0
10-16-2010 09:04;0;0
10-16-2010 09:05;0;0
10-16-2010 09:06;0;0
10-16-2010 09:07;0;0
10-16-2010 09:08;0;0
10-16-2010 09:09;0;0
10-16-2010 09:10;0;0
10-16-2010 09:11;0;0
10-16-2010 09:12;0;0
10-16-2010 09:13;0;0
10-16-2010 09:14;0;0
10-16-2010 09:15;0;0
10-16-2010 09:16;91;0
10-16-2010 09:17;531;0
10-16-2010 09:18;250;0
10-16-2010 09:19;82;0
10-16-2010 09:20;190;0
10-16-2010 09:21;234;0
10-16-2010 09:22;453;0
10-16-2010 09:23;1073;1
10-16-2010 09:24;397;0
10-16-2010 09:25;285;0
10-16-2010 09:26;360;0
10-16-2010 09:27;756;1
10-16-2010 09:28;468;0
10-16-2010 09:29;1039;1
10-16-2010 09:30;1468;1
10-16-2010 09:31;1295;1
10-16-2010 09:32;1515;1
10-16-2010 09:33;1515;1
10-16-2010 09:34;1423;1
10-16-2010 09:35;1423;1
10-16-2010 09:36;1295;1
10-16-2010 09:37;1379;1
10-16-2010 09:38;1379;1
10-16-2010 09:39;1336;1
10-16-2010 09:40;1468;1
10-16-2010 09:41;1255;1
10-16-2010 09:42;1217;1
10-16-2010 09:43;1255;1
10-16-2010 09:44;1255;1
10-16-2010 09:45;1039;1
10-16-2010 09:46;586;0
10-16-2010 09:47;833;1
10-16-2010 09:48;138;0
10-16-2010 09:49;94;0
10-16-2010 09:50;337;0
10-16-2010 09:51;21;0
10-16-2010 09:52;143;0
10-16-2010 09:53;0;0
10-16-2010 09:54;62;0
10-16-2010 09:55;0;0
10-16-2010 09:56;624;0
10-16-2010 09:57;887;1
10-16-2010 09:58;337;0
10-16-2010 09:59;586;0
10-16-2010 10:00;277;0
10-16-2010 10:01;13;0
10-16-2010 10:02;43;0
10-16-2010 10:03;6;0
10-16-2010 10:04;0;0
10-16-2010 10:05;0;0
10-16-2010 10:06;62;0
10-16-2010 10:07;22;0
10-16-2010 10:08;41;0
10-16-2010 10:09;12;0
10-16-2010 10:10;7;0
10-16-2010 10:11;3;0
10-16-2010 10:12;22;0
10-16-2010 10:13;3;0
10-16-2010 10:14;44;0
10-16-2010 10:15;13;0
10-16-2010 10:16;56;0
10-16-2010 10:17;43;0
10-16-2010 10:18;34;0
10-16-2010 10:19;88;0
10-16-2010 10:20;91;0
10-16-2010 10:21;0;0
10-16-2010 10:22;0;0
10-16-2010 10:23;154;0
10-16-2010 10:24;337;0
10-16-2010 10:25;12;0
10-16-2010 10:26;0;0
10-16-2010 10:27;0;0
10-16-2010 10:28;0;0
10-16-2010 10:29;0;0
10-16-2010 10:30;16;0
10-16-2010 10:31;3;0
10-16-2010 10:32;3;0
10-16-2010 10:33;0;0
10-16-2010 10:34;7;0
10-16-2010 10:35;219;0
10-16-2010 10:36;103;0
10-16-2010 10:37;26;0
10-16-2010 10:38;103;0
10-16-2010 10:39;0;0
10-16-2010 10:40;3;0
10-16-2010 10:41;0;0
10-16-2010 10:42;0;0
10-16-2010 10:43;0;0
10-16-2010 10:44;0;0
10-16-2010 10:45;12;0
10-16-2010 10:46;227;0
10-16-2010 10:47;372;0
10-16-2010 10:48;234;0
10-16-2010 10:49;349;0
10-16-2010 10:50;91;0
10-16-2010 10:51;134;0
10-16-2010 10:52;3;0
10-16-2010 10:53;0;0
10-16-2010 10:54;0;0
10-16-2010 10:55;0;0
10-16-2010 10:56;3;0
10-16-2010 10:57;0;0
10-16-2010 10:58;0;0
10-16-2010 10:59;0;0
10-16-2010 11:00;0;0
10-16-2010 11:01;3;0
10-16-2010 11:02;0;0
10-16-2010 11:03;0;0
10-16-2010 11:04;0;0
10-16-2010 11:05;4;0
10-16-2010 11:06;644;0
10-16-2010 11:07;687;1
10-16-2010 11:08;12;0
10-16-2010 11:09;53;0
10-16-2010 11:10;372;0
10-16-2010 11:11;781;1
10-16-2010 11:12;384;0
10-16-2010 11:13;13;0
10-16-2010 11:14;4;0
10-16-2010 11:15;0;0
10-16-2010 11:16;0;0
10-16-2010 11:17;10;0
10-16-2010 11:18;0;0
10-16-2010 11:19;0;0
10-16-2010 11:20;116;0
10-16-2010 11:21;34;0
10-16-2010 11:22;3;0
10-16-2010 11:23;9;0
10-16-2010 11:24;6;0
10-16-2010 11:25;0;0
10-16-2010 11:26;9;0
10-16-2010 11:27;0;0
10-16-2010 11:28;103;0
10-16-2010 11:29;82;0
10-16-2010 11:30;7;0
10-16-2010 11:31;12;0
10-16-2010 11:32;234;0
10-16-2010 11:33;50;0
10-16-2010 11:34;0;0
10-16-2010 11:35;35;0
10-16-2010 11:36;74;0
10-16-2010 11:37;13;0
10-16-2010 11:38;25;0
10-16-2010 11:39;116;0
10-16-2010 11:40;154;0
10-16-2010 11:41;134;0
10-16-2010 11:42;644;0
10-16-2010 11:43;143;0
10-16-2010 11:44;306;0
10-16-2010 11:45;0;0
10-16-2010 11:46;0;0
10-16-2010 11:47;7;0
10-16-2010 11:48;38;0
10-16-2010 11:49;0;0
10-16-2010 11:50;59;0
10-16-2010 11:51;3;0
10-16-2010 11:52;40;0
10-16-2010 11:53;12;0
10-16-2010 11:54;0;0
10-16-2010 11:55;3;0
10-16-2010 11:56;0;0
10-16-2010 11:57;19;0
10-16-2010 11:58;3;0
10-16-2010 11:59;50;0
10-16-2010 12:00;306;0
10-16-2010 12:01;277;0
10-16-2010 12:02;453;0
10-16-2010 12:03;327;0
10-16-2010 12:04;277;0
10-16-2010 12:05;212;0
10-16-2010 12:06;10;0
10-16-2010 12:07;234;0
10-16-2010 12:08;0;0
10-16-2010 12:09;0;0
10-16-2010 12:10;0;0
10-16-2010 12:11;21;0
10-16-2010 12:12;205;0
10-16-2010 12:13;37;0
10-16-2010 12:14;46;0
10-16-2010 12:15;12;0
10-16-2010 12:16;62;0
10-16-2010 12:17;0;0
10-16-2010 12:18;3;0
10-16-2010 12:19;129;0
10-16-2010 12:20;88;0
10-16-2010 12:21;349;0
10-16-2010 12:22;438;0
10-16-2010 12:23;915;1
10-16-2010 12:24;1073;1
10-16-2010 12:25;1142;1
10-16-2010 12:26;833;1
10-16-2010 12:27;1142;1
10-16-2010 12:28;1142;1
10-16-2010 12:29;1336;1
10-16-2010 12:30;531;0
10-16-2010 12:31;125;0
10-16-2010 12:32;197;0
10-16-2010 12:33;384;0
10-16-2010 12:34;515;0
10-16-2010 12:35;453;0
10-16-2010 12:36;360;0
10-16-2010 12:37;624;0
10-16-2010 12:38;197;0
10-16-2010 12:39;316;0
10-16-2010 12:40;549;0
10-16-2010 12:41;687;1
10-16-2010 12:42;975;1
10-16-2010 12:43;733;1
10-16-2010 12:44;1039;1
10-16-2010 12:45;285;0
10-16-2010 12:46;172;0
10-16-2010 12:47;121;0
10-16-2010 12:48;77;0
10-16-2010 12:49;50;0
10-16-2010 12:50;372;0
10-16-2010 12:51;1515;1
10-16-2010 12:52;1295;1
10-16-2010 12:53;1178;1
10-16-2010 12:54;945;1
10-16-2010 12:55;149;0
10-16-2010 12:56;1295;1
10-16-2010 12:57;687;1
10-16-2010 12:58;915;1
10-16-2010 12:59;483;0
10-16-2010 13:00;945;1
10-16-2010 13:01;384;0
10-16-2010 13:02;31;0
10-16-2010 13:03;22;0
10-16-2010 13:04;134;0
10-16-2010 13:05;410;0
10-16-2010 13:06;316;0
10-16-2010 13:07;143;0
10-16-2010 13:08;18;0
10-16-2010 13:09;7;0
10-16-2010 13:10;50;0
10-16-2010 13:11;25;0
10-16-2010 13:12;277;0
10-16-2010 13:13;483;0
10-16-2010 13:14;624;0
10-16-2010 13:15;410;0
10-16-2010 13:16;306;0
10-16-2010 13:17;0;0
10-16-2010 13:18;91;0
10-16-2010 13:19;62;0
10-16-2010 13:20;138;0
10-16-2010 13:21;112;0
10-16-2010 13:22;31;0
10-16-2010 13:23;166;0
10-16-2010 13:24;88;0
10-16-2010 13:25;154;0
10-16-2010 13:26;50;0
10-16-2010 13:27;37;0
10-16-2010 13:28;250;0
10-16-2010 13:29;77;0
10-16-2010 13:30;190;0
10-16-2010 13:31;438;0
10-16-2010 13:32;0;0
10-16-2010 13:33;190;0
10-16-2010 13:34;285;0
10-16-2010 13:35;0;0
10-16-2010 13:36;25;0
10-16-2010 13:37;25;0
10-16-2010 13:38;24;0
10-16-2010 13:39;349;0
10-16-2010 13:40;138;0
10-16-2010 13:41;337;0
10-16-2010 13:42;190;0
10-16-2010 13:43;172;0
10-16-2010 13:44;296;0
10-16-2010 13:45;53;0
10-16-2010 13:46;68;0
10-16-2010 13:47;166;0
10-16-2010 13:48;0;0
10-16-2010 13:49;172;0
10-16-2010 13:50;296;0
10-16-2010 13:51;91;0
10-16-2010 13:52;134;0
10-16-2010 13:53;112;0
10-16-2010 13:54;3;0
10-16-2010 13:55;4;0
10-16-2010 13:56;35;0
10-16-2010 13:57;0;0
10-16-2010 13:58;4;0
10-16-2010 13:59;0;0
10-16-2010 14:00;7;0
10-16-2010 14:01;3;0
10-16-2010 14:02;22;0
10-16-2010 14:03;19;0
10-16-2010 14:04;40;0
10-16-2010 14:05;0;0
10-16-2010 14:06;0;0
10-16-2010 14:07;134;0
10-16-2010 14:08;184;0
10-16-2010 14:09;0;0
10-16-2010 14:10;3;0
10-16-2010 14:11;4;0
10-16-2010 14:12;0;0
10-16-2010 14:13;0;0
10-16-2010 14:14;0;0
10-16-2010 14:15;0;0
10-16-2010 14:16;138;0
10-16-2010 14:17;277;0
10-16-2010 14:18;219;0
10-16-2010 14:19;94;0
10-16-2010 14:20;296;0
10-16-2010 14:21;285;0
10-16-2010 14:22;160;0
10-16-2010 14:23;0;0
10-16-2010 14:24;0;0
10-16-2010 14:25;65;0
10-16-2010 14:26;227;0
10-16-2010 14:27;0;0
10-16-2010 14:28;0;0
10-16-2010 14:29;9;0
10-16-2010 14:30;205;0
10-16-2010 14:31;56;0
10-16-2010 14:32;15;0
10-16-2010 14:33;77;0
10-16-2010 14:34;107;0
10-16-2010 14:35;50;0
10-16-2010 14:36;859;1
10-16-2010 14:37;29;0
10-16-2010 14:38;59;0
10-16-2010 14:39;138;0
10-16-2010 14:40;79;0
10-16-2010 14:41;0;0
10-16-2010 14:42;0;0
10-16-2010 14:43;12;0
10-16-2010 14:44;53;0
10-16-2010 14:45;0;0
10-16-2010 14:46;0;0
10-16-2010 14:47;3;0
10-16-2010 14:48;0;0
10-16-2010 14:49;4;0
10-16-2010 14:50;0;0
10-16-2010 14:51;7;0
10-16-2010 14:52;16;0
10-16-2010 14:53;154;0
10-16-2010 14:54;212;0
10-16-2010 14:55;227;0
10-16-2010 14:56;241;0
10-16-2010 14:57;99;0
10-16-2010 14:58;424;0
10-16-2010 14:59;190;0
10-16-2010 15:00;88;0
10-16-2010 15:01;22;0
10-16-2010 15:02;166;0
10-16-2010 15:03;16;0
10-16-2010 15:04;7;0
10-16-2010 15:05;112;0
10-16-2010 15:06;4;0
10-16-2010 15:07;337;0
10-16-2010 15:08;41;0
10-16-2010 15:09;112;0
10-16-2010 15:10;22;0
10-16-2010 15:11;10;0
10-16-2010 15:12;306;0
10-16-2010 15:13;0;0
10-16-2010 15:14;0;0
10-16-2010 15:15;0;0
10-16-2010 15:16;74;0
10-16-2010 15:17;53;0
10-16-2010 15:18;0;0
10-16-2010 15:19;234;0
10-16-2010 15:20;134;0
10-16-2010 15:21;9;0
10-16-2010 15:22;0;0
10-16-2010 15:23;0;0
10-16-2010 15:24;34;0
10-16-2010 15:25;0;0
10-16-2010 15:26;13;0
10-16-2010 15:27;0;0
10-16-2010 15:28;21;0
10-16-2010 15:29;0;0
10-16-2010 15:30;44;0
10-16-2010 15:31;190;0
10-16-2010 15:32;566;0
10-16-2010 15:33;184;0
10-16-2010 15:34;28;0
10-16-2010 15:35;149;0
10-16-2010 15:36;219;0
10-16-2010 15:37;134;0
10-16-2010 15:38;10;0
10-16-2010 15:39;16;0
10-16-2010 15:40;205;0
10-16-2010 15:41;0;0
10-16-2010 15:42;6;0
10-16-2010 15:43;15;0
10-16-2010 15:44;3;0
10-16-2010 15:45;41;0
10-16-2010 15:46;9;0
10-16-2010 15:47;50;0
10-16-2010 15:48;4;0
10-16-2010 15:49;0;0
10-16-2010 15:50;197;0
10-16-2010 15:51;197;0
10-16-2010 15:52;438;0
10-16-2010 15:53;360;0
10-16-2010 15:54;975;1
10-16-2010 15:55;1106;1
10-16-2010 15:56;241;0
10-16-2010 15:57;372;0
10-16-2010 15:58;531;0
10-16-2010 15:59;227;0
10-16-2010 16:00;259;0
10-16-2010 16:01;349;0
10-16-2010 16:02;143;0
10-16-2010 16:03;277;0
10-16-2010 16:04;190;0
10-16-2010 16:05;227;0
10-16-2010 16:06;316;0
10-16-2010 16:07;212;0
10-16-2010 16:08;586;0
10-16-2010 16:09;205;0
10-16-2010 16:10;103;0
10-16-2010 16:11;99;0
10-16-2010 16:12;178;0
10-16-2010 16:13;327;0
10-16-2010 16:14;219;0
10-16-2010 16:15;337;0
10-16-2010 16:16;107;0
10-16-2010 16:17;0;0
10-16-2010 16:18;205;0
10-16-2010 16:19;56;0
10-16-2010 16:20;384;0
10-16-2010 16:21;47;0
10-16-2010 16:22;129;0
10-16-2010 16:23;327;0
10-16-2010 16:24;349;0
10-16-2010 16:25;624;0
10-16-2010 16:26;781;1
10-16-2010 16:27;833;1
10-16-2010 16:28;1773;1
10-16-2010 16:29;1773;1
10-16-2010 16:30;781;1
10-16-2010 16:31;306;0
10-16-2010 16:32;143;0
10-16-2010 16:33;178;0
10-16-2010 16:34;285;0
10-16-2010 16:35;134;0
10-16-2010 16:36;13;0
10-16-2010 16:37;112;0
10-16-2010 16:38;32;0
10-16-2010 16:39;166;0
10-16-2010 16:40;212;0
10-16-2010 16:41;9;0
10-16-2010 16:42;65;0
10-16-2010 16:43;50;0
10-16-2010 16:44;160;0
10-16-2010 16:45;0;0
10-16-2010 16:46;0;0
10-16-2010 16:47;47;0
10-16-2010 16:48;0;0
10-16-2010 16:49;143;0
10-16-2010 16:50;0;0
10-16-2010 16:51;0;0
10-16-2010 16:52;138;0
10-16-2010 16:53;56;0
10-16-2010 16:54;0;0
10-16-2010 16:55;0;0
10-16-2010 16:56;9;0
10-16-2010 16:57;0;0
10-16-2010 16:58;0;0
10-16-2010 16:59;0;0
10-16-2010 17:00;77;0
10-16-2010 17:01;424;0
10-16-2010 17:02;129;0
10-16-2010 17:03;190;0
10-16-2010 17:04;1614;1
10-16-2010 17:05;1379;1
10-16-2010 17:06;1336;1
10-16-2010 17:07;2008;1
10-16-2010 17:08;1665;1
10-16-2010 17:09;360;0
10-16-2010 17:10;483;0
10-16-2010 17:11;709;1
10-16-2010 17:12;71;0
10-16-2010 17:13;0;0
10-16-2010 17:14;219;0
10-16-2010 17:15;372;0
10-16-2010 17:16;47;0
10-16-2010 17:17;18;0
10-16-2010 17:18;4;0
10-16-2010 17:19;0;0
10-16-2010 17:20;7;0
10-16-2010 17:21;56;0
10-16-2010 17:22;3;0
10-16-2010 17:23;16;0
10-16-2010 17:24;53;0
10-16-2010 17:25;31;0
10-16-2010 17:26;360;0
10-16-2010 17:27;438;0
10-16-2010 17:28;160;0
10-16-2010 17:29;154;0
10-16-2010 17:30;85;0
10-16-2010 17:31;116;0
10-16-2010 17:32;3;0
10-16-2010 17:33;3;0
10-16-2010 17:34;25;0
10-16-2010 17:35;197;0
10-16-2010 17:36;781;1
10-16-2010 17:37;424;0
10-16-2010 17:38;112;0
10-16-2010 17:39;149;0
10-16-2010 17:40;234;0
10-16-2010 17:41;138;0
10-16-2010 17:42;62;0
10-16-2010 17:43;531;0
10-16-2010 17:44;306;0
10-16-2010 17:45;316;0
10-16-2010 17:46;709;1
10-16-2010 17:47;624;0
10-16-2010 17:48;499;0
10-16-2010 17:49;212;0
10-16-2010 17:50;833;1
10-16-2010 17:51;172;0
10-16-2010 17:52;22;0
10-16-2010 17:53;19;0
10-16-2010 17:54;0;0
10-16-2010 17:55;0;0
10-16-2010 17:56;107;0
10-16-2010 17:57;624;0
10-16-2010 17:58;756;1
10-16-2010 17:59;975;1
10-16-2010 18:00;296;0
10-16-2010 18:01;1006;1
10-16-2010 18:02;733;1
10-16-2010 18:03;372;0
10-16-2010 18:04;733;1
10-16-2010 18:05;397;0
10-16-2010 18:06;3;0
10-16-2010 18:07;88;0
10-16-2010 18:08;624;0
10-16-2010 18:09;241;0
10-16-2010 18:10;68;0
10-16-2010 18:11;384;0
10-16-2010 18:12;327;0
10-16-2010 18:13;125;0
10-16-2010 18:14;88;0
10-16-2010 18:15;12;0
10-16-2010 18:16;285;0
10-16-2010 18:17;88;0
10-16-2010 18:18;172;0
10-16-2010 18:19;28;0
10-16-2010 18:20;605;0
10-16-2010 18:21;43;0
10-16-2010 18:22;88;0
10-16-2010 18:23;50;0
10-16-2010 18:24;190;0
10-16-2010 18:25;3;0
10-16-2010 18:26;0;0
10-16-2010 18:27;25;0
10-16-2010 18:28;453;0
10-16-2010 18:29;44;0
10-16-2010 18:30;15;0
10-16-2010 18:31;47;0
10-16-2010 18:32;219;0
10-16-2010 18:33;125;0
10-16-2010 18:34;296;0
10-16-2010 18:35;107;0
10-16-2010 18:36;172;0
10-16-2010 18:37;56;0
10-16-2010 18:38;65;0
10-16-2010 18:39;125;0
10-16-2010 18:40;56;0
10-16-2010 18:41;40;0
10-16-2010 18:42;205;0
10-16-2010 18:43;44;0
10-16-2010 18:44;499;0
10-16-2010 18:45;250;0
10-16-2010 18:46;79;0
10-16-2010 18:47;0;0
10-16-2010 18:48;0;0
10-16-2010 18:49;24;0
10-16-2010 18:50;0;0
10-16-2010 18:51;143;0
10-16-2010 18:52;37;0
10-16-2010 18:53;68;0
10-16-2010 18:54;116;0
10-16-2010 18:55;143;0
10-16-2010 18:56;327;0
10-16-2010 18:57;438;0
10-16-2010 18:58;549;0
10-16-2010 18:59;212;0
10-16-2010 19:00;62;0
10-16-2010 19:01;12;0
10-16-2010 19:02;65;0
10-16-2010 19:03;112;0
10-16-2010 19:04;337;0
10-16-2010 19:05;38;0
10-16-2010 19:06;9;0
10-16-2010 19:07;9;0
10-16-2010 19:08;91;0
10-16-2010 19:09;337;0
10-16-2010 19:10;397;0
10-16-2010 19:11;26;0
10-16-2010 19:12;99;0
10-16-2010 19:13;34;0
10-16-2010 19:14;143;0
10-16-2010 19:15;277;0
10-16-2010 19:16;531;0
10-16-2010 19:17;250;0
10-16-2010 19:18;26;0
10-16-2010 19:19;219;0
10-16-2010 19:20;397;0
10-16-2010 19:21;56;0
10-16-2010 19:22;121;0
10-16-2010 19:23;134;0
10-16-2010 19:24;3;0
10-16-2010 19:25;0;0
10-16-2010 19:26;6;0
10-16-2010 19:27;166;0
10-16-2010 19:28;99;0
10-16-2010 19:29;160;0
10-16-2010 19:30;219;0
10-16-2010 19:31;549;0
10-16-2010 19:32;296;0
10-16-2010 19:33;190;0
10-16-2010 19:34;50;0
10-16-2010 19:35;99;0
10-16-2010 19:36;121;0
10-16-2010 19:37;12;0
10-16-2010 19:38;219;0
10-16-2010 19:39;483;0
10-16-2010 19:40;296;0
10-16-2010 19:41;3;0
10-16-2010 19:42;0;0
10-16-2010 19:43;3;0
10-16-2010 19:44;0;0
10-16-2010 19:45;0;0
10-16-2010 19:46;0;0
10-16-2010 19:47;0;0
10-16-2010 19:48;0;0
10-16-2010 19:49;0;0
10-16-2010 19:50;0;0
10-16-2010 19:51;709;1
10-16-2010 19:52;566;0
10-16-2010 19:53;397;0
10-16-2010 19:54;65;0
10-16-2010 19:55;212;0
10-16-2010 19:56;68;0
10-16-2010 19:57;43;0
10-16-2010 19:58;172;0
10-16-2010 19:59;178;0
10-16-2010 20:00;18;0
10-16-2010 20:01;166;0
10-16-2010 20:02;384;0
10-16-2010 20:03;26;0
10-16-2010 20:04;306;0
10-16-2010 20:05;178;0
10-16-2010 20:06;134;0
10-16-2010 20:07;79;0
10-16-2010 20:08;53;0
10-16-2010 20:09;149;0
10-16-2010 20:10;285;0
10-16-2010 20:11;277;0
10-16-2010 20:12;296;0
10-16-2010 20:13;586;0
10-16-2010 20:14;975;1
10-16-2010 20:15;531;0
10-16-2010 20:16;781;1
10-16-2010 20:17;833;1
10-16-2010 20:18;327;0
10-16-2010 20:19;94;0
10-16-2010 20:20;384;0
10-16-2010 20:21;1142;1
10-16-2010 20:22;499;0
10-16-2010 20:23;483;0
10-16-2010 20:24;806;1
10-16-2010 20:25;499;0
10-16-2010 20:26;1106;1
10-16-2010 20:27;644;0
10-16-2010 20:28;316;0
10-16-2010 20:29;549;0
10-16-2010 20:30;112;0
10-16-2010 20:31;6;0
10-16-2010 20:32;3;0
10-16-2010 20:33;68;0
10-16-2010 20:34;154;0
10-16-2010 20:35;549;0
10-16-2010 20:36;285;0
10-16-2010 20:37;178;0
10-16-2010 20:38;79;0
10-16-2010 20:39;143;0
10-16-2010 20:40;10;0
10-16-2010 20:41;0;0
10-16-2010 20:42;3;0
10-16-2010 20:43;82;0
10-16-2010 20:44;9;0
10-16-2010 20:45;0;0
10-16-2010 20:46;103;0
10-16-2010 20:47;154;0
10-16-2010 20:48;34;0
10-16-2010 20:49;35;0
10-16-2010 20:50;6;0
10-16-2010 20:51;241;0
10-16-2010 20:52;129;0
10-16-2010 20:53;25;0
10-16-2010 20:54;372;0
10-16-2010 20:55;184;0
10-16-2010 20:56;71;0
10-16-2010 20:57;250;0
10-16-2010 20:58;59;0
10-16-2010 20:59;178;0
10-16-2010 21:00;99;0
10-16-2010 21:01;74;0
10-16-2010 21:02;125;0
10-16-2010 21:03;46;0
10-16-2010 21:04;65;0
10-16-2010 21:05;21;0
10-16-2010 21:06;46;0
10-16-2010 21:07;172;0
10-16-2010 21:08;121;0
10-16-2010 21:09;29;0
10-16-2010 21:10;50;0
10-16-2010 21:11;99;0
10-16-2010 21:12;227;0
10-16-2010 21:13;285;0
10-16-2010 21:14;103;0
10-16-2010 21:15;0;0
10-16-2010 21:16;219;0
10-16-2010 21:17;9;0
10-16-2010 21:18;134;0
10-16-2010 21:19;241;0
10-16-2010 21:20;24;0
10-16-2010 21:21;190;0
10-16-2010 21:22;250;0
10-16-2010 21:23;259;0
10-16-2010 21:24;453;0
10-16-2010 21:25;129;0
10-16-2010 21:26;306;0
10-16-2010 21:27;125;0
10-16-2010 21:28;99;0
10-16-2010 21:29;149;0
10-16-2010 21:30;121;0
10-16-2010 21:31;68;0
10-16-2010 21:32;94;0
10-16-2010 21:33;178;0
10-16-2010 21:34;31;0
10-16-2010 21:35;166;0
10-16-2010 21:36;172;0
10-16-2010 21:37;88;0
10-16-2010 21:38;241;0
10-16-2010 21:39;65;0
10-16-2010 21:40;149;0
10-16-2010 21:41;241;0
10-16-2010 21:42;178;0
10-16-2010 21:43;241;0
10-16-2010 21:44;56;0
10-16-2010 21:45;134;0
10-16-2010 21:46;91;0
10-16-2010 21:47;327;0
10-16-2010 21:48;259;0
10-16-2010 21:49;549;0
10-16-2010 21:50;212;0
10-16-2010 21:51;397;0
10-16-2010 21:52;424;0
10-16-2010 21:53;47;0
10-16-2010 21:54;62;0
10-16-2010 21:55;103;0
10-16-2010 21:56;337;0
10-16-2010 21:57;116;0
10-16-2010 21:58;3;0
10-16-2010 21:59;138;0
10-16-2010 22:00;234;0
10-16-2010 22:01;154;0
10-16-2010 22:02;79;0
10-16-2010 22:03;44;0
10-16-2010 22:04;116;0
10-16-2010 22:05;56;0
10-16-2010 22:06;22;0
10-16-2010 22:07;19;0
10-16-2010 22:08;0;0
10-16-2010 22:09;103;0
10-16-2010 22:10;129;0
10-16-2010 22:11;41;0
10-16-2010 22:12;107;0
10-16-2010 22:13;38;0
10-16-2010 22:14;116;0
10-16-2010 22:15;65;0
10-16-2010 22:16;82;0
10-16-2010 22:17;26;0
10-16-2010 22:18;18;0
10-16-2010 22:19;112;0
10-16-2010 22:20;0;0
10-16-2010 22:21;88;0
10-16-2010 22:22;219;0
10-16-2010 22:23;134;0
10-16-2010 22:24;268;0
10-16-2010 22:25;138;0
10-16-2010 22:26;82;0
10-16-2010 22:27;129;0
10-16-2010 22:28;85;0
10-16-2010 22:29;410;0
10-16-2010 22:30;566;0
10-16-2010 22:31;227;0
10-16-2010 22:32;586;0
10-16-2010 22:33;424;0
10-16-2010 22:34;327;0
10-16-2010 22:35;12;0
10-16-2010 22:36;13;0
10-16-2010 22:37;74;0
10-16-2010 22:38;424;0
10-16-2010 22:39;190;0
10-16-2010 22:40;85;0
10-16-2010 22:41;82;0
10-16-2010 22:42;77;0
10-16-2010 22:43;121;0
10-16-2010 22:44;32;0
10-16-2010 22:45;94;0
10-16-2010 22:46;56;0
10-16-2010 22:47;250;0
10-16-2010 22:48;7;0
10-16-2010 22:49;32;0
10-16-2010 22:50;41;0
10-16-2010 22:51;26;0
10-16-2010 22:52;212;0
10-16-2010 22:53;172;0
10-16-2010 22:54;306;0
10-16-2010 22:55;0;0
10-16-2010 22:56;59;0
10-16-2010 22:57;296;0
10-16-2010 22:58;306;0
10-16-2010 22:59;438;0
10-16-2010 23:00;250;0
10-16-2010 23:01;316;0
10-16-2010 23:02;154;0
10-16-2010 23:03;143;0
10-16-2010 23:04;219;0
10-16-2010 23:05;410;0
10-16-2010 23:06;515;0
10-16-2010 23:07;781;1
10-16-2010 23:08;1142;1
10-16-2010 23:09;549;0
10-16-2010 23:10;94;0
10-16-2010 23:11;32;0
10-16-2010 23:12;7;0
10-16-2010 23:13;259;0
10-16-2010 23:14;16;0
10-16-2010 23:15;35;0
10-16-2010 23:16;0;0
10-16-2010 23:17;3;0
10-16-2010 23:18;22;0
10-16-2010 23:19;4;0
10-16-2010 23:20;3;0
10-16-2010 23:21;0;0
10-16-2010 23:22;4;0
10-16-2010 23:23;0;0
10-16-2010 23:24;103;0
10-16-2010 23:25;46;0
10-16-2010 23:26;268;0
10-16-2010 23:27;384;0
10-16-2010 23:28;74;0
10-16-2010 23:29;0;0
10-16-2010 23:30;3;0
10-16-2010 23:31;0;0
10-16-2010 23:32;65;0
10-16-2010 23:33;360;0
10-16-2010 23:34;360;0
10-16-2010 23:35;410;0
10-16-2010 23:36;59;0
10-16-2010 23:37;349;0
10-16-2010 23:38;424;0
10-16-2010 23:39;453;0
10-16-2010 23:40;586;0
10-16-2010 23:41;709;1
10-16-2010 23:42;410;0
10-16-2010 23:43;586;0
10-16-2010 23:44;360;0
10-16-2010 23:45;397;0
10-16-2010 23:46;453;0
10-16-2010 23:47;687;1
10-16-2010 23:48;586;0
10-16-2010 23:49;566;0
10-16-2010 23:50;453;0
10-16-2010 23:51;499;0
10-16-2010 23:52;337;0
10-16-2010 23:53;205;0
10-16-2010 23:54;178;0
10-16-2010 23:55;166;0
10-16-2010 23:56;125;0
10-16-2010 23:57;99;0
10-16-2010 23:58;19;0
10-16-2010 23:59;94;0
10-17-2010 00:00;277;0
10-17-2010 00:01;515;0
10-17-2010 00:02;129;0
10-17-2010 00:03;0;0
10-17-2010 00:04;3;0
10-17-2010 00:05;0;0
10-17-2010 00:06;0;0
10-17-2010 00:07;0;0
10-17-2010 00:08;0;0
10-17-2010 00:09;0;0
10-17-2010 00:10;0;0
10-17-2010 00:11;0;0
10-17-2010 00:12;0;0
10-17-2010 00:13;0;0
10-17-2010 00:14;0;0
10-17-2010 00:15;0;0
10-17-2010 00:16;0;0
10-17-2010 00:17;0;0
10-17-2010 00:18;6;0
10-17-2010 00:19;0;0
10-17-2010 00:20;12;0
10-17-2010 00:21;0;0
10-17-2010 00:22;0;0
10-17-2010 00:23;0;0
10-17-2010 00:24;16;0
10-17-2010 00:25;6;0
10-17-2010 00:26;82;0
10-17-2010 00:27;53;0
10-17-2010 00:28;268;0
10-17-2010 00:29;7;0
10-17-2010 00:30;0;0
10-17-2010 00:31;0;0
10-17-2010 00:32;0;0
10-17-2010 00:33;0;0
10-17-2010 00:34;0;0
10-17-2010 00:35;0;0
10-17-2010 00:36;0;0
10-17-2010 00:37;0;0
10-17-2010 00:38;0;0
10-17-2010 00:39;149;0
10-17-2010 00:40;3;0
10-17-2010 00:41;0;0
10-17-2010 00:42;0;0
10-17-2010 00:43;77;0
10-17-2010 00:44;0;0
10-17-2010 00:45;0;0
10-17-2010 00:46;65;0
10-17-2010 00:47;0;0
10-17-2010 00:48;0;0
10-17-2010 00:49;0;0
10-17-2010 00:50;0;0
10-17-2010 00:51;0;0
10-17-2010 00:52;16;0
10-17-2010 00:53;0;0
10-17-2010 00:54;0;0
10-17-2010 00:55;0;0
10-17-2010 00:56;0;0
10-17-2010 00:57;0;0
10-17-2010 00:58;0;0
10-17-2010 00:59;0;0
10-17-2010 01:00;0;0
10-17-2010 01:01;0;0
10-17-2010 01:02;0;0
10-17-2010 01:03;0;0
10-17-2010 01:04;0;0
10-17-2010 01:05;0;0
10-17-2010 01:06;0;0
10-17-2010 01:07;0;0
10-17-2010 01:08;0;0
10-17-2010 01:09;0;0
10-17-2010 01:10;0;0
10-17-2010 01:11;0;0
10-17-2010 01:12;0;0
10-17-2010 01:13;0;0
10-17-2010 01:14;0;0
10-17-2010 01:15;0;0
10-17-2010 01:16;0;0
10-17-2010 01:17;0;0
10-17-2010 01:18;0;0
10-17-2010 01:19;0;0
10-17-2010 01:20;0;0
10-17-2010 01:21;0;0
10-17-2010 01:22;0;0
10-17-2010 01:23;0;0
10-17-2010 01:24;0;0
10-17-2010 01:25;0;0
10-17-2010 01:26;0;0
10-17-2010 01:27;0;0
10-17-2010 01:28;0;0
10-17-2010 01:29;0;0
10-17-2010 01:30;0;0
10-17-2010 01:31;15;0
10-17-2010 01:32;26;0
10-17-2010 01:33;85;0
10-17-2010 01:34;0;0
10-17-2010 01:35;0;0
10-17-2010 01:36;0;0
10-17-2010 01:37;77;0
10-17-2010 01:38;0;0
10-17-2010 01:39;0;0
10-17-2010 01:40;0;0
10-17-2010 01:41;0;0
10-17-2010 01:42;0;0
10-17-2010 01:43;0;0
10-17-2010 01:44;0;0
10-17-2010 01:45;0;0
10-17-2010 01:46;0;0
10-17-2010 01:47;0;0
10-17-2010 01:48;0;0
10-17-2010 01:49;0;0
10-17-2010 01:50;0;0
10-17-2010 01:51;0;0
10-17-2010 01:52;0;0
10-17-2010 01:53;0;0
10-17-2010 01:54;0;0
10-17-2010 01:55;0;0
10-17-2010 01:56;0;0
10-17-2010 01:57;0;0
10-17-2010 01:58;0;0
10-17-2010 01:59;0;0
10-17-2010 02:00;0;0
10-17-2010 02:01;0;0
10-17-2010 02:02;0;0
10-17-2010 02:03;0;0
10-17-2010 02:04;0;0
10-17-2010 02:05;0;0
10-17-2010 02:06;0;0
10-17-2010 02:07;0;0
10-17-2010 02:08;0;0
10-17-2010 02:09;0;0
10-17-2010 02:10;0;0
10-17-2010 02:11;0;0
10-17-2010 02:12;0;0
10-17-2010 02:13;0;0
10-17-2010 02:14;0;0
10-17-2010 02:15;0;0
10-17-2010 02:16;0;0
10-17-2010 02:17;0;0
10-17-2010 02:18;59;0
10-17-2010 02:19;0;0
10-17-2010 02:20;0;0
10-17-2010 02:21;0;0
10-17-2010 02:22;0;0
10-17-2010 02:23;21;0
10-17-2010 02:24;12;0
10-17-2010 02:25;9;0
10-17-2010 02:26;0;0
10-17-2010 02:27;0;0
10-17-2010 02:28;0;0
10-17-2010 02:29;0;0
10-17-2010 02:30;0;0
10-17-2010 02:31;0;0
10-17-2010 02:32;160;0
10-17-2010 02:33;4;0
10-17-2010 02:34;0;0
10-17-2010 02:35;0;0
10-17-2010 02:36;0;0
10-17-2010 02:37;0;0
10-17-2010 02:38;0;0
10-17-2010 02:39;0;0
10-17-2010 02:40;0;0
10-17-2010 02:41;0;0
10-17-2010 02:42;0;0
10-17-2010 02:43;0;0
10-17-2010 02:44;0;0
10-17-2010 02:45;0;0
10-17-2010 02:46;0;0
10-17-2010 02:47;0;0
10-17-2010 02:48;62;0
10-17-2010 02:49;0;0
10-17-2010 02:50;0;0
10-17-2010 02:51;0;0
10-17-2010 02:52;0;0
10-17-2010 02:53;0;0
10-17-2010 02:54;103;0
10-17-2010 02:55;0;0
10-17-2010 02:56;0;0
10-17-2010 02:57;88;0
10-17-2010 02:58;47;0
10-17-2010 02:59;32;0
10-17-2010 03:00;9;0
10-17-2010 03:01;0;0
10-17-2010 03:02;0;0
10-17-2010 03:03;0;0
10-17-2010 03:04;0;0
10-17-2010 03:05;0;0
10-17-2010 03:06;0;0
10-17-2010 03:07;0;0
10-17-2010 03:08;0;0
10-17-2010 03:09;0;0
10-17-2010 03:10;0;0
10-17-2010 03:11;0;0
10-17-2010 03:12;0;0
10-17-2010 03:13;0;0
10-17-2010 03:14;0;0
10-17-2010 03:15;0;0
10-17-2010 03:16;0;0
10-17-2010 03:17;0;0
10-17-2010 03:18;0;0
10-17-2010 03:19;0;0
10-17-2010 03:20;0;0
10-17-2010 03:21;0;0
10-17-2010 03:22;0;0
10-17-2010 03:23;0;0
10-17-2010 03:24;0;0
10-17-2010 03:25;0;0
10-17-2010 03:26;0;0
10-17-2010 03:27;0;0
10-17-2010 03:28;0;0
10-17-2010 03:29;0;0
10-17-2010 03:30;0;0
10-17-2010 03:31;0;0
10-17-2010 03:32;0;0
10-17-2010 03:33;0;0
10-17-2010 03:34;0;0
10-17-2010 03:35;0;0
10-17-2010 03:36;0;0
10-17-2010 03:37;0;0
10-17-2010 03:38;0;0
10-17-2010 03:39;0;0
10-17-2010 03:40;0;0
10-17-2010 03:41;0;0
10-17-2010 03:42;0;0
10-17-2010 03:43;0;0
10-17-2010 03:44;0;0
10-17-2010 03:45;0;0
10-17-2010 03:46;0;0
10-17-2010 03:47;0;0
10-17-2010 03:48;0;0
10-17-2010 03:49;0;0
10-17-2010 03:50;28;0
10-17-2010 03:51;40;0
10-17-2010 03:52;0;0
10-17-2010 03:53;10;0
10-17-2010 03:54;35;0
10-17-2010 03:55;0;0
10-17-2010 03:56;59;0
10-17-2010 03:57;0;0
10-17-2010 03:58;0;0
10-17-2010 03:59;0;0
10-17-2010 04:00;0;0
10-17-2010 04:01;0;0
10-17-2010 04:02;0;0
10-17-2010 04:03;0;0
10-17-2010 04:04;0;0
10-17-2010 04:05;0;0
10-17-2010 04:06;0;0
10-17-2010 04:07;0;0
10-17-2010 04:08;0;0
10-17-2010 04:09;0;0
10-17-2010 04:10;0;0
10-17-2010 04:11;0;0
10-17-2010 04:12;0;0
10-17-2010 04:13;0;0
10-17-2010 04:14;0;0
10-17-2010 04:15;0;0
10-17-2010 04:16;0;0
10-17-2010 04:17;0;0
10-17-2010 04:18;0;0
10-17-2010 04:19;0;0
10-17-2010 04:20;28;0
10-17-2010 04:21;0;0
10-17-2010 04:22;0;0
10-17-2010 04:23;0;0
10-17-2010 04:24;0;0
10-17-2010 04:25;0;0
10-17-2010 04:26;0;0
10-17-2010 04:27;0;0
10-17-2010 04:28;0;0
10-17-2010 04:29;0;0
10-17-2010 04:30;0;0
10-17-2010 04:31;0;0
10-17-2010 04:32;0;0
10-17-2010 04:33;0;0
10-17-2010 04:34;0;0
10-17-2010 04:35;0;0
10-17-2010 04:36;0;0
10-17-2010 04:37;0;0
10-17-2010 04:38;0;0
10-17-2010 04:39;0;0
10-17-2010 04:40;0;0
10-17-2010 04:41;0;0
10-17-2010 04:42;0;0
10-17-2010 04:43;0;0
10-17-2010 04:44;0;0
10-17-2010 04:45;0;0
10-17-2010 04:46;0;0
10-17-2010 04:47;0;0
10-17-2010 04:48;0;0
10-17-2010 04:49;0;0
10-17-2010 04:50;0;0
10-17-2010 04:51;0;0
10-17-2010 04:52;0;0
10-17-2010 04:53;0;0
10-17-2010 04:54;0;0
10-17-2010 04:55;21;0
10-17-2010 04:56;296;0
10-17-2010 04:57;21;0
10-17-2010 04:58;0;0
10-17-2010 04:59;0;0
10-17-2010 05:00;0;0
10-17-2010 05:01;0;0
10-17-2010 05:02;0;0
10-17-2010 05:03;0;0
10-17-2010 05:04;0;0
10-17-2010 05:05;0;0
10-17-2010 05:06;0;0
10-17-2010 05:07;0;0
10-17-2010 05:08;0;0
10-17-2010 05:09;0;0
10-17-2010 05:10;0;0
10-17-2010 05:11;0;0
10-17-2010 05:12;0;0
10-17-2010 05:13;0;0
10-17-2010 05:14;0;0
10-17-2010 05:15;0;0
10-17-2010 05:16;0;0
10-17-2010 05:17;0;0
10-17-2010 05:18;0;0
10-17-2010 05:19;0;0
10-17-2010 05:20;0;0
10-17-2010 05:21;0;0
10-17-2010 05:22;0;0
10-17-2010 05:23;0;0
10-17-2010 05:24;71;0
10-17-2010 05:25;0;0
10-17-2010 05:26;0;0
10-17-2010 05:27;0;0
10-17-2010 05:28;0;0
10-17-2010 05:29;0;0
10-17-2010 05:30;0;0
10-17-2010 05:31;0;0
10-17-2010 05:32;0;0
10-17-2010 05:33;0;0
10-17-2010 05:34;0;0
10-17-2010 05:35;0;0
10-17-2010 05:36;0;0
10-17-2010 05:37;0;0
10-17-2010 05:38;0;0
10-17-2010 05:39;0;0
10-17-2010 05:40;0;0
10-17-2010 05:41;0;0
10-17-2010 05:42;0;0
10-17-2010 05:43;0;0
10-17-2010 05:44;0;0
10-17-2010 05:45;0;0
10-17-2010 05:46;0;0
10-17-2010 05:47;0;0
10-17-2010 05:48;0;0
10-17-2010 05:49;0;0
10-17-2010 05:50;0;0
10-17-2010 05:51;0;0
10-17-2010 05:52;0;0
10-17-2010 05:53;0;0
10-17-2010 05:54;0;0
10-17-2010 05:55;0;0
10-17-2010 05:56;0;0
10-17-2010 05:57;0;0
10-17-2010 05:58;0;0
10-17-2010 05:59;0;0
10-17-2010 06:00;0;0
10-17-2010 06:01;0;0
10-17-2010 06:02;0;0
10-17-2010 06:03;0;0
10-17-2010 06:04;0;0
10-17-2010 06:05;0;0
10-17-2010 06:06;0;0
10-17-2010 06:07;0;0
10-17-2010 06:08;0;0
10-17-2010 06:09;0;0
10-17-2010 06:10;0;0
10-17-2010 06:11;0;0
10-17-2010 06:12;0;0
10-17-2010 06:13;0;0
10-17-2010 06:14;38;0
10-17-2010 06:15;0;0
10-17-2010 06:16;3;0
10-17-2010 06:17;250;0
10-17-2010 06:18;0;0
10-17-2010 06:19;285;0
10-17-2010 06:20;0;0
10-17-2010 06:21;18;0
10-17-2010 06:22;0;0
10-17-2010 06:23;0;0
10-17-2010 06:24;0;0
10-17-2010 06:25;0;0
10-17-2010 06:26;0;0
10-17-2010 06:27;0;0
10-17-2010 06:28;0;0
10-17-2010 06:29;0;0
10-17-2010 06:30;0;0
10-17-2010 06:31;0;0
10-17-2010 06:32;0;0
10-17-2010 06:33;12;0
10-17-2010 06:34;0;0
10-17-2010 06:35;0;0
10-17-2010 06:36;0;0
10-17-2010 06:37;0;0
10-17-2010 06:38;0;0
10-17-2010 06:39;0;0
10-17-2010 06:40;0;0
10-17-2010 06:41;0;0
10-17-2010 06:42;0;0
10-17-2010 06:43;0;0
10-17-2010 06:44;0;0
10-17-2010 06:45;0;0
10-17-2010 06:46;0;0
10-17-2010 06:47;0;0
10-17-2010 06:48;0;0
10-17-2010 06:49;0;0
10-17-2010 06:50;0;0
10-17-2010 06:51;0;0
10-17-2010 06:52;0;0
10-17-2010 06:53;0;0
10-17-2010 06:54;0;0
10-17-2010 06:55;0;0
10-17-2010 06:56;0;0
10-17-2010 06:57;0;0
10-17-2010 06:58;0;0
10-17-2010 06:59;0;0
10-17-2010 07:00;0;0
10-17-2010 07:01;0;0
10-17-2010 07:02;0;0
10-17-2010 07:03;0;0
10-17-2010 07:04;0;0
10-17-2010 07:05;0;0
10-17-2010 07:06;0;0
10-17-2010 07:07;0;0
10-17-2010 07:08;0;0
10-17-2010 07:09;0;0
10-17-2010 07:10;0;0
10-17-2010 07:11;0;0
10-17-2010 07:12;0;0
10-17-2010 07:13;0;0
10-17-2010 07:14;0;0
10-17-2010 07:15;0;0
10-17-2010 07:16;0;0
10-17-2010 07:17;4;0
10-17-2010 07:18;172;0
10-17-2010 07:19;9;0
10-17-2010 07:20;0;0
10-17-2010 07:21;0;0
10-17-2010 07:22;0;0
10-17-2010 07:23;0;0
10-17-2010 07:24;0;0
10-17-2010 07:25;0;0
10-17-2010 07:26;13;0
10-17-2010 07:27;0;0
10-17-2010 07:28;0;0
10-17-2010 07:29;56;0
10-17-2010 07:30;0;0
10-17-2010 07:31;0;0
10-17-2010 07:32;4;0
10-17-2010 07:33;0;0
10-17-2010 07:34;0;0
10-17-2010 07:35;0;0
10-17-2010 07:36;0;0
10-17-2010 07:37;0;0
10-17-2010 07:38;0;0
10-17-2010 07:39;0;0
10-17-2010 07:40;0;0
10-17-2010 07:41;21;0
10-17-2010 07:42;268;0
10-17-2010 07:43;0;0
10-17-2010 07:44;0;0
10-17-2010 07:45;0;0
10-17-2010 07:46;0;0
10-17-2010 07:47;0;0
10-17-2010 07:48;160;0
10-17-2010 07:49;0;0
10-17-2010 07:50;0;0
10-17-2010 07:51;0;0
10-17-2010 07:52;0;0
10-17-2010 07:53;0;0
10-17-2010 07:54;50;0
10-17-2010 07:55;0;0
10-17-2010 07:56;0;0
10-17-2010 07:57;0;0
10-17-2010 07:58;0;0
10-17-2010 07:59;0;0
10-17-2010 08:00;0;0
10-17-2010 08:01;0;0
10-17-2010 08:02;0;0
10-17-2010 08:03;0;0
10-17-2010 08:04;0;0
10-17-2010 08:05;0;0
10-17-2010 08:06;0;0
10-17-2010 08:07;0;0
10-17-2010 08:08;0;0
10-17-2010 08:09;1073;1
10-17-2010 08:10;665;1
10-17-2010 08:11;47;0
10-17-2010 08:12;0;0
10-17-2010 08:13;0;0
10-17-2010 08:14;0;0
10-17-2010 08:15;154;0
10-17-2010 08:16;0;0
10-17-2010 08:17;0;0
10-17-2010 08:18;0;0
10-17-2010 08:19;77;0
10-17-2010 08:20;0;0
10-17-2010 08:21;18;0
10-17-2010 08:22;68;0
10-17-2010 08:23;0;0
10-17-2010 08:24;0;0
10-17-2010 08:25;0;0
10-17-2010 08:26;0;0
10-17-2010 08:27;0;0
10-17-2010 08:28;0;0
10-17-2010 08:29;107;0
10-17-2010 08:30;0;0
10-17-2010 08:31;88;0
10-17-2010 08:32;0;0
10-17-2010 08:33;0;0
10-17-2010 08:34;0;0
10-17-2010 08:35;0;0
10-17-2010 08:36;9;0
10-17-2010 08:37;566;0
10-17-2010 08:38;0;0
10-17-2010 08:39;0;0
10-17-2010 08:40;0;0
10-17-2010 08:41;0;0
10-17-2010 08:42;0;0
10-17-2010 08:43;0;0
10-17-2010 08:44;0;0
10-17-2010 08:45;0;0
10-17-2010 08:46;0;0
10-17-2010 08:47;0;0
10-17-2010 08:48;7;0
10-17-2010 08:49;0;0
10-17-2010 08:50;0;0
10-17-2010 08:51;0;0
10-17-2010 08:52;0;0
10-17-2010 08:53;0;0
10-17-2010 08:54;0;0
10-17-2010 08:55;0;0
10-17-2010 08:56;0;0
10-17-2010 08:57;0;0
10-17-2010 08:58;0;0
10-17-2010 08:59;0;0
10-17-2010 09:00;0;0
10-17-2010 09:01;0;0
10-17-2010 09:02;0;0
10-17-2010 09:03;0;0
10-17-2010 09:04;0;0
10-17-2010 09:05;0;0
10-17-2010 09:06;0;0
10-17-2010 09:07;0;0
10-17-2010 09:08;438;0
10-17-2010 09:09;531;0
10-17-2010 09:10;184;0
10-17-2010 09:11;0;0
10-17-2010 09:12;0;0
10-17-2010 09:13;0;0
10-17-2010 09:14;0;0
10-17-2010 09:15;0;0
10-17-2010 09:16;0;0
10-17-2010 09:17;47;0
10-17-2010 09:18;43;0
10-17-2010 09:19;0;0
10-17-2010 09:20;0;0
10-17-2010 09:21;0;0
10-17-2010 09:22;0;0
10-17-2010 09:23;0;0
10-17-2010 09:24;0;0
10-17-2010 09:25;0;0
10-17-2010 09:26;0;0
10-17-2010 09:27;0;0
10-17-2010 09:28;0;0
10-17-2010 09:29;0;0
10-17-2010 09:30;0;0
10-17-2010 09:31;453;0
10-17-2010 09:32;397;0
10-17-2010 09:33;384;0
10-17-2010 09:34;259;0
10-17-2010 09:35;91;0
10-17-2010 09:36;35;0
10-17-2010 09:37;24;0
10-17-2010 09:38;166;0
10-17-2010 09:39;259;0
10-17-2010 09:40;24;0
10-17-2010 09:41;234;0
10-17-2010 09:42;3;0
10-17-2010 09:43;99;0
10-17-2010 09:44;65;0
10-17-2010 09:45;50;0
10-17-2010 09:46;31;0
10-17-2010 09:47;234;0
10-17-2010 09:48;172;0
10-17-2010 09:49;160;0
10-17-2010 09:50;94;0
10-17-2010 09:51;116;0
10-17-2010 09:52;250;0
10-17-2010 09:53;709;1
10-17-2010 09:54;833;1
10-17-2010 09:55;733;1
10-17-2010 09:56;605;0
10-17-2010 09:57;360;0
10-17-2010 09:58;665;1
10-17-2010 09:59;549;0
10-17-2010 10:00;47;0
10-17-2010 10:01;0;0
10-17-2010 10:02;0;0
10-17-2010 10:03;3;0
10-17-2010 10:04;77;0
10-17-2010 10:05;0;0
10-17-2010 10:06;88;0
10-17-2010 10:07;4;0
10-17-2010 10:08;79;0
10-17-2010 10:09;190;0
10-17-2010 10:10;241;0
10-17-2010 10:11;184;0
10-17-2010 10:12;24;0
10-17-2010 10:13;99;0
10-17-2010 10:14;184;0
10-17-2010 10:15;154;0
10-17-2010 10:16;85;0
10-17-2010 10:17;24;0
10-17-2010 10:18;160;0
10-17-2010 10:19;56;0
10-17-2010 10:20;91;0
10-17-2010 10:21;327;0
10-17-2010 10:22;18;0
10-17-2010 10:23;99;0
10-17-2010 10:24;74;0
10-17-2010 10:25;15;0
10-17-2010 10:26;0;0
10-17-2010 10:27;79;0
10-17-2010 10:28;149;0
10-17-2010 10:29;154;0
10-17-2010 10:30;24;0
10-17-2010 10:31;7;0
10-17-2010 10:32;0;0
10-17-2010 10:33;79;0
10-17-2010 10:34;9;0
10-17-2010 10:35;4;0
10-17-2010 10:36;37;0
10-17-2010 10:37;3;0
10-17-2010 10:38;0;0
10-17-2010 10:39;125;0
10-17-2010 10:40;37;0
10-17-2010 10:41;16;0
10-17-2010 10:42;31;0
10-17-2010 10:43;219;0
10-17-2010 10:44;424;0
10-17-2010 10:45;566;0
10-17-2010 10:46;483;0
10-17-2010 10:47;887;1
10-17-2010 10:48;833;1
10-17-2010 10:49;1336;1
10-17-2010 10:50;1468;1
10-17-2010 10:51;1336;1
10-17-2010 10:52;915;1
10-17-2010 10:53;1142;1
10-17-2010 10:54;1039;1
10-17-2010 10:55;1142;1
10-17-2010 10:56;1106;1
10-17-2010 10:57;1255;1
10-17-2010 10:58;1073;1
10-17-2010 10:59;733;1
10-17-2010 11:00;859;1
10-17-2010 11:01;1006;1
10-17-2010 11:02;945;1
10-17-2010 11:03;781;1
10-17-2010 11:04;945;1
10-17-2010 11:05;859;1
10-17-2010 11:06;1006;1
10-17-2010 11:07;306;0
10-17-2010 11:08;77;0
10-17-2010 11:09;107;0
10-17-2010 11:10;103;0
10-17-2010 11:11;38;0
10-17-2010 11:12;4;0
10-17-2010 11:13;397;0
10-17-2010 11:14;1073;1
10-17-2010 11:15;1039;1
10-17-2010 11:16;1379;1
10-17-2010 11:17;1336;1
10-17-2010 11:18;1106;1
10-17-2010 11:19;566;0
10-17-2010 11:20;531;0
10-17-2010 11:21;160;0
10-17-2010 11:22;37;0
10-17-2010 11:23;43;0
10-17-2010 11:24;259;0
10-17-2010 11:25;337;0
10-17-2010 11:26;250;0
10-17-2010 11:27;1073;1
10-17-2010 11:28;453;0
10-17-2010 11:29;35;0
10-17-2010 11:30;0;0
10-17-2010 11:31;21;0
10-17-2010 11:32;197;0
10-17-2010 11:33;410;0
10-17-2010 11:34;250;0
10-17-2010 11:35;945;1
10-17-2010 11:36;531;0
10-17-2010 11:37;125;0
10-17-2010 11:38;268;0
10-17-2010 11:39;709;1
10-17-2010 11:40;605;0
10-17-2010 11:41;566;0
10-17-2010 11:42;709;1
10-17-2010 11:43;624;0
10-17-2010 11:44;483;0
10-17-2010 11:45;91;0
10-17-2010 11:46;241;0
10-17-2010 11:47;44;0
10-17-2010 11:48;62;0
10-17-2010 11:49;7;0
10-17-2010 11:50;129;0
10-17-2010 11:51;50;0
10-17-2010 11:52;44;0
10-17-2010 11:53;0;0
10-17-2010 11:54;9;0
10-17-2010 11:55;0;0
10-17-2010 11:56;0;0
10-17-2010 11:57;9;0
10-17-2010 11:58;29;0
10-17-2010 11:59;47;0
10-17-2010 12:00;44;0
10-17-2010 12:01;43;0
10-17-2010 12:02;316;0
10-17-2010 12:03;384;0
10-17-2010 12:04;1073;1
10-17-2010 12:05;806;1
10-17-2010 12:06;1255;1
10-17-2010 12:07;1295;1
10-17-2010 12:08;1255;1
10-17-2010 12:09;1295;1
10-17-2010 12:10;1515;1
10-17-2010 12:11;1564;1
10-17-2010 12:12;1614;1
10-17-2010 12:13;1073;1
10-17-2010 12:14;945;1
10-17-2010 12:15;605;0
10-17-2010 12:16;1515;1
10-17-2010 12:17;1718;1
10-17-2010 12:18;1423;1
10-17-2010 12:19;1515;1
10-17-2010 12:20;1718;1
10-17-2010 12:21;1718;1
10-17-2010 12:22;1718;1
10-17-2010 12:23;1614;1
10-17-2010 12:24;624;0
10-17-2010 12:25;499;0
10-17-2010 12:26;975;1
10-17-2010 12:27;410;0
10-17-2010 12:28;316;0
10-17-2010 12:29;184;0
10-17-2010 12:30;166;0
10-17-2010 12:31;59;0
10-17-2010 12:32;212;0
10-17-2010 12:33;549;0
10-17-2010 12:34;190;0
10-17-2010 12:35;121;0
10-17-2010 12:36;234;0
10-17-2010 12:37;241;0
10-17-2010 12:38;197;0
10-17-2010 12:39;65;0
10-17-2010 12:40;227;0
10-17-2010 12:41;197;0
10-17-2010 12:42;74;0
10-17-2010 12:43;94;0
10-17-2010 12:44;19;0
10-17-2010 12:45;190;0
10-17-2010 12:46;59;0
10-17-2010 12:47;53;0
10-17-2010 12:48;13;0
10-17-2010 12:49;178;0
10-17-2010 12:50;3;0
10-17-2010 12:51;32;0
10-17-2010 12:52;79;0
10-17-2010 12:53;37;0
10-17-2010 12:54;285;0
10-17-2010 12:55;277;0
10-17-2010 12:56;143;0
10-17-2010 12:57;337;0
10-17-2010 12:58;99;0
10-17-2010 12:59;0;0
10-17-2010 13:00;28;0
10-17-2010 13:01;138;0
10-17-2010 13:02;1295;1
10-17-2010 13:03;337;0
10-17-2010 13:04;833;1
10-17-2010 13:05;285;0
10-17-2010 13:06;88;0
10-17-2010 13:07;566;0
10-17-2010 13:08;241;0
10-17-2010 13:09;107;0
10-17-2010 13:10;0;0
10-17-2010 13:11;121;0
10-17-2010 13:12;160;0
10-17-2010 13:13;0;0
10-17-2010 13:14;285;0
10-17-2010 13:15;190;0
10-17-2010 13:16;10;0
10-17-2010 13:17;149;0
10-17-2010 13:18;103;0
10-17-2010 13:19;40;0
10-17-2010 13:20;19;0
10-17-2010 13:21;47;0
10-17-2010 13:22;31;0
10-17-2010 13:23;7;0
10-17-2010 13:24;21;0
10-17-2010 13:25;975;1
10-17-2010 13:26;112;0
10-17-2010 13:27;16;0
10-17-2010 13:28;40;0
10-17-2010 13:29;384;0
10-17-2010 13:30;3;0
10-17-2010 13:31;12;0
10-17-2010 13:32;0;0
10-17-2010 13:33;0;0
10-17-2010 13:34;13;0
10-17-2010 13:35;46;0
10-17-2010 13:36;7;0
10-17-2010 13:37;31;0
10-17-2010 13:38;178;0
10-17-2010 13:39;0;0
10-17-2010 13:40;28;0
10-17-2010 13:41;250;0
10-17-2010 13:42;483;0
10-17-2010 13:43;410;0
10-17-2010 13:44;112;0
10-17-2010 13:45;143;0
10-17-2010 13:46;129;0
10-17-2010 13:47;327;0
10-17-2010 13:48;234;0
10-17-2010 13:49;306;0
10-17-2010 13:50;360;0
10-17-2010 13:51;227;0
10-17-2010 13:52;154;0
10-17-2010 13:53;103;0
10-17-2010 13:54;3;0
10-17-2010 13:55;94;0
10-17-2010 13:56;9;0
10-17-2010 13:57;0;0
10-17-2010 13:58;77;0
10-17-2010 13:59;99;0
10-17-2010 14:00;0;0
10-17-2010 14:01;285;0
10-17-2010 14:02;219;0
10-17-2010 14:03;219;0
10-17-2010 14:04;43;0
10-17-2010 14:05;0;0
10-17-2010 14:06;134;0
10-17-2010 14:07;134;0
10-17-2010 14:08;125;0
10-17-2010 14:09;19;0
10-17-2010 14:10;0;0
10-17-2010 14:11;31;0
10-17-2010 14:12;77;0
10-17-2010 14:13;227;0
10-17-2010 14:14;4;0
10-17-2010 14:15;143;0
10-17-2010 14:16;3;0
10-17-2010 14:17;43;0
10-17-2010 14:18;44;0
10-17-2010 14:19;56;0
10-17-2010 14:20;4;0
10-17-2010 14:21;38;0
10-17-2010 14:22;0;0
10-17-2010 14:23;103;0
10-17-2010 14:24;28;0
10-17-2010 14:25;268;0
10-17-2010 14:26;154;0
10-17-2010 14:27;241;0
10-17-2010 14:28;0;0
10-17-2010 14:29;0;0
10-17-2010 14:30;0;0
10-17-2010 14:31;16;0
10-17-2010 14:32;0;0
10-17-2010 14:33;21;0
10-17-2010 14:34;16;0
10-17-2010 14:35;0;0
10-17-2010 14:36;38;0
10-17-2010 14:37;0;0
10-17-2010 14:38;0;0
10-17-2010 14:39;22;0
10-17-2010 14:40;0;0
10-17-2010 14:41;0;0
10-17-2010 14:42;0;0
10-17-2010 14:43;0;0
10-17-2010 14:44;0;0
10-17-2010 14:45;0;0
10-17-2010 14:46;0;0
10-17-2010 14:47;0;0
10-17-2010 14:48;0;0
10-17-2010 14:49;0;0
10-17-2010 14:50;0;0
10-17-2010 14:51;0;0
10-17-2010 14:52;0;0
10-17-2010 14:53;0;0
10-17-2010 14:54;0;0
10-17-2010 14:55;0;0
10-17-2010 14:56;0;0
10-17-2010 14:57;0;0
10-17-2010 14:58;0;0
10-17-2010 14:59;0;0
10-17-2010 15:00;0;0
10-17-2010 15:01;0;0
10-17-2010 15:02;0;0
10-17-2010 15:03;24;0
10-17-2010 15:04;35;0
10-17-2010 15:05;68;0
10-17-2010 15:06;138;0
10-17-2010 15:07;47;0
10-17-2010 15:08;149;0
10-17-2010 15:09;50;0
10-17-2010 15:10;116;0
10-17-2010 15:11;62;0
10-17-2010 15:12;360;0
10-17-2010 15:13;129;0
10-17-2010 15:14;6;0
10-17-2010 15:15;12;0
10-17-2010 15:16;0;0
10-17-2010 15:17;4;0
10-17-2010 15:18;16;0
10-17-2010 15:19;9;0
10-17-2010 15:20;9;0
10-17-2010 15:21;0;0
10-17-2010 15:22;0;0
10-17-2010 15:23;0;0
10-17-2010 15:24;3;0
10-17-2010 15:25;0;0
10-17-2010 15:26;0;0
10-17-2010 15:27;0;0
10-17-2010 15:28;16;0
10-17-2010 15:29;85;0
10-17-2010 15:30;65;0
10-17-2010 15:31;327;0
10-17-2010 15:32;531;0
10-17-2010 15:33;453;0
10-17-2010 15:34;327;0
10-17-2010 15:35;268;0
10-17-2010 15:36;121;0
10-17-2010 15:37;166;0
10-17-2010 15:38;32;0
10-17-2010 15:39;3;0
10-17-2010 15:40;166;0
10-17-2010 15:41;82;0
10-17-2010 15:42;154;0
10-17-2010 15:43;94;0
10-17-2010 15:44;99;0
10-17-2010 15:45;82;0
10-17-2010 15:46;143;0
10-17-2010 15:47;56;0
10-17-2010 15:48;259;0
10-17-2010 15:49;53;0
10-17-2010 15:50;138;0
10-17-2010 15:51;37;0
10-17-2010 15:52;29;0
10-17-2010 15:53;0;0
10-17-2010 15:54;250;0
10-17-2010 15:55;154;0
10-17-2010 15:56;3;0
10-17-2010 15:57;26;0
10-17-2010 15:58;34;0
10-17-2010 15:59;25;0
10-17-2010 16:00;6;0
10-17-2010 16:01;138;0
10-17-2010 16:02;360;0
10-17-2010 16:03;190;0
10-17-2010 16:04;154;0
10-17-2010 16:05;107;0
10-17-2010 16:06;4;0
10-17-2010 16:07;0;0
10-17-2010 16:08;0;0
10-17-2010 16:09;0;0
10-17-2010 16:10;31;0
10-17-2010 16:11;0;0
10-17-2010 16:12;0;0
10-17-2010 16:13;88;0
10-17-2010 16:14;0;0
10-17-2010 16:15;0;0
10-17-2010 16:16;62;0
10-17-2010 16:17;197;0
10-17-2010 16:18;47;0
10-17-2010 16:19;3;0
10-17-2010 16:20;0;0
10-17-2010 16:21;0;0
10-17-2010 16:22;0;0
10-17-2010 16:23;0;0
10-17-2010 16:24;0;0
10-17-2010 16:25;0;0
10-17-2010 16:26;0;0
10-17-2010 16:27;0;0
10-17-2010 16:28;13;0
10-17-2010 16:29;0;0
10-17-2010 16:30;0;0
10-17-2010 16:31;0;0
10-17-2010 16:32;29;0
10-17-2010 16:33;94;0
10-17-2010 16:34;77;0
10-17-2010 16:35;0;0
10-17-2010 16:36;0;0
10-17-2010 16:37;10;0
10-17-2010 16:38;259;0
10-17-2010 16:39;178;0
10-17-2010 16:40;349;0
10-17-2010 16:41;806;1
10-17-2010 16:42;1379;1
10-17-2010 16:43;1665;1
10-17-2010 16:44;372;0
10-17-2010 16:45;1295;1
10-17-2010 16:46;733;1
10-17-2010 16:47;1295;1
10-17-2010 16:48;687;1
10-17-2010 16:49;1295;1
10-17-2010 16:50;806;1
10-17-2010 16:51;1039;1
10-17-2010 16:52;915;1
10-17-2010 16:53;531;0
10-17-2010 16:54;806;1
10-17-2010 16:55;1006;1
10-17-2010 16:56;975;1
10-17-2010 16:57;468;0
10-17-2010 16:58;79;0
10-17-2010 16:59;3;0
10-17-2010 17:00;296;0
10-17-2010 17:01;360;0
10-17-2010 17:02;116;0
10-17-2010 17:03;644;0
10-17-2010 17:04;327;0
10-17-2010 17:05;160;0
10-17-2010 17:06;94;0
10-17-2010 17:07;59;0
10-17-2010 17:08;24;0
10-17-2010 17:09;7;0
10-17-2010 17:10;29;0
10-17-2010 17:11;25;0
10-17-2010 17:12;138;0
10-17-2010 17:13;234;0
10-17-2010 17:14;241;0
10-17-2010 17:15;483;0
10-17-2010 17:16;94;0
10-17-2010 17:17;24;0
10-17-2010 17:18;41;0
10-17-2010 17:19;38;0
10-17-2010 17:20;74;0
10-17-2010 17:21;166;0
10-17-2010 17:22;112;0
10-17-2010 17:23;32;0
10-17-2010 17:24;160;0
10-17-2010 17:25;212;0
10-17-2010 17:26;35;0
10-17-2010 17:27;56;0
10-17-2010 17:28;94;0
10-17-2010 17:29;10;0
10-17-2010 17:30;19;0
10-17-2010 17:31;306;0
10-17-2010 17:32;285;0
10-17-2010 17:33;384;0
10-17-2010 17:34;149;0
10-17-2010 17:35;0;0
10-17-2010 17:36;410;0
10-17-2010 17:37;166;0
10-17-2010 17:38;549;0
10-17-2010 17:39;349;0
10-17-2010 17:40;178;0
10-17-2010 17:41;205;0
10-17-2010 17:42;43;0
10-17-2010 17:43;0;0
10-17-2010 17:44;0;0
10-17-2010 17:45;134;0
10-17-2010 17:46;62;0
10-17-2010 17:47;178;0
10-17-2010 17:48;26;0
10-17-2010 17:49;9;0
10-17-2010 17:50;0;0
10-17-2010 17:51;0;0
10-17-2010 17:52;644;0
10-17-2010 17:53;372;0
10-17-2010 17:54;37;0
10-17-2010 17:55;46;0
10-17-2010 17:56;0;0
10-17-2010 17:57;4;0
10-17-2010 17:58;0;0
10-17-2010 17:59;0;0
10-17-2010 18:00;4;0
10-17-2010 18:01;0;0
10-17-2010 18:02;0;0
10-17-2010 18:03;0;0
10-17-2010 18:04;0;0
10-17-2010 18:05;644;0
10-17-2010 18:06;499;0
10-17-2010 18:07;424;0
10-17-2010 18:08;453;0
10-17-2010 18:09;438;0
10-17-2010 18:10;190;0
10-17-2010 18:11;0;0
10-17-2010 18:12;62;0
10-17-2010 18:13;687;1
10-17-2010 18:14;1564;1
10-17-2010 18:15;1614;1
10-17-2010 18:16;975;1
10-17-2010 18:17;1829;1
10-17-2010 18:18;1423;1
10-17-2010 18:19;1336;1
10-17-2010 18:20;468;0
10-17-2010 18:21;781;1
10-17-2010 18:22;1564;1
10-17-2010 18:23;372;0
10-17-2010 18:24;234;0
10-17-2010 18:25;129;0
10-17-2010 18:26;116;0
10-17-2010 18:27;85;0
10-17-2010 18:28;121;0
10-17-2010 18:29;190;0
10-17-2010 18:30;71;0
10-17-2010 18:31;79;0
10-17-2010 18:32;29;0
10-17-2010 18:33;468;0
10-17-2010 18:34;781;1
10-17-2010 18:35;566;0
10-17-2010 18:36;53;0
10-17-2010 18:37;25;0
10-17-2010 18:38;0;0
10-17-2010 18:39;9;0
10-17-2010 18:40;29;0
10-17-2010 18:41;91;0
10-17-2010 18:42;68;0
10-17-2010 18:43;0;0
10-17-2010 18:44;0;0
10-17-2010 18:45;0;0
10-17-2010 18:46;0;0
10-17-2010 18:47;0;0
10-17-2010 18:48;0;0
10-17-2010 18:49;15;0
10-17-2010 18:50;0;0
10-17-2010 18:51;212;0
10-17-2010 18:52;438;0
10-17-2010 18:53;887;1
10-17-2010 18:54;1178;1
10-17-2010 18:55;1178;1
10-17-2010 18:56;1073;1
10-17-2010 18:57;915;1
10-17-2010 18:58;781;1
10-17-2010 18:59;624;0
10-17-2010 19:00;975;1
10-17-2010 19:01;975;1
10-17-2010 19:02;833;1
10-17-2010 19:03;665;1
10-17-2010 19:04;665;1
10-17-2010 19:05;665;1
10-17-2010 19:06;624;0
10-17-2010 19:07;531;0
10-17-2010 19:08;468;0
10-17-2010 19:09;605;0
10-17-2010 19:10;687;1
10-17-2010 19:11;241;0
10-17-2010 19:12;306;0
10-17-2010 19:13;327;0
10-17-2010 19:14;99;0
10-17-2010 19:15;18;0
10-17-2010 19:16;94;0
10-17-2010 19:17;25;0
10-17-2010 19:18;0;0
10-17-2010 19:19;28;0
10-17-2010 19:20;0;0
10-17-2010 19:21;59;0
10-17-2010 19:22;0;0
10-17-2010 19:23;32;0
10-17-2010 19:24;0;0
10-17-2010 19:25;0;0
10-17-2010 19:26;12;0
10-17-2010 19:27;0;0
10-17-2010 19:28;0;0
10-17-2010 19:29;0;0
10-17-2010 19:30;0;0
10-17-2010 19:31;0;0
10-17-2010 19:32;0;0
10-17-2010 19:33;0;0
10-17-2010 19:34;12;0
10-17-2010 19:35;3;0
10-17-2010 19:36;0;0
10-17-2010 19:37;0;0
10-17-2010 19:38;0;0
10-17-2010 19:39;0;0
10-17-2010 19:40;0;0
10-17-2010 19:41;0;0
10-17-2010 19:42;0;0
10-17-2010 19:43;0;0
10-17-2010 19:44;0;0
10-17-2010 19:45;16;0
10-17-2010 19:46;0;0
10-17-2010 19:47;0;0
10-17-2010 19:48;0;0
10-17-2010 19:49;0;0
10-17-2010 19:50;0;0
10-17-2010 19:51;0;0
10-17-2010 19:52;0;0
10-17-2010 19:53;0;0
10-17-2010 19:54;0;0
10-17-2010 19:55;0;0
10-17-2010 19:56;0;0
10-17-2010 19:57;0;0
10-17-2010 19:58;0;0
10-17-2010 19:59;0;0
10-17-2010 20:00;0;0
10-17-2010 20:01;0;0
10-17-2010 20:02;43;0
10-17-2010 20:03;7;0
10-17-2010 20:04;0;0
10-17-2010 20:05;0;0
10-17-2010 20:06;0;0
10-17-2010 20:07;0;0
10-17-2010 20:08;0;0
10-17-2010 20:09;0;0
10-17-2010 20:10;28;0
10-17-2010 20:11;0;0
10-17-2010 20:12;0;0
10-17-2010 20:13;0;0
10-17-2010 20:14;0;0
10-17-2010 20:15;0;0
10-17-2010 20:16;0;0
10-17-2010 20:17;0;0
10-17-2010 20:18;0;0
10-17-2010 20:19;0;0
10-17-2010 20:20;0;0
10-17-2010 20:21;0;0
10-17-2010 20:22;107;0
10-17-2010 20:23;13;0
10-17-2010 20:24;3;0
10-17-2010 20:25;0;0
10-17-2010 20:26;47;0
10-17-2010 20:27;241;0
10-17-2010 20:28;0;0
10-17-2010 20:29;0;0
10-17-2010 20:30;0;0
10-17-2010 20:31;0;0
10-17-2010 20:32;0;0
10-17-2010 20:33;0;0
10-17-2010 20:34;0;0
10-17-2010 20:35;0;0
10-17-2010 20:36;0;0
10-17-2010 20:37;0;0
10-17-2010 20:38;0;0
10-17-2010 20:39;0;0
10-17-2010 20:40;0;0
10-17-2010 20:41;0;0
10-17-2010 20:42;0;0
10-17-2010 20:43;0;0
10-17-2010 20:44;0;0
10-17-2010 20:45;0;0
10-17-2010 20:46;0;0
10-17-2010 20:47;0;0
10-17-2010 20:48;0;0
10-17-2010 20:49;0;0
10-17-2010 20:50;0;0
10-17-2010 20:51;0;0
10-17-2010 20:52;0;0
10-17-2010 20:53;0;0
10-17-2010 20:54;0;0
10-17-2010 20:55;0;0
10-17-2010 20:56;0;0
10-17-2010 20:57;0;0
10-17-2010 20:58;16;0
10-17-2010 20:59;0;0
10-17-2010 21:00;0;0
10-17-2010 21:01;0;0
10-17-2010 21:02;0;0
10-17-2010 21:03;0;0
10-17-2010 21:04;0;0
10-17-2010 21:05;0;0
10-17-2010 21:06;0;0
10-17-2010 21:07;0;0
10-17-2010 21:08;0;0
10-17-2010 21:09;0;0
10-17-2010 21:10;0;0
10-17-2010 21:11;0;0
10-17-2010 21:12;0;0
10-17-2010 21:13;0;0
10-17-2010 21:14;0;0
10-17-2010 21:15;0;0
10-17-2010 21:16;0;0
10-17-2010 21:17;0;0
10-17-2010 21:18;0;0
10-17-2010 21:19;0;0
10-17-2010 21:20;0;0
10-17-2010 21:21;0;0
10-17-2010 21:22;0;0
10-17-2010 21:23;0;0
10-17-2010 21:24;0;0
10-17-2010 21:25;0;0
10-17-2010 21:26;0;0
10-17-2010 21:27;0;0
10-17-2010 21:28;0;0
10-17-2010 21:29;0;0
10-17-2010 21:30;0;0
10-17-2010 21:31;0;0
10-17-2010 21:32;0;0
10-17-2010 21:33;0;0
10-17-2010 21:34;0;0
10-17-2010 21:35;0;0
10-17-2010 21:36;41;0
10-17-2010 21:37;453;0
10-17-2010 21:38;99;0
10-17-2010 21:39;50;0
10-17-2010 21:40;624;0
10-17-2010 21:41;483;0
10-17-2010 21:42;424;0
10-17-2010 21:43;372;0
10-17-2010 21:44;4;0
10-17-2010 21:45;0;0
10-17-2010 21:46;0;0
10-17-2010 21:47;12;0
10-17-2010 21:48;0;0
10-17-2010 21:49;0;0
10-17-2010 21:50;0;0
10-17-2010 21:51;0;0
10-17-2010 21:52;82;0
10-17-2010 21:53;0;0
10-17-2010 21:54;0;0
10-17-2010 21:55;24;0
10-17-2010 21:56;0;0
10-17-2010 21:57;0;0
10-17-2010 21:58;0;0
10-17-2010 21:59;0;0
10-17-2010 22:00;0;0
10-17-2010 22:01;0;0
10-17-2010 22:02;0;0
10-17-2010 22:03;0;0
10-17-2010 22:04;0;0
10-17-2010 22:05;0;0
10-17-2010 22:06;32;0
10-17-2010 22:07;0;0
10-17-2010 22:08;0;0
10-17-2010 22:09;0;0
10-17-2010 22:10;134;0
10-17-2010 22:11;0;0
10-17-2010 22:12;190;0
10-17-2010 22:13;3;0
10-17-2010 22:14;3;0
10-17-2010 22:15;29;0
10-17-2010 22:16;71;0
10-17-2010 22:17;0;0
10-17-2010 22:18;9;0
10-17-2010 22:19;0;0
10-17-2010 22:20;0;0
10-17-2010 22:21;0;0
10-17-2010 22:22;6;0
10-17-2010 22:23;9;0
10-17-2010 22:24;25;0
10-17-2010 22:25;0;0
10-17-2010 22:26;0;0
10-17-2010 22:27;3;0
10-17-2010 22:28;0;0
10-17-2010 22:29;0;0
10-17-2010 22:30;0;0
10-17-2010 22:31;74;0
10-17-2010 22:32;12;0
10-17-2010 22:33;0;0
10-17-2010 22:34;26;0
10-17-2010 22:35;29;0
10-17-2010 22:36;9;0
10-17-2010 22:37;0;0
10-17-2010 22:38;3;0
10-17-2010 22:39;0;0
10-17-2010 22:40;0;0
10-17-2010 22:41;0;0
10-17-2010 22:42;3;0
10-17-2010 22:43;0;0
10-17-2010 22:44;37;0
10-17-2010 22:45;26;0
10-17-2010 22:46;0;0
10-17-2010 22:47;0;0
10-17-2010 22:48;0;0
10-17-2010 22:49;0;0
10-17-2010 22:50;0;0
10-17-2010 22:51;0;0
10-17-2010 22:52;0;0
10-17-2010 22:53;0;0
10-17-2010 22:54;41;0
10-17-2010 22:55;0;0
10-17-2010 22:56;0;0
10-17-2010 22:57;0;0
10-17-2010 22:58;53;0
10-17-2010 22:59;0;0
10-17-2010 23:00;0;0
10-17-2010 23:01;0;0
10-17-2010 23:02;0;0
10-17-2010 23:03;0;0
10-17-2010 23:04;0;0
10-17-2010 23:05;0;0
10-17-2010 23:06;184;0
10-17-2010 23:07;756;1
10-17-2010 23:08;424;0
10-17-2010 23:09;665;1
10-17-2010 23:10;687;1
10-17-2010 23:11;468;0
10-17-2010 23:12;1217;1
10-17-2010 23:13;1295;1
10-17-2010 23:14;1295;1
10-17-2010 23:15;665;1
10-17-2010 23:16;915;1
10-17-2010 23:17;1142;1
10-17-2010 23:18;1106;1
10-17-2010 23:19;806;1
10-17-2010 23:20;410;0
10-17-2010 23:21;129;0
10-17-2010 23:22;50;0
10-17-2010 23:23;515;0
10-17-2010 23:24;360;0
10-17-2010 23:25;438;0
10-17-2010 23:26;116;0
10-17-2010 23:27;71;0
10-17-2010 23:28;103;0
10-17-2010 23:29;499;0
10-17-2010 23:30;285;0
10-17-2010 23:31;212;0
10-17-2010 23:32;50;0
10-17-2010 23:33;0;0
10-17-2010 23:34;0;0
10-17-2010 23:35;25;0
10-17-2010 23:36;0;0
10-17-2010 23:37;38;0
10-17-2010 23:38;0;0
10-17-2010 23:39;0;0
10-17-2010 23:40;0;0
10-17-2010 23:41;0;0
10-17-2010 23:42;38;0
10-17-2010 23:43;25;0
10-17-2010 23:44;0;0
10-17-2010 23:45;0;0
10-17-2010 23:46;0;0
10-17-2010 23:47;0;0
10-17-2010 23:48;0;0
10-17-2010 23:49;0;0
10-17-2010 23:50;0;0
10-17-2010 23:51;38;0
10-17-2010 23:52;4;0
10-17-2010 23:53;59;0
10-17-2010 23:54;0;0
10-17-2010 23:55;0;0
10-17-2010 23:56;0;0
10-17-2010 23:57;0;0
10-17-2010 23:58;227;0
10-17-2010 23:59;0;0
10-18-2010 00:00;0;0
10-18-2010 00:01;0;0
10-18-2010 00:02;116;0
10-18-2010 00:03;85;0
10-18-2010 00:04;0;0
10-18-2010 00:05;0;0
10-18-2010 00:06;0;0
10-18-2010 00:07;32;0
10-18-2010 00:08;16;0
10-18-2010 00:09;149;0
10-18-2010 00:10;566;0
10-18-2010 00:11;0;0
10-18-2010 00:12;0;0
10-18-2010 00:13;10;0
10-18-2010 00:14;0;0
10-18-2010 00:15;0;0
10-18-2010 00:16;0;0
10-18-2010 00:17;0;0
10-18-2010 00:18;0;0
10-18-2010 00:19;0;0
10-18-2010 00:20;40;0
10-18-2010 00:21;0;0
10-18-2010 00:22;0;0
10-18-2010 00:23;0;0
10-18-2010 00:24;0;0
10-18-2010 00:25;234;0
10-18-2010 00:26;35;0
10-18-2010 00:27;172;0
10-18-2010 00:28;0;0
10-18-2010 00:29;0;0
10-18-2010 00:30;0;0
10-18-2010 00:31;0;0
10-18-2010 00:32;0;0
10-18-2010 00:33;0;0
10-18-2010 00:34;0;0
10-18-2010 00:35;0;0
10-18-2010 00:36;0;0
10-18-2010 00:37;0;0
10-18-2010 00:38;0;0
10-18-2010 00:39;0;0
10-18-2010 00:40;0;0
10-18-2010 00:41;0;0
10-18-2010 00:42;0;0
10-18-2010 00:43;0;0
10-18-2010 00:44;0;0
10-18-2010 00:45;0;0
10-18-2010 00:46;0;0
10-18-2010 00:47;0;0
10-18-2010 00:48;0;0
10-18-2010 00:49;0;0
10-18-2010 00:50;0;0
10-18-2010 00:51;0;0
10-18-2010 00:52;0;0
10-18-2010 00:53;0;0
10-18-2010 00:54;0;0
10-18-2010 00:55;0;0
10-18-2010 00:56;0;0
10-18-2010 00:57;0;0
10-18-2010 00:58;0;0
10-18-2010 00:59;0;0
10-18-2010 01:00;0;0
10-18-2010 01:01;0;0
10-18-2010 01:02;0;0
10-18-2010 01:03;0;0
10-18-2010 01:04;0;0
10-18-2010 01:05;0;0
10-18-2010 01:06;0;0
10-18-2010 01:07;0;0
10-18-2010 01:08;0;0
10-18-2010 01:09;0;0
10-18-2010 01:10;0;0
10-18-2010 01:11;0;0
10-18-2010 01:12;0;0
10-18-2010 01:13;28;0
10-18-2010 01:14;0;0
10-18-2010 01:15;0;0
10-18-2010 01:16;0;0
10-18-2010 01:17;0;0
10-18-2010 01:18;77;0
10-18-2010 01:19;0;0
10-18-2010 01:20;0;0
10-18-2010 01:21;0;0
10-18-2010 01:22;0;0
10-18-2010 01:23;0;0
10-18-2010 01:24;227;0
10-18-2010 01:25;0;0
10-18-2010 01:26;0;0
10-18-2010 01:27;0;0
10-18-2010 01:28;0;0
10-18-2010 01:29;0;0
10-18-2010 01:30;0;0
10-18-2010 01:31;0;0
10-18-2010 01:32;0;0
10-18-2010 01:33;29;0
10-18-2010 01:34;0;0
10-18-2010 01:35;0;0
10-18-2010 01:36;0;0
10-18-2010 01:37;0;0
10-18-2010 01:38;0;0
10-18-2010 01:39;0;0
10-18-2010 01:40;0;0
10-18-2010 01:41;0;0
10-18-2010 01:42;18;0
10-18-2010 01:43;0;0
10-18-2010 01:44;0;0
10-18-2010 01:45;0;0
10-18-2010 01:46;0;0
10-18-2010 01:47;0;0
10-18-2010 01:48;0;0
10-18-2010 01:49;0;0
10-18-2010 01:50;0;0
10-18-2010 01:51;0;0
10-18-2010 01:52;0;0
10-18-2010 01:53;0;0
10-18-2010 01:54;0;0
10-18-2010 01:55;47;0
10-18-2010 01:56;0;0
10-18-2010 01:57;0;0
10-18-2010 01:58;0;0
10-18-2010 01:59;0;0
10-18-2010 02:00;0;0
10-18-2010 02:01;0;0
10-18-2010 02:02;0;0
10-18-2010 02:03;0;0
10-18-2010 02:04;0;0
10-18-2010 02:05;0;0
10-18-2010 02:06;0;0
10-18-2010 02:07;0;0
10-18-2010 02:08;0;0
10-18-2010 02:09;0;0
10-18-2010 02:10;0;0
10-18-2010 02:11;0;0
10-18-2010 02:12;0;0
10-18-2010 02:13;0;0
10-18-2010 02:14;0;0
10-18-2010 02:15;0;0
10-18-2010 02:16;0;0
10-18-2010 02:17;0;0
10-18-2010 02:18;0;0
10-18-2010 02:19;0;0
10-18-2010 02:20;0;0
10-18-2010 02:21;0;0
10-18-2010 02:22;0;0
10-18-2010 02:23;0;0
10-18-2010 02:24;0;0
10-18-2010 02:25;0;0
10-18-2010 02:26;0;0
10-18-2010 02:27;0;0
10-18-2010 02:28;0;0
10-18-2010 02:29;0;0
10-18-2010 02:30;0;0
10-18-2010 02:31;0;0
10-18-2010 02:32;0;0
10-18-2010 02:33;0;0
10-18-2010 02:34;0;0
10-18-2010 02:35;112;0
10-18-2010 02:36;16;0
10-18-2010 02:37;0;0
10-18-2010 02:38;0;0
10-18-2010 02:39;0;0
10-18-2010 02:40;0;0
10-18-2010 02:41;0;0
10-18-2010 02:42;0;0
10-18-2010 02:43;0;0
10-18-2010 02:44;0;0
10-18-2010 02:45;0;0
10-18-2010 02:46;0;0
10-18-2010 02:47;0;0
10-18-2010 02:48;0;0
10-18-2010 02:49;0;0
10-18-2010 02:50;0;0
10-18-2010 02:51;0;0
10-18-2010 02:52;0;0
10-18-2010 02:53;0;0
10-18-2010 02:54;0;0
10-18-2010 02:55;0;0
10-18-2010 02:56;0;0
10-18-2010 02:57;0;0
10-18-2010 02:58;0;0
10-18-2010 02:59;0;0
10-18-2010 03:00;0;0
10-18-2010 03:01;0;0
10-18-2010 03:02;0;0
10-18-2010 03:03;0;0
10-18-2010 03:04;0;0
10-18-2010 03:05;0;0
10-18-2010 03:06;0;0
10-18-2010 03:07;0;0
10-18-2010 03:08;0;0
10-18-2010 03:09;0;0
10-18-2010 03:10;0;0
10-18-2010 03:11;0;0
10-18-2010 03:12;0;0
10-18-2010 03:13;0;0
10-18-2010 03:14;0;0
10-18-2010 03:15;0;0
10-18-2010 03:16;0;0
10-18-2010 03:17;0;0
10-18-2010 03:18;0;0
10-18-2010 03:19;0;0
10-18-2010 03:20;0;0
10-18-2010 03:21;0;0
10-18-2010 03:22;0;0
10-18-2010 03:23;116;0
10-18-2010 03:24;605;0
10-18-2010 03:25;0;0
10-18-2010 03:26;0;0
10-18-2010 03:27;0;0
10-18-2010 03:28;0;0
10-18-2010 03:29;0;0
10-18-2010 03:30;0;0
10-18-2010 03:31;0;0
10-18-2010 03:32;0;0
10-18-2010 03:33;0;0
10-18-2010 03:34;0;0
10-18-2010 03:35;0;0
10-18-2010 03:36;134;0
10-18-2010 03:37;0;0
10-18-2010 03:38;0;0
10-18-2010 03:39;0;0
10-18-2010 03:40;0;0
10-18-2010 03:41;190;0
10-18-2010 03:42;26;0
10-18-2010 03:43;15;0
10-18-2010 03:44;29;0
10-18-2010 03:45;40;0
10-18-2010 03:46;0;0
10-18-2010 03:47;0;0
10-18-2010 03:48;0;0
10-18-2010 03:49;0;0
10-18-2010 03:50;0;0
10-18-2010 03:51;0;0
10-18-2010 03:52;0;0
10-18-2010 03:53;0;0
10-18-2010 03:54;0;0
10-18-2010 03:55;0;0
10-18-2010 03:56;0;0
10-18-2010 03:57;0;0
10-18-2010 03:58;0;0
10-18-2010 03:59;0;0
10-18-2010 04:00;0;0
10-18-2010 04:01;0;0
10-18-2010 04:02;0;0
10-18-2010 04:03;0;0
10-18-2010 04:04;0;0
10-18-2010 04:05;0;0
10-18-2010 04:06;0;0
10-18-2010 04:07;77;0
10-18-2010 04:08;0;0
10-18-2010 04:09;50;0
10-18-2010 04:10;197;0
10-18-2010 04:11;0;0
10-18-2010 04:12;0;0
10-18-2010 04:13;0;0
10-18-2010 04:14;0;0
10-18-2010 04:15;0;0
10-18-2010 04:16;0;0
10-18-2010 04:17;0;0
10-18-2010 04:18;0;0
10-18-2010 04:19;0;0
10-18-2010 04:20;0;0
10-18-2010 04:21;0;0
10-18-2010 04:22;0;0
10-18-2010 04:23;0;0
10-18-2010 04:24;77;0
10-18-2010 04:25;259;0
10-18-2010 04:26;0;0
10-18-2010 04:27;285;0
10-18-2010 04:28;0;0
10-18-2010 04:29;0;0
10-18-2010 04:30;0;0
10-18-2010 04:31;0;0
10-18-2010 04:32;0;0
10-18-2010 04:33;0;0
10-18-2010 04:34;0;0
10-18-2010 04:35;0;0
10-18-2010 04:36;0;0
10-18-2010 04:37;0;0
10-18-2010 04:38;0;0
10-18-2010 04:39;0;0
10-18-2010 04:40;0;0
10-18-2010 04:41;0;0
10-18-2010 04:42;0;0
10-18-2010 04:43;0;0
10-18-2010 04:44;0;0
10-18-2010 04:45;0;0
10-18-2010 04:46;0;0
10-18-2010 04:47;0;0
10-18-2010 04:48;0;0
10-18-2010 04:49;0;0
10-18-2010 04:50;0;0
10-18-2010 04:51;0;0
10-18-2010 04:52;0;0
10-18-2010 04:53;0;0
10-18-2010 04:54;0;0
10-18-2010 04:55;0;0
10-18-2010 04:56;0;0
10-18-2010 04:57;0;0
10-18-2010 04:58;0;0
10-18-2010 04:59;0;0
10-18-2010 05:00;0;0
10-18-2010 05:01;0;0
10-18-2010 05:02;0;0
10-18-2010 05:03;0;0
10-18-2010 05:04;0;0
10-18-2010 05:05;0;0
10-18-2010 05:06;0;0
10-18-2010 05:07;6;0
10-18-2010 05:08;149;0
10-18-2010 05:09;13;0
10-18-2010 05:10;19;0
10-18-2010 05:11;0;0
10-18-2010 05:12;4;0
10-18-2010 05:13;0;0
10-18-2010 05:14;0;0
10-18-2010 05:15;0;0
10-18-2010 05:16;0;0
10-18-2010 05:17;0;0
10-18-2010 05:18;0;0
10-18-2010 05:19;0;0
10-18-2010 05:20;0;0
10-18-2010 05:21;0;0
10-18-2010 05:22;0;0
10-18-2010 05:23;0;0
10-18-2010 05:24;0;0
10-18-2010 05:25;0;0
10-18-2010 05:26;0;0
10-18-2010 05:27;0;0
10-18-2010 05:28;0;0
10-18-2010 05:29;0;0
10-18-2010 05:30;47;0
10-18-2010 05:31;0;0
10-18-2010 05:32;0;0
10-18-2010 05:33;0;0
10-18-2010 05:34;0;0
10-18-2010 05:35;0;0
10-18-2010 05:36;0;0
10-18-2010 05:37;0;0
10-18-2010 05:38;0;0
10-18-2010 05:39;0;0
10-18-2010 05:40;0;0
10-18-2010 05:41;0;0
10-18-2010 05:42;0;0
10-18-2010 05:43;0;0
10-18-2010 05:44;7;0
10-18-2010 05:45;0;0
10-18-2010 05:46;0;0
10-18-2010 05:47;3;0
10-18-2010 05:48;0;0
10-18-2010 05:49;13;0
10-18-2010 05:50;10;0
10-18-2010 05:51;0;0
10-18-2010 05:52;112;0
10-18-2010 05:53;0;0
10-18-2010 05:54;0;0
10-18-2010 05:55;0;0
10-18-2010 05:56;0;0
10-18-2010 05:57;0;0
10-18-2010 05:58;50;0
10-18-2010 05:59;0;0
10-18-2010 06:00;0;0
10-18-2010 06:01;29;0
10-18-2010 06:02;0;0
10-18-2010 06:03;0;0
10-18-2010 06:04;0;0
10-18-2010 06:05;0;0
10-18-2010 06:06;0;0
10-18-2010 06:07;0;0
10-18-2010 06:08;0;0
10-18-2010 06:09;0;0
10-18-2010 06:10;0;0
10-18-2010 06:11;0;0
10-18-2010 06:12;0;0
10-18-2010 06:13;227;0
10-18-2010 06:14;0;0
10-18-2010 06:15;46;0
10-18-2010 06:16;0;0
10-18-2010 06:17;9;0
10-18-2010 06:18;0;0
10-18-2010 06:19;0;0
10-18-2010 06:20;0;0
10-18-2010 06:21;0;0
10-18-2010 06:22;0;0
10-18-2010 06:23;0;0
10-18-2010 06:24;0;0
10-18-2010 06:25;0;0
10-18-2010 06:26;62;0
10-18-2010 06:27;0;0
10-18-2010 06:28;0;0
10-18-2010 06:29;0;0
10-18-2010 06:30;0;0
10-18-2010 06:31;65;0
10-18-2010 06:32;0;0
10-18-2010 06:33;0;0
10-18-2010 06:34;0;0
10-18-2010 06:35;0;0
10-18-2010 06:36;0;0
10-18-2010 06:37;0;0
10-18-2010 06:38;0;0
10-18-2010 06:39;0;0
10-18-2010 06:40;0;0
10-18-2010 06:41;0;0
10-18-2010 06:42;0;0
10-18-2010 06:43;0;0
10-18-2010 06:44;59;0
10-18-2010 06:45;268;0
10-18-2010 06:46;0;0
10-18-2010 06:47;0;0
10-18-2010 06:48;4;0
10-18-2010 06:49;0;0
10-18-2010 06:50;0;0
10-18-2010 06:51;0;0
10-18-2010 06:52;0;0
10-18-2010 06:53;0;0
10-18-2010 06:54;0;0
10-18-2010 06:55;0;0
10-18-2010 06:56;0;0
10-18-2010 06:57;0;0
10-18-2010 06:58;0;0
10-18-2010 06:59;0;0
10-18-2010 07:00;0;0
10-18-2010 07:01;0;0
10-18-2010 07:02;0;0
10-18-2010 07:03;0;0
10-18-2010 07:04;0;0
10-18-2010 07:05;91;0
10-18-2010 07:06;0;0
10-18-2010 07:07;0;0
10-18-2010 07:08;205;0
10-18-2010 07:09;0;0
10-18-2010 07:10;0;0
10-18-2010 07:11;0;0
10-18-2010 07:12;0;0
10-18-2010 07:13;3;0
10-18-2010 07:14;0;0
10-18-2010 07:15;38;0
10-18-2010 07:16;0;0
10-18-2010 07:17;26;0
10-18-2010 07:18;0;0
10-18-2010 07:19;3;0
10-18-2010 07:20;3;0
10-18-2010 07:21;0;0
10-18-2010 07:22;0;0
10-18-2010 07:23;0;0
10-18-2010 07:24;0;0
10-18-2010 07:25;0;0
10-18-2010 07:26;0;0
10-18-2010 07:27;0;0
10-18-2010 07:28;0;0
10-18-2010 07:29;0;0
10-18-2010 07:30;0;0
10-18-2010 07:31;337;0
10-18-2010 07:32;0;0
10-18-2010 07:33;0;0
10-18-2010 07:34;0;0
10-18-2010 07:35;0;0
10-18-2010 07:36;0;0
10-18-2010 07:37;0;0
10-18-2010 07:38;0;0
10-18-2010 07:39;0;0
10-18-2010 07:40;0;0
10-18-2010 07:41;0;0
10-18-2010 07:42;50;0
10-18-2010 07:43;0;0
10-18-2010 07:44;0;0
10-18-2010 07:45;0;0
10-18-2010 07:46;0;0
10-18-2010 07:47;0;0
10-18-2010 07:48;0;0
10-18-2010 07:49;0;0
10-18-2010 07:50;65;0
10-18-2010 07:51;91;0
10-18-2010 07:52;0;0
10-18-2010 07:53;0;0
10-18-2010 07:54;0;0
10-18-2010 07:55;0;0
10-18-2010 07:56;0;0
10-18-2010 07:57;0;0
10-18-2010 07:58;0;0
10-18-2010 07:59;77;0
10-18-2010 08:00;74;0
10-18-2010 08:01;0;0
10-18-2010 08:02;0;0
10-18-2010 08:03;0;0
10-18-2010 08:04;0;0
10-18-2010 08:05;16;0
10-18-2010 08:06;0;0
10-18-2010 08:07;0;0
10-18-2010 08:08;0;0
10-18-2010 08:09;0;0
10-18-2010 08:10;62;0
10-18-2010 08:11;0;0
10-18-2010 08:12;0;0
10-18-2010 08:13;21;0
10-18-2010 08:14;0;0
10-18-2010 08:15;483;0
10-18-2010 08:16;0;0
10-18-2010 08:17;0;0
10-18-2010 08:18;21;0
10-18-2010 08:19;0;0
10-18-2010 08:20;59;0
10-18-2010 08:21;13;0
10-18-2010 08:22;0;0
10-18-2010 08:23;0;0
10-18-2010 08:24;0;0
10-18-2010 08:25;0;0
10-18-2010 08:26;62;0
10-18-2010 08:27;0;0
10-18-2010 08:28;7;0
10-18-2010 08:29;24;0
10-18-2010 08:30;0;0
10-18-2010 08:31;0;0
10-18-2010 08:32;0;0
10-18-2010 08:33;0;0
10-18-2010 08:34;0;0
10-18-2010 08:35;0;0
10-18-2010 08:36;50;0
10-18-2010 08:37;0;0
10-18-2010 08:38;0;0
10-18-2010 08:39;0;0
10-18-2010 08:40;0;0
10-18-2010 08:41;0;0
10-18-2010 08:42;0;0
10-18-2010 08:43;0;0
10-18-2010 08:44;0;0
10-18-2010 08:45;0;0
10-18-2010 08:46;50;0
10-18-2010 08:47;0;0
10-18-2010 08:48;0;0
10-18-2010 08:49;3;0
10-18-2010 08:50;0;0
10-18-2010 08:51;0;0
10-18-2010 08:52;337;0
10-18-2010 08:53;586;0
10-18-2010 08:54;0;0
10-18-2010 08:55;0;0
10-18-2010 08:56;0;0
10-18-2010 08:57;0;0
10-18-2010 08:58;0;0
10-18-2010 08:59;0;0
10-18-2010 09:00;0;0
10-18-2010 09:01;3;0
10-18-2010 09:02;0;0
10-18-2010 09:03;0;0
10-18-2010 09:04;0;0
10-18-2010 09:05;0;0
10-18-2010 09:06;0;0
10-18-2010 09:07;0;0
10-18-2010 09:08;0;0
10-18-2010 09:09;0;0
10-18-2010 09:10;103;0
10-18-2010 09:11;3;0
10-18-2010 09:12;0;0
10-18-2010 09:13;3;0
10-18-2010 09:14;0;0
10-18-2010 09:15;3;0
10-18-2010 09:16;0;0
10-18-2010 09:17;116;0
10-18-2010 09:18;360;0
10-18-2010 09:19;3;0
10-18-2010 09:20;0;0
10-18-2010 09:21;0;0
10-18-2010 09:22;0;0
10-18-2010 09:23;0;0
10-18-2010 09:24;0;0
10-18-2010 09:25;0;0
10-18-2010 09:26;0;0
10-18-2010 09:27;0;0
10-18-2010 09:28;0;0
10-18-2010 09:29;0;0
10-18-2010 09:30;0;0
10-18-2010 09:31;0;0
10-18-2010 09:32;0;0
10-18-2010 09:33;44;0
10-18-2010 09:34;205;0
10-18-2010 09:35;0;0
10-18-2010 09:36;0;0
10-18-2010 09:37;0;0
10-18-2010 09:38;0;0
10-18-2010 09:39;0;0
10-18-2010 09:40;0;0
10-18-2010 09:41;0;0
10-18-2010 09:42;0;0
10-18-2010 09:43;0;0
10-18-2010 09:44;0;0
10-18-2010 09:45;0;0
10-18-2010 09:46;0;0
10-18-2010 09:47;0;0
10-18-2010 09:48;0;0
10-18-2010 09:49;0;0
10-18-2010 09:50;134;0
10-18-2010 09:51;0;0
10-18-2010 09:52;0;0
10-18-2010 09:53;0;0
10-18-2010 09:54;0;0
10-18-2010 09:55;259;0
10-18-2010 09:56;0;0
10-18-2010 09:57;0;0
10-18-2010 09:58;0;0
10-18-2010 09:59;0;0
10-18-2010 10:00;0;0
10-18-2010 10:01;306;0
10-18-2010 10:02;0;0
10-18-2010 10:03;384;0
10-18-2010 10:04;499;0
10-18-2010 10:05;0;0
10-18-2010 10:06;0;0
10-18-2010 10:07;0;0
10-18-2010 10:08;0;0
10-18-2010 10:09;0;0
10-18-2010 10:10;0;0
10-18-2010 10:11;0;0
10-18-2010 10:12;0;0
10-18-2010 10:13;0;0
10-18-2010 10:14;0;0
10-18-2010 10:15;0;0
10-18-2010 10:16;0;0
10-18-2010 10:17;0;0
10-18-2010 10:18;0;0
10-18-2010 10:19;0;0
10-18-2010 10:20;47;0
10-18-2010 10:21;13;0
10-18-2010 10:22;0;0
10-18-2010 10:23;665;1
10-18-2010 10:24;234;0
10-18-2010 10:25;250;0
10-18-2010 10:26;424;0
10-18-2010 10:27;515;0
10-18-2010 10:28;24;0
10-18-2010 10:29;0;0
10-18-2010 10:30;0;0
10-18-2010 10:31;0;0
10-18-2010 10:32;0;0
10-18-2010 10:33;0;0
10-18-2010 10:34;0;0
10-18-2010 10:35;0;0
10-18-2010 10:36;7;0
10-18-2010 10:37;0;0
10-18-2010 10:38;0;0
10-18-2010 10:39;0;0
10-18-2010 10:40;4;0
10-18-2010 10:41;121;0
10-18-2010 10:42;0;0
10-18-2010 10:43;160;0
10-18-2010 10:44;77;0
10-18-2010 10:45;0;0
10-18-2010 10:46;9;0
10-18-2010 10:47;605;0
10-18-2010 10:48;91;0
10-18-2010 10:49;372;0
10-18-2010 10:50;296;0
10-18-2010 10:51;59;0
10-18-2010 10:52;0;0
10-18-2010 10:53;0;0
10-18-2010 10:54;0;0
10-18-2010 10:55;0;0
10-18-2010 10:56;59;0
10-18-2010 10:57;0;0
10-18-2010 10:58;112;0
10-18-2010 10:59;0;0
10-18-2010 11:00;0;0
10-18-2010 11:01;0;0
10-18-2010 11:02;74;0
10-18-2010 11:03;43;0
10-18-2010 11:04;4;0
10-18-2010 11:05;99;0
10-18-2010 11:06;859;1
10-18-2010 11:07;687;1
10-18-2010 11:08;1423;1
10-18-2010 11:09;806;1
10-18-2010 11:10;1255;1
10-18-2010 11:11;1773;1
10-18-2010 11:12;1718;1
10-18-2010 11:13;945;1
10-18-2010 11:14;806;1
10-18-2010 11:15;586;0
10-18-2010 11:16;241;0
10-18-2010 11:17;531;0
10-18-2010 11:18;499;0
10-18-2010 11:19;250;0
10-18-2010 11:20;234;0
10-18-2010 11:21;327;0
10-18-2010 11:22;227;0
10-18-2010 11:23;250;0
10-18-2010 11:24;129;0
10-18-2010 11:25;121;0
10-18-2010 11:26;143;0
10-18-2010 11:27;149;0
10-18-2010 11:28;121;0
10-18-2010 11:29;138;0
10-18-2010 11:30;46;0
10-18-2010 11:31;915;1
10-18-2010 11:32;234;0
10-18-2010 11:33;112;0
10-18-2010 11:34;56;0
10-18-2010 11:35;62;0
10-18-2010 11:36;65;0
10-18-2010 11:37;116;0
10-18-2010 11:38;121;0
10-18-2010 11:39;116;0
10-18-2010 11:40;178;0
10-18-2010 11:41;143;0
10-18-2010 11:42;397;0
10-18-2010 11:43;241;0
10-18-2010 11:44;68;0
10-18-2010 11:45;160;0
10-18-2010 11:46;410;0
10-18-2010 11:47;384;0
10-18-2010 11:48;549;0
10-18-2010 11:49;296;0
10-18-2010 11:50;212;0
10-18-2010 11:51;424;0
10-18-2010 11:52;515;0
10-18-2010 11:53;250;0
10-18-2010 11:54;605;0
10-18-2010 11:55;296;0
10-18-2010 11:56;566;0
10-18-2010 11:57;453;0
10-18-2010 11:58;483;0
10-18-2010 11:59;306;0
10-18-2010 12:00;285;0
10-18-2010 12:01;32;0
10-18-2010 12:02;250;0
10-18-2010 12:03;327;0
10-18-2010 12:04;197;0
10-18-2010 12:05;424;0
10-18-2010 12:06;549;0
10-18-2010 12:07;306;0
10-18-2010 12:08;709;1
10-18-2010 12:09;250;0
10-18-2010 12:10;644;0
10-18-2010 12:11;397;0
10-18-2010 12:12;68;0
10-18-2010 12:13;129;0
10-18-2010 12:14;499;0
10-18-2010 12:15;74;0
10-18-2010 12:16;665;1
10-18-2010 12:17;316;0
10-18-2010 12:18;41;0
10-18-2010 12:19;107;0
10-18-2010 12:20;82;0
10-18-2010 12:21;178;0
10-18-2010 12:22;65;0
10-18-2010 12:23;53;0
10-18-2010 12:24;107;0
10-18-2010 12:25;112;0
10-18-2010 12:26;77;0
10-18-2010 12:27;34;0
10-18-2010 12:28;21;0
10-18-2010 12:29;43;0
10-18-2010 12:30;337;0
10-18-2010 12:31;515;0
10-18-2010 12:32;149;0
10-18-2010 12:33;296;0
10-18-2010 12:34;549;0
10-18-2010 12:35;43;0
10-18-2010 12:36;316;0
10-18-2010 12:37;372;0
10-18-2010 12:38;605;0
10-18-2010 12:39;296;0
10-18-2010 12:40;44;0
10-18-2010 12:41;25;0
10-18-2010 12:42;112;0
10-18-2010 12:43;219;0
10-18-2010 12:44;21;0
10-18-2010 12:45;21;0
10-18-2010 12:46;18;0
10-18-2010 12:47;22;0
10-18-2010 12:48;129;0
10-18-2010 12:49;50;0
10-18-2010 12:50;10;0
10-18-2010 12:51;71;0
10-18-2010 12:52;24;0
10-18-2010 12:53;0;0
10-18-2010 12:54;0;0
10-18-2010 12:55;0;0
10-18-2010 12:56;166;0
10-18-2010 12:57;91;0
10-18-2010 12:58;74;0
10-18-2010 12:59;74;0
10-18-2010 13:00;29;0
10-18-2010 13:01;0;0
10-18-2010 13:02;0;0
10-18-2010 13:03;0;0
10-18-2010 13:04;337;0
10-18-2010 13:05;605;0
10-18-2010 13:06;154;0
10-18-2010 13:07;38;0
10-18-2010 13:08;160;0
10-18-2010 13:09;15;0
10-18-2010 13:10;397;0
10-18-2010 13:11;859;1
10-18-2010 13:12;410;0
10-18-2010 13:13;38;0
10-18-2010 13:14;306;0
10-18-2010 13:15;56;0
10-18-2010 13:16;134;0
10-18-2010 13:17;212;0
10-18-2010 13:18;107;0
10-18-2010 13:19;337;0
10-18-2010 13:20;82;0
10-18-2010 13:21;205;0
10-18-2010 13:22;129;0
10-18-2010 13:23;0;0
10-18-2010 13:24;129;0
10-18-2010 13:25;29;0
10-18-2010 13:26;29;0
10-18-2010 13:27;0;0
10-18-2010 13:28;3;0
10-18-2010 13:29;47;0
10-18-2010 13:30;13;0
10-18-2010 13:31;37;0
10-18-2010 13:32;121;0
10-18-2010 13:33;15;0
10-18-2010 13:34;4;0
10-18-2010 13:35;16;0
10-18-2010 13:36;94;0
10-18-2010 13:37;38;0
10-18-2010 13:38;0;0
10-18-2010 13:39;0;0
10-18-2010 13:40;53;0
10-18-2010 13:41;15;0
10-18-2010 13:42;13;0
10-18-2010 13:43;0;0
10-18-2010 13:44;0;0
10-18-2010 13:45;0;0
10-18-2010 13:46;0;0
10-18-2010 13:47;0;0
10-18-2010 13:48;0;0
10-18-2010 13:49;4;0
10-18-2010 13:50;0;0
10-18-2010 13:51;0;0
10-18-2010 13:52;0;0
10-18-2010 13:53;0;0
10-18-2010 13:54;0;0
10-18-2010 13:55;149;0
10-18-2010 13:56;277;0
10-18-2010 13:57;285;0
10-18-2010 13:58;468;0
10-18-2010 13:59;259;0
10-18-2010 14:00;16;0
10-18-2010 14:01;149;0
10-18-2010 14:02;241;0
10-18-2010 14:03;160;0
10-18-2010 14:04;15;0
10-18-2010 14:05;12;0
10-18-2010 14:06;12;0
10-18-2010 14:07;29;0
10-18-2010 14:08;190;0
10-18-2010 14:09;22;0
10-18-2010 14:10;74;0
10-18-2010 14:11;91;0
10-18-2010 14:12;112;0
10-18-2010 14:13;112;0
10-18-2010 14:14;21;0
10-18-2010 14:15;12;0
10-18-2010 14:16;143;0
10-18-2010 14:17;0;0
10-18-2010 14:18;116;0
10-18-2010 14:19;397;0
10-18-2010 14:20;499;0
10-18-2010 14:21;205;0
10-18-2010 14:22;234;0
10-18-2010 14:23;149;0
10-18-2010 14:24;166;0
10-18-2010 14:25;107;0
10-18-2010 14:26;234;0
10-18-2010 14:27;241;0
10-18-2010 14:28;453;0
10-18-2010 14:29;549;0
10-18-2010 14:30;1073;1
10-18-2010 14:31;1217;1
10-18-2010 14:32;1379;1
10-18-2010 14:33;1142;1
10-18-2010 14:34;549;0
10-18-2010 14:35;129;0
10-18-2010 14:36;665;1
10-18-2010 14:37;665;1
10-18-2010 14:38;296;0
10-18-2010 14:39;424;0
10-18-2010 14:40;1006;1
10-18-2010 14:41;1073;1
10-18-2010 14:42;1255;1
10-18-2010 14:43;1295;1
10-18-2010 14:44;1142;1
10-18-2010 14:45;410;0
10-18-2010 14:46;149;0
10-18-2010 14:47;337;0
10-18-2010 14:48;121;0
10-18-2010 14:49;129;0
10-18-2010 14:50;53;0
10-18-2010 14:51;103;0
10-18-2010 14:52;116;0
10-18-2010 14:53;190;0
10-18-2010 14:54;296;0
10-18-2010 14:55;1379;1
10-18-2010 14:56;1073;1
10-18-2010 14:57;1217;1
10-18-2010 14:58;1886;1
10-18-2010 14:59;1665;1
10-18-2010 15:00;1564;1
10-18-2010 15:01;1217;1
10-18-2010 15:02;1423;1
10-18-2010 15:03;515;0
10-18-2010 15:04;259;0
10-18-2010 15:05;178;0
10-18-2010 15:06;112;0
10-18-2010 15:07;178;0
10-18-2010 15:08;397;0
10-18-2010 15:09;205;0
10-18-2010 15:10;499;0
10-18-2010 15:11;483;0
10-18-2010 15:12;178;0
10-18-2010 15:13;121;0
10-18-2010 15:14;178;0
10-18-2010 15:15;190;0
10-18-2010 15:16;149;0
10-18-2010 15:17;384;0
10-18-2010 15:18;372;0
10-18-2010 15:19;259;0
10-18-2010 15:20;296;0
10-18-2010 15:21;154;0
10-18-2010 15:22;438;0
10-18-2010 15:23;143;0
10-18-2010 15:24;372;0
10-18-2010 15:25;285;0
10-18-2010 15:26;268;0
10-18-2010 15:27;234;0
10-18-2010 15:28;360;0
10-18-2010 15:29;410;0
10-18-2010 15:30;397;0
10-18-2010 15:31;107;0
10-18-2010 15:32;349;0
10-18-2010 15:33;531;0
10-18-2010 15:34;46;0
10-18-2010 15:35;6;0
10-18-2010 15:36;360;0
10-18-2010 15:37;172;0
10-18-2010 15:38;372;0
10-18-2010 15:39;91;0
10-18-2010 15:40;250;0
10-18-2010 15:41;85;0
10-18-2010 15:42;549;0
10-18-2010 15:43;3;0
10-18-2010 15:44;0;0
10-18-2010 15:45;18;0
10-18-2010 15:46;160;0
10-18-2010 15:47;116;0
10-18-2010 15:48;50;0
10-18-2010 15:49;250;0
10-18-2010 15:50;190;0
10-18-2010 15:51;74;0
10-18-2010 15:52;116;0
10-18-2010 15:53;349;0
10-18-2010 15:54;833;1
10-18-2010 15:55;975;1
10-18-2010 15:56;316;0
10-18-2010 15:57;277;0
10-18-2010 15:58;172;0
10-18-2010 15:59;94;0
10-18-2010 16:00;99;0
10-18-2010 16:01;68;0
10-18-2010 16:02;337;0
10-18-2010 16:03;40;0
10-18-2010 16:04;99;0
10-18-2010 16:05;277;0
10-18-2010 16:06;166;0
10-18-2010 16:07;129;0
10-18-2010 16:08;277;0
10-18-2010 16:09;241;0
10-18-2010 16:10;205;0
10-18-2010 16:11;94;0
10-18-2010 16:12;337;0
10-18-2010 16:13;197;0
10-18-2010 16:14;453;0
10-18-2010 16:15;0;0
10-18-2010 16:16;24;0
10-18-2010 16:17;79;0
10-18-2010 16:18;46;0
10-18-2010 16:19;37;0
10-18-2010 16:20;0;0
10-18-2010 16:21;0;0
10-18-2010 16:22;3;0
10-18-2010 16:23;18;0
10-18-2010 16:24;50;0
10-18-2010 16:25;24;0
10-18-2010 16:26;10;0
10-18-2010 16:27;85;0
10-18-2010 16:28;0;0
10-18-2010 16:29;13;0
10-18-2010 16:30;296;0
10-18-2010 16:31;94;0
10-18-2010 16:32;129;0
10-18-2010 16:33;88;0
10-18-2010 16:34;31;0
10-18-2010 16:35;53;0
10-18-2010 16:36;28;0
10-18-2010 16:37;219;0
10-18-2010 16:38;259;0
10-18-2010 16:39;125;0
10-18-2010 16:40;0;0
10-18-2010 16:41;0;0
10-18-2010 16:42;4;0
10-18-2010 16:43;35;0
10-18-2010 16:44;85;0
10-18-2010 16:45;0;0
10-18-2010 16:46;0;0
10-18-2010 16:47;25;0
10-18-2010 16:48;134;0
10-18-2010 16:49;129;0
10-18-2010 16:50;56;0
10-18-2010 16:51;154;0
10-18-2010 16:52;154;0
10-18-2010 16:53;7;0
10-18-2010 16:54;29;0
10-18-2010 16:55;25;0
10-18-2010 16:56;0;0
10-18-2010 16:57;13;0
10-18-2010 16:58;31;0
10-18-2010 16:59;91;0
10-18-2010 17:00;21;0
10-18-2010 17:01;0;0
10-18-2010 17:02;0;0
10-18-2010 17:03;0;0
10-18-2010 17:04;16;0
10-18-2010 17:05;483;0
10-18-2010 17:06;1006;1
10-18-2010 17:07;644;0
10-18-2010 17:08;6;0
10-18-2010 17:09;16;0
10-18-2010 17:10;781;1
10-18-2010 17:11;1106;1
10-18-2010 17:12;184;0
10-18-2010 17:13;644;0
10-18-2010 17:14;624;0
10-18-2010 17:15;806;1
10-18-2010 17:16;327;0
10-18-2010 17:17;360;0
10-18-2010 17:18;0;0
10-18-2010 17:19;0;0
10-18-2010 17:20;205;0
10-18-2010 17:21;1178;1
10-18-2010 17:22;1379;1
10-18-2010 17:23;1468;1
10-18-2010 17:24;1006;1
10-18-2010 17:25;644;0
10-18-2010 17:26;483;0
10-18-2010 17:27;46;0
10-18-2010 17:28;178;0
10-18-2010 17:29;624;0
10-18-2010 17:30;915;1
10-18-2010 17:31;424;0
10-18-2010 17:32;259;0
10-18-2010 17:33;306;0
10-18-2010 17:34;296;0
10-18-2010 17:35;915;1
10-18-2010 17:36;453;0
10-18-2010 17:37;586;0
10-18-2010 17:38;68;0
10-18-2010 17:39;82;0
10-18-2010 17:40;10;0
10-18-2010 17:41;121;0
10-18-2010 17:42;531;0
10-18-2010 17:43;531;0
10-18-2010 17:44;65;0
10-18-2010 17:45;13;0
10-18-2010 17:46;53;0
10-18-2010 17:47;47;0
10-18-2010 17:48;172;0
10-18-2010 17:49;212;0
10-18-2010 17:50;38;0
10-18-2010 17:51;285;0
10-18-2010 17:52;47;0
10-18-2010 17:53;306;0
10-18-2010 17:54;1829;1
10-18-2010 17:55;1255;1
10-18-2010 17:56;1379;1
10-18-2010 17:57;781;1
10-18-2010 17:58;1106;1
10-18-2010 17:59;1564;1
10-18-2010 18:00;1073;1
10-18-2010 18:01;1773;1
10-18-2010 18:02;1295;1
10-18-2010 18:03;1665;1
10-18-2010 18:04;605;0
10-18-2010 18:05;586;0
10-18-2010 18:06;384;0
10-18-2010 18:07;103;0
10-18-2010 18:08;172;0
10-18-2010 18:09;116;0
10-18-2010 18:10;26;0
10-18-2010 18:11;197;0
10-18-2010 18:12;65;0
10-18-2010 18:13;7;0
10-18-2010 18:14;0;0
10-18-2010 18:15;0;0
10-18-2010 18:16;53;0
10-18-2010 18:17;0;0
10-18-2010 18:18;0;0
10-18-2010 18:19;0;0
10-18-2010 18:20;0;0
10-18-2010 18:21;0;0
10-18-2010 18:22;0;0
10-18-2010 18:23;0;0
10-18-2010 18:24;0;0
10-18-2010 18:25;0;0
10-18-2010 18:26;0;0
10-18-2010 18:27;0;0
10-18-2010 18:28;0;0
10-18-2010 18:29;0;0
10-18-2010 18:30;0;0
10-18-2010 18:31;0;0
10-18-2010 18:32;0;0
10-18-2010 18:33;0;0
10-18-2010 18:34;0;0
10-18-2010 18:35;0;0
10-18-2010 18:36;0;0
10-18-2010 18:37;0;0
10-18-2010 18:38;0;0
10-18-2010 18:39;0;0
10-18-2010 18:40;0;0
10-18-2010 18:41;0;0
10-18-2010 18:42;0;0
10-18-2010 18:43;0;0
10-18-2010 18:44;0;0
10-18-2010 18:45;0;0
10-18-2010 18:46;0;0
10-18-2010 18:47;0;0
10-18-2010 18:48;0;0
10-18-2010 18:49;0;0
10-18-2010 18:50;0;0
10-18-2010 18:51;0;0
10-18-2010 18:52;0;0
10-18-2010 18:53;0;0
10-18-2010 18:54;0;0
10-18-2010 18:55;0;0
10-18-2010 18:56;0;0
10-18-2010 18:57;0;0
10-18-2010 18:58;0;0
10-18-2010 18:59;0;0
10-18-2010 19:00;0;0
10-18-2010 19:01;25;0
10-18-2010 19:02;9;0
10-18-2010 19:03;0;0
10-18-2010 19:04;74;0
10-18-2010 19:05;0;0
10-18-2010 19:06;0;0
10-18-2010 19:07;0;0
10-18-2010 19:08;0;0
10-18-2010 19:09;0;0
10-18-2010 19:10;19;0
10-18-2010 19:11;0;0
10-18-2010 19:12;0;0
10-18-2010 19:13;0;0
10-18-2010 19:14;0;0
10-18-2010 19:15;0;0
10-18-2010 19:16;0;0
10-18-2010 19:17;0;0
10-18-2010 19:18;0;0
10-18-2010 19:19;0;0
10-18-2010 19:20;0;0
10-18-2010 19:21;0;0
10-18-2010 19:22;24;0
10-18-2010 19:23;4;0
10-18-2010 19:24;372;0
10-18-2010 19:25;0;0
10-18-2010 19:26;0;0
10-18-2010 19:27;0;0
10-18-2010 19:28;0;0
10-18-2010 19:29;0;0
10-18-2010 19:30;0;0
10-18-2010 19:31;0;0
10-18-2010 19:32;0;0
10-18-2010 19:33;103;0
10-18-2010 19:34;0;0
10-18-2010 19:35;31;0
10-18-2010 19:36;0;0
10-18-2010 19:37;44;0
10-18-2010 19:38;46;0
10-18-2010 19:39;0;0
10-18-2010 19:40;0;0
10-18-2010 19:41;0;0
10-18-2010 19:42;0;0
10-18-2010 19:43;0;0
10-18-2010 19:44;103;0
10-18-2010 19:45;0;0
10-18-2010 19:46;0;0
10-18-2010 19:47;0;0
10-18-2010 19:48;0;0
10-18-2010 19:49;0;0
10-18-2010 19:50;0;0
10-18-2010 19:51;0;0
10-18-2010 19:52;0;0
10-18-2010 19:53;0;0
10-18-2010 19:54;0;0
10-18-2010 19:55;25;0
10-18-2010 19:56;0;0
10-18-2010 19:57;0;0
10-18-2010 19:58;0;0
10-18-2010 19:59;0;0
10-18-2010 20:00;0;0
10-18-2010 20:01;0;0
10-18-2010 20:02;0;0
10-18-2010 20:03;79;0
10-18-2010 20:04;4;0
10-18-2010 20:05;0;0
10-18-2010 20:06;0;0
10-18-2010 20:07;0;0
10-18-2010 20:08;0;0
10-18-2010 20:09;0;0
10-18-2010 20:10;0;0
10-18-2010 20:11;515;0
10-18-2010 20:12;327;0
10-18-2010 20:13;99;0
10-18-2010 20:14;71;0
10-18-2010 20:15;18;0
10-18-2010 20:16;360;0
10-18-2010 20:17;219;0
10-18-2010 20:18;360;0
10-18-2010 20:19;94;0
10-18-2010 20:20;241;0
10-18-2010 20:21;337;0
10-18-2010 20:22;733;1
10-18-2010 20:23;259;0
10-18-2010 20:24;586;0
10-18-2010 20:25;306;0
10-18-2010 20:26;605;0
10-18-2010 20:27;46;0
10-18-2010 20:28;0;0
10-18-2010 20:29;0;0
10-18-2010 20:30;212;0
10-18-2010 20:31;250;0
10-18-2010 20:32;107;0
10-18-2010 20:33;7;0
10-18-2010 20:34;0;0
10-18-2010 20:35;29;0
10-18-2010 20:36;190;0
10-18-2010 20:37;0;0
10-18-2010 20:38;0;0
10-18-2010 20:39;0;0
10-18-2010 20:40;0;0
10-18-2010 20:41;0;0
10-18-2010 20:42;0;0
10-18-2010 20:43;38;0
10-18-2010 20:44;35;0
10-18-2010 20:45;13;0
10-18-2010 20:46;0;0
10-18-2010 20:47;53;0
10-18-2010 20:48;41;0
10-18-2010 20:49;15;0
10-18-2010 20:50;7;0
10-18-2010 20:51;250;0
10-18-2010 20:52;7;0
10-18-2010 20:53;0;0
10-18-2010 20:54;44;0
10-18-2010 20:55;12;0
10-18-2010 20:56;15;0
10-18-2010 20:57;0;0
10-18-2010 20:58;0;0
10-18-2010 20:59;125;0
10-18-2010 21:00;531;0
10-18-2010 21:01;566;0
10-18-2010 21:02;384;0
10-18-2010 21:03;250;0
10-18-2010 21:04;166;0
10-18-2010 21:05;410;0
10-18-2010 21:06;384;0
10-18-2010 21:07;121;0
10-18-2010 21:08;316;0
10-18-2010 21:09;71;0
10-18-2010 21:10;166;0
10-18-2010 21:11;10;0
10-18-2010 21:12;59;0
10-18-2010 21:13;103;0
10-18-2010 21:14;0;0
10-18-2010 21:15;172;0
10-18-2010 21:16;31;0
10-18-2010 21:17;65;0
10-18-2010 21:18;205;0
10-18-2010 21:19;259;0
10-18-2010 21:20;259;0
10-18-2010 21:21;10;0
10-18-2010 21:22;10;0
10-18-2010 21:23;88;0
10-18-2010 21:24;25;0
10-18-2010 21:25;0;0
10-18-2010 21:26;31;0
10-18-2010 21:27;18;0
10-18-2010 21:28;99;0
10-18-2010 21:29;327;0
10-18-2010 21:30;26;0
10-18-2010 21:31;43;0
10-18-2010 21:32;197;0
10-18-2010 21:33;178;0
10-18-2010 21:34;107;0
10-18-2010 21:35;121;0
10-18-2010 21:36;212;0
10-18-2010 21:37;212;0
10-18-2010 21:38;190;0
10-18-2010 21:39;44;0
10-18-2010 21:40;410;0
10-18-2010 21:41;468;0
10-18-2010 21:42;241;0
10-18-2010 21:43;172;0
10-18-2010 21:44;372;0
10-18-2010 21:45;47;0
10-18-2010 21:46;134;0
10-18-2010 21:47;121;0
10-18-2010 21:48;3;0
10-18-2010 21:49;6;0
10-18-2010 21:50;22;0
10-18-2010 21:51;0;0
10-18-2010 21:52;0;0
10-18-2010 21:53;0;0
10-18-2010 21:54;0;0
10-18-2010 21:55;7;0
10-18-2010 21:56;6;0
10-18-2010 21:57;0;0
10-18-2010 21:58;3;0
10-18-2010 21:59;0;0
10-18-2010 22:00;0;0
10-18-2010 22:01;0;0
10-18-2010 22:02;0;0
10-18-2010 22:03;0;0
10-18-2010 22:04;3;0
10-18-2010 22:05;0;0
10-18-2010 22:06;138;0
10-18-2010 22:07;134;0
10-18-2010 22:08;129;0
10-18-2010 22:09;50;0
10-18-2010 22:10;88;0
10-18-2010 22:11;531;0
10-18-2010 22:12;166;0
10-18-2010 22:13;197;0
10-18-2010 22:14;197;0
10-18-2010 22:15;29;0
10-18-2010 22:16;18;0
10-18-2010 22:17;0;0
10-18-2010 22:18;0;0
10-18-2010 22:19;624;0
10-18-2010 22:20;250;0
10-18-2010 22:21;241;0
10-18-2010 22:22;129;0
10-18-2010 22:23;138;0
10-18-2010 22:24;129;0
10-18-2010 22:25;62;0
10-18-2010 22:26;62;0
10-18-2010 22:27;277;0
10-18-2010 22:28;531;0
10-18-2010 22:29;3;0
10-18-2010 22:30;53;0
10-18-2010 22:31;107;0
10-18-2010 22:32;112;0
10-18-2010 22:33;56;0
10-18-2010 22:34;125;0
10-18-2010 22:35;0;0
10-18-2010 22:36;4;0
10-18-2010 22:37;0;0
10-18-2010 22:38;9;0
10-18-2010 22:39;0;0
10-18-2010 22:40;6;0
10-18-2010 22:41;0;0
10-18-2010 22:42;4;0
10-18-2010 22:43;3;0
10-18-2010 22:44;0;0
10-18-2010 22:45;3;0
10-18-2010 22:46;6;0
10-18-2010 22:47;0;0
10-18-2010 22:48;3;0
10-18-2010 22:49;79;0
10-18-2010 22:50;0;0
10-18-2010 22:51;77;0
10-18-2010 22:52;43;0
10-18-2010 22:53;0;0
10-18-2010 22:54;0;0
10-18-2010 22:55;0;0
10-18-2010 22:56;0;0
10-18-2010 22:57;0;0
10-18-2010 22:58;0;0
10-18-2010 22:59;0;0
10-18-2010 23:00;99;0
10-18-2010 23:01;24;0
10-18-2010 23:02;9;0
10-18-2010 23:03;190;0
10-18-2010 23:04;99;0
10-18-2010 23:05;116;0
10-18-2010 23:06;250;0
10-18-2010 23:07;212;0
10-18-2010 23:08;85;0
10-18-2010 23:09;372;0
10-18-2010 23:10;296;0
10-18-2010 23:11;38;0
10-18-2010 23:12;453;0
10-18-2010 23:13;68;0
10-18-2010 23:14;53;0
10-18-2010 23:15;316;0
10-18-2010 23:16;149;0
10-18-2010 23:17;129;0
10-18-2010 23:18;79;0
10-18-2010 23:19;0;0
10-18-2010 23:20;205;0
10-18-2010 23:21;77;0
10-18-2010 23:22;0;0
10-18-2010 23:23;0;0
10-18-2010 23:24;0;0
10-18-2010 23:25;0;0
10-18-2010 23:26;31;0
10-18-2010 23:27;134;0
10-18-2010 23:28;121;0
10-18-2010 23:29;94;0
10-18-2010 23:30;50;0
10-18-2010 23:31;26;0
10-18-2010 23:32;21;0
10-18-2010 23:33;0;0
10-18-2010 23:34;0;0
10-18-2010 23:35;74;0
10-18-2010 23:36;138;0
10-18-2010 23:37;3;0
10-18-2010 23:38;0;0
10-18-2010 23:39;12;0
10-18-2010 23:40;103;0
10-18-2010 23:41;34;0
10-18-2010 23:42;129;0
10-18-2010 23:43;56;0
10-18-2010 23:44;56;0
10-18-2010 23:45;0;0
10-18-2010 23:46;0;0
10-18-2010 23:47;0;0
10-18-2010 23:48;0;0
10-18-2010 23:49;0;0
10-18-2010 23:50;19;0
10-18-2010 23:51;0;0
10-18-2010 23:52;0;0
10-18-2010 23:53;0;0
10-18-2010 23:54;285;0
10-18-2010 23:55;15;0
10-18-2010 23:56;0;0
10-18-2010 23:57;0;0
10-18-2010 23:58;0;0
10-18-2010 23:59;3;0
10-19-2010 00:00;3;0
10-19-2010 00:01;4;0
10-19-2010 00:02;0;0
10-19-2010 00:03;0;0
10-19-2010 00:04;3;0
10-19-2010 00:05;531;0
10-19-2010 00:06;28;0
10-19-2010 00:07;22;0
10-19-2010 00:08;0;0
10-19-2010 00:09;0;0
10-19-2010 00:10;0;0
10-19-2010 00:11;0;0
10-19-2010 00:12;0;0
10-19-2010 00:13;25;0
10-19-2010 00:14;0;0
10-19-2010 00:15;40;0
10-19-2010 00:16;91;0
10-19-2010 00:17;94;0
10-19-2010 00:18;3;0
10-19-2010 00:19;121;0
10-19-2010 00:20;43;0
10-19-2010 00:21;44;0
10-19-2010 00:22;21;0
10-19-2010 00:23;0;0
10-19-2010 00:24;88;0
10-19-2010 00:25;0;0
10-19-2010 00:26;0;0
10-19-2010 00:27;3;0
10-19-2010 00:28;0;0
10-19-2010 00:29;10;0
10-19-2010 00:30;0;0
10-19-2010 00:31;9;0
10-19-2010 00:32;15;0
10-19-2010 00:33;41;0
10-19-2010 00:34;12;0
10-19-2010 00:35;0;0
10-19-2010 00:36;0;0
10-19-2010 00:37;0;0
10-19-2010 00:38;190;0
10-19-2010 00:39;296;0
10-19-2010 00:40;219;0
10-19-2010 00:41;21;0
10-19-2010 00:42;26;0
10-19-2010 00:43;160;0
10-19-2010 00:44;0;0
10-19-2010 00:45;0;0
10-19-2010 00:46;0;0
10-19-2010 00:47;0;0
10-19-2010 00:48;0;0
10-19-2010 00:49;0;0
10-19-2010 00:50;0;0
10-19-2010 00:51;103;0
10-19-2010 00:52;0;0
10-19-2010 00:53;0;0
10-19-2010 00:54;0;0
10-19-2010 00:55;0;0
10-19-2010 00:56;0;0
10-19-2010 00:57;0;0
10-19-2010 00:58;0;0
10-19-2010 00:59;0;0
10-19-2010 01:00;50;0
10-19-2010 01:01;0;0
10-19-2010 01:02;0;0
10-19-2010 01:03;0;0
10-19-2010 01:04;0;0
10-19-2010 01:05;0;0
10-19-2010 01:06;0;0
10-19-2010 01:07;0;0
10-19-2010 01:08;0;0
10-19-2010 01:09;0;0
10-19-2010 01:10;0;0
10-19-2010 01:11;0;0
10-19-2010 01:12;0;0
10-19-2010 01:13;0;0
10-19-2010 01:14;0;0
10-19-2010 01:15;0;0
10-19-2010 01:16;0;0
10-19-2010 01:17;0;0
10-19-2010 01:18;0;0
10-19-2010 01:19;0;0
10-19-2010 01:20;0;0
10-19-2010 01:21;0;0
10-19-2010 01:22;0;0
10-19-2010 01:23;0;0
10-19-2010 01:24;0;0
10-19-2010 01:25;0;0
10-19-2010 01:26;0;0
10-19-2010 01:27;0;0
10-19-2010 01:28;0;0
10-19-2010 01:29;0;0
10-19-2010 01:30;0;0
10-19-2010 01:31;0;0
10-19-2010 01:32;0;0
10-19-2010 01:33;0;0
10-19-2010 01:34;0;0
10-19-2010 01:35;0;0
10-19-2010 01:36;0;0
10-19-2010 01:37;0;0
10-19-2010 01:38;0;0
10-19-2010 01:39;0;0
10-19-2010 01:40;0;0
10-19-2010 01:41;0;0
10-19-2010 01:42;0;0
10-19-2010 01:43;53;0
10-19-2010 01:44;34;0
10-19-2010 01:45;0;0
10-19-2010 01:46;0;0
10-19-2010 01:47;0;0
10-19-2010 01:48;0;0
10-19-2010 01:49;0;0
10-19-2010 01:50;0;0
10-19-2010 01:51;0;0
10-19-2010 01:52;7;0
10-19-2010 01:53;0;0
10-19-2010 01:54;0;0
10-19-2010 01:55;0;0
10-19-2010 01:56;82;0
10-19-2010 01:57;197;0
10-19-2010 01:58;18;0
10-19-2010 01:59;0;0
10-19-2010 02:00;0;0
10-19-2010 02:01;0;0
10-19-2010 02:02;0;0
10-19-2010 02:03;0;0
10-19-2010 02:04;0;0
10-19-2010 02:05;0;0
10-19-2010 02:06;0;0
10-19-2010 02:07;0;0
10-19-2010 02:08;0;0
10-19-2010 02:09;34;0
10-19-2010 02:10;0;0
10-19-2010 02:11;0;0
10-19-2010 02:12;0;0
10-19-2010 02:13;0;0
10-19-2010 02:14;0;0
10-19-2010 02:15;0;0
10-19-2010 02:16;0;0
10-19-2010 02:17;0;0
10-19-2010 02:18;0;0
10-19-2010 02:19;0;0
10-19-2010 02:20;0;0
10-19-2010 02:21;0;0
10-19-2010 02:22;0;0
10-19-2010 02:23;0;0
10-19-2010 02:24;0;0
10-19-2010 02:25;0;0
10-19-2010 02:26;0;0
10-19-2010 02:27;0;0
10-19-2010 02:28;0;0
10-19-2010 02:29;0;0
10-19-2010 02:30;0;0
10-19-2010 02:31;43;0
10-19-2010 02:32;116;0
10-19-2010 02:33;0;0
10-19-2010 02:34;0;0
10-19-2010 02:35;0;0
10-19-2010 02:36;0;0
10-19-2010 02:37;0;0
10-19-2010 02:38;0;0
10-19-2010 02:39;0;0
10-19-2010 02:40;0;0
10-19-2010 02:41;0;0
10-19-2010 02:42;0;0
10-19-2010 02:43;0;0
10-19-2010 02:44;0;0
10-19-2010 02:45;0;0
10-19-2010 02:46;0;0
10-19-2010 02:47;0;0
10-19-2010 02:48;0;0
10-19-2010 02:49;0;0
10-19-2010 02:50;0;0
10-19-2010 02:51;0;0
10-19-2010 02:52;0;0
10-19-2010 02:53;0;0
10-19-2010 02:54;0;0
10-19-2010 02:55;0;0
10-19-2010 02:56;0;0
10-19-2010 02:57;0;0
10-19-2010 02:58;0;0
10-19-2010 02:59;0;0
10-19-2010 03:00;0;0
10-19-2010 03:01;0;0
10-19-2010 03:02;0;0
10-19-2010 03:03;0;0
10-19-2010 03:04;0;0
10-19-2010 03:05;0;0
10-19-2010 03:06;107;0
10-19-2010 03:07;47;0
10-19-2010 03:08;85;0
10-19-2010 03:09;21;0
10-19-2010 03:10;53;0
10-19-2010 03:11;0;0
10-19-2010 03:12;0;0
10-19-2010 03:13;0;0
10-19-2010 03:14;0;0
10-19-2010 03:15;0;0
10-19-2010 03:16;0;0
10-19-2010 03:17;0;0
10-19-2010 03:18;0;0
10-19-2010 03:19;0;0
10-19-2010 03:20;0;0
10-19-2010 03:21;0;0
10-19-2010 03:22;0;0
10-19-2010 03:23;0;0
10-19-2010 03:24;0;0
10-19-2010 03:25;0;0
10-19-2010 03:26;0;0
10-19-2010 03:27;0;0
10-19-2010 03:28;0;0
10-19-2010 03:29;0;0
10-19-2010 03:30;0;0
10-19-2010 03:31;0;0
10-19-2010 03:32;0;0
10-19-2010 03:33;0;0
10-19-2010 03:34;0;0
10-19-2010 03:35;0;0
10-19-2010 03:36;0;0
10-19-2010 03:37;0;0
10-19-2010 03:38;0;0
10-19-2010 03:39;0;0
10-19-2010 03:40;0;0
10-19-2010 03:41;0;0
10-19-2010 03:42;0;0
10-19-2010 03:43;0;0
10-19-2010 03:44;0;0
10-19-2010 03:45;0;0
10-19-2010 03:46;0;0
10-19-2010 03:47;0;0
10-19-2010 03:48;0;0
10-19-2010 03:49;0;0
10-19-2010 03:50;0;0
10-19-2010 03:51;0;0
10-19-2010 03:52;0;0
10-19-2010 03:53;0;0
10-19-2010 03:54;0;0
10-19-2010 03:55;0;0
10-19-2010 03:56;0;0
10-19-2010 03:57;0;0
10-19-2010 03:58;0;0
10-19-2010 03:59;0;0
10-19-2010 04:00;0;0
10-19-2010 04:01;0;0
10-19-2010 04:02;0;0
10-19-2010 04:03;0;0
10-19-2010 04:04;0;0
10-19-2010 04:05;0;0
10-19-2010 04:06;0;0
10-19-2010 04:07;0;0
10-19-2010 04:08;0;0
10-19-2010 04:09;91;0
10-19-2010 04:10;0;0
10-19-2010 04:11;0;0
10-19-2010 04:12;360;0
10-19-2010 04:13;0;0
10-19-2010 04:14;0;0
10-19-2010 04:15;0;0
10-19-2010 04:16;43;0
10-19-2010 04:17;6;0
10-19-2010 04:18;0;0
10-19-2010 04:19;0;0
10-19-2010 04:20;0;0
10-19-2010 04:21;0;0
10-19-2010 04:22;24;0
10-19-2010 04:23;0;0
10-19-2010 04:24;0;0
10-19-2010 04:25;0;0
10-19-2010 04:26;0;0
10-19-2010 04:27;0;0
10-19-2010 04:28;0;0
10-19-2010 04:29;0;0
10-19-2010 04:30;0;0
10-19-2010 04:31;0;0
10-19-2010 04:32;0;0
10-19-2010 04:33;0;0
10-19-2010 04:34;0;0
10-19-2010 04:35;0;0
10-19-2010 04:36;0;0
10-19-2010 04:37;0;0
10-19-2010 04:38;0;0
10-19-2010 04:39;0;0
10-19-2010 04:40;0;0
10-19-2010 04:41;0;0
10-19-2010 04:42;68;0
10-19-2010 04:43;13;0
10-19-2010 04:44;129;0
10-19-2010 04:45;50;0
10-19-2010 04:46;975;1
10-19-2010 04:47;0;0
10-19-2010 04:48;0;0
10-19-2010 04:49;0;0
10-19-2010 04:50;0;0
10-19-2010 04:51;0;0
10-19-2010 04:52;0;0
10-19-2010 04:53;0;0
10-19-2010 04:54;0;0
10-19-2010 04:55;0;0
10-19-2010 04:56;0;0
10-19-2010 04:57;0;0
10-19-2010 04:58;0;0
10-19-2010 04:59;0;0
10-19-2010 05:00;0;0
10-19-2010 05:01;0;0
10-19-2010 05:02;0;0
10-19-2010 05:03;0;0
10-19-2010 05:04;0;0
10-19-2010 05:05;0;0
10-19-2010 05:06;7;0
10-19-2010 05:07;125;0
10-19-2010 05:08;0;0
10-19-2010 05:09;0;0
10-19-2010 05:10;0;0
10-19-2010 05:11;0;0
10-19-2010 05:12;0;0
10-19-2010 05:13;0;0
10-19-2010 05:14;0;0
10-19-2010 05:15;0;0
10-19-2010 05:16;0;0
10-19-2010 05:17;0;0
10-19-2010 05:18;0;0
10-19-2010 05:19;0;0
10-19-2010 05:20;0;0
10-19-2010 05:21;0;0
10-19-2010 05:22;0;0
10-19-2010 05:23;0;0
10-19-2010 05:24;0;0
10-19-2010 05:25;0;0
10-19-2010 05:26;0;0
10-19-2010 05:27;0;0
10-19-2010 05:28;0;0
10-19-2010 05:29;0;0
10-19-2010 05:30;0;0
10-19-2010 05:31;0;0
10-19-2010 05:32;0;0
10-19-2010 05:33;0;0
10-19-2010 05:34;0;0
10-19-2010 05:35;0;0
10-19-2010 05:36;0;0
10-19-2010 05:37;56;0
10-19-2010 05:38;0;0
10-19-2010 05:39;0;0
10-19-2010 05:40;0;0
10-19-2010 05:41;0;0
10-19-2010 05:42;0;0
10-19-2010 05:43;0;0
10-19-2010 05:44;0;0
10-19-2010 05:45;112;0
10-19-2010 05:46;0;0
10-19-2010 05:47;0;0
10-19-2010 05:48;0;0
10-19-2010 05:49;0;0
10-19-2010 05:50;0;0
10-19-2010 05:51;0;0
10-19-2010 05:52;0;0
10-19-2010 05:53;88;0
10-19-2010 05:54;0;0
10-19-2010 05:55;0;0
10-19-2010 05:56;0;0
10-19-2010 05:57;0;0
10-19-2010 05:58;0;0
10-19-2010 05:59;0;0
10-19-2010 06:00;0;0
10-19-2010 06:01;0;0
10-19-2010 06:02;0;0
10-19-2010 06:03;0;0
10-19-2010 06:04;0;0
10-19-2010 06:05;0;0
10-19-2010 06:06;0;0
10-19-2010 06:07;0;0
10-19-2010 06:08;0;0
10-19-2010 06:09;0;0
10-19-2010 06:10;0;0
10-19-2010 06:11;0;0
10-19-2010 06:12;62;0
10-19-2010 06:13;0;0
10-19-2010 06:14;0;0
10-19-2010 06:15;0;0
10-19-2010 06:16;35;0
10-19-2010 06:17;0;0
10-19-2010 06:18;0;0
10-19-2010 06:19;0;0
10-19-2010 06:20;0;0
10-19-2010 06:21;0;0
10-19-2010 06:22;0;0
10-19-2010 06:23;62;0
10-19-2010 06:24;219;0
10-19-2010 06:25;0;0
10-19-2010 06:26;0;0
10-19-2010 06:27;0;0
10-19-2010 06:28;0;0
10-19-2010 06:29;0;0
10-19-2010 06:30;0;0
10-19-2010 06:31;0;0
10-19-2010 06:32;0;0
10-19-2010 06:33;0;0
10-19-2010 06:34;0;0
10-19-2010 06:35;0;0
10-19-2010 06:36;0;0
10-19-2010 06:37;0;0
10-19-2010 06:38;0;0
10-19-2010 06:39;0;0
10-19-2010 06:40;0;0
10-19-2010 06:41;410;0
10-19-2010 06:42;285;0
10-19-2010 06:43;3;0
10-19-2010 06:44;0;0
10-19-2010 06:45;0;0
10-19-2010 06:46;0;0
10-19-2010 06:47;0;0
10-19-2010 06:48;0;0
10-19-2010 06:49;3;0
10-19-2010 06:50;178;0
10-19-2010 06:51;0;0
10-19-2010 06:52;0;0
10-19-2010 06:53;0;0
10-19-2010 06:54;0;0
10-19-2010 06:55;0;0
10-19-2010 06:56;0;0
10-19-2010 06:57;0;0
10-19-2010 06:58;0;0
10-19-2010 06:59;0;0
10-19-2010 07:00;0;0
10-19-2010 07:01;337;0
10-19-2010 07:02;0;0
10-19-2010 07:03;35;0
10-19-2010 07:04;0;0
10-19-2010 07:05;0;0
10-19-2010 07:06;0;0
10-19-2010 07:07;0;0
10-19-2010 07:08;0;0
10-19-2010 07:09;0;0
10-19-2010 07:10;0;0
10-19-2010 07:11;0;0
10-19-2010 07:12;10;0
10-19-2010 07:13;0;0
10-19-2010 07:14;0;0
10-19-2010 07:15;53;0
10-19-2010 07:16;0;0
10-19-2010 07:17;0;0
10-19-2010 07:18;31;0
10-19-2010 07:19;0;0
10-19-2010 07:20;0;0
10-19-2010 07:21;0;0
10-19-2010 07:22;0;0
10-19-2010 07:23;0;0
10-19-2010 07:24;0;0
10-19-2010 07:25;0;0
10-19-2010 07:26;0;0
10-19-2010 07:27;0;0
10-19-2010 07:28;0;0
10-19-2010 07:29;149;0
10-19-2010 07:30;0;0
10-19-2010 07:31;0;0
10-19-2010 07:32;0;0
10-19-2010 07:33;0;0
10-19-2010 07:34;0;0
10-19-2010 07:35;0;0
10-19-2010 07:36;0;0
10-19-2010 07:37;0;0
10-19-2010 07:38;0;0
10-19-2010 07:39;79;0
10-19-2010 07:40;0;0
10-19-2010 07:41;0;0
10-19-2010 07:42;0;0
10-19-2010 07:43;0;0
10-19-2010 07:44;0;0
10-19-2010 07:45;0;0
10-19-2010 07:46;0;0
10-19-2010 07:47;0;0
10-19-2010 07:48;0;0
10-19-2010 07:49;0;0
10-19-2010 07:50;3;0
10-19-2010 07:51;0;0
10-19-2010 07:52;0;0
10-19-2010 07:53;0;0
10-19-2010 07:54;35;0
10-19-2010 07:55;0;0
10-19-2010 07:56;0;0
10-19-2010 07:57;0;0
10-19-2010 07:58;0;0
10-19-2010 07:59;0;0
10-19-2010 08:00;0;0
10-19-2010 08:01;56;0
10-19-2010 08:02;56;0
10-19-2010 08:03;0;0
10-19-2010 08:04;71;0
10-19-2010 08:05;0;0
10-19-2010 08:06;0;0
10-19-2010 08:07;0;0
10-19-2010 08:08;12;0
10-19-2010 08:09;0;0
10-19-2010 08:10;0;0
10-19-2010 08:11;0;0
10-19-2010 08:12;0;0
10-19-2010 08:13;0;0
10-19-2010 08:14;0;0
10-19-2010 08:15;0;0
10-19-2010 08:16;0;0
10-19-2010 08:17;0;0
10-19-2010 08:18;0;0
10-19-2010 08:19;0;0
10-19-2010 08:20;468;0
10-19-2010 08:21;0;0
10-19-2010 08:22;0;0
10-19-2010 08:23;0;0
10-19-2010 08:24;0;0
10-19-2010 08:25;0;0
10-19-2010 08:26;0;0
10-19-2010 08:27;438;0
10-19-2010 08:28;0;0
10-19-2010 08:29;0;0
10-19-2010 08:30;0;0
10-19-2010 08:31;0;0
10-19-2010 08:32;0;0
10-19-2010 08:33;0;0
10-19-2010 08:34;0;0
10-19-2010 08:35;0;0
10-19-2010 08:36;0;0
10-19-2010 08:37;0;0
10-19-2010 08:38;0;0
10-19-2010 08:39;0;0
10-19-2010 08:40;0;0
10-19-2010 08:41;18;0
10-19-2010 08:42;25;0
10-19-2010 08:43;0;0
10-19-2010 08:44;0;0
10-19-2010 08:45;0;0
10-19-2010 08:46;0;0
10-19-2010 08:47;0;0
10-19-2010 08:48;0;0
10-19-2010 08:49;0;0
10-19-2010 08:50;0;0
10-19-2010 08:51;0;0
10-19-2010 08:52;0;0
10-19-2010 08:53;0;0
10-19-2010 08:54;59;0
10-19-2010 08:55;0;0
10-19-2010 08:56;0;0
10-19-2010 08:57;0;0
10-19-2010 08:58;0;0
10-19-2010 08:59;0;0
10-19-2010 09:00;566;0
10-19-2010 09:01;0;0
10-19-2010 09:02;0;0
10-19-2010 09:03;0;0
10-19-2010 09:04;0;0
10-19-2010 09:05;0;0
10-19-2010 09:06;709;1
10-19-2010 09:07;9;0
10-19-2010 09:08;172;0
10-19-2010 09:09;0;0
10-19-2010 09:10;0;0
10-19-2010 09:11;0;0
10-19-2010 09:12;0;0
10-19-2010 09:13;0;0
10-19-2010 09:14;0;0
10-19-2010 09:15;0;0
10-19-2010 09:16;0;0
10-19-2010 09:17;0;0
10-19-2010 09:18;0;0
10-19-2010 09:19;0;0
10-19-2010 09:20;0;0
10-19-2010 09:21;0;0
10-19-2010 09:22;0;0
10-19-2010 09:23;0;0
10-19-2010 09:24;0;0
10-19-2010 09:25;0;0
10-19-2010 09:26;0;0
10-19-2010 09:27;0;0
10-19-2010 09:28;0;0
10-19-2010 09:29;0;0
10-19-2010 09:30;0;0
10-19-2010 09:31;0;0
10-19-2010 09:32;24;0
10-19-2010 09:33;0;0
10-19-2010 09:34;0;0
10-19-2010 09:35;0;0
10-19-2010 09:36;0;0
10-19-2010 09:37;0;0
10-19-2010 09:38;0;0
10-19-2010 09:39;0;0
10-19-2010 09:40;88;0
10-19-2010 09:41;0;0
10-19-2010 09:42;0;0
10-19-2010 09:43;0;0
10-19-2010 09:44;0;0
10-19-2010 09:45;0;0
10-19-2010 09:46;0;0
10-19-2010 09:47;0;0
10-19-2010 09:48;0;0
10-19-2010 09:49;0;0
10-19-2010 09:50;0;0
10-19-2010 09:51;16;0
10-19-2010 09:52;384;0
10-19-2010 09:53;3;0
10-19-2010 09:54;859;1
10-19-2010 09:55;0;0
10-19-2010 09:56;0;0
10-19-2010 09:57;0;0
10-19-2010 09:58;0;0
10-19-2010 09:59;0;0
10-19-2010 10:00;0;0
10-19-2010 10:01;0;0
10-19-2010 10:02;0;0
10-19-2010 10:03;0;0
10-19-2010 10:04;0;0
10-19-2010 10:05;0;0
10-19-2010 10:06;0;0
10-19-2010 10:07;0;0
10-19-2010 10:08;0;0
10-19-2010 10:09;134;0
10-19-2010 10:10;10;0
10-19-2010 10:11;0;0
10-19-2010 10:12;0;0
10-19-2010 10:13;0;0
10-19-2010 10:14;0;0
10-19-2010 10:15;178;0
10-19-2010 10:16;397;0
10-19-2010 10:17;0;0
10-19-2010 10:18;0;0
10-19-2010 10:19;0;0
10-19-2010 10:20;0;0
10-19-2010 10:21;0;0
10-19-2010 10:22;0;0
10-19-2010 10:23;0;0
10-19-2010 10:24;0;0
10-19-2010 10:25;12;0
10-19-2010 10:26;424;0
10-19-2010 10:27;79;0
10-19-2010 10:28;0;0
10-19-2010 10:29;0;0
10-19-2010 10:30;0;0
10-19-2010 10:31;184;0
10-19-2010 10:32;24;0
10-19-2010 10:33;0;0
10-19-2010 10:34;644;0
10-19-2010 10:35;0;0
10-19-2010 10:36;6;0
10-19-2010 10:37;4;0
10-19-2010 10:38;31;0
10-19-2010 10:39;4;0
10-19-2010 10:40;35;0
10-19-2010 10:41;0;0
10-19-2010 10:42;0;0
10-19-2010 10:43;0;0
10-19-2010 10:44;0;0
10-19-2010 10:45;0;0
10-19-2010 10:46;316;0
10-19-2010 10:47;40;0
10-19-2010 10:48;43;0
10-19-2010 10:49;0;0
10-19-2010 10:50;7;0
10-19-2010 10:51;32;0
10-19-2010 10:52;46;0
10-19-2010 10:53;31;0
10-19-2010 10:54;644;0
10-19-2010 10:55;397;0
10-19-2010 10:56;82;0
10-19-2010 10:57;94;0
10-19-2010 10:58;25;0
10-19-2010 10:59;56;0
10-19-2010 11:00;121;0
10-19-2010 11:01;74;0
10-19-2010 11:02;79;0
10-19-2010 11:03;268;0
10-19-2010 11:04;9;0
10-19-2010 11:05;0;0
10-19-2010 11:06;71;0
10-19-2010 11:07;10;0
10-19-2010 11:08;25;0
10-19-2010 11:09;166;0
10-19-2010 11:10;0;0
10-19-2010 11:11;59;0
10-19-2010 11:12;103;0
10-19-2010 11:13;112;0
10-19-2010 11:14;1073;1
10-19-2010 11:15;285;0
10-19-2010 11:16;806;1
10-19-2010 11:17;410;0
10-19-2010 11:18;483;0
10-19-2010 11:19;453;0
10-19-2010 11:20;56;0
10-19-2010 11:21;166;0
10-19-2010 11:22;166;0
10-19-2010 11:23;605;0
10-19-2010 11:24;234;0
10-19-2010 11:25;197;0
10-19-2010 11:26;190;0
10-19-2010 11:27;212;0
10-19-2010 11:28;586;0
10-19-2010 11:29;1006;1
10-19-2010 11:30;549;0
10-19-2010 11:31;945;1
10-19-2010 11:32;1073;1
10-19-2010 11:33;945;1
10-19-2010 11:34;1336;1
10-19-2010 11:35;1295;1
10-19-2010 11:36;1178;1
10-19-2010 11:37;1178;1
10-19-2010 11:38;531;0
10-19-2010 11:39;687;1
10-19-2010 11:40;0;0
10-19-2010 11:41;0;0
10-19-2010 11:42;0;0
10-19-2010 11:43;0;0
10-19-2010 11:44;0;0
10-19-2010 11:45;0;0
10-19-2010 11:46;0;0
10-19-2010 11:47;0;0
10-19-2010 11:48;0;0
10-19-2010 11:49;0;0
10-19-2010 11:50;0;0
10-19-2010 11:51;0;0
10-19-2010 11:52;0;0
10-19-2010 11:53;0;0
10-19-2010 11:54;1255;1
10-19-2010 11:55;453;0
10-19-2010 11:56;499;0
10-19-2010 11:57;3;0
10-19-2010 11:58;0;0
10-19-2010 11:59;0;0
10-19-2010 12:00;0;0
10-19-2010 12:01;0;0
10-19-2010 12:02;0;0
10-19-2010 12:03;0;0
10-19-2010 12:04;3;0
10-19-2010 12:05;31;0
10-19-2010 12:06;40;0
10-19-2010 12:07;0;0
10-19-2010 12:08;3;0
10-19-2010 12:09;0;0
10-19-2010 12:10;0;0
10-19-2010 12:11;0;0
10-19-2010 12:12;154;0
10-19-2010 12:13;15;0
10-19-2010 12:14;0;0
10-19-2010 12:15;0;0
10-19-2010 12:16;0;0
10-19-2010 12:17;0;0
10-19-2010 12:18;0;0
10-19-2010 12:19;0;0
10-19-2010 12:20;0;0
10-19-2010 12:21;0;0
10-19-2010 12:22;0;0
10-19-2010 12:23;0;0
10-19-2010 12:24;0;0
10-19-2010 12:25;0;0
10-19-2010 12:26;0;0
10-19-2010 12:27;0;0
10-19-2010 12:28;0;0
10-19-2010 12:29;0;0
10-19-2010 12:30;0;0
10-19-2010 12:31;0;0
10-19-2010 12:32;0;0
10-19-2010 12:33;0;0
10-19-2010 12:34;0;0
10-19-2010 12:35;0;0
10-19-2010 12:36;0;0
10-19-2010 12:37;0;0
10-19-2010 12:38;0;0
10-19-2010 12:39;0;0
10-19-2010 12:40;0;0
10-19-2010 12:41;0;0
10-19-2010 12:42;0;0
10-19-2010 12:43;0;0
10-19-2010 12:44;0;0
10-19-2010 12:45;0;0
10-19-2010 12:46;0;0
10-19-2010 12:47;0;0
10-19-2010 12:48;0;0
10-19-2010 12:49;0;0
10-19-2010 12:50;0;0
10-19-2010 12:51;0;0
10-19-2010 12:52;0;0
10-19-2010 12:53;0;0
10-19-2010 12:54;566;0
10-19-2010 12:55;1006;1
10-19-2010 12:56;709;1
10-19-2010 12:57;624;0
10-19-2010 12:58;833;1
10-19-2010 12:59;1773;1
10-19-2010 13:00;1773;1
10-19-2010 13:01;0;0
10-19-2010 13:02;34;0
10-19-2010 13:03;0;0
10-19-2010 13:04;0;0
10-19-2010 13:05;0;0
10-19-2010 13:06;0;0
10-19-2010 13:07;0;0
10-19-2010 13:08;0;0
10-19-2010 13:09;0;0
10-19-2010 13:10;0;0
10-19-2010 13:11;0;0
10-19-2010 13:12;0;0
10-19-2010 13:13;0;0
10-19-2010 13:14;0;0
10-19-2010 13:15;0;0
10-19-2010 13:16;0;0
10-19-2010 13:17;0;0
10-19-2010 13:18;0;0
10-19-2010 13:19;0;0
10-19-2010 13:20;0;0
10-19-2010 13:21;0;0
10-19-2010 13:22;0;0
10-19-2010 13:23;0;0
10-19-2010 13:24;0;0
10-19-2010 13:25;0;0
10-19-2010 13:26;0;0
10-19-2010 13:27;0;0
10-19-2010 13:28;0;0
10-19-2010 13:29;0;0
10-19-2010 13:30;0;0
10-19-2010 13:31;0;0
10-19-2010 13:32;0;0
10-19-2010 13:33;0;0
10-19-2010 13:34;0;0
10-19-2010 13:35;0;0
10-19-2010 13:36;0;0
10-19-2010 13:37;0;0
10-19-2010 13:38;0;0
10-19-2010 13:39;0;0
10-19-2010 13:40;0;0
10-19-2010 13:41;0;0
10-19-2010 13:42;0;0
10-19-2010 13:43;0;0
10-19-2010 13:44;0;0
10-19-2010 13:45;0;0
10-19-2010 13:46;0;0
10-19-2010 13:47;0;0
10-19-2010 13:48;0;0
10-19-2010 13:49;0;0
10-19-2010 13:50;0;0
10-19-2010 13:51;0;0
10-19-2010 13:52;0;0
10-19-2010 13:53;0;0
10-19-2010 13:54;0;0
10-19-2010 13:55;0;0
10-19-2010 13:56;0;0
10-19-2010 13:57;0;0
10-19-2010 13:58;0;0
10-19-2010 13:59;0;0
10-19-2010 14:00;4;0
10-19-2010 14:01;0;0
10-19-2010 14:02;0;0
10-19-2010 14:03;0;0
10-19-2010 14:04;0;0
10-19-2010 14:05;0;0
10-19-2010 14:06;0;0
10-19-2010 14:07;0;0
10-19-2010 14:08;0;0
10-19-2010 14:09;0;0
10-19-2010 14:10;0;0
10-19-2010 14:11;0;0
10-19-2010 14:12;0;0
10-19-2010 14:13;0;0
10-19-2010 14:14;0;0
10-19-2010 14:15;0;0
10-19-2010 14:16;0;0
10-19-2010 14:17;0;0
10-19-2010 14:18;0;0
10-19-2010 14:19;0;0
10-19-2010 14:20;0;0
10-19-2010 14:21;0;0
10-19-2010 14:22;0;0
10-19-2010 14:23;0;0
10-19-2010 14:24;0;0
10-19-2010 14:25;0;0
10-19-2010 14:26;0;0
10-19-2010 14:27;0;0
10-19-2010 14:28;0;0
10-19-2010 14:29;0;0
10-19-2010 14:30;0;0
10-19-2010 14:31;0;0
10-19-2010 14:32;0;0
10-19-2010 14:33;0;0
10-19-2010 14:34;0;0
10-19-2010 14:35;0;0
10-19-2010 14:36;0;0
10-19-2010 14:37;0;0
10-19-2010 14:38;0;0
10-19-2010 14:39;0;0
10-19-2010 14:40;0;0
10-19-2010 14:41;0;0
10-19-2010 14:42;0;0
10-19-2010 14:43;0;0
10-19-2010 14:44;0;0
10-19-2010 14:45;0;0
10-19-2010 14:46;0;0
10-19-2010 14:47;0;0
10-19-2010 14:48;0;0
10-19-2010 14:49;0;0
10-19-2010 14:50;0;0
10-19-2010 14:51;0;0
10-19-2010 14:52;0;0
10-19-2010 14:53;0;0
10-19-2010 14:54;0;0
10-19-2010 14:55;0;0
10-19-2010 14:56;0;0
10-19-2010 14:57;0;0
10-19-2010 14:58;0;0
10-19-2010 14:59;0;0
10-19-2010 15:00;0;0
10-19-2010 15:01;0;0
10-19-2010 15:02;0;0
10-19-2010 15:03;0;0
10-19-2010 15:04;0;0
10-19-2010 15:05;0;0
10-19-2010 15:06;0;0
10-19-2010 15:07;0;0
10-19-2010 15:08;0;0
10-19-2010 15:09;0;0
10-19-2010 15:10;0;0
10-19-2010 15:11;0;0
10-19-2010 15:12;0;0
10-19-2010 15:13;0;0
10-19-2010 15:14;1073;1
10-19-2010 15:15;154;0
10-19-2010 15:16;3;0
10-19-2010 15:17;143;0
10-19-2010 15:18;277;0
10-19-2010 15:19;121;0
10-19-2010 15:20;68;0
10-19-2010 15:21;0;0
10-19-2010 15:22;709;1
10-19-2010 15:23;129;0
10-19-2010 15:24;65;0
10-19-2010 15:25;26;0
10-19-2010 15:26;190;0
10-19-2010 15:27;53;0
10-19-2010 15:28;74;0
10-19-2010 15:29;0;0
10-19-2010 15:30;125;0
10-19-2010 15:31;468;0
10-19-2010 15:32;22;0
10-19-2010 15:33;205;0
10-19-2010 15:34;15;0
10-19-2010 15:35;806;1
10-19-2010 15:36;154;0
10-19-2010 15:37;227;0
10-19-2010 15:38;9;0
10-19-2010 15:39;3;0
10-19-2010 15:40;13;0
10-19-2010 15:41;13;0
10-19-2010 15:42;0;0
10-19-2010 15:43;0;0
10-19-2010 15:44;0;0
10-19-2010 15:45;397;0
10-19-2010 15:46;99;0
10-19-2010 15:47;37;0
10-19-2010 15:48;9;0
10-19-2010 15:49;19;0
10-19-2010 15:50;16;0
10-19-2010 15:51;250;0
10-19-2010 15:52;38;0
10-19-2010 15:53;0;0
10-19-2010 15:54;62;0
10-19-2010 15:55;190;0
10-19-2010 15:56;0;0
10-19-2010 15:57;103;0
10-19-2010 15:58;125;0
10-19-2010 15:59;372;0
10-19-2010 16:00;31;0
10-19-2010 16:01;16;0
10-19-2010 16:02;149;0
10-19-2010 16:03;4;0
10-19-2010 16:04;24;0
10-19-2010 16:05;234;0
10-19-2010 16:06;28;0
10-19-2010 16:07;99;0
10-19-2010 16:08;154;0
10-19-2010 16:09;107;0
10-19-2010 16:10;172;0
10-19-2010 16:11;499;0
10-19-2010 16:12;296;0
10-19-2010 16:13;19;0
10-19-2010 16:14;337;0
10-19-2010 16:15;94;0
10-19-2010 16:16;4;0
10-19-2010 16:17;10;0
10-19-2010 16:18;149;0
10-19-2010 16:19;360;0
10-19-2010 16:20;41;0
10-19-2010 16:21;184;0
10-19-2010 16:22;143;0
10-19-2010 16:23;285;0
10-19-2010 16:24;3;0
10-19-2010 16:25;154;0
10-19-2010 16:26;0;0
10-19-2010 16:27;21;0
10-19-2010 16:28;82;0
10-19-2010 16:29;0;0
10-19-2010 16:30;32;0
10-19-2010 16:31;28;0
10-19-2010 16:32;121;0
10-19-2010 16:33;56;0
10-19-2010 16:34;74;0
10-19-2010 16:35;79;0
10-19-2010 16:36;99;0
10-19-2010 16:37;0;0
10-19-2010 16:38;10;0
10-19-2010 16:39;91;0
10-19-2010 16:40;99;0
10-19-2010 16:41;16;0
10-19-2010 16:42;143;0
10-19-2010 16:43;0;0
10-19-2010 16:44;85;0
10-19-2010 16:45;277;0
10-19-2010 16:46;77;0
10-19-2010 16:47;0;0
10-19-2010 16:48;16;0
10-19-2010 16:49;22;0
10-19-2010 16:50;234;0
10-19-2010 16:51;7;0
10-19-2010 16:52;3;0
10-19-2010 16:53;384;0
10-19-2010 16:54;227;0
10-19-2010 16:55;285;0
10-19-2010 16:56;372;0
10-19-2010 16:57;28;0
10-19-2010 16:58;82;0
10-19-2010 16:59;26;0
10-19-2010 17:00;154;0
10-19-2010 17:01;99;0
10-19-2010 17:02;0;0
10-19-2010 17:03;77;0
10-19-2010 17:04;10;0
10-19-2010 17:05;3;0
10-19-2010 17:06;26;0
10-19-2010 17:07;71;0
10-19-2010 17:08;88;0
10-19-2010 17:09;0;0
10-19-2010 17:10;138;0
10-19-2010 17:11;94;0
10-19-2010 17:12;285;0
10-19-2010 17:13;32;0
10-19-2010 17:14;56;0
10-19-2010 17:15;205;0
10-19-2010 17:16;46;0
10-19-2010 17:17;68;0
10-19-2010 17:18;0;0
10-19-2010 17:19;0;0
10-19-2010 17:20;0;0
10-19-2010 17:21;50;0
10-19-2010 17:22;25;0
10-19-2010 17:23;10;0
10-19-2010 17:24;125;0
10-19-2010 17:25;166;0
10-19-2010 17:26;0;0
10-19-2010 17:27;77;0
10-19-2010 17:28;56;0
10-19-2010 17:29;62;0
10-19-2010 17:30;37;0
10-19-2010 17:31;0;0
10-19-2010 17:32;0;0
10-19-2010 17:33;50;0
10-19-2010 17:34;18;0
10-19-2010 17:35;74;0
10-19-2010 17:36;129;0
10-19-2010 17:37;59;0
10-19-2010 17:38;82;0
10-19-2010 17:39;79;0
10-19-2010 17:40;38;0
10-19-2010 17:41;77;0
10-19-2010 17:42;82;0
10-19-2010 17:43;74;0
10-19-2010 17:44;3;0
10-19-2010 17:45;0;0
10-19-2010 17:46;16;0
10-19-2010 17:47;0;0
10-19-2010 17:48;0;0
10-19-2010 17:49;0;0
10-19-2010 17:50;0;0
10-19-2010 17:51;360;0
10-19-2010 17:52;6;0
10-19-2010 17:53;0;0
10-19-2010 17:54;0;0
10-19-2010 17:55;40;0
10-19-2010 17:56;79;0
10-19-2010 17:57;205;0
10-19-2010 17:58;384;0
10-19-2010 17:59;531;0
10-19-2010 18:00;410;0
10-19-2010 18:01;306;0
10-19-2010 18:02;0;0
10-19-2010 18:03;0;0
10-19-2010 18:04;0;0
10-19-2010 18:05;0;0
10-19-2010 18:06;0;0
10-19-2010 18:07;0;0
10-19-2010 18:08;43;0
10-19-2010 18:09;0;0
10-19-2010 18:10;47;0
10-19-2010 18:11;3;0
10-19-2010 18:12;12;0
10-19-2010 18:13;0;0
10-19-2010 18:14;24;0
10-19-2010 18:15;6;0
10-19-2010 18:16;0;0
10-19-2010 18:17;0;0
10-19-2010 18:18;103;0
10-19-2010 18:19;160;0
10-19-2010 18:20;644;0
10-19-2010 18:21;15;0
10-19-2010 18:22;13;0
10-19-2010 18:23;22;0
10-19-2010 18:24;22;0
10-19-2010 18:25;121;0
10-19-2010 18:26;1564;1
10-19-2010 18:27;306;0
10-19-2010 18:28;0;0
10-19-2010 18:29;0;0
10-19-2010 18:30;0;0
10-19-2010 18:31;3;0
10-19-2010 18:32;0;0
10-19-2010 18:33;0;0
10-19-2010 18:34;0;0
10-19-2010 18:35;0;0
10-19-2010 18:36;0;0
10-19-2010 18:37;0;0
10-19-2010 18:38;166;0
10-19-2010 18:39;0;0
10-19-2010 18:40;0;0
10-19-2010 18:41;0;0
10-19-2010 18:42;0;0
10-19-2010 18:43;0;0
10-19-2010 18:44;0;0
10-19-2010 18:45;0;0
10-19-2010 18:46;0;0
10-19-2010 18:47;0;0
10-19-2010 18:48;129;0
10-19-2010 18:49;0;0
10-19-2010 18:50;0;0
10-19-2010 18:51;0;0
10-19-2010 18:52;0;0
10-19-2010 18:53;0;0
10-19-2010 18:54;0;0
10-19-2010 18:55;190;0
10-19-2010 18:56;0;0
10-19-2010 18:57;197;0
10-19-2010 18:58;154;0
10-19-2010 18:59;0;0
